t_host_mono_ns,t_rel_s,phase,q_cmd_rad,kp,kd,q_real_rad,dq_real,tau_real_nm
199180576992600,4e-07,ramp,-0.0040054932478827965,1.866666666666667e-05,2.0,-0.0040054932478827965,0.010989010989007397,-0.004884004884004867
199180578567300,0.0015751,ramp,-0.0040054932478827965,0.07350466666666666,2.0,-0.0040054932478827965,0.010989010989007397,-0.004884004884004867
199180579477200,0.002485,ramp,-0.0040054932478827965,0.11596666666666666,2.0,-0.0040054932478827965,0.010989010989007397,-0.004884004884004867
199180580474900,0.0034827,ramp,-0.0040054932478827965,0.162526,2.0,-0.0040054932478827965,0.010989010989007397,-0.004884004884004867
199180581495200,0.004503,ramp,-0.0040054932478827965,0.21014000000000002,2.0,-0.0040054932478827965,0.010989010989007397,-0.004884004884004867
199180582505000,0.0055128,ramp,-0.0040054932478827965,0.257264,2.0,-0.0040054932478827965,0.010989010989007397,-0.004884004884004867
199180583558800,0.0065666,ramp,-0.0040054932478827965,0.30644133333333334,2.0,-0.0040054932478827965,0.010989010989007397,-0.004884004884004867
199180584495300,0.0075031,ramp,-0.0040054932478827965,0.35014466666666666,2.0,-0.0040054932478827965,0.010989010989007397,-0.004884004884004867
199180585523700,0.0085315,ramp,-0.0040054932478827965,0.39813666666666664,2.0,-0.0040054932478827965,0.010989010989007397,-0.004884004884004867
199180586515800,0.0095236,ramp,-0.0040054932478827965,0.44443466666666664,2.0,-0.0040054932478827965,0.010989010989007397,-0.004884004884004867
199180587544500,0.0105523,ramp,-0.0040054932478827965,0.4924406666666667,2.0,-0.0040054932478827965,0.010989010989007397,-0.004884004884004867
199180588541000,0.0115488,ramp,-0.0040054932478827965,0.5389440000000001,2.0,-0.0040054932478827965,0.010989010989007397,-0.004884004884004867
199180589545000,0.0125528,ramp,-0.0040054932478827965,0.5857973333333333,2.0,-0.0040054932478827965,0.010989010989007397,-0.004884004884004867
199180590565100,0.0135729,ramp,-0.0040054932478827965,0.633402,2.0,-0.0040054932478827965,0.010989010989007397,-0.004884004884004867
199180591562300,0.0145701,ramp,-0.0040054932478827965,0.6799379999999999,2.0,-0.0040054932478827965,0.010989010989007397,-0.004884004884004867
199180592585200,0.015593,ramp,-0.0040054932478827965,0.7276733333333333,2.0,-0.0040054932478827965,0.010989010989007397,-0.004884004884004867
199180593678300,0.0166861,ramp,-0.0040054932478827965,0.7786846666666667,2.0,-0.0040054932478827965,-0.010989010989007397,-0.004884004884004867
199180594093000,0.0171008,ramp,-0.0040054932478827965,0.7980373333333334,2.0,-0.0040054932478827965,-0.010989010989007397,-0.0146520146520146
199180595117800,0.0181256,ramp,-0.0040054932478827965,0.8458613333333334,2.0,-0.0040054932478827965,-0.010989010989007397,-0.0146520146520146
199180596112900,0.0191207,ramp,-0.0040054932478827965,0.8922993333333333,2.0,-0.0040054932478827965,-0.010989010989007397,-0.0146520146520146
199180597799200,0.020807,ramp,-0.0040054932478827965,0.9709933333333333,2.0,-0.0040054932478827965,-0.010989010989007397,-0.0146520146520146
199180598430400,0.0214382,ramp,-0.0040054932478827965,1.0004493333333335,2.0,-0.0040054932478827965,-0.010989010989007397,-0.0146520146520146
199180599471600,0.0224794,ramp,-0.0040054932478827965,1.0490386666666667,2.0,-0.0040054932478827965,-0.010989010989007397,-0.0146520146520146
199180600452500,0.0234603,ramp,-0.0040054932478827965,1.0948140000000002,2.0,-0.0040054932478827965,-0.010989010989007397,-0.0146520146520146
199180601473100,0.0244809,ramp,-0.0040054932478827965,1.142442,2.0,-0.0040054932478827965,-0.010989010989007397,-0.0146520146520146
199180602487000,0.0254948,ramp,-0.0040054932478827965,1.1897573333333333,2.0,-0.0040054932478827965,-0.010989010989007397,-0.0146520146520146
199180603512400,0.0265202,ramp,-0.0040054932478827965,1.2376093333333333,2.0,-0.0040054932478827965,-0.010989010989007397,-0.0146520146520146
199180604484800,0.0274926,ramp,-0.0040054932478827965,1.282988,2.0,-0.0040054932478827965,-0.010989010989007397,-0.0146520146520146
199180605529900,0.0285377,ramp,-0.0040054932478827965,1.3317593333333333,2.0,-0.0040054932478827965,-0.010989010989007397,-0.0146520146520146
199180606570700,0.0295785,ramp,-0.0040054932478827965,1.38033,2.0,-0.0040054932478827965,-0.010989010989007397,-0.0146520146520146
199180607590300,0.0305981,ramp,-0.0040054932478827965,1.4279113333333333,2.0,-0.0040054932478827965,-0.010989010989007397,-0.0146520146520146
199180608590300,0.0315981,ramp,-0.0040054932478827965,1.4745780000000002,2.0,-0.0040054932478827965,-0.010989010989007397,-0.0146520146520146
199180609142900,0.0321507,ramp,-0.0040054932478827965,1.500366,2.0,-0.0040054932478827965,-0.010989010989007397,-0.0146520146520146
199180610783800,0.0337916,ramp,-0.0040054932478827965,1.5769413333333333,2.0,-0.0040054932478827965,-0.010989010989007397,-0.0146520146520146
199180611412600,0.0344204,ramp,-0.0040054932478827965,1.6062853333333333,2.0,-0.0040054932478827965,-0.010989010989007397,-0.0146520146520146
199180612436200,0.035444,ramp,-0.0040054932478827965,1.6540533333333334,2.0,-0.0040054932478827965,-0.010989010989007397,-0.0146520146520146
199180613431100,0.0364389,ramp,-0.0040054932478827965,1.700482,2.0,-0.0040054932478827965,-0.010989010989007397,-0.0146520146520146
199180614459400,0.0374672,ramp,-0.0040054932478827965,1.7484693333333332,2.0,-0.0040054932478827965,-0.010989010989007397,-0.0146520146520146
199180615452300,0.0384601,ramp,-0.0040054932478827965,1.7948046666666666,2.0,-0.0040054932478827965,-0.010989010989007397,-0.0146520146520146
199180616495900,0.0395037,ramp,-0.0040054932478827965,1.8435059999999999,2.0,-0.0040054932478827965,-0.010989010989007397,-0.0146520146520146
199180617467600,0.0404754,ramp,-0.0040054932478827965,1.8888520000000002,2.0,-0.0040054932478827965,-0.010989010989007397,-0.0146520146520146
199180618491100,0.0414989,ramp,-0.0040054932478827965,1.9366153333333331,2.0,-0.0040054932478827965,-0.010989010989007397,-0.0146520146520146
199180619487700,0.0424955,ramp,-0.0040054932478827965,1.9831233333333333,2.0,-0.0040054932478827965,-0.010989010989007397,-0.0146520146520146
199180620532600,0.0435404,ramp,-0.0040054932478827965,2.0318853333333333,2.0,-0.0040054932478827965,-0.010989010989007397,-0.0146520146520146
199180621505500,0.0445133,ramp,-0.0040054932478827965,2.077287333333333,2.0,-0.0040054932478827965,-0.010989010989007397,-0.0146520146520146
199180622526100,0.0455339,ramp,-0.0040054932478827965,2.1249153333333335,2.0,-0.0040054932478827965,-0.010989010989007397,-0.0146520146520146
199180623548800,0.0465566,ramp,-0.0040054932478827965,2.1726413333333334,2.0,-0.0040054932478827965,-0.010989010989007397,-0.0146520146520146
199180624603800,0.0476116,ramp,-0.0040054932478827965,2.221874666666667,2.0,-0.0040054932478827965,-0.010989010989007397,-0.0146520146520146
199180625558300,0.0485661,ramp,-0.0040054932478827965,2.266418,2.0,-0.0040054932478827965,-0.010989010989007397,-0.0146520146520146
199180626574600,0.0495824,ramp,-0.0040054932478827965,2.313845333333333,2.0,-0.0040054932478827965,-0.010989010989007397,-0.0146520146520146
199180627594300,0.0506021,ramp,-0.0040054932478827965,2.3614313333333334,2.0,-0.0040054932478827965,-0.010989010989007397,-0.0146520146520146
199180628599600,0.0516074,ramp,-0.0040054932478827965,2.408345333333333,2.0,-0.0040054932478827965,-0.010989010989007397,-0.0146520146520146
199180629590000,0.0525978,ramp,-0.0040054932478827965,2.454564,2.0,-0.0040054932478827965,-0.010989010989007397,-0.0146520146520146
199180630594500,0.0536023,ramp,-0.0040054932478827965,2.5014406666666664,2.0,-0.0040054932478827965,-0.010989010989007397,-0.0146520146520146
199180631597900,0.0546057,ramp,-0.0040054932478827965,2.548266,2.0,-0.0040054932478827965,-0.010989010989007397,-0.0146520146520146
199180632642800,0.0556506,ramp,-0.0040054932478827965,2.597028,2.0,-0.0040054932478827965,-0.010989010989007397,-0.0146520146520146
199180633613000,0.0566208,ramp,-0.0040054932478827965,2.6423039999999998,2.0,-0.0040054932478827965,-0.010989010989007397,-0.0146520146520146
199180634219900,0.0572277,ramp,-0.0040054932478827965,2.6706260000000004,2.0,-0.0040054932478827965,-0.010989010989007397,-0.0146520146520146
199180635238900,0.0582467,ramp,-0.0040054932478827965,2.7181793333333335,2.0,-0.0040054932478827965,-0.010989010989007397,-0.0146520146520146
199180636230500,0.0592383,ramp,-0.0040054932478827965,2.7644539999999997,2.0,-0.0040054932478827965,-0.010989010989007397,-0.0146520146520146
199180637231700,0.0602395,ramp,-0.0040054932478827965,2.8111766666666664,2.0,-0.0040054932478827965,-0.010989010989007397,-0.0146520146520146
199180638250100,0.0612579,ramp,-0.0040054932478827965,2.858702,2.0,-0.0040054932478827965,-0.010989010989007397,-0.0146520146520146
199180639303100,0.0623109,ramp,-0.0040054932478827965,2.907842,2.0,-0.0040054932478827965,-0.010989010989007397,-0.0146520146520146
199180640272500,0.0632803,ramp,-0.0040054932478827965,2.9530806666666667,2.0,-0.0040054932478827965,-0.010989010989007397,-0.0146520146520146
199180641300200,0.064308,ramp,-0.0040054932478827965,3.0010399999999997,2.0,-0.0040054932478827965,-0.010989010989007397,-0.0146520146520146
199180642314400,0.0653222,ramp,-0.0040054932478827965,3.0483693333333335,2.0,-0.0040054932478827965,-0.010989010989007397,-0.0146520146520146
199180643312600,0.0663204,ramp,-0.0040054932478827965,3.0949519999999997,2.0,-0.0040054932478827965,-0.010989010989007397,-0.0146520146520146
199180644372600,0.0673804,ramp,-0.0040054932478827965,3.1444186666666667,2.0,-0.0040054932478827965,-0.010989010989007397,-0.0146520146520146
199180645384300,0.0683921,ramp,-0.0040054932478827965,3.191631333333333,2.0,-0.0040054932478827965,-0.010989010989007397,-0.0146520146520146
199180646538900,0.0695467,ramp,-0.0040054932478827965,3.2455126666666665,2.0,-0.0040054932478827965,-0.010989010989007397,-0.0146520146520146
199180647560700,0.0705685,ramp,-0.0040054932478827965,3.2931966666666668,2.0,-0.0040054932478827965,-0.010989010989007397,-0.0146520146520146
199180648763700,0.0717715,ramp,-0.0040054932478827965,3.349336666666667,2.0,-0.0040054932478827965,-0.010989010989007397,-0.0146520146520146
199180649424700,0.0724325,ramp,-0.0040054932478827965,3.380183333333333,2.0,-0.0040054932478827965,-0.010989010989007397,-0.0146520146520146
199180650434400,0.0734422,ramp,-0.0040054932478827965,3.4273026666666664,2.0,-0.0040054932478827965,-0.010989010989007397,-0.0146520146520146
199180651995500,0.0750033,ramp,-0.0040054932478827965,3.5001539999999998,2.0,-0.0040054932478827965,-0.010989010989007397,-0.0146520146520146
199180652148400,0.0751562,ramp,-0.0040054932478827965,3.5072893333333335,2.0,-0.0040054932478827965,-0.010989010989007397,-0.0146520146520146
199180653341600,0.0763494,ramp,-0.0040054932478827965,3.5629720000000002,2.0,-0.0040054932478827965,-0.010989010989007397,-0.0146520146520146
199180654301400,0.0773092,ramp,-0.0040054932478827965,3.607762666666667,2.0,-0.0040054932478827965,-0.010989010989007397,-0.0146520146520146
199180655402000,0.0784098,ramp,-0.0040054932478827965,3.659124,2.0,-0.0040054932478827965,-0.010989010989007397,-0.0146520146520146
199180656464800,0.0794726,ramp,-0.0040054932478827965,3.7087213333333335,2.0,-0.0040054932478827965,-0.010989010989007397,-0.0146520146520146
199180657610800,0.0806186,ramp,-0.0040054932478827965,3.7622013333333335,2.0,-0.0040054932478827965,-0.010989010989007397,-0.0146520146520146
199180658778500,0.0817863,ramp,-0.0040054932478827965,3.816694,2.0,-0.0040054932478827965,-0.010989010989007397,-0.0146520146520146
199180659452100,0.0824599,ramp,-0.0040054932478827965,3.8481286666666668,2.0,-0.0040054932478827965,-0.010989010989007397,-0.0146520146520146
199180660457200,0.083465,ramp,-0.0040054932478827965,3.895033333333333,2.0,-0.0040054932478827965,-0.010989010989007397,-0.0146520146520146
199180661536500,0.0845443,ramp,-0.0040054932478827965,3.9454006666666666,2.0,-0.0040054932478827965,-0.010989010989007397,-0.0146520146520146
199180662695000,0.0857028,ramp,-0.0040054932478827965,3.9994639999999997,2.0,-0.0040054932478827965,-0.010989010989007397,-0.0146520146520146
199180663334900,0.0863427,ramp,-0.0040054932478827965,4.029325999999999,2.0,-0.0040054932478827965,-0.010989010989007397,-0.0146520146520146
199180664337800,0.0873456,ramp,-0.0040054932478827965,4.076128000000001,2.0,-0.0040054932478827965,-0.010989010989007397,-0.0146520146520146
199180665440500,0.0884483,ramp,-0.0040054932478827965,4.1275873333333335,2.0,-0.0040054932478827965,-0.010989010989007397,-0.0146520146520146
199180666595900,0.0896037,ramp,-0.0040054932478827965,4.181506,2.0,-0.0040054932478827965,-0.010989010989007397,-0.0146520146520146
199180667596500,0.0906043,ramp,-0.0040054932478827965,4.228200666666667,2.0,-0.0040054932478827965,-0.010989010989007397,-0.0146520146520146
199180668789800,0.0917976,ramp,-0.0040054932478827965,4.283888,2.0,-0.0040054932478827965,-0.010989010989007397,-0.0146520146520146
199180669480100,0.0924879,ramp,-0.0040054932478827965,4.316102,2.0,-0.0040054932478827965,-0.010989010989007397,-0.0146520146520146
199180670548500,0.0935563,ramp,-0.0040054932478827965,4.365960666666667,2.0,-0.0040054932478827965,-0.010989010989007397,-0.0146520146520146
199180671686300,0.0946941,ramp,-0.0040054932478827965,4.419058,2.0,-0.0040054932478827965,-0.010989010989007397,-0.0146520146520146
199180672305300,0.0953131,ramp,-0.0040054932478827965,4.447944666666666,2.0,-0.0040054932478827965,-0.010989010989007397,-0.0146520146520146
199180673339200,0.096347,ramp,-0.0040054932478827965,4.496193333333333,2.0,-0.0040054932478827965,-0.010989010989007397,-0.0146520146520146
199180674324100,0.0973319,ramp,-0.0040054932478827965,4.5421553333333335,2.0,-0.0040054932478827965,-0.010989010989007397,-0.0146520146520146
199180675332700,0.0983405,ramp,-0.0040054932478827965,4.589223333333333,2.0,-0.0040054932478827965,-0.010989010989007397,-0.0146520146520146
199180676333200,0.099341,ramp,-0.0040054932478827965,4.635913333333334,2.0,-0.0040054932478827965,-0.010989010989007397,-0.0146520146520146
199180677356100,0.1003639,ramp,-0.0040054932478827965,4.683648666666667,2.0,-0.0040054932478827965,-0.010989010989007397,-0.0146520146520146
199180678351300,0.1013591,ramp,-0.0040054932478827965,4.730091333333333,2.0,-0.0040054932478827965,-0.010989010989007397,-0.0146520146520146
199180679357200,0.102365,ramp,-0.0040054932478827965,4.777033333333334,2.0,-0.0040054932478827965,-0.010989010989007397,-0.0146520146520146
199180680461200,0.103469,ramp,-0.0040054932478827965,4.828553333333334,2.0,-0.0040054932478827965,-0.010989010989007397,-0.0146520146520146
199180681737000,0.1047448,ramp,-0.0040054932478827965,4.888090666666667,2.0,-0.0040054932478827965,-0.010989010989007397,-0.0146520146520146
199180682361500,0.1053693,ramp,-0.0040054932478827965,4.9172340000000005,2.0,-0.0040054932478827965,-0.010989010989007397,-0.0146520146520146
199180683368200,0.106376,ramp,-0.0040054932478827965,4.964213333333333,2.0,-0.0040054932478827965,-0.010989010989007397,-0.0146520146520146
199180684454800,0.1074626,ramp,-0.0040054932478827965,5.014921333333334,2.0,-0.0040054932478827965,-0.010989010989007397,-0.0146520146520146
199180685484700,0.1084925,ramp,-0.0040054932478827965,5.062983333333333,2.0,-0.0040054932478827965,-0.010989010989007397,-0.0146520146520146
199180686584600,0.1095924,ramp,-0.0040054932478827965,5.114312,2.0,-0.0040054932478827965,-0.010989010989007397,-0.0146520146520146
199180687737800,0.1107456,ramp,-0.0040054932478827965,5.168127999999999,2.0,-0.0040054932478827965,-0.010989010989007397,-0.0146520146520146
199180688367000,0.1113748,ramp,-0.0040054932478827965,5.197490666666667,2.0,-0.0040054932478827965,-0.010989010989007397,-0.0146520146520146
199180689428100,0.1124359,ramp,-0.0040054932478827965,5.247008666666667,2.0,-0.0040054932478827965,-0.010989010989007397,-0.0146520146520146
199180690389400,0.1133972,ramp,-0.0040054932478827965,5.291869333333333,2.0,-0.0040054932478827965,-0.010989010989007397,-0.0146520146520146
199180691433400,0.1144412,ramp,-0.0040054932478827965,5.340589333333334,2.0,-0.0040054932478827965,-0.010989010989007397,-0.0146520146520146
199180692449900,0.1154577,ramp,-0.0040054932478827965,5.388026,2.0,-0.0040054932478827965,-0.010989010989007397,-0.0146520146520146
199180693459100,0.1164669,ramp,-0.0040054932478827965,5.435122,2.0,-0.0040054932478827965,-0.010989010989007397,-0.0146520146520146
199180694443500,0.1174513,ramp,-0.0040054932478827965,5.481060666666667,2.0,-0.0040054932478827965,-0.010989010989007397,-0.0146520146520146
199180695470300,0.1184781,ramp,-0.0040054932478827965,5.5289779999999995,2.0,-0.0040054932478827965,-0.010989010989007397,-0.0146520146520146
199180696460900,0.1194687,ramp,-0.0040054932478827965,5.575206,2.0,-0.0040054932478827965,-0.010989010989007397,-0.0146520146520146
199180697484400,0.1204922,ramp,-0.0040054932478827965,5.622969333333333,2.0,-0.0040054932478827965,-0.010989010989007397,-0.0146520146520146
199180698479000,0.1214868,ramp,-0.0040054932478827965,5.669384,2.0,-0.0040054932478827965,-0.010989010989007397,-0.0146520146520146
199180699505600,0.1225134,ramp,-0.0040054932478827965,5.7172920000000005,2.0,-0.0040054932478827965,-0.010989010989007397,-0.0146520146520146
199180700534700,0.1235425,ramp,-0.0040054932478827965,5.765316666666667,2.0,-0.0040054932478827965,-0.010989010989007397,-0.0146520146520146
199180701641200,0.124649,ramp,-0.0040054932478827965,5.816953333333333,2.0,-0.0040054932478827965,-0.010989010989007397,-0.0146520146520146
199180702517200,0.125525,ramp,-0.0040054932478827965,5.857833333333334,2.0,-0.004386968795300206,-0.010989010989007397,-0.03418803418803407
199180703548200,0.126556,ramp,-0.0040054932478827965,5.905946666666667,2.0,-0.004386968795300206,-0.010989010989007397,-0.03418803418803407
199180704539300,0.1275471,ramp,-0.0040054932478827965,5.952198,2.0,-0.004386968795300206,-0.010989010989007397,-0.03418803418803407
199180705540400,0.1285482,ramp,-0.0040054932478827965,5.9989159999999995,2.0,-0.004386968795300206,-0.010989010989007397,-0.03418803418803407
199180706591100,0.1295989,ramp,-0.0040054932478827965,6.047948666666667,2.0,-0.004386968795300206,-0.010989010989007397,-0.03418803418803407
199180707600500,0.1306083,ramp,-0.0040054932478827965,6.095054,2.0,-0.004386968795300206,-0.010989010989007397,-0.03418803418803407
199180708578400,0.1315862,ramp,-0.0040054932478827965,6.140689333333333,2.0,-0.004386968795300206,-0.010989010989007397,-0.03418803418803407
199180709599900,0.1326077,ramp,-0.0040054932478827965,6.188359333333333,2.0,-0.004386968795300206,-0.010989010989007397,-0.03418803418803407
199180710620000,0.1336278,ramp,-0.0040054932478827965,6.235964,2.0,-0.004386968795300206,-0.010989010989007397,-0.03418803418803407
199180711653600,0.1346614,ramp,-0.0040054932478827965,6.284198666666667,2.0,-0.004386968795300206,-0.010989010989007397,-0.03418803418803407
199180712249800,0.1352576,ramp,-0.0040054932478827965,6.312021333333334,2.0,-0.004386968795300206,-0.010989010989007397,-0.03418803418803407
199180713294100,0.1363019,ramp,-0.0040054932478827965,6.360755333333333,2.0,-0.004386968795300206,-0.010989010989007397,-0.03418803418803407
199180714297200,0.137305,ramp,-0.0040054932478827965,6.407566666666667,2.0,-0.004386968795300206,-0.010989010989007397,-0.03418803418803407
199180715274900,0.1382827,ramp,-0.0040054932478827965,6.453192666666666,2.0,-0.004386968795300206,-0.010989010989007397,-0.03418803418803407
199180716313300,0.1393211,ramp,-0.0040054932478827965,6.501651333333333,2.0,-0.004386968795300206,-0.010989010989007397,-0.03418803418803407
199180717401400,0.1404092,ramp,-0.0040054932478827965,6.552429333333333,2.0,-0.004386968795300206,-0.010989010989007397,-0.03418803418803407
199180718312700,0.1413205,ramp,-0.0040054932478827965,6.594956666666667,2.0,-0.004386968795300206,-0.010989010989007397,-0.03418803418803407
199180719338000,0.1423458,ramp,-0.0040054932478827965,6.642804,2.0,-0.004386968795300206,-0.010989010989007397,-0.03418803418803407
199180720388100,0.1433959,ramp,-0.0040054932478827965,6.691808666666667,2.0,-0.004386968795300206,-0.010989010989007397,-0.03418803418803407
199180721411900,0.1444197,ramp,-0.0040054932478827965,6.739586,2.0,-0.004386968795300206,-0.010989010989007397,-0.03418803418803407
199180722391100,0.1453989,ramp,-0.0040054932478827965,6.7852820000000005,2.0,-0.004386968795300206,-0.010989010989007397,-0.03418803418803407
199180723590100,0.1465979,ramp,-0.0040054932478827965,6.841235333333334,2.0,-0.004386968795300206,-0.010989010989007397,-0.03418803418803407
199180724566000,0.1475738,ramp,-0.0040054932478827965,6.886777333333333,2.0,-0.004386968795300206,-0.010989010989007397,-0.03418803418803407
199180725805300,0.1488131,ramp,-0.0040054932478827965,6.9446113333333335,2.0,-0.004386968795300206,-0.010989010989007397,-0.03418803418803407
199180726435300,0.1494431,ramp,-0.0040054932478827965,6.974011333333333,2.0,-0.004386968795300206,-0.010989010989007397,-0.03418803418803407
199180727474800,0.1504826,ramp,-0.0040054932478827965,7.022521333333334,2.0,-0.004386968795300206,-0.010989010989007397,-0.03418803418803407
199180728646400,0.1516542,ramp,-0.0040054932478827965,7.077196000000001,2.0,-0.004386968795300206,-0.010989010989007397,-0.03418803418803407
199180729235100,0.1522429,ramp,-0.0040054932478827965,7.104668666666666,2.0,-0.004386968795300206,-0.010989010989007397,-0.03418803418803407
199180730244900,0.1532527,ramp,-0.0040054932478827965,7.151792666666666,2.0,-0.004386968795300206,-0.010989010989007397,-0.03418803418803407
199180731433500,0.1544413,ramp,-0.0040054932478827965,7.2072606666666665,2.0,-0.004386968795300206,-0.010989010989007397,-0.03418803418803407
199180732386600,0.1553944,ramp,-0.0040054932478827965,7.251738666666666,2.0,-0.004386968795300206,-0.010989010989007397,-0.03418803418803407
199180733497400,0.1565052,ramp,-0.0040054932478827965,7.3035760000000005,2.0,-0.004386968795300206,-0.010989010989007397,-0.03418803418803407
199180734552200,0.15756,ramp,-0.0040054932478827965,7.3528,2.0,-0.004386968795300206,-0.010989010989007397,-0.03418803418803407
199180735694700,0.1587025,ramp,-0.0040054932478827965,7.406116666666666,2.0,-0.004386968795300206,-0.010989010989007397,-0.03418803418803407
199180736338200,0.159346,ramp,-0.0040054932478827965,7.436146666666668,2.0,-0.004386968795300206,-0.010989010989007397,-0.03418803418803407
199180737364900,0.1603727,ramp,-0.0040054932478827965,7.484059333333334,2.0,-0.004386968795300206,-0.010989010989007397,-0.03418803418803407
199180738496400,0.1615042,ramp,-0.0040054932478827965,7.536862666666666,2.0,-0.004386968795300206,-0.010989010989007397,-0.03418803418803407
199180739553900,0.1625617,ramp,-0.0040054932478827965,7.5862126666666665,2.0,-0.004386968795300206,-0.010989010989007397,-0.03418803418803407
199180740696200,0.163704,ramp,-0.0040054932478827965,7.639520000000001,2.0,-0.004386968795300206,-0.010989010989007397,-0.03418803418803407
199180741324500,0.1643323,ramp,-0.0040054932478827965,7.668840666666667,2.0,-0.004386968795300206,-0.010989010989007397,-0.03418803418803407
199180742347000,0.1653548,ramp,-0.0040054932478827965,7.716557333333334,2.0,-0.004386968795300206,-0.010989010989007397,-0.03418803418803407
199180743554400,0.1665622,ramp,-0.0040054932478827965,7.772902666666667,2.0,-0.004386968795300206,-0.010989010989007397,-0.03418803418803407
199180744718400,0.1677262,ramp,-0.0040054932478827965,7.8272226666666675,2.0,-0.004386968795300206,-0.010989010989007397,-0.03418803418803407
199180745344600,0.1683524,ramp,-0.0040054932478827965,7.856445333333334,2.0,-0.004386968795300206,-0.010989010989007397,-0.03418803418803407
199180746350600,0.1693584,ramp,-0.0040054932478827965,7.903392,2.0,-0.004386968795300206,-0.010989010989007397,-0.03418803418803407
199180747456100,0.1704639,ramp,-0.0040054932478827965,7.954981999999999,2.0,-0.004386968795300206,-0.010989010989007397,-0.03418803418803407
199180748719000,0.1717268,ramp,-0.0040054932478827965,8.013917333333334,2.0,-0.004386968795300206,-0.010989010989007397,-0.03418803418803407
199180749852200,0.17286,ramp,-0.0040054932478827965,8.0668,2.0,-0.004386968795300206,-0.010989010989007397,-0.03418803418803407
199180750489800,0.1734976,ramp,-0.0040054932478827965,8.096554666666666,2.0,-0.004386968795300206,-0.010989010989007397,-0.03418803418803407
199180751493200,0.174501,ramp,-0.0040054932478827965,8.14338,2.0,-0.004386968795300206,-0.010989010989007397,-0.03418803418803407
199180752588800,0.1755966,ramp,-0.0040054932478827965,8.194508,2.0,-0.004386968795300206,-0.010989010989007397,-0.03418803418803407
199180753798000,0.1768058,ramp,-0.0040054932478827965,8.250937333333333,2.0,-0.004386968795300206,-0.010989010989007397,-0.03418803418803407
199180754484900,0.1774927,ramp,-0.0040054932478827965,8.282992666666667,2.0,-0.004386968795300206,-0.010989010989007397,-0.03418803418803407
199180755464300,0.1784721,ramp,-0.0040054932478827965,8.328698,2.0,-0.004386968795300206,-0.010989010989007397,-0.03418803418803407
199180756638900,0.1796467,ramp,-0.0040054932478827965,8.383512666666666,2.0,-0.004386968795300206,-0.010989010989007397,-0.03418803418803407
199180757252900,0.1802607,ramp,-0.0040054932478827965,8.412166,2.0,-0.004386968795300206,-0.010989010989007397,-0.03418803418803407
199180758259000,0.1812668,ramp,-0.0040054932478827965,8.459117333333333,2.0,-0.004386968795300206,-0.010989010989007397,-0.03418803418803407
199180759365200,0.182373,ramp,-0.0040054932478827965,8.510739999999998,2.0,-0.004386968795300206,-0.010989010989007397,-0.03418803418803407
199180760419400,0.1834272,ramp,-0.0040054932478827965,8.559936,2.0,-0.004386968795300206,-0.010989010989007397,-0.03418803418803407
199180761725600,0.1847334,ramp,-0.0040054932478827965,8.620892000000001,2.0,-0.004386968795300206,-0.010989010989007397,-0.03418803418803407
199180762331500,0.1853393,ramp,-0.0040054932478827965,8.649167333333335,2.0,-0.004386968795300206,-0.010989010989007397,-0.03418803418803407
199180763338200,0.186346,ramp,-0.0040054932478827965,8.696146666666667,2.0,-0.004386968795300206,-0.010989010989007397,-0.03418803418803407
199180764479700,0.1874875,ramp,-0.0040054932478827965,8.749416666666665,2.0,-0.004386968795300206,-0.010989010989007397,-0.03418803418803407
199180765710900,0.1887187,ramp,-0.0040054932478827965,8.806872666666665,2.0,-0.004386968795300206,-0.010989010989007397,-0.03418803418803407
199180766340100,0.1893479,ramp,-0.0040054932478827965,8.836235333333333,2.0,-0.004386968795300206,-0.010989010989007397,-0.03418803418803407
199180767369800,0.1903776,ramp,-0.0040054932478827965,8.884288000000002,2.0,-0.004386968795300206,-0.010989010989007397,-0.03418803418803407
199180768563200,0.191571,ramp,-0.0040054932478827965,8.93998,2.0,-0.004386968795300206,-0.010989010989007397,-0.03418803418803407
199180769538300,0.1925461,ramp,-0.0040054932478827965,8.985484666666666,2.0,-0.004386968795300206,-0.010989010989007397,-0.03418803418803407
199180770695900,0.1937037,ramp,-0.0040054932478827965,9.039506,2.0,-0.004386968795300206,-0.010989010989007397,-0.03418803418803407
199180771355600,0.1943634,ramp,-0.0040054932478827965,9.070291999999998,2.0,-0.004386968795300206,-0.010989010989007397,-0.03418803418803407
199180772400700,0.1954085,ramp,-0.0040054932478827965,9.119063333333333,2.0,-0.004386968795300206,-0.010989010989007397,-0.03418803418803407
199180773505300,0.1965131,ramp,-0.0040054932478827965,9.170611333333333,2.0,-0.004386968795300206,-0.010989010989007397,-0.03418803418803407
199180774614000,0.1976218,ramp,-0.0040054932478827965,9.222350666666667,2.0,-0.004386968795300206,-0.010989010989007397,-0.03418803418803407
199180775744300,0.1987521,ramp,-0.0040054932478827965,9.275098,2.0,-0.004386968795300206,-0.010989010989007397,-0.03418803418803407
199180776381200,0.199389,ramp,-0.0040054932478827965,9.304820000000001,2.0,-0.004386968795300206,-0.010989010989007397,-0.03418803418803407
199180777436200,0.200444,ramp,-0.0040054932478827965,9.354053333333333,2.0,-0.004386968795300206,-0.010989010989007397,-0.03418803418803407
199180778687900,0.2016957,ramp,-0.0040054932478827965,9.412466,2.0,-0.004386968795300206,-0.010989010989007397,-0.03418803418803407
199180779920000,0.2029278,ramp,-0.0040054932478827965,9.469964,2.0,-0.004386968795300206,-0.010989010989007397,-0.03418803418803407
199180780563700,0.2035715,ramp,-0.0040054932478827965,9.500003333333334,2.0,-0.004386968795300206,-0.010989010989007397,-0.03418803418803407
199180781568400,0.2045762,ramp,-0.0040054932478827965,9.546889333333333,2.0,-0.004386968795300206,-0.010989010989007397,-0.03418803418803407
199180782761100,0.2057689,ramp,-0.0040054932478827965,9.602548666666667,2.0,-0.004386968795300206,-0.010989010989007397,-0.03418803418803407
199180783419500,0.2064273,ramp,-0.0040054932478827965,9.633274,2.0,-0.004386968795300206,-0.010989010989007397,-0.03418803418803407
199180784424400,0.2074322,ramp,-0.0040054932478827965,9.680169333333334,2.0,-0.004386968795300206,-0.010989010989007397,-0.03418803418803407
199180785542600,0.2085504,ramp,-0.0040054932478827965,9.732352,2.0,-0.004386968795300206,-0.010989010989007397,-0.03418803418803407
199180786579900,0.2095877,ramp,-0.0040054932478827965,9.780759333333334,2.0,-0.004386968795300206,-0.010989010989007397,-0.03418803418803407
199180787572300,0.2105801,ramp,-0.0040054932478827965,9.827071333333333,2.0,-0.004386968795300206,-0.010989010989007397,-0.03418803418803407
199180788574200,0.211582,ramp,-0.0040054932478827965,9.873826666666666,2.0,-0.004386968795300206,-0.010989010989007397,-0.03418803418803407
199180789688700,0.2126965,ramp,-0.0040054932478827965,9.925836666666667,2.0,-0.004386968795300206,-0.010989010989007397,-0.03418803418803407
199180790347500,0.2133553,ramp,-0.0040054932478827965,9.956580666666666,2.0,-0.004386968795300206,-0.010989010989007397,-0.03418803418803407
199180791351700,0.2143595,ramp,-0.0040054932478827965,10.003443333333333,2.0,-0.004386968795300206,-0.010989010989007397,-0.03418803418803407
199180792478600,0.2154864,ramp,-0.0040054932478827965,10.056032,2.0,-0.004386968795300206,-0.010989010989007397,-0.03418803418803407
199180793649300,0.2166571,ramp,-0.0040054932478827965,10.110664666666667,2.0,-0.004386968795300206,-0.010989010989007397,-0.03418803418803407
199180794808500,0.2178163,ramp,-0.0040054932478827965,10.164760666666666,2.0,-0.004386968795300206,-0.010989010989007397,-0.03418803418803407
199180795512200,0.21852,ramp,-0.0040054932478827965,10.197600000000001,2.0,-0.004386968795300206,-0.010989010989007397,-0.03418803418803407
199180796437100,0.2194449,ramp,-0.0040054932478827965,10.240762,2.0,-0.004386968795300206,-0.010989010989007397,-0.03418803418803407
199180797565700,0.2205735,ramp,-0.0040054932478827965,10.29343,2.0,-0.004386968795300206,-0.010989010989007397,-0.03418803418803407
199180798548800,0.2215566,ramp,-0.0040054932478827965,10.339308,2.0,-0.004386968795300206,-0.010989010989007397,-0.03418803418803407
199180799556100,0.2225639,ramp,-0.0040054932478827965,10.386315333333334,2.0,-0.004386968795300206,-0.010989010989007397,-0.03418803418803407
199180800666500,0.2236743,ramp,-0.0040054932478827965,10.438134000000002,2.0,-0.004386968795300206,-0.010989010989007397,-0.03418803418803407
199180801168100,0.2241759,ramp,-0.0040054932478827965,10.461542,2.0,-0.004386968795300206,-0.010989010989007397,-0.03418803418803407
199180802188600,0.2251964,ramp,-0.0040054932478827965,10.509165333333334,2.0,-0.004386968795300206,-0.010989010989007397,-0.03418803418803407
199180803181500,0.2261893,ramp,-0.0040054932478827965,10.555500666666667,2.0,-0.004386968795300206,-0.010989010989007397,-0.03418803418803407
199180804360800,0.2273686,ramp,-0.0040054932478827965,10.610534666666666,2.0,-0.004386968795300206,-0.010989010989007397,-0.03418803418803407
199180805303400,0.2283112,ramp,-0.0040054932478827965,10.654522666666667,2.0,-0.004386968795300206,-0.010989010989007397,-0.03418803418803407
199180806738100,0.2297459,ramp,-0.0040054932478827965,10.721475333333334,2.0,-0.004386968795300206,-0.010989010989007397,-0.03418803418803407
199180807234600,0.2302424,ramp,-0.0040054932478827965,10.744645333333333,2.0,-0.004386968795300206,-0.010989010989007397,-0.03418803418803407
199180808238800,0.2312466,ramp,-0.0040054932478827965,10.791508,2.0,-0.004386968795300206,-0.010989010989007397,-0.03418803418803407
199180809344900,0.2323527,ramp,-0.0040054932478827965,10.843126,2.0,-0.004386968795300206,-0.010989010989007397,-0.03418803418803407
199180810338200,0.233346,ramp,-0.0040054932478827965,10.889479999999999,2.0,-0.004386968795300206,-0.010989010989007397,-0.03418803418803407
199180811484100,0.2344919,ramp,-0.0040054932478827965,10.942955333333332,2.0,-0.004386968795300206,-0.010989010989007397,-0.03418803418803407
199180812458600,0.2354664,ramp,-0.0040054932478827965,10.988432,2.0,-0.0040054932478827965,-0.010989010989007397,-0.0439560439560438
199180813466700,0.2364745,ramp,-0.0040054932478827965,11.035476666666666,2.0,-0.0040054932478827965,-0.010989010989007397,-0.0439560439560438
199180814496100,0.2375039,ramp,-0.0040054932478827965,11.083515333333333,2.0,-0.0040054932478827965,-0.010989010989007397,-0.0439560439560438
199180815504100,0.2385119,ramp,-0.0040054932478827965,11.130555333333334,2.0,-0.0040054932478827965,-0.010989010989007397,-0.0439560439560438
199180816521200,0.239529,ramp,-0.0040054932478827965,11.17802,2.0,-0.0040054932478827965,-0.010989010989007397,-0.0439560439560438
199180817537100,0.2405449,ramp,-0.0040054932478827965,11.225428666666668,2.0,-0.0040054932478827965,-0.010989010989007397,-0.0439560439560438
199180818520200,0.241528,ramp,-0.0040054932478827965,11.271306666666666,2.0,-0.0040054932478827965,-0.010989010989007397,-0.0439560439560438
199180819523700,0.2425315,ramp,-0.0040054932478827965,11.318136666666668,2.0,-0.0040054932478827965,-0.010989010989007397,-0.0439560439560438
199180820531200,0.243539,ramp,-0.0040054932478827965,11.365153333333334,2.0,-0.0040054932478827965,-0.010989010989007397,-0.0439560439560438
199180821545600,0.2445534,ramp,-0.0040054932478827965,11.412492,2.0,-0.0040054932478827965,-0.010989010989007397,-0.0439560439560438
199180822597900,0.2456057,ramp,-0.0040054932478827965,11.461599333333332,2.0,-0.0040054932478827965,-0.010989010989007397,-0.0439560439560438
199180823567400,0.2465752,ramp,-0.0040054932478827965,11.506842666666667,2.0,-0.0040054932478827965,-0.010989010989007397,-0.0439560439560438
199180824574200,0.247582,ramp,-0.0040054932478827965,11.553826666666666,2.0,-0.0040054932478827965,-0.010989010989007397,-0.0439560439560438
199180825588300,0.2485961,ramp,-0.0040054932478827965,11.601151333333332,2.0,-0.0040054932478827965,-0.010989010989007397,-0.0439560439560438
199180826686300,0.2496941,ramp,-0.0040054932478827965,11.652391333333332,2.0,-0.0040054932478827965,-0.010989010989007397,-0.0439560439560438
199180827840500,0.2508483,ramp,-0.0040054932478827965,11.706254000000001,2.0,-0.0040054932478827965,-0.010989010989007397,-0.0439560439560438
199180828501000,0.2515088,ramp,-0.0040054932478827965,11.737077333333334,2.0,-0.0040054932478827965,-0.010989010989007397,-0.0439560439560438
199180829514000,0.2525218,ramp,-0.0040054932478827965,11.784350666666667,2.0,-0.0040054932478827965,-0.010989010989007397,-0.0439560439560438
199180830651500,0.2536593,ramp,-0.0040054932478827965,11.837434,2.0,-0.0040054932478827965,-0.010989010989007397,-0.0439560439560438
199180831294100,0.2543019,ramp,-0.0040054932478827965,11.867422,2.0,-0.0040054932478827965,-0.010989010989007397,-0.0439560439560438
199180832319100,0.2553269,ramp,-0.0040054932478827965,11.915255333333333,2.0,-0.0040054932478827965,-0.010989010989007397,-0.0439560439560438
199180833470000,0.2564778,ramp,-0.0040054932478827965,11.968964,2.0,-0.0040054932478827965,-0.010989010989007397,-0.0439560439560438
199180834487000,0.2574948,ramp,-0.0040054932478827965,12.016423999999999,2.0,-0.0040054932478827965,-0.010989010989007397,-0.0439560439560438
199180835749300,0.2587571,ramp,-0.0040054932478827965,12.075331333333335,2.0,-0.0040054932478827965,-0.010989010989007397,-0.0439560439560438
199180836354600,0.2593624,ramp,-0.0040054932478827965,12.103578666666667,2.0,-0.0040054932478827965,-0.010989010989007397,-0.0439560439560438
199180837378900,0.2603867,ramp,-0.0040054932478827965,12.151379333333333,2.0,-0.0040054932478827965,-0.010989010989007397,-0.0439560439560438
199180838564400,0.2615722,ramp,-0.0040054932478827965,12.206702666666667,2.0,-0.0040054932478827965,-0.010989010989007397,-0.0439560439560438
199180839508900,0.2625167,ramp,-0.0040054932478827965,12.250779333333334,2.0,-0.0040054932478827965,-0.010989010989007397,-0.0439560439560438
199180840598400,0.2636062,ramp,-0.0040054932478827965,12.301622666666667,2.0,-0.0040054932478827965,-0.010989010989007397,-0.0439560439560438
199180841674400,0.2646822,ramp,-0.0040054932478827965,12.351836,2.0,-0.0040054932478827965,-0.010989010989007397,-0.0439560439560438
199180842363000,0.2653708,ramp,-0.0040054932478827965,12.383970666666666,2.0,-0.0040054932478827965,-0.010989010989007397,-0.0439560439560438
199180843294300,0.2663021,ramp,-0.0040054932478827965,12.427431333333335,2.0,-0.0040054932478827965,-0.010989010989007397,-0.0439560439560438
199180844392000,0.2673998,ramp,-0.0040054932478827965,12.478657333333333,2.0,-0.0040054932478827965,-0.010989010989007397,-0.0439560439560438
199180845451200,0.268459,ramp,-0.0040054932478827965,12.528086666666667,2.0,-0.0040054932478827965,-0.010989010989007397,-0.0439560439560438
199180846530600,0.2695384,ramp,-0.0040054932478827965,12.578458666666666,2.0,-0.0040054932478827965,-0.010989010989007397,-0.0439560439560438
199180847602900,0.2706107,ramp,-0.0040054932478827965,12.628499333333334,2.0,-0.0040054932478827965,-0.010989010989007397,-0.0439560439560438
199180848646900,0.2716547,ramp,-0.0040054932478827965,12.677219333333333,2.0,-0.0040054932478827965,-0.010989010989007397,-0.0439560439560438
199180849269000,0.2722768,ramp,-0.0040054932478827965,12.706250666666667,2.0,-0.0040054932478827965,-0.010989010989007397,-0.0439560439560438
199180850280100,0.2732879,ramp,-0.0040054932478827965,12.753435333333332,2.0,-0.0040054932478827965,-0.010989010989007397,-0.0439560439560438
199180851283200,0.274291,ramp,-0.0040054932478827965,12.800246666666666,2.0,-0.0040054932478827965,-0.010989010989007397,-0.0439560439560438
199180852350300,0.2753581,ramp,-0.0040054932478827965,12.850044666666665,2.0,-0.0040054932478827965,-0.010989010989007397,-0.0439560439560438
199180853522900,0.2765307,ramp,-0.0040054932478827965,12.904765999999999,2.0,-0.0040054932478827965,-0.010989010989007397,-0.0439560439560438
199180854586500,0.2775943,ramp,-0.0040054932478827965,12.954400666666666,2.0,-0.0040054932478827965,-0.010989010989007397,-0.0439560439560438
199180855691900,0.2786997,ramp,-0.0040054932478827965,13.005986,2.0,-0.0040054932478827965,-0.010989010989007397,-0.0439560439560438
199180856316400,0.2793242,ramp,-0.0040054932478827965,13.035129333333334,2.0,-0.0040054932478827965,-0.010989010989007397,-0.0439560439560438
199180857392700,0.2804005,ramp,-0.0040054932478827965,13.085356666666666,2.0,-0.0040054932478827965,-0.010989010989007397,-0.0439560439560438
199180858321400,0.2813292,ramp,-0.0040054932478827965,13.128696000000001,2.0,-0.0040054932478827965,-0.010989010989007397,-0.0439560439560438
199180859324800,0.2823326,ramp,-0.0040054932478827965,13.175521333333334,2.0,-0.0040054932478827965,-0.010989010989007397,-0.0439560439560438
199180860425600,0.2834334,ramp,-0.0040054932478827965,13.226892,2.0,-0.0040054932478827965,-0.010989010989007397,-0.0439560439560438
199180861426700,0.2844345,ramp,-0.0040054932478827965,13.273610000000001,2.0,-0.0040054932478827965,-0.010989010989007397,-0.0439560439560438
199180862455800,0.2854636,ramp,-0.0040054932478827965,13.321634666666666,2.0,-0.0040054932478827965,-0.010989010989007397,-0.0439560439560438
199180863448100,0.2864559,ramp,-0.0040054932478827965,13.367942,2.0,-0.0040054932478827965,-0.010989010989007397,-0.0439560439560438
199180864451600,0.2874594,ramp,-0.0040054932478827965,13.414772,2.0,-0.0040054932478827965,-0.010989010989007397,-0.0439560439560438
199180865536600,0.2885444,ramp,-0.0040054932478827965,13.465405333333333,2.0,-0.0040054932478827965,-0.010989010989007397,-0.0439560439560438
199180866542300,0.2895501,ramp,-0.0040054932478827965,13.512338,2.0,-0.0040054932478827965,-0.010989010989007397,-0.0439560439560438
199180867548900,0.2905567,ramp,-0.0040054932478827965,13.559312666666667,2.0,-0.0040054932478827965,-0.010989010989007397,-0.0439560439560438
199180868608300,0.2916161,ramp,-0.0040054932478827965,13.608751333333334,2.0,-0.0040054932478827965,-0.010989010989007397,-0.0439560439560438
199180869781100,0.2927889,ramp,-0.0040054932478827965,13.663482,2.0,-0.0040054932478827965,-0.010989010989007397,-0.0439560439560438
199180870461600,0.2934694,ramp,-0.0040054932478827965,13.695238666666667,2.0,-0.0040054932478827965,-0.010989010989007397,-0.0439560439560438
199180871483800,0.2944916,ramp,-0.0040054932478827965,13.742941333333333,2.0,-0.0040054932478827965,-0.010989010989007397,-0.0439560439560438
199180872602000,0.2956098,ramp,-0.0040054932478827965,13.795124,2.0,-0.0040054932478827965,-0.010989010989007397,-0.0439560439560438
199180873511700,0.2965195,ramp,-0.0040054932478827965,13.837576666666667,2.0,-0.0040054932478827965,-0.010989010989007397,-0.0439560439560438
199180874551900,0.2975597,ramp,-0.0040054932478827965,13.886119333333333,2.0,-0.0040054932478827965,-0.010989010989007397,-0.0439560439560438
199180875512300,0.2985201,ramp,-0.0040054932478827965,13.930938000000001,2.0,-0.0040054932478827965,-0.010989010989007397,-0.0439560439560438
199180876513400,0.2995212,ramp,-0.0040054932478827965,13.977656,2.0,-0.0040054932478827965,-0.010989010989007397,-0.0439560439560438
199180877570600,0.3005784,ramp,-0.0040054932478827965,14.026992,2.0,-0.0040054932478827965,-0.010989010989007397,-0.0439560439560438
199180878559300,0.3015671,ramp,-0.0040054932478827965,14.073131333333334,2.0,-0.0040054932478827965,-0.010989010989007397,-0.0439560439560438
199180879555800,0.3025636,ramp,-0.0040054932478827965,14.119634666666668,2.0,-0.0040054932478827965,-0.010989010989007397,-0.0439560439560438
199180880553000,0.3035608,ramp,-0.0040054932478827965,14.166170666666666,2.0,-0.0040054932478827965,-0.010989010989007397,-0.0439560439560438
199180881575500,0.3045833,ramp,-0.0040054932478827965,14.213887333333334,2.0,-0.0040054932478827965,-0.010989010989007397,-0.0439560439560438
199180882593200,0.305601,ramp,-0.0040054932478827965,14.261379999999999,2.0,-0.0040054932478827965,-0.010989010989007397,-0.0439560439560438
199180883598200,0.306606,ramp,-0.0040054932478827965,14.30828,2.0,-0.0040054932478827965,-0.010989010989007397,-0.0439560439560438
199180884682200,0.30769,ramp,-0.0040054932478827965,14.358866666666668,2.0,-0.0040054932478827965,-0.010989010989007397,-0.0439560439560438
199180885184200,0.308192,ramp,-0.0040054932478827965,14.382293333333333,2.0,-0.0040054932478827965,-0.010989010989007397,-0.0439560439560438
199180886188400,0.3091962,ramp,-0.0040054932478827965,14.429155999999999,2.0,-0.0040054932478827965,-0.010989010989007397,-0.0439560439560438
199180887297500,0.3103053,ramp,-0.0040054932478827965,14.480914,2.0,-0.0040054932478827965,-0.010989010989007397,-0.0439560439560438
199180888521500,0.3115293,ramp,-0.0040054932478827965,14.538034000000001,2.0,-0.0040054932478827965,-0.010989010989007397,-0.0439560439560438
199180889558500,0.3125663,ramp,-0.0040054932478827965,14.586427333333335,2.0,-0.0040054932478827965,-0.010989010989007397,-0.0439560439560438
199180890562900,0.3135707,ramp,-0.0040054932478827965,14.633299333333333,2.0,-0.0040054932478827965,-0.010989010989007397,-0.0439560439560438
199180891565300,0.3145731,ramp,-0.0040054932478827965,14.680078000000002,2.0,-0.0040054932478827965,-0.010989010989007397,-0.0439560439560438
199180892585800,0.3155936,ramp,-0.0040054932478827965,14.727701333333332,2.0,-0.0040054932478827965,-0.010989010989007397,-0.0439560439560438
199180893608200,0.316616,ramp,-0.0040054932478827965,14.775413333333333,2.0,-0.0040054932478827965,-0.010989010989007397,-0.0439560439560438
199180894594800,0.3176026,ramp,-0.0040054932478827965,14.821454666666668,2.0,-0.0040054932478827965,-0.010989010989007397,-0.0439560439560438
199180895718300,0.3187261,ramp,-0.0040054932478827965,14.873884666666665,2.0,-0.0040054932478827965,-0.010989010989007397,-0.0439560439560438
199180896216800,0.3192246,ramp,-0.0040054932478827965,14.897148,2.0,-0.0040054932478827965,-0.010989010989007397,-0.0439560439560438
199180897223000,0.3202308,ramp,-0.0040054932478827965,14.944104000000001,2.0,-0.0040054932478827965,-0.010989010989007397,-0.0439560439560438
199180898352000,0.3213598,ramp,-0.0040054932478827965,14.996790666666667,2.0,-0.0040054932478827965,-0.010989010989007397,-0.0439560439560438
199180899380400,0.3223882,ramp,-0.0040054932478827965,15.044782666666666,2.0,-0.0040054932478827965,-0.010989010989007397,-0.0439560439560438
199180900460500,0.3234683,ramp,-0.0040054932478827965,15.095187333333332,2.0,-0.0040054932478827965,-0.010989010989007397,-0.0439560439560438
199180901467300,0.3244751,ramp,-0.0040054932478827965,15.142171333333334,2.0,-0.0040054932478827965,-0.010989010989007397,-0.0439560439560438
199180902491700,0.3254995,ramp,-0.0040054932478827965,15.189976666666666,2.0,-0.0040054932478827965,-0.010989010989007397,-0.0439560439560438
199180903740900,0.3267487,ramp,-0.0040054932478827965,15.248272666666667,2.0,-0.0040054932478827965,-0.010989010989007397,-0.0439560439560438
199180904358700,0.3273665,ramp,-0.0040054932478827965,15.277103333333335,2.0,-0.0040054932478827965,-0.010989010989007397,-0.0439560439560438
199180905365700,0.3283735,ramp,-0.0040054932478827965,15.324096666666668,2.0,-0.0040054932478827965,-0.010989010989007397,-0.0439560439560438
199180906541700,0.3295495,ramp,-0.0040054932478827965,15.378976666666667,2.0,-0.0040054932478827965,-0.010989010989007397,-0.0439560439560438
199180907579400,0.3305872,ramp,-0.0040054932478827965,15.427402666666666,2.0,-0.0040054932478827965,-0.010989010989007397,-0.0439560439560438
199180908782700,0.3317905,ramp,-0.0040054932478827965,15.483556666666669,2.0,-0.0040054932478827965,-0.010989010989007397,-0.0439560439560438
199180909412100,0.3324199,ramp,-0.0040054932478827965,15.512928666666667,2.0,-0.0040054932478827965,-0.010989010989007397,-0.0439560439560438
199180910415700,0.3334235,ramp,-0.0040054932478827965,15.559763333333333,2.0,-0.0040054932478827965,-0.010989010989007397,-0.0439560439560438
199180911569800,0.3345776,ramp,-0.0040054932478827965,15.613621333333333,2.0,-0.0040054932478827965,-0.010989010989007397,-0.0439560439560438
199180912754700,0.3357625,ramp,-0.0040054932478827965,15.668916666666668,2.0,-0.0040054932478827965,-0.010989010989007397,-0.0439560439560438
199180913376600,0.3363844,ramp,-0.0040054932478827965,15.697938666666667,2.0,-0.0040054932478827965,-0.010989010989007397,-0.0439560439560438
199180914407500,0.3374153,ramp,-0.0040054932478827965,15.746047333333333,2.0,-0.0040054932478827965,-0.010989010989007397,-0.0439560439560438
199180915476900,0.3384847,ramp,-0.0040054932478827965,15.795952666666668,2.0,-0.0040054932478827965,-0.010989010989007397,-0.0439560439560438
199180916478200,0.339486,ramp,-0.0040054932478827965,15.842680000000001,2.0,-0.0040054932478827965,-0.010989010989007397,-0.0439560439560438
199180917485100,0.3404929,ramp,-0.0040054932478827965,15.889668666666667,2.0,-0.0040054932478827965,-0.010989010989007397,-0.0439560439560438
199180918619800,0.3416276,ramp,-0.0040054932478827965,15.942621333333333,2.0,-0.0040054932478827965,-0.010989010989007397,-0.0439560439560438
199180919853600,0.3428614,ramp,-0.0040054932478827965,16.000198666666666,2.0,-0.0040054932478827965,-0.010989010989007397,-0.0439560439560438
199180920567000,0.3435748,ramp,-0.0040054932478827965,16.033490666666665,2.0,-0.004386968795300206,-0.010989010989007397,-0.03418803418803407
199180921566400,0.3445742,ramp,-0.0040054932478827965,16.080129333333332,2.0,-0.0040054932478827965,-0.010989010989007397,-0.03418803418803407
199180922739700,0.3457475,ramp,-0.0040054932478827965,16.134883333333335,2.0,-0.0040054932478827965,-0.010989010989007397,-0.03418803418803407
199180923391600,0.3463994,ramp,-0.0040054932478827965,16.165305333333333,2.0,-0.0040054932478827965,-0.010989010989007397,-0.03418803418803407
199180924394100,0.3474019,ramp,-0.0040054932478827965,16.212088666666666,2.0,-0.0040054932478827965,-0.010989010989007397,-0.03418803418803407
199180925422100,0.3484299,ramp,-0.0040054932478827965,16.260061999999998,2.0,-0.0040054932478827965,-0.010989010989007397,-0.03418803418803407
199180926468900,0.3494767,ramp,-0.0040054932478827965,16.308912666666668,2.0,-0.0040054932478827965,-0.010989010989007397,-0.03418803418803407
199180927615300,0.3506231,ramp,-0.0040054932478827965,16.362411333333334,2.0,-0.0040054932478827965,-0.010989010989007397,-0.03418803418803407
199180928806800,0.3518146,ramp,-0.0040054932478827965,16.418014666666668,2.0,-0.0040054932478827965,-0.010989010989007397,-0.03418803418803407
199180929489300,0.3524971,ramp,-0.0040054932478827965,16.449864666666667,2.0,-0.0040054932478827965,-0.010989010989007397,-0.03418803418803407
199180930492200,0.3535,ramp,-0.0040054932478827965,16.496666666666666,2.0,-0.0040054932478827965,-0.010989010989007397,-0.03418803418803407
199180931605800,0.3546136,ramp,-0.0040054932478827965,16.54863466666667,2.0,-0.0040054932478827965,-0.010989010989007397,-0.03418803418803407
199180932100800,0.3551086,ramp,-0.0040054932478827965,16.571734666666668,2.0,-0.0040054932478827965,-0.010989010989007397,-0.03418803418803407
199180933124900,0.3561327,ramp,-0.0040054932478827965,16.619526,2.0,-0.0040054932478827965,-0.010989010989007397,-0.03418803418803407
199180934788700,0.3577965,ramp,-0.0040054932478827965,16.69717,2.0,-0.0040054932478827965,-0.010989010989007397,-0.03418803418803407
199180935563300,0.3585711,ramp,-0.0040054932478827965,16.733318,2.0,-0.0040054932478827965,-0.010989010989007397,-0.03418803418803407
199180936507200,0.359515,ramp,-0.0040054932478827965,16.777366666666666,2.0,-0.0040054932478827965,-0.010989010989007397,-0.03418803418803407
199180937768800,0.3607766,ramp,-0.0040054932478827965,16.836241333333334,2.0,-0.0040054932478827965,-0.010989010989007397,-0.03418803418803407
199180938486400,0.3614942,ramp,-0.0040054932478827965,16.869729333333332,2.0,-0.0040054932478827965,-0.010989010989007397,-0.03418803418803407
199180939507200,0.362515,ramp,-0.0040054932478827965,16.917366666666666,2.0,-0.0040054932478827965,-0.010989010989007397,-0.03418803418803407
199180940572400,0.3635802,ramp,-0.0040054932478827965,16.967076000000002,2.0,-0.0040054932478827965,-0.010989010989007397,-0.03418803418803407
199180941589800,0.3645976,ramp,-0.0040054932478827965,17.01455466666667,2.0,-0.0040054932478827965,-0.010989010989007397,-0.03418803418803407
199180942728000,0.3657358,ramp,-0.0040054932478827965,17.067670666666668,2.0,-0.0040054932478827965,-0.010989010989007397,-0.03418803418803407
199180943319700,0.3663275,ramp,-0.0040054932478827965,17.095283333333334,2.0,-0.0040054932478827965,-0.010989010989007397,-0.03418803418803407
199180944344000,0.3673518,ramp,-0.0040054932478827965,17.143084,2.0,-0.0040054932478827965,-0.010989010989007397,-0.03418803418803407
199180945380600,0.3683884,ramp,-0.0040054932478827965,17.191458666666666,2.0,-0.0040054932478827965,-0.010989010989007397,-0.03418803418803407
199180946387200,0.369395,ramp,-0.0040054932478827965,17.238433333333333,2.0,-0.0040054932478827965,-0.010989010989007397,-0.03418803418803407
199180947384900,0.3703927,ramp,-0.0040054932478827965,17.284992666666668,2.0,-0.0040054932478827965,-0.010989010989007397,-0.03418803418803407
199180948473600,0.3714814,ramp,-0.0040054932478827965,17.335798666666665,2.0,-0.0040054932478827965,-0.010989010989007397,-0.03418803418803407
199180949480000,0.3724878,ramp,-0.0040054932478827965,17.382763999999998,2.0,-0.0040054932478827965,-0.010989010989007397,-0.03418803418803407
199180950484500,0.3734923,ramp,-0.0040054932478827965,17.429640666666668,2.0,-0.0040054932478827965,-0.010989010989007397,-0.03418803418803407
199180951617000,0.3746248,ramp,-0.0040054932478827965,17.482490666666667,2.0,-0.0040054932478827965,-0.010989010989007397,-0.03418803418803407
199180952874500,0.3758823,ramp,-0.0040054932478827965,17.541174,2.0,-0.0040054932478827965,-0.010989010989007397,-0.03418803418803407
199180953533300,0.3765411,ramp,-0.0040054932478827965,17.571918,2.0,-0.0040054932478827965,-0.010989010989007397,-0.03418803418803407
199180954539000,0.3775468,ramp,-0.0040054932478827965,17.618850666666667,2.0,-0.0040054932478827965,-0.010989010989007397,-0.03418803418803407
199180955683000,0.3786908,ramp,-0.0040054932478827965,17.67223733333333,2.0,-0.0040054932478827965,-0.010989010989007397,-0.03418803418803407
199180956301700,0.3793095,ramp,-0.0040054932478827965,17.70111,2.0,-0.0040054932478827965,-0.010989010989007397,-0.03418803418803407
199180957340100,0.3803479,ramp,-0.0040054932478827965,17.749568666666665,2.0,-0.0040054932478827965,-0.010989010989007397,-0.03418803418803407
199180958345300,0.3813531,ramp,-0.0040054932478827965,17.796478,2.0,-0.0040054932478827965,-0.010989010989007397,-0.03418803418803407
199180959357400,0.3823652,ramp,-0.0040054932478827965,17.843709333333333,2.0,-0.0040054932478827965,-0.010989010989007397,-0.03418803418803407
199180960359400,0.3833672,ramp,-0.0040054932478827965,17.890469333333336,2.0,-0.0040054932478827965,-0.010989010989007397,-0.03418803418803407
199180961474700,0.3844825,ramp,-0.0040054932478827965,17.942516666666666,2.0,-0.0040054932478827965,-0.010989010989007397,-0.03418803418803407
199180962619000,0.3856268,ramp,-0.0040054932478827965,17.99591733333333,2.0,-0.0040054932478827965,-0.010989010989007397,-0.03418803418803407
199180963693800,0.3867016,ramp,-0.0040054932478827965,18.046074666666666,2.0,-0.0040054932478827965,-0.010989010989007397,-0.03418803418803407
199180964346500,0.3873543,ramp,-0.0040054932478827965,18.076534,2.0,-0.0040054932478827965,-0.010989010989007397,-0.03418803418803407
199180965330900,0.3883387,ramp,-0.0040054932478827965,18.122472666666667,2.0,-0.0040054932478827965,-0.010989010989007397,-0.03418803418803407
199180966441800,0.3894496,ramp,-0.0040054932478827965,18.174314666666668,2.0,-0.0040054932478827965,-0.010989010989007397,-0.03418803418803407
199180967685800,0.3906936,ramp,-0.0040054932478827965,18.232367999999997,2.0,-0.0040054932478827965,-0.010989010989007397,-0.03418803418803407
199180968976500,0.3919843,ramp,-0.0040054932478827965,18.292600666666665,2.0,-0.0040054932478827965,-0.010989010989007397,-0.03418803418803407
199180969691000,0.3926988,ramp,-0.0040054932478827965,18.325944,2.0,-0.0040054932478827965,-0.010989010989007397,-0.03418803418803407
199180970321600,0.3933294,ramp,-0.0040054932478827965,18.355372000000003,2.0,-0.0040054932478827965,-0.010989010989007397,-0.03418803418803407
199180971400200,0.394408,ramp,-0.0040054932478827965,18.405706666666667,2.0,-0.0040054932478827965,-0.010989010989007397,-0.03418803418803407
199180972354700,0.3953625,ramp,-0.0040054932478827965,18.450249999999997,2.0,-0.0040054932478827965,-0.010989010989007397,-0.03418803418803407
199180973475700,0.3964835,ramp,-0.0040054932478827965,18.502563333333335,2.0,-0.0040054932478827965,-0.010989010989007397,-0.03418803418803407
199180974485500,0.3974933,ramp,-0.0040054932478827965,18.54968733333333,2.0,-0.0040054932478827965,-0.010989010989007397,-0.03418803418803407
199180975587100,0.3985949,ramp,-0.0040054932478827965,18.601095333333333,2.0,-0.0040054932478827965,-0.010989010989007397,-0.03418803418803407
199180976085600,0.3990934,ramp,-0.0040054932478827965,18.624358666666666,2.0,-0.0040054932478827965,-0.010989010989007397,-0.03418803418803407
199180977131800,0.4001396,ramp,-0.0040054932478827965,18.673181333333332,2.0,-0.0040054932478827965,-0.010989010989007397,-0.03418803418803407
199180979025100,0.4020329,ramp,-0.0040054932478827965,18.761535333333335,2.0,-0.0040054932478827965,-0.010989010989007397,-0.03418803418803407
199180979208600,0.4022164,ramp,-0.0040054932478827965,18.77009866666667,2.0,-0.0040054932478827965,-0.010989010989007397,-0.03418803418803407
199180980310800,0.4033186,ramp,-0.0040054932478827965,18.82153466666667,2.0,-0.0040054932478827965,-0.010989010989007397,-0.03418803418803407
199180981312700,0.4043205,ramp,-0.0040054932478827965,18.86829,2.0,-0.0040054932478827965,-0.010989010989007397,-0.03418803418803407
199180982478000,0.4054858,ramp,-0.0040054932478827965,18.922670666666665,2.0,-0.0040054932478827965,-0.010989010989007397,-0.03418803418803407
199180983705800,0.4067136,ramp,-0.0040054932478827965,18.979968,2.0,-0.0040054932478827965,-0.010989010989007397,-0.03418803418803407
199180984302900,0.4073107,ramp,-0.0040054932478827965,19.007832666666665,2.0,-0.0040054932478827965,-0.010989010989007397,-0.03418803418803407
199180985315300,0.4083231,ramp,-0.0040054932478827965,19.055078,2.0,-0.0040054932478827965,-0.010989010989007397,-0.03418803418803407
199180986331600,0.4093394,ramp,-0.0040054932478827965,19.102505333333333,2.0,-0.0040054932478827965,-0.010989010989007397,-0.03418803418803407
199180987482600,0.4104904,ramp,-0.0040054932478827965,19.156218666666668,2.0,-0.0040054932478827965,-0.010989010989007397,-0.03418803418803407
199180988626800,0.4116346,ramp,-0.0040054932478827965,19.209614666666667,2.0,-0.0040054932478827965,-0.010989010989007397,-0.03418803418803407
199180989837000,0.4128448,ramp,-0.0040054932478827965,19.266090666666663,2.0,-0.0040054932478827965,-0.010989010989007397,-0.03418803418803407
199180990496800,0.4135046,ramp,-0.0040054932478827965,19.29688133333333,2.0,-0.0040054932478827965,-0.010989010989007397,-0.03418803418803407
199180991518400,0.4145262,ramp,-0.0040054932478827965,19.344555999999997,2.0,-0.0040054932478827965,-0.010989010989007397,-0.03418803418803407
199180992539900,0.4155477,ramp,-0.0040054932478827965,19.392226,2.0,-0.0040054932478827965,-0.010989010989007397,-0.03418803418803407
199180993516400,0.4165242,ramp,-0.0040054932478827965,19.437796,2.0,-0.0040054932478827965,-0.010989010989007397,-0.03418803418803407
199180994524800,0.4175326,ramp,-0.0040054932478827965,19.484854666666667,2.0,-0.0040054932478827965,-0.010989010989007397,-0.03418803418803407
199180995531500,0.4185393,ramp,-0.0040054932478827965,19.531834,2.0,-0.0040054932478827965,-0.010989010989007397,-0.03418803418803407
199180996530600,0.4195384,ramp,-0.0040054932478827965,19.578458666666666,2.0,-0.0040054932478827965,-0.010989010989007397,-0.03418803418803407
199180997575200,0.420583,ramp,-0.0040054932478827965,19.627206666666666,2.0,-0.0040054932478827965,-0.010989010989007397,-0.03418803418803407
199180998547500,0.4215553,ramp,-0.0040054932478827965,19.67258066666667,2.0,-0.0040054932478827965,-0.010989010989007397,-0.03418803418803407
199180999657700,0.4226655,ramp,-0.0040054932478827965,19.72439,2.0,-0.0040054932478827965,-0.010989010989007397,-0.03418803418803407
199181000567900,0.4235757,ramp,-0.0040054932478827965,19.766866,2.0,-0.0040054932478827965,-0.010989010989007397,-0.03418803418803407
199181001568600,0.4245764,ramp,-0.0040054932478827965,19.813565333333337,2.0,-0.0040054932478827965,-0.010989010989007397,-0.03418803418803407
199181002750700,0.4257585,ramp,-0.0040054932478827965,19.86873,2.0,-0.0040054932478827965,-0.010989010989007397,-0.03418803418803407
199181003220200,0.426228,ramp,-0.0040054932478827965,19.89064,2.0,-0.0040054932478827965,-0.010989010989007397,-0.03418803418803407
199181004248300,0.4272561,ramp,-0.0040054932478827965,19.938618,2.0,-0.0040054932478827965,-0.010989010989007397,-0.03418803418803407
199181005305700,0.4283135,ramp,-0.0040054932478827965,19.987963333333333,2.0,-0.0040054932478827965,-0.010989010989007397,-0.03418803418803407
199181006359300,0.4293671,ramp,-0.0040054932478827965,20.037131333333335,2.0,-0.0040054932478827965,-0.010989010989007397,-0.03418803418803407
199181007508300,0.4305161,ramp,-0.0040054932478827965,20.090751333333333,2.0,-0.0040054932478827965,-0.010989010989007397,-0.03418803418803407
199181008491700,0.4314995,ramp,-0.0040054932478827965,20.136643333333332,2.0,-0.0040054932478827965,-0.010989010989007397,-0.03418803418803407
199181009504000,0.4325118,ramp,-0.0040054932478827965,20.183884,2.0,-0.0040054932478827965,-0.010989010989007397,-0.03418803418803407
199181010633400,0.4336412,ramp,-0.0040054932478827965,20.23658933333333,2.0,-0.0040054932478827965,-0.010989010989007397,-0.03418803418803407
199181011267400,0.4342752,ramp,-0.0040054932478827965,20.266176,2.0,-0.0040054932478827965,-0.010989010989007397,-0.03418803418803407
199181012266700,0.4352745,ramp,-0.0040054932478827965,20.31281,2.0,-0.0040054932478827965,-0.010989010989007397,-0.03418803418803407
199181013374800,0.4363826,ramp,-0.0040054932478827965,20.364521333333332,2.0,-0.0040054932478827965,-0.010989010989007397,-0.03418803418803407
199181014601500,0.4376093,ramp,-0.0040054932478827965,20.421767333333335,2.0,-0.0040054932478827965,-0.010989010989007397,-0.03418803418803407
199181015462000,0.4384698,ramp,-0.0040054932478827965,20.461924,2.0,-0.0040054932478827965,-0.010989010989007397,-0.03418803418803407
199181016472100,0.4394799,ramp,-0.0040054932478827965,20.509062,2.0,-0.0040054932478827965,-0.010989010989007397,-0.03418803418803407
199181017633800,0.4406416,ramp,-0.0040054932478827965,20.563274666666665,2.0,-0.0040054932478827965,-0.010989010989007397,-0.03418803418803407
199181018823700,0.4418315,ramp,-0.0040054932478827965,20.618803333333332,2.0,-0.0040054932478827965,-0.010989010989007397,-0.03418803418803407
199181019491300,0.4424991,ramp,-0.0040054932478827965,20.649957999999998,2.0,-0.0040054932478827965,-0.010989010989007397,-0.03418803418803407
199181020497900,0.4435057,ramp,-0.0040054932478827965,20.696932666666665,2.0,-0.0040054932478827965,-0.010989010989007397,-0.03418803418803407
199181021499700,0.4445075,ramp,-0.0040054932478827965,20.743683333333333,2.0,-0.0040054932478827965,-0.010989010989007397,-0.03418803418803407
199181022500600,0.4455084,ramp,-0.0040054932478827965,20.790392,2.0,-0.0040054932478827965,-0.010989010989007397,-0.03418803418803407
199181023649600,0.4466574,ramp,-0.0040054932478827965,20.844012,2.0,-0.0040054932478827965,-0.010989010989007397,-0.03418803418803407
199181024795600,0.4478034,ramp,-0.0040054932478827965,20.897492,2.0,-0.0040054932478827965,-0.010989010989007397,-0.03418803418803407
199181025434100,0.4484419,ramp,-0.0040054932478827965,20.927288666666666,2.0,-0.0040054932478827965,-0.010989010989007397,-0.03418803418803407
199181026437500,0.4494453,ramp,-0.0040054932478827965,20.974114,2.0,-0.0040054932478827965,-0.010989010989007397,-0.03418803418803407
199181027623400,0.4506312,ramp,-0.0040054932478827965,21.029456000000003,2.0,-0.0040054932478827965,-0.010989010989007397,-0.03418803418803407
199181028811700,0.4518195,ramp,-0.0040054932478827965,21.08491,2.0,-0.0040054932478827965,-0.010989010989007397,-0.03418803418803407
199181029468800,0.4524766,ramp,-0.0040054932478827965,21.115574666666667,2.0,-0.0040054932478827965,-0.010989010989007397,-0.03418803418803407
199181030553800,0.4535616,ramp,-0.0040054932478827965,21.166208,2.0,-0.0040054932478827965,-0.010989010989007397,-0.03418803418803407
199181031584900,0.4545927,ramp,-0.0040054932478827965,21.214326,2.0,-0.0040054932478827965,-0.010989010989007397,-0.024420024420024333
199181032769600,0.4557774,ramp,-0.0040054932478827965,21.269612,2.0,-0.0040054932478827965,-0.010989010989007397,-0.024420024420024333
199181033409800,0.4564176,ramp,-0.0040054932478827965,21.299488,2.0,-0.0040054932478827965,-0.010989010989007397,-0.024420024420024333
199181034414200,0.457422,ramp,-0.0040054932478827965,21.34636,2.0,-0.0040054932478827965,-0.010989010989007397,-0.024420024420024333
199181035521200,0.458529,ramp,-0.0040054932478827965,21.39802,2.0,-0.0040054932478827965,-0.010989010989007397,-0.024420024420024333
199181036526300,0.4595341,ramp,-0.0040054932478827965,21.444924666666665,2.0,-0.0040054932478827965,-0.010989010989007397,-0.024420024420024333
199181037585900,0.4605937,ramp,-0.0040054932478827965,21.494372666666667,2.0,-0.0040054932478827965,-0.010989010989007397,-0.024420024420024333
199181038735000,0.4617428,ramp,-0.0040054932478827965,21.547997333333335,2.0,-0.0040054932478827965,-0.010989010989007397,-0.024420024420024333
199181039345100,0.4623529,ramp,-0.0040054932478827965,21.576468666666667,2.0,-0.0040054932478827965,-0.010989010989007397,-0.024420024420024333
199181040349000,0.4633568,ramp,-0.0040054932478827965,21.623317333333333,2.0,-0.0040054932478827965,-0.010989010989007397,-0.024420024420024333
199181041705300,0.4647131,ramp,-0.0040054932478827965,21.686611333333335,2.0,-0.0040054932478827965,-0.010989010989007397,-0.024420024420024333
199181042313500,0.4653213,ramp,-0.0040054932478827965,21.714994,2.0,-0.0040054932478827965,-0.010989010989007397,-0.024420024420024333
199181043340000,0.4663478,ramp,-0.0040054932478827965,21.762897333333335,2.0,-0.0040054932478827965,-0.010989010989007397,-0.024420024420024333
199181044466500,0.4674743,ramp,-0.0040054932478827965,21.815467333333334,2.0,-0.0040054932478827965,-0.010989010989007397,-0.024420024420024333
199181045531700,0.4685395,ramp,-0.0040054932478827965,21.865176666666667,2.0,-0.0040054932478827965,-0.010989010989007397,-0.024420024420024333
199181046749200,0.469757,ramp,-0.0040054932478827965,21.921993333333333,2.0,-0.0040054932478827965,-0.010989010989007397,-0.024420024420024333
199181047391400,0.4703992,ramp,-0.0040054932478827965,21.951962666666667,2.0,-0.0040054932478827965,-0.010989010989007397,-0.024420024420024333
199181048465700,0.4714735,ramp,-0.0040054932478827965,22.002096666666667,2.0,-0.0040054932478827965,-0.010989010989007397,-0.024420024420024333
199181049483300,0.4724911,ramp,-0.0040054932478827965,22.049584666666668,2.0,-0.0040054932478827965,-0.010989010989007397,-0.024420024420024333
199181050685400,0.4736932,ramp,-0.0040054932478827965,22.105682666666667,2.0,-0.0040054932478827965,-0.010989010989007397,-0.024420024420024333
199181051309600,0.4743174,ramp,-0.0040054932478827965,22.134812,2.0,-0.0040054932478827965,-0.010989010989007397,-0.024420024420024333
199181052330700,0.4753385,ramp,-0.0040054932478827965,22.182463333333335,2.0,-0.0040054932478827965,-0.010989010989007397,-0.024420024420024333
199181053332200,0.47634,ramp,-0.0040054932478827965,22.229200000000002,2.0,-0.0040054932478827965,-0.010989010989007397,-0.024420024420024333
199181054349300,0.4773571,ramp,-0.0040054932478827965,22.276664666666665,2.0,-0.0040054932478827965,-0.010989010989007397,-0.024420024420024333
199181055378200,0.478386,ramp,-0.0040054932478827965,22.32468,2.0,-0.0040054932478827965,-0.010989010989007397,-0.024420024420024333
199181056393000,0.4794008,ramp,-0.0040054932478827965,22.372037333333335,2.0,-0.0040054932478827965,-0.010989010989007397,-0.024420024420024333
199181057387900,0.4803957,ramp,-0.0040054932478827965,22.418466,2.0,-0.0040054932478827965,-0.010989010989007397,-0.024420024420024333
199181058408000,0.4814158,ramp,-0.0040054932478827965,22.466070666666667,2.0,-0.0040054932478827965,-0.010989010989007397,-0.024420024420024333
199181059404100,0.4824119,ramp,-0.0040054932478827965,22.512555333333335,2.0,-0.0040054932478827965,-0.010989010989007397,-0.024420024420024333
199181060410700,0.4834185,ramp,-0.0040054932478827965,22.55953,2.0,-0.0040054932478827965,-0.010989010989007397,-0.024420024420024333
199181061920400,0.4849282,ramp,-0.0040054932478827965,22.629982666666667,2.0,-0.0040054932478827965,-0.010989010989007397,-0.024420024420024333
199181062534100,0.4855419,ramp,-0.0040054932478827965,22.658622,2.0,-0.0040054932478827965,-0.010989010989007397,-0.024420024420024333
199181063559200,0.486567,ramp,-0.0040054932478827965,22.70646,2.0,-0.0040054932478827965,-0.010989010989007397,-0.024420024420024333
199181064552800,0.4875606,ramp,-0.0040054932478827965,22.752828,2.0,-0.0040054932478827965,-0.010989010989007397,-0.024420024420024333
199181065557700,0.4885655,ramp,-0.0040054932478827965,22.799723333333333,2.0,-0.0040054932478827965,-0.010989010989007397,-0.024420024420024333
199181066582900,0.4895907,ramp,-0.0040054932478827965,22.847566,2.0,-0.0040054932478827965,-0.010989010989007397,-0.024420024420024333
199181067620500,0.4906283,ramp,-0.0040054932478827965,22.895987333333334,2.0,-0.0040054932478827965,-0.010989010989007397,-0.024420024420024333
199181068615400,0.4916232,ramp,-0.0040054932478827965,22.942416,2.0,-0.0040054932478827965,-0.010989010989007397,-0.024420024420024333
199181069599000,0.4926068,ramp,-0.0040054932478827965,22.988317333333335,2.0,-0.0040054932478827965,-0.010989010989007397,-0.024420024420024333
199181070823600,0.4938314,ramp,-0.0040054932478827965,23.045465333333336,2.0,-0.0040054932478827965,-0.010989010989007397,-0.024420024420024333
199181071439500,0.4944473,ramp,-0.0040054932478827965,23.074207333333334,2.0,-0.0040054932478827965,-0.010989010989007397,-0.024420024420024333
199181072490700,0.4954985,ramp,-0.0040054932478827965,23.123263333333334,2.0,-0.0040054932478827965,-0.010989010989007397,-0.024420024420024333
199181073587500,0.4965953,ramp,-0.0040054932478827965,23.174447333333333,2.0,-0.0040054932478827965,-0.010989010989007397,-0.024420024420024333
199181074091300,0.4970991,ramp,-0.0040054932478827965,23.197958,2.0,-0.0040054932478827965,-0.010989010989007397,-0.024420024420024333
199181075844700,0.4988525,ramp,-0.0040054932478827965,23.279783333333334,2.0,-0.0040054932478827965,-0.010989010989007397,-0.024420024420024333
199181076460900,0.4994687,ramp,-0.0040054932478827965,23.308539333333336,2.0,-0.0040054932478827965,-0.010989010989007397,-0.024420024420024333
199181077597800,0.5006056,ramp,-0.0040054932478827965,23.36159466666667,2.0,-0.0040054932478827965,-0.010989010989007397,-0.024420024420024333
199181078708700,0.5017165,ramp,-0.0040054932478827965,23.413436666666666,2.0,-0.0040054932478827965,-0.010989010989007397,-0.024420024420024333
199181079330500,0.5023383,ramp,-0.0040054932478827965,23.442453999999998,2.0,-0.0040054932478827965,-0.010989010989007397,-0.024420024420024333
199181080355500,0.5033633,ramp,-0.0040054932478827965,23.49028733333333,2.0,-0.0040054932478827965,-0.010989010989007397,-0.024420024420024333
199181081345600,0.5043534,ramp,-0.0040054932478827965,23.536492000000003,2.0,-0.0040054932478827965,-0.010989010989007397,-0.024420024420024333
199181082387300,0.5053951,ramp,-0.0040054932478827965,23.585104666666666,2.0,-0.0040054932478827965,-0.010989010989007397,-0.024420024420024333
199181083387500,0.5063953,ramp,-0.0040054932478827965,23.631780666666668,2.0,-0.0040054932478827965,-0.010989010989007397,-0.024420024420024333
199181084369400,0.5073772,ramp,-0.0040054932478827965,23.67760266666667,2.0,-0.0040054932478827965,-0.010989010989007397,-0.024420024420024333
199181085632600,0.5086404,ramp,-0.0040054932478827965,23.736552,2.0,-0.0040054932478827965,-0.010989010989007397,-0.024420024420024333
199181086636900,0.5096447,ramp,-0.0040054932478827965,23.783419333333335,2.0,-0.0040054932478827965,-0.010989010989007397,-0.024420024420024333
199181087133600,0.5101414,ramp,-0.0040054932478827965,23.806598666666666,2.0,-0.0040054932478827965,-0.010989010989007397,-0.024420024420024333
199181088179000,0.5111868,ramp,-0.0040054932478827965,23.855384,2.0,-0.0040054932478827965,-0.010989010989007397,-0.024420024420024333
199181089672900,0.5126807,ramp,-0.0040054932478827965,23.925099333333332,2.0,-0.0040054932478827965,-0.010989010989007397,-0.024420024420024333
199181090297900,0.5133057,ramp,-0.0040054932478827965,23.954266,2.0,-0.0040054932478827965,-0.010989010989007397,-0.024420024420024333
199181091303000,0.5143108,ramp,-0.0040054932478827965,24.001170666666667,2.0,-0.0040054932478827965,-0.010989010989007397,-0.024420024420024333
199181092347200,0.515355,ramp,-0.0040054932478827965,24.0499,2.0,-0.0040054932478827965,-0.010989010989007397,-0.024420024420024333
199181093391100,0.5163989,ramp,-0.0040054932478827965,24.098615333333335,2.0,-0.0040054932478827965,-0.010989010989007397,-0.024420024420024333
199181094445800,0.5174536,ramp,-0.0040054932478827965,24.147834666666668,2.0,-0.0040054932478827965,-0.010989010989007397,-0.024420024420024333
199181095724500,0.5187323,ramp,-0.0040054932478827965,24.207507333333332,2.0,-0.0040054932478827965,-0.010989010989007397,-0.024420024420024333
199181096325400,0.5193332,ramp,-0.0040054932478827965,24.235549333333335,2.0,-0.0040054932478827965,-0.010989010989007397,-0.024420024420024333
199181097350500,0.5203583,ramp,-0.0040054932478827965,24.283387333333334,2.0,-0.0040054932478827965,-0.010989010989007397,-0.024420024420024333
199181098343800,0.5213516,ramp,-0.0040054932478827965,24.329741333333335,2.0,-0.0040054932478827965,-0.010989010989007397,-0.024420024420024333
199181099374000,0.5223818,ramp,-0.0040054932478827965,24.377817333333333,2.0,-0.0040054932478827965,-0.010989010989007397,-0.024420024420024333
199181100364000,0.5233718,ramp,-0.0040054932478827965,24.424017333333335,2.0,-0.0040054932478827965,-0.010989010989007397,-0.024420024420024333
199181101431500,0.5244393,ramp,-0.0040054932478827965,24.473834,2.0,-0.0040054932478827965,-0.010989010989007397,-0.024420024420024333
199181102382100,0.5253899,ramp,-0.0040054932478827965,24.518195333333335,2.0,-0.0040054932478827965,-0.010989010989007397,-0.024420024420024333
199181103433900,0.5264417,ramp,-0.0040054932478827965,24.567279333333335,2.0,-0.0040054932478827965,-0.010989010989007397,-0.024420024420024333
199181104401500,0.5274093,ramp,-0.0040054932478827965,24.612434,2.0,-0.0040054932478827965,-0.010989010989007397,-0.024420024420024333
199181105425900,0.5284337,ramp,-0.0040054932478827965,24.660239333333333,2.0,-0.0040054932478827965,-0.010989010989007397,-0.024420024420024333
199181106417900,0.5294257,ramp,-0.0040054932478827965,24.706532666666664,2.0,-0.0040054932478827965,-0.010989010989007397,-0.024420024420024333
199181107439400,0.5304472,ramp,-0.0040054932478827965,24.754202666666668,2.0,-0.0040054932478827965,-0.010989010989007397,-0.024420024420024333
199181108505700,0.5315135,ramp,-0.0040054932478827965,24.803963333333332,2.0,-0.0040054932478827965,-0.010989010989007397,-0.024420024420024333
199181109515600,0.5325234,ramp,-0.0040054932478827965,24.851091999999998,2.0,-0.0040054932478827965,-0.010989010989007397,-0.024420024420024333
199181110571100,0.5335789,ramp,-0.0040054932478827965,24.900348666666666,2.0,-0.0040054932478827965,-0.010989010989007397,-0.024420024420024333
199181111803700,0.5348115,ramp,-0.0040054932478827965,24.95787,2.0,-0.0040054932478827965,-0.010989010989007397,-0.024420024420024333
199181112497500,0.5355053,ramp,-0.0040054932478827965,24.990247333333333,2.0,-0.0040054932478827965,-0.010989010989007397,-0.024420024420024333
199181113548600,0.5365564,ramp,-0.0040054932478827965,25.039298666666667,2.0,-0.0040054932478827965,-0.010989010989007397,-0.024420024420024333
199181114519200,0.537527,ramp,-0.0040054932478827965,25.084593333333334,2.0,-0.0040054932478827965,-0.010989010989007397,-0.024420024420024333
199181115527800,0.5385356,ramp,-0.0040054932478827965,25.131661333333334,2.0,-0.0040054932478827965,-0.010989010989007397,-0.024420024420024333
199181116790300,0.5397981,ramp,-0.0040054932478827965,25.190578,2.0,-0.0040054932478827965,-0.010989010989007397,-0.024420024420024333
199181117481200,0.540489,ramp,-0.0040054932478827965,25.222820000000002,2.0,-0.0040054932478827965,-0.010989010989007397,-0.024420024420024333
199181118482200,0.54149,ramp,-0.0040054932478827965,25.26953333333333,2.0,-0.0040054932478827965,-0.010989010989007397,-0.024420024420024333
199181119551600,0.5425594,ramp,-0.0040054932478827965,25.319438666666667,2.0,-0.0040054932478827965,-0.010989010989007397,-0.024420024420024333
199181120572000,0.5435798,ramp,-0.0040054932478827965,25.36705733333333,2.0,-0.0040054932478827965,-0.010989010989007397,-0.024420024420024333
199181121965100,0.5449729,ramp,-0.0040054932478827965,25.432068666666666,2.0,-0.0040054932478827965,-0.010989010989007397,-0.024420024420024333
199181122603200,0.545611,ramp,-0.0040054932478827965,25.461846666666666,2.0,-0.0040054932478827965,-0.010989010989007397,-0.024420024420024333
199181123168600,0.5461764,ramp,-0.0040054932478827965,25.488232,2.0,-0.0040054932478827965,-0.010989010989007397,-0.024420024420024333
199181124242200,0.54725,ramp,-0.0040054932478827965,25.538333333333334,2.0,-0.0040054932478827965,-0.010989010989007397,-0.024420024420024333
199181125307100,0.5483149,ramp,-0.0040054932478827965,25.588028666666666,2.0,-0.0040054932478827965,-0.010989010989007397,-0.024420024420024333
199181126571800,0.5495796,ramp,-0.0040054932478827965,25.647047999999998,2.0,-0.0040054932478827965,-0.010989010989007397,-0.024420024420024333
199181127601700,0.5506095,ramp,-0.0040054932478827965,25.69511,2.0,-0.0040054932478827965,-0.010989010989007397,-0.024420024420024333
199181128797200,0.551805,ramp,-0.0040054932478827965,25.7509,2.0,-0.0040054932478827965,-0.010989010989007397,-0.024420024420024333
199181129433100,0.5524409,ramp,-0.0040054932478827965,25.78057533333333,2.0,-0.0040054932478827965,-0.010989010989007397,-0.024420024420024333
199181130440200,0.553448,ramp,-0.0040054932478827965,25.827573333333333,2.0,-0.0040054932478827965,-0.010989010989007397,-0.024420024420024333
199181131444700,0.5544525,ramp,-0.0040054932478827965,25.87445,2.0,-0.0040054932478827965,-0.010989010989007397,-0.024420024420024333
199181132526400,0.5555342,ramp,-0.0040054932478827965,25.924929333333335,2.0,-0.0040054932478827965,-0.010989010989007397,-0.024420024420024333
199181133698300,0.5567061,ramp,-0.0040054932478827965,25.979618000000002,2.0,-0.0040054932478827965,-0.010989010989007397,-0.024420024420024333
199181134300500,0.5573083,ramp,-0.0040054932478827965,26.007720666666668,2.0,-0.0040054932478827965,-0.010989010989007397,-0.024420024420024333
199181135308500,0.5583163,ramp,-0.0040054932478827965,26.054760666666667,2.0,-0.0040054932478827965,-0.010989010989007397,-0.024420024420024333
199181136502500,0.5595103,ramp,-0.0040054932478827965,26.110480666666664,2.0,-0.0040054932478827965,-0.010989010989007397,-0.024420024420024333
199181137501200,0.560509,ramp,-0.0040054932478827965,26.157086666666668,2.0,-0.0040054932478827965,-0.010989010989007397,-0.024420024420024333
199181138610700,0.5616185,ramp,-0.0040054932478827965,26.208863333333333,2.0,-0.0040054932478827965,-0.010989010989007397,-0.024420024420024333
199181139843600,0.5628514,ramp,-0.0040054932478827965,26.266398666666667,2.0,-0.0040054932478827965,-0.010989010989007397,-0.024420024420024333
199181140479200,0.563487,ramp,-0.0040054932478827965,26.29606,2.0,-0.0040054932478827965,-0.010989010989007397,-0.024420024420024333
199181141479200,0.564487,ramp,-0.0040054932478827965,26.342726666666668,2.0,-0.0040054932478827965,-0.010989010989007397,-0.03418803418803407
199181142577700,0.5655855,ramp,-0.0040054932478827965,26.393990000000002,2.0,-0.0040054932478827965,-0.010989010989007397,-0.03418803418803407
199181143744300,0.5667521,ramp,-0.0040054932478827965,26.448431333333335,2.0,-0.0040054932478827965,-0.010989010989007397,-0.03418803418803407
199181144391000,0.5673988,ramp,-0.0040054932478827965,26.47861066666667,2.0,-0.0040054932478827965,-0.010989010989007397,-0.03418803418803407
199181145397000,0.5684048,ramp,-0.0040054932478827965,26.525557333333335,2.0,-0.0040054932478827965,-0.010989010989007397,-0.03418803418803407
199181146616500,0.5696243,ramp,-0.0040054932478827965,26.582467333333334,2.0,-0.0040054932478827965,-0.010989010989007397,-0.03418803418803407
199181147223900,0.5702317,ramp,-0.0040054932478827965,26.610812666666668,2.0,-0.0040054932478827965,-0.010989010989007397,-0.03418803418803407
199181148253900,0.5712617,ramp,-0.0040054932478827965,26.658879333333335,2.0,-0.0040054932478827965,-0.010989010989007397,-0.03418803418803407
199181149334400,0.5723422,ramp,-0.0040054932478827965,26.709302666666666,2.0,-0.0040054932478827965,-0.010989010989007397,-0.03418803418803407
199181150422000,0.5734298,ramp,-0.0040054932478827965,26.760057333333332,2.0,-0.0040054932478827965,-0.010989010989007397,-0.03418803418803407
199181151789800,0.5747976,ramp,-0.0040054932478827965,26.823888,2.0,-0.0040054932478827965,-0.010989010989007397,-0.03418803418803407
199181152416600,0.5754244,ramp,-0.0040054932478827965,26.853138666666666,2.0,-0.0040054932478827965,-0.010989010989007397,-0.03418803418803407
199181153496400,0.5765042,ramp,-0.0040054932478827965,26.90352933333333,2.0,-0.0040054932478827965,-0.010989010989007397,-0.03418803418803407
199181154506400,0.5775142,ramp,-0.0040054932478827965,26.950662666666666,2.0,-0.0040054932478827965,-0.010989010989007397,-0.03418803418803407
199181155630800,0.5786386,ramp,-0.0040054932478827965,27.003134666666668,2.0,-0.0040054932478827965,-0.010989010989007397,-0.03418803418803407
199181156561600,0.5795694,ramp,-0.0040054932478827965,27.046571999999998,2.0,-0.0040054932478827965,-0.010989010989007397,-0.03418803418803407
199181157604200,0.580612,ramp,-0.0040054932478827965,27.09522666666667,2.0,-0.0040054932478827965,-0.010989010989007397,-0.03418803418803407
199181158600000,0.5816078,ramp,-0.0040054932478827965,27.141697333333333,2.0,-0.0040054932478827965,-0.010989010989007397,-0.03418803418803407
199181159602800,0.5826106,ramp,-0.0040054932478827965,27.188494666666667,2.0,-0.0040054932478827965,-0.010989010989007397,-0.03418803418803407
199181160615700,0.5836235,ramp,-0.0040054932478827965,27.235763333333335,2.0,-0.0040054932478827965,-0.010989010989007397,-0.03418803418803407
199181161671200,0.584679,ramp,-0.0040054932478827965,27.28502,2.0,-0.0040054932478827965,-0.010989010989007397,-0.03418803418803407
199181162614400,0.5856222,ramp,-0.0040054932478827965,27.329036000000002,2.0,-0.0040054932478827965,-0.010989010989007397,-0.03418803418803407
199181163212100,0.5862199,ramp,-0.0040054932478827965,27.356928666666665,2.0,-0.0040054932478827965,-0.010989010989007397,-0.03418803418803407
199181164257600,0.5872654,ramp,-0.0040054932478827965,27.40571866666667,2.0,-0.0040054932478827965,-0.010989010989007397,-0.03418803418803407
199181165232400,0.5882402,ramp,-0.0040054932478827965,27.45120933333333,2.0,-0.0040054932478827965,-0.010989010989007397,-0.03418803418803407
199181166251500,0.5892593,ramp,-0.0040054932478827965,27.498767333333333,2.0,-0.0040054932478827965,-0.010989010989007397,-0.03418803418803407
199181167248600,0.5902564,ramp,-0.0040054932478827965,27.545298666666664,2.0,-0.0040054932478827965,-0.010989010989007397,-0.03418803418803407
199181168250100,0.5912579,ramp,-0.0040054932478827965,27.592035333333335,2.0,-0.0040054932478827965,-0.010989010989007397,-0.03418803418803407
199181169387600,0.5923954,ramp,-0.0040054932478827965,27.645118666666665,2.0,-0.0040054932478827965,-0.010989010989007397,-0.03418803418803407
199181170391800,0.5933996,ramp,-0.0040054932478827965,27.691981333333334,2.0,-0.0040054932478827965,-0.010989010989007397,-0.03418803418803407
199181171476600,0.5944844,ramp,-0.0040054932478827965,27.742605333333334,2.0,-0.0040054932478827965,-0.010989010989007397,-0.03418803418803407
199181172530800,0.5955386,ramp,-0.0040054932478827965,27.791801333333336,2.0,-0.0040054932478827965,-0.010989010989007397,-0.03418803418803407
199181173669200,0.596677,ramp,-0.0040054932478827965,27.844926666666666,2.0,-0.0040054932478827965,-0.010989010989007397,-0.03418803418803407
199181174329500,0.5973373,ramp,-0.0040054932478827965,27.875740666666665,2.0,-0.0040054932478827965,-0.010989010989007397,-0.03418803418803407
199181175329800,0.5983376,ramp,-0.0040054932478827965,27.922421333333332,2.0,-0.0040054932478827965,-0.010989010989007397,-0.03418803418803407
199181176331500,0.5993393,ramp,-0.0040054932478827965,27.96916733333333,2.0,-0.0040054932478827965,-0.010989010989007397,-0.03418803418803407
199181177353200,0.600361,hold,-0.0040054932478827965,28.0,2.0,-0.0040054932478827965,-0.010989010989007397,-0.03418803418803407
199181178429500,0.6014373,hold,-0.0040054932478827965,28.0,2.0,-0.0040054932478827965,-0.010989010989007397,-0.03418803418803407
199181179517800,0.6025256,hold,-0.0040054932478827965,28.0,2.0,-0.0040054932478827965,-0.010989010989007397,-0.03418803418803407
199181180588400,0.6035962,hold,-0.0040054932478827965,28.0,2.0,-0.0040054932478827965,-0.010989010989007397,-0.03418803418803407
199181181771200,0.604779,hold,-0.0040054932478827965,28.0,2.0,-0.0040054932478827965,-0.010989010989007397,-0.03418803418803407
199181182428600,0.6054364,hold,-0.0040054932478827965,28.0,2.0,-0.0040054932478827965,-0.010989010989007397,-0.03418803418803407
199181183441100,0.6064489,hold,-0.0040054932478827965,28.0,2.0,-0.0040054932478827965,-0.010989010989007397,-0.03418803418803407
199181184518900,0.6075267,hold,-0.0040054932478827965,28.0,2.0,-0.0040054932478827965,-0.010989010989007397,-0.03418803418803407
199181185522500,0.6085303,hold,-0.0040054932478827965,28.0,2.0,-0.0040054932478827965,-0.010989010989007397,-0.03418803418803407
199181186592200,0.6096,hold,-0.0040054932478827965,28.0,2.0,-0.0040054932478827965,-0.010989010989007397,-0.03418803418803407
199181187682200,0.61069,hold,-0.0040054932478827965,28.0,2.0,-0.0040054932478827965,-0.010989010989007397,-0.03418803418803407
199181188278600,0.6112864,hold,-0.0040054932478827965,28.0,2.0,-0.0040054932478827965,-0.010989010989007397,-0.03418803418803407
199181189335200,0.612343,hold,-0.0040054932478827965,28.0,2.0,-0.0040054932478827965,-0.010989010989007397,-0.03418803418803407
199181190376000,0.6133838,hold,-0.0040054932478827965,28.0,2.0,-0.0040054932478827965,-0.010989010989007397,-0.03418803418803407
199181191730500,0.6147383,hold,-0.0040054932478827965,28.0,2.0,-0.0040054932478827965,-0.010989010989007397,-0.03418803418803407
199181192333700,0.6153415,hold,-0.0040054932478827965,28.0,2.0,-0.0040054932478827965,-0.010989010989007397,-0.03418803418803407
199181193406500,0.6164143,hold,-0.0040054932478827965,28.0,2.0,-0.0040054932478827965,-0.010989010989007397,-0.03418803418803407
199181194415400,0.6174232,hold,-0.0040054932478827965,28.0,2.0,-0.0040054932478827965,-0.010989010989007397,-0.03418803418803407
199181195645500,0.6186533,hold,-0.0040054932478827965,28.0,2.0,-0.0040054932478827965,-0.010989010989007397,-0.03418803418803407
199181196239200,0.619247,hold,-0.0040054932478827965,28.0,2.0,-0.0040054932478827965,-0.010989010989007397,-0.03418803418803407
199181197242000,0.6202498,hold,-0.0040054932478827965,28.0,2.0,-0.0040054932478827965,-0.010989010989007397,-0.03418803418803407
199181198332200,0.62134,hold,-0.0040054932478827965,28.0,2.0,-0.0040054932478827965,-0.010989010989007397,-0.03418803418803407
199181199461300,0.6224691,hold,-0.0040054932478827965,28.0,2.0,-0.0040054932478827965,-0.010989010989007397,-0.03418803418803407
199181200609700,0.6236175,hold,-0.0040054932478827965,28.0,2.0,-0.0040054932478827965,-0.010989010989007397,-0.03418803418803407
199181201612600,0.6246204,hold,-0.0040054932478827965,28.0,2.0,-0.0040054932478827965,-0.010989010989007397,-0.03418803418803407
199181202867400,0.6258752,hold,-0.0040054932478827965,28.0,2.0,-0.0040054932478827965,-0.010989010989007397,-0.03418803418803407
199181203479700,0.6264875,hold,-0.0040054932478827965,28.0,2.0,-0.0040054932478827965,-0.010989010989007397,-0.03418803418803407
199181204559900,0.6275677,hold,-0.0040054932478827965,28.0,2.0,-0.0040054932478827965,-0.010989010989007397,-0.03418803418803407
199181205660700,0.6286685,hold,-0.0040054932478827965,28.0,2.0,-0.0040054932478827965,-0.010989010989007397,-0.03418803418803407
199181206160300,0.6291681,hold,-0.0040054932478827965,28.0,2.0,-0.0040054932478827965,-0.010989010989007397,-0.03418803418803407
199181207197700,0.6302055,hold,-0.0040054932478827965,28.0,2.0,-0.0040054932478827965,-0.010989010989007397,-0.03418803418803407
199181208301100,0.6313089,hold,-0.0040054932478827965,28.0,2.0,-0.0040054932478827965,-0.010989010989007397,-0.03418803418803407
199181209352200,0.63236,hold,-0.0040054932478827965,28.0,2.0,-0.0040054932478827965,-0.010989010989007397,-0.03418803418803407
199181210422500,0.6334303,hold,-0.0040054932478827965,28.0,2.0,-0.0040054932478827965,-0.010989010989007397,-0.03418803418803407
199181211531900,0.6345397,hold,-0.0040054932478827965,28.0,2.0,-0.0040054932478827965,-0.010989010989007397,-0.03418803418803407
199181212590900,0.6355987,hold,-0.0040054932478827965,28.0,2.0,-0.0040054932478827965,-0.010989010989007397,-0.03418803418803407
199181213187300,0.6361951,hold,-0.0040054932478827965,28.0,2.0,-0.0040054932478827965,-0.010989010989007397,-0.03418803418803407
199181214200000,0.6372078,hold,-0.0040054932478827965,28.0,2.0,-0.0040054932478827965,-0.010989010989007397,-0.03418803418803407
199181215927300,0.6389351,hold,-0.0040054932478827965,28.0,2.0,-0.0040054932478827965,-0.010989010989007397,-0.03418803418803407
199181216560900,0.6395687,hold,-0.0040054932478827965,28.0,2.0,-0.0040054932478827965,-0.010989010989007397,-0.03418803418803407
199181217638500,0.6406463,hold,-0.0040054932478827965,28.0,2.0,-0.0040054932478827965,-0.010989010989007397,-0.03418803418803407
199181218787600,0.6417954,hold,-0.0040054932478827965,28.0,2.0,-0.0040054932478827965,-0.010989010989007397,-0.03418803418803407
199181219560600,0.6425684,hold,-0.0040054932478827965,28.0,2.0,-0.0040054932478827965,-0.010989010989007397,-0.03418803418803407
199181220240300,0.6432481,hold,-0.0040054932478827965,28.0,2.0,-0.0040054932478827965,-0.010989010989007397,-0.03418803418803407
199181221245500,0.6442533,hold,-0.0040054932478827965,28.0,2.0,-0.0040054932478827965,-0.010989010989007397,-0.03418803418803407
199181222320100,0.6453279,hold,-0.0040054932478827965,28.0,2.0,-0.0040054932478827965,-0.010989010989007397,-0.03418803418803407
199181223458300,0.6464661,hold,-0.0040054932478827965,28.0,2.0,-0.0040054932478827965,-0.010989010989007397,-0.03418803418803407
199181224666700,0.6476745,hold,-0.0040054932478827965,28.0,2.0,-0.0040054932478827965,-0.010989010989007397,-0.03418803418803407
199181225861300,0.6488691,hold,-0.0040054932478827965,28.0,2.0,-0.0040054932478827965,-0.010989010989007397,-0.03418803418803407
199181226482500,0.6494903,hold,-0.0040054932478827965,28.0,2.0,-0.0040054932478827965,-0.010989010989007397,-0.03418803418803407
199181227481500,0.6504893,hold,-0.0040054932478827965,28.0,2.0,-0.0040054932478827965,-0.010989010989007397,-0.03418803418803407
199181228526500,0.6515343,hold,-0.0040054932478827965,28.0,2.0,-0.0040054932478827965,-0.010989010989007397,-0.03418803418803407
199181229656100,0.6526639,hold,-0.0040054932478827965,28.0,2.0,-0.0040054932478827965,-0.010989010989007397,-0.03418803418803407
199181230988100,0.6539959,hold,-0.0040054932478827965,28.0,2.0,-0.0040054932478827965,-0.010989010989007397,-0.03418803418803407
199181231596300,0.6546041,hold,-0.0040054932478827965,28.0,2.0,-0.0040054932478827965,-0.010989010989007397,-0.03418803418803407
199181232180500,0.6551883,hold,-0.0040054932478827965,28.0,2.0,-0.0040054932478827965,-0.010989010989007397,-0.03418803418803407
199181233251300,0.6562591,hold,-0.0040054932478827965,28.0,2.0,-0.0040054932478827965,-0.010989010989007397,-0.03418803418803407
199181235022000,0.6580298,hold,-0.0040054932478827965,28.0,2.0,-0.0040054932478827965,-0.010989010989007397,-0.03418803418803407
199181235169700,0.6581775,hold,-0.0040054932478827965,28.0,2.0,-0.0040054932478827965,-0.010989010989007397,-0.03418803418803407
199181236270600,0.6592784,hold,-0.0040054932478827965,28.0,2.0,-0.0040054932478827965,-0.010989010989007397,-0.03418803418803407
199181237272600,0.6602804,hold,-0.0040054932478827965,28.0,2.0,-0.0040054932478827965,-0.010989010989007397,-0.03418803418803407
199181238308500,0.6613163,hold,-0.0040054932478827965,28.0,2.0,-0.0040054932478827965,-0.010989010989007397,-0.03418803418803407
199181239383800,0.6623916,hold,-0.0040054932478827965,28.0,2.0,-0.0040054932478827965,-0.010989010989007397,-0.03418803418803407
199181240383400,0.6633912,hold,-0.0040054932478827965,28.0,2.0,-0.0040054932478827965,-0.010989010989007397,-0.03418803418803407
199181241387000,0.6643948,hold,-0.0040054932478827965,28.0,2.0,-0.0040054932478827965,-0.010989010989007397,-0.03418803418803407
199181242403200,0.665411,hold,-0.0040054932478827965,28.0,2.0,-0.0040054932478827965,-0.010989010989007397,-0.03418803418803407
199181243525300,0.6665331,hold,-0.0040054932478827965,28.0,2.0,-0.0040054932478827965,-0.010989010989007397,-0.03418803418803407
199181244705400,0.6677132,hold,-0.0040054932478827965,28.0,2.0,-0.0040054932478827965,-0.010989010989007397,-0.03418803418803407
199181245393400,0.6684012,hold,-0.0040054932478827965,28.0,2.0,-0.0040054932478827965,-0.010989010989007397,-0.03418803418803407
199181246401600,0.6694094,hold,-0.0040054932478827965,28.0,2.0,-0.0040054932478827965,-0.010989010989007397,-0.03418803418803407
199181247409700,0.6704175,hold,-0.0040054932478827965,28.0,2.0,-0.0040054932478827965,-0.010989010989007397,-0.03418803418803407
199181248621000,0.6716288,hold,-0.0040054932478827965,28.0,2.0,-0.0040054932478827965,-0.010989010989007397,-0.03418803418803407
199181249487400,0.6724952,hold,-0.0040054932478827965,28.0,2.0,-0.0040054932478827965,-0.010989010989007397,-0.03418803418803407
199181251520500,0.6745283,hold,-0.0040054932478827965,28.0,2.0,-0.004386968795300206,-0.0329670329670364,-0.03418803418803407
199181251603000,0.6746108,hold,-0.0040054932478827965,28.0,2.0,-0.004386968795300206,-0.0329670329670364,-0.03418803418803407
199181252519700,0.6755275,hold,-0.0040054932478827965,28.0,2.0,-0.004386968795300206,-0.0329670329670364,-0.03418803418803407
199181253616700,0.6766245,hold,-0.0040054932478827965,28.0,2.0,-0.004386968795300206,-0.0329670329670364,-0.03418803418803407
199181254352000,0.6773598,hold,-0.0040054932478827965,28.0,2.0,-0.004386968795300206,-0.0329670329670364,-0.03418803418803407
199181255219300,0.6782271,hold,-0.0040054932478827965,28.0,2.0,-0.004386968795300206,-0.0329670329670364,-0.03418803418803407
199181256222100,0.6792299,hold,-0.0040054932478827965,28.0,2.0,-0.004386968795300206,-0.0329670329670364,-0.03418803418803407
199181257225700,0.6802335,hold,-0.0040054932478827965,28.0,2.0,-0.004386968795300206,-0.0329670329670364,-0.03418803418803407
199181258280200,0.681288,hold,-0.0040054932478827965,28.0,2.0,-0.004386968795300206,-0.0329670329670364,-0.03418803418803407
199181259436500,0.6824443,hold,-0.0040054932478827965,28.0,2.0,-0.004386968795300206,-0.0329670329670364,-0.03418803418803407
199181260437500,0.6834453,hold,-0.0040054932478827965,28.0,2.0,-0.004386968795300206,-0.0329670329670364,-0.03418803418803407
199181261441200,0.684449,hold,-0.0040054932478827965,28.0,2.0,-0.004386968795300206,-0.0329670329670364,-0.03418803418803407
199181262519300,0.6855271,hold,-0.0040054932478827965,28.0,2.0,-0.004386968795300206,-0.0329670329670364,-0.03418803418803407
199181263565100,0.6865729,hold,-0.0040054932478827965,28.0,2.0,-0.004386968795300206,-0.0329670329670364,-0.03418803418803407
199181264666500,0.6876743,hold,-0.0040054932478827965,28.0,2.0,-0.004386968795300206,-0.0329670329670364,-0.03418803418803407
199181266056900,0.6890647,hold,-0.0040054932478827965,28.0,2.0,-0.004386968795300206,-0.0329670329670364,-0.03418803418803407
199181266168000,0.6891758,hold,-0.0040054932478827965,28.0,2.0,-0.004386968795300206,-0.0329670329670364,-0.03418803418803407
199181267770700,0.6907785,hold,-0.0040054932478827965,28.0,2.0,-0.004386968795300206,-0.0329670329670364,-0.03418803418803407
199181268407600,0.6914154,hold,-0.0040054932478827965,28.0,2.0,-0.004386968795300206,-0.0329670329670364,-0.03418803418803407
199181269596100,0.6926039,hold,-0.0040054932478827965,28.0,2.0,-0.004386968795300206,-0.0329670329670364,-0.03418803418803407
199181270417000,0.6934248,hold,-0.0040054932478827965,28.0,2.0,-0.004386968795300206,-0.0329670329670364,-0.03418803418803407
199181271417200,0.694425,hold,-0.0040054932478827965,28.0,2.0,-0.004386968795300206,-0.0329670329670364,-0.03418803418803407
199181272521800,0.6955296,hold,-0.0040054932478827965,28.0,2.0,-0.004386968795300206,-0.0329670329670364,-0.03418803418803407
199181273702000,0.6967098,hold,-0.0040054932478827965,28.0,2.0,-0.004386968795300206,-0.0329670329670364,-0.03418803418803407
199181274622700,0.6976305,hold,-0.0040054932478827965,28.0,2.0,-0.004386968795300206,-0.0329670329670364,-0.03418803418803407
199181275828000,0.6988358,hold,-0.0040054932478827965,28.0,2.0,-0.004386968795300206,-0.0329670329670364,-0.03418803418803407
199181276430500,0.6994383,hold,-0.0040054932478827965,28.0,2.0,-0.004386968795300206,-0.0329670329670364,-0.03418803418803407
199181277435200,0.700443,hold,-0.0040054932478827965,28.0,2.0,-0.004386968795300206,-0.0329670329670364,-0.03418803418803407
199181278515600,0.7015234,hold,-0.0040054932478827965,28.0,2.0,-0.004386968795300206,-0.0329670329670364,-0.03418803418803407
199181279757900,0.7027657,hold,-0.0040054932478827965,28.0,2.0,-0.004386968795300206,-0.0329670329670364,-0.03418803418803407
199181280494900,0.7035027,hold,-0.0040054932478827965,28.0,2.0,-0.004386968795300206,-0.0329670329670364,-0.03418803418803407
199181281505100,0.7045129,hold,-0.0040054932478827965,28.0,2.0,-0.004386968795300206,-0.0329670329670364,-0.03418803418803407
199181282528700,0.7055365,hold,-0.0040054932478827965,28.0,2.0,-0.004386968795300206,-0.0329670329670364,-0.03418803418803407
199181283540200,0.706548,hold,-0.0040054932478827965,28.0,2.0,-0.004386968795300206,-0.0329670329670364,-0.03418803418803407
199181284518700,0.7075265,hold,-0.0040054932478827965,28.0,2.0,-0.004386968795300206,-0.0329670329670364,-0.03418803418803407
199181285525000,0.7085328,hold,-0.0040054932478827965,28.0,2.0,-0.004386968795300206,-0.0329670329670364,-0.03418803418803407
199181286663400,0.7096712,hold,-0.0040054932478827965,28.0,2.0,-0.004386968795300206,-0.0329670329670364,-0.03418803418803407
199181287268900,0.7102767,hold,-0.0040054932478827965,28.0,2.0,-0.004386968795300206,-0.0329670329670364,-0.03418803418803407
199181288291700,0.7112995,hold,-0.0040054932478827965,28.0,2.0,-0.004386968795300206,-0.0329670329670364,-0.03418803418803407
199181289356500,0.7123643,hold,-0.0040054932478827965,28.0,2.0,-0.004386968795300206,-0.0329670329670364,-0.03418803418803407
199181290422400,0.7134302,hold,-0.0040054932478827965,28.0,2.0,-0.004386968795300206,-0.0329670329670364,-0.03418803418803407
199181291506700,0.7145145,hold,-0.0040054932478827965,28.0,2.0,-0.004386968795300206,-0.0329670329670364,-0.03418803418803407
199181292600100,0.7156079,hold,-0.0040054932478827965,28.0,2.0,-0.004386968795300206,-0.0329670329670364,-0.03418803418803407
199181293268700,0.7162765,hold,-0.0040054932478827965,28.0,2.0,-0.004386968795300206,-0.0329670329670364,-0.03418803418803407
199181294215000,0.7172228,hold,-0.0040054932478827965,28.0,2.0,-0.004386968795300206,-0.0329670329670364,-0.03418803418803407
199181295282200,0.71829,hold,-0.0040054932478827965,28.0,2.0,-0.004386968795300206,-0.0329670329670364,-0.03418803418803407
199181296222200,0.71923,hold,-0.0040054932478827965,28.0,2.0,-0.004386968795300206,-0.0329670329670364,-0.03418803418803407
199181297299000,0.7203068,hold,-0.0040054932478827965,28.0,2.0,-0.004386968795300206,-0.0329670329670364,-0.03418803418803407
199181298419500,0.7214273,hold,-0.0040054932478827965,28.0,2.0,-0.004386968795300206,-0.0329670329670364,-0.03418803418803407
199181299429000,0.7224368,hold,-0.0040054932478827965,28.0,2.0,-0.004386968795300206,-0.0329670329670364,-0.03418803418803407
199181300428700,0.7234365,hold,-0.0040054932478827965,28.0,2.0,-0.004386968795300206,-0.0329670329670364,-0.03418803418803407
199181301432500,0.7244403,hold,-0.0040054932478827965,28.0,2.0,-0.004386968795300206,-0.0329670329670364,-0.03418803418803407
199181302623300,0.7256311,hold,-0.0040054932478827965,28.0,2.0,-0.004386968795300206,-0.0329670329670364,-0.03418803418803407
199181303290500,0.7262983,hold,-0.0040054932478827965,28.0,2.0,-0.004386968795300206,-0.0329670329670364,-0.03418803418803407
199181304291200,0.727299,hold,-0.0040054932478827965,28.0,2.0,-0.004386968795300206,-0.0329670329670364,-0.03418803418803407
199181305385800,0.7283936,hold,-0.0040054932478827965,28.0,2.0,-0.004386968795300206,-0.0329670329670364,-0.03418803418803407
199181306458600,0.7294664,hold,-0.0040054932478827965,28.0,2.0,-0.004386968795300206,-0.0329670329670364,-0.03418803418803407
199181307597500,0.7306053,hold,-0.0040054932478827965,28.0,2.0,-0.004386968795300206,-0.0329670329670364,-0.03418803418803407
199181308812800,0.7318206,hold,-0.0040054932478827965,28.0,2.0,-0.004386968795300206,-0.0329670329670364,-0.03418803418803407
199181309553300,0.7325611,hold,-0.0040054932478827965,28.0,2.0,-0.004386968795300206,-0.0329670329670364,-0.03418803418803407
199181310598700,0.7336065,hold,-0.0040054932478827965,28.0,2.0,-0.004386968795300206,-0.0329670329670364,-0.03418803418803407
199181311535700,0.7345435,hold,-0.0040054932478827965,28.0,2.0,-0.004386968795300206,-0.0329670329670364,-0.03418803418803407
199181312534600,0.7355424,hold,-0.0040054932478827965,28.0,2.0,-0.004386968795300206,-0.0329670329670364,-0.03418803418803407
199181313601000,0.7366088,hold,-0.0040054932478827965,28.0,2.0,-0.004386968795300206,-0.0329670329670364,-0.03418803418803407
199181314172100,0.7371799,hold,-0.0040054932478827965,28.0,2.0,-0.004386968795300206,-0.0329670329670364,-0.03418803418803407
199181315176100,0.7381839,hold,-0.0040054932478827965,28.0,2.0,-0.004386968795300206,-0.0329670329670364,-0.03418803418803407
199181316283100,0.7392909,hold,-0.0040054932478827965,28.0,2.0,-0.004386968795300206,-0.0329670329670364,-0.03418803418803407
199181317416400,0.7404242,hold,-0.0040054932478827965,28.0,2.0,-0.004386968795300206,-0.0329670329670364,-0.03418803418803407
199181318719000,0.7417268,hold,-0.0040054932478827965,28.0,2.0,-0.004386968795300206,-0.0329670329670364,-0.03418803418803407
199181319336000,0.7423438,hold,-0.0040054932478827965,28.0,2.0,-0.004386968795300206,-0.0329670329670364,-0.03418803418803407
199181320344600,0.7433524,hold,-0.0040054932478827965,28.0,2.0,-0.004386968795300206,-0.0329670329670364,-0.03418803418803407
199181321364300,0.7443721,hold,-0.0040054932478827965,28.0,2.0,-0.004386968795300206,-0.0329670329670364,-0.03418803418803407
199181322378100,0.7453859,hold,-0.0040054932478827965,28.0,2.0,-0.004386968795300206,-0.0329670329670364,-0.03418803418803407
199181323391400,0.7463992,hold,-0.0040054932478827965,28.0,2.0,-0.004386968795300206,-0.0329670329670364,-0.03418803418803407
199181324411300,0.7474191,hold,-0.0040054932478827965,28.0,2.0,-0.004386968795300206,-0.0329670329670364,-0.03418803418803407
199181325294800,0.7483026,hold,-0.0040054932478827965,28.0,2.0,-0.004386968795300206,-0.0329670329670364,-0.03418803418803407
199181326384200,0.749392,hold,-0.0040054932478827965,28.0,2.0,-0.004386968795300206,-0.0329670329670364,-0.03418803418803407
199181327546800,0.7505546,hold,-0.0040054932478827965,28.0,2.0,-0.004386968795300206,-0.0329670329670364,-0.03418803418803407
199181328556100,0.7515639,hold,-0.0040054932478827965,28.0,2.0,-0.004386968795300206,-0.0329670329670364,-0.03418803418803407
199181329581800,0.7525896,hold,-0.0040054932478827965,28.0,2.0,-0.004386968795300206,-0.0329670329670364,-0.03418803418803407
199181330597800,0.7536056,hold,-0.0040054932478827965,28.0,2.0,-0.004386968795300206,-0.0329670329670364,-0.03418803418803407
199181331106800,0.7541146,hold,-0.0040054932478827965,28.0,2.0,-0.004386968795300206,-0.0329670329670364,-0.03418803418803407
199181332183400,0.7551912,hold,-0.0040054932478827965,28.0,2.0,-0.004386968795300206,-0.0329670329670364,-0.03418803418803407
199181333205100,0.7562129,hold,-0.0040054932478827965,28.0,2.0,-0.004386968795300206,-0.0329670329670364,-0.03418803418803407
199181334490900,0.7574987,hold,-0.0040054932478827965,28.0,2.0,-0.004386968795300206,-0.0329670329670364,-0.03418803418803407
199181335755200,0.758763,hold,-0.0040054932478827965,28.0,2.0,-0.004386968795300206,-0.0329670329670364,-0.03418803418803407
199181336350100,0.7593579,hold,-0.0040054932478827965,28.0,2.0,-0.004386968795300206,-0.0329670329670364,-0.03418803418803407
199181337431600,0.7604394,hold,-0.0040054932478827965,28.0,2.0,-0.004386968795300206,-0.0329670329670364,-0.03418803418803407
199181338434600,0.7614424,hold,-0.0040054932478827965,28.0,2.0,-0.004386968795300206,-0.0329670329670364,-0.03418803418803407
199181339514400,0.7625222,hold,-0.0040054932478827965,28.0,2.0,-0.004386968795300206,-0.0329670329670364,-0.03418803418803407
199181340906800,0.7639146,hold,-0.0040054932478827965,28.0,2.0,-0.004386968795300206,-0.0329670329670364,-0.03418803418803407
199181341595000,0.7646028,hold,-0.0040054932478827965,28.0,2.0,-0.004386968795300206,-0.0329670329670364,-0.03418803418803407
199181342607600,0.7656154,hold,-0.0040054932478827965,28.0,2.0,-0.004386968795300206,-0.0329670329670364,-0.03418803418803407
199181343100600,0.7661084,hold,-0.0040054932478827965,28.0,2.0,-0.004386968795300206,-0.0329670329670364,-0.03418803418803407
199181344106500,0.7671143,hold,-0.0040054932478827965,28.0,2.0,-0.004386968795300206,-0.0329670329670364,-0.03418803418803407
199181346425400,0.7694332,hold,-0.0040054932478827965,28.0,2.0,-0.004386968795300206,-0.0329670329670364,-0.03418803418803407
199181346542800,0.7695506,hold,-0.0040054932478827965,28.0,2.0,-0.004386968795300206,-0.0329670329670364,-0.03418803418803407
199181347389100,0.7703969,hold,-0.0040054932478827965,28.0,2.0,-0.004386968795300206,-0.0329670329670364,-0.03418803418803407
199181348397800,0.7714056,hold,-0.0040054932478827965,28.0,2.0,-0.004386968795300206,-0.0329670329670364,-0.03418803418803407
199181349404400,0.7724122,hold,-0.0040054932478827965,28.0,2.0,-0.004386968795300206,-0.0329670329670364,-0.03418803418803407
199181350610600,0.7736184,hold,-0.0040054932478827965,28.0,2.0,-0.004386968795300206,-0.0329670329670364,-0.03418803418803407
199181351611800,0.7746196,hold,-0.0040054932478827965,28.0,2.0,-0.004386968795300206,-0.0329670329670364,-0.03418803418803407
199181352765900,0.7757737,hold,-0.0040054932478827965,28.0,2.0,-0.004386968795300206,-0.0329670329670364,-0.03418803418803407
199181353470500,0.7764783,hold,-0.0040054932478827965,28.0,2.0,-0.004386968795300206,-0.0329670329670364,-0.03418803418803407
199181354480400,0.7774882,hold,-0.0040054932478827965,28.0,2.0,-0.004386968795300206,-0.0329670329670364,-0.03418803418803407
199181355482100,0.7784899,hold,-0.0040054932478827965,28.0,2.0,-0.004386968795300206,-0.0329670329670364,-0.03418803418803407
199181356552100,0.7795599,hold,-0.0040054932478827965,28.0,2.0,-0.004386968795300206,-0.0329670329670364,-0.03418803418803407
199181357510300,0.7805181,hold,-0.0040054932478827965,28.0,2.0,-0.004386968795300206,-0.010989010989007397,-0.03418803418803407
199181358522300,0.7815301,hold,-0.0040054932478827965,28.0,2.0,-0.004386968795300206,-0.010989010989007397,-0.03418803418803407
199181359684800,0.7826926,hold,-0.0040054932478827965,28.0,2.0,-0.004386968795300206,-0.010989010989007397,-0.03418803418803407
199181360341700,0.7833495,hold,-0.0040054932478827965,28.0,2.0,-0.004386968795300206,-0.010989010989007397,-0.03418803418803407
199181361345100,0.7843529,hold,-0.0040054932478827965,28.0,2.0,-0.004386968795300206,-0.010989010989007397,-0.03418803418803407
199181362452700,0.7854605,hold,-0.0040054932478827965,28.0,2.0,-0.004386968795300206,-0.010989010989007397,-0.03418803418803407
199181363532700,0.7865405,hold,-0.0040054932478827965,28.0,2.0,-0.004386968795300206,-0.010989010989007397,-0.03418803418803407
199181364529400,0.7875372,hold,-0.0040054932478827965,28.0,2.0,-0.004386968795300206,-0.010989010989007397,-0.03418803418803407
199181365466300,0.7884741,hold,-0.0040054932478827965,28.0,2.0,-0.004386968795300206,-0.010989010989007397,-0.03418803418803407
199181366468300,0.7894761,hold,-0.0040054932478827965,28.0,2.0,-0.004386968795300206,-0.010989010989007397,-0.03418803418803407
199181367649100,0.7906569,hold,-0.0040054932478827965,28.0,2.0,-0.004386968795300206,-0.010989010989007397,-0.03418803418803407
199181368847200,0.791855,hold,-0.0040054932478827965,28.0,2.0,-0.004386968795300206,-0.010989010989007397,-0.03418803418803407
199181369507700,0.7925155,hold,-0.0040054932478827965,28.0,2.0,-0.004386968795300206,-0.010989010989007397,-0.03418803418803407
199181370508800,0.7935166,hold,-0.0040054932478827965,28.0,2.0,-0.004386968795300206,-0.010989010989007397,-0.03418803418803407
199181371514600,0.7945224,hold,-0.0040054932478827965,28.0,2.0,-0.004386968795300206,-0.010989010989007397,-0.03418803418803407
199181372611400,0.7956192,hold,-0.0040054932478827965,28.0,2.0,-0.004386968795300206,-0.010989010989007397,-0.03418803418803407
199181373521100,0.7965289,hold,-0.0040054932478827965,28.0,2.0,-0.004386968795300206,-0.010989010989007397,-0.03418803418803407
199181374772500,0.7977803,hold,-0.0040054932478827965,28.0,2.0,-0.004386968795300206,-0.010989010989007397,-0.03418803418803407
199181375530400,0.7985382,hold,-0.0040054932478827965,28.0,2.0,-0.004386968795300206,-0.010989010989007397,-0.03418803418803407
199181376537300,0.7995451,hold,-0.0040054932478827965,28.0,2.0,-0.004386968795300206,-0.010989010989007397,-0.03418803418803407
199181377543900,0.8005517,hold,-0.0040054932478827965,28.0,2.0,-0.004386968795300206,-0.010989010989007397,-0.03418803418803407
199181378548200,0.801556,hold,-0.0040054932478827965,28.0,2.0,-0.004386968795300206,-0.010989010989007397,-0.03418803418803407
199181379585700,0.8025935,hold,-0.0040054932478827965,28.0,2.0,-0.004386968795300206,-0.010989010989007397,-0.03418803418803407
199181380591700,0.8035995,hold,-0.0040054932478827965,28.0,2.0,-0.004386968795300206,-0.010989010989007397,-0.03418803418803407
199181381592200,0.8046,hold,-0.0040054932478827965,28.0,2.0,-0.004386968795300206,-0.010989010989007397,-0.03418803418803407
199181382701300,0.8057091,hold,-0.0040054932478827965,28.0,2.0,-0.004386968795300206,-0.010989010989007397,-0.03418803418803407
199181383295300,0.8063031,hold,-0.0040054932478827965,28.0,2.0,-0.004386968795300206,-0.010989010989007397,-0.03418803418803407
199181384530800,0.8075386,hold,-0.0040054932478827965,28.0,2.0,-0.004386968795300206,-0.010989010989007397,-0.03418803418803407
199181385306600,0.8083144,hold,-0.0040054932478827965,28.0,2.0,-0.004386968795300206,-0.010989010989007397,-0.03418803418803407
199181386306400,0.8093142,hold,-0.0040054932478827965,28.0,2.0,-0.004386968795300206,-0.010989010989007397,-0.03418803418803407
199181387389900,0.8103977,hold,-0.0040054932478827965,28.0,2.0,-0.004386968795300206,-0.010989010989007397,-0.03418803418803407
199181388583900,0.8115917,hold,-0.0040054932478827965,28.0,2.0,-0.004386968795300206,-0.010989010989007397,-0.03418803418803407
199181389683900,0.8126917,hold,-0.0040054932478827965,28.0,2.0,-0.004386968795300206,-0.010989010989007397,-0.03418803418803407
199181390347700,0.8133555,hold,-0.0040054932478827965,28.0,2.0,-0.004386968795300206,-0.010989010989007397,-0.03418803418803407
199181391359700,0.8143675,hold,-0.0040054932478827965,28.0,2.0,-0.004386968795300206,-0.010989010989007397,-0.03418803418803407
199181392362800,0.8153706,hold,-0.0040054932478827965,28.0,2.0,-0.004386968795300206,-0.010989010989007397,-0.03418803418803407
199181393384200,0.816392,hold,-0.0040054932478827965,28.0,2.0,-0.004386968795300206,-0.010989010989007397,-0.03418803418803407
199181394478500,0.8174863,hold,-0.0040054932478827965,28.0,2.0,-0.004386968795300206,-0.010989010989007397,-0.03418803418803407
199181395471900,0.8184797,hold,-0.0040054932478827965,28.0,2.0,-0.004386968795300206,-0.010989010989007397,-0.03418803418803407
199181396470000,0.8194778,hold,-0.0040054932478827965,28.0,2.0,-0.004386968795300206,-0.010989010989007397,-0.03418803418803407
199181397563700,0.8205715,hold,-0.0040054932478827965,28.0,2.0,-0.004386968795300206,-0.010989010989007397,-0.03418803418803407
199181398769700,0.8217775,hold,-0.0040054932478827965,28.0,2.0,-0.004386968795300206,-0.010989010989007397,-0.03418803418803407
199181399387800,0.8223956,hold,-0.0040054932478827965,28.0,2.0,-0.004386968795300206,-0.010989010989007397,-0.03418803418803407
199181400395600,0.8234034,hold,-0.0040054932478827965,28.0,2.0,-0.004386968795300206,-0.010989010989007397,-0.03418803418803407
199181401518700,0.8245265,hold,-0.0040054932478827965,28.0,2.0,-0.004386968795300206,-0.010989010989007397,-0.03418803418803407
199181402606000,0.8256138,hold,-0.0040054932478827965,28.0,2.0,-0.004386968795300206,-0.010989010989007397,-0.03418803418803407
199181403900300,0.8269081,hold,-0.0040054932478827965,28.0,2.0,-0.004386968795300206,-0.010989010989007397,-0.03418803418803407
199181404505500,0.8275133,hold,-0.0040054932478827965,28.0,2.0,-0.004386968795300206,-0.010989010989007397,-0.03418803418803407
199181405512100,0.8285199,hold,-0.0040054932478827965,28.0,2.0,-0.004386968795300206,-0.010989010989007397,-0.03418803418803407
199181406859900,0.8298677,hold,-0.0040054932478827965,28.0,2.0,-0.004386968795300206,-0.010989010989007397,-0.03418803418803407
199181407906700,0.8309145,hold,-0.0040054932478827965,28.0,2.0,-0.004386968795300206,-0.010989010989007397,-0.03418803418803407
199181408554600,0.8315624,hold,-0.0040054932478827965,28.0,2.0,-0.004386968795300206,-0.010989010989007397,-0.03418803418803407
199181409544400,0.8325522,hold,-0.0040054932478827965,28.0,2.0,-0.004386968795300206,-0.010989010989007397,-0.03418803418803407
199181410547700,0.8335555,hold,-0.0040054932478827965,28.0,2.0,-0.004386968795300206,-0.010989010989007397,-0.03418803418803407
199181411548300,0.8345561,hold,-0.0040054932478827965,28.0,2.0,-0.004386968795300206,-0.010989010989007397,-0.03418803418803407
199181412683900,0.8356917,hold,-0.0040054932478827965,28.0,2.0,-0.004386968795300206,-0.010989010989007397,-0.03418803418803407
199181413273100,0.8362809,hold,-0.0040054932478827965,28.0,2.0,-0.004386968795300206,-0.010989010989007397,-0.03418803418803407
199181414295900,0.8373037,hold,-0.0040054932478827965,28.0,2.0,-0.004386968795300206,-0.010989010989007397,-0.03418803418803407
199181415297600,0.8383054,hold,-0.0040054932478827965,28.0,2.0,-0.004386968795300206,-0.010989010989007397,-0.03418803418803407
199181416296000,0.8393038,hold,-0.0040054932478827965,28.0,2.0,-0.004386968795300206,-0.010989010989007397,-0.03418803418803407
199181417437000,0.8404448,hold,-0.0040054932478827965,28.0,2.0,-0.004386968795300206,-0.010989010989007397,-0.03418803418803407
199181418523800,0.8415316,hold,-0.0040054932478827965,28.0,2.0,-0.004386968795300206,-0.010989010989007397,-0.03418803418803407
199181419774600,0.8427824,hold,-0.0040054932478827965,28.0,2.0,-0.004386968795300206,-0.010989010989007397,-0.03418803418803407
199181420445800,0.8434536,hold,-0.0040054932478827965,28.0,2.0,-0.004386968795300206,-0.010989010989007397,-0.03418803418803407
199181421448200,0.844456,hold,-0.0040054932478827965,28.0,2.0,-0.004386968795300206,-0.010989010989007397,-0.03418803418803407
199181422560400,0.8455682,hold,-0.0040054932478827965,28.0,2.0,-0.004386968795300206,-0.010989010989007397,-0.03418803418803407
199181423822300,0.8468301,hold,-0.0040054932478827965,28.0,2.0,-0.004386968795300206,-0.010989010989007397,-0.03418803418803407
199181424440900,0.8474487,hold,-0.0040054932478827965,28.0,2.0,-0.004386968795300206,-0.010989010989007397,-0.03418803418803407
199181425443300,0.8484511,hold,-0.0040054932478827965,28.0,2.0,-0.004386968795300206,-0.010989010989007397,-0.03418803418803407
199181426557100,0.8495649,hold,-0.0040054932478827965,28.0,2.0,-0.004386968795300206,-0.010989010989007397,-0.03418803418803407
199181427562800,0.8505706,hold,-0.0040054932478827965,28.0,2.0,-0.004386968795300206,-0.010989010989007397,-0.03418803418803407
199181428564100,0.8515719,hold,-0.0040054932478827965,28.0,2.0,-0.004386968795300206,-0.010989010989007397,-0.03418803418803407
199181429567600,0.8525754,hold,-0.0040054932478827965,28.0,2.0,-0.004386968795300206,-0.010989010989007397,-0.03418803418803407
199181430570200,0.853578,hold,-0.0040054932478827965,28.0,2.0,-0.004386968795300206,-0.010989010989007397,-0.03418803418803407
199181431572300,0.8545801,hold,-0.0040054932478827965,28.0,2.0,-0.004386968795300206,-0.010989010989007397,-0.03418803418803407
199181432572700,0.8555805,hold,-0.0040054932478827965,28.0,2.0,-0.004386968795300206,-0.010989010989007397,-0.03418803418803407
199181433574800,0.8565826,hold,-0.0040054932478827965,28.0,2.0,-0.004386968795300206,-0.010989010989007397,-0.03418803418803407
199181434586900,0.8575947,hold,-0.0040054932478827965,28.0,2.0,-0.004386968795300206,-0.010989010989007397,-0.03418803418803407
199181435584300,0.8585921,hold,-0.0040054932478827965,28.0,2.0,-0.004386968795300206,-0.010989010989007397,-0.03418803418803407
199181436177300,0.8591851,hold,-0.0040054932478827965,28.0,2.0,-0.004386968795300206,-0.010989010989007397,-0.03418803418803407
199181437180300,0.8601881,hold,-0.0040054932478827965,28.0,2.0,-0.004386968795300206,-0.010989010989007397,-0.03418803418803407
199181438285900,0.8612937,hold,-0.0040054932478827965,28.0,2.0,-0.004386968795300206,-0.010989010989007397,-0.03418803418803407
199181439426300,0.8624341,hold,-0.0040054932478827965,28.0,2.0,-0.004386968795300206,-0.010989010989007397,-0.03418803418803407
199181440526800,0.8635346,hold,-0.0040054932478827965,28.0,2.0,-0.004386968795300206,-0.010989010989007397,-0.03418803418803407
199181441529300,0.8645371,hold,-0.0040054932478827965,28.0,2.0,-0.004386968795300206,-0.010989010989007397,-0.03418803418803407
199181442536100,0.8655439,hold,-0.0040054932478827965,28.0,2.0,-0.004386968795300206,-0.010989010989007397,-0.03418803418803407
199181443547700,0.8665555,hold,-0.0040054932478827965,28.0,2.0,-0.004386968795300206,-0.010989010989007397,-0.03418803418803407
199181444545700,0.8675535,hold,-0.0040054932478827965,28.0,2.0,-0.004386968795300206,-0.010989010989007397,-0.03418803418803407
199181445713700,0.8687215,hold,-0.0040054932478827965,28.0,2.0,-0.004386968795300206,-0.010989010989007397,-0.03418803418803407
199181446322200,0.86933,hold,-0.0040054932478827965,28.0,2.0,-0.004386968795300206,-0.010989010989007397,-0.03418803418803407
199181447353100,0.8703609,hold,-0.0040054932478827965,28.0,2.0,-0.004386968795300206,-0.010989010989007397,-0.03418803418803407
199181448525000,0.8715328,hold,-0.0040054932478827965,28.0,2.0,-0.004386968795300206,-0.010989010989007397,-0.03418803418803407
199181449653700,0.8726615,hold,-0.0040054932478827965,28.0,2.0,-0.004386968795300206,-0.010989010989007397,-0.03418803418803407
199181450324800,0.8733326,hold,-0.0040054932478827965,28.0,2.0,-0.004386968795300206,-0.010989010989007397,-0.03418803418803407
199181451263300,0.8742711,hold,-0.0040054932478827965,28.0,2.0,-0.004386968795300206,-0.010989010989007397,-0.03418803418803407
199181452402200,0.87541,hold,-0.0040054932478827965,28.0,2.0,-0.004386968795300206,-0.010989010989007397,-0.03418803418803407
199181453386900,0.8763947,hold,-0.0040054932478827965,28.0,2.0,-0.004386968795300206,-0.010989010989007397,-0.03418803418803407
199181454392000,0.8773998,hold,-0.0040054932478827965,28.0,2.0,-0.004386968795300206,-0.010989010989007397,-0.03418803418803407
199181455544600,0.8785524,hold,-0.0040054932478827965,28.0,2.0,-0.004386968795300206,-0.010989010989007397,-0.03418803418803407
199181456547300,0.8795551,hold,-0.0040054932478827965,28.0,2.0,-0.004386968795300206,-0.010989010989007397,-0.03418803418803407
199181457641500,0.8806493,hold,-0.0040054932478827965,28.0,2.0,-0.004386968795300206,-0.010989010989007397,-0.03418803418803407
199181458143600,0.8811514,hold,-0.0040054932478827965,28.0,2.0,-0.004386968795300206,-0.010989010989007397,-0.03418803418803407
199181459145800,0.8821536,hold,-0.0040054932478827965,28.0,2.0,-0.004386968795300206,-0.010989010989007397,-0.03418803418803407
199181460236000,0.8832438,hold,-0.0040054932478827965,28.0,2.0,-0.004386968795300206,-0.010989010989007397,-0.03418803418803407
199181461405500,0.8844133,hold,-0.0040054932478827965,28.0,2.0,-0.004386968795300206,-0.010989010989007397,-0.03418803418803407
199181462420800,0.8854286,hold,-0.0040054932478827965,28.0,2.0,-0.004386968795300206,-0.010989010989007397,-0.03418803418803407
199181463420800,0.8864286,hold,-0.0040054932478827965,28.0,2.0,-0.004386968795300206,-0.010989010989007397,-0.03418803418803407
199181464505500,0.8875133,hold,-0.0040054932478827965,28.0,2.0,-0.004386968795300206,-0.010989010989007397,-0.03418803418803407
199181465701500,0.8887093,hold,-0.0040054932478827965,28.0,2.0,-0.004386968795300206,-0.0329670329670364,-0.03418803418803407
199181466639900,0.8896477,hold,-0.0040054932478827965,28.0,2.0,-0.004386968795300206,-0.010989010989007397,-0.03418803418803407
199181467249700,0.8902575,hold,-0.0040054932478827965,28.0,2.0,-0.004386968795300206,-0.010989010989007397,-0.03418803418803407
199181468309500,0.8913173,hold,-0.0040054932478827965,28.0,2.0,-0.004386968795300206,-0.010989010989007397,-0.03418803418803407
199181469439800,0.8924476,hold,-0.0040054932478827965,28.0,2.0,-0.004386968795300206,-0.010989010989007397,-0.03418803418803407
199181470446300,0.8934541,hold,-0.0040054932478827965,28.0,2.0,-0.004386968795300206,-0.010989010989007397,-0.03418803418803407
199181471453500,0.8944613,hold,-0.0040054932478827965,28.0,2.0,-0.004386968795300206,-0.010989010989007397,-0.03418803418803407
199181472533600,0.8955414,hold,-0.0040054932478827965,28.0,2.0,-0.004386968795300206,-0.010989010989007397,-0.03418803418803407
199181473687200,0.896695,hold,-0.0040054932478827965,28.0,2.0,-0.004386968795300206,-0.010989010989007397,-0.03418803418803407
199181474330800,0.8973386,hold,-0.0040054932478827965,28.0,2.0,-0.004386968795300206,-0.010989010989007397,-0.03418803418803407
199181475339200,0.898347,hold,-0.0040054932478827965,28.0,2.0,-0.004386968795300206,-0.010989010989007397,-0.03418803418803407
199181476340400,0.8993482,hold,-0.0040054932478827965,28.0,2.0,-0.004386968795300206,-0.010989010989007397,-0.03418803418803407
199181477344700,0.9003525,hold,-0.0040054932478827965,28.0,2.0,-0.004386968795300206,-0.010989010989007397,-0.03418803418803407
199181478479700,0.9014875,hold,-0.0040054932478827965,28.0,2.0,-0.004386968795300206,-0.010989010989007397,-0.03418803418803407
199181479581100,0.9025889,hold,-0.0040054932478827965,28.0,2.0,-0.004386968795300206,-0.010989010989007397,-0.03418803418803407
199181480634000,0.9036418,hold,-0.0040054932478827965,28.0,2.0,-0.004386968795300206,-0.010989010989007397,-0.03418803418803407
199181481201000,0.9042088,hold,-0.0040054932478827965,28.0,2.0,-0.004386968795300206,-0.010989010989007397,-0.03418803418803407
199181482138300,0.9051461,hold,-0.0040054932478827965,28.0,2.0,-0.004386968795300206,-0.010989010989007397,-0.03418803418803407
199181483260600,0.9062684,hold,-0.0040054932478827965,28.0,2.0,-0.004386968795300206,-0.010989010989007397,-0.03418803418803407
199181484441200,0.907449,hold,-0.0040054932478827965,28.0,2.0,-0.004386968795300206,-0.010989010989007397,-0.03418803418803407
199181485414400,0.9084222,hold,-0.0040054932478827965,28.0,2.0,-0.004386968795300206,-0.010989010989007397,-0.03418803418803407
199181486413500,0.9094213,hold,-0.0040054932478827965,28.0,2.0,-0.004386968795300206,-0.010989010989007397,-0.03418803418803407
199181487529800,0.9105376,hold,-0.0040054932478827965,28.0,2.0,-0.004386968795300206,-0.010989010989007397,-0.03418803418803407
199181488867700,0.9118755,hold,-0.0040054932478827965,28.0,2.0,-0.004386968795300206,-0.010989010989007397,-0.03418803418803407
199181489547600,0.9125554,hold,-0.0040054932478827965,28.0,2.0,-0.004386968795300206,-0.010989010989007397,-0.03418803418803407
199181490556700,0.9135645,hold,-0.0040054932478827965,28.0,2.0,-0.004386968795300206,-0.010989010989007397,-0.03418803418803407
199181491694400,0.9147022,hold,-0.0040054932478827965,28.0,2.0,-0.004386968795300206,-0.010989010989007397,-0.03418803418803407
199181492310000,0.9153178,hold,-0.0040054932478827965,28.0,2.0,-0.004386968795300206,-0.010989010989007397,-0.03418803418803407
199181493313200,0.916321,hold,-0.0040054932478827965,28.0,2.0,-0.004386968795300206,-0.010989010989007397,-0.03418803418803407
199181494489000,0.9174968,hold,-0.0040054932478827965,28.0,2.0,-0.004386968795300206,-0.010989010989007397,-0.03418803418803407
199181495676200,0.918684,hold,-0.0040054932478827965,28.0,2.0,-0.004386968795300206,-0.010989010989007397,-0.03418803418803407
199181496406100,0.9194139,hold,-0.0040054932478827965,28.0,2.0,-0.004386968795300206,-0.010989010989007397,-0.03418803418803407
199181497309800,0.9203176,hold,-0.0040054932478827965,28.0,2.0,-0.004386968795300206,-0.010989010989007397,-0.03418803418803407
199181498513600,0.9215214,hold,-0.0040054932478827965,28.0,2.0,-0.004386968795300206,-0.010989010989007397,-0.03418803418803407
199181499625900,0.9226337,hold,-0.0040054932478827965,28.0,2.0,-0.004386968795300206,-0.010989010989007397,-0.03418803418803407
199181500623900,0.9236317,hold,-0.0040054932478827965,28.0,2.0,-0.004386968795300206,-0.010989010989007397,-0.03418803418803407
199181501240700,0.9242485,hold,-0.0040054932478827965,28.0,2.0,-0.004386968795300206,-0.010989010989007397,-0.03418803418803407
199181502268800,0.9252766,hold,-0.0040054932478827965,28.0,2.0,-0.004386968795300206,-0.010989010989007397,-0.03418803418803407
199181503450900,0.9264587,hold,-0.0040054932478827965,28.0,2.0,-0.004386968795300206,-0.010989010989007397,-0.03418803418803407
199181504699500,0.9277073,hold,-0.0040054932478827965,28.0,2.0,-0.004386968795300206,-0.010989010989007397,-0.03418803418803407
199181505840900,0.9288487,hold,-0.0040054932478827965,28.0,2.0,-0.004386968795300206,-0.010989010989007397,-0.03418803418803407
199181506466500,0.9294743,hold,-0.0040054932478827965,28.0,2.0,-0.004386968795300206,-0.010989010989007397,-0.03418803418803407
199181507499900,0.9305077,hold,-0.0040054932478827965,28.0,2.0,-0.004386968795300206,-0.010989010989007397,-0.03418803418803407
199181508561500,0.9315693,hold,-0.0040054932478827965,28.0,2.0,-0.004386968795300206,-0.010989010989007397,-0.03418803418803407
199181509685000,0.9326928,hold,-0.0040054932478827965,28.0,2.0,-0.004386968795300206,-0.010989010989007397,-0.03418803418803407
199181510316300,0.9333241,hold,-0.0040054932478827965,28.0,2.0,-0.004386968795300206,-0.010989010989007397,-0.03418803418803407
199181511418900,0.9344267,hold,-0.0040054932478827965,28.0,2.0,-0.004386968795300206,-0.010989010989007397,-0.03418803418803407
199181512624800,0.9356326,hold,-0.0040054932478827965,28.0,2.0,-0.004386968795300206,-0.010989010989007397,-0.03418803418803407
199181513253200,0.936261,hold,-0.0040054932478827965,28.0,2.0,-0.004386968795300206,-0.010989010989007397,-0.03418803418803407
199181514345400,0.9373532,hold,-0.0040054932478827965,28.0,2.0,-0.004386968795300206,-0.010989010989007397,-0.03418803418803407
199181515401800,0.9384096,hold,-0.0040054932478827965,28.0,2.0,-0.004386968795300206,-0.010989010989007397,-0.03418803418803407
199181516425500,0.9394333,hold,-0.0040054932478827965,28.0,2.0,-0.004386968795300206,-0.010989010989007397,-0.03418803418803407
199181517408400,0.9404162,hold,-0.0040054932478827965,28.0,2.0,-0.004386968795300206,-0.010989010989007397,-0.03418803418803407
199181518413700,0.9414215,hold,-0.0040054932478827965,28.0,2.0,-0.004386968795300206,-0.010989010989007397,-0.03418803418803407
199181519421400,0.9424292,hold,-0.0040054932478827965,28.0,2.0,-0.004386968795300206,-0.010989010989007397,-0.03418803418803407
199181520429700,0.9434375,hold,-0.0040054932478827965,28.0,2.0,-0.004386968795300206,-0.010989010989007397,-0.03418803418803407
199181521433500,0.9444413,hold,-0.0040054932478827965,28.0,2.0,-0.004386968795300206,-0.010989010989007397,-0.03418803418803407
199181522445500,0.9454533,hold,-0.0040054932478827965,28.0,2.0,-0.004386968795300206,-0.010989010989007397,-0.03418803418803407
199181523439500,0.9464473,hold,-0.0040054932478827965,28.0,2.0,-0.004386968795300206,-0.010989010989007397,-0.03418803418803407
199181524631300,0.9476391,hold,-0.0040054932478827965,28.0,2.0,-0.004386968795300206,-0.010989010989007397,-0.03418803418803407
199181525982100,0.9489899,hold,-0.0040054932478827965,28.0,2.0,-0.004386968795300206,-0.010989010989007397,-0.03418803418803407
199181526663300,0.9496711,hold,-0.0040054932478827965,28.0,2.0,-0.004386968795300206,-0.010989010989007397,-0.03418803418803407
199181527610600,0.9506184,hold,-0.0040054932478827965,28.0,2.0,-0.004386968795300206,-0.010989010989007397,-0.03418803418803407
199181528113400,0.9511212,hold,-0.0040054932478827965,28.0,2.0,-0.004386968795300206,-0.010989010989007397,-0.03418803418803407
199181529317800,0.9523256,hold,-0.0040054932478827965,28.0,2.0,-0.004386968795300206,-0.010989010989007397,-0.03418803418803407
199181530392100,0.9533999,hold,-0.0040054932478827965,28.0,2.0,-0.004386968795300206,-0.010989010989007397,-0.03418803418803407
199181531488100,0.9544959,hold,-0.0040054932478827965,28.0,2.0,-0.004386968795300206,-0.010989010989007397,-0.03418803418803407
199181532629400,0.9556372,hold,-0.0040054932478827965,28.0,2.0,-0.004386968795300206,-0.010989010989007397,-0.03418803418803407
199181533250200,0.956258,hold,-0.0040054932478827965,28.0,2.0,-0.004386968795300206,-0.010989010989007397,-0.03418803418803407
199181534335600,0.9573434,hold,-0.0040054932478827965,28.0,2.0,-0.004386968795300206,-0.010989010989007397,-0.03418803418803407
199181535414100,0.9584219,hold,-0.0040054932478827965,28.0,2.0,-0.004386968795300206,-0.010989010989007397,-0.03418803418803407
199181536540300,0.9595481,hold,-0.0040054932478827965,28.0,2.0,-0.004386968795300206,-0.010989010989007397,-0.03418803418803407
199181537652300,0.9606601,hold,-0.0040054932478827965,28.0,2.0,-0.004386968795300206,-0.010989010989007397,-0.03418803418803407
199181538652400,0.9616602,hold,-0.0040054932478827965,28.0,2.0,-0.004386968795300206,-0.010989010989007397,-0.03418803418803407
199181539246700,0.9622545,hold,-0.0040054932478827965,28.0,2.0,-0.004386968795300206,-0.010989010989007397,-0.03418803418803407
199181540249100,0.9632569,hold,-0.0040054932478827965,28.0,2.0,-0.004386968795300206,-0.010989010989007397,-0.03418803418803407
199181541390700,0.9643985,hold,-0.0040054932478827965,28.0,2.0,-0.004386968795300206,-0.010989010989007397,-0.03418803418803407
199181542717300,0.9657251,hold,-0.0040054932478827965,28.0,2.0,-0.004386968795300206,-0.010989010989007397,-0.03418803418803407
199181543594200,0.966602,hold,-0.0040054932478827965,28.0,2.0,-0.004386968795300206,-0.010989010989007397,-0.03418803418803407
199181544558300,0.9675661,hold,-0.0040054932478827965,28.0,2.0,-0.004386968795300206,-0.010989010989007397,-0.03418803418803407
199181545694500,0.9687023,hold,-0.0040054932478827965,28.0,2.0,-0.004386968795300206,-0.010989010989007397,-0.03418803418803407
199181546295100,0.9693029,hold,-0.0040054932478827965,28.0,2.0,-0.004386968795300206,-0.010989010989007397,-0.03418803418803407
199181547296800,0.9703046,hold,-0.0040054932478827965,28.0,2.0,-0.004386968795300206,-0.010989010989007397,-0.03418803418803407
199181548483100,0.9714909,hold,-0.0040054932478827965,28.0,2.0,-0.004386968795300206,-0.010989010989007397,-0.03418803418803407
199181549576200,0.972584,hold,-0.0040054932478827965,28.0,2.0,-0.004386968795300206,-0.010989010989007397,-0.03418803418803407
199181550695400,0.9737032,hold,-0.0040054932478827965,28.0,2.0,-0.004386968795300206,-0.010989010989007397,-0.03418803418803407
199181551317500,0.9743253,hold,-0.0040054932478827965,28.0,2.0,-0.004386968795300206,-0.010989010989007397,-0.03418803418803407
199181552320400,0.9753282,hold,-0.0040054932478827965,28.0,2.0,-0.004386968795300206,-0.010989010989007397,-0.03418803418803407
199181553511100,0.9765189,hold,-0.0040054932478827965,28.0,2.0,-0.004386968795300206,-0.010989010989007397,-0.03418803418803407
199181554611200,0.977619,hold,-0.0040054932478827965,28.0,2.0,-0.004386968795300206,-0.010989010989007397,-0.03418803418803407
199181555738200,0.978746,hold,-0.0040054932478827965,28.0,2.0,-0.004386968795300206,-0.010989010989007397,-0.03418803418803407
199181556320200,0.979328,hold,-0.0040054932478827965,28.0,2.0,-0.004386968795300206,-0.010989010989007397,-0.03418803418803407
199181557343200,0.980351,hold,-0.0040054932478827965,28.0,2.0,-0.004386968795300206,-0.010989010989007397,-0.03418803418803407
199181558485400,0.9814932,hold,-0.0040054932478827965,28.0,2.0,-0.004386968795300206,-0.010989010989007397,-0.03418803418803407
199181559602100,0.9826099,hold,-0.0040054932478827965,28.0,2.0,-0.004386968795300206,-0.010989010989007397,-0.03418803418803407
199181560208500,0.9832163,hold,-0.0040054932478827965,28.0,2.0,-0.004386968795300206,-0.010989010989007397,-0.03418803418803407
199181561210300,0.9842181,hold,-0.0040054932478827965,28.0,2.0,-0.004386968795300206,-0.010989010989007397,-0.03418803418803407
199181562224500,0.9852323,hold,-0.0040054932478827965,28.0,2.0,-0.004386968795300206,-0.010989010989007397,-0.03418803418803407
199181563331800,0.9863396,hold,-0.0040054932478827965,28.0,2.0,-0.004386968795300206,-0.010989010989007397,-0.03418803418803407
199181564418400,0.9874262,hold,-0.0040054932478827965,28.0,2.0,-0.004386968795300206,-0.010989010989007397,-0.03418803418803407
199181565529700,0.9885375,hold,-0.0040054932478827965,28.0,2.0,-0.004386968795300206,-0.010989010989007397,-0.03418803418803407
199181566528400,0.9895362,hold,-0.0040054932478827965,28.0,2.0,-0.004386968795300206,-0.010989010989007397,-0.03418803418803407
199181567533000,0.9905408,hold,-0.0040054932478827965,28.0,2.0,-0.004386968795300206,-0.010989010989007397,-0.03418803418803407
199181568627400,0.9916352,hold,-0.0040054932478827965,28.0,2.0,-0.004386968795300206,-0.010989010989007397,-0.03418803418803407
199181569616100,0.9926239,hold,-0.0040054932478827965,28.0,2.0,-0.004386968795300206,-0.010989010989007397,-0.03418803418803407
199181570627900,0.9936357,hold,-0.0040054932478827965,28.0,2.0,-0.004386968795300206,-0.010989010989007397,-0.03418803418803407
199181571127000,0.9941348,hold,-0.0040054932478827965,28.0,2.0,-0.004386968795300206,-0.010989010989007397,-0.03418803418803407
199181572130900,0.9951387,hold,-0.0040054932478827965,28.0,2.0,-0.004386968795300206,-0.010989010989007397,-0.03418803418803407
199181573380700,0.9963885,hold,-0.0040054932478827965,28.0,2.0,-0.004386968795300206,-0.010989010989007397,-0.03418803418803407
199181574811900,0.9978197,hold,-0.0040054932478827965,28.0,2.0,-0.004386968795300206,-0.010989010989007397,-0.03418803418803407
199181575736300,0.9987441,hold,-0.0040054932478827965,28.0,2.0,-0.0040054932478827965,-0.010989010989007397,-0.0439560439560438
199181576322400,0.9993302,hold,-0.0040054932478827965,28.0,2.0,-0.0040054932478827965,-0.010989010989007397,-0.0439560439560438
199181577326900,1.0003347,hold,-0.0040054932478827965,28.0,2.0,-0.0040054932478827965,-0.010989010989007397,-0.0439560439560438
199181578401200,1.001409,hold,-0.0040054932478827965,28.0,2.0,-0.0040054932478827965,-0.010989010989007397,-0.0439560439560438
199181579529200,1.002537,hold,-0.0040054932478827965,28.0,2.0,-0.0040054932478827965,-0.010989010989007397,-0.0439560439560438
199181580897300,1.0039051,hold,-0.0040054932478827965,28.0,2.0,-0.0040054932478827965,-0.010989010989007397,-0.0439560439560438
199181581545100,1.0045529,hold,-0.0040054932478827965,28.0,2.0,-0.0040054932478827965,-0.010989010989007397,-0.0439560439560438
199181582550200,1.005558,hold,-0.0040054932478827965,28.0,2.0,-0.0040054932478827965,-0.010989010989007397,-0.0439560439560438
199181583701700,1.0067095,hold,-0.0040054932478827965,28.0,2.0,-0.0040054932478827965,-0.010989010989007397,-0.0439560439560438
199181584309900,1.0073177,hold,-0.0040054932478827965,28.0,2.0,-0.0040054932478827965,-0.010989010989007397,-0.0439560439560438
199181585309400,1.0083172,hold,-0.0040054932478827965,28.0,2.0,-0.0040054932478827965,-0.010989010989007397,-0.0439560439560438
199181586352600,1.0093604,hold,-0.0040054932478827965,28.0,2.0,-0.0040054932478827965,-0.010989010989007397,-0.0439560439560438
199181587465300,1.0104731,hold,-0.0040054932478827965,28.0,2.0,-0.0040054932478827965,-0.010989010989007397,-0.0439560439560438
199181588551800,1.0115596,hold,-0.0040054932478827965,28.0,2.0,-0.0040054932478827965,-0.010989010989007397,-0.0439560439560438
199181589655200,1.012663,hold,-0.0040054932478827965,28.0,2.0,-0.0040054932478827965,-0.010989010989007397,-0.0439560439560438
199181590566900,1.0135747,hold,-0.0040054932478827965,28.0,2.0,-0.0040054932478827965,-0.010989010989007397,-0.0439560439560438
199181591690300,1.0146981,hold,-0.0040054932478827965,28.0,2.0,-0.0040054932478827965,-0.010989010989007397,-0.0439560439560438
199181592295800,1.0153036,hold,-0.0040054932478827965,28.0,2.0,-0.0040054932478827965,-0.010989010989007397,-0.0439560439560438
199181593455600,1.0164634,hold,-0.0040054932478827965,28.0,2.0,-0.0040054932478827965,-0.010989010989007397,-0.0439560439560438
199181594456700,1.0174645,hold,-0.0040054932478827965,28.0,2.0,-0.0040054932478827965,-0.010989010989007397,-0.0439560439560438
199181595848100,1.0188559,hold,-0.0040054932478827965,28.0,2.0,-0.0040054932478827965,-0.010989010989007397,-0.0439560439560438
199181596462900,1.0194707,hold,-0.0040054932478827965,28.0,2.0,-0.0040054932478827965,-0.010989010989007397,-0.0439560439560438
199181597486500,1.0204943,hold,-0.0040054932478827965,28.0,2.0,-0.0040054932478827965,-0.010989010989007397,-0.0439560439560438
199181598490200,1.021498,hold,-0.0040054932478827965,28.0,2.0,-0.0040054932478827965,-0.010989010989007397,-0.0439560439560438
199181599540300,1.0225481,hold,-0.0040054932478827965,28.0,2.0,-0.0040054932478827965,-0.010989010989007397,-0.0439560439560438
199181600546900,1.0235547,hold,-0.0040054932478827965,28.0,2.0,-0.0040054932478827965,-0.010989010989007397,-0.0439560439560438
199181601551300,1.0245591,hold,-0.0040054932478827965,28.0,2.0,-0.0040054932478827965,-0.010989010989007397,-0.0439560439560438
199181602612000,1.0256198,hold,-0.0040054932478827965,28.0,2.0,-0.0040054932478827965,-0.010989010989007397,-0.0439560439560438
199181603698200,1.026706,hold,-0.0040054932478827965,28.0,2.0,-0.0040054932478827965,-0.010989010989007397,-0.0439560439560438
199181604374000,1.0273818,hold,-0.0040054932478827965,28.0,2.0,-0.0040054932478827965,-0.010989010989007397,-0.0439560439560438
199181605507900,1.0285157,hold,-0.0040054932478827965,28.0,2.0,-0.0040054932478827965,-0.010989010989007397,-0.0439560439560438
199181606386200,1.029394,hold,-0.0040054932478827965,28.0,2.0,-0.0040054932478827965,-0.010989010989007397,-0.0439560439560438
199181607387400,1.0303952,hold,-0.0040054932478827965,28.0,2.0,-0.0040054932478827965,-0.010989010989007397,-0.0439560439560438
199181608802400,1.0318102,hold,-0.0040054932478827965,28.0,2.0,-0.0040054932478827965,-0.010989010989007397,-0.0439560439560438
199181609351300,1.0323591,hold,-0.0040054932478827965,28.0,2.0,-0.0040054932478827965,-0.010989010989007397,-0.0439560439560438
199181610314700,1.0333225,hold,-0.0040054932478827965,28.0,2.0,-0.0040054932478827965,-0.010989010989007397,-0.0439560439560438
199181611319900,1.0343277,hold,-0.0040054932478827965,28.0,2.0,-0.0040054932478827965,-0.010989010989007397,-0.0439560439560438
199181612324000,1.0353318,hold,-0.0040054932478827965,28.0,2.0,-0.0040054932478827965,-0.010989010989007397,-0.0439560439560438
199181613410700,1.0364185,hold,-0.0040054932478827965,28.0,2.0,-0.0040054932478827965,-0.010989010989007397,-0.0439560439560438
199181614564600,1.0375724,hold,-0.0040054932478827965,28.0,2.0,-0.0040054932478827965,-0.010989010989007397,-0.0439560439560438
199181615606000,1.0386138,hold,-0.0040054932478827965,28.0,2.0,-0.0040054932478827965,-0.010989010989007397,-0.0439560439560438
199181616216400,1.0392242,hold,-0.0040054932478827965,28.0,2.0,-0.0040054932478827965,-0.010989010989007397,-0.0439560439560438
199181617220500,1.0402283,hold,-0.0040054932478827965,28.0,2.0,-0.0040054932478827965,-0.010989010989007397,-0.0439560439560438
199181618299600,1.0413074,hold,-0.0040054932478827965,28.0,2.0,-0.0040054932478827965,-0.010989010989007397,-0.0439560439560438
199181619642000,1.0426498,hold,-0.0040054932478827965,28.0,2.0,-0.0040054932478827965,-0.010989010989007397,-0.0439560439560438
199181620296000,1.0433038,hold,-0.0040054932478827965,28.0,2.0,-0.0040054932478827965,-0.010989010989007397,-0.0439560439560438
199181621382600,1.0443904,hold,-0.0040054932478827965,28.0,2.0,-0.0040054932478827965,-0.010989010989007397,-0.0439560439560438
199181622462800,1.0454706,hold,-0.0040054932478827965,28.0,2.0,-0.0040054932478827965,-0.010989010989007397,-0.0439560439560438
199181623523300,1.0465311,hold,-0.0040054932478827965,28.0,2.0,-0.0040054932478827965,-0.010989010989007397,-0.0439560439560438
199181624696800,1.0477046,hold,-0.0040054932478827965,28.0,2.0,-0.0040054932478827965,-0.010989010989007397,-0.0439560439560438
199181625325000,1.0483328,hold,-0.0040054932478827965,28.0,2.0,-0.0040054932478827965,-0.010989010989007397,-0.0439560439560438
199181626335200,1.049343,hold,-0.0040054932478827965,28.0,2.0,-0.0040054932478827965,-0.010989010989007397,-0.0439560439560438
199181627444800,1.0504526,hold,-0.0040054932478827965,28.0,2.0,-0.0040054932478827965,-0.010989010989007397,-0.0439560439560438
199181628498700,1.0515065,hold,-0.0040054932478827965,28.0,2.0,-0.0040054932478827965,-0.010989010989007397,-0.0439560439560438
199181629894500,1.0529023,hold,-0.0040054932478827965,28.0,2.0,-0.0040054932478827965,-0.010989010989007397,-0.0439560439560438
199181630557400,1.0535652,hold,-0.0040054932478827965,28.0,2.0,-0.0040054932478827965,-0.010989010989007397,-0.0439560439560438
199181631558600,1.0545664,hold,-0.0040054932478827965,28.0,2.0,-0.0040054932478827965,-0.010989010989007397,-0.0439560439560438
199181632678100,1.0556859,hold,-0.0040054932478827965,28.0,2.0,-0.0040054932478827965,-0.010989010989007397,-0.0439560439560438
199181633285600,1.0562934,hold,-0.0040054932478827965,28.0,2.0,-0.0040054932478827965,-0.010989010989007397,-0.0439560439560438
199181634429500,1.0574373,hold,-0.0040054932478827965,28.0,2.0,-0.0040054932478827965,-0.010989010989007397,-0.0439560439560438
199181635438400,1.0584462,hold,-0.0040054932478827965,28.0,2.0,-0.0040054932478827965,-0.010989010989007397,-0.0439560439560438
199181636517000,1.0595248,hold,-0.0040054932478827965,28.0,2.0,-0.0040054932478827965,-0.010989010989007397,-0.0439560439560438
199181637440800,1.0604486,hold,-0.0040054932478827965,28.0,2.0,-0.0040054932478827965,-0.010989010989007397,-0.0439560439560438
199181638512700,1.0615205,hold,-0.0040054932478827965,28.0,2.0,-0.0040054932478827965,-0.010989010989007397,-0.0439560439560438
199181639577200,1.062585,hold,-0.0040054932478827965,28.0,2.0,-0.0040054932478827965,-0.010989010989007397,-0.0439560439560438
199181640583900,1.0635917,hold,-0.0040054932478827965,28.0,2.0,-0.0040054932478827965,-0.010989010989007397,-0.0439560439560438
199181641584700,1.0645925,hold,-0.0040054932478827965,28.0,2.0,-0.0040054932478827965,-0.010989010989007397,-0.0439560439560438
199181642084600,1.0650924,hold,-0.0040054932478827965,28.0,2.0,-0.0040054932478827965,-0.010989010989007397,-0.0439560439560438
199181643686200,1.066694,hold,-0.0040054932478827965,28.0,2.0,-0.0040054932478827965,-0.010989010989007397,-0.0439560439560438
199181644287900,1.0672957,hold,-0.0040054932478827965,28.0,2.0,-0.0040054932478827965,-0.010989010989007397,-0.0439560439560438
199181645300800,1.0683086,hold,-0.0040054932478827965,28.0,2.0,-0.0040054932478827965,-0.010989010989007397,-0.0439560439560438
199181646424800,1.0694326,hold,-0.0040054932478827965,28.0,2.0,-0.0040054932478827965,-0.010989010989007397,-0.0439560439560438
199181647755500,1.0707633,hold,-0.0040054932478827965,28.0,2.0,-0.0040054932478827965,-0.010989010989007397,-0.0439560439560438
199181648346700,1.0713545,hold,-0.0040054932478827965,28.0,2.0,-0.0040054932478827965,-0.010989010989007397,-0.0439560439560438
199181649350800,1.0723586,hold,-0.0040054932478827965,28.0,2.0,-0.0040054932478827965,-0.010989010989007397,-0.0439560439560438
199181650367900,1.0733757,hold,-0.0040054932478827965,28.0,2.0,-0.0040054932478827965,-0.010989010989007397,-0.0439560439560438
199181651364200,1.074372,hold,-0.0040054932478827965,28.0,2.0,-0.0040054932478827965,-0.010989010989007397,-0.0439560439560438
199181652516900,1.0755247,hold,-0.0040054932478827965,28.0,2.0,-0.0040054932478827965,-0.010989010989007397,-0.0439560439560438
199181653685700,1.0766935,hold,-0.0040054932478827965,28.0,2.0,-0.0040054932478827965,-0.010989010989007397,-0.0439560439560438
199181654350200,1.077358,hold,-0.0040054932478827965,28.0,2.0,-0.0040054932478827965,-0.010989010989007397,-0.0439560439560438
199181655354800,1.0783626,hold,-0.0040054932478827965,28.0,2.0,-0.0040054932478827965,-0.010989010989007397,-0.0439560439560438
199181656533800,1.0795416,hold,-0.0040054932478827965,28.0,2.0,-0.0040054932478827965,-0.010989010989007397,-0.0439560439560438
199181657538500,1.0805463,hold,-0.0040054932478827965,28.0,2.0,-0.0040054932478827965,-0.010989010989007397,-0.0439560439560438
199181658541700,1.0815495,hold,-0.0040054932478827965,28.0,2.0,-0.0040054932478827965,-0.010989010989007397,-0.0439560439560438
199181659551100,1.0825589,hold,-0.0040054932478827965,28.0,2.0,-0.0040054932478827965,-0.010989010989007397,-0.0439560439560438
199181660775700,1.0837835,hold,-0.0040054932478827965,28.0,2.0,-0.0040054932478827965,-0.010989010989007397,-0.0439560439560438
199181661371300,1.0843791,hold,-0.0040054932478827965,28.0,2.0,-0.0040054932478827965,-0.010989010989007397,-0.0439560439560438
199181662375900,1.0853837,hold,-0.0040054932478827965,28.0,2.0,-0.0040054932478827965,-0.010989010989007397,-0.0439560439560438
199181663390600,1.0863984,hold,-0.0040054932478827965,28.0,2.0,-0.0040054932478827965,-0.010989010989007397,-0.0439560439560438
199181664436700,1.0874445,hold,-0.0040054932478827965,28.0,2.0,-0.0040054932478827965,-0.010989010989007397,-0.0439560439560438
199181665572900,1.0885807,hold,-0.0040054932478827965,28.0,2.0,-0.0040054932478827965,-0.010989010989007397,-0.0439560439560438
199181666577600,1.0895854,hold,-0.0040054932478827965,28.0,2.0,-0.0040054932478827965,-0.010989010989007397,-0.0439560439560438
199181667662500,1.0906703,hold,-0.0040054932478827965,28.0,2.0,-0.0040054932478827965,-0.010989010989007397,-0.0439560439560438
199181668779900,1.0917877,hold,-0.0040054932478827965,28.0,2.0,-0.0040054932478827965,-0.010989010989007397,-0.0439560439560438
199181669423800,1.0924316,hold,-0.0040054932478827965,28.0,2.0,-0.0040054932478827965,-0.010989010989007397,-0.0439560439560438
199181670425400,1.0934332,hold,-0.0040054932478827965,28.0,2.0,-0.0040054932478827965,-0.010989010989007397,-0.0439560439560438
199181671528400,1.0945362,hold,-0.0040054932478827965,28.0,2.0,-0.0040054932478827965,-0.010989010989007397,-0.0439560439560438
199181672615200,1.095623,hold,-0.0040054932478827965,28.0,2.0,-0.0040054932478827965,-0.010989010989007397,-0.0439560439560438
199181673219300,1.0962271,hold,-0.0040054932478827965,28.0,2.0,-0.0040054932478827965,-0.010989010989007397,-0.0439560439560438
199181674314200,1.097322,hold,-0.0040054932478827965,28.0,2.0,-0.0040054932478827965,-0.010989010989007397,-0.0439560439560438
199181675319800,1.0983276,hold,-0.0040054932478827965,28.0,2.0,-0.0040054932478827965,-0.010989010989007397,-0.0439560439560438
199181676348400,1.0993562,hold,-0.0040054932478827965,28.0,2.0,-0.0040054932478827965,-0.010989010989007397,-0.0439560439560438
199181677428400,1.1004362,hold,-0.0040054932478827965,28.0,2.0,-0.0040054932478827965,-0.010989010989007397,-0.0439560439560438
199181678454700,1.1014625,hold,-0.0040054932478827965,28.0,2.0,-0.0040054932478827965,-0.010989010989007397,-0.0439560439560438
199181679612400,1.1026202,hold,-0.0040054932478827965,28.0,2.0,-0.0040054932478827965,-0.010989010989007397,-0.0439560439560438
199181680556700,1.1035645,hold,-0.0040054932478827965,28.0,2.0,-0.0040054932478827965,-0.010989010989007397,-0.0439560439560438
199181681557400,1.1045652,hold,-0.0040054932478827965,28.0,2.0,-0.0040054932478827965,-0.010989010989007397,-0.0439560439560438
199181682631500,1.1056393,hold,-0.0040054932478827965,28.0,2.0,-0.0040054932478827965,-0.010989010989007397,-0.0439560439560438
199181683568800,1.1065766,hold,-0.0040054932478827965,28.0,2.0,-0.0040054932478827965,-0.010989010989007397,-0.03418803418803407
199181684680500,1.1076883,hold,-0.0040054932478827965,28.0,2.0,-0.0040054932478827965,-0.010989010989007397,-0.03418803418803407
199181685358800,1.1083666,hold,-0.0040054932478827965,28.0,2.0,-0.0040054932478827965,-0.010989010989007397,-0.03418803418803407
199181686362700,1.1093705,hold,-0.0040054932478827965,28.0,2.0,-0.0040054932478827965,-0.010989010989007397,-0.03418803418803407
199181687436500,1.1104443,hold,-0.0040054932478827965,28.0,2.0,-0.0040054932478827965,-0.010989010989007397,-0.03418803418803407
199181688439000,1.1114468,hold,-0.0040054932478827965,28.0,2.0,-0.0040054932478827965,-0.010989010989007397,-0.03418803418803407
199181689603400,1.1126112,hold,-0.0040054932478827965,28.0,2.0,-0.0040054932478827965,-0.010989010989007397,-0.03418803418803407
199181690539600,1.1135474,hold,-0.0040054932478827965,28.0,2.0,-0.0040054932478827965,-0.010989010989007397,-0.03418803418803407
199181691567800,1.1145756,hold,-0.0040054932478827965,28.0,2.0,-0.0040054932478827965,-0.010989010989007397,-0.03418803418803407
199181692565900,1.1155737,hold,-0.0040054932478827965,28.0,2.0,-0.0040054932478827965,-0.010989010989007397,-0.03418803418803407
199181693555800,1.1165636,hold,-0.0040054932478827965,28.0,2.0,-0.0040054932478827965,-0.010989010989007397,-0.03418803418803407
199181695036200,1.118044,hold,-0.0040054932478827965,28.0,2.0,-0.0040054932478827965,-0.010989010989007397,-0.03418803418803407
199181695178900,1.1181867,hold,-0.0040054932478827965,28.0,2.0,-0.0040054932478827965,-0.010989010989007397,-0.03418803418803407
199181696299500,1.1193073,hold,-0.0040054932478827965,28.0,2.0,-0.0040054932478827965,-0.010989010989007397,-0.03418803418803407
199181697323100,1.1203309,hold,-0.0040054932478827965,28.0,2.0,-0.0040054932478827965,-0.010989010989007397,-0.03418803418803407
199181698309600,1.1213174,hold,-0.0040054932478827965,28.0,2.0,-0.0040054932478827965,-0.010989010989007397,-0.03418803418803407
199181699345400,1.1223532,hold,-0.0040054932478827965,28.0,2.0,-0.0040054932478827965,-0.010989010989007397,-0.03418803418803407
199181700433100,1.1234409,hold,-0.0040054932478827965,28.0,2.0,-0.0040054932478827965,-0.010989010989007397,-0.03418803418803407
199181701534800,1.1245426,hold,-0.0040054932478827965,28.0,2.0,-0.0040054932478827965,-0.010989010989007397,-0.03418803418803407
199181702679700,1.1256875,hold,-0.0040054932478827965,28.0,2.0,-0.0040054932478827965,-0.010989010989007397,-0.03418803418803407
199181703285400,1.1262932,hold,-0.0040054932478827965,28.0,2.0,-0.0040054932478827965,-0.010989010989007397,-0.03418803418803407
199181704288300,1.1272961,hold,-0.0040054932478827965,28.0,2.0,-0.0040054932478827965,-0.010989010989007397,-0.03418803418803407
199181705296700,1.1283045,hold,-0.0040054932478827965,28.0,2.0,-0.0040054932478827965,-0.010989010989007397,-0.03418803418803407
199181706298300,1.1293061,hold,-0.0040054932478827965,28.0,2.0,-0.0040054932478827965,-0.010989010989007397,-0.03418803418803407
199181707395700,1.1304035,hold,-0.0040054932478827965,28.0,2.0,-0.0040054932478827965,-0.010989010989007397,-0.03418803418803407
199181708484300,1.1314921,hold,-0.0040054932478827965,28.0,2.0,-0.0040054932478827965,-0.010989010989007397,-0.03418803418803407
199181709480000,1.1324878,hold,-0.0040054932478827965,28.0,2.0,-0.0040054932478827965,-0.010989010989007397,-0.03418803418803407
199181710485500,1.1334933,hold,-0.0040054932478827965,28.0,2.0,-0.0040054932478827965,-0.010989010989007397,-0.03418803418803407
199181711551700,1.1345595,hold,-0.0040054932478827965,28.0,2.0,-0.0040054932478827965,-0.010989010989007397,-0.03418803418803407
199181712692400,1.1357002,hold,-0.0040054932478827965,28.0,2.0,-0.0040054932478827965,-0.010989010989007397,-0.03418803418803407
199181713376900,1.1363847,hold,-0.0040054932478827965,28.0,2.0,-0.0040054932478827965,-0.010989010989007397,-0.03418803418803407
199181714311800,1.1373196,hold,-0.0040054932478827965,28.0,2.0,-0.0040054932478827965,-0.010989010989007397,-0.03418803418803407
199181715696200,1.138704,hold,-0.0040054932478827965,28.0,2.0,-0.0040054932478827965,-0.010989010989007397,-0.03418803418803407
199181716326900,1.1393347,hold,-0.0040054932478827965,28.0,2.0,-0.0040054932478827965,-0.010989010989007397,-0.03418803418803407
199181717335800,1.1403436,hold,-0.0040054932478827965,28.0,2.0,-0.0040054932478827965,-0.010989010989007397,-0.03418803418803407
199181718334900,1.1413427,hold,-0.0040054932478827965,28.0,2.0,-0.0040054932478827965,-0.010989010989007397,-0.03418803418803407
199181719342700,1.1423505,hold,-0.0040054932478827965,28.0,2.0,-0.0040054932478827965,-0.010989010989007397,-0.03418803418803407
199181720424300,1.1434321,hold,-0.0040054932478827965,28.0,2.0,-0.0040054932478827965,-0.010989010989007397,-0.03418803418803407
199181721605800,1.1446136,hold,-0.0040054932478827965,28.0,2.0,-0.0040054932478827965,-0.010989010989007397,-0.03418803418803407
199181722761700,1.1457695,hold,-0.0040054932478827965,28.0,2.0,-0.0040054932478827965,-0.010989010989007397,-0.03418803418803407
199181723465800,1.1464736,hold,-0.0040054932478827965,28.0,2.0,-0.0040054932478827965,-0.010989010989007397,-0.03418803418803407
199181724475900,1.1474837,hold,-0.0040054932478827965,28.0,2.0,-0.0040054932478827965,-0.010989010989007397,-0.03418803418803407
199181725784300,1.1487921,hold,-0.0040054932478827965,28.0,2.0,-0.0040054932478827965,-0.010989010989007397,-0.03418803418803407
199181726410300,1.1494181,hold,-0.0040054932478827965,28.0,2.0,-0.0040054932478827965,-0.010989010989007397,-0.03418803418803407
199181727417300,1.1504251,hold,-0.0040054932478827965,28.0,2.0,-0.0040054932478827965,-0.010989010989007397,-0.03418803418803407
199181728524800,1.1515326,hold,-0.0040054932478827965,28.0,2.0,-0.0040054932478827965,-0.010989010989007397,-0.03418803418803407
199181729685900,1.1526937,hold,-0.0040054932478827965,28.0,2.0,-0.0040054932478827965,-0.010989010989007397,-0.03418803418803407
199181730322700,1.1533305,hold,-0.0040054932478827965,28.0,2.0,-0.0040054932478827965,-0.010989010989007397,-0.03418803418803407
199181731322300,1.1543301,hold,-0.0040054932478827965,28.0,2.0,-0.0040054932478827965,-0.010989010989007397,-0.03418803418803407
199181732469900,1.1554777,hold,-0.0040054932478827965,28.0,2.0,-0.0040054932478827965,-0.010989010989007397,-0.03418803418803407
199181733448500,1.1564563,hold,-0.0040054932478827965,28.0,2.0,-0.0040054932478827965,-0.010989010989007397,-0.03418803418803407
199181734457100,1.1574649,hold,-0.0040054932478827965,28.0,2.0,-0.0040054932478827965,-0.010989010989007397,-0.03418803418803407
199181735466400,1.1584742,hold,-0.0040054932478827965,28.0,2.0,-0.0040054932478827965,-0.010989010989007397,-0.03418803418803407
199181736464000,1.1594718,hold,-0.0040054932478827965,28.0,2.0,-0.0040054932478827965,-0.010989010989007397,-0.03418803418803407
199181737560300,1.1605681,hold,-0.0040054932478827965,28.0,2.0,-0.0040054932478827965,-0.010989010989007397,-0.03418803418803407
199181738190400,1.1611982,hold,-0.0040054932478827965,28.0,2.0,-0.0040054932478827965,-0.010989010989007397,-0.03418803418803407
199181739211800,1.1622196,hold,-0.0040054932478827965,28.0,2.0,-0.0040054932478827965,-0.010989010989007397,-0.03418803418803407
199181740276000,1.1632838,hold,-0.0040054932478827965,28.0,2.0,-0.0040054932478827965,-0.010989010989007397,-0.03418803418803407
199181741301800,1.1643096,hold,-0.0040054932478827965,28.0,2.0,-0.0040054932478827965,-0.010989010989007397,-0.03418803418803407
199181742283400,1.1652912,hold,-0.0040054932478827965,28.0,2.0,-0.0040054932478827965,-0.010989010989007397,-0.03418803418803407
199181743341200,1.166349,hold,-0.0040054932478827965,28.0,2.0,-0.0040054932478827965,-0.010989010989007397,-0.03418803418803407
199181744535800,1.1675436,hold,-0.0040054932478827965,28.0,2.0,-0.0040054932478827965,-0.010989010989007397,-0.03418803418803407
199181745402700,1.1684105,hold,-0.0040054932478827965,28.0,2.0,-0.0040054932478827965,-0.010989010989007397,-0.03418803418803407
199181746399800,1.1694076,hold,-0.0040054932478827965,28.0,2.0,-0.0040054932478827965,-0.010989010989007397,-0.03418803418803407
199181747467000,1.1704748,hold,-0.0040054932478827965,28.0,2.0,-0.0040054932478827965,-0.010989010989007397,-0.03418803418803407
199181748568300,1.1715761,hold,-0.0040054932478827965,28.0,2.0,-0.0040054932478827965,-0.010989010989007397,-0.03418803418803407
199181749566700,1.1725745,hold,-0.0040054932478827965,28.0,2.0,-0.0040054932478827965,-0.010989010989007397,-0.03418803418803407
199181750725100,1.1737329,hold,-0.0040054932478827965,28.0,2.0,-0.0040054932478827965,-0.010989010989007397,-0.03418803418803407
199181751322600,1.1743304,hold,-0.0040054932478827965,28.0,2.0,-0.0040054932478827965,-0.010989010989007397,-0.03418803418803407
199181752324000,1.1753318,hold,-0.0040054932478827965,28.0,2.0,-0.0040054932478827965,-0.010989010989007397,-0.03418803418803407
199181753446300,1.1764541,hold,-0.0040054932478827965,28.0,2.0,-0.0040054932478827965,-0.010989010989007397,-0.03418803418803407
199181754524400,1.1775322,hold,-0.0040054932478827965,28.0,2.0,-0.0040054932478827965,-0.010989010989007397,-0.03418803418803407
199181755529100,1.1785369,hold,-0.0040054932478827965,28.0,2.0,-0.0040054932478827965,-0.010989010989007397,-0.03418803418803407
199181756558300,1.1795661,hold,-0.0040054932478827965,28.0,2.0,-0.0040054932478827965,-0.010989010989007397,-0.03418803418803407
199181757742100,1.1807499,hold,-0.0040054932478827965,28.0,2.0,-0.0040054932478827965,-0.010989010989007397,-0.03418803418803407
199181758331400,1.1813392,hold,-0.0040054932478827965,28.0,2.0,-0.0040054932478827965,-0.010989010989007397,-0.03418803418803407
199181759339400,1.1823472,hold,-0.0040054932478827965,28.0,2.0,-0.0040054932478827965,-0.010989010989007397,-0.03418803418803407
199181760852500,1.1838603,hold,-0.0040054932478827965,28.0,2.0,-0.0040054932478827965,-0.010989010989007397,-0.03418803418803407
199181761484400,1.1844922,hold,-0.0040054932478827965,28.0,2.0,-0.0040054932478827965,-0.010989010989007397,-0.03418803418803407
199181762498100,1.1855059,hold,-0.0040054932478827965,28.0,2.0,-0.0040054932478827965,-0.010989010989007397,-0.03418803418803407
199181763508000,1.1865158,hold,-0.0040054932478827965,28.0,2.0,-0.0040054932478827965,-0.010989010989007397,-0.03418803418803407
199181764509600,1.1875174,hold,-0.0040054932478827965,28.0,2.0,-0.0040054932478827965,-0.010989010989007397,-0.03418803418803407
199181765516400,1.1885242,hold,-0.0040054932478827965,28.0,2.0,-0.0040054932478827965,-0.010989010989007397,-0.03418803418803407
199181766520200,1.189528,hold,-0.0040054932478827965,28.0,2.0,-0.0040054932478827965,-0.010989010989007397,-0.03418803418803407
199181767529900,1.1905377,hold,-0.0040054932478827965,28.0,2.0,-0.0040054932478827965,-0.010989010989007397,-0.03418803418803407
199181768534000,1.1915418,hold,-0.0040054932478827965,28.0,2.0,-0.0040054932478827965,-0.010989010989007397,-0.03418803418803407
199181769545900,1.1925537,hold,-0.0040054932478827965,28.0,2.0,-0.0040054932478827965,-0.010989010989007397,-0.03418803418803407
199181770547300,1.1935551,hold,-0.0040054932478827965,28.0,2.0,-0.0040054932478827965,-0.010989010989007397,-0.03418803418803407
199181771556400,1.1945642,hold,-0.0040054932478827965,28.0,2.0,-0.0040054932478827965,-0.010989010989007397,-0.03418803418803407
199181772559200,1.195567,hold,-0.0040054932478827965,28.0,2.0,-0.0040054932478827965,-0.010989010989007397,-0.03418803418803407
199181773570300,1.1965781,hold,-0.0040054932478827965,28.0,2.0,-0.0040054932478827965,-0.010989010989007397,-0.03418803418803407
199181774572400,1.1975802,hold,-0.0040054932478827965,28.0,2.0,-0.0040054932478827965,-0.010989010989007397,-0.03418803418803407
199181775580300,1.1985881,hold,-0.0040054932478827965,28.0,2.0,-0.0040054932478827965,-0.010989010989007397,-0.03418803418803407
199181776656100,1.1996639,hold,-0.0040054932478827965,28.0,2.0,-0.0040054932478827965,-0.010989010989007397,-0.03418803418803407
199181777085400,1.2000932,hold,-0.0040054932478827965,28.0,2.0,-0.0040054932478827965,-0.010989010989007397,-0.03418803418803407
199181778092800,1.2011006,hold,-0.0040054932478827965,28.0,2.0,-0.0040054932478827965,-0.010989010989007397,-0.03418803418803407
199181779098000,1.2021058,hold,-0.0040054932478827965,28.0,2.0,-0.0040054932478827965,-0.010989010989007397,-0.03418803418803407
199181780795400,1.2038032,hold,-0.0040054932478827965,28.0,2.0,-0.0040054932478827965,-0.010989010989007397,-0.03418803418803407
199181781456700,1.2044645,hold,-0.0040054932478827965,28.0,2.0,-0.0040054932478827965,-0.010989010989007397,-0.03418803418803407
199181782509200,1.205517,hold,-0.0040054932478827965,28.0,2.0,-0.0040054932478827965,-0.010989010989007397,-0.03418803418803407
199181783598200,1.206606,hold,-0.0040054932478827965,28.0,2.0,-0.0040054932478827965,-0.010989010989007397,-0.03418803418803407
199181784212400,1.2072202,hold,-0.0040054932478827965,28.0,2.0,-0.0040054932478827965,-0.010989010989007397,-0.03418803418803407
199181785998500,1.2090063,hold,-0.0040054932478827965,28.0,2.0,-0.0040054932478827965,-0.010989010989007397,-0.03418803418803407
199181786126600,1.2091344,hold,-0.0040054932478827965,28.0,2.0,-0.0040054932478827965,-0.010989010989007397,-0.03418803418803407
199181787767800,1.2107756,hold,-0.0040054932478827965,28.0,2.0,-0.0040054932478827965,-0.010989010989007397,-0.03418803418803407
199181788386700,1.2113945,hold,-0.0040054932478827965,28.0,2.0,-0.0040054932478827965,-0.010989010989007397,-0.03418803418803407
199181789404900,1.2124127,hold,-0.0040054932478827965,28.0,2.0,-0.0040054932478827965,-0.010989010989007397,-0.03418803418803407
199181790406800,1.2134146,hold,-0.0040054932478827965,28.0,2.0,-0.0040054932478827965,-0.010989010989007397,-0.03418803418803407
199181791412500,1.2144203,hold,-0.0040054932478827965,28.0,2.0,-0.0040054932478827965,-0.010989010989007397,-0.03418803418803407
199181792422100,1.2154299,hold,-0.0040054932478827965,28.0,2.0,-0.004386968795300206,-0.0329670329670364,-0.03418803418803407
199181793419300,1.2164271,hold,-0.0040054932478827965,28.0,2.0,-0.0040054932478827965,-0.0329670329670364,-0.0439560439560438
199181794597900,1.2176057,hold,-0.0040054932478827965,28.0,2.0,-0.0040054932478827965,-0.0329670329670364,-0.0439560439560438
199181795523400,1.2185312,hold,-0.0040054932478827965,28.0,2.0,-0.0040054932478827965,-0.0329670329670364,-0.0439560439560438
199181796524000,1.2195318,hold,-0.0040054932478827965,28.0,2.0,-0.0040054932478827965,-0.0329670329670364,-0.0439560439560438
199181797591500,1.2205993,hold,-0.0040054932478827965,28.0,2.0,-0.0040054932478827965,-0.0329670329670364,-0.0439560439560438
199181798657300,1.2216651,hold,-0.0040054932478827965,28.0,2.0,-0.0040054932478827965,-0.0329670329670364,-0.0439560439560438
199181799285200,1.222293,hold,-0.0040054932478827965,28.0,2.0,-0.0040054932478827965,-0.0329670329670364,-0.0439560439560438
199181800268400,1.2232762,hold,-0.0040054932478827965,28.0,2.0,-0.0040054932478827965,-0.0329670329670364,-0.0439560439560438
199181801272100,1.2242799,hold,-0.0040054932478827965,28.0,2.0,-0.0040054932478827965,-0.0329670329670364,-0.0439560439560438
199181802278600,1.2252864,hold,-0.0040054932478827965,28.0,2.0,-0.0040054932478827965,-0.0329670329670364,-0.0439560439560438
199181803397000,1.2264048,hold,-0.0040054932478827965,28.0,2.0,-0.0040054932478827965,-0.0329670329670364,-0.0439560439560438
199181804414400,1.2274222,hold,-0.0040054932478827965,28.0,2.0,-0.0040054932478827965,-0.0329670329670364,-0.0439560439560438
199181805425200,1.228433,hold,-0.0040054932478827965,28.0,2.0,-0.0040054932478827965,-0.0329670329670364,-0.0439560439560438
199181806426300,1.2294341,hold,-0.0040054932478827965,28.0,2.0,-0.0040054932478827965,-0.0329670329670364,-0.0439560439560438
199181807615500,1.2306233,hold,-0.0040054932478827965,28.0,2.0,-0.0040054932478827965,-0.0329670329670364,-0.0439560439560438
199181809015600,1.2320234,hold,-0.0040054932478827965,28.0,2.0,-0.0040054932478827965,-0.0329670329670364,-0.0439560439560438
199181809161400,1.2321692,hold,-0.0040054932478827965,28.0,2.0,-0.0040054932478827965,-0.0329670329670364,-0.0439560439560438
199181810523200,1.233531,hold,-0.0040054932478827965,28.0,2.0,-0.0040054932478827965,-0.0329670329670364,-0.0439560439560438
199181811527800,1.2345356,hold,-0.0040054932478827965,28.0,2.0,-0.0040054932478827965,-0.0329670329670364,-0.0439560439560438
199181812755600,1.2357634,hold,-0.0040054932478827965,28.0,2.0,-0.0040054932478827965,-0.0329670329670364,-0.0439560439560438
199181813413600,1.2364214,hold,-0.0040054932478827965,28.0,2.0,-0.0040054932478827965,-0.0329670329670364,-0.0439560439560438
199181814383600,1.2373914,hold,-0.0040054932478827965,28.0,2.0,-0.0040054932478827965,-0.0329670329670364,-0.0439560439560438
199181815403700,1.2384115,hold,-0.0040054932478827965,28.0,2.0,-0.0040054932478827965,-0.0329670329670364,-0.0439560439560438
199181816425600,1.2394334,hold,-0.0040054932478827965,28.0,2.0,-0.0040054932478827965,-0.0329670329670364,-0.0439560439560438
199181817515900,1.2405237,hold,-0.0040054932478827965,28.0,2.0,-0.0040054932478827965,-0.0329670329670364,-0.0439560439560438
199181818715900,1.2417237,hold,-0.0040054932478827965,28.0,2.0,-0.0040054932478827965,-0.0329670329670364,-0.0439560439560438
199181819366600,1.2423744,hold,-0.0040054932478827965,28.0,2.0,-0.0040054932478827965,-0.0329670329670364,-0.0439560439560438
199181820374400,1.2433822,hold,-0.0040054932478827965,28.0,2.0,-0.0040054932478827965,-0.0329670329670364,-0.0439560439560438
199181821442000,1.2444498,hold,-0.0040054932478827965,28.0,2.0,-0.0040054932478827965,-0.0329670329670364,-0.0439560439560438
199181822450600,1.2454584,hold,-0.0040054932478827965,28.0,2.0,-0.0040054932478827965,-0.0329670329670364,-0.0439560439560438
199181823540200,1.246548,hold,-0.0040054932478827965,28.0,2.0,-0.0040054932478827965,-0.0329670329670364,-0.0439560439560438
199181824945000,1.2479528,hold,-0.0040054932478827965,28.0,2.0,-0.0040054932478827965,-0.0329670329670364,-0.0439560439560438
199181825559100,1.2485669,hold,-0.0040054932478827965,28.0,2.0,-0.0040054932478827965,-0.0329670329670364,-0.0439560439560438
199181826585500,1.2495933,hold,-0.0040054932478827965,28.0,2.0,-0.0040054932478827965,-0.0329670329670364,-0.0439560439560438
199181827763900,1.2507717,hold,-0.0040054932478827965,28.0,2.0,-0.0040054932478827965,-0.0329670329670364,-0.0439560439560438
199181828422800,1.2514306,hold,-0.0040054932478827965,28.0,2.0,-0.0040054932478827965,-0.0329670329670364,-0.0439560439560438
199181829411100,1.2524189,hold,-0.0040054932478827965,28.0,2.0,-0.0040054932478827965,-0.0329670329670364,-0.0439560439560438
199181830470500,1.2534783,hold,-0.0040054932478827965,28.0,2.0,-0.0040054932478827965,-0.0329670329670364,-0.0439560439560438
199181831545000,1.2545528,hold,-0.0040054932478827965,28.0,2.0,-0.0040054932478827965,-0.0329670329670364,-0.0439560439560438
199181832660300,1.2556681,hold,-0.0040054932478827965,28.0,2.0,-0.0040054932478827965,-0.0329670329670364,-0.0439560439560438
199181833302900,1.2563107,hold,-0.0040054932478827965,28.0,2.0,-0.0040054932478827965,-0.0329670329670364,-0.0439560439560438
199181834316800,1.2573246,hold,-0.0040054932478827965,28.0,2.0,-0.0040054932478827965,-0.0329670329670364,-0.0439560439560438
199181835384200,1.258392,hold,-0.0040054932478827965,28.0,2.0,-0.0040054932478827965,-0.0329670329670364,-0.0439560439560438
199181836445600,1.2594534,hold,-0.0040054932478827965,28.0,2.0,-0.0040054932478827965,-0.0329670329670364,-0.0439560439560438
199181837541500,1.2605493,hold,-0.0040054932478827965,28.0,2.0,-0.0040054932478827965,-0.0329670329670364,-0.0439560439560438
199181838697200,1.261705,hold,-0.0040054932478827965,28.0,2.0,-0.0040054932478827965,-0.0329670329670364,-0.0439560439560438
199181839142400,1.2621502,hold,-0.0040054932478827965,28.0,2.0,-0.0040054932478827965,-0.0329670329670364,-0.0439560439560438
199181840151200,1.263159,hold,-0.0040054932478827965,28.0,2.0,-0.0040054932478827965,-0.0329670329670364,-0.0439560439560438
199181841276800,1.2642846,hold,-0.0040054932478827965,28.0,2.0,-0.0040054932478827965,-0.0329670329670364,-0.0439560439560438
199181842373300,1.2653811,hold,-0.0040054932478827965,28.0,2.0,-0.0040054932478827965,-0.0329670329670364,-0.0439560439560438
199181843567100,1.2665749,hold,-0.0040054932478827965,28.0,2.0,-0.0040054932478827965,-0.0329670329670364,-0.0439560439560438
199181844642200,1.26765,hold,-0.0040054932478827965,28.0,2.0,-0.0040054932478827965,-0.0329670329670364,-0.0439560439560438
199181845758900,1.2687667,hold,-0.0040054932478827965,28.0,2.0,-0.0040054932478827965,-0.0329670329670364,-0.0439560439560438
199181846284200,1.269292,hold,-0.0040054932478827965,28.0,2.0,-0.0040054932478827965,-0.0329670329670364,-0.0439560439560438
199181847264900,1.2702727,hold,-0.0040054932478827965,28.0,2.0,-0.0040054932478827965,-0.0329670329670364,-0.0439560439560438
199181848354700,1.2713625,hold,-0.0040054932478827965,28.0,2.0,-0.0040054932478827965,-0.0329670329670364,-0.0439560439560438
199181849398700,1.2724065,hold,-0.0040054932478827965,28.0,2.0,-0.0040054932478827965,-0.0329670329670364,-0.0439560439560438
199181850824000,1.2738318,hold,-0.0040054932478827965,28.0,2.0,-0.0040054932478827965,-0.0329670329670364,-0.0439560439560438
199181851469700,1.2744775,hold,-0.0040054932478827965,28.0,2.0,-0.0040054932478827965,-0.0329670329670364,-0.0439560439560438
199181852581600,1.2755894,hold,-0.0040054932478827965,28.0,2.0,-0.0040054932478827965,-0.0329670329670364,-0.0439560439560438
199181853600800,1.2766086,hold,-0.0040054932478827965,28.0,2.0,-0.0040054932478827965,-0.0329670329670364,-0.0439560439560438
199181854778100,1.2777859,hold,-0.0040054932478827965,28.0,2.0,-0.0040054932478827965,-0.0329670329670364,-0.0439560439560438
199181855609300,1.2786171,hold,-0.0040054932478827965,28.0,2.0,-0.0040054932478827965,-0.0329670329670364,-0.0439560439560438
199181856613700,1.2796215,hold,-0.0040054932478827965,28.0,2.0,-0.0040054932478827965,-0.0329670329670364,-0.0439560439560438
199181857228500,1.2802363,hold,-0.0040054932478827965,28.0,2.0,-0.0040054932478827965,-0.0329670329670364,-0.0439560439560438
199181858237000,1.2812448,hold,-0.0040054932478827965,28.0,2.0,-0.0040054932478827965,-0.0329670329670364,-0.0439560439560438
199181859341200,1.282349,hold,-0.0040054932478827965,28.0,2.0,-0.0040054932478827965,-0.0329670329670364,-0.0439560439560438
199181860816200,1.283824,hold,-0.0040054932478827965,28.0,2.0,-0.0040054932478827965,-0.0329670329670364,-0.0439560439560438
199181861446100,1.2844539,hold,-0.0040054932478827965,28.0,2.0,-0.0040054932478827965,-0.0329670329670364,-0.0439560439560438
199181862452100,1.2854599,hold,-0.0040054932478827965,28.0,2.0,-0.0040054932478827965,-0.0329670329670364,-0.0439560439560438
199181863531300,1.2865391,hold,-0.0040054932478827965,28.0,2.0,-0.0040054932478827965,-0.0329670329670364,-0.0439560439560438
199181864765400,1.2877732,hold,-0.0040054932478827965,28.0,2.0,-0.0040054932478827965,-0.0329670329670364,-0.0439560439560438
199181865383100,1.2883909,hold,-0.0040054932478827965,28.0,2.0,-0.0040054932478827965,-0.0329670329670364,-0.0439560439560438
199181866408200,1.289416,hold,-0.0040054932478827965,28.0,2.0,-0.0040054932478827965,-0.0329670329670364,-0.0439560439560438
199181867595200,1.290603,hold,-0.0040054932478827965,28.0,2.0,-0.0040054932478827965,-0.0329670329670364,-0.0439560439560438
199181868603800,1.2916116,hold,-0.0040054932478827965,28.0,2.0,-0.0040054932478827965,-0.0329670329670364,-0.0439560439560438
199181869203700,1.2922115,hold,-0.0040054932478827965,28.0,2.0,-0.0040054932478827965,-0.0329670329670364,-0.0439560439560438
199181870823700,1.2938315,hold,-0.0040054932478827965,28.0,2.0,-0.0040054932478827965,-0.0329670329670364,-0.0439560439560438
199181871431800,1.2944396,hold,-0.0040054932478827965,28.0,2.0,-0.0040054932478827965,-0.0329670329670364,-0.0439560439560438
199181872433100,1.2954409,hold,-0.0040054932478827965,28.0,2.0,-0.0040054932478827965,-0.0329670329670364,-0.0439560439560438
199181873619600,1.2966274,hold,-0.0040054932478827965,28.0,2.0,-0.0040054932478827965,-0.0329670329670364,-0.0439560439560438
199181874757400,1.2977652,hold,-0.0040054932478827965,28.0,2.0,-0.0040054932478827965,-0.0329670329670364,-0.0439560439560438
199181875378200,1.298386,hold,-0.0040054932478827965,28.0,2.0,-0.0040054932478827965,-0.0329670329670364,-0.0439560439560438
199181876381400,1.2993892,hold,-0.0040054932478827965,28.0,2.0,-0.0040054932478827965,-0.0329670329670364,-0.0439560439560438
199181877452300,1.3004601,hold,-0.0040054932478827965,28.0,2.0,-0.0040054932478827965,-0.0329670329670364,-0.0439560439560438
199181878580500,1.3015883,hold,-0.0040054932478827965,28.0,2.0,-0.0040054932478827965,-0.0329670329670364,-0.0439560439560438
199181879689000,1.3026968,hold,-0.0040054932478827965,28.0,2.0,-0.0040054932478827965,-0.0329670329670364,-0.0439560439560438
199181880344300,1.3033521,hold,-0.0040054932478827965,28.0,2.0,-0.0040054932478827965,-0.0329670329670364,-0.0439560439560438
199181881376900,1.3043847,hold,-0.0040054932478827965,28.0,2.0,-0.0040054932478827965,-0.0329670329670364,-0.0439560439560438
199181882480600,1.3054884,hold,-0.0040054932478827965,28.0,2.0,-0.0040054932478827965,-0.0329670329670364,-0.0439560439560438
199181883572700,1.3065805,hold,-0.0040054932478827965,28.0,2.0,-0.0040054932478827965,-0.0329670329670364,-0.0439560439560438
199181884733000,1.3077408,hold,-0.0040054932478827965,28.0,2.0,-0.0040054932478827965,-0.0329670329670364,-0.0439560439560438
199181885499300,1.3085071,hold,-0.0040054932478827965,28.0,2.0,-0.0040054932478827965,-0.0329670329670364,-0.0439560439560438
199181886419800,1.3094276,hold,-0.0040054932478827965,28.0,2.0,-0.0040054932478827965,-0.0329670329670364,-0.0439560439560438
199181887512700,1.3105205,hold,-0.0040054932478827965,28.0,2.0,-0.0040054932478827965,-0.0329670329670364,-0.0439560439560438
199181888560700,1.3115685,hold,-0.0040054932478827965,28.0,2.0,-0.0040054932478827965,-0.0329670329670364,-0.0439560439560438
199181889731900,1.3127397,hold,-0.0040054932478827965,28.0,2.0,-0.0040054932478827965,-0.0329670329670364,-0.0439560439560438
199181890365400,1.3133732,hold,-0.0040054932478827965,28.0,2.0,-0.0040054932478827965,-0.0329670329670364,-0.0439560439560438
199181891365400,1.3143732,hold,-0.0040054932478827965,28.0,2.0,-0.0040054932478827965,-0.0329670329670364,-0.0439560439560438
199181892438100,1.3154459,hold,-0.0040054932478827965,28.0,2.0,-0.0040054932478827965,-0.0329670329670364,-0.0439560439560438
199181893525000,1.3165328,hold,-0.0040054932478827965,28.0,2.0,-0.0040054932478827965,-0.0329670329670364,-0.0439560439560438
199181894636600,1.3176444,hold,-0.0040054932478827965,28.0,2.0,-0.0040054932478827965,-0.0329670329670364,-0.0439560439560438
199181895140200,1.318148,hold,-0.0040054932478827965,28.0,2.0,-0.0040054932478827965,-0.0329670329670364,-0.0439560439560438
199181896142900,1.3191507,hold,-0.0040054932478827965,28.0,2.0,-0.0040054932478827965,-0.0329670329670364,-0.0439560439560438
199181897170700,1.3201785,hold,-0.0040054932478827965,28.0,2.0,-0.0040054932478827965,-0.0329670329670364,-0.0439560439560438
199181898255800,1.3212636,hold,-0.0040054932478827965,28.0,2.0,-0.0040054932478827965,-0.0329670329670364,-0.0439560439560438
199181899388300,1.3223961,hold,-0.0040054932478827965,28.0,2.0,-0.0040054932478827965,-0.0329670329670364,-0.0439560439560438
199181900354900,1.3233627,hold,-0.0040054932478827965,28.0,2.0,-0.0040054932478827965,-0.0329670329670364,-0.0439560439560438
199181901439700,1.3244475,hold,-0.0040054932478827965,28.0,2.0,-0.0040054932478827965,-0.0329670329670364,-0.0439560439560438
199181902598600,1.3256064,hold,-0.0040054932478827965,28.0,2.0,-0.0040054932478827965,-0.0329670329670364,-0.03418803418803407
199181903735800,1.3267436,hold,-0.0040054932478827965,28.0,2.0,-0.0040054932478827965,-0.0329670329670364,-0.03418803418803407
199181904380100,1.3273879,hold,-0.0040054932478827965,28.0,2.0,-0.0040054932478827965,-0.0329670329670364,-0.03418803418803407
199181905865000,1.3288728,hold,-0.0040054932478827965,28.0,2.0,-0.0040054932478827965,-0.0329670329670364,-0.03418803418803407
199181906506800,1.3295146,hold,-0.0040054932478827965,28.0,2.0,-0.0040054932478827965,-0.0329670329670364,-0.03418803418803407
199181907510900,1.3305187,hold,-0.0040054932478827965,28.0,2.0,-0.0040054932478827965,-0.0329670329670364,-0.03418803418803407
199181908659800,1.3316676,hold,-0.0040054932478827965,28.0,2.0,-0.0040054932478827965,-0.0329670329670364,-0.03418803418803407
199181909308300,1.3323161,hold,-0.0040054932478827965,28.0,2.0,-0.0040054932478827965,-0.0329670329670364,-0.03418803418803407
199181910288900,1.3332967,hold,-0.0040054932478827965,28.0,2.0,-0.0040054932478827965,-0.0329670329670364,-0.03418803418803407
199181911404000,1.3344118,hold,-0.0040054932478827965,28.0,2.0,-0.0040054932478827965,-0.0329670329670364,-0.03418803418803407
199181912481900,1.3354897,hold,-0.0040054932478827965,28.0,2.0,-0.0040054932478827965,-0.0329670329670364,-0.03418803418803407
199181913598400,1.3366062,hold,-0.0040054932478827965,28.0,2.0,-0.0040054932478827965,-0.0329670329670364,-0.03418803418803407
199181914716800,1.3377246,hold,-0.0040054932478827965,28.0,2.0,-0.0040054932478827965,-0.0329670329670364,-0.03418803418803407
199181915344200,1.338352,hold,-0.0040054932478827965,28.0,2.0,-0.0040054932478827965,-0.0329670329670364,-0.03418803418803407
199181916367600,1.3393754,hold,-0.0040054932478827965,28.0,2.0,-0.0040054932478827965,-0.0329670329670364,-0.03418803418803407
199181917677500,1.3406853,hold,-0.0040054932478827965,28.0,2.0,-0.0040054932478827965,-0.0329670329670364,-0.03418803418803407
199181918313200,1.341321,hold,-0.0040054932478827965,28.0,2.0,-0.0040054932478827965,-0.0329670329670364,-0.03418803418803407
199181919317700,1.3423255,hold,-0.0040054932478827965,28.0,2.0,-0.0040054932478827965,-0.0329670329670364,-0.03418803418803407
199181920556900,1.3435647,hold,-0.0040054932478827965,28.0,2.0,-0.0040054932478827965,-0.0329670329670364,-0.03418803418803407
199181921551300,1.3445591,hold,-0.0040054932478827965,28.0,2.0,-0.0040054932478827965,-0.0329670329670364,-0.03418803418803407
199181922628800,1.3456366,hold,-0.0040054932478827965,28.0,2.0,-0.0040054932478827965,-0.0329670329670364,-0.03418803418803407
199181923804700,1.3468125,hold,-0.0040054932478827965,28.0,2.0,-0.0040054932478827965,-0.0329670329670364,-0.03418803418803407
199181924473400,1.3474812,hold,-0.0040054932478827965,28.0,2.0,-0.0040054932478827965,-0.0329670329670364,-0.03418803418803407
199181925480600,1.3484884,hold,-0.0040054932478827965,28.0,2.0,-0.0040054932478827965,-0.0329670329670364,-0.03418803418803407
199181926482100,1.3494899,hold,-0.0040054932478827965,28.0,2.0,-0.0040054932478827965,-0.0329670329670364,-0.03418803418803407
199181927559200,1.350567,hold,-0.0040054932478827965,28.0,2.0,-0.0040054932478827965,-0.0329670329670364,-0.03418803418803407
199181928162800,1.3511706,hold,-0.0040054932478827965,28.0,2.0,-0.0040054932478827965,-0.0329670329670364,-0.03418803418803407
199181929185000,1.3521928,hold,-0.0040054932478827965,28.0,2.0,-0.0040054932478827965,-0.0329670329670364,-0.03418803418803407
199181930237400,1.3532452,hold,-0.0040054932478827965,28.0,2.0,-0.0040054932478827965,-0.0329670329670364,-0.03418803418803407
199181931486700,1.3544945,hold,-0.0040054932478827965,28.0,2.0,-0.0040054932478827965,-0.0329670329670364,-0.03418803418803407
199181932495000,1.3555028,hold,-0.0040054932478827965,28.0,2.0,-0.0040054932478827965,-0.0329670329670364,-0.03418803418803407
199181933700500,1.3567083,hold,-0.0040054932478827965,28.0,2.0,-0.0040054932478827965,-0.0329670329670364,-0.03418803418803407
199181934845900,1.3578537,hold,-0.0040054932478827965,28.0,2.0,-0.0040054932478827965,-0.0329670329670364,-0.03418803418803407
199181935484000,1.3584918,hold,-0.0040054932478827965,28.0,2.0,-0.0040054932478827965,-0.0329670329670364,-0.03418803418803407
199181936485100,1.3594929,hold,-0.0040054932478827965,28.0,2.0,-0.0040054932478827965,-0.0329670329670364,-0.03418803418803407
199181937599100,1.3606069,hold,-0.0040054932478827965,28.0,2.0,-0.0040054932478827965,-0.0329670329670364,-0.03418803418803407
199181938731600,1.3617394,hold,-0.0040054932478827965,28.0,2.0,-0.0040054932478827965,-0.0329670329670364,-0.03418803418803407
199181939355300,1.3623631,hold,-0.0040054932478827965,28.0,2.0,-0.0040054932478827965,-0.0329670329670364,-0.03418803418803407
199181940357000,1.3633648,hold,-0.0040054932478827965,28.0,2.0,-0.0040054932478827965,-0.0329670329670364,-0.03418803418803407
199181941450600,1.3644584,hold,-0.0040054932478827965,28.0,2.0,-0.0040054932478827965,-0.0329670329670364,-0.03418803418803407
199181942532100,1.3655399,hold,-0.0040054932478827965,28.0,2.0,-0.0040054932478827965,-0.0329670329670364,-0.03418803418803407
199181943647500,1.3666553,hold,-0.0040054932478827965,28.0,2.0,-0.0040054932478827965,-0.0329670329670364,-0.03418803418803407
199181944400900,1.3674087,hold,-0.0040054932478827965,28.0,2.0,-0.0040054932478827965,-0.0329670329670364,-0.03418803418803407
199181945265200,1.368273,hold,-0.0040054932478827965,28.0,2.0,-0.0040054932478827965,-0.0329670329670364,-0.03418803418803407
199181946266900,1.3692747,hold,-0.0040054932478827965,28.0,2.0,-0.0040054932478827965,-0.0329670329670364,-0.03418803418803407
199181947272400,1.3702802,hold,-0.0040054932478827965,28.0,2.0,-0.0040054932478827965,-0.0329670329670364,-0.03418803418803407
199181948340900,1.3713487,hold,-0.0040054932478827965,28.0,2.0,-0.0040054932478827965,-0.0329670329670364,-0.03418803418803407
199181949555400,1.3725632,hold,-0.0040054932478827965,28.0,2.0,-0.0040054932478827965,-0.0329670329670364,-0.03418803418803407
199181950428000,1.3734358,hold,-0.0040054932478827965,28.0,2.0,-0.0040054932478827965,-0.0329670329670364,-0.03418803418803407
199181951421400,1.3744292,hold,-0.0040054932478827965,28.0,2.0,-0.0040054932478827965,-0.0329670329670364,-0.03418803418803407
199181952543700,1.3755515,hold,-0.0040054932478827965,28.0,2.0,-0.0040054932478827965,-0.0329670329670364,-0.03418803418803407
199181953614300,1.3766221,hold,-0.0040054932478827965,28.0,2.0,-0.0040054932478827965,-0.0329670329670364,-0.03418803418803407
199181954705100,1.3777129,hold,-0.0040054932478827965,28.0,2.0,-0.0040054932478827965,-0.0329670329670364,-0.03418803418803407
199181955206300,1.3782141,hold,-0.0040054932478827965,28.0,2.0,-0.0040054932478827965,-0.0329670329670364,-0.03418803418803407
199181956209100,1.3792169,hold,-0.0040054932478827965,28.0,2.0,-0.0040054932478827965,-0.0329670329670364,-0.03418803418803407
199181957338300,1.3803461,hold,-0.0040054932478827965,28.0,2.0,-0.0040054932478827965,-0.0329670329670364,-0.03418803418803407
199181958318700,1.3813265,hold,-0.0040054932478827965,28.0,2.0,-0.0040054932478827965,-0.0329670329670364,-0.03418803418803407
199181959399400,1.3824072,hold,-0.0040054932478827965,28.0,2.0,-0.0040054932478827965,-0.0329670329670364,-0.03418803418803407
199181960408200,1.383416,hold,-0.0040054932478827965,28.0,2.0,-0.0040054932478827965,-0.0329670329670364,-0.03418803418803407
199181961408200,1.384416,hold,-0.0040054932478827965,28.0,2.0,-0.0040054932478827965,-0.0329670329670364,-0.03418803418803407
199181962595900,1.3856037,hold,-0.0040054932478827965,28.0,2.0,-0.0040054932478827965,-0.0329670329670364,-0.03418803418803407
199181963912900,1.3869207,hold,-0.0040054932478827965,28.0,2.0,-0.0040054932478827965,-0.0329670329670364,-0.03418803418803407
199181964531100,1.3875389,hold,-0.0040054932478827965,28.0,2.0,-0.0040054932478827965,-0.0329670329670364,-0.03418803418803407
199181965618100,1.3886259,hold,-0.0040054932478827965,28.0,2.0,-0.0040054932478827965,-0.0329670329670364,-0.03418803418803407
199181966539500,1.3895473,hold,-0.0040054932478827965,28.0,2.0,-0.0040054932478827965,-0.0329670329670364,-0.03418803418803407
199181967541900,1.3905497,hold,-0.0040054932478827965,28.0,2.0,-0.0040054932478827965,-0.0329670329670364,-0.03418803418803407
199181968694200,1.391702,hold,-0.0040054932478827965,28.0,2.0,-0.0040054932478827965,-0.0329670329670364,-0.03418803418803407
199181969368800,1.3923766,hold,-0.0040054932478827965,28.0,2.0,-0.0040054932478827965,-0.0329670329670364,-0.03418803418803407
199181970388200,1.393396,hold,-0.0040054932478827965,28.0,2.0,-0.0040054932478827965,-0.0329670329670364,-0.03418803418803407
199181971600600,1.3946084,hold,-0.0040054932478827965,28.0,2.0,-0.0040054932478827965,-0.0329670329670364,-0.03418803418803407
199181972581700,1.3955895,hold,-0.0040054932478827965,28.0,2.0,-0.0040054932478827965,-0.0329670329670364,-0.03418803418803407
199181973713100,1.3967209,hold,-0.0040054932478827965,28.0,2.0,-0.0040054932478827965,-0.0329670329670364,-0.03418803418803407
199181974412300,1.3974201,hold,-0.0040054932478827965,28.0,2.0,-0.0040054932478827965,-0.0329670329670364,-0.03418803418803407
199181975411900,1.3984197,hold,-0.0040054932478827965,28.0,2.0,-0.0040054932478827965,-0.0329670329670364,-0.03418803418803407
199181976532500,1.3995403,hold,-0.0040054932478827965,28.0,2.0,-0.0040054932478827965,-0.0329670329670364,-0.03418803418803407
199181977735400,1.4007432,step,0.1459945067521172,28.0,2.0,-0.0040054932478827965,-0.0329670329670364,-0.03418803418803407
199181978394000,1.4014018,step,0.1459945067521172,28.0,2.0,-0.0040054932478827965,-0.0329670329670364,-0.03418803418803407
199181979357100,1.4023649,step,0.1459945067521172,28.0,2.0,-0.0040054932478827965,-0.0329670329670364,-0.03418803418803407
199181980489400,1.4034972,step,0.1459945067521172,28.0,2.0,-0.0040054932478827965,-0.0329670329670364,-0.03418803418803407
199181981421900,1.4044297,step,0.1459945067521172,28.0,2.0,-0.0040054932478827965,-0.0329670329670364,-0.03418803418803407
199181982424700,1.4054325,step,0.1459945067521172,28.0,2.0,-0.0040054932478827965,-0.0329670329670364,-0.03418803418803407
199181983565600,1.4065734,step,0.1459945067521172,28.0,2.0,-0.0040054932478827965,-0.0329670329670364,-0.03418803418803407
199181984560900,1.4075687,step,0.1459945067521172,28.0,2.0,-0.0040054932478827965,-0.0329670329670364,-0.03418803418803407
199181986006700,1.4090145,step,0.1459945067521172,28.0,2.0,-0.0040054932478827965,-0.0329670329670364,-0.03418803418803407
199181986121100,1.4091289,step,0.1459945067521172,28.0,2.0,-0.0040054932478827965,-0.0329670329670364,-0.03418803418803407
199181987738500,1.4107463,step,0.1459945067521172,28.0,2.0,-0.0040054932478827965,-0.0329670329670364,-0.03418803418803407
199181988359400,1.4113672,step,0.1459945067521172,28.0,2.0,-0.0040054932478827965,-0.0329670329670364,-0.03418803418803407
199181989366400,1.4123742,step,0.1459945067521172,28.0,2.0,-0.0040054932478827965,-0.0329670329670364,-0.03418803418803407
199181990376000,1.4133838,step,0.1459945067521172,28.0,2.0,-0.0040054932478827965,-0.0329670329670364,-0.03418803418803407
199181991378600,1.4143864,step,0.1459945067521172,28.0,2.0,-0.0040054932478827965,-0.0329670329670364,-0.03418803418803407
199181992382000,1.4153898,step,0.1459945067521172,28.0,2.0,-0.0040054932478827965,-0.0329670329670364,-0.03418803418803407
199181993425200,1.416433,step,0.1459945067521172,28.0,2.0,-0.0040054932478827965,-0.0329670329670364,-0.03418803418803407
199181994516600,1.4175244,step,0.1459945067521172,28.0,2.0,-0.0040054932478827965,-0.0329670329670364,-0.03418803418803407
199181995684000,1.4186918,step,0.1459945067521172,28.0,2.0,-0.0040054932478827965,-0.0329670329670364,-0.03418803418803407
199181996316300,1.4193241,step,0.1459945067521172,28.0,2.0,-0.0040054932478827965,-0.0329670329670364,-0.03418803418803407
199181997317900,1.4203257,step,0.1459945067521172,28.0,2.0,-0.0040054932478827965,-0.0329670329670364,-0.03418803418803407
199181998349600,1.4213574,step,0.1459945067521172,28.0,2.0,-0.0040054932478827965,-0.0329670329670364,-0.03418803418803407
199181999424300,1.4224321,step,0.1459945067521172,28.0,2.0,-0.0040054932478827965,-0.0329670329670364,-0.03418803418803407
199182000912500,1.4239203,step,0.1459945067521172,28.0,2.0,-0.0040054932478827965,-0.0329670329670364,-0.03418803418803407
199182001530300,1.4245381,step,0.1459945067521172,28.0,2.0,-0.0040054932478827965,-0.0329670329670364,-0.03418803418803407
199182002535600,1.4255434,step,0.1459945067521172,28.0,2.0,-0.0040054932478827965,-0.0329670329670364,-0.03418803418803407
199182003657200,1.426665,step,0.1459945067521172,28.0,2.0,-0.0040054932478827965,-0.0329670329670364,-0.03418803418803407
199182004758100,1.4277659,step,0.1459945067521172,28.0,2.0,-0.0040054932478827965,-0.0329670329670364,-0.03418803418803407
199182005384500,1.4283923,step,0.1459945067521172,28.0,2.0,-0.0040054932478827965,-0.0329670329670364,-0.03418803418803407
199182006411000,1.4294188,step,0.1459945067521172,28.0,2.0,-0.0040054932478827965,-0.0329670329670364,-0.03418803418803407
199182007513100,1.4305209,step,0.1459945067521172,28.0,2.0,-0.0040054932478827965,-0.0329670329670364,-0.03418803418803407
199182008664700,1.4316725,step,0.1459945067521172,28.0,2.0,-0.0040054932478827965,-0.0329670329670364,-0.03418803418803407
199182009726900,1.4327347,step,0.1459945067521172,28.0,2.0,-0.0040054932478827965,-0.0329670329670364,-0.03418803418803407
199182010225300,1.4332331,step,0.1459945067521172,28.0,2.0,-0.0040054932478827965,-0.0329670329670364,-0.03418803418803407
199182011856500,1.4348643,step,0.1459945067521172,28.0,2.0,-0.0040054932478827965,-0.0329670329670364,-0.03418803418803407
199182012494900,1.4355027,step,0.1459945067521172,28.0,2.0,-0.0040054932478827965,-0.0329670329670364,-0.024420024420024333
199182013496400,1.4365042,step,0.1459945067521172,28.0,2.0,0.02994583047226662,1.1758241758241752,1.3235653235653224
199182014519300,1.4375271,step,0.1459945067521172,28.0,2.0,0.02994583047226662,1.1758241758241752,1.3235653235653224
199182015736200,1.438744,step,0.1459945067521172,28.0,2.0,0.02994583047226662,1.1758241758241752,1.3235653235653224
199182016327200,1.439335,step,0.1459945067521172,28.0,2.0,0.02994583047226662,1.1758241758241752,1.3235653235653224
199182017331200,1.440339,step,0.1459945067521172,28.0,2.0,0.02994583047226662,1.1758241758241752,1.3235653235653224
199182018447700,1.4414555,step,0.1459945067521172,28.0,2.0,0.02994583047226662,1.1758241758241752,1.3235653235653224
199182019557100,1.4425649,step,0.1459945067521172,28.0,2.0,0.02994583047226662,1.1758241758241752,1.3235653235653224
199182020656700,1.4436645,step,0.1459945067521172,28.0,2.0,0.02994583047226662,1.1758241758241752,1.3235653235653224
199182021281200,1.444289,step,0.1459945067521172,28.0,2.0,0.02994583047226662,1.1758241758241752,1.3235653235653224
199182022286700,1.4452945,step,0.1459945067521172,28.0,2.0,0.02994583047226662,1.1758241758241752,1.3235653235653224
199182023412700,1.4464205,step,0.1459945067521172,28.0,2.0,0.02994583047226662,1.1758241758241752,1.3235653235653224
199182024580100,1.4475879,step,0.1459945067521172,28.0,2.0,0.02994583047226662,1.1758241758241752,1.3235653235653224
199182025726800,1.4487346,step,0.1459945067521172,28.0,2.0,0.02994583047226662,1.1758241758241752,1.3235653235653224
199182026320100,1.4493279,step,0.1459945067521172,28.0,2.0,0.02994583047226662,1.1758241758241752,1.3235653235653224
199182027425900,1.4504337,step,0.1459945067521172,28.0,2.0,0.02994583047226662,1.1758241758241752,1.3235653235653224
199182028333100,1.4513409,step,0.1459945067521172,28.0,2.0,0.02994583047226662,1.1758241758241752,1.3235653235653224
199182029336300,1.4523441,step,0.1459945067521172,28.0,2.0,0.02994583047226662,1.1758241758241752,1.3235653235653224
199182030562800,1.4535706,step,0.1459945067521172,28.0,2.0,0.02994583047226662,1.1758241758241752,1.3235653235653224
199182031592800,1.4546006,step,0.1459945067521172,28.0,2.0,0.02994583047226662,1.1758241758241752,1.3235653235653224
199182032760100,1.4557679,step,0.1459945067521172,28.0,2.0,0.02994583047226662,1.1758241758241752,1.3235653235653224
199182033373800,1.4563816,step,0.1459945067521172,28.0,2.0,0.02994583047226662,1.1758241758241752,1.3235653235653224
199182034373600,1.4573814,step,0.1459945067521172,28.0,2.0,0.02994583047226662,1.1758241758241752,1.3235653235653224
199182035492600,1.4585004,step,0.1459945067521172,28.0,2.0,0.02994583047226662,1.1758241758241752,1.3235653235653224
199182036618700,1.4596265,step,0.1459945067521172,28.0,2.0,0.02994583047226662,1.1758241758241752,1.3235653235653224
199182037787700,1.4607955,step,0.1459945067521172,28.0,2.0,0.02994583047226662,1.1758241758241752,1.3235653235653224
199182038406900,1.4614147,step,0.1459945067521172,28.0,2.0,0.02994583047226662,1.1758241758241752,1.3235653235653224
199182039402800,1.4624106,step,0.1459945067521172,28.0,2.0,0.02994583047226662,1.1758241758241752,1.3235653235653224
199182040502900,1.4635107,step,0.1459945067521172,28.0,2.0,0.02994583047226662,1.1758241758241752,1.3235653235653224
199182041656800,1.4646646,step,0.1459945067521172,28.0,2.0,0.02994583047226662,1.1758241758241752,1.3235653235653224
199182042265900,1.4652737,step,0.1459945067521172,28.0,2.0,0.02994583047226662,1.1758241758241752,1.3235653235653224
199182043365100,1.4663729,step,0.1459945067521172,28.0,2.0,0.02994583047226662,1.1758241758241752,1.3235653235653224
199182044594700,1.4676025,step,0.1459945067521172,28.0,2.0,0.02994583047226662,1.1758241758241752,1.3235653235653224
199182045600500,1.4686083,step,0.1459945067521172,28.0,2.0,0.02994583047226662,1.1758241758241752,1.3235653235653224
199182046605500,1.4696133,step,0.1459945067521172,28.0,2.0,0.02994583047226662,1.1758241758241752,1.3235653235653224
199182047194700,1.4702025,step,0.1459945067521172,28.0,2.0,0.02994583047226662,1.1758241758241752,1.3235653235653224
199182048352300,1.4713601,step,0.1459945067521172,28.0,2.0,0.02994583047226662,1.1758241758241752,1.3235653235653224
199182049328700,1.4723365,step,0.1459945067521172,28.0,2.0,0.02994583047226662,1.1758241758241752,1.3235653235653224
199182050336400,1.4733442,step,0.1459945067521172,28.0,2.0,0.02994583047226662,1.1758241758241752,1.3235653235653224
199182051341000,1.4743488,step,0.1459945067521172,28.0,2.0,0.02994583047226662,1.1758241758241752,1.3235653235653224
199182052342900,1.4753507,step,0.1459945067521172,28.0,2.0,0.02994583047226662,1.1758241758241752,1.3235653235653224
199182053510900,1.4765187,step,0.1459945067521172,28.0,2.0,0.02994583047226662,1.1758241758241752,1.3235653235653224
199182054560900,1.4775687,step,0.1459945067521172,28.0,2.0,0.02994583047226662,1.1758241758241752,1.3235653235653224
199182055567700,1.4785755,step,0.1459945067521172,28.0,2.0,0.02994583047226662,1.1758241758241752,1.3235653235653224
199182056590000,1.4795978,step,0.1459945067521172,28.0,2.0,0.02994583047226662,1.1758241758241752,1.3235653235653224
199182057574900,1.4805827,step,0.1459945067521172,28.0,2.0,0.02994583047226662,1.1758241758241752,1.3235653235653224
199182058673900,1.4816817,step,0.1459945067521172,28.0,2.0,0.02994583047226662,1.1758241758241752,1.3235653235653224
199182059587200,1.482595,step,0.1459945067521172,28.0,2.0,0.02994583047226662,1.1758241758241752,1.3235653235653224
199182060589300,1.4835971,step,0.1459945067521172,28.0,2.0,0.02994583047226662,1.1758241758241752,1.3235653235653224
199182061090600,1.4840984,step,0.1459945067521172,28.0,2.0,0.02994583047226662,1.1758241758241752,1.3235653235653224
199182062114500,1.4851223,step,0.1459945067521172,28.0,2.0,0.02994583047226662,1.1758241758241752,1.3235653235653224
199182063743600,1.4867514,step,0.1459945067521172,28.0,2.0,0.02994583047226662,1.1758241758241752,1.3235653235653224
199182064361900,1.4873697,step,0.1459945067521172,28.0,2.0,0.02994583047226662,1.1758241758241752,1.3235653235653224
199182065366400,1.4883742,step,0.1459945067521172,28.0,2.0,0.02994583047226662,1.1758241758241752,1.3235653235653224
199182066485700,1.4894935,step,0.1459945067521172,28.0,2.0,0.02994583047226662,1.1758241758241752,1.3235653235653224
199182067594000,1.4906018,step,0.1459945067521172,28.0,2.0,0.02994583047226662,1.1758241758241752,1.3235653235653224
199182068647600,1.4916554,step,0.1459945067521172,28.0,2.0,0.02994583047226662,1.1758241758241752,1.3235653235653224
199182069826700,1.4928345,step,0.1459945067521172,28.0,2.0,0.02994583047226662,1.1758241758241752,1.3235653235653224
199182070434300,1.4934421,step,0.1459945067521172,28.0,2.0,0.02994583047226662,1.1758241758241752,1.3235653235653224
199182071434800,1.4944426,step,0.1459945067521172,28.0,2.0,0.02994583047226662,1.1758241758241752,1.3235653235653224
199182072485000,1.4954928,step,0.1459945067521172,28.0,2.0,0.02994583047226662,1.1758241758241752,1.3235653235653224
199182073590100,1.4965979,step,0.1459945067521172,28.0,2.0,0.02994583047226662,1.1758241758241752,1.3235653235653224
199182074712700,1.4977205,step,0.1459945067521172,28.0,2.0,0.02994583047226662,1.1758241758241752,1.3235653235653224
199182075721000,1.4987288,step,0.1459945067521172,28.0,2.0,0.02994583047226662,1.1758241758241752,1.3235653235653224
199182076324300,1.4993321,step,0.1459945067521172,28.0,2.0,0.02994583047226662,1.1758241758241752,1.3235653235653224
199182077355200,1.500363,step,0.1459945067521172,28.0,2.0,0.02994583047226662,1.1758241758241752,1.3235653235653224
199182078334700,1.5013425,step,0.1459945067521172,28.0,2.0,0.02994583047226662,1.1758241758241752,1.3235653235653224
199182079356300,1.5023641,step,0.1459945067521172,28.0,2.0,0.02994583047226662,1.1758241758241752,1.3235653235653224
199182080347300,1.5033551,step,0.1459945067521172,28.0,2.0,0.02994583047226662,1.1758241758241752,1.3235653235653224
199182081346600,1.5043544,step,0.1459945067521172,28.0,2.0,0.02994583047226662,1.1758241758241752,1.3235653235653224
199182082429500,1.5054373,step,0.1459945067521172,28.0,2.0,0.02994583047226662,1.1758241758241752,1.3235653235653224
199182083433700,1.5064415,step,0.1459945067521172,28.0,2.0,0.02994583047226662,1.1758241758241752,1.3235653235653224
199182084504600,1.5075124,step,0.1459945067521172,28.0,2.0,0.02994583047226662,1.1758241758241752,1.3235653235653224
199182085843800,1.5088516,step,0.1459945067521172,28.0,2.0,0.02994583047226662,1.1758241758241752,1.3235653235653224
199182086478000,1.5094858,step,0.1459945067521172,28.0,2.0,0.02994583047226662,1.1758241758241752,1.3235653235653224
199182087480100,1.5104879,step,0.1459945067521172,28.0,2.0,0.02994583047226662,1.1758241758241752,1.3235653235653224
199182088592600,1.5116004,step,0.1459945067521172,28.0,2.0,0.02994583047226662,1.1758241758241752,1.3235653235653224
199182089813200,1.512821,step,0.1459945067521172,28.0,2.0,0.02994583047226662,1.1758241758241752,1.3235653235653224
199182090478800,1.5134866,step,0.1459945067521172,28.0,2.0,0.02994583047226662,1.1758241758241752,1.3235653235653224
199182091479500,1.5144873,step,0.1459945067521172,28.0,2.0,0.02994583047226662,1.1758241758241752,1.3235653235653224
199182092543300,1.5155511,step,0.1459945067521172,28.0,2.0,0.02994583047226662,1.1758241758241752,1.3235653235653224
199182093721000,1.5167288,step,0.1459945067521172,28.0,2.0,0.02994583047226662,1.1758241758241752,1.3235653235653224
199182094365000,1.5173728,step,0.1459945067521172,28.0,2.0,0.02994583047226662,1.1758241758241752,1.3235653235653224
199182095353500,1.5183613,step,0.1459945067521172,28.0,2.0,0.02994583047226662,1.1758241758241752,1.3235653235653224
199182096359700,1.5193675,step,0.1459945067521172,28.0,2.0,0.02994583047226662,1.1758241758241752,1.3235653235653224
199182097363800,1.5203716,step,0.1459945067521172,28.0,2.0,0.02994583047226662,1.1758241758241752,1.3235653235653224
199182098662200,1.52167,step,0.1459945067521172,28.0,2.0,0.02994583047226662,1.1758241758241752,1.3235653235653224
199182099293800,1.5223016,step,0.1459945067521172,28.0,2.0,0.02994583047226662,1.1758241758241752,1.3235653235653224
199182100302000,1.5233098,step,0.1459945067521172,28.0,2.0,0.02994583047226662,1.1758241758241752,1.3235653235653224
199182101305600,1.5243134,step,0.1459945067521172,28.0,2.0,0.02994583047226662,1.1758241758241752,1.3235653235653224
199182102307400,1.5253152,step,0.1459945067521172,28.0,2.0,0.02994583047226662,1.1758241758241752,1.3235653235653224
199182103383500,1.5263913,step,0.1459945067521172,28.0,2.0,0.02994583047226662,1.1758241758241752,1.3235653235653224
199182104394200,1.527402,step,0.1459945067521172,28.0,2.0,0.02994583047226662,1.1758241758241752,1.3235653235653224
199182105587300,1.5285951,step,0.1459945067521172,28.0,2.0,0.02994583047226662,1.1758241758241752,1.3235653235653224
199182106521000,1.5295288,step,0.1459945067521172,28.0,2.0,0.02994583047226662,1.1758241758241752,1.3235653235653224
199182107522300,1.5305301,step,0.1459945067521172,28.0,2.0,0.02994583047226662,1.1758241758241752,1.3235653235653224
199182108635500,1.5316433,step,0.1459945067521172,28.0,2.0,0.02994583047226662,1.1758241758241752,1.3235653235653224
199182109274800,1.5322826,step,0.1459945067521172,28.0,2.0,0.02994583047226662,1.1758241758241752,1.3235653235653224
199182110231400,1.5332392,step,0.1459945067521172,28.0,2.0,0.02994583047226662,1.1758241758241752,1.3235653235653224
199182111354700,1.5343625,step,0.1459945067521172,28.0,2.0,0.02994583047226662,1.1758241758241752,1.3235653235653224
199182112460100,1.5354679,step,0.1459945067521172,28.0,2.0,0.02994583047226662,1.1758241758241752,1.3235653235653224
199182113559200,1.536567,step,0.1459945067521172,28.0,2.0,0.02994583047226662,1.1758241758241752,1.3235653235653224
199182114708700,1.5377165,step,0.1459945067521172,28.0,2.0,0.02994583047226662,1.1758241758241752,1.3235653235653224
199182115622600,1.5386304,step,0.1459945067521172,28.0,2.0,0.02994583047226662,1.1758241758241752,1.3235653235653224
199182116227800,1.5392356,step,0.1459945067521172,28.0,2.0,0.02994583047226662,1.1758241758241752,1.3235653235653224
199182117234400,1.5402422,step,0.1459945067521172,28.0,2.0,0.02994583047226662,1.1758241758241752,1.3235653235653224
199182118326900,1.5413347,step,0.1459945067521172,28.0,2.0,0.02994583047226662,1.1758241758241752,1.3235653235653224
199182119436200,1.542444,step,0.1459945067521172,28.0,2.0,0.02994583047226662,1.1758241758241752,1.3235653235653224
199182120530900,1.5435387,step,0.1459945067521172,28.0,2.0,0.02994583047226662,1.1758241758241752,1.3235653235653224
199182121742000,1.5447498,step,0.1459945067521172,28.0,2.0,0.02994583047226662,1.1758241758241752,1.3235653235653224
199182122359700,1.5453675,step,0.1459945067521172,28.0,2.0,0.11654077973601851,0.4725274725274744,-0.25885225885225793
199182123347400,1.5463552,step,0.1459945067521172,28.0,2.0,0.12340733958953187,0.2747252747252702,-0.05372405372405353
199182124512500,1.5475203,step,0.1459945067521172,28.0,2.0,0.12340733958953187,0.2747252747252702,-0.05372405372405353
199182125830300,1.5488381,step,0.1459945067521172,28.0,2.0,0.12340733958953187,0.2747252747252702,-0.05372405372405353
199182126430900,1.5494387,step,0.1459945067521172,28.0,2.0,0.12340733958953187,0.2747252747252702,-0.05372405372405353
199182127432700,1.5504405,step,0.1459945067521172,28.0,2.0,0.12340733958953187,0.2747252747252702,-0.05372405372405353
199182128510000,1.5515178,step,0.1459945067521172,28.0,2.0,0.12340733958953187,0.2747252747252702,-0.05372405372405353
199182129749500,1.5527573,step,0.1459945067521172,28.0,2.0,0.12340733958953187,0.2747252747252702,-0.05372405372405353
199182130592900,1.5536007,step,0.1459945067521172,28.0,2.0,0.12340733958953187,0.2747252747252702,-0.05372405372405353
199182131595200,1.554603,step,0.1459945067521172,28.0,2.0,0.12340733958953187,0.2747252747252702,-0.05372405372405353
199182132728100,1.5557359,step,0.1459945067521172,28.0,2.0,0.12340733958953187,0.2747252747252702,-0.05372405372405353
199182133349300,1.5563571,step,0.1459945067521172,28.0,2.0,0.12340733958953187,0.2747252747252702,-0.05372405372405353
199182134553600,1.5575614,step,0.1459945067521172,28.0,2.0,0.12340733958953187,0.2747252747252702,-0.05372405372405353
199182135360000,1.5583678,step,0.1459945067521172,28.0,2.0,0.12340733958953187,0.2747252747252702,-0.05372405372405353
199182136357800,1.5593656,step,0.1459945067521172,28.0,2.0,0.12340733958953187,0.2747252747252702,-0.05372405372405353
199182137399500,1.5604073,step,0.1459945067521172,28.0,2.0,0.12340733958953187,0.2747252747252702,-0.05372405372405353
199182138377800,1.5613856,step,0.1459945067521172,28.0,2.0,0.12340733958953187,0.2747252747252702,-0.05372405372405353
199182139398400,1.5624062,step,0.1459945067521172,28.0,2.0,0.12340733958953187,0.2747252747252702,-0.05372405372405353
199182140383200,1.563391,step,0.1459945067521172,28.0,2.0,0.12340733958953187,0.2747252747252702,-0.05372405372405353
199182141421500,1.5644293,step,0.1459945067521172,28.0,2.0,0.12340733958953187,0.2747252747252702,-0.05372405372405353
199182142392000,1.5653998,step,0.1459945067521172,28.0,2.0,0.12340733958953187,0.2747252747252702,-0.05372405372405353
199182143546700,1.5665545,step,0.1459945067521172,28.0,2.0,0.12340733958953187,0.2747252747252702,-0.05372405372405353
199182144668800,1.5676766,step,0.1459945067521172,28.0,2.0,0.12340733958953187,0.2747252747252702,-0.05372405372405353
199182145664700,1.5686725,step,0.1459945067521172,28.0,2.0,0.12340733958953187,0.2747252747252702,-0.05372405372405353
199182146249200,1.569257,step,0.1459945067521172,28.0,2.0,0.12340733958953187,0.2747252747252702,-0.05372405372405353
199182147252700,1.5702605,step,0.1459945067521172,28.0,2.0,0.12340733958953187,0.2747252747252702,-0.05372405372405353
199182148369400,1.5713772,step,0.1459945067521172,28.0,2.0,0.12340733958953187,0.2747252747252702,-0.05372405372405353
199182149458900,1.5724667,step,0.1459945067521172,28.0,2.0,0.12340733958953187,0.2747252747252702,-0.05372405372405353
199182150467100,1.5734749,step,0.1459945067521172,28.0,2.0,0.12340733958953187,0.2747252747252702,-0.05372405372405353
199182151471500,1.5744793,step,0.1459945067521172,28.0,2.0,0.12340733958953187,0.2747252747252702,-0.05372405372405353
199182152691200,1.575699,step,0.1459945067521172,28.0,2.0,0.12340733958953187,0.2747252747252702,-0.05372405372405353
199182153836400,1.5768442,step,0.1459945067521172,28.0,2.0,0.12340733958953187,0.2747252747252702,-0.05372405372405353
199182154460500,1.5774683,step,0.1459945067521172,28.0,2.0,0.12340733958953187,0.2747252747252702,-0.05372405372405353
199182155452000,1.5784598,step,0.1459945067521172,28.0,2.0,0.12340733958953187,0.2747252747252702,-0.05372405372405353
199182156525000,1.5795328,step,0.1459945067521172,28.0,2.0,0.12340733958953187,0.2747252747252702,-0.05372405372405353
199182157633900,1.5806417,step,0.1459945067521172,28.0,2.0,0.12340733958953187,0.2747252747252702,-0.05372405372405353
199182158257600,1.5812654,step,0.1459945067521172,28.0,2.0,0.12340733958953187,0.2747252747252702,-0.05372405372405353
199182159261500,1.5822693,step,0.1459945067521172,28.0,2.0,0.12340733958953187,0.2747252747252702,-0.05372405372405353
199182160304800,1.5833126,step,0.1459945067521172,28.0,2.0,0.12340733958953187,0.2747252747252702,-0.05372405372405353
199182161434100,1.5844419,step,0.1459945067521172,28.0,2.0,0.12340733958953187,0.2747252747252702,-0.05372405372405353
199182162534700,1.5855425,step,0.1459945067521172,28.0,2.0,0.12340733958953187,0.2747252747252702,-0.05372405372405353
199182163622900,1.5866307,step,0.1459945067521172,28.0,2.0,0.12340733958953187,0.2747252747252702,-0.05372405372405353
199182164744900,1.5877527,step,0.1459945067521172,28.0,2.0,0.12340733958953187,0.2747252747252702,-0.05372405372405353
199182165350600,1.5883584,step,0.1459945067521172,28.0,2.0,0.12340733958953187,0.2747252747252702,-0.05372405372405353
199182166371600,1.5893794,step,0.1459945067521172,28.0,2.0,0.12340733958953187,0.2747252747252702,-0.05372405372405353
199182167445800,1.5904536,step,0.1459945067521172,28.0,2.0,0.12340733958953187,0.2747252747252702,-0.05372405372405353
199182168539600,1.5915474,step,0.1459945067521172,28.0,2.0,0.12340733958953187,0.2747252747252702,-0.05372405372405353
199182169461100,1.5924689,step,0.1459945067521172,28.0,2.0,0.12340733958953187,0.2747252747252702,-0.05372405372405353
199182170462600,1.5934704,step,0.1459945067521172,28.0,2.0,0.12340733958953187,0.2747252747252702,-0.05372405372405353
199182171573500,1.5945813,step,0.1459945067521172,28.0,2.0,0.12340733958953187,0.2747252747252702,-0.05372405372405353
199182172695100,1.5957029,step,0.1459945067521172,28.0,2.0,0.12340733958953187,0.2747252747252702,-0.05372405372405353
199182173324100,1.5963319,step,0.1459945067521172,28.0,2.0,0.12340733958953187,0.2747252747252702,-0.05372405372405353
199182174311000,1.5973188,step,0.1459945067521172,28.0,2.0,0.12340733958953187,0.2747252747252702,-0.05372405372405353
199182175318900,1.5983267,step,0.1459945067521172,28.0,2.0,0.12340733958953187,0.2747252747252702,-0.05372405372405353
199182176321700,1.5993295,step,0.1459945067521172,28.0,2.0,0.12340733958953187,0.2747252747252702,-0.05372405372405353
199182177324300,1.6003321,step,0.1459945067521172,28.0,2.0,0.12340733958953187,0.2747252747252702,-0.05372405372405353
199182178438100,1.6014459,step,0.1459945067521172,28.0,2.0,0.12340733958953187,0.2747252747252702,-0.05372405372405353
199182179431100,1.6024389,step,0.1459945067521172,28.0,2.0,0.12340733958953187,0.2747252747252702,-0.05372405372405353
199182180440000,1.6034478,step,0.1459945067521172,28.0,2.0,0.12340733958953187,0.2747252747252702,-0.05372405372405353
199182181440700,1.6044485,step,0.1459945067521172,28.0,2.0,0.12340733958953187,0.2747252747252702,-0.05372405372405353
199182182444800,1.6054526,step,0.1459945067521172,28.0,2.0,0.12340733958953187,0.2747252747252702,-0.05372405372405353
199182183535200,1.606543,step,0.1459945067521172,28.0,2.0,0.12340733958953187,0.2747252747252702,-0.05372405372405353
199182184763100,1.6077709,step,0.1459945067521172,28.0,2.0,0.12340733958953187,0.2747252747252702,-0.05372405372405353
199182185435800,1.6084436,step,0.1459945067521172,28.0,2.0,0.12340733958953187,0.2747252747252702,-0.05372405372405353
199182186437700,1.6094455,step,0.1459945067521172,28.0,2.0,0.12340733958953187,0.2747252747252702,-0.05372405372405353
199182187479800,1.6104876,step,0.1459945067521172,28.0,2.0,0.12340733958953187,0.2747252747252702,-0.05372405372405353
199182188546400,1.6115542,step,0.1459945067521172,28.0,2.0,0.12340733958953187,0.2747252747252702,-0.05372405372405353
199182189594200,1.612602,step,0.1459945067521172,28.0,2.0,0.12340733958953187,0.2747252747252702,-0.05372405372405353
199182190726600,1.6137344,step,0.1459945067521172,28.0,2.0,0.12340733958953187,0.2747252747252702,-0.05372405372405353
199182191391500,1.6143993,step,0.1459945067521172,28.0,2.0,0.12340733958953187,0.2747252747252702,-0.05372405372405353
199182192391800,1.6153996,step,0.1459945067521172,28.0,2.0,0.12340733958953187,0.2747252747252702,-0.05372405372405353
199182193448000,1.6164558,step,0.1459945067521172,28.0,2.0,0.12340733958953187,0.2747252747252702,-0.05372405372405353
199182194532000,1.6175398,step,0.1459945067521172,28.0,2.0,0.12340733958953187,0.2747252747252702,-0.05372405372405353
199182195975600,1.6189834,step,0.1459945067521172,28.0,2.0,0.12340733958953187,0.2747252747252702,-0.05372405372405353
199182196610300,1.6196181,step,0.1459945067521172,28.0,2.0,0.12340733958953187,0.2747252747252702,-0.05372405372405353
199182197209700,1.6202175,step,0.1459945067521172,28.0,2.0,0.12340733958953187,0.2747252747252702,-0.05372405372405353
199182198212600,1.6212204,step,0.1459945067521172,28.0,2.0,0.12340733958953187,0.2747252747252702,-0.05372405372405353
199182199281100,1.6222889,step,0.1459945067521172,28.0,2.0,0.12340733958953187,0.2747252747252702,-0.05372405372405353
199182200358200,1.623366,step,0.1459945067521172,28.0,2.0,0.12340733958953187,0.2747252747252702,-0.05372405372405353
199182201294700,1.6243025,step,0.1459945067521172,28.0,2.0,0.12340733958953187,0.2747252747252702,-0.05372405372405353
199182202333900,1.6253417,step,0.1459945067521172,28.0,2.0,0.12340733958953187,0.2747252747252702,-0.05372405372405353
199182203386700,1.6263945,step,0.1459945067521172,28.0,2.0,0.12340733958953187,0.2747252747252702,-0.05372405372405353
199182204439000,1.6274468,step,0.1459945067521172,28.0,2.0,0.12340733958953187,0.2747252747252702,-0.05372405372405353
199182205467300,1.6284751,step,0.1459945067521172,28.0,2.0,0.12340733958953187,0.2747252747252702,-0.05372405372405353
199182206773800,1.6297816,step,0.1459945067521172,28.0,2.0,0.12340733958953187,0.2747252747252702,-0.05372405372405353
199182207445500,1.6304533,step,0.1459945067521172,28.0,2.0,0.12340733958953187,0.2747252747252702,-0.05372405372405353
199182208450900,1.6314587,step,0.1459945067521172,28.0,2.0,0.12340733958953187,0.2747252747252702,-0.05372405372405353
199182209458000,1.6324658,step,0.1459945067521172,28.0,2.0,0.12340733958953187,0.2747252747252702,-0.05372405372405353
199182210462000,1.6334698,step,0.1459945067521172,28.0,2.0,0.12340733958953187,0.2747252747252702,-0.05372405372405353
199182211590000,1.6345978,step,0.1459945067521172,28.0,2.0,0.12340733958953187,0.2747252747252702,-0.05372405372405353
199182212606000,1.6356138,step,0.1459945067521172,28.0,2.0,0.12340733958953187,0.2747252747252702,-0.05372405372405353
199182213612300,1.6366201,step,0.1459945067521172,28.0,2.0,0.12340733958953187,0.2747252747252702,-0.05372405372405353
199182214746300,1.6377541,step,0.1459945067521172,28.0,2.0,0.12340733958953187,0.2747252747252702,-0.05372405372405353
199182215349600,1.6383574,step,0.1459945067521172,28.0,2.0,0.12340733958953187,0.2747252747252702,-0.05372405372405353
199182216513600,1.6395214,step,0.1459945067521172,28.0,2.0,0.12340733958953187,0.2747252747252702,-0.05372405372405353
199182217363400,1.6403712,step,0.1459945067521172,28.0,2.0,0.12340733958953187,0.2747252747252702,-0.05372405372405353
199182218369900,1.6413777,step,0.1459945067521172,28.0,2.0,0.12340733958953187,0.2747252747252702,-0.05372405372405353
199182219482500,1.6424903,step,0.1459945067521172,28.0,2.0,0.12340733958953187,0.2747252747252702,-0.05372405372405353
199182220586000,1.6435938,step,0.1459945067521172,28.0,2.0,0.12340733958953187,0.2747252747252702,-0.05372405372405353
199182221710800,1.6447186,step,0.1459945067521172,28.0,2.0,0.12340733958953187,0.2747252747252702,-0.05372405372405353
199182222349000,1.6453568,step,0.1459945067521172,28.0,2.0,0.12340733958953187,0.2747252747252702,-0.05372405372405353
199182223350600,1.6463584,step,0.1459945067521172,28.0,2.0,0.12340733958953187,0.2747252747252702,-0.05372405372405353
199182224402100,1.6474099,step,0.1459945067521172,28.0,2.0,0.12340733958953187,0.2747252747252702,-0.05372405372405353
199182225503700,1.6485115,step,0.1459945067521172,28.0,2.0,0.12340733958953187,0.2747252747252702,-0.05372405372405353
199182226642600,1.6496504,step,0.1459945067521172,28.0,2.0,0.12340733958953187,0.2747252747252702,-0.05372405372405353
199182227263400,1.6502712,step,0.1459945067521172,28.0,2.0,0.12340733958953187,0.2747252747252702,-0.05372405372405353
199182228264600,1.6512724,step,0.1459945067521172,28.0,2.0,0.12340733958953187,0.2747252747252702,-0.05372405372405353
199182229285600,1.6522934,step,0.1459945067521172,28.0,2.0,0.12340733958953187,0.2747252747252702,-0.05372405372405353
199182230291000,1.6532988,step,0.1459945067521172,28.0,2.0,0.12340733958953187,0.2747252747252702,-0.05372405372405353
199182231296600,1.6543044,step,0.1459945067521172,28.0,2.0,0.12340733958953187,0.2747252747252702,-0.05372405372405353
199182232304900,1.6553127,step,0.1459945067521172,28.0,2.0,0.1329442282749671,0.1868131868131826,0.14163614163614113
199182233308000,1.6563158,step,0.1459945067521172,28.0,2.0,0.13408865491721933,-0.0329670329670364,0.2783882783882774
199182234369700,1.6573775,step,0.1459945067521172,28.0,2.0,0.13408865491721933,-0.0329670329670364,0.2783882783882774
199182235376600,1.6583844,step,0.1459945067521172,28.0,2.0,0.13408865491721933,-0.0329670329670364,0.2783882783882774
199182236385900,1.6593937,step,0.1459945067521172,28.0,2.0,0.13408865491721933,-0.0329670329670364,0.2783882783882774
199182237426200,1.660434,step,0.1459945067521172,28.0,2.0,0.13408865491721933,-0.0329670329670364,0.2783882783882774
199182238528300,1.6615361,step,0.1459945067521172,28.0,2.0,0.13408865491721933,-0.0329670329670364,0.2783882783882774
199182239598800,1.6626066,step,0.1459945067521172,28.0,2.0,0.13408865491721933,-0.0329670329670364,0.2783882783882774
199182240101100,1.6631089,step,0.1459945067521172,28.0,2.0,0.13408865491721933,-0.0329670329670364,0.2783882783882774
199182241136600,1.6641444,step,0.1459945067521172,28.0,2.0,0.13408865491721933,-0.0329670329670364,0.2783882783882774
199182242666100,1.6656739,step,0.1459945067521172,28.0,2.0,0.13408865491721933,-0.0329670329670364,0.2783882783882774
199182243630700,1.6666385,step,0.1459945067521172,28.0,2.0,0.13408865491721933,-0.0329670329670364,0.2783882783882774
199182244203800,1.6672116,step,0.1459945067521172,28.0,2.0,0.13408865491721933,-0.0329670329670364,0.2783882783882774
199182245215100,1.6682229,step,0.1459945067521172,28.0,2.0,0.13408865491721933,-0.0329670329670364,0.2783882783882774
199182246359300,1.6693671,step,0.1459945067521172,28.0,2.0,0.13408865491721933,-0.0329670329670364,0.2783882783882774
199182247523400,1.6705312,step,0.1459945067521172,28.0,2.0,0.13408865491721933,-0.0329670329670364,0.2783882783882774
199182248600400,1.6716082,step,0.1459945067521172,28.0,2.0,0.13408865491721933,-0.0329670329670364,0.2783882783882774
199182249741400,1.6727492,step,0.1459945067521172,28.0,2.0,0.13408865491721933,-0.0329670329670364,0.2783882783882774
199182250402900,1.6734107,step,0.1459945067521172,28.0,2.0,0.13408865491721933,-0.0329670329670364,0.2783882783882774
199182251410700,1.6744185,step,0.1459945067521172,28.0,2.0,0.13408865491721933,-0.0329670329670364,0.2783882783882774
199182252542700,1.6755505,step,0.1459945067521172,28.0,2.0,0.13408865491721933,-0.0329670329670364,0.2783882783882774
199182253740300,1.6767481,step,0.1459945067521172,28.0,2.0,0.13408865491721933,-0.0329670329670364,0.2783882783882774
199182254416500,1.6774243,step,0.1459945067521172,28.0,2.0,0.13408865491721933,-0.0329670329670364,0.2783882783882774
199182255425800,1.6784336,step,0.1459945067521172,28.0,2.0,0.13408865491721933,-0.0329670329670364,0.2783882783882774
199182256432300,1.6794401,step,0.1459945067521172,28.0,2.0,0.13408865491721933,-0.0329670329670364,0.2783882783882774
199182257435900,1.6804437,step,0.1459945067521172,28.0,2.0,0.13408865491721933,-0.0329670329670364,0.2783882783882774
199182258538200,1.681546,step,0.1459945067521172,28.0,2.0,0.13408865491721933,-0.0329670329670364,0.2783882783882774
199182259624800,1.6826326,step,0.1459945067521172,28.0,2.0,0.13408865491721933,-0.0329670329670364,0.2783882783882774
199182260621800,1.6836296,step,0.1459945067521172,28.0,2.0,0.13408865491721933,-0.0329670329670364,0.2783882783882774
199182261122900,1.6841307,step,0.1459945067521172,28.0,2.0,0.13408865491721933,-0.0329670329670364,0.2783882783882774
199182262128300,1.6851361,step,0.1459945067521172,28.0,2.0,0.13408865491721933,-0.0329670329670364,0.2783882783882774
199182263137900,1.6861457,step,0.1459945067521172,28.0,2.0,0.13408865491721933,-0.0329670329670364,0.2783882783882774
199182264141600,1.6871494,step,0.1459945067521172,28.0,2.0,0.13408865491721933,-0.0329670329670364,0.2783882783882774
199182265148500,1.6881563,step,0.1459945067521172,28.0,2.0,0.13408865491721933,-0.0329670329670364,0.2783882783882774
199182266914200,1.689922,step,0.1459945067521172,28.0,2.0,0.13408865491721933,-0.0329670329670364,0.2783882783882774
199182267552300,1.6905601,step,0.1459945067521172,28.0,2.0,0.13408865491721933,-0.0329670329670364,0.2783882783882774
199182268552800,1.6915606,step,0.1459945067521172,28.0,2.0,0.13408865491721933,-0.0329670329670364,0.2783882783882774
199182269621300,1.6926291,step,0.1459945067521172,28.0,2.0,0.13408865491721933,-0.0329670329670364,0.2783882783882774
199182270623800,1.6936316,step,0.1459945067521172,28.0,2.0,0.13408865491721933,-0.0329670329670364,0.2783882783882774
199182271254000,1.6942618,step,0.1459945067521172,28.0,2.0,0.13408865491721933,-0.0329670329670364,0.2783882783882774
199182272266400,1.6952742,step,0.1459945067521172,28.0,2.0,0.13408865491721933,-0.0329670329670364,0.2783882783882774
199182273481000,1.6964888,step,0.1459945067521172,28.0,2.0,0.13408865491721933,-0.0329670329670364,0.2783882783882774
199182274494000,1.6975018,step,0.1459945067521172,28.0,2.0,0.13408865491721933,-0.0329670329670364,0.2783882783882774
199182275889200,1.698897,step,0.1459945067521172,28.0,2.0,0.13408865491721933,-0.0329670329670364,0.2783882783882774
199182276555800,1.6995636,step,0.1459945067521172,28.0,2.0,0.13408865491721933,-0.0329670329670364,0.2783882783882774
199182277636000,1.7006438,step,0.1459945067521172,28.0,2.0,0.13408865491721933,-0.0329670329670364,0.2783882783882774
199182278924800,1.7019326,step,0.1459945067521172,28.0,2.0,0.13408865491721933,-0.0329670329670364,0.2783882783882774
199182279565100,1.7025729,step,0.1459945067521172,28.0,2.0,0.13408865491721933,-0.0329670329670364,0.2783882783882774
199182280564800,1.7035726,step,0.1459945067521172,28.0,2.0,0.13408865491721933,-0.0329670329670364,0.2783882783882774
199182281697400,1.7047052,step,0.1459945067521172,28.0,2.0,0.13408865491721933,-0.0329670329670364,0.2783882783882774
199182282323000,1.7053308,step,0.1459945067521172,28.0,2.0,0.13408865491721933,-0.0329670329670364,0.2783882783882774
199182283320700,1.7063285,step,0.1459945067521172,28.0,2.0,0.13408865491721933,-0.0329670329670364,0.2783882783882774
199182284351600,1.7073594,step,0.1459945067521172,28.0,2.0,0.13408865491721933,-0.0329670329670364,0.2783882783882774
199182285407100,1.7084149,step,0.1459945067521172,28.0,2.0,0.13408865491721933,-0.0329670329670364,0.2783882783882774
199182286433800,1.7094416,step,0.1459945067521172,28.0,2.0,0.13408865491721933,-0.0329670329670364,0.2783882783882774
199182287767900,1.7107757,step,0.1459945067521172,28.0,2.0,0.13408865491721933,-0.0329670329670364,0.2783882783882774
199182288376600,1.7113844,step,0.1459945067521172,28.0,2.0,0.13408865491721933,-0.0329670329670364,0.2783882783882774
199182289384200,1.712392,step,0.1459945067521172,28.0,2.0,0.13408865491721933,-0.0329670329670364,0.2783882783882774
199182290400400,1.7134082,step,0.1459945067521172,28.0,2.0,0.13408865491721933,-0.0329670329670364,0.2783882783882774
199182291421500,1.7144293,step,0.1459945067521172,28.0,2.0,0.13408865491721933,-0.0329670329670364,0.2783882783882774
199182292512000,1.7155198,step,0.1459945067521172,28.0,2.0,0.13408865491721933,-0.0329670329670364,0.2783882783882774
199182293709800,1.7167176,step,0.1459945067521172,28.0,2.0,0.13408865491721933,-0.0329670329670364,0.2783882783882774
199182294363500,1.7173713,step,0.1459945067521172,28.0,2.0,0.13408865491721933,-0.0329670329670364,0.2783882783882774
199182295375400,1.7183832,step,0.1459945067521172,28.0,2.0,0.13408865491721933,-0.0329670329670364,0.2783882783882774
199182296477200,1.719485,step,0.1459945067521172,28.0,2.0,0.13408865491721933,-0.0329670329670364,0.2783882783882774
199182297611600,1.7206194,step,0.1459945067521172,28.0,2.0,0.13408865491721933,-0.0329670329670364,0.2783882783882774
199182298837700,1.7218455,step,0.1459945067521172,28.0,2.0,0.13408865491721933,-0.0329670329670364,0.2783882783882774
199182299459400,1.7224672,step,0.1459945067521172,28.0,2.0,0.13408865491721933,-0.0329670329670364,0.2783882783882774
199182300472100,1.7234799,step,0.1459945067521172,28.0,2.0,0.13408865491721933,-0.0329670329670364,0.2783882783882774
199182301472900,1.7244807,step,0.1459945067521172,28.0,2.0,0.13408865491721933,-0.0329670329670364,0.2783882783882774
199182302473300,1.7254811,step,0.1459945067521172,28.0,2.0,0.13408865491721933,-0.0329670329670364,0.2783882783882774
199182303597100,1.7266049,step,0.1459945067521172,28.0,2.0,0.13408865491721933,-0.0329670329670364,0.2783882783882774
199182304726400,1.7277342,step,0.1459945067521172,28.0,2.0,0.13408865491721933,-0.0329670329670364,0.2783882783882774
199182305368500,1.7283763,step,0.1459945067521172,28.0,2.0,0.13408865491721933,-0.0329670329670364,0.2783882783882774
199182306394800,1.7294026,step,0.1459945067521172,28.0,2.0,0.13408865491721933,-0.0329670329670364,0.2783882783882774
199182307653000,1.7306608,step,0.1459945067521172,28.0,2.0,0.13408865491721933,-0.0329670329670364,0.2783882783882774
199182308279700,1.7312875,step,0.1459945067521172,28.0,2.0,0.13408865491721933,-0.0329670329670364,0.2783882783882774
199182309396100,1.7324039,step,0.1459945067521172,28.0,2.0,0.13408865491721933,-0.0329670329670364,0.2783882783882774
199182310515500,1.7335233,step,0.1459945067521172,28.0,2.0,0.13408865491721933,-0.0329670329670364,0.2783882783882774
199182311535200,1.734543,step,0.1459945067521172,28.0,2.0,0.13408865491721933,-0.0329670329670364,0.2783882783882774
199182312588100,1.7355959,step,0.1459945067521172,28.0,2.0,0.13408865491721933,-0.0329670329670364,0.2783882783882774
199182313612500,1.7366203,step,0.1459945067521172,28.0,2.0,0.13408865491721933,-0.0329670329670364,0.2783882783882774
199182314219600,1.7372274,step,0.1459945067521172,28.0,2.0,0.13408865491721933,-0.0329670329670364,0.2783882783882774
199182315232900,1.7382407,step,0.1459945067521172,28.0,2.0,0.13408865491721933,-0.0329670329670364,0.2783882783882774
199182316629500,1.7396373,step,0.1459945067521172,28.0,2.0,0.13408865491721933,-0.0329670329670364,0.2783882783882774
199182317205100,1.7402129,step,0.1459945067521172,28.0,2.0,0.13408865491721933,-0.0329670329670364,0.2783882783882774
199182318210000,1.7412178,step,0.1459945067521172,28.0,2.0,0.13408865491721933,-0.0329670329670364,0.2783882783882774
199182319213300,1.7422211,step,0.1459945067521172,28.0,2.0,0.13408865491721933,-0.0329670329670364,0.2783882783882774
199182320432000,1.7434398,step,0.1459945067521172,28.0,2.0,0.13408865491721933,-0.0329670329670364,0.2783882783882774
199182321476000,1.7444838,step,0.1459945067521172,28.0,2.0,0.13408865491721933,-0.0329670329670364,0.2783882783882774
199182322620700,1.7456285,step,0.1459945067521172,28.0,2.0,0.13408865491721933,-0.0329670329670364,0.2783882783882774
199182323214800,1.7462226,step,0.1459945067521172,28.0,2.0,0.13408865491721933,-0.0329670329670364,0.2783882783882774
199182324259800,1.7472676,step,0.1459945067521172,28.0,2.0,0.13408865491721933,-0.0329670329670364,0.2783882783882774
199182325228800,1.7482366,step,0.1459945067521172,28.0,2.0,0.13408865491721933,-0.0329670329670364,0.2783882783882774
199182326233300,1.7492411,step,0.1459945067521172,28.0,2.0,0.13408865491721933,-0.0329670329670364,0.2783882783882774
199182327242500,1.7502503,step,0.1459945067521172,28.0,2.0,0.13408865491721933,-0.0329670329670364,0.2783882783882774
199182328243400,1.7512512,step,0.1459945067521172,28.0,2.0,0.13408865491721933,-0.0329670329670364,0.2783882783882774
199182329353100,1.7523609,step,0.1459945067521172,28.0,2.0,0.13408865491721933,-0.0329670329670364,0.2783882783882774
199182330364100,1.7533719,step,0.1459945067521172,28.0,2.0,0.13408865491721933,-0.0329670329670364,0.2783882783882774
199182331365800,1.7543736,step,0.1459945067521172,28.0,2.0,0.13408865491721933,-0.0329670329670364,0.2783882783882774
199182332447300,1.7554551,step,0.1459945067521172,28.0,2.0,0.13408865491721933,-0.0329670329670364,0.2783882783882774
199182333525300,1.7565331,step,0.1459945067521172,28.0,2.0,0.13408865491721933,-0.0329670329670364,0.2783882783882774
199182334560800,1.7575686,step,0.1459945067521172,28.0,2.0,0.13408865491721933,-0.0329670329670364,0.2783882783882774
199182335568900,1.7585767,step,0.1459945067521172,28.0,2.0,0.13408865491721933,-0.0329670329670364,0.2783882783882774
199182336600300,1.7596081,step,0.1459945067521172,28.0,2.0,0.13408865491721933,-0.0329670329670364,0.2783882783882774
199182337813700,1.7608215,step,0.1459945067521172,28.0,2.0,0.13408865491721933,-0.0329670329670364,0.2783882783882774
199182338456800,1.7614646,step,0.1459945067521172,28.0,2.0,0.13408865491721933,-0.0329670329670364,0.2783882783882774
199182339463600,1.7624714,step,0.1459945067521172,28.0,2.0,0.13408865491721933,-0.0329670329670364,0.2783882783882774
199182340478600,1.7634864,step,0.1459945067521172,28.0,2.0,0.13408865491721933,-0.0329670329670364,0.28815628815628713
199182341610400,1.7646182,step,0.1459945067521172,28.0,2.0,0.13408865491721933,-0.010989010989007397,0.28815628815628713
199182342209200,1.765217,step,0.1459945067521172,28.0,2.0,0.13408865491721933,-0.010989010989007397,0.28815628815628713
199182343235300,1.7662431,step,0.1459945067521172,28.0,2.0,0.13408865491721933,-0.010989010989007397,0.28815628815628713
199182344224000,1.7672318,step,0.1459945067521172,28.0,2.0,0.13408865491721933,-0.010989010989007397,0.28815628815628713
199182345227000,1.7682348,step,0.1459945067521172,28.0,2.0,0.13408865491721933,-0.010989010989007397,0.28815628815628713
199182346342400,1.7693502,step,0.1459945067521172,28.0,2.0,0.13408865491721933,-0.010989010989007397,0.28815628815628713
199182347348100,1.7703559,step,0.1459945067521172,28.0,2.0,0.13408865491721933,-0.010989010989007397,0.28815628815628713
199182348414300,1.7714221,step,0.1459945067521172,28.0,2.0,0.13408865491721933,-0.010989010989007397,0.28815628815628713
199182349484700,1.7724925,step,0.1459945067521172,28.0,2.0,0.13408865491721933,-0.010989010989007397,0.28815628815628713
199182350490700,1.7734985,step,0.1459945067521172,28.0,2.0,0.13408865491721933,-0.010989010989007397,0.28815628815628713
199182351512500,1.7745203,step,0.1459945067521172,28.0,2.0,0.13408865491721933,-0.010989010989007397,0.28815628815628713
199182352618800,1.7756266,step,0.1459945067521172,28.0,2.0,0.13408865491721933,-0.010989010989007397,0.28815628815628713
199182353739400,1.7767472,step,0.1459945067521172,28.0,2.0,0.13408865491721933,-0.010989010989007397,0.28815628815628713
199182354326000,1.7773338,step,0.1459945067521172,28.0,2.0,0.13408865491721933,-0.010989010989007397,0.28815628815628713
199182355399700,1.7784075,step,0.1459945067521172,28.0,2.0,0.13408865491721933,-0.010989010989007397,0.28815628815628713
199182356383500,1.7793913,step,0.1459945067521172,28.0,2.0,0.13408865491721933,-0.010989010989007397,0.28815628815628713
199182357369200,1.780377,step,0.1459945067521172,28.0,2.0,0.13408865491721933,-0.010989010989007397,0.28815628815628713
199182358472500,1.7814803,step,0.1459945067521172,28.0,2.0,0.13408865491721933,-0.010989010989007397,0.28815628815628713
199182359566500,1.7825743,step,0.1459945067521172,28.0,2.0,0.13408865491721933,-0.010989010989007397,0.28815628815628713
199182360572400,1.7835802,step,0.1459945067521172,28.0,2.0,0.13408865491721933,-0.010989010989007397,0.28815628815628713
199182361607600,1.7846154,step,0.1459945067521172,28.0,2.0,0.13408865491721933,-0.010989010989007397,0.28815628815628713
199182362632600,1.7856404,step,0.1459945067521172,28.0,2.0,0.13408865491721933,-0.010989010989007397,0.28815628815628713
199182363875500,1.7868833,step,0.1459945067521172,28.0,2.0,0.13408865491721933,-0.010989010989007397,0.28815628815628713
199182364513200,1.787521,step,0.1459945067521172,28.0,2.0,0.13408865491721933,-0.010989010989007397,0.28815628815628713
199182365525000,1.7885328,step,0.1459945067521172,28.0,2.0,0.13408865491721933,-0.010989010989007397,0.28815628815628713
199182366572700,1.7895805,step,0.1459945067521172,28.0,2.0,0.13408865491721933,-0.010989010989007397,0.28815628815628713
199182367634800,1.7906426,step,0.1459945067521172,28.0,2.0,0.13408865491721933,-0.010989010989007397,0.28815628815628713
199182368258600,1.7912664,step,0.1459945067521172,28.0,2.0,0.13408865491721933,-0.010989010989007397,0.28815628815628713
199182369261200,1.792269,step,0.1459945067521172,28.0,2.0,0.13408865491721933,-0.010989010989007397,0.28815628815628713
199182370730800,1.7937386,step,0.1459945067521172,28.0,2.0,0.13408865491721933,-0.010989010989007397,0.28815628815628713
199182371336800,1.7943446,step,0.1459945067521172,28.0,2.0,0.13408865491721933,-0.010989010989007397,0.28815628815628713
199182372342100,1.7953499,step,0.1459945067521172,28.0,2.0,0.13408865491721933,-0.010989010989007397,0.28815628815628713
199182373349500,1.7963573,step,0.1459945067521172,28.0,2.0,0.13408865491721933,-0.010989010989007397,0.28815628815628713
199182374435300,1.7974431,step,0.1459945067521172,28.0,2.0,0.13408865491721933,-0.010989010989007397,0.28815628815628713
199182375369600,1.7983774,step,0.1459945067521172,28.0,2.0,0.13408865491721933,-0.010989010989007397,0.28815628815628713
199182376397400,1.7994052,step,0.1459945067521172,28.0,2.0,0.13408865491721933,-0.010989010989007397,0.28815628815628713
199182377378000,1.8003858,step,0.1459945067521172,28.0,2.0,0.13408865491721933,-0.010989010989007397,0.28815628815628713
199182378403100,1.8014109,step,0.1459945067521172,28.0,2.0,0.13408865491721933,-0.010989010989007397,0.28815628815628713
199182379395900,1.8024037,step,0.1459945067521172,28.0,2.0,0.13408865491721933,-0.010989010989007397,0.28815628815628713
199182380413600,1.8034214,step,0.1459945067521172,28.0,2.0,0.13408865491721933,-0.010989010989007397,0.28815628815628713
199182381410500,1.8044183,step,0.1459945067521172,28.0,2.0,0.13408865491721933,-0.010989010989007397,0.28815628815628713
199182382430600,1.8054384,step,0.1459945067521172,28.0,2.0,0.13408865491721933,-0.010989010989007397,0.28815628815628713
199182383497000,1.8065048,step,0.1459945067521172,28.0,2.0,0.13408865491721933,-0.010989010989007397,0.28815628815628713
199182384427100,1.8074349,step,0.1459945067521172,28.0,2.0,0.13408865491721933,-0.010989010989007397,0.28815628815628713
199182385531600,1.8085394,step,0.1459945067521172,28.0,2.0,0.13408865491721933,-0.010989010989007397,0.28815628815628713
199182386749400,1.8097572,step,0.1459945067521172,28.0,2.0,0.13408865491721933,-0.010989010989007397,0.28815628815628713
199182387401600,1.8104094,step,0.1459945067521172,28.0,2.0,0.13408865491721933,-0.010989010989007397,0.28815628815628713
199182388443300,1.8114511,step,0.1459945067521172,28.0,2.0,0.13408865491721933,-0.010989010989007397,0.28815628815628713
199182389414600,1.8124224,step,0.1459945067521172,28.0,2.0,0.13408865491721933,-0.010989010989007397,0.28815628815628713
199182390441200,1.813449,step,0.1459945067521172,28.0,2.0,0.13408865491721933,-0.010989010989007397,0.28815628815628713
199182391432800,1.8144406,step,0.1459945067521172,28.0,2.0,0.13408865491721933,-0.010989010989007397,0.28815628815628713
199182392433200,1.815441,step,0.1459945067521172,28.0,2.0,0.13408865491721933,-0.010989010989007397,0.28815628815628713
199182393502300,1.8165101,step,0.1459945067521172,28.0,2.0,0.13408865491721933,-0.010989010989007397,0.28815628815628713
199182394607800,1.8176156,step,0.1459945067521172,28.0,2.0,0.13408865491721933,-0.010989010989007397,0.28815628815628713
199182395105900,1.8181137,step,0.1459945067521172,28.0,2.0,0.13408865491721933,-0.010989010989007397,0.28815628815628713
199182396112500,1.8191203,step,0.1459945067521172,28.0,2.0,0.13408865491721933,-0.010989010989007397,0.28815628815628713
199182397119400,1.8201272,step,0.1459945067521172,28.0,2.0,0.13408865491721933,-0.010989010989007397,0.28815628815628713
199182398155800,1.8211636,step,0.1459945067521172,28.0,2.0,0.13408865491721933,-0.010989010989007397,0.28815628815628713
199182399832800,1.8228406,step,0.1459945067521172,28.0,2.0,0.13408865491721933,-0.010989010989007397,0.28815628815628713
199182400425100,1.8234329,step,0.1459945067521172,28.0,2.0,0.13408865491721933,-0.010989010989007397,0.28815628815628713
199182401528000,1.8245358,step,0.1459945067521172,28.0,2.0,0.13408865491721933,-0.010989010989007397,0.28815628815628713
199182402651300,1.8256591,step,0.1459945067521172,28.0,2.0,0.13408865491721933,-0.010989010989007397,0.28815628815628713
199182403544100,1.8265519,step,0.1459945067521172,28.0,2.0,0.13408865491721933,-0.010989010989007397,0.28815628815628713
199182404542500,1.8275503,step,0.1459945067521172,28.0,2.0,0.13408865491721933,-0.010989010989007397,0.28815628815628713
199182405676300,1.8286841,step,0.1459945067521172,28.0,2.0,0.13408865491721933,-0.010989010989007397,0.28815628815628713
199182406284400,1.8292922,step,0.1459945067521172,28.0,2.0,0.13408865491721933,-0.010989010989007397,0.28815628815628713
199182407289200,1.830297,step,0.1459945067521172,28.0,2.0,0.13408865491721933,-0.010989010989007397,0.28815628815628713
199182408344600,1.8313524,step,0.1459945067521172,28.0,2.0,0.13408865491721933,-0.010989010989007397,0.28815628815628713
199182409398000,1.8324058,step,0.1459945067521172,28.0,2.0,0.13408865491721933,-0.010989010989007397,0.28815628815628713
199182410475200,1.833483,step,0.1459945067521172,28.0,2.0,0.13408865491721933,-0.010989010989007397,0.28815628815628713
199182411490700,1.8344985,step,0.1459945067521172,28.0,2.0,0.13408865491721933,-0.010989010989007397,0.28815628815628713
199182412595500,1.8356033,step,0.1459945067521172,28.0,2.0,0.13408865491721933,-0.010989010989007397,0.28815628815628713
199182413106500,1.8361143,step,0.1459945067521172,28.0,2.0,0.13408865491721933,-0.010989010989007397,0.28815628815628713
199182414109400,1.8371172,step,0.1459945067521172,28.0,2.0,0.13408865491721933,-0.010989010989007397,0.28815628815628713
199182415608900,1.8386167,step,0.1459945067521172,28.0,2.0,0.13408865491721933,-0.010989010989007397,0.28815628815628713
199182416220900,1.8392287,step,0.1459945067521172,28.0,2.0,0.13408865491721933,-0.010989010989007397,0.28815628815628713
199182417224500,1.8402323,step,0.1459945067521172,28.0,2.0,0.13408865491721933,-0.010989010989007397,0.28815628815628713
199182418436900,1.8414447,step,0.1459945067521172,28.0,2.0,0.13408865491721933,-0.010989010989007397,0.28815628815628713
199182419606200,1.842614,step,0.1459945067521172,28.0,2.0,0.13408865491721933,-0.010989010989007397,0.28815628815628713
199182420192300,1.8432001,step,0.1459945067521172,28.0,2.0,0.13408865491721933,-0.010989010989007397,0.28815628815628713
199182421195500,1.8442033,step,0.1459945067521172,28.0,2.0,0.13408865491721933,-0.010989010989007397,0.28815628815628713
199182422340400,1.8453482,step,0.1459945067521172,28.0,2.0,0.13408865491721933,-0.010989010989007397,0.28815628815628713
199182423320700,1.8463285,step,0.1459945067521172,28.0,2.0,0.13408865491721933,-0.010989010989007397,0.28815628815628713
199182424320500,1.8473283,step,0.1459945067521172,28.0,2.0,0.13408865491721933,-0.010989010989007397,0.28815628815628713
199182425419700,1.8484275,step,0.1459945067521172,28.0,2.0,0.13408865491721933,-0.010989010989007397,0.28815628815628713
199182426426300,1.8494341,step,0.1459945067521172,28.0,2.0,0.13408865491721933,-0.010989010989007397,0.28815628815628713
199182427452700,1.8504605,step,0.1459945067521172,28.0,2.0,0.13408865491721933,-0.010989010989007397,0.28815628815628713
199182428430700,1.8514385,step,0.1459945067521172,28.0,2.0,0.13408865491721933,-0.010989010989007397,0.28815628815628713
199182429439600,1.8524474,step,0.1459945067521172,28.0,2.0,0.13408865491721933,-0.010989010989007397,0.28815628815628713
199182430529600,1.8535374,step,0.1459945067521172,28.0,2.0,0.13408865491721933,-0.010989010989007397,0.28815628815628713
199182431624900,1.8546327,step,0.1459945067521172,28.0,2.0,0.13408865491721933,-0.010989010989007397,0.28815628815628713
199182432198300,1.8552061,step,0.1459945067521172,28.0,2.0,0.13408865491721933,-0.010989010989007397,0.28815628815628713
199182433300500,1.8563083,step,0.1459945067521172,28.0,2.0,0.13408865491721933,-0.010989010989007397,0.28815628815628713
199182434451700,1.8574595,step,0.1459945067521172,28.0,2.0,0.13408865491721933,-0.010989010989007397,0.28815628815628713
199182435297700,1.8583055,step,0.1459945067521172,28.0,2.0,0.13408865491721933,-0.010989010989007397,0.28815628815628713
199182436298200,1.859306,step,0.1459945067521172,28.0,2.0,0.13408865491721933,-0.010989010989007397,0.28815628815628713
199182437410900,1.8604187,step,0.1459945067521172,28.0,2.0,0.13408865491721933,-0.010989010989007397,0.28815628815628713
199182438527000,1.8615348,step,0.1459945067521172,28.0,2.0,0.13408865491721933,-0.010989010989007397,0.28815628815628713
199182439673700,1.8626815,step,0.1459945067521172,28.0,2.0,0.13408865491721933,-0.010989010989007397,0.28815628815628713
199182440269900,1.8632777,step,0.1459945067521172,28.0,2.0,0.13408865491721933,-0.010989010989007397,0.28815628815628713
199182441272500,1.8642803,step,0.1459945067521172,28.0,2.0,0.13408865491721933,-0.010989010989007397,0.28815628815628713
199182442364400,1.8653722,step,0.1459945067521172,28.0,2.0,0.13408865491721933,-0.010989010989007397,0.28815628815628713
199182443527600,1.8665354,step,0.1459945067521172,28.0,2.0,0.13408865491721933,-0.010989010989007397,0.28815628815628713
199182444632600,1.8676404,step,0.1459945067521172,28.0,2.0,0.13408865491721933,-0.010989010989007397,0.28815628815628713
199182445244800,1.8682526,step,0.1459945067521172,28.0,2.0,0.13408865491721933,-0.010989010989007397,0.28815628815628713
199182446243700,1.8692515,step,0.1459945067521172,28.0,2.0,0.13408865491721933,-0.010989010989007397,0.28815628815628713
199182447365300,1.8703731,step,0.1459945067521172,28.0,2.0,0.13408865491721933,-0.010989010989007397,0.28815628815628713
199182448545700,1.8715535,step,0.1459945067521172,28.0,2.0,0.13408865491721933,-0.010989010989007397,0.28815628815628713
199182449445500,1.8724533,step,0.1459945067521172,28.0,2.0,0.13408865491721933,-0.010989010989007397,0.28815628815628713
199182450326200,1.873334,step,0.1459945067521172,28.0,2.0,0.13408865491721933,0.010989010989007397,0.29792429792429687
199182451322600,1.8743304,step,0.1459945067521172,28.0,2.0,0.13408865491721933,-0.010989010989007397,0.28815628815628713
199182452329400,1.8753372,step,0.1459945067521172,28.0,2.0,0.13408865491721933,-0.010989010989007397,0.28815628815628713
199182453462900,1.8764707,step,0.1459945067521172,28.0,2.0,0.13408865491721933,-0.010989010989007397,0.28815628815628713
199182454469200,1.877477,step,0.1459945067521172,28.0,2.0,0.13408865491721933,-0.010989010989007397,0.28815628815628713
199182455556900,1.8785647,step,0.1459945067521172,28.0,2.0,0.13408865491721933,-0.010989010989007397,0.28815628815628713
199182456686000,1.8796938,step,0.1459945067521172,28.0,2.0,0.13408865491721933,-0.010989010989007397,0.28815628815628713
199182457288100,1.8802959,step,0.1459945067521172,28.0,2.0,0.13408865491721933,-0.010989010989007397,0.28815628815628713
199182458438800,1.8814466,step,0.1459945067521172,28.0,2.0,0.13408865491721933,-0.010989010989007397,0.28815628815628713
199182459394300,1.8824021,step,0.1459945067521172,28.0,2.0,0.13408865491721933,-0.010989010989007397,0.28815628815628713
199182460411600,1.8834194,step,0.1459945067521172,28.0,2.0,0.13408865491721933,-0.010989010989007397,0.28815628815628713
199182461448400,1.8844562,step,0.1459945067521172,28.0,2.0,0.13408865491721933,-0.010989010989007397,0.28815628815628713
199182462466600,1.8854744,step,0.1459945067521172,28.0,2.0,0.13408865491721933,-0.010989010989007397,0.28815628815628713
199182463528500,1.8865363,step,0.1459945067521172,28.0,2.0,0.13408865491721933,-0.010989010989007397,0.28815628815628713
199182464747900,1.8877557,step,0.1459945067521172,28.0,2.0,0.13408865491721933,-0.010989010989007397,0.28815628815628713
199182465644500,1.8886523,step,0.1459945067521172,28.0,2.0,0.13408865491721933,-0.010989010989007397,0.28815628815628713
199182466244600,1.8892524,step,0.1459945067521172,28.0,2.0,0.13408865491721933,-0.010989010989007397,0.28815628815628713
199182467246200,1.890254,step,0.1459945067521172,28.0,2.0,0.13408865491721933,-0.010989010989007397,0.28815628815628713
199182468376500,1.8913843,step,0.1459945067521172,28.0,2.0,0.13408865491721933,-0.010989010989007397,0.28815628815628713
199182469488400,1.8924962,step,0.1459945067521172,28.0,2.0,0.13408865491721933,-0.010989010989007397,0.28815628815628713
199182470545500,1.8935533,step,0.1459945067521172,28.0,2.0,0.13408865491721933,-0.010989010989007397,0.28815628815628713
199182471634200,1.894642,step,0.1459945067521172,28.0,2.0,0.13408865491721933,-0.010989010989007397,0.28815628815628713
199182472251500,1.8952593,step,0.1459945067521172,28.0,2.0,0.13408865491721933,-0.010989010989007397,0.28815628815628713
199182473287700,1.8962955,step,0.1459945067521172,28.0,2.0,0.13408865491721933,-0.010989010989007397,0.28815628815628713
199182474381400,1.8973892,step,0.1459945067521172,28.0,2.0,0.13408865491721933,-0.010989010989007397,0.28815628815628713
199182475387500,1.8983953,step,0.1459945067521172,28.0,2.0,0.13408865491721933,-0.010989010989007397,0.28815628815628713
199182476390400,1.8993982,step,0.1459945067521172,28.0,2.0,0.13408865491721933,-0.010989010989007397,0.28815628815628713
199182477507400,1.9005152,step,0.1459945067521172,28.0,2.0,0.13408865491721933,-0.010989010989007397,0.28815628815628713
199182478566000,1.9015738,step,0.1459945067521172,28.0,2.0,0.13408865491721933,-0.010989010989007397,0.28815628815628713
199182479684300,1.9026921,step,0.1459945067521172,28.0,2.0,0.13408865491721933,-0.010989010989007397,0.28815628815628713
199182480362800,1.9033706,step,0.1459945067521172,28.0,2.0,0.13408865491721933,-0.010989010989007397,0.28815628815628713
199182481306800,1.9043146,step,0.1459945067521172,28.0,2.0,0.13408865491721933,-0.010989010989007397,0.28815628815628713
199182482381300,1.9053891,step,0.1459945067521172,28.0,2.0,0.13408865491721933,-0.010989010989007397,0.28815628815628713
199182483385000,1.9063928,step,0.1459945067521172,28.0,2.0,0.13408865491721933,-0.010989010989007397,0.28815628815628713
199182484472900,1.9074807,step,0.1459945067521172,28.0,2.0,0.13408865491721933,-0.010989010989007397,0.28815628815628713
199182485561600,1.9085694,step,0.1459945067521172,28.0,2.0,0.13408865491721933,-0.010989010989007397,0.28815628815628713
199182486670300,1.9096781,step,0.1459945067521172,28.0,2.0,0.13408865491721933,-0.010989010989007397,0.28815628815628713
199182487330200,1.910338,step,0.1459945067521172,28.0,2.0,0.13408865491721933,-0.010989010989007397,0.28815628815628713
199182488347600,1.9113554,step,0.1459945067521172,28.0,2.0,0.13408865491721933,-0.010989010989007397,0.28815628815628713
199182489467300,1.9124751,step,0.1459945067521172,28.0,2.0,0.13408865491721933,-0.010989010989007397,0.28815628815628713
199182490531200,1.913539,step,0.1459945067521172,28.0,2.0,0.13408865491721933,-0.010989010989007397,0.28815628815628713
199182491681900,1.9146897,step,0.1459945067521172,28.0,2.0,0.13408865491721933,-0.010989010989007397,0.28815628815628713
199182492325700,1.9153335,step,0.1459945067521172,28.0,2.0,0.13408865491721933,-0.010989010989007397,0.28815628815628713
199182493329300,1.9163371,step,0.1459945067521172,28.0,2.0,0.13408865491721933,-0.010989010989007397,0.28815628815628713
199182494373700,1.9173815,step,0.1459945067521172,28.0,2.0,0.13408865491721933,-0.010989010989007397,0.28815628815628713
199182495671000,1.9186788,step,0.1459945067521172,28.0,2.0,0.13408865491721933,-0.010989010989007397,0.28815628815628713
199182496486900,1.9194947,step,0.1459945067521172,28.0,2.0,0.13408865491721933,-0.010989010989007397,0.28815628815628713
199182497486900,1.9204947,step,0.1459945067521172,28.0,2.0,0.13408865491721933,-0.010989010989007397,0.28815628815628713
199182498546900,1.9215547,step,0.1459945067521172,28.0,2.0,0.13408865491721933,-0.010989010989007397,0.28815628815628713
199182499684800,1.9226926,step,0.1459945067521172,28.0,2.0,0.13408865491721933,-0.010989010989007397,0.28815628815628713
199182500291000,1.9232988,step,0.1459945067521172,28.0,2.0,0.13408865491721933,-0.010989010989007397,0.28815628815628713
199182501340200,1.924348,step,0.1459945067521172,28.0,2.0,0.13408865491721933,-0.010989010989007397,0.28815628815628713
199182502343600,1.9253514,step,0.1459945067521172,28.0,2.0,0.13408865491721933,-0.010989010989007397,0.28815628815628713
199182503449300,1.9264571,step,0.1459945067521172,28.0,2.0,0.13408865491721933,-0.010989010989007397,0.28815628815628713
199182504535100,1.9275429,step,0.1459945067521172,28.0,2.0,0.13408865491721933,-0.010989010989007397,0.28815628815628713
199182505648100,1.9286559,step,0.1459945067521172,28.0,2.0,0.13408865491721933,-0.010989010989007397,0.28815628815628713
199182506233600,1.9292414,step,0.1459945067521172,28.0,2.0,0.13408865491721933,-0.010989010989007397,0.28815628815628713
199182507236000,1.9302438,step,0.1459945067521172,28.0,2.0,0.13408865491721933,-0.010989010989007397,0.28815628815628713
199182508312100,1.9313199,step,0.1459945067521172,28.0,2.0,0.13408865491721933,-0.010989010989007397,0.28815628815628713
199182509398600,1.9324064,step,0.1459945067521172,28.0,2.0,0.13408865491721933,-0.010989010989007397,0.28815628815628713
199182510574000,1.9335818,step,0.1459945067521172,28.0,2.0,0.13408865491721933,-0.010989010989007397,0.28815628815628713
199182511469100,1.9344769,step,0.1459945067521172,28.0,2.0,0.13408865491721933,-0.010989010989007397,0.28815628815628713
199182512469300,1.9354771,step,0.1459945067521172,28.0,2.0,0.13408865491721933,-0.010989010989007397,0.28815628815628713
199182513559400,1.9365672,step,0.1459945067521172,28.0,2.0,0.13408865491721933,-0.010989010989007397,0.28815628815628713
199182514693800,1.9377016,step,0.1459945067521172,28.0,2.0,0.13408865491721933,-0.010989010989007397,0.28815628815628713
199182515300600,1.9383084,step,0.1459945067521172,28.0,2.0,0.13408865491721933,-0.010989010989007397,0.28815628815628713
199182516302200,1.93931,step,0.1459945067521172,28.0,2.0,0.13408865491721933,-0.010989010989007397,0.28815628815628713
199182517389900,1.9403977,step,0.1459945067521172,28.0,2.0,0.13408865491721933,-0.010989010989007397,0.28815628815628713
199182518524900,1.9415327,step,0.1459945067521172,28.0,2.0,0.13408865491721933,-0.010989010989007397,0.28815628815628713
199182519606300,1.9426141,step,0.1459945067521172,28.0,2.0,0.13408865491721933,-0.010989010989007397,0.28815628815628713
199182520199600,1.9432074,step,0.1459945067521172,28.0,2.0,0.13408865491721933,-0.010989010989007397,0.28815628815628713
199182521293300,1.9443011,step,0.1459945067521172,28.0,2.0,0.13408865491721933,-0.010989010989007397,0.28815628815628713
199182522347900,1.9453557,step,0.1459945067521172,28.0,2.0,0.13408865491721933,-0.010989010989007397,0.28815628815628713
199182523379500,1.9463873,step,0.1459945067521172,28.0,2.0,0.13408865491721933,-0.010989010989007397,0.28815628815628713
199182524421700,1.9474295,step,0.1459945067521172,28.0,2.0,0.13408865491721933,-0.010989010989007397,0.28815628815628713
199182525426900,1.9484347,step,0.1459945067521172,28.0,2.0,0.13408865491721933,-0.010989010989007397,0.28815628815628713
199182526491400,1.9494992,step,0.1459945067521172,28.0,2.0,0.13408865491721933,-0.010989010989007397,0.28815628815628713
199182527570600,1.9505784,step,0.1459945067521172,28.0,2.0,0.13408865491721933,-0.010989010989007397,0.28815628815628713
199182528743900,1.9517517,step,0.1459945067521172,28.0,2.0,0.13408865491721933,-0.010989010989007397,0.28815628815628713
199182529382500,1.9523903,step,0.1459945067521172,28.0,2.0,0.13408865491721933,-0.010989010989007397,0.28815628815628713
199182530385100,1.9533929,step,0.1459945067521172,28.0,2.0,0.13408865491721933,-0.010989010989007397,0.28815628815628713
199182531466000,1.9544738,step,0.1459945067521172,28.0,2.0,0.13408865491721933,-0.010989010989007397,0.28815628815628713
199182532542000,1.9555498,step,0.1459945067521172,28.0,2.0,0.13408865491721933,-0.010989010989007397,0.28815628815628713
199182533628600,1.9566364,step,0.1459945067521172,28.0,2.0,0.13408865491721933,-0.010989010989007397,0.28815628815628713
199182534210300,1.9572181,step,0.1459945067521172,28.0,2.0,0.13408865491721933,-0.010989010989007397,0.28815628815628713
199182535195300,1.9582031,step,0.1459945067521172,28.0,2.0,0.13408865491721933,-0.010989010989007397,0.28815628815628713
199182536275200,1.959283,step,0.1459945067521172,28.0,2.0,0.13408865491721933,-0.010989010989007397,0.28815628815628713
199182537343100,1.9603509,step,0.1459945067521172,28.0,2.0,0.13408865491721933,-0.010989010989007397,0.28815628815628713
199182538442700,1.9614505,step,0.1459945067521172,28.0,2.0,0.13408865491721933,-0.010989010989007397,0.28815628815628713
199182539544600,1.9625524,step,0.1459945067521172,28.0,2.0,0.13408865491721933,-0.010989010989007397,0.28815628815628713
199182540681400,1.9636892,step,0.1459945067521172,28.0,2.0,0.13408865491721933,-0.010989010989007397,0.28815628815628713
199182541393800,1.9644016,step,0.1459945067521172,28.0,2.0,0.13408865491721933,-0.010989010989007397,0.28815628815628713
199182542296700,1.9653045,step,0.1459945067521172,28.0,2.0,0.13408865491721933,-0.010989010989007397,0.28815628815628713
199182543342500,1.9663503,step,0.1459945067521172,28.0,2.0,0.13408865491721933,-0.010989010989007397,0.28815628815628713
199182544396800,1.9674046,step,0.1459945067521172,28.0,2.0,0.13408865491721933,-0.010989010989007397,0.28815628815628713
199182545473500,1.9684813,step,0.1459945067521172,28.0,2.0,0.13408865491721933,-0.010989010989007397,0.28815628815628713
199182546478300,1.9694861,step,0.1459945067521172,28.0,2.0,0.13408865491721933,-0.010989010989007397,0.28815628815628713
199182547524100,1.9705319,step,0.1459945067521172,28.0,2.0,0.13408865491721933,-0.010989010989007397,0.28815628815628713
199182548534600,1.9715424,step,0.1459945067521172,28.0,2.0,0.13408865491721933,-0.010989010989007397,0.28815628815628713
199182549603900,1.9726117,step,0.1459945067521172,28.0,2.0,0.13408865491721933,-0.010989010989007397,0.28815628815628713
199182550738400,1.9737462,step,0.1459945067521172,28.0,2.0,0.13408865491721933,-0.010989010989007397,0.28815628815628713
199182551352800,1.9743606,step,0.1459945067521172,28.0,2.0,0.13408865491721933,-0.010989010989007397,0.28815628815628713
199182552354200,1.975362,step,0.1459945067521172,28.0,2.0,0.13408865491721933,-0.010989010989007397,0.28815628815628713
199182553389900,1.9763977,step,0.1459945067521172,28.0,2.0,0.13408865491721933,-0.010989010989007397,0.28815628815628713
199182554442500,1.9774503,step,0.1459945067521172,28.0,2.0,0.13408865491721933,-0.010989010989007397,0.28815628815628713
199182555763800,1.9787716,step,0.1459945067521172,28.0,2.0,0.13408865491721933,-0.010989010989007397,0.28815628815628713
199182556335700,1.9793435,step,0.1459945067521172,28.0,2.0,0.13408865491721933,-0.010989010989007397,0.28815628815628713
199182557465100,1.9804729,step,0.1459945067521172,28.0,2.0,0.13408865491721933,-0.010989010989007397,0.28815628815628713
199182558348600,1.9813564,step,0.1459945067521172,28.0,2.0,0.13408865491721933,-0.010989010989007397,0.29792429792429687
199182559351800,1.9823596,step,0.1459945067521172,28.0,2.0,0.13408865491721933,-0.010989010989007397,0.29792429792429687
199182560356300,1.9833641,step,0.1459945067521172,28.0,2.0,0.13408865491721933,-0.010989010989007397,0.29792429792429687
199182561357100,1.9843649,step,0.1459945067521172,28.0,2.0,0.13408865491721933,-0.010989010989007397,0.29792429792429687
199182562418200,1.985426,step,0.1459945067521172,28.0,2.0,0.13408865491721933,-0.010989010989007397,0.29792429792429687
199182563546900,1.9865547,step,0.1459945067521172,28.0,2.0,0.13408865491721933,-0.010989010989007397,0.29792429792429687
199182564589300,1.9875971,step,0.1459945067521172,28.0,2.0,0.13408865491721933,-0.010989010989007397,0.29792429792429687
199182565182200,1.98819,step,0.1459945067521172,28.0,2.0,0.13408865491721933,-0.010989010989007397,0.29792429792429687
199182566183700,1.9891915,step,0.1459945067521172,28.0,2.0,0.13408865491721933,-0.010989010989007397,0.29792429792429687
199182567297000,1.9903048,step,0.1459945067521172,28.0,2.0,0.13408865491721933,-0.010989010989007397,0.29792429792429687
199182568419300,1.9914271,step,0.1459945067521172,28.0,2.0,0.13408865491721933,-0.010989010989007397,0.29792429792429687
199182569437300,1.9924451,step,0.1459945067521172,28.0,2.0,0.13408865491721933,-0.010989010989007397,0.29792429792429687
199182570526400,1.9935342,step,0.1459945067521172,28.0,2.0,0.13408865491721933,-0.010989010989007397,0.29792429792429687
199182571651100,1.9946589,step,0.1459945067521172,28.0,2.0,0.13408865491721933,-0.010989010989007397,0.29792429792429687
199182572212400,1.9952202,step,0.1459945067521172,28.0,2.0,0.13408865491721933,-0.010989010989007397,0.29792429792429687
199182573309600,1.9963174,step,0.1459945067521172,28.0,2.0,0.13408865491721933,-0.010989010989007397,0.29792429792429687
199182574383900,1.9973917,step,0.1459945067521172,28.0,2.0,0.13408865491721933,-0.010989010989007397,0.29792429792429687
199182575457800,1.9984656,step,0.1459945067521172,28.0,2.0,0.13408865491721933,-0.010989010989007397,0.29792429792429687
199182576530000,1.9995378,step,0.1459945067521172,28.0,2.0,0.13408865491721933,-0.010989010989007397,0.29792429792429687
199182577648600,2.0006564,step,0.1459945067521172,28.0,2.0,0.13408865491721933,-0.010989010989007397,0.29792429792429687
199182578250900,2.0012587,step,0.1459945067521172,28.0,2.0,0.13408865491721933,-0.010989010989007397,0.29792429792429687
199182579254700,2.0022625,step,0.1459945067521172,28.0,2.0,0.13408865491721933,-0.010989010989007397,0.29792429792429687
199182580325300,2.0033331,step,0.1459945067521172,28.0,2.0,0.13408865491721933,-0.010989010989007397,0.29792429792429687
199182581409300,2.0044171,step,0.1459945067521172,28.0,2.0,0.13408865491721933,-0.010989010989007397,0.29792429792429687
199182582544600,2.0055524,step,0.1459945067521172,28.0,2.0,0.13408865491721933,-0.010989010989007397,0.29792429792429687
199182583591200,2.006599,step,0.1459945067521172,28.0,2.0,0.13408865491721933,-0.010989010989007397,0.29792429792429687
199182584235100,2.0072429,step,0.1459945067521172,28.0,2.0,0.13408865491721933,-0.010989010989007397,0.29792429792429687
199182585185600,2.0081934,step,0.1459945067521172,28.0,2.0,0.13408865491721933,-0.010989010989007397,0.29792429792429687
199182586205500,2.0092133,step,0.1459945067521172,28.0,2.0,0.13408865491721933,-0.010989010989007397,0.29792429792429687
199182587281200,2.010289,step,0.1459945067521172,28.0,2.0,0.13408865491721933,-0.010989010989007397,0.29792429792429687
199182588462700,2.0114705,step,0.1459945067521172,28.0,2.0,0.13408865491721933,-0.010989010989007397,0.29792429792429687
199182589517400,2.0125252,step,0.1459945067521172,28.0,2.0,0.13408865491721933,-0.010989010989007397,0.29792429792429687
199182590631900,2.0136397,step,0.1459945067521172,28.0,2.0,0.13408865491721933,-0.010989010989007397,0.29792429792429687
199182591222500,2.0142303,step,0.1459945067521172,28.0,2.0,0.13408865491721933,-0.010989010989007397,0.29792429792429687
199182592227100,2.0152349,step,0.1459945067521172,28.0,2.0,0.13408865491721933,-0.010989010989007397,0.29792429792429687
199182593269800,2.0162776,step,0.1459945067521172,28.0,2.0,0.13408865491721933,-0.010989010989007397,0.29792429792429687
199182594348600,2.0173564,step,0.1459945067521172,28.0,2.0,0.13408865491721933,-0.010989010989007397,0.29792429792429687
199182595387800,2.0183956,step,0.1459945067521172,28.0,2.0,0.13408865491721933,-0.010989010989007397,0.29792429792429687
199182596392500,2.0194003,step,0.1459945067521172,28.0,2.0,0.13408865491721933,-0.010989010989007397,0.29792429792429687
199182597458000,2.0204658,step,0.1459945067521172,28.0,2.0,0.13408865491721933,-0.010989010989007397,0.29792429792429687
199182598550600,2.0215584,step,0.1459945067521172,28.0,2.0,0.13408865491721933,-0.010989010989007397,0.29792429792429687
199182599647900,2.0226557,step,0.1459945067521172,28.0,2.0,0.13408865491721933,-0.010989010989007397,0.29792429792429687
199182600240100,2.0232479,step,0.1459945067521172,28.0,2.0,0.13408865491721933,-0.010989010989007397,0.29792429792429687
199182601240600,2.0242484,step,0.1459945067521172,28.0,2.0,0.13408865491721933,-0.010989010989007397,0.29792429792429687
199182602336600,2.0253444,step,0.1459945067521172,28.0,2.0,0.13408865491721933,-0.010989010989007397,0.29792429792429687
199182603390100,2.0263979,step,0.1459945067521172,28.0,2.0,0.13408865491721933,-0.010989010989007397,0.29792429792429687
199182604545400,2.0275532,step,0.1459945067521172,28.0,2.0,0.13408865491721933,-0.010989010989007397,0.29792429792429687
199182605804300,2.0288121,step,0.1459945067521172,28.0,2.0,0.13408865491721933,-0.010989010989007397,0.29792429792429687
199182606424700,2.0294325,step,0.1459945067521172,28.0,2.0,0.13408865491721933,-0.010989010989007397,0.29792429792429687
199182607424600,2.0304324,step,0.1459945067521172,28.0,2.0,0.13408865491721933,-0.010989010989007397,0.29792429792429687
199182608550900,2.0315587,step,0.1459945067521172,28.0,2.0,0.13408865491721933,-0.010989010989007397,0.29792429792429687
199182609645400,2.0326532,step,0.1459945067521172,28.0,2.0,0.13408865491721933,-0.010989010989007397,0.29792429792429687
199182610247700,2.0332555,step,0.1459945067521172,28.0,2.0,0.13408865491721933,-0.010989010989007397,0.29792429792429687
199182611248000,2.0342558,step,0.1459945067521172,28.0,2.0,0.13408865491721933,-0.010989010989007397,0.29792429792429687
199182612344700,2.0353525,step,0.1459945067521172,28.0,2.0,0.13408865491721933,-0.010989010989007397,0.29792429792429687
199182613444900,2.0364527,step,0.1459945067521172,28.0,2.0,0.13408865491721933,-0.010989010989007397,0.29792429792429687
199182614466800,2.0374746,step,0.1459945067521172,28.0,2.0,0.13408865491721933,-0.010989010989007397,0.29792429792429687
199182615474100,2.0384819,step,0.1459945067521172,28.0,2.0,0.13408865491721933,-0.010989010989007397,0.29792429792429687
199182616580500,2.0395883,step,0.1459945067521172,28.0,2.0,0.13408865491721933,-0.010989010989007397,0.29792429792429687
199182617191100,2.0401989,step,0.1459945067521172,28.0,2.0,0.13408865491721933,-0.010989010989007397,0.29792429792429687
199182618195000,2.0412028,step,0.1459945067521172,28.0,2.0,0.13408865491721933,-0.010989010989007397,0.29792429792429687
199182619358500,2.0423663,step,0.1459945067521172,28.0,2.0,0.13408865491721933,-0.010989010989007397,0.29792429792429687
199182620534400,2.0435422,step,0.1459945067521172,28.0,2.0,0.13408865491721933,-0.010989010989007397,0.29792429792429687
199182621451900,2.0444597,step,0.1459945067521172,28.0,2.0,0.13408865491721933,-0.010989010989007397,0.29792429792429687
199182622451600,2.0454594,step,0.1459945067521172,28.0,2.0,0.13408865491721933,-0.010989010989007397,0.29792429792429687
199182623574400,2.0465822,step,0.1459945067521172,28.0,2.0,0.13408865491721933,-0.010989010989007397,0.29792429792429687
199182624705700,2.0477135,step,0.1459945067521172,28.0,2.0,0.13408865491721933,-0.010989010989007397,0.29792429792429687
199182625302600,2.0483104,step,0.1459945067521172,28.0,2.0,0.13408865491721933,-0.010989010989007397,0.29792429792429687
199182626304900,2.0493127,step,0.1459945067521172,28.0,2.0,0.13408865491721933,-0.010989010989007397,0.29792429792429687
199182627419700,2.0504275,step,0.1459945067521172,28.0,2.0,0.13408865491721933,-0.010989010989007397,0.29792429792429687
199182628561200,2.051569,step,0.1459945067521172,28.0,2.0,0.13408865491721933,-0.010989010989007397,0.29792429792429687
199182629694200,2.052702,step,0.1459945067521172,28.0,2.0,0.13408865491721933,-0.010989010989007397,0.29792429792429687
199182630327700,2.0533355,step,0.1459945067521172,28.0,2.0,0.13408865491721933,-0.010989010989007397,0.29792429792429687
199182631331700,2.0543395,step,0.1459945067521172,28.0,2.0,0.13408865491721933,-0.010989010989007397,0.29792429792429687
199182632440500,2.0554483,step,0.1459945067521172,28.0,2.0,0.13408865491721933,-0.010989010989007397,0.29792429792429687
199182633602800,2.0566106,step,0.1459945067521172,28.0,2.0,0.13408865491721933,-0.010989010989007397,0.29792429792429687
199182634720400,2.0577282,step,0.1459945067521172,28.0,2.0,0.13408865491721933,-0.010989010989007397,0.29792429792429687
199182635345700,2.0583535,step,0.1459945067521172,28.0,2.0,0.13408865491721933,-0.010989010989007397,0.29792429792429687
199182636419400,2.0594272,step,0.1459945067521172,28.0,2.0,0.13408865491721933,-0.010989010989007397,0.29792429792429687
199182637518000,2.0605258,step,0.1459945067521172,28.0,2.0,0.13408865491721933,-0.010989010989007397,0.29792429792429687
199182638594100,2.0616019,step,0.1459945067521172,28.0,2.0,0.13408865491721933,-0.010989010989007397,0.29792429792429687
199182639720900,2.0627287,step,0.1459945067521172,28.0,2.0,0.13408865491721933,-0.010989010989007397,0.29792429792429687
199182640317800,2.0633256,step,0.1459945067521172,28.0,2.0,0.13408865491721933,-0.010989010989007397,0.29792429792429687
199182641320600,2.0643284,step,0.1459945067521172,28.0,2.0,0.13408865491721933,-0.010989010989007397,0.29792429792429687
199182642426000,2.0654338,step,0.1459945067521172,28.0,2.0,0.13408865491721933,-0.010989010989007397,0.29792429792429687
199182643532800,2.0665406,step,0.1459945067521172,28.0,2.0,0.13408865491721933,-0.010989010989007397,0.29792429792429687
199182644648000,2.0676558,step,0.1459945067521172,28.0,2.0,0.13408865491721933,-0.010989010989007397,0.29792429792429687
199182645283400,2.0682912,step,0.1459945067521172,28.0,2.0,0.13408865491721933,-0.010989010989007397,0.29792429792429687
199182646287000,2.0692948,step,0.1459945067521172,28.0,2.0,0.13408865491721933,-0.010989010989007397,0.29792429792429687
199182647375600,2.0703834,step,0.1459945067521172,28.0,2.0,0.13408865491721933,-0.010989010989007397,0.29792429792429687
199182648446600,2.0714544,step,0.1459945067521172,28.0,2.0,0.13408865491721933,-0.010989010989007397,0.29792429792429687
199182649535300,2.0725431,step,0.1459945067521172,28.0,2.0,0.13408865491721933,-0.010989010989007397,0.29792429792429687
199182650946900,2.0739547,step,0.1459945067521172,28.0,2.0,0.13408865491721933,-0.010989010989007397,0.29792429792429687
199182651678700,2.0746865,step,0.1459945067521172,28.0,2.0,0.13408865491721933,-0.010989010989007397,0.29792429792429687
199182652556000,2.0755638,step,0.1459945067521172,28.0,2.0,0.13408865491721933,-0.010989010989007397,0.29792429792429687
199182653648100,2.0766559,step,0.1459945067521172,28.0,2.0,0.13408865491721933,-0.010989010989007397,0.29792429792429687
199182654258100,2.0772659,step,0.1459945067521172,28.0,2.0,0.13408865491721933,-0.010989010989007397,0.29792429792429687
199182655263200,2.078271,step,0.1459945067521172,28.0,2.0,0.13408865491721933,-0.010989010989007397,0.29792429792429687
199182656323300,2.0793311,step,0.1459945067521172,28.0,2.0,0.13408865491721933,-0.010989010989007397,0.29792429792429687
199182657427800,2.0804356,step,0.1459945067521172,28.0,2.0,0.13408865491721933,-0.010989010989007397,0.29792429792429687
199182658484900,2.0814927,step,0.1459945067521172,28.0,2.0,0.13408865491721933,-0.010989010989007397,0.29792429792429687
199182659520600,2.0825284,step,0.1459945067521172,28.0,2.0,0.13408865491721933,-0.010989010989007397,0.29792429792429687
199182660624300,2.0836321,step,0.1459945067521172,28.0,2.0,0.13408865491721933,-0.010989010989007397,0.29792429792429687
199182661205000,2.0842128,step,0.1459945067521172,28.0,2.0,0.13408865491721933,-0.010989010989007397,0.29792429792429687
199182662207200,2.085215,step,0.1459945067521172,28.0,2.0,0.13408865491721933,-0.010989010989007397,0.29792429792429687
199182663239000,2.0862468,step,0.1459945067521172,28.0,2.0,0.13408865491721933,-0.010989010989007397,0.29792429792429687
199182664272400,2.0872802,step,0.1459945067521172,28.0,2.0,0.13408865491721933,-0.010989010989007397,0.29792429792429687
199182665316800,2.0883246,step,0.1459945067521172,28.0,2.0,0.13408865491721933,-0.010989010989007397,0.29792429792429687
199182666379200,2.089387,step,0.1459945067521172,28.0,2.0,0.13408865491721933,-0.010989010989007397,0.29792429792429687
199182667587500,2.0905953,step,0.1459945067521172,28.0,2.0,0.13408865491721933,-0.010989010989007397,0.29792429792429687
199182668261100,2.0912689,step,0.1459945067521172,28.0,2.0,0.13408865491721933,-0.010989010989007397,0.29792429792429687
199182669262300,2.0922701,step,0.1459945067521172,28.0,2.0,0.13408865491721933,0.010989010989007397,0.29792429792429687
199182670345000,2.0933528,step,0.1459945067521172,28.0,2.0,0.13408865491721933,0.010989010989007397,0.29792429792429687
199182671432100,2.0944399,step,0.1459945067521172,28.0,2.0,0.13408865491721933,0.010989010989007397,0.29792429792429687
199182672488800,2.0954966,step,0.1459945067521172,28.0,2.0,0.13408865491721933,0.010989010989007397,0.29792429792429687
199182673552100,2.0965599,step,0.1459945067521172,28.0,2.0,0.13408865491721933,0.010989010989007397,0.29792429792429687
199182674557800,2.0975656,step,0.1459945067521172,28.0,2.0,0.13408865491721933,0.010989010989007397,0.29792429792429687
199182675669900,2.0986777,step,0.1459945067521172,28.0,2.0,0.13408865491721933,0.010989010989007397,0.29792429792429687
199182676274800,2.0992826,step,0.1459945067521172,28.0,2.0,0.13408865491721933,0.010989010989007397,0.29792429792429687
199182677276600,2.1002844,step,0.1459945067521172,28.0,2.0,0.13408865491721933,0.010989010989007397,0.29792429792429687
199182678331400,2.1013392,step,0.1459945067521172,28.0,2.0,0.13408865491721933,0.010989010989007397,0.29792429792429687
199182679389800,2.1023976,step,0.1459945067521172,28.0,2.0,0.13408865491721933,0.010989010989007397,0.29792429792429687
199182680440700,2.1034485,step,0.1459945067521172,28.0,2.0,0.13408865491721933,0.010989010989007397,0.29792429792429687
199182681475100,2.1044829,step,0.1459945067521172,28.0,2.0,0.13408865491721933,0.010989010989007397,0.29792429792429687
199182682656700,2.1056645,step,0.1459945067521172,28.0,2.0,0.13408865491721933,0.010989010989007397,0.29792429792429687
199182683797100,2.1068049,step,0.1459945067521172,28.0,2.0,0.13408865491721933,0.010989010989007397,0.29792429792429687
199182684414600,2.1074224,step,0.1459945067521172,28.0,2.0,0.13408865491721933,0.010989010989007397,0.29792429792429687
199182685428900,2.1084367,step,0.1459945067521172,28.0,2.0,0.13408865491721933,0.010989010989007397,0.29792429792429687
199182686534900,2.1095427,step,0.1459945067521172,28.0,2.0,0.13408865491721933,0.010989010989007397,0.29792429792429687
199182687623800,2.1106316,step,0.1459945067521172,28.0,2.0,0.13408865491721933,0.010989010989007397,0.29792429792429687
199182688201000,2.1112088,step,0.1459945067521172,28.0,2.0,0.13408865491721933,0.010989010989007397,0.29792429792429687
199182689222600,2.1122304,step,0.1459945067521172,28.0,2.0,0.13408865491721933,0.010989010989007397,0.29792429792429687
199182690287900,2.1132957,step,0.1459945067521172,28.0,2.0,0.13408865491721933,0.010989010989007397,0.29792429792429687
199182691374100,2.1143819,step,0.1459945067521172,28.0,2.0,0.13408865491721933,0.010989010989007397,0.29792429792429687
199182692443700,2.1154515,step,0.1459945067521172,28.0,2.0,0.13408865491721933,0.010989010989007397,0.29792429792429687
199182693559800,2.1165676,step,0.1459945067521172,28.0,2.0,0.13408865491721933,0.010989010989007397,0.29792429792429687
199182694637900,2.1176457,step,0.1459945067521172,28.0,2.0,0.13408865491721933,0.010989010989007397,0.29792429792429687
199182695227600,2.1182354,step,0.1459945067521172,28.0,2.0,0.13408865491721933,0.010989010989007397,0.29792429792429687
199182696230300,2.1192381,step,0.1459945067521172,28.0,2.0,0.13408865491721933,0.010989010989007397,0.29792429792429687
199182697339400,2.1203472,step,0.1459945067521172,28.0,2.0,0.13408865491721933,0.010989010989007397,0.29792429792429687
199182698617200,2.121625,step,0.1459945067521172,28.0,2.0,0.13408865491721933,0.010989010989007397,0.29792429792429687
199182699727700,2.1227355,step,0.1459945067521172,28.0,2.0,0.13408865491721933,0.010989010989007397,0.29792429792429687
199182700226300,2.1232341,step,0.1459945067521172,28.0,2.0,0.13408865491721933,0.010989010989007397,0.29792429792429687
199182701234500,2.1242423,step,0.1459945067521172,28.0,2.0,0.13408865491721933,0.010989010989007397,0.29792429792429687
199182702385500,2.1253933,step,0.1459945067521172,28.0,2.0,0.13408865491721933,0.010989010989007397,0.29792429792429687
199182703477200,2.126485,step,0.1459945067521172,28.0,2.0,0.13408865491721933,0.010989010989007397,0.29792429792429687
199182704562800,2.1275706,step,0.1459945067521172,28.0,2.0,0.13408865491721933,0.010989010989007397,0.29792429792429687
199182705653400,2.1286612,step,0.1459945067521172,28.0,2.0,0.13408865491721933,0.010989010989007397,0.29792429792429687
199182706242600,2.1292504,step,0.1459945067521172,28.0,2.0,0.13408865491721933,0.010989010989007397,0.29792429792429687
199182707244800,2.1302526,step,0.1459945067521172,28.0,2.0,0.13408865491721933,0.010989010989007397,0.29792429792429687
199182708320600,2.1313284,step,0.1459945067521172,28.0,2.0,0.13408865491721933,0.010989010989007397,0.29792429792429687
199182709452700,2.1324605,step,0.1459945067521172,28.0,2.0,0.13408865491721933,0.010989010989007397,0.29792429792429687
199182710464000,2.1334718,step,0.1459945067521172,28.0,2.0,0.13408865491721933,0.010989010989007397,0.29792429792429687
199182711489200,2.134497,step,0.1459945067521172,28.0,2.0,0.13408865491721933,0.010989010989007397,0.29792429792429687
199182712502500,2.1355103,step,0.1459945067521172,28.0,2.0,0.13408865491721933,0.010989010989007397,0.29792429792429687
199182713863900,2.1368717,step,0.1459945067521172,28.0,2.0,0.13408865491721933,0.010989010989007397,0.29792429792429687
199182714534800,2.1375426,step,0.1459945067521172,28.0,2.0,0.13408865491721933,0.010989010989007397,0.29792429792429687
199182715537400,2.1385452,step,0.1459945067521172,28.0,2.0,0.13408865491721933,0.010989010989007397,0.29792429792429687
199182716626100,2.1396339,step,0.1459945067521172,28.0,2.0,0.13408865491721933,0.010989010989007397,0.29792429792429687
199182717902400,2.1409102,step,0.1459945067521172,28.0,2.0,0.13408865491721933,0.010989010989007397,0.29792429792429687
199182718635400,2.1416432,step,0.1459945067521172,28.0,2.0,0.13408865491721933,0.010989010989007397,0.29792429792429687
199182719283100,2.1422909,step,0.1459945067521172,28.0,2.0,0.13408865491721933,0.010989010989007397,0.29792429792429687
199182720304000,2.1433118,step,0.1459945067521172,28.0,2.0,0.13408865491721933,0.010989010989007397,0.29792429792429687
199182721442100,2.1444499,step,0.1459945067521172,28.0,2.0,0.13408865491721933,0.010989010989007397,0.29792429792429687
199182722548700,2.1455565,step,0.1459945067521172,28.0,2.0,0.13408865491721933,0.010989010989007397,0.29792429792429687
199182723689400,2.1466972,step,0.1459945067521172,28.0,2.0,0.13408865491721933,0.010989010989007397,0.29792429792429687
199182724333900,2.1473417,step,0.1459945067521172,28.0,2.0,0.13408865491721933,0.010989010989007397,0.29792429792429687
199182725354800,2.1483626,step,0.1459945067521172,28.0,2.0,0.13408865491721933,0.010989010989007397,0.29792429792429687
199182726428200,2.149436,step,0.1459945067521172,28.0,2.0,0.13408865491721933,0.010989010989007397,0.29792429792429687
199182727525300,2.1505331,step,0.1459945067521172,28.0,2.0,0.13408865491721933,0.010989010989007397,0.29792429792429687
199182728638200,2.151646,step,0.1459945067521172,28.0,2.0,0.13408865491721933,0.010989010989007397,0.29792429792429687
199182729681200,2.152689,step,0.1459945067521172,28.0,2.0,0.13408865491721933,0.010989010989007397,0.29792429792429687
199182730113900,2.1531217,step,0.1459945067521172,28.0,2.0,0.13408865491721933,0.010989010989007397,0.29792429792429687
199182731116600,2.1541244,step,0.1459945067521172,28.0,2.0,0.13408865491721933,0.010989010989007397,0.29792429792429687
199182732188700,2.1551965,step,0.1459945067521172,28.0,2.0,0.13408865491721933,0.010989010989007397,0.29792429792429687
199182733298100,2.1563059,step,0.1459945067521172,28.0,2.0,0.13408865491721933,0.010989010989007397,0.29792429792429687
199182734413600,2.1574214,step,0.1459945067521172,28.0,2.0,0.13408865491721933,0.010989010989007397,0.29792429792429687
199182735482800,2.1584906,step,0.1459945067521172,28.0,2.0,0.13408865491721933,0.010989010989007397,0.29792429792429687
199182736615200,2.159623,step,0.1459945067521172,28.0,2.0,0.13408865491721933,0.010989010989007397,0.29792429792429687
199182737746300,2.1607541,step,0.1459945067521172,28.0,2.0,0.13408865491721933,0.010989010989007397,0.29792429792429687
199182738349900,2.1613577,step,0.1459945067521172,28.0,2.0,0.13408865491721933,0.010989010989007397,0.29792429792429687
199182739353200,2.162361,step,0.1459945067521172,28.0,2.0,0.13408865491721933,0.010989010989007397,0.29792429792429687
199182740430300,2.1634381,step,0.1459945067521172,28.0,2.0,0.13408865491721933,0.010989010989007397,0.29792429792429687
199182741518700,2.1645265,step,0.1459945067521172,28.0,2.0,0.13408865491721933,0.010989010989007397,0.29792429792429687
199182742607700,2.1656155,step,0.1459945067521172,28.0,2.0,0.13408865491721933,0.010989010989007397,0.29792429792429687
199182743657700,2.1666655,step,0.1459945067521172,28.0,2.0,0.13408865491721933,0.010989010989007397,0.29792429792429687
199182744258500,2.1672663,step,0.1459945067521172,28.0,2.0,0.13408865491721933,0.010989010989007397,0.29792429792429687
199182745385900,2.1683937,step,0.1459945067521172,28.0,2.0,0.13408865491721933,0.010989010989007397,0.29792429792429687
199182746402600,2.1694104,step,0.1459945067521172,28.0,2.0,0.13408865491721933,0.010989010989007397,0.29792429792429687
199182747513300,2.1705211,step,0.1459945067521172,28.0,2.0,0.13408865491721933,0.010989010989007397,0.29792429792429687
199182748606800,2.1716146,step,0.1459945067521172,28.0,2.0,0.13408865491721933,0.010989010989007397,0.29792429792429687
199182749816200,2.172824,step,0.1459945067521172,28.0,2.0,0.13408865491721933,0.010989010989007397,0.29792429792429687
199182750437700,2.1734455,step,0.1459945067521172,28.0,2.0,0.13408865491721933,0.010989010989007397,0.29792429792429687
199182751457200,2.174465,step,0.1459945067521172,28.0,2.0,0.13408865491721933,0.010989010989007397,0.29792429792429687
199182752476500,2.1754843,step,0.1459945067521172,28.0,2.0,0.13408865491721933,0.010989010989007397,0.29792429792429687
199182753548500,2.1765563,step,0.1459945067521172,28.0,2.0,0.13408865491721933,0.010989010989007397,0.29792429792429687
199182754709200,2.177717,step,0.1459945067521172,28.0,2.0,0.13408865491721933,0.010989010989007397,0.29792429792429687
199182755297700,2.1783055,step,0.1459945067521172,28.0,2.0,0.13408865491721933,0.010989010989007397,0.29792429792429687
199182756299900,2.1793077,step,0.1459945067521172,28.0,2.0,0.13408865491721933,0.010989010989007397,0.29792429792429687
199182757426500,2.1804343,step,0.1459945067521172,28.0,2.0,0.13408865491721933,0.010989010989007397,0.29792429792429687
199182758541600,2.1815494,step,0.1459945067521172,28.0,2.0,0.13408865491721933,0.010989010989007397,0.29792429792429687
199182759579000,2.1825868,step,0.1459945067521172,28.0,2.0,0.13408865491721933,0.010989010989007397,0.29792429792429687
199182760693700,2.1837015,step,0.1459945067521172,28.0,2.0,0.13408865491721933,0.010989010989007397,0.29792429792429687
199182761858400,2.1848662,step,0.1459945067521172,28.0,2.0,0.13408865491721933,0.010989010989007397,0.29792429792429687
199182762438900,2.1854467,step,0.1459945067521172,28.0,2.0,0.13408865491721933,0.010989010989007397,0.29792429792429687
199182763460900,2.1864687,step,0.1459945067521172,28.0,2.0,0.13408865491721933,0.010989010989007397,0.29792429792429687
199182764521600,2.1875294,step,0.1459945067521172,28.0,2.0,0.13408865491721933,0.010989010989007397,0.29792429792429687
199182765578700,2.1885865,step,0.1459945067521172,28.0,2.0,0.13408865491721933,0.010989010989007397,0.29792429792429687
199182766712600,2.1897204,step,0.1459945067521172,28.0,2.0,0.13408865491721933,0.010989010989007397,0.29792429792429687
199182767360900,2.1903687,step,0.1459945067521172,28.0,2.0,0.13408865491721933,0.010989010989007397,0.29792429792429687
199182768382400,2.1913902,step,0.1459945067521172,28.0,2.0,0.13408865491721933,0.010989010989007397,0.29792429792429687
199182769474000,2.1924818,step,0.1459945067521172,28.0,2.0,0.13408865491721933,0.010989010989007397,0.29792429792429687
199182770559600,2.1935674,step,0.1459945067521172,28.0,2.0,0.13408865491721933,0.010989010989007397,0.29792429792429687
199182771735000,2.1947428,step,0.1459945067521172,28.0,2.0,0.13408865491721933,0.010989010989007397,0.29792429792429687
199182772392200,2.1954,step,0.1459945067521172,28.0,2.0,0.13408865491721933,0.010989010989007397,0.29792429792429687
199182773471000,2.1964788,step,0.1459945067521172,28.0,2.0,0.13408865491721933,0.010989010989007397,0.29792429792429687
199182774540300,2.1975481,step,0.1459945067521172,28.0,2.0,0.13408865491721933,0.010989010989007397,0.29792429792429687
199182775604000,2.1986118,step,0.1459945067521172,28.0,2.0,0.13408865491721933,0.010989010989007397,0.29792429792429687
199182776294200,2.199302,step,0.1459945067521172,28.0,2.0,0.13408865491721933,0.010989010989007397,0.29792429792429687
199182777202700,2.2002105,step,0.1459945067521172,28.0,2.0,0.13408865491721933,-0.010989010989007397,0.28815628815628713
199182778244500,2.2012523,step,0.1459945067521172,28.0,2.0,0.13408865491721933,-0.010989010989007397,0.28815628815628713
199182779324200,2.202332,step,0.1459945067521172,28.0,2.0,0.13408865491721933,-0.010989010989007397,0.28815628815628713
199182780428600,2.2034364,step,0.1459945067521172,28.0,2.0,0.13408865491721933,-0.010989010989007397,0.28815628815628713
199182781572300,2.2045801,step,0.1459945067521172,28.0,2.0,0.13408865491721933,-0.010989010989007397,0.28815628815628713
199182782715500,2.2057233,step,0.1459945067521172,28.0,2.0,0.13408865491721933,-0.010989010989007397,0.28815628815628713
199182783364200,2.206372,step,0.1459945067521172,28.0,2.0,0.13408865491721933,-0.010989010989007397,0.28815628815628713
199182784368100,2.2073759,step,0.1459945067521172,28.0,2.0,0.13408865491721933,-0.010989010989007397,0.28815628815628713
199182785419700,2.2084275,step,0.1459945067521172,28.0,2.0,0.13408865491721933,-0.010989010989007397,0.28815628815628713
199182786483200,2.209491,step,0.1459945067521172,28.0,2.0,0.13408865491721933,-0.010989010989007397,0.28815628815628713
199182787572800,2.2105806,step,0.1459945067521172,28.0,2.0,0.13408865491721933,-0.010989010989007397,0.28815628815628713
199182788698900,2.2117067,step,0.1459945067521172,28.0,2.0,0.13408865491721933,-0.010989010989007397,0.28815628815628713
199182789304900,2.2123127,step,0.1459945067521172,28.0,2.0,0.13408865491721933,-0.010989010989007397,0.28815628815628713
199182790306200,2.213314,step,0.1459945067521172,28.0,2.0,0.13408865491721933,-0.010989010989007397,0.28815628815628713
199182791489200,2.214497,step,0.1459945067521172,28.0,2.0,0.13408865491721933,-0.010989010989007397,0.28815628815628713
199182792567600,2.2155754,step,0.1459945067521172,28.0,2.0,0.13408865491721933,-0.010989010989007397,0.28815628815628713
199182793732700,2.2167405,step,0.1459945067521172,28.0,2.0,0.13408865491721933,-0.010989010989007397,0.28815628815628713
199182794315900,2.2173237,step,0.1459945067521172,28.0,2.0,0.13408865491721933,-0.010989010989007397,0.28815628815628713
199182795318200,2.218326,step,0.1459945067521172,28.0,2.0,0.13408865491721933,-0.010989010989007397,0.28815628815628713
199182796448400,2.2194562,step,0.1459945067521172,28.0,2.0,0.13408865491721933,-0.010989010989007397,0.28815628815628713
199182797542600,2.2205504,step,0.1459945067521172,28.0,2.0,0.13408865491721933,-0.010989010989007397,0.28815628815628713
199182798683600,2.2216914,step,0.1459945067521172,28.0,2.0,0.13408865491721933,-0.010989010989007397,0.28815628815628713
199182799305000,2.2223128,step,0.1459945067521172,28.0,2.0,0.13408865491721933,-0.010989010989007397,0.28815628815628713
199182800307800,2.2233156,step,0.1459945067521172,28.0,2.0,0.13408865491721933,-0.010989010989007397,0.28815628815628713
199182801435200,2.224443,step,0.1459945067521172,28.0,2.0,0.13408865491721933,-0.010989010989007397,0.28815628815628713
199182802563100,2.2255709,step,0.1459945067521172,28.0,2.0,0.13408865491721933,-0.010989010989007397,0.28815628815628713
199182803702400,2.2267102,step,0.1459945067521172,28.0,2.0,0.13408865491721933,-0.010989010989007397,0.28815628815628713
199182804297300,2.2273051,step,0.1459945067521172,28.0,2.0,0.13408865491721933,-0.010989010989007397,0.28815628815628713
199182805295600,2.2283034,step,0.1459945067521172,28.0,2.0,0.13408865491721933,-0.010989010989007397,0.28815628815628713
199182806426900,2.2294347,step,0.1459945067521172,28.0,2.0,0.13408865491721933,-0.010989010989007397,0.28815628815628713
199182807672100,2.2306799,step,0.1459945067521172,28.0,2.0,0.13408865491721933,-0.010989010989007397,0.28815628815628713
199182808763800,2.2317716,step,0.1459945067521172,28.0,2.0,0.13408865491721933,-0.010989010989007397,0.28815628815628713
199182809365900,2.2323737,step,0.1459945067521172,28.0,2.0,0.13408865491721933,-0.010989010989007397,0.28815628815628713
199182810369900,2.2333777,step,0.1459945067521172,28.0,2.0,0.13408865491721933,-0.010989010989007397,0.28815628815628713
199182811450300,2.2344581,step,0.1459945067521172,28.0,2.0,0.13408865491721933,-0.010989010989007397,0.28815628815628713
199182812594900,2.2356027,step,0.1459945067521172,28.0,2.0,0.13408865491721933,-0.010989010989007397,0.28815628815628713
199182813721900,2.2367297,step,0.1459945067521172,28.0,2.0,0.13408865491721933,-0.010989010989007397,0.28815628815628713
199182814313500,2.2373213,step,0.1459945067521172,28.0,2.0,0.13408865491721933,-0.010989010989007397,0.28815628815628713
199182815315300,2.2383231,step,0.1459945067521172,28.0,2.0,0.13408865491721933,-0.010989010989007397,0.28815628815628713
199182816500400,2.2395082,step,0.1459945067521172,28.0,2.0,0.13408865491721933,-0.010989010989007397,0.28815628815628713
199182817465900,2.2404737,step,0.1459945067521172,28.0,2.0,0.13408865491721933,-0.010989010989007397,0.28815628815628713
199182818542200,2.24155,step,0.1459945067521172,28.0,2.0,0.13408865491721933,-0.010989010989007397,0.28815628815628713
199182819611700,2.2426195,step,0.1459945067521172,28.0,2.0,0.13408865491721933,-0.010989010989007397,0.28815628815628713
199182820611200,2.243619,step,0.1459945067521172,28.0,2.0,0.13408865491721933,-0.010989010989007397,0.28815628815628713
199182821197600,2.2442054,step,0.1459945067521172,28.0,2.0,0.13408865491721933,-0.010989010989007397,0.28815628815628713
199182822289400,2.2452972,step,0.1459945067521172,28.0,2.0,0.13408865491721933,-0.010989010989007397,0.28815628815628713
199182823345900,2.2463537,step,0.1459945067521172,28.0,2.0,0.13408865491721933,-0.010989010989007397,0.28815628815628713
199182824431600,2.2474394,step,0.1459945067521172,28.0,2.0,0.13408865491721933,-0.010989010989007397,0.28815628815628713
199182825529000,2.2485368,step,0.1459945067521172,28.0,2.0,0.13408865491721933,-0.010989010989007397,0.28815628815628713
199182826653000,2.2496608,step,0.1459945067521172,28.0,2.0,0.13408865491721933,-0.010989010989007397,0.28815628815628713
199182827232100,2.2502399,step,0.1459945067521172,28.0,2.0,0.13408865491721933,-0.010989010989007397,0.28815628815628713
199182828255600,2.2512634,step,0.1459945067521172,28.0,2.0,0.13408865491721933,-0.010989010989007397,0.28815628815628713
199182829348200,2.252356,step,0.1459945067521172,28.0,2.0,0.13408865491721933,-0.010989010989007397,0.28815628815628713
199182830431400,2.2534392,step,0.1459945067521172,28.0,2.0,0.13408865491721933,-0.010989010989007397,0.28815628815628713
199182831561100,2.2545689,step,0.1459945067521172,28.0,2.0,0.13408865491721933,-0.010989010989007397,0.28815628815628713
199182832640600,2.2556484,step,0.1459945067521172,28.0,2.0,0.13408865491721933,-0.010989010989007397,0.28815628815628713
199182833247400,2.2562552,step,0.1459945067521172,28.0,2.0,0.13408865491721933,-0.010989010989007397,0.28815628815628713
199182834249700,2.2572575,step,0.1459945067521172,28.0,2.0,0.13408865491721933,-0.010989010989007397,0.28815628815628713
199182835297500,2.2583053,step,0.1459945067521172,28.0,2.0,0.13408865491721933,-0.010989010989007397,0.28815628815628713
199182836384800,2.2593926,step,0.1459945067521172,28.0,2.0,0.13408865491721933,-0.010989010989007397,0.28815628815628713
199182837596500,2.2606043,step,0.1459945067521172,28.0,2.0,0.13408865491721933,-0.010989010989007397,0.28815628815628713
199182838703800,2.2617116,step,0.1459945067521172,28.0,2.0,0.13408865491721933,-0.010989010989007397,0.28815628815628713
199182839303700,2.2623115,step,0.1459945067521172,28.0,2.0,0.13408865491721933,-0.010989010989007397,0.28815628815628713
199182840306500,2.2633143,step,0.1459945067521172,28.0,2.0,0.13408865491721933,-0.010989010989007397,0.28815628815628713
199182841425600,2.2644334,step,0.1459945067521172,28.0,2.0,0.13408865491721933,-0.010989010989007397,0.28815628815628713
199182842563600,2.2655714,step,0.1459945067521172,28.0,2.0,0.13408865491721933,-0.010989010989007397,0.28815628815628713
199182843653700,2.2666615,step,0.1459945067521172,28.0,2.0,0.13408865491721933,-0.010989010989007397,0.28815628815628713
199182844244300,2.2672521,step,0.1459945067521172,28.0,2.0,0.13408865491721933,-0.010989010989007397,0.28815628815628713
199182845250800,2.2682586,step,0.1459945067521172,28.0,2.0,0.13408865491721933,-0.010989010989007397,0.28815628815628713
199182846365000,2.2693728,step,0.1459945067521172,28.0,2.0,0.13408865491721933,-0.010989010989007397,0.28815628815628713
199182847492600,2.2705004,step,0.1459945067521172,28.0,2.0,0.13408865491721933,-0.010989010989007397,0.28815628815628713
199182848592100,2.2715999,step,0.1459945067521172,28.0,2.0,0.13408865491721933,-0.010989010989007397,0.28815628815628713
199182849572300,2.2725801,step,0.1459945067521172,28.0,2.0,0.13408865491721933,-0.010989010989007397,0.28815628815628713
199182850573200,2.273581,step,0.1459945067521172,28.0,2.0,0.13408865491721933,-0.010989010989007397,0.28815628815628713
199182851691400,2.2746992,step,0.1459945067521172,28.0,2.0,0.13408865491721933,-0.010989010989007397,0.28815628815628713
199182852386000,2.2753938,step,0.1459945067521172,28.0,2.0,0.13408865491721933,-0.010989010989007397,0.28815628815628713
199182853399600,2.2764074,step,0.1459945067521172,28.0,2.0,0.13408865491721933,-0.010989010989007397,0.28815628815628713
199182854402700,2.2774105,step,0.1459945067521172,28.0,2.0,0.13408865491721933,-0.010989010989007397,0.28815628815628713
199182855477100,2.2784849,step,0.1459945067521172,28.0,2.0,0.13408865491721933,-0.010989010989007397,0.28815628815628713
199182856611400,2.2796192,step,0.1459945067521172,28.0,2.0,0.13408865491721933,-0.010989010989007397,0.28815628815628713
199182857772600,2.2807804,step,0.1459945067521172,28.0,2.0,0.13408865491721933,-0.010989010989007397,0.28815628815628713
199182858408200,2.281416,step,0.1459945067521172,28.0,2.0,0.13408865491721933,-0.010989010989007397,0.28815628815628713
199182859414800,2.2824226,step,0.1459945067521172,28.0,2.0,0.13408865491721933,-0.010989010989007397,0.28815628815628713
199182860465900,2.2834737,step,0.1459945067521172,28.0,2.0,0.13408865491721933,-0.010989010989007397,0.28815628815628713
199182861572500,2.2845803,step,0.1459945067521172,28.0,2.0,0.13408865491721933,-0.010989010989007397,0.28815628815628713
199182862740200,2.285748,step,0.1459945067521172,28.0,2.0,0.13408865491721933,-0.010989010989007397,0.28815628815628713
199182863333400,2.2863412,step,0.1459945067521172,28.0,2.0,0.13408865491721933,-0.010989010989007397,0.28815628815628713
199182864337900,2.2873457,step,0.1459945067521172,28.0,2.0,0.13408865491721933,-0.010989010989007397,0.28815628815628713
199182865411800,2.2884196,step,0.1459945067521172,28.0,2.0,0.13408865491721933,-0.010989010989007397,0.28815628815628713
199182866522400,2.2895302,step,0.1459945067521172,28.0,2.0,0.13408865491721933,-0.010989010989007397,0.28815628815628713
199182867737400,2.2907452,step,0.1459945067521172,28.0,2.0,0.13408865491721933,-0.010989010989007397,0.28815628815628713
199182868340300,2.2913481,step,0.1459945067521172,28.0,2.0,0.13408865491721933,-0.010989010989007397,0.28815628815628713
199182869344800,2.2923526,step,0.1459945067521172,28.0,2.0,0.13408865491721933,-0.010989010989007397,0.28815628815628713
199182870451200,2.293459,step,0.1459945067521172,28.0,2.0,0.13408865491721933,-0.010989010989007397,0.28815628815628713
199182871556500,2.2945643,step,0.1459945067521172,28.0,2.0,0.13408865491721933,-0.010989010989007397,0.28815628815628713
199182872620500,2.2956283,step,0.1459945067521172,28.0,2.0,0.13408865491721933,-0.010989010989007397,0.28815628815628713
199182873193800,2.2962016,step,0.1459945067521172,28.0,2.0,0.13408865491721933,-0.010989010989007397,0.28815628815628713
199182874201900,2.2972097,step,0.1459945067521172,28.0,2.0,0.13408865491721933,-0.010989010989007397,0.28815628815628713
199182875290400,2.2982982,step,0.1459945067521172,28.0,2.0,0.13408865491721933,-0.010989010989007397,0.28815628815628713
199182876387300,2.2993951,step,0.1459945067521172,28.0,2.0,0.13408865491721933,-0.010989010989007397,0.28815628815628713
199182877471500,2.3004793,step,0.1459945067521172,28.0,2.0,0.13408865491721933,-0.010989010989007397,0.28815628815628713
199182878548000,2.3015558,step,0.1459945067521172,28.0,2.0,0.13408865491721933,-0.010989010989007397,0.28815628815628713
199182879665800,2.3026736,step,0.1459945067521172,28.0,2.0,0.13408865491721933,-0.010989010989007397,0.28815628815628713
199182880231300,2.3032391,step,0.1459945067521172,28.0,2.0,0.13408865491721933,-0.010989010989007397,0.28815628815628713
199182881233700,2.3042415,step,0.1459945067521172,28.0,2.0,0.13408865491721933,-0.010989010989007397,0.28815628815628713
199182882276300,2.3052841,step,0.1459945067521172,28.0,2.0,0.13408865491721933,-0.010989010989007397,0.28815628815628713
199182883471400,2.3064792,step,0.1459945067521172,28.0,2.0,0.13408865491721933,-0.010989010989007397,0.28815628815628713
199182884546900,2.3075547,step,0.1459945067521172,28.0,2.0,0.13408865491721933,-0.010989010989007397,0.3076923076923066
199182885622800,2.3086306,step,0.1459945067521172,28.0,2.0,0.13408865491721933,-0.010989010989007397,0.3076923076923066
199182886193500,2.3092013,step,0.1459945067521172,28.0,2.0,0.13408865491721933,-0.010989010989007397,0.3076923076923066
199182887195600,2.3102034,step,0.1459945067521172,28.0,2.0,0.13408865491721933,-0.010989010989007397,0.3076923076923066
199182888266800,2.3112746,step,0.1459945067521172,28.0,2.0,0.13408865491721933,-0.010989010989007397,0.3076923076923066
199182889324400,2.3123322,step,0.1459945067521172,28.0,2.0,0.13408865491721933,-0.010989010989007397,0.3076923076923066
199182890413000,2.3134208,step,0.1459945067521172,28.0,2.0,0.13408865491721933,-0.010989010989007397,0.3076923076923066
199182891463700,2.3144715,step,0.1459945067521172,28.0,2.0,0.13408865491721933,-0.010989010989007397,0.3076923076923066
199182892582300,2.3155901,step,0.1459945067521172,28.0,2.0,0.13408865491721933,-0.010989010989007397,0.3076923076923066
199182893679200,2.316687,step,0.1459945067521172,28.0,2.0,0.13408865491721933,-0.010989010989007397,0.3076923076923066
199182894293500,2.3173013,step,0.1459945067521172,28.0,2.0,0.13408865491721933,-0.010989010989007397,0.3076923076923066
199182895305200,2.318313,step,0.1459945067521172,28.0,2.0,0.13408865491721933,-0.010989010989007397,0.3076923076923066
199182896307300,2.3193151,step,0.1459945067521172,28.0,2.0,0.13408865491721933,-0.010989010989007397,0.3076923076923066
199182897343000,2.3203508,step,0.1459945067521172,28.0,2.0,0.13408865491721933,-0.010989010989007397,0.3076923076923066
199182898432500,2.3214403,step,0.1459945067521172,28.0,2.0,0.13408865491721933,-0.010989010989007397,0.3076923076923066
199182899564600,2.3225724,step,0.1459945067521172,28.0,2.0,0.13408865491721933,-0.010989010989007397,0.3076923076923066
199182900725900,2.3237337,step,0.1459945067521172,28.0,2.0,0.13408865491721933,-0.010989010989007397,0.3076923076923066
199182901334600,2.3243424,step,0.1459945067521172,28.0,2.0,0.13408865491721933,-0.010989010989007397,0.3076923076923066
199182902335400,2.3253432,step,0.1459945067521172,28.0,2.0,0.13408865491721933,-0.010989010989007397,0.3076923076923066
199182903442500,2.3264503,step,0.1459945067521172,28.0,2.0,0.13408865491721933,-0.010989010989007397,0.3076923076923066
199182904553100,2.3275609,step,0.1459945067521172,28.0,2.0,0.13408865491721933,-0.010989010989007397,0.3076923076923066
199182905681600,2.3286894,step,0.1459945067521172,28.0,2.0,0.13408865491721933,-0.010989010989007397,0.3076923076923066
199182906270500,2.3292783,step,0.1459945067521172,28.0,2.0,0.13408865491721933,-0.010989010989007397,0.3076923076923066
199182907273600,2.3302814,step,0.1459945067521172,28.0,2.0,0.13408865491721933,-0.010989010989007397,0.3076923076923066
199182908396700,2.3314045,step,0.1459945067521172,28.0,2.0,0.13408865491721933,-0.010989010989007397,0.3076923076923066
199182909432200,2.33244,step,0.1459945067521172,28.0,2.0,0.13408865491721933,-0.010989010989007397,0.3076923076923066
199182910488800,2.3334966,step,0.1459945067521172,28.0,2.0,0.13408865491721933,-0.010989010989007397,0.3076923076923066
199182911549700,2.3345575,step,0.1459945067521172,28.0,2.0,0.13408865491721933,-0.010989010989007397,0.3076923076923066
199182912654500,2.3356623,step,0.1459945067521172,28.0,2.0,0.13408865491721933,-0.010989010989007397,0.3076923076923066
199182913293900,2.3363017,step,0.1459945067521172,28.0,2.0,0.13408865491721933,-0.010989010989007397,0.3076923076923066
199182914314200,2.337322,step,0.1459945067521172,28.0,2.0,0.13408865491721933,-0.010989010989007397,0.3076923076923066
199182915503200,2.338511,step,0.1459945067521172,28.0,2.0,0.13408865491721933,-0.010989010989007397,0.3076923076923066
199182916567300,2.3395751,step,0.1459945067521172,28.0,2.0,0.13408865491721933,-0.010989010989007397,0.3076923076923066
199182917622500,2.3406303,step,0.1459945067521172,28.0,2.0,0.13408865491721933,-0.010989010989007397,0.3076923076923066
199182918196500,2.3412043,step,0.1459945067521172,28.0,2.0,0.13408865491721933,-0.010989010989007397,0.3076923076923066
199182919257900,2.3422657,step,0.1459945067521172,28.0,2.0,0.13408865491721933,-0.010989010989007397,0.3076923076923066
199182920375100,2.3433829,step,0.1459945067521172,28.0,2.0,0.13408865491721933,-0.010989010989007397,0.3076923076923066
199182921401100,2.3444089,step,0.1459945067521172,28.0,2.0,0.13408865491721933,-0.010989010989007397,0.3076923076923066
199182922519800,2.3455276,step,0.1459945067521172,28.0,2.0,0.13408865491721933,-0.010989010989007397,0.3076923076923066
199182923688300,2.3466961,step,0.1459945067521172,28.0,2.0,0.13408865491721933,-0.010989010989007397,0.3076923076923066
199182924284100,2.3472919,step,0.1459945067521172,28.0,2.0,0.13408865491721933,-0.010989010989007397,0.3076923076923066
199182925287400,2.3482952,step,0.1459945067521172,28.0,2.0,0.13408865491721933,-0.010989010989007397,0.3076923076923066
199182926427000,2.3494348,step,0.1459945067521172,28.0,2.0,0.13408865491721933,-0.010989010989007397,0.3076923076923066
199182927451700,2.3504595,step,0.1459945067521172,28.0,2.0,0.13408865491721933,-0.010989010989007397,0.3076923076923066
199182928548500,2.3515563,step,0.1459945067521172,28.0,2.0,0.13408865491721933,-0.010989010989007397,0.3076923076923066
199182929645600,2.3526534,step,0.1459945067521172,28.0,2.0,0.13408865491721933,-0.010989010989007397,0.3076923076923066
199182930866000,2.3538738,step,0.1459945067521172,28.0,2.0,0.13408865491721933,-0.010989010989007397,0.3076923076923066
199182931515800,2.3545236,step,0.1459945067521172,28.0,2.0,0.13408865491721933,-0.010989010989007397,0.3076923076923066
199182932517500,2.3555253,step,0.1459945067521172,28.0,2.0,0.13408865491721933,-0.010989010989007397,0.3076923076923066
199182933629500,2.3566373,step,0.1459945067521172,28.0,2.0,0.13408865491721933,-0.010989010989007397,0.3076923076923066
199182934233000,2.3572408,step,0.1459945067521172,28.0,2.0,0.13408865491721933,-0.010989010989007397,0.3076923076923066
199182935218200,2.358226,step,0.1459945067521172,28.0,2.0,0.13408865491721933,-0.010989010989007397,0.3076923076923066
199182936247700,2.3592555,step,0.1459945067521172,28.0,2.0,0.13408865491721933,-0.010989010989007397,0.3076923076923066
199182937373000,2.3603808,step,0.1459945067521172,28.0,2.0,0.13408865491721933,-0.010989010989007397,0.3076923076923066
199182938482200,2.36149,step,0.1459945067521172,28.0,2.0,0.13408865491721933,-0.010989010989007397,0.3076923076923066
199182939546200,2.362554,step,0.1459945067521172,28.0,2.0,0.13408865491721933,-0.010989010989007397,0.3076923076923066
199182940662300,2.3636701,step,0.1459945067521172,28.0,2.0,0.13408865491721933,-0.010989010989007397,0.3076923076923066
199182941926000,2.3649338,step,0.1459945067521172,28.0,2.0,0.13408865491721933,-0.010989010989007397,0.3076923076923066
199182942581900,2.3655897,step,0.1459945067521172,28.0,2.0,0.13408865491721933,-0.010989010989007397,0.3076923076923066
199182943582100,2.3665899,step,0.1459945067521172,28.0,2.0,0.13408865491721933,-0.010989010989007397,0.3076923076923066
199182944760900,2.3677687,step,0.1459945067521172,28.0,2.0,0.13408865491721933,-0.010989010989007397,0.3076923076923066
199182945387500,2.3683953,step,0.1459945067521172,28.0,2.0,0.13408865491721933,-0.010989010989007397,0.3076923076923066
199182946469700,2.3694775,step,0.1459945067521172,28.0,2.0,0.13408865491721933,-0.010989010989007397,0.3076923076923066
199182947531500,2.3705393,step,0.1459945067521172,28.0,2.0,0.13408865491721933,-0.010989010989007397,0.3076923076923066
199182948575400,2.3715832,step,0.1459945067521172,28.0,2.0,0.13408865491721933,-0.010989010989007397,0.3076923076923066
199182949691700,2.3726995,step,0.1459945067521172,28.0,2.0,0.13408865491721933,-0.010989010989007397,0.3076923076923066
199182950363700,2.3733715,step,0.1459945067521172,28.0,2.0,0.13408865491721933,-0.010989010989007397,0.3076923076923066
199182951385600,2.3743934,step,0.1459945067521172,28.0,2.0,0.13408865491721933,-0.010989010989007397,0.3076923076923066
199182952481200,2.375489,step,0.1459945067521172,28.0,2.0,0.13408865491721933,-0.010989010989007397,0.3076923076923066
199182953621900,2.3766297,step,0.1459945067521172,28.0,2.0,0.13408865491721933,-0.010989010989007397,0.3076923076923066
199182954728100,2.3777359,step,0.1459945067521172,28.0,2.0,0.13408865491721933,-0.010989010989007397,0.3076923076923066
199182955360200,2.378368,step,0.1459945067521172,28.0,2.0,0.13408865491721933,-0.010989010989007397,0.3076923076923066
199182956363400,2.3793712,step,0.1459945067521172,28.0,2.0,0.13408865491721933,-0.010989010989007397,0.3076923076923066
199182957440600,2.3804484,step,0.1459945067521172,28.0,2.0,0.13408865491721933,-0.010989010989007397,0.3076923076923066
199182958529300,2.3815371,step,0.1459945067521172,28.0,2.0,0.13408865491721933,-0.010989010989007397,0.3076923076923066
199182959571700,2.3825795,step,0.1459945067521172,28.0,2.0,0.13408865491721933,-0.010989010989007397,0.3076923076923066
199182960582600,2.3835904,step,0.1459945067521172,28.0,2.0,0.13408865491721933,-0.010989010989007397,0.3076923076923066
199182961832300,2.3848401,step,0.1459945067521172,28.0,2.0,0.13408865491721933,-0.010989010989007397,0.3076923076923066
199182962467700,2.3854755,step,0.1459945067521172,28.0,2.0,0.13408865491721933,-0.010989010989007397,0.3076923076923066
199182963585700,2.3865935,step,0.1459945067521172,28.0,2.0,0.13408865491721933,-0.010989010989007397,0.3076923076923066
199182964593600,2.3876014,step,0.1459945067521172,28.0,2.0,0.13408865491721933,-0.010989010989007397,0.3076923076923066
199182965739800,2.3887476,step,0.1459945067521172,28.0,2.0,0.13408865491721933,-0.010989010989007397,0.3076923076923066
199182966359400,2.3893672,step,0.1459945067521172,28.0,2.0,0.13408865491721933,-0.010989010989007397,0.3076923076923066
199182967360100,2.3903679,step,0.1459945067521172,28.0,2.0,0.13408865491721933,-0.010989010989007397,0.3076923076923066
199182968442800,2.3914506,step,0.1459945067521172,28.0,2.0,0.13408865491721933,-0.010989010989007397,0.3076923076923066
199182969530100,2.3925379,step,0.1459945067521172,28.0,2.0,0.13408865491721933,-0.010989010989007397,0.3076923076923066
199182970690800,2.3936986,step,0.1459945067521172,28.0,2.0,0.13408865491721933,-0.010989010989007397,0.3076923076923066
199182971296800,2.3943046,step,0.1459945067521172,28.0,2.0,0.13408865491721933,-0.010989010989007397,0.3076923076923066
199182972301100,2.3953089,step,0.1459945067521172,28.0,2.0,0.13408865491721933,-0.010989010989007397,0.3076923076923066
199182973389100,2.3963969,step,0.1459945067521172,28.0,2.0,0.13408865491721933,-0.010989010989007397,0.3076923076923066
199182974433800,2.3974416,step,0.1459945067521172,28.0,2.0,0.13408865491721933,-0.010989010989007397,0.3076923076923066
199182975472600,2.3984804,step,0.1459945067521172,28.0,2.0,0.13408865491721933,-0.010989010989007397,0.3076923076923066
199182976562600,2.3995704,step,0.1459945067521172,28.0,2.0,0.13408865491721933,-0.010989010989007397,0.3076923076923066
199182977744200,2.400752,step,0.1459945067521172,28.0,2.0,0.13408865491721933,-0.010989010989007397,0.3076923076923066
199182978372000,2.4013798,step,0.1459945067521172,28.0,2.0,0.13408865491721933,-0.010989010989007397,0.3076923076923066
199182979375500,2.4023833,step,0.1459945067521172,28.0,2.0,0.13408865491721933,-0.010989010989007397,0.3076923076923066
199182980457600,2.4034654,step,0.1459945067521172,28.0,2.0,0.13408865491721933,-0.010989010989007397,0.3076923076923066
199182981527000,2.4045348,step,0.1459945067521172,28.0,2.0,0.13408865491721933,-0.010989010989007397,0.3076923076923066
199182982622600,2.4056304,step,0.1459945067521172,28.0,2.0,0.13408865491721933,-0.010989010989007397,0.3076923076923066
199182983213200,2.406221,step,0.1459945067521172,28.0,2.0,0.13408865491721933,-0.010989010989007397,0.3076923076923066
199182984216900,2.4072247,step,0.1459945067521172,28.0,2.0,0.13408865491721933,-0.010989010989007397,0.3076923076923066
199182985311000,2.4083188,step,0.1459945067521172,28.0,2.0,0.13408865491721933,-0.010989010989007397,0.3076923076923066
199182986447400,2.4094552,step,0.1459945067521172,28.0,2.0,0.13408865491721933,-0.010989010989007397,0.3076923076923066
199182987590300,2.4105981,step,0.1459945067521172,28.0,2.0,0.13408865491721933,-0.010989010989007397,0.3076923076923066
199182988739900,2.4117477,step,0.1459945067521172,28.0,2.0,0.13408865491721933,-0.010989010989007397,0.3076923076923066
199182989349800,2.4123576,step,0.1459945067521172,28.0,2.0,0.13408865491721933,-0.010989010989007397,0.3076923076923066
199182990354700,2.4133625,step,0.1459945067521172,28.0,2.0,0.13408865491721933,-0.010989010989007397,0.3076923076923066
199182991444200,2.414452,step,0.1459945067521172,28.0,2.0,0.13408865491721933,-0.010989010989007397,0.3076923076923066
199182992556400,2.4155642,step,0.1459945067521172,28.0,2.0,0.13408865491721933,-0.010989010989007397,0.3076923076923066
199182993685800,2.4166936,step,0.1459945067521172,28.0,2.0,0.13408865491721933,-0.010989010989007397,0.3076923076923066
199182994811900,2.4178197,step,0.1459945067521172,28.0,2.0,0.13370717936980192,-0.010989010989007397,0.29792429792429687
199182995422800,2.4184306,step,0.1459945067521172,28.0,2.0,0.13370717936980192,-0.010989010989007397,0.29792429792429687
199182996429200,2.419437,step,0.1459945067521172,28.0,2.0,0.13370717936980192,-0.010989010989007397,0.29792429792429687
199182997510900,2.4205187,step,0.1459945067521172,28.0,2.0,0.13370717936980192,-0.010989010989007397,0.29792429792429687
199182998606000,2.4216138,step,0.1459945067521172,28.0,2.0,0.13370717936980192,-0.010989010989007397,0.29792429792429687
199182999734800,2.4227426,step,0.1459945067521172,28.0,2.0,0.13370717936980192,-0.010989010989007397,0.29792429792429687
199183000329200,2.423337,step,0.1459945067521172,28.0,2.0,0.13370717936980192,-0.010989010989007397,0.29792429792429687
199183001332200,2.42434,step,0.1459945067521172,28.0,2.0,0.13370717936980192,-0.010989010989007397,0.29792429792429687
199183002413000,2.4254208,step,0.1459945067521172,28.0,2.0,0.13370717936980192,-0.010989010989007397,0.29792429792429687
199183003505900,2.4265137,step,0.1459945067521172,28.0,2.0,0.13370717936980192,-0.010989010989007397,0.29792429792429687
199183004564700,2.4275725,step,0.1459945067521172,28.0,2.0,0.13370717936980192,-0.010989010989007397,0.29792429792429687
199183005652200,2.42866,step,0.1459945067521172,28.0,2.0,0.13370717936980192,-0.010989010989007397,0.29792429792429687
199183006133400,2.4291412,step,0.1459945067521172,28.0,2.0,0.13370717936980192,-0.010989010989007397,0.29792429792429687
199183007135600,2.4301434,step,0.1459945067521172,28.0,2.0,0.13370717936980192,-0.010989010989007397,0.29792429792429687
199183008242900,2.4312507,step,0.1459945067521172,28.0,2.0,0.13370717936980192,-0.010989010989007397,0.29792429792429687
199183009424700,2.4324325,step,0.1459945067521172,28.0,2.0,0.13370717936980192,-0.010989010989007397,0.29792429792429687
199183010522400,2.4335302,step,0.1459945067521172,28.0,2.0,0.13370717936980192,-0.010989010989007397,0.29792429792429687
199183011515400,2.4345232,step,0.1459945067521172,28.0,2.0,0.13370717936980192,-0.010989010989007397,0.29792429792429687
199183012594300,2.4356021,step,0.1459945067521172,28.0,2.0,0.13370717936980192,-0.010989010989007397,0.29792429792429687
199183013626000,2.4366338,step,0.1459945067521172,28.0,2.0,0.13370717936980192,-0.010989010989007397,0.29792429792429687
199183014220500,2.4372283,step,0.1459945067521172,28.0,2.0,0.13370717936980192,-0.010989010989007397,0.29792429792429687
199183015246000,2.4382538,step,0.1459945067521172,28.0,2.0,0.13370717936980192,-0.010989010989007397,0.29792429792429687
199183016518300,2.4395261,step,0.1459945067521172,28.0,2.0,0.13370717936980192,-0.010989010989007397,0.29792429792429687
199183017471200,2.440479,step,0.1459945067521172,28.0,2.0,0.13370717936980192,-0.010989010989007397,0.29792429792429687
199183018538400,2.4415462,step,0.1459945067521172,28.0,2.0,0.13370717936980192,-0.010989010989007397,0.29792429792429687
199183019591900,2.4425997,step,0.1459945067521172,28.0,2.0,0.13370717936980192,-0.010989010989007397,0.29792429792429687
199183020646500,2.4436543,step,0.1459945067521172,28.0,2.0,0.13370717936980192,-0.010989010989007397,0.29792429792429687
199183021836200,2.444844,step,0.1459945067521172,28.0,2.0,0.13370717936980192,-0.010989010989007397,0.29792429792429687
199183022456400,2.4454642,step,0.1459945067521172,28.0,2.0,0.13370717936980192,-0.010989010989007397,0.29792429792429687
199183023458500,2.4464663,step,0.1459945067521172,28.0,2.0,0.13370717936980192,-0.010989010989007397,0.29792429792429687
199183024614300,2.4476221,step,0.1459945067521172,28.0,2.0,0.13370717936980192,-0.010989010989007397,0.29792429792429687
199183025785400,2.4487932,step,0.1459945067521172,28.0,2.0,0.13370717936980192,-0.010989010989007397,0.29792429792429687
199183026448200,2.449456,step,0.1459945067521172,28.0,2.0,0.13370717936980192,-0.010989010989007397,0.29792429792429687
199183027472800,2.4504806,step,0.1459945067521172,28.0,2.0,0.13370717936980192,-0.010989010989007397,0.29792429792429687
199183028592700,2.4516005,step,0.1459945067521172,28.0,2.0,0.13370717936980192,-0.010989010989007397,0.29792429792429687
199183029836700,2.4528445,step,0.1459945067521172,28.0,2.0,0.13370717936980192,-0.010989010989007397,0.29792429792429687
199183030484900,2.4534927,step,0.1459945067521172,28.0,2.0,0.13370717936980192,-0.010989010989007397,0.29792429792429687
199183031487800,2.4544956,step,0.1459945067521172,28.0,2.0,0.13370717936980192,-0.010989010989007397,0.29792429792429687
199183032576600,2.4555844,step,0.1459945067521172,28.0,2.0,0.13370717936980192,-0.010989010989007397,0.29792429792429687
199183033724100,2.4567319,step,0.1459945067521172,28.0,2.0,0.13370717936980192,-0.010989010989007397,0.29792429792429687
199183034315700,2.4573235,step,0.1459945067521172,28.0,2.0,0.13370717936980192,-0.010989010989007397,0.29792429792429687
199183035337200,2.458345,step,0.1459945067521172,28.0,2.0,0.13370717936980192,-0.010989010989007397,0.29792429792429687
199183036443800,2.4594516,step,0.1459945067521172,28.0,2.0,0.13370717936980192,-0.010989010989007397,0.29792429792429687
199183037561800,2.4605696,step,0.1459945067521172,28.0,2.0,0.13370717936980192,-0.010989010989007397,0.29792429792429687
199183038679500,2.4616873,step,0.1459945067521172,28.0,2.0,0.13370717936980192,-0.010989010989007397,0.29792429792429687
199183039279500,2.4622873,step,0.1459945067521172,28.0,2.0,0.13370717936980192,-0.010989010989007397,0.29792429792429687
199183040350700,2.4633585,step,0.1459945067521172,28.0,2.0,0.13370717936980192,-0.010989010989007397,0.29792429792429687
199183041474600,2.4644824,step,0.1459945067521172,28.0,2.0,0.13370717936980192,-0.010989010989007397,0.29792429792429687
199183042585500,2.4655933,step,0.1459945067521172,28.0,2.0,0.13370717936980192,-0.010989010989007397,0.29792429792429687
199183043747800,2.4667556,step,0.1459945067521172,28.0,2.0,0.13370717936980192,-0.010989010989007397,0.29792429792429687
199183044401500,2.4674093,step,0.1459945067521172,28.0,2.0,0.13370717936980192,-0.010989010989007397,0.29792429792429687
199183045423400,2.4684312,step,0.1459945067521172,28.0,2.0,0.13370717936980192,-0.010989010989007397,0.29792429792429687
199183046503900,2.4695117,step,0.1459945067521172,28.0,2.0,0.13370717936980192,-0.010989010989007397,0.29792429792429687
199183047615300,2.4706231,step,0.1459945067521172,28.0,2.0,0.13370717936980192,-0.010989010989007397,0.29792429792429687
199183048759500,2.4717673,step,0.1459945067521172,28.0,2.0,0.13370717936980192,-0.010989010989007397,0.29792429792429687
199183049372200,2.47238,step,0.1459945067521172,28.0,2.0,0.13370717936980192,-0.010989010989007397,0.29792429792429687
199183050392800,2.4734006,step,0.1459945067521172,28.0,2.0,0.13370717936980192,-0.010989010989007397,0.29792429792429687
199183051485900,2.4744937,step,0.1459945067521172,28.0,2.0,0.13370717936980192,-0.010989010989007397,0.29792429792429687
199183052597200,2.475605,step,0.1459945067521172,28.0,2.0,0.13370717936980192,-0.010989010989007397,0.29792429792429687
199183053732800,2.4767406,step,0.1459945067521172,28.0,2.0,0.13370717936980192,-0.010989010989007397,0.29792429792429687
199183054374300,2.4773821,step,0.1459945067521172,28.0,2.0,0.13370717936980192,-0.010989010989007397,0.29792429792429687
199183055376300,2.4783841,step,0.1459945067521172,28.0,2.0,0.13370717936980192,-0.010989010989007397,0.29792429792429687
199183056477700,2.4794855,step,0.1459945067521172,28.0,2.0,0.13370717936980192,-0.010989010989007397,0.29792429792429687
199183057542700,2.4805505,step,0.1459945067521172,28.0,2.0,0.13370717936980192,-0.010989010989007397,0.29792429792429687
199183058665400,2.4816732,step,0.1459945067521172,28.0,2.0,0.13370717936980192,-0.010989010989007397,0.29792429792429687
199183059285400,2.4822932,step,0.1459945067521172,28.0,2.0,0.13370717936980192,-0.010989010989007397,0.29792429792429687
199183060289500,2.4832973,step,0.1459945067521172,28.0,2.0,0.13370717936980192,-0.010989010989007397,0.29792429792429687
199183061339100,2.4843469,step,0.1459945067521172,28.0,2.0,0.13370717936980192,-0.010989010989007397,0.29792429792429687
199183062469400,2.4854772,step,0.1459945067521172,28.0,2.0,0.13370717936980192,-0.010989010989007397,0.29792429792429687
199183063597000,2.4866048,step,0.1459945067521172,28.0,2.0,0.13370717936980192,-0.010989010989007397,0.29792429792429687
199183064627000,2.4876348,step,0.1459945067521172,28.0,2.0,0.13370717936980192,-0.010989010989007397,0.29792429792429687
199183065191300,2.4881991,step,0.1459945067521172,28.0,2.0,0.13370717936980192,-0.010989010989007397,0.29792429792429687
199183066194300,2.4892021,step,0.1459945067521172,28.0,2.0,0.13370717936980192,-0.010989010989007397,0.29792429792429687
199183067325300,2.4903331,step,0.1459945067521172,28.0,2.0,0.13370717936980192,-0.010989010989007397,0.29792429792429687
199183068318000,2.4913258,step,0.1459945067521172,28.0,2.0,0.13370717936980192,-0.010989010989007397,0.29792429792429687
199183069330400,2.4923382,step,0.1459945067521172,28.0,2.0,0.13370717936980192,-0.010989010989007397,0.29792429792429687
199183070416200,2.493424,step,0.1459945067521172,28.0,2.0,0.13370717936980192,-0.010989010989007397,0.29792429792429687
199183071556700,2.4945645,step,0.1459945067521172,28.0,2.0,0.13370717936980192,-0.010989010989007397,0.29792429792429687
199183072743700,2.4957515,step,0.1459945067521172,28.0,2.0,0.13370717936980192,-0.010989010989007397,0.29792429792429687
199183073350100,2.4963579,step,0.1459945067521172,28.0,2.0,0.13370717936980192,-0.010989010989007397,0.29792429792429687
199183074372500,2.4973803,step,0.1459945067521172,28.0,2.0,0.13370717936980192,-0.010989010989007397,0.29792429792429687
199183075464200,2.498472,step,0.1459945067521172,28.0,2.0,0.13370717936980192,-0.010989010989007397,0.29792429792429687
199183076542400,2.4995502,step,0.1459945067521172,28.0,2.0,0.13370717936980192,-0.010989010989007397,0.29792429792429687
199183077625800,2.5006336,step,0.1459945067521172,28.0,2.0,0.13370717936980192,-0.010989010989007397,0.29792429792429687
199183078608500,2.5016163,step,0.1459945067521172,28.0,2.0,0.13370717936980192,-0.010989010989007397,0.29792429792429687
199183079194000,2.5022018,step,0.1459945067521172,28.0,2.0,0.13370717936980192,-0.010989010989007397,0.29792429792429687
199183080198300,2.5032061,step,0.1459945067521172,28.0,2.0,0.13370717936980192,-0.010989010989007397,0.29792429792429687
199183081276400,2.5042842,step,0.1459945067521172,28.0,2.0,0.13370717936980192,-0.010989010989007397,0.29792429792429687
199183082365400,2.5053732,step,0.1459945067521172,28.0,2.0,0.13370717936980192,-0.010989010989007397,0.29792429792429687
199183083474800,2.5064826,step,0.1459945067521172,28.0,2.0,0.13370717936980192,-0.010989010989007397,0.29792429792429687
199183084549900,2.5075577,step,0.1459945067521172,28.0,2.0,0.13370717936980192,-0.010989010989007397,0.29792429792429687
199183085691700,2.5086995,step,0.1459945067521172,28.0,2.0,0.13370717936980192,-0.010989010989007397,0.29792429792429687
199183086303400,2.5093112,step,0.1459945067521172,28.0,2.0,0.13370717936980192,-0.010989010989007397,0.29792429792429687
199183087306000,2.5103138,step,0.1459945067521172,28.0,2.0,0.13370717936980192,-0.010989010989007397,0.29792429792429687
199183088466900,2.5114747,step,0.1459945067521172,28.0,2.0,0.13370717936980192,-0.010989010989007397,0.29792429792429687
199183089539500,2.5125473,step,0.1459945067521172,28.0,2.0,0.13370717936980192,-0.010989010989007397,0.29792429792429687
199183090553200,2.513561,step,0.1459945067521172,28.0,2.0,0.13370717936980192,-0.010989010989007397,0.29792429792429687
199183091566700,2.5145745,step,0.1459945067521172,28.0,2.0,0.13370717936980192,-0.010989010989007397,0.29792429792429687
199183092692900,2.5157007,step,0.1459945067521172,28.0,2.0,0.13370717936980192,-0.010989010989007397,0.29792429792429687
199183093299400,2.5163072,step,0.1459945067521172,28.0,2.0,0.13370717936980192,-0.010989010989007397,0.29792429792429687
199183094300200,2.517308,step,0.1459945067521172,28.0,2.0,0.13370717936980192,-0.010989010989007397,0.29792429792429687
199183095313300,2.5183211,step,0.1459945067521172,28.0,2.0,0.13370717936980192,-0.010989010989007397,0.29792429792429687
199183096404100,2.5194119,step,0.1459945067521172,28.0,2.0,0.13370717936980192,-0.010989010989007397,0.29792429792429687
199183097424200,2.520432,step,0.1459945067521172,28.0,2.0,0.13370717936980192,-0.010989010989007397,0.29792429792429687
199183098442000,2.5214498,step,0.1459945067521172,28.0,2.0,0.13370717936980192,-0.010989010989007397,0.29792429792429687
199183099533200,2.522541,step,0.1459945067521172,28.0,2.0,0.13370717936980192,-0.010989010989007397,0.29792429792429687
199183100545900,2.5235537,step,0.1459945067521172,28.0,2.0,0.13370717936980192,-0.010989010989007397,0.29792429792429687
199183101647500,2.5246553,step,0.1459945067521172,28.0,2.0,0.13370717936980192,-0.010989010989007397,0.29792429792429687
199183102250600,2.5252584,step,0.1459945067521172,28.0,2.0,0.13370717936980192,-0.010989010989007397,0.29792429792429687
199183103249500,2.5262573,step,0.1459945067521172,28.0,2.0,0.13370717936980192,-0.010989010989007397,0.29792429792429687
199183104401500,2.5274093,step,0.1459945067521172,28.0,2.0,0.13370717936980192,-0.010989010989007397,0.29792429792429687
199183105456600,2.5284644,step,0.1459945067521172,28.0,2.0,0.13408865491721933,0.010989010989007397,0.29792429792429687
199183106468100,2.5294759,step,0.1459945067521172,28.0,2.0,0.13408865491721933,0.010989010989007397,0.29792429792429687
199183107479700,2.5304875,step,0.1459945067521172,28.0,2.0,0.13408865491721933,0.010989010989007397,0.29792429792429687
199183108526000,2.5315338,step,0.1459945067521172,28.0,2.0,0.13408865491721933,0.010989010989007397,0.29792429792429687
199183109539400,2.5325472,step,0.1459945067521172,28.0,2.0,0.13408865491721933,0.010989010989007397,0.29792429792429687
199183110617600,2.5336254,step,0.1459945067521172,28.0,2.0,0.13408865491721933,0.010989010989007397,0.29792429792429687
199183111207700,2.5342155,step,0.1459945067521172,28.0,2.0,0.13408865491721933,0.010989010989007397,0.29792429792429687
199183112213300,2.5352211,step,0.1459945067521172,28.0,2.0,0.13408865491721933,0.010989010989007397,0.29792429792429687
199183113227100,2.5362349,step,0.1459945067521172,28.0,2.0,0.13408865491721933,0.010989010989007397,0.29792429792429687
199183114278000,2.5372858,step,0.1459945067521172,28.0,2.0,0.13408865491721933,0.010989010989007397,0.29792429792429687
199183115349400,2.5383572,step,0.1459945067521172,28.0,2.0,0.13408865491721933,0.010989010989007397,0.29792429792429687
199183116474000,2.5394818,step,0.1459945067521172,28.0,2.0,0.13408865491721933,0.010989010989007397,0.29792429792429687
199183117516600,2.5405244,step,0.1459945067521172,28.0,2.0,0.13408865491721933,0.010989010989007397,0.29792429792429687
199183118598600,2.5416064,step,0.1459945067521172,28.0,2.0,0.13408865491721933,0.010989010989007397,0.29792429792429687
199183119812500,2.5428203,step,0.1459945067521172,28.0,2.0,0.13408865491721933,0.010989010989007397,0.29792429792429687
199183120423000,2.5434308,step,0.1459945067521172,28.0,2.0,0.13408865491721933,0.010989010989007397,0.29792429792429687
199183121426600,2.5444344,step,0.1459945067521172,28.0,2.0,0.13408865491721933,0.010989010989007397,0.29792429792429687
199183122437600,2.5454454,step,0.1459945067521172,28.0,2.0,0.13408865491721933,0.010989010989007397,0.29792429792429687
199183123461600,2.5464694,step,0.1459945067521172,28.0,2.0,0.13408865491721933,0.010989010989007397,0.29792429792429687
199183124525000,2.5475328,step,0.1459945067521172,28.0,2.0,0.13408865491721933,0.010989010989007397,0.29792429792429687
199183125534400,2.5485422,step,0.1459945067521172,28.0,2.0,0.13408865491721933,0.010989010989007397,0.29792429792429687
199183126548000,2.5495558,step,0.1459945067521172,28.0,2.0,0.13408865491721933,0.010989010989007397,0.29792429792429687
199183127668200,2.550676,step,0.1459945067521172,28.0,2.0,0.13408865491721933,0.010989010989007397,0.29792429792429687
199183128238200,2.551246,step,0.1459945067521172,28.0,2.0,0.13408865491721933,0.010989010989007397,0.29792429792429687
199183129242200,2.55225,step,0.1459945067521172,28.0,2.0,0.13408865491721933,0.010989010989007397,0.29792429792429687
199183130257300,2.5532651,step,0.1459945067521172,28.0,2.0,0.13408865491721933,0.010989010989007397,0.29792429792429687
199183131267100,2.5542749,step,0.1459945067521172,28.0,2.0,0.13408865491721933,0.010989010989007397,0.29792429792429687
199183132279500,2.5552873,step,0.1459945067521172,28.0,2.0,0.13408865491721933,0.010989010989007397,0.29792429792429687
199183133292800,2.5563006,step,0.1459945067521172,28.0,2.0,0.13408865491721933,0.010989010989007397,0.29792429792429687
199183134332900,2.5573407,step,0.1459945067521172,28.0,2.0,0.13408865491721933,0.010989010989007397,0.29792429792429687
199183135525800,2.5585336,step,0.1459945067521172,28.0,2.0,0.13408865491721933,0.010989010989007397,0.29792429792429687
199183136636700,2.5596445,step,0.1459945067521172,28.0,2.0,0.13408865491721933,0.010989010989007397,0.29792429792429687
199183137213500,2.5602213,step,0.1459945067521172,28.0,2.0,0.13408865491721933,0.010989010989007397,0.29792429792429687
199183138218700,2.5612265,step,0.1459945067521172,28.0,2.0,0.13408865491721933,0.010989010989007397,0.29792429792429687
199183139274300,2.5622821,step,0.1459945067521172,28.0,2.0,0.13408865491721933,0.010989010989007397,0.29792429792429687
199183140399200,2.563407,step,0.1459945067521172,28.0,2.0,0.13408865491721933,0.010989010989007397,0.29792429792429687
199183141556900,2.5645647,step,0.1459945067521172,28.0,2.0,0.13408865491721933,0.010989010989007397,0.29792429792429687
199183142172800,2.5651806,step,0.1459945067521172,28.0,2.0,0.13408865491721933,0.010989010989007397,0.29792429792429687
199183143176900,2.5661847,step,0.1459945067521172,28.0,2.0,0.13408865491721933,0.010989010989007397,0.29792429792429687
199183144222600,2.5672304,step,0.1459945067521172,28.0,2.0,0.13408865491721933,0.010989010989007397,0.29792429792429687
199183145244900,2.5682527,step,0.1459945067521172,28.0,2.0,0.13408865491721933,0.010989010989007397,0.29792429792429687
199183146356400,2.5693642,step,0.1459945067521172,28.0,2.0,0.13408865491721933,0.010989010989007397,0.29792429792429687
199183147479700,2.5704875,step,0.1459945067521172,28.0,2.0,0.13408865491721933,0.010989010989007397,0.29792429792429687
199183148616800,2.5716246,step,0.1459945067521172,28.0,2.0,0.13408865491721933,0.010989010989007397,0.29792429792429687
199183149722200,2.57273,step,0.1459945067521172,28.0,2.0,0.13408865491721933,0.010989010989007397,0.29792429792429687
199183150303000,2.5733108,step,0.1459945067521172,28.0,2.0,0.13408865491721933,0.010989010989007397,0.29792429792429687
199183151402700,2.5744105,step,0.1459945067521172,28.0,2.0,0.13408865491721933,0.010989010989007397,0.29792429792429687
199183152308000,2.5753158,step,0.1459945067521172,28.0,2.0,0.13408865491721933,0.010989010989007397,0.29792429792429687
199183153311700,2.5763195,step,0.1459945067521172,28.0,2.0,0.13408865491721933,0.010989010989007397,0.29792429792429687
199183154381400,2.5773892,step,0.1459945067521172,28.0,2.0,0.13408865491721933,0.010989010989007397,0.29792429792429687
199183155455100,2.5784629,step,0.1459945067521172,28.0,2.0,0.13408865491721933,0.010989010989007397,0.29792429792429687
199183156542900,2.5795507,step,0.1459945067521172,28.0,2.0,0.13408865491721933,0.010989010989007397,0.29792429792429687
199183157629400,2.5806372,step,0.1459945067521172,28.0,2.0,0.13408865491721933,0.010989010989007397,0.29792429792429687
199183158213000,2.5812208,step,0.1459945067521172,28.0,2.0,0.13408865491721933,0.010989010989007397,0.29792429792429687
199183159219500,2.5822273,step,0.1459945067521172,28.0,2.0,0.13408865491721933,0.010989010989007397,0.29792429792429687
199183160288600,2.5832964,step,0.1459945067521172,28.0,2.0,0.13408865491721933,0.010989010989007397,0.29792429792429687
199183161391900,2.5843997,step,0.1459945067521172,28.0,2.0,0.13408865491721933,0.010989010989007397,0.29792429792429687
199183162380600,2.5853884,step,0.1459945067521172,28.0,2.0,0.13408865491721933,0.010989010989007397,0.29792429792429687
199183163466200,2.586474,step,0.1459945067521172,28.0,2.0,0.13408865491721933,0.010989010989007397,0.29792429792429687
199183164544900,2.5875527,step,0.1459945067521172,28.0,2.0,0.13408865491721933,0.010989010989007397,0.29792429792429687
199183165586900,2.5885947,step,0.1459945067521172,28.0,2.0,0.13408865491721933,0.010989010989007397,0.29792429792429687
199183166215700,2.5892235,step,0.1459945067521172,28.0,2.0,0.13408865491721933,0.010989010989007397,0.29792429792429687
199183167182700,2.5901905,step,0.1459945067521172,28.0,2.0,0.13408865491721933,0.010989010989007397,0.29792429792429687
199183168692400,2.5917002,step,0.1459945067521172,28.0,2.0,0.13408865491721933,0.010989010989007397,0.29792429792429687
199183169304700,2.5923125,step,0.1459945067521172,28.0,2.0,0.13408865491721933,0.010989010989007397,0.29792429792429687
199183170307400,2.5933152,step,0.1459945067521172,28.0,2.0,0.13408865491721933,0.010989010989007397,0.29792429792429687
199183171439200,2.594447,step,0.1459945067521172,28.0,2.0,0.13408865491721933,0.010989010989007397,0.29792429792429687
199183172583800,2.5955916,step,0.1459945067521172,28.0,2.0,0.13408865491721933,0.010989010989007397,0.29792429792429687
199183173757400,2.5967652,step,0.1459945067521172,28.0,2.0,0.13408865491721933,0.010989010989007397,0.29792429792429687
199183174371900,2.5973797,step,0.1459945067521172,28.0,2.0,0.13408865491721933,0.010989010989007397,0.29792429792429687
199183175378700,2.5983865,step,0.1459945067521172,28.0,2.0,0.13408865491721933,0.010989010989007397,0.29792429792429687
199183176487300,2.5994951,step,0.1459945067521172,28.0,2.0,0.13408865491721933,0.010989010989007397,0.29792429792429687
199183177618800,2.6006266,step,0.1459945067521172,28.0,2.0,0.13408865491721933,0.010989010989007397,0.29792429792429687
199183178305500,2.6013133,step,0.1459945067521172,28.0,2.0,0.13408865491721933,0.010989010989007397,0.29792429792429687
199183179309700,2.6023175,step,0.1459945067521172,28.0,2.0,0.13408865491721933,0.010989010989007397,0.29792429792429687
199183180385200,2.603393,step,0.1459945067521172,28.0,2.0,0.13408865491721933,0.010989010989007397,0.29792429792429687
199183181506400,2.6045142,step,0.1459945067521172,28.0,2.0,0.13408865491721933,0.010989010989007397,0.29792429792429687
199183182690100,2.6056979,step,0.1459945067521172,28.0,2.0,0.13408865491721933,0.010989010989007397,0.29792429792429687
199183183468300,2.6064761,step,0.1459945067521172,28.0,2.0,0.13408865491721933,0.010989010989007397,0.29792429792429687
199183184414000,2.6074218,step,0.1459945067521172,28.0,2.0,0.13408865491721933,0.010989010989007397,0.29792429792429687
199183185411900,2.6084197,step,0.1459945067521172,28.0,2.0,0.13408865491721933,0.010989010989007397,0.29792429792429687
199183186412700,2.6094205,step,0.1459945067521172,28.0,2.0,0.13408865491721933,0.010989010989007397,0.29792429792429687
199183187413500,2.6104213,step,0.1459945067521172,28.0,2.0,0.13408865491721933,0.010989010989007397,0.29792429792429687
199183188511200,2.611519,step,0.1459945067521172,28.0,2.0,0.13408865491721933,0.010989010989007397,0.29792429792429687
199183189430600,2.6124384,step,0.1459945067521172,28.0,2.0,0.13408865491721933,0.010989010989007397,0.29792429792429687
199183190434200,2.613442,step,0.1459945067521172,28.0,2.0,0.13408865491721933,0.010989010989007397,0.29792429792429687
199183191437100,2.6144449,step,0.1459945067521172,28.0,2.0,0.13408865491721933,0.010989010989007397,0.29792429792429687
199183192438000,2.6154458,step,0.1459945067521172,28.0,2.0,0.13408865491721933,0.010989010989007397,0.29792429792429687
199183193442900,2.6164507,step,0.1459945067521172,28.0,2.0,0.13408865491721933,0.010989010989007397,0.29792429792429687
199183194446000,2.6174538,step,0.1459945067521172,28.0,2.0,0.13408865491721933,0.010989010989007397,0.29792429792429687
199183195452400,2.6184602,step,0.1459945067521172,28.0,2.0,0.13408865491721933,0.010989010989007397,0.29792429792429687
199183196470400,2.6194782,step,0.1459945067521172,28.0,2.0,0.13408865491721933,0.010989010989007397,0.29792429792429687
199183197514700,2.6205225,step,0.1459945067521172,28.0,2.0,0.13408865491721933,0.010989010989007397,0.29792429792429687
199183198578000,2.6215858,step,0.1459945067521172,28.0,2.0,0.13408865491721933,0.010989010989007397,0.29792429792429687
199183199801200,2.622809,step,0.1459945067521172,28.0,2.0,0.13408865491721933,0.010989010989007397,0.29792429792429687
199183200595400,2.6236032,step,0.1459945067521172,28.0,2.0,0.13408865491721933,0.010989010989007397,0.29792429792429687
199183201518600,2.6245264,step,0.1459945067521172,28.0,2.0,0.13408865491721933,0.010989010989007397,0.29792429792429687
199183202523900,2.6255317,step,0.1459945067521172,28.0,2.0,0.13408865491721933,0.010989010989007397,0.29792429792429687
199183203599000,2.6266068,step,0.1459945067521172,28.0,2.0,0.13408865491721933,0.010989010989007397,0.29792429792429687
199183204530200,2.627538,step,0.1459945067521172,28.0,2.0,0.13408865491721933,0.010989010989007397,0.29792429792429687
199183205535200,2.628543,step,0.1459945067521172,28.0,2.0,0.13408865491721933,0.010989010989007397,0.29792429792429687
199183206536700,2.6295445,step,0.1459945067521172,28.0,2.0,0.13408865491721933,0.010989010989007397,0.29792429792429687
199183207538500,2.6305463,step,0.1459945067521172,28.0,2.0,0.13408865491721933,0.010989010989007397,0.29792429792429687
199183208551600,2.6315594,step,0.1459945067521172,28.0,2.0,0.13408865491721933,0.010989010989007397,0.29792429792429687
199183209546800,2.6325546,step,0.1459945067521172,28.0,2.0,0.13408865491721933,0.010989010989007397,0.29792429792429687
199183210550000,2.6335578,step,0.1459945067521172,28.0,2.0,0.13408865491721933,0.010989010989007397,0.29792429792429687
199183211553100,2.6345609,step,0.1459945067521172,28.0,2.0,0.13408865491721933,0.010989010989007397,0.29792429792429687
199183212731600,2.6357394,step,0.1459945067521172,28.0,2.0,0.13408865491721933,0.010989010989007397,0.29792429792429687
199183214358400,2.6373662,step,0.1459945067521172,28.0,2.0,0.13408865491721933,-0.010989010989007397,0.29792429792429687
199183214611600,2.6376194,step,0.1459945067521172,28.0,2.0,0.13408865491721933,-0.010989010989007397,0.29792429792429687
199183215286000,2.6382938,step,0.1459945067521172,28.0,2.0,0.13408865491721933,-0.0329670329670364,0.28815628815628713
199183216845200,2.639853,step,0.1459945067521172,28.0,2.0,0.13408865491721933,-0.0329670329670364,0.28815628815628713
199183217511100,2.6405189,step,0.1459945067521172,28.0,2.0,0.13408865491721933,-0.0329670329670364,0.28815628815628713
199183218530500,2.6415383,step,0.1459945067521172,28.0,2.0,0.13408865491721933,-0.0329670329670364,0.28815628815628713
199183219527500,2.6425353,step,0.1459945067521172,28.0,2.0,0.13408865491721933,-0.0329670329670364,0.28815628815628713
199183220528100,2.6435359,step,0.1459945067521172,28.0,2.0,0.13408865491721933,-0.0329670329670364,0.28815628815628713
199183221531900,2.6445397,step,0.1459945067521172,28.0,2.0,0.13408865491721933,-0.0329670329670364,0.28815628815628713
199183222535400,2.6455432,step,0.1459945067521172,28.0,2.0,0.13408865491721933,-0.0329670329670364,0.28815628815628713
199183224007200,2.647015,step,0.1459945067521172,28.0,2.0,0.13408865491721933,-0.0329670329670364,0.28815628815628713
199183224368800,2.6473766,step,0.1459945067521172,28.0,2.0,0.13408865491721933,-0.0329670329670364,0.28815628815628713
199183225590100,2.6485979,step,0.1459945067521172,28.0,2.0,0.13408865491721933,-0.0329670329670364,0.28815628815628713
199183226590900,2.6495987,step,0.1459945067521172,28.0,2.0,0.13408865491721933,-0.0329670329670364,0.28815628815628713
199183227593700,2.6506015,step,0.1459945067521172,28.0,2.0,0.13408865491721933,-0.0329670329670364,0.28815628815628713
199183229081000,2.6520888,step,0.1459945067521172,28.0,2.0,0.13408865491721933,-0.0329670329670364,0.28815628815628713
199183230423700,2.6534315,step,0.1459945067521172,28.0,2.0,0.13408865491721933,-0.0329670329670364,0.28815628815628713
199183230573000,2.6535808,step,0.1459945067521172,28.0,2.0,0.13408865491721933,-0.0329670329670364,0.28815628815628713
199183231221700,2.6542295,step,0.1459945067521172,28.0,2.0,0.13408865491721933,-0.0329670329670364,0.28815628815628713
199183232244700,2.6552525,step,0.1459945067521172,28.0,2.0,0.13408865491721933,-0.0329670329670364,0.28815628815628713
199183233236200,2.656244,step,0.1459945067521172,28.0,2.0,0.13408865491721933,-0.0329670329670364,0.28815628815628713
199183234825900,2.6578337,step,0.1459945067521172,28.0,2.0,0.13408865491721933,-0.0329670329670364,0.28815628815628713
199183235535800,2.6585436,step,0.1459945067521172,28.0,2.0,0.13408865491721933,-0.0329670329670364,0.28815628815628713
199183236558100,2.6595659,step,0.1459945067521172,28.0,2.0,0.13408865491721933,-0.0329670329670364,0.28815628815628713
199183237552800,2.6605606,step,0.1459945067521172,28.0,2.0,0.13408865491721933,-0.0329670329670364,0.28815628815628713
199183238554200,2.661562,step,0.1459945067521172,28.0,2.0,0.13408865491721933,-0.0329670329670364,0.28815628815628713
199183239558900,2.6625667,step,0.1459945067521172,28.0,2.0,0.13408865491721933,-0.0329670329670364,0.28815628815628713
199183240561300,2.6635691,step,0.1459945067521172,28.0,2.0,0.13408865491721933,-0.0329670329670364,0.28815628815628713
199183241565300,2.6645731,step,0.1459945067521172,28.0,2.0,0.13408865491721933,-0.0329670329670364,0.28815628815628713
199183242567100,2.6655749,step,0.1459945067521172,28.0,2.0,0.13408865491721933,-0.0329670329670364,0.28815628815628713
199183243570100,2.6665779,step,0.1459945067521172,28.0,2.0,0.13408865491721933,-0.0329670329670364,0.28815628815628713
199183244662400,2.6676702,step,0.1459945067521172,28.0,2.0,0.13408865491721933,-0.0329670329670364,0.28815628815628713
199183245996300,2.6690041,step,0.1459945067521172,28.0,2.0,0.13408865491721933,-0.0329670329670364,0.28815628815628713
199183246176700,2.6691845,step,0.1459945067521172,28.0,2.0,0.13408865491721933,-0.0329670329670364,0.28815628815628713
199183247410500,2.6704183,step,0.1459945067521172,28.0,2.0,0.13408865491721933,-0.0329670329670364,0.28815628815628713
199183248377200,2.671385,step,0.1459945067521172,28.0,2.0,0.13408865491721933,-0.0329670329670364,0.28815628815628713
199183249481100,2.6724889,step,0.1459945067521172,28.0,2.0,0.13408865491721933,-0.0329670329670364,0.28815628815628713
199183250383200,2.673391,step,0.1459945067521172,28.0,2.0,0.13408865491721933,-0.0329670329670364,0.28815628815628713
199183251493400,2.6745012,step,0.1459945067521172,28.0,2.0,0.13408865491721933,-0.0329670329670364,0.28815628815628713
199183252663600,2.6756714,step,0.1459945067521172,28.0,2.0,0.13408865491721933,-0.0329670329670364,0.28815628815628713
199183253580100,2.6765879,step,0.1459945067521172,28.0,2.0,0.13408865491721933,-0.0329670329670364,0.28815628815628713
199183254546500,2.6775543,step,0.1459945067521172,28.0,2.0,0.13408865491721933,-0.0329670329670364,0.28815628815628713
199183255550600,2.6785584,step,0.1459945067521172,28.0,2.0,0.13408865491721933,-0.0329670329670364,0.28815628815628713
199183256572400,2.6795802,step,0.1459945067521172,28.0,2.0,0.13408865491721933,-0.0329670329670364,0.28815628815628713
199183257566000,2.6805738,step,0.1459945067521172,28.0,2.0,0.13408865491721933,-0.0329670329670364,0.28815628815628713
199183258612900,2.6816207,step,0.1459945067521172,28.0,2.0,0.13408865491721933,-0.0329670329670364,0.28815628815628713
199183259583200,2.682591,step,0.1459945067521172,28.0,2.0,0.13408865491721933,-0.0329670329670364,0.28815628815628713
199183260694700,2.6837025,step,0.1459945067521172,28.0,2.0,0.13408865491721933,-0.0329670329670364,0.28815628815628713
199183262177900,2.6851857,step,0.1459945067521172,28.0,2.0,0.13408865491721933,-0.0329670329670364,0.28815628815628713
199183262318900,2.6853267,step,0.1459945067521172,28.0,2.0,0.13408865491721933,-0.0329670329670364,0.28815628815628713
199183263178600,2.6861864,step,0.1459945067521172,28.0,2.0,0.13408865491721933,-0.0329670329670364,0.28815628815628713
199183264250500,2.6872583,step,0.1459945067521172,28.0,2.0,0.13408865491721933,-0.0329670329670364,0.28815628815628713
199183265268100,2.6882759,step,0.1459945067521172,28.0,2.0,0.13408865491721933,-0.0329670329670364,0.28815628815628713
199183266193500,2.6892013,step,0.1459945067521172,28.0,2.0,0.13408865491721933,-0.0329670329670364,0.28815628815628713
199183267195600,2.6902034,step,0.1459945067521172,28.0,2.0,0.13408865491721933,-0.0329670329670364,0.28815628815628713
199183268198800,2.6912066,step,0.1459945067521172,28.0,2.0,0.13408865491721933,-0.0329670329670364,0.28815628815628713
199183269984500,2.6929923,step,0.1459945067521172,28.0,2.0,0.13408865491721933,-0.0329670329670364,0.28815628815628713
199183270626600,2.6936344,step,0.1459945067521172,28.0,2.0,0.13408865491721933,-0.0329670329670364,0.28815628815628713
199183271258000,2.6942658,step,0.1459945067521172,28.0,2.0,0.13408865491721933,-0.0329670329670364,0.28815628815628713
199183272260600,2.6952684,step,0.1459945067521172,28.0,2.0,0.13408865491721933,-0.0329670329670364,0.28815628815628713
199183273275000,2.6962828,step,0.1459945067521172,28.0,2.0,0.13408865491721933,-0.0329670329670364,0.28815628815628713
199183274343200,2.697351,step,0.1459945067521172,28.0,2.0,0.13408865491721933,-0.0329670329670364,0.28815628815628713
199183275603800,2.6986116,step,0.1459945067521172,28.0,2.0,0.13408865491721933,-0.0329670329670364,0.28815628815628713
199183277584100,2.7005919,step,0.1459945067521172,28.0,2.0,0.13408865491721933,-0.0329670329670364,0.28815628815628713
199183277710100,2.7007179,step,0.1459945067521172,28.0,2.0,0.13408865491721933,-0.0329670329670364,0.28815628815628713
199183278585300,2.7015931,step,0.1459945067521172,28.0,2.0,0.13408865491721933,-0.0329670329670364,0.28815628815628713
199183279621400,2.7026292,step,0.1459945067521172,28.0,2.0,0.13408865491721933,-0.0329670329670364,0.28815628815628713
199183280626600,2.7036344,step,0.1459945067521172,28.0,2.0,0.13408865491721933,-0.0329670329670364,0.28815628815628713
199183281632400,2.7046402,step,0.1459945067521172,28.0,2.0,0.13408865491721933,-0.0329670329670364,0.28815628815628713
199183282646300,2.7056541,step,0.1459945067521172,28.0,2.0,0.13408865491721933,-0.0329670329670364,0.28815628815628713
199183283137900,2.7061457,step,0.1459945067521172,28.0,2.0,0.13408865491721933,-0.0329670329670364,0.28815628815628713
199183284839300,2.7078471,step,0.1459945067521172,28.0,2.0,0.13408865491721933,-0.0329670329670364,0.28815628815628713
199183285480500,2.7084883,step,0.1459945067521172,28.0,2.0,0.13408865491721933,-0.0329670329670364,0.28815628815628713
199183286483000,2.7094908,step,0.1459945067521172,28.0,2.0,0.13408865491721933,-0.0329670329670364,0.28815628815628713
199183287552100,2.7105599,step,0.1459945067521172,28.0,2.0,0.13408865491721933,-0.0329670329670364,0.28815628815628713
199183288508700,2.7115165,step,0.1459945067521172,28.0,2.0,0.13408865491721933,-0.0329670329670364,0.28815628815628713
199183289807500,2.7128153,step,0.1459945067521172,28.0,2.0,0.13408865491721933,-0.0329670329670364,0.28815628815628713
199183290557900,2.7135657,step,0.1459945067521172,28.0,2.0,0.13408865491721933,-0.0329670329670364,0.28815628815628713
199183291314700,2.7143225,step,0.1459945067521172,28.0,2.0,0.13408865491721933,-0.0329670329670364,0.28815628815628713
199183292333700,2.7153415,step,0.1459945067521172,28.0,2.0,0.13408865491721933,-0.0329670329670364,0.28815628815628713
199183293344800,2.7163526,step,0.1459945067521172,28.0,2.0,0.13408865491721933,-0.0329670329670364,0.28815628815628713
199183294807600,2.7178154,step,0.1459945067521172,28.0,2.0,0.13408865491721933,-0.0329670329670364,0.28815628815628713
199183295601800,2.7186096,step,0.1459945067521172,28.0,2.0,0.13408865491721933,-0.0329670329670364,0.28815628815628713
199183296559800,2.7195676,step,0.1459945067521172,28.0,2.0,0.13408865491721933,-0.0329670329670364,0.28815628815628713
199183298015600,2.7210234,step,0.1459945067521172,28.0,2.0,0.13408865491721933,-0.0329670329670364,0.28815628815628713
199183298164100,2.7211719,step,0.1459945067521172,28.0,2.0,0.13408865491721933,-0.0329670329670364,0.28815628815628713
199183299819500,2.7228273,step,0.1459945067521172,28.0,2.0,0.13408865491721933,-0.0329670329670364,0.28815628815628713
199183300575900,2.7235837,step,0.1459945067521172,28.0,2.0,0.13408865491721933,-0.0329670329670364,0.28815628815628713
199183301596800,2.7246046,step,0.1459945067521172,28.0,2.0,0.13408865491721933,-0.0329670329670364,0.28815628815628713
199183302768500,2.7257763,step,0.1459945067521172,28.0,2.0,0.13408865491721933,-0.0329670329670364,0.28815628815628713
199183303460700,2.7264685,step,0.1459945067521172,28.0,2.0,0.13408865491721933,-0.0329670329670364,0.28815628815628713
199183304498800,2.7275066,step,0.1459945067521172,28.0,2.0,0.13408865491721933,-0.0329670329670364,0.28815628815628713
199183305492900,2.7285007,step,0.1459945067521172,28.0,2.0,0.13408865491721933,-0.0329670329670364,0.28815628815628713
199183306614100,2.7296219,step,0.1459945067521172,28.0,2.0,0.13408865491721933,-0.0329670329670364,0.28815628815628713
199183307345300,2.7303531,step,0.1459945067521172,28.0,2.0,0.13408865491721933,-0.0329670329670364,0.28815628815628713
199183308345300,2.7313531,step,0.1459945067521172,28.0,2.0,0.13408865491721933,-0.0329670329670364,0.28815628815628713
199183309387900,2.7323957,step,0.1459945067521172,28.0,2.0,0.13408865491721933,-0.0329670329670364,0.28815628815628713
199183310584200,2.733592,step,0.1459945067521172,28.0,2.0,0.13408865491721933,-0.0329670329670364,0.28815628815628713
199183311657300,2.7346651,step,0.1459945067521172,28.0,2.0,0.13408865491721933,-0.0329670329670364,0.28815628815628713
199183312597900,2.7356057,step,0.1459945067521172,28.0,2.0,0.13408865491721933,-0.0329670329670364,0.28815628815628713
199183313617500,2.7366253,step,0.1459945067521172,28.0,2.0,0.13408865491721933,-0.0329670329670364,0.28815628815628713
199183314695500,2.7377033,step,0.1459945067521172,28.0,2.0,0.13408865491721933,-0.0329670329670364,0.28815628815628713
199183315514500,2.7385223,step,0.1459945067521172,28.0,2.0,0.13408865491721933,-0.0329670329670364,0.28815628815628713
199183316517000,2.7395248,step,0.1459945067521172,28.0,2.0,0.13408865491721933,-0.0329670329670364,0.28815628815628713
199183317916000,2.7409238,step,0.1459945067521172,28.0,2.0,0.13408865491721933,-0.0329670329670364,0.28815628815628713
199183318709800,2.7417176,step,0.1459945067521172,28.0,2.0,0.13408865491721933,-0.0329670329670364,0.28815628815628713
199183319686800,2.7426946,step,0.1459945067521172,28.0,2.0,0.13408865491721933,-0.0329670329670364,0.28815628815628713
199183320913200,2.743921,step,0.1459945067521172,28.0,2.0,0.13408865491721933,-0.0329670329670364,0.28815628815628713
199183321520000,2.7445278,step,0.1459945067521172,28.0,2.0,0.13408865491721933,-0.0329670329670364,0.28815628815628713
199183322651100,2.7456589,step,0.1459945067521172,28.0,2.0,0.13408865491721933,-0.010989010989007397,0.29792429792429687
199183323692400,2.7467002,step,0.1459945067521172,28.0,2.0,0.13408865491721933,-0.0329670329670364,0.28815628815628713
199183324745600,2.7477534,step,0.1459945067521172,28.0,2.0,0.13408865491721933,-0.0329670329670364,0.28815628815628713
199183325252500,2.7482603,step,0.1459945067521172,28.0,2.0,0.13408865491721933,-0.0329670329670364,0.28815628815628713
199183326311100,2.7493189,step,0.1459945067521172,28.0,2.0,0.13408865491721933,-0.0329670329670364,0.28815628815628713
199183327343600,2.7503514,step,0.1459945067521172,28.0,2.0,0.13408865491721933,-0.0329670329670364,0.28815628815628713
199183328378400,2.7513862,step,0.1459945067521172,28.0,2.0,0.13408865491721933,-0.0329670329670364,0.28815628815628713
199183329420300,2.7524281,step,0.1459945067521172,28.0,2.0,0.13408865491721933,-0.0329670329670364,0.28815628815628713
199183330448800,2.7534566,step,0.1459945067521172,28.0,2.0,0.13408865491721933,-0.0329670329670364,0.28815628815628713
199183331479200,2.754487,step,0.1459945067521172,28.0,2.0,0.13408865491721933,-0.0329670329670364,0.28815628815628713
199183332509300,2.7555171,step,0.1459945067521172,28.0,2.0,0.13408865491721933,-0.0329670329670364,0.28815628815628713
199183333505200,2.756513,step,0.1459945067521172,28.0,2.0,0.13408865491721933,-0.0329670329670364,0.28815628815628713
199183334562300,2.7575701,step,0.1459945067521172,28.0,2.0,0.13408865491721933,-0.0329670329670364,0.28815628815628713
199183335721400,2.7587292,step,0.1459945067521172,28.0,2.0,0.13408865491721933,-0.0329670329670364,0.28815628815628713
199183336412300,2.7594201,step,0.1459945067521172,28.0,2.0,0.13408865491721933,-0.0329670329670364,0.28815628815628713
199183337516700,2.7605245,step,0.1459945067521172,28.0,2.0,0.13408865491721933,-0.0329670329670364,0.28815628815628713
199183338567600,2.7615754,step,0.1459945067521172,28.0,2.0,0.13408865491721933,-0.0329670329670364,0.28815628815628713
199183339576800,2.7625846,step,0.1459945067521172,28.0,2.0,0.13408865491721933,-0.0329670329670364,0.28815628815628713
199183340580000,2.7635878,step,0.1459945067521172,28.0,2.0,0.13408865491721933,-0.0329670329670364,0.28815628815628713
199183341584600,2.7645924,step,0.1459945067521172,28.0,2.0,0.13408865491721933,-0.0329670329670364,0.28815628815628713
199183342594700,2.7656025,step,0.1459945067521172,28.0,2.0,0.13408865491721933,-0.0329670329670364,0.28815628815628713
199183343601700,2.7666095,step,0.1459945067521172,28.0,2.0,0.13408865491721933,-0.0329670329670364,0.28815628815628713
199183344608800,2.7676166,step,0.1459945067521172,28.0,2.0,0.13408865491721933,-0.0329670329670364,0.28815628815628713
199183345627300,2.7686351,step,0.1459945067521172,28.0,2.0,0.13408865491721933,-0.0329670329670364,0.28815628815628713
199183346631200,2.769639,step,0.1459945067521172,28.0,2.0,0.13408865491721933,-0.0329670329670364,0.28815628815628713
199183347272200,2.77028,step,0.1459945067521172,28.0,2.0,0.13408865491721933,-0.0329670329670364,0.28815628815628713
199183348273900,2.7712817,step,0.1459945067521172,28.0,2.0,0.13408865491721933,-0.0329670329670364,0.28815628815628713
199183349412100,2.7724199,step,0.1459945067521172,28.0,2.0,0.13408865491721933,-0.0329670329670364,0.28815628815628713
199183350415200,2.773423,step,0.1459945067521172,28.0,2.0,0.13408865491721933,-0.0329670329670364,0.28815628815628713
199183351435400,2.7744432,step,0.1459945067521172,28.0,2.0,0.13408865491721933,-0.0329670329670364,0.28815628815628713
199183352438000,2.7754458,step,0.1459945067521172,28.0,2.0,0.13408865491721933,-0.0329670329670364,0.28815628815628713
199183353545200,2.776553,step,0.1459945067521172,28.0,2.0,0.13408865491721933,-0.0329670329670364,0.28815628815628713
199183354491900,2.7774997,step,0.1459945067521172,28.0,2.0,0.13408865491721933,-0.0329670329670364,0.28815628815628713
199183355461300,2.7784691,step,0.1459945067521172,28.0,2.0,0.13408865491721933,-0.0329670329670364,0.28815628815628713
199183356465000,2.7794728,step,0.1459945067521172,28.0,2.0,0.13408865491721933,-0.0329670329670364,0.28815628815628713
199183357464900,2.7804727,step,0.1459945067521172,28.0,2.0,0.13408865491721933,-0.0329670329670364,0.28815628815628713
199183358469800,2.7814776,step,0.1459945067521172,28.0,2.0,0.13408865491721933,-0.0329670329670364,0.28815628815628713
199183359479700,2.7824875,step,0.1459945067521172,28.0,2.0,0.13408865491721933,-0.0329670329670364,0.28815628815628713
199183360485100,2.7834929,step,0.1459945067521172,28.0,2.0,0.13408865491721933,-0.0329670329670364,0.28815628815628713
199183361484100,2.7844919,step,0.1459945067521172,28.0,2.0,0.13408865491721933,-0.0329670329670364,0.28815628815628713
199183362486200,2.785494,step,0.1459945067521172,28.0,2.0,0.13408865491721933,-0.0329670329670364,0.28815628815628713
199183363518100,2.7865259,step,0.1459945067521172,28.0,2.0,0.13408865491721933,-0.0329670329670364,0.28815628815628713
199183364512200,2.78752,step,0.1459945067521172,28.0,2.0,0.13408865491721933,-0.0329670329670364,0.28815628815628713
199183365511500,2.7885193,step,0.1459945067521172,28.0,2.0,0.13408865491721933,-0.0329670329670364,0.28815628815628713
199183366512600,2.7895204,step,0.1459945067521172,28.0,2.0,0.13408865491721933,-0.0329670329670364,0.28815628815628713
199183367534400,2.7905422,step,0.1459945067521172,28.0,2.0,0.13408865491721933,-0.0329670329670364,0.28815628815628713
199183368664400,2.7916722,step,0.1459945067521172,28.0,2.0,0.13408865491721933,-0.0329670329670364,0.28815628815628713
199183369317300,2.7923251,step,0.1459945067521172,28.0,2.0,0.13408865491721933,-0.0329670329670364,0.28815628815628713
199183370320200,2.793328,step,0.1459945067521172,28.0,2.0,0.13408865491721933,-0.0329670329670364,0.28815628815628713
199183371445900,2.7944537,step,0.1459945067521172,28.0,2.0,0.13408865491721933,-0.0329670329670364,0.28815628815628713
199183372439200,2.795447,step,0.1459945067521172,28.0,2.0,0.13408865491721933,-0.0329670329670364,0.28815628815628713
199183373448800,2.7964566,step,0.1459945067521172,28.0,2.0,0.13408865491721933,-0.0329670329670364,0.28815628815628713
199183374467400,2.7974752,step,0.1459945067521172,28.0,2.0,0.13408865491721933,-0.0329670329670364,0.28815628815628713
199183375464100,2.7984719,step,0.1459945067521172,28.0,2.0,0.13408865491721933,-0.0329670329670364,0.28815628815628713
199183376468400,2.7994762,step,0.1459945067521172,28.0,2.0,0.13408865491721933,-0.0329670329670364,0.28815628815628713
199183377475200,2.800483,step,0.1459945067521172,28.0,2.0,0.13408865491721933,-0.0329670329670364,0.28815628815628713
199183378481800,2.8014896,step,0.1459945067521172,28.0,2.0,0.13408865491721933,-0.0329670329670364,0.28815628815628713
199183379490200,2.802498,step,0.1459945067521172,28.0,2.0,0.13408865491721933,-0.0329670329670364,0.28815628815628713
199183380497700,2.8035055,step,0.1459945067521172,28.0,2.0,0.13408865491721933,-0.0329670329670364,0.28815628815628713
199183381501500,2.8045093,step,0.1459945067521172,28.0,2.0,0.13408865491721933,-0.0329670329670364,0.28815628815628713
199183382507400,2.8055152,step,0.1459945067521172,28.0,2.0,0.13408865491721933,-0.0329670329670364,0.28815628815628713
199183383512400,2.8065202,step,0.1459945067521172,28.0,2.0,0.13408865491721933,-0.0329670329670364,0.28815628815628713
199183384524700,2.8075325,step,0.1459945067521172,28.0,2.0,0.13408865491721933,-0.0329670329670364,0.28815628815628713
199183385524500,2.8085323,step,0.1459945067521172,28.0,2.0,0.13408865491721933,-0.0329670329670364,0.28815628815628713
199183386530500,2.8095383,step,0.1459945067521172,28.0,2.0,0.13408865491721933,-0.0329670329670364,0.28815628815628713
199183387694200,2.810702,step,0.1459945067521172,28.0,2.0,0.13408865491721933,-0.0329670329670364,0.28815628815628713
199183388328900,2.8113367,step,0.1459945067521172,28.0,2.0,0.13408865491721933,-0.0329670329670364,0.28815628815628713
199183389349200,2.812357,step,0.1459945067521172,28.0,2.0,0.13408865491721933,-0.0329670329670364,0.28815628815628713
199183390345600,2.8133534,step,0.1459945067521172,28.0,2.0,0.13408865491721933,-0.0329670329670364,0.28815628815628713
199183391353700,2.8143615,step,0.1459945067521172,28.0,2.0,0.13408865491721933,-0.0329670329670364,0.28815628815628713
199183392492100,2.8154999,step,0.1459945067521172,28.0,2.0,0.13408865491721933,-0.0329670329670364,0.28815628815628713
199183393558300,2.8165661,step,0.1459945067521172,28.0,2.0,0.13408865491721933,-0.0329670329670364,0.28815628815628713
199183394623700,2.8176315,step,0.1459945067521172,28.0,2.0,0.13408865491721933,-0.0329670329670364,0.28815628815628713
199183395807400,2.8188152,step,0.1459945067521172,28.0,2.0,0.13408865491721933,-0.0329670329670364,0.28815628815628713
199183396481000,2.8194888,step,0.1459945067521172,28.0,2.0,0.13408865491721933,-0.0329670329670364,0.28815628815628713
199183397515700,2.8205235,step,0.1459945067521172,28.0,2.0,0.13408865491721933,-0.0329670329670364,0.28815628815628713
199183398582100,2.8215899,step,0.1459945067521172,28.0,2.0,0.13408865491721933,-0.0329670329670364,0.28815628815628713
199183399910500,2.8229183,step,0.1459945067521172,28.0,2.0,0.13408865491721933,-0.0329670329670364,0.28815628815628713
199183401145400,2.8241532,step,0.1459945067521172,28.0,2.0,0.13408865491721933,-0.0329670329670364,0.28815628815628713
199183401317100,2.8243249,step,0.1459945067521172,28.0,2.0,0.13408865491721933,-0.0329670329670364,0.28815628815628713
199183402144000,2.8251518,step,0.1459945067521172,28.0,2.0,0.13408865491721933,-0.0329670329670364,0.28815628815628713
199183403231200,2.826239,step,0.1459945067521172,28.0,2.0,0.13408865491721933,-0.0329670329670364,0.28815628815628713
199183404347600,2.8273554,step,0.1459945067521172,28.0,2.0,0.13408865491721933,-0.0329670329670364,0.28815628815628713
199183405402000,2.8284098,step,0.1459945067521172,28.0,2.0,0.13408865491721933,-0.0329670329670364,0.28815628815628713
199183406427400,2.8294352,step,0.1459945067521172,28.0,2.0,0.13408865491721933,-0.0329670329670364,0.28815628815628713
199183407427200,2.830435,step,0.1459945067521172,28.0,2.0,0.13408865491721933,-0.0329670329670364,0.28815628815628713
199183408434200,2.831442,step,0.1459945067521172,28.0,2.0,0.13408865491721933,-0.0329670329670364,0.28815628815628713
199183409409700,2.8324175,step,0.1459945067521172,28.0,2.0,0.13408865491721933,-0.0329670329670364,0.28815628815628713
199183410467800,2.8334756,step,0.1459945067521172,28.0,2.0,0.13408865491721933,-0.0329670329670364,0.28815628815628713
199183411506700,2.8345145,step,0.1459945067521172,28.0,2.0,0.13408865491721933,-0.0329670329670364,0.28815628815628713
199183412646100,2.8356539,step,0.1459945067521172,28.0,2.0,0.13408865491721933,-0.0329670329670364,0.28815628815628713
199183413633800,2.8366416,step,0.1459945067521172,28.0,2.0,0.13408865491721933,-0.0329670329670364,0.28815628815628713
199183414259400,2.8372672,step,0.1459945067521172,28.0,2.0,0.13408865491721933,-0.0329670329670364,0.28815628815628713
199183415365600,2.8383734,step,0.1459945067521172,28.0,2.0,0.13408865491721933,-0.0329670329670364,0.28815628815628713
199183416919900,2.8399277,step,0.1459945067521172,28.0,2.0,0.13408865491721933,-0.0329670329670364,0.28815628815628713
199183417594100,2.8406019,step,0.1459945067521172,28.0,2.0,0.13408865491721933,-0.0329670329670364,0.28815628815628713
199183418596500,2.8416043,step,0.1459945067521172,28.0,2.0,0.13408865491721933,-0.0329670329670364,0.28815628815628713
199183419801200,2.842809,step,0.1459945067521172,28.0,2.0,0.13408865491721933,-0.0329670329670364,0.28815628815628713
199183420507500,2.8435153,step,0.1459945067521172,28.0,2.0,0.13408865491721933,-0.0329670329670364,0.28815628815628713
199183421548600,2.8445564,step,0.1459945067521172,28.0,2.0,0.13408865491721933,-0.0329670329670364,0.28815628815628713
199183422686300,2.8456941,step,0.1459945067521172,28.0,2.0,0.13408865491721933,-0.0329670329670364,0.28815628815628713
199183423929400,2.8469372,step,0.1459945067521172,28.0,2.0,0.13408865491721933,-0.0329670329670364,0.28815628815628713
199183424564000,2.8475718,step,0.1459945067521172,28.0,2.0,0.13408865491721933,-0.0329670329670364,0.28815628815628713
199183425604800,2.8486126,step,0.1459945067521172,28.0,2.0,0.13408865491721933,-0.0329670329670364,0.28815628815628713
199183426830600,2.8498384,step,0.1459945067521172,28.0,2.0,0.13408865491721933,-0.0329670329670364,0.28815628815628713
199183427504600,2.8505124,step,0.1459945067521172,28.0,2.0,0.13408865491721933,-0.0329670329670364,0.28815628815628713
199183428260200,2.851268,step,0.1459945067521172,28.0,2.0,0.13408865491721933,-0.0329670329670364,0.28815628815628713
199183429283300,2.8522911,step,0.1459945067521172,28.0,2.0,0.13408865491721933,-0.0329670329670364,0.28815628815628713
199183430290200,2.853298,step,0.1459945067521172,28.0,2.0,0.13408865491721933,-0.0329670329670364,0.28815628815628713
199183431494200,2.854502,step,0.1459945067521172,28.0,2.0,0.13408865491721933,-0.0329670329670364,0.28815628815628713
199183432241800,2.8552496,step,0.1459945067521172,28.0,2.0,0.13408865491721933,-0.010989010989007397,0.28815628815628713
199183433244100,2.8562519,step,0.1459945067521172,28.0,2.0,0.13408865491721933,-0.010989010989007397,0.28815628815628713
199183434413200,2.857421,step,0.1459945067521172,28.0,2.0,0.13408865491721933,-0.010989010989007397,0.29792429792429687
199183435419100,2.8584269,step,0.1459945067521172,28.0,2.0,0.13408865491721933,-0.010989010989007397,0.29792429792429687
199183436415800,2.8594236,step,0.1459945067521172,28.0,2.0,0.13408865491721933,-0.010989010989007397,0.29792429792429687
199183437542600,2.8605504,step,0.1459945067521172,28.0,2.0,0.13408865491721933,-0.010989010989007397,0.29792429792429687
199183438637900,2.8616457,step,0.1459945067521172,28.0,2.0,0.13408865491721933,-0.010989010989007397,0.29792429792429687
199183439806300,2.8628141,step,0.1459945067521172,28.0,2.0,0.13408865491721933,-0.010989010989007397,0.29792429792429687
199183440467200,2.863475,step,0.1459945067521172,28.0,2.0,0.13408865491721933,-0.010989010989007397,0.29792429792429687
199183441505100,2.8645129,step,0.1459945067521172,28.0,2.0,0.13408865491721933,-0.010989010989007397,0.29792429792429687
199183442639700,2.8656475,step,0.1459945067521172,28.0,2.0,0.13408865491721933,-0.010989010989007397,0.29792429792429687
199183443635400,2.8666432,step,0.1459945067521172,28.0,2.0,0.13408865491721933,-0.010989010989007397,0.29792429792429687
199183444264200,2.867272,step,0.1459945067521172,28.0,2.0,0.13408865491721933,-0.010989010989007397,0.29792429792429687
199183445285100,2.8682929,step,0.1459945067521172,28.0,2.0,0.13408865491721933,-0.010989010989007397,0.29792429792429687
199183446372400,2.8693802,step,0.1459945067521172,28.0,2.0,0.13408865491721933,-0.010989010989007397,0.29792429792429687
199183447978300,2.8709861,step,0.1459945067521172,28.0,2.0,0.13408865491721933,-0.010989010989007397,0.29792429792429687
199183448757100,2.8717649,step,0.1459945067521172,28.0,2.0,0.13408865491721933,-0.010989010989007397,0.29792429792429687
199183449837100,2.8728449,step,0.1459945067521172,28.0,2.0,0.13408865491721933,-0.010989010989007397,0.29792429792429687
199183450494700,2.8735025,step,0.1459945067521172,28.0,2.0,0.13408865491721933,-0.010989010989007397,0.29792429792429687
199183451495900,2.8745037,step,0.1459945067521172,28.0,2.0,0.13408865491721933,-0.010989010989007397,0.29792429792429687
199183452573200,2.875581,step,0.1459945067521172,28.0,2.0,0.13408865491721933,-0.010989010989007397,0.29792429792429687
199183453584900,2.8765927,step,0.1459945067521172,28.0,2.0,0.13408865491721933,-0.010989010989007397,0.29792429792429687
199183454909600,2.8779174,step,0.1459945067521172,28.0,2.0,0.13408865491721933,-0.010989010989007397,0.29792429792429687
199183455603400,2.8786112,step,0.1459945067521172,28.0,2.0,0.13408865491721933,-0.010989010989007397,0.29792429792429687
199183456606600,2.8796144,step,0.1459945067521172,28.0,2.0,0.13408865491721933,-0.010989010989007397,0.29792429792429687
199183457222500,2.8802303,step,0.1459945067521172,28.0,2.0,0.13408865491721933,-0.010989010989007397,0.29792429792429687
199183458228500,2.8812363,step,0.1459945067521172,28.0,2.0,0.13408865491721933,-0.010989010989007397,0.29792429792429687
199183459622800,2.8826306,step,0.1459945067521172,28.0,2.0,0.13408865491721933,-0.010989010989007397,0.29792429792429687
199183460296900,2.8833047,step,0.1459945067521172,28.0,2.0,0.13408865491721933,-0.010989010989007397,0.29792429792429687
199183461300200,2.884308,step,0.1459945067521172,28.0,2.0,0.13408865491721933,-0.010989010989007397,0.29792429792429687
199183462427700,2.8854355,step,0.1459945067521172,28.0,2.0,0.13408865491721933,-0.010989010989007397,0.29792429792429687
199183463779300,2.8867871,step,0.1459945067521172,28.0,2.0,0.13408865491721933,-0.010989010989007397,0.29792429792429687
199183465743500,2.8887513,step,0.1459945067521172,28.0,2.0,0.13408865491721933,-0.010989010989007397,0.29792429792429687
199183465894600,2.8889024,step,0.1459945067521172,28.0,2.0,0.13408865491721933,-0.010989010989007397,0.29792429792429687
199183466505500,2.8895133,step,0.1459945067521172,28.0,2.0,0.13408865491721933,-0.010989010989007397,0.29792429792429687
199183467510200,2.890518,step,0.1459945067521172,28.0,2.0,0.13408865491721933,-0.010989010989007397,0.29792429792429687
199183468581600,2.8915894,step,0.1459945067521172,28.0,2.0,0.13408865491721933,-0.010989010989007397,0.29792429792429687
199183469718000,2.8927258,step,0.1459945067521172,28.0,2.0,0.13408865491721933,-0.010989010989007397,0.29792429792429687
199183470377900,2.8933857,step,0.1459945067521172,28.0,2.0,0.13408865491721933,-0.010989010989007397,0.29792429792429687
199183471381200,2.894389,step,0.1459945067521172,28.0,2.0,0.13408865491721933,-0.010989010989007397,0.29792429792429687
199183472512700,2.8955205,step,0.1459945067521172,28.0,2.0,0.13408865491721933,-0.010989010989007397,0.29792429792429687
199183473615000,2.8966228,step,0.1459945067521172,28.0,2.0,0.13408865491721933,-0.010989010989007397,0.29792429792429687
199183474806000,2.8978138,step,0.1459945067521172,28.0,2.0,0.13408865491721933,-0.010989010989007397,0.29792429792429687
199183475560200,2.898568,step,0.1459945067521172,28.0,2.0,0.13408865491721933,-0.010989010989007397,0.29792429792429687
199183476559400,2.8995672,step,0.1459945067521172,28.0,2.0,0.13408865491721933,-0.010989010989007397,0.29792429792429687
199183477899600,2.9009074,step,0.1459945067521172,28.0,2.0,0.13408865491721933,-0.010989010989007397,0.29792429792429687
199183478519400,2.9015272,step,0.1459945067521172,28.0,2.0,0.13408865491721933,-0.010989010989007397,0.29792429792429687
199183479663500,2.9026713,step,0.1459945067521172,28.0,2.0,0.13408865491721933,-0.010989010989007397,0.29792429792429687
199183481801800,2.9048096,step,0.1459945067521172,28.0,2.0,0.13408865491721933,-0.010989010989007397,0.29792429792429687
199183482206400,2.9052142,step,0.1459945067521172,28.0,2.0,0.13408865491721933,-0.010989010989007397,0.29792429792429687
199183482322600,2.9053304,step,0.1459945067521172,28.0,2.0,0.13408865491721933,-0.010989010989007397,0.29792429792429687
199183483220300,2.9062281,step,0.1459945067521172,28.0,2.0,0.13408865491721933,-0.010989010989007397,0.29792429792429687
199183484605000,2.9076128,step,0.1459945067521172,28.0,2.0,0.13408865491721933,-0.010989010989007397,0.29792429792429687
199183485232100,2.9082399,step,0.1459945067521172,28.0,2.0,0.13408865491721933,-0.010989010989007397,0.29792429792429687
199183486230800,2.9092386,step,0.1459945067521172,28.0,2.0,0.13408865491721933,-0.010989010989007397,0.29792429792429687
199183487236000,2.9102438,step,0.1459945067521172,28.0,2.0,0.13408865491721933,-0.010989010989007397,0.29792429792429687
199183488242000,2.9112498,step,0.1459945067521172,28.0,2.0,0.13408865491721933,-0.010989010989007397,0.29792429792429687
199183489496000,2.9125038,step,0.1459945067521172,28.0,2.0,0.13408865491721933,-0.010989010989007397,0.29792429792429687
199183490149900,2.9131577,step,0.1459945067521172,28.0,2.0,0.13408865491721933,-0.010989010989007397,0.29792429792429687
199183491150600,2.9141584,step,0.1459945067521172,28.0,2.0,0.13408865491721933,-0.010989010989007397,0.29792429792429687
199183492249600,2.9152574,step,0.1459945067521172,28.0,2.0,0.13408865491721933,-0.010989010989007397,0.29792429792429687
199183493342100,2.9163499,step,0.1459945067521172,28.0,2.0,0.13408865491721933,-0.010989010989007397,0.29792429792429687
199183494431600,2.9174394,step,0.1459945067521172,28.0,2.0,0.13408865491721933,-0.010989010989007397,0.29792429792429687
199183496119800,2.9191276,step,0.1459945067521172,28.0,2.0,0.13408865491721933,-0.010989010989007397,0.29792429792429687
199183496524500,2.9195323,step,0.1459945067521172,28.0,2.0,0.13408865491721933,-0.010989010989007397,0.29792429792429687
199183497467100,2.9204749,step,0.1459945067521172,28.0,2.0,0.13408865491721933,-0.010989010989007397,0.29792429792429687
199183498448300,2.9214561,step,0.1459945067521172,28.0,2.0,0.13408865491721933,-0.010989010989007397,0.29792429792429687
199183499451100,2.9224589,step,0.1459945067521172,28.0,2.0,0.13408865491721933,-0.010989010989007397,0.29792429792429687
199183500458900,2.9234667,step,0.1459945067521172,28.0,2.0,0.13408865491721933,-0.010989010989007397,0.29792429792429687
199183501476900,2.9244847,step,0.1459945067521172,28.0,2.0,0.13408865491721933,-0.010989010989007397,0.29792429792429687
199183502470100,2.9254779,step,0.1459945067521172,28.0,2.0,0.13408865491721933,-0.010989010989007397,0.29792429792429687
199183503473700,2.9264815,step,0.1459945067521172,28.0,2.0,0.13408865491721933,-0.010989010989007397,0.29792429792429687
199183504479300,2.9274871,step,0.1459945067521172,28.0,2.0,0.13408865491721933,-0.010989010989007397,0.29792429792429687
199183505484200,2.928492,step,0.1459945067521172,28.0,2.0,0.13408865491721933,-0.010989010989007397,0.29792429792429687
199183506567900,2.9295757,step,0.1459945067521172,28.0,2.0,0.13408865491721933,-0.010989010989007397,0.29792429792429687
199183507718600,2.9307264,step,0.1459945067521172,28.0,2.0,0.13408865491721933,-0.010989010989007397,0.29792429792429687
199183508360800,2.9313686,step,0.1459945067521172,28.0,2.0,0.13408865491721933,-0.010989010989007397,0.29792429792429687
199183509365800,2.9323736,step,0.1459945067521172,28.0,2.0,0.13408865491721933,-0.010989010989007397,0.29792429792429687
199183510688700,2.9336965,step,0.1459945067521172,28.0,2.0,0.13408865491721933,-0.010989010989007397,0.29792429792429687
199183513869500,2.9368773,step,0.1459945067521172,28.0,2.0,0.13408865491721933,-0.010989010989007397,0.29792429792429687
199183513995900,2.9370037,step,0.1459945067521172,28.0,2.0,0.13408865491721933,-0.010989010989007397,0.29792429792429687
199183514851100,2.9378589,step,0.1459945067521172,28.0,2.0,0.13408865491721933,-0.010989010989007397,0.29792429792429687
199183515063100,2.9380709,step,0.1459945067521172,28.0,2.0,0.13408865491721933,-0.010989010989007397,0.29792429792429687
199183515190600,2.9381984,step,0.1459945067521172,28.0,2.0,0.13408865491721933,-0.010989010989007397,0.29792429792429687
199183518828500,2.9418363,step,0.1459945067521172,28.0,2.0,0.13408865491721933,-0.010989010989007397,0.29792429792429687
199183519097900,2.9421057,step,0.1459945067521172,28.0,2.0,0.13408865491721933,-0.010989010989007397,0.29792429792429687
199183519985300,2.9429931,step,0.1459945067521172,28.0,2.0,0.13408865491721933,-0.010989010989007397,0.29792429792429687
199183520363200,2.943371,step,0.1459945067521172,28.0,2.0,0.13408865491721933,-0.010989010989007397,0.29792429792429687
199183521120500,2.9441283,step,0.1459945067521172,28.0,2.0,0.13408865491721933,-0.010989010989007397,0.29792429792429687
199183521240500,2.9442483,step,0.1459945067521172,28.0,2.0,0.13408865491721933,-0.010989010989007397,0.29792429792429687
199183525462600,2.9484704,step,0.1459945067521172,28.0,2.0,0.13408865491721933,-0.010989010989007397,0.29792429792429687
199183525765000,2.9487728,step,0.1459945067521172,28.0,2.0,0.13408865491721933,-0.010989010989007397,0.29792429792429687
199183525965900,2.9489737,step,0.1459945067521172,28.0,2.0,0.13408865491721933,-0.010989010989007397,0.29792429792429687
199183526054700,2.9490625,step,0.1459945067521172,28.0,2.0,0.13408865491721933,-0.010989010989007397,0.29792429792429687
199183526148500,2.9491563,step,0.1459945067521172,28.0,2.0,0.13408865491721933,-0.010989010989007397,0.29792429792429687
199183527282800,2.9502906,step,0.1459945067521172,28.0,2.0,0.13408865491721933,-0.010989010989007397,0.29792429792429687
199183528358600,2.9513664,step,0.1459945067521172,28.0,2.0,0.13408865491721933,-0.010989010989007397,0.29792429792429687
199183529452600,2.9524604,step,0.1459945067521172,28.0,2.0,0.13408865491721933,-0.010989010989007397,0.29792429792429687
199183530461100,2.9534689,step,0.1459945067521172,28.0,2.0,0.13408865491721933,-0.010989010989007397,0.29792429792429687
199183531463500,2.9544713,step,0.1459945067521172,28.0,2.0,0.13408865491721933,-0.010989010989007397,0.29792429792429687
199183532555600,2.9555634,step,0.1459945067521172,28.0,2.0,0.13408865491721933,-0.010989010989007397,0.29792429792429687
199183533675400,2.9566832,step,0.1459945067521172,28.0,2.0,0.13408865491721933,-0.010989010989007397,0.29792429792429687
199183534852400,2.9578602,step,0.1459945067521172,28.0,2.0,0.13408865491721933,-0.010989010989007397,0.29792429792429687
199183535495500,2.9585033,step,0.1459945067521172,28.0,2.0,0.13408865491721933,-0.010989010989007397,0.29792429792429687
199183536498800,2.9595066,step,0.1459945067521172,28.0,2.0,0.13408865491721933,-0.010989010989007397,0.29792429792429687
199183537593200,2.960601,step,0.1459945067521172,28.0,2.0,0.13408865491721933,-0.010989010989007397,0.29792429792429687
199183538591500,2.9615993,step,0.1459945067521172,28.0,2.0,0.13408865491721933,-0.010989010989007397,0.29792429792429687
199183539601000,2.9626088,step,0.1459945067521172,28.0,2.0,0.13408865491721933,-0.010989010989007397,0.29792429792429687
199183540599900,2.9636077,step,0.1459945067521172,28.0,2.0,0.13408865491721933,-0.010989010989007397,0.29792429792429687
199183541685200,2.964693,step,0.1459945067521172,28.0,2.0,0.13408865491721933,-0.010989010989007397,0.29792429792429687
199183542422900,2.9654307,step,0.1459945067521172,28.0,2.0,0.13408865491721933,0.010989010989007397,0.29792429792429687
199183543430400,2.9664382,step,0.1459945067521172,28.0,2.0,0.13408865491721933,0.010989010989007397,0.3076923076923066
199183544555900,2.9675637,step,0.1459945067521172,28.0,2.0,0.13408865491721933,-0.010989010989007397,0.29792429792429687
199183545558800,2.9685666,step,0.1459945067521172,28.0,2.0,0.13408865491721933,-0.010989010989007397,0.29792429792429687
199183546559100,2.9695669,step,0.1459945067521172,28.0,2.0,0.13408865491721933,-0.010989010989007397,0.29792429792429687
199183547701300,2.9707091,step,0.1459945067521172,28.0,2.0,0.13408865491721933,-0.010989010989007397,0.29792429792429687
199183548307600,2.9713154,step,0.1459945067521172,28.0,2.0,0.13408865491721933,-0.010989010989007397,0.29792429792429687
199183549317700,2.9723255,step,0.1459945067521172,28.0,2.0,0.13408865491721933,-0.010989010989007397,0.29792429792429687
199183550322500,2.9733303,step,0.1459945067521172,28.0,2.0,0.13408865491721933,-0.010989010989007397,0.29792429792429687
199183551322600,2.9743304,step,0.1459945067521172,28.0,2.0,0.13408865491721933,-0.010989010989007397,0.29792429792429687
199183552446500,2.9754543,step,0.1459945067521172,28.0,2.0,0.13408865491721933,-0.010989010989007397,0.29792429792429687
199183553532500,2.9765403,step,0.1459945067521172,28.0,2.0,0.13408865491721933,-0.010989010989007397,0.29792429792429687
199183554682000,2.9776898,step,0.1459945067521172,28.0,2.0,0.13408865491721933,-0.010989010989007397,0.29792429792429687
199183555184200,2.978192,step,0.1459945067521172,28.0,2.0,0.13408865491721933,-0.010989010989007397,0.29792429792429687
199183556188800,2.9791966,step,0.1459945067521172,28.0,2.0,0.13408865491721933,-0.010989010989007397,0.29792429792429687
199183557374100,2.9803819,step,0.1459945067521172,28.0,2.0,0.13408865491721933,-0.010989010989007397,0.29792429792429687
199183558791800,2.9817996,step,0.1459945067521172,28.0,2.0,0.13408865491721933,-0.010989010989007397,0.29792429792429687
199183559460700,2.9824685,step,0.1459945067521172,28.0,2.0,0.13408865491721933,-0.010989010989007397,0.29792429792429687
199183560469400,2.9834772,step,0.1459945067521172,28.0,2.0,0.13408865491721933,-0.010989010989007397,0.29792429792429687
199183561522500,2.9845303,step,0.1459945067521172,28.0,2.0,0.13408865491721933,-0.010989010989007397,0.29792429792429687
199183562656200,2.985664,step,0.1459945067521172,28.0,2.0,0.13408865491721933,-0.010989010989007397,0.29792429792429687
199183563299600,2.9863074,step,0.1459945067521172,28.0,2.0,0.13408865491721933,-0.010989010989007397,0.29792429792429687
199183564306900,2.9873147,step,0.1459945067521172,28.0,2.0,0.13408865491721933,-0.010989010989007397,0.29792429792429687
199183565321000,2.9883288,step,0.1459945067521172,28.0,2.0,0.13408865491721933,-0.010989010989007397,0.29792429792429687
199183566317300,2.9893251,step,0.1459945067521172,28.0,2.0,0.13408865491721933,-0.010989010989007397,0.29792429792429687
199183567428900,2.9904367,step,0.1459945067521172,28.0,2.0,0.13408865491721933,-0.010989010989007397,0.29792429792429687
199183568499400,2.9915072,step,0.1459945067521172,28.0,2.0,0.13408865491721933,-0.010989010989007397,0.29792429792429687
199183569650200,2.992658,step,0.1459945067521172,28.0,2.0,0.13408865491721933,-0.010989010989007397,0.29792429792429687
199183570147200,2.993155,step,0.1459945067521172,28.0,2.0,0.13408865491721933,-0.010989010989007397,0.29792429792429687
199183571152800,2.9941606,step,0.1459945067521172,28.0,2.0,0.13408865491721933,-0.010989010989007397,0.29792429792429687
199183572476900,2.9954847,step,0.1459945067521172,28.0,2.0,0.13408865491721933,-0.010989010989007397,0.29792429792429687
199183574346800,2.9973546,step,0.1459945067521172,28.0,2.0,0.13408865491721933,-0.010989010989007397,0.29792429792429687
199183574671400,2.9976792,step,0.1459945067521172,28.0,2.0,0.13408865491721933,-0.010989010989007397,0.29792429792429687
199183575352600,2.9983604,step,0.1459945067521172,28.0,2.0,0.13408865491721933,-0.010989010989007397,0.29792429792429687
199183576357300,2.9993651,step,0.1459945067521172,28.0,2.0,0.13408865491721933,-0.010989010989007397,0.29792429792429687
199183577605600,3.0006134,step,0.1459945067521172,28.0,2.0,0.13408865491721933,-0.010989010989007397,0.29792429792429687
199183578565800,3.0015736,step,0.1459945067521172,28.0,2.0,0.13408865491721933,-0.010989010989007397,0.29792429792429687
199183579641000,3.0026488,step,0.1459945067521172,28.0,2.0,0.13408865491721933,-0.010989010989007397,0.29792429792429687
199183580644500,3.0036523,step,0.1459945067521172,28.0,2.0,0.13408865491721933,-0.010989010989007397,0.29792429792429687
199183581650600,3.0046584,step,0.1459945067521172,28.0,2.0,0.13408865491721933,-0.010989010989007397,0.29792429792429687
199183582844100,3.0058519,step,0.1459945067521172,28.0,2.0,0.13408865491721933,-0.010989010989007397,0.29792429792429687
199183583463400,3.0064712,step,0.1459945067521172,28.0,2.0,0.13408865491721933,-0.010989010989007397,0.29792429792429687
199183584469500,3.0074773,step,0.1459945067521172,28.0,2.0,0.13408865491721933,-0.010989010989007397,0.29792429792429687
199183585479500,3.0084873,step,0.1459945067521172,28.0,2.0,0.13408865491721933,-0.010989010989007397,0.29792429792429687
199183586477600,3.0094854,step,0.1459945067521172,28.0,2.0,0.13408865491721933,-0.010989010989007397,0.29792429792429687
199183587650200,3.010658,step,0.1459945067521172,28.0,2.0,0.13408865491721933,-0.010989010989007397,0.29792429792429687
199183588788800,3.0117966,step,0.1459945067521172,28.0,2.0,0.13408865491721933,-0.010989010989007397,0.29792429792429687
199183589474600,3.0124824,step,0.1459945067521172,28.0,2.0,0.13408865491721933,-0.010989010989007397,0.29792429792429687
199183590467000,3.0134748,step,0.1459945067521172,28.0,2.0,0.13408865491721933,-0.010989010989007397,0.29792429792429687
199183591470700,3.0144785,step,0.1459945067521172,28.0,2.0,0.13408865491721933,-0.010989010989007397,0.29792429792429687
199183592474700,3.0154825,step,0.1459945067521172,28.0,2.0,0.13408865491721933,-0.010989010989007397,0.29792429792429687
199183593493400,3.0165012,step,0.1459945067521172,28.0,2.0,0.13408865491721933,-0.010989010989007397,0.29792429792429687
199183594508700,3.0175165,step,0.1459945067521172,28.0,2.0,0.13408865491721933,-0.010989010989007397,0.29792429792429687
199183595515800,3.0185236,step,0.1459945067521172,28.0,2.0,0.13408865491721933,-0.010989010989007397,0.29792429792429687
199183596537200,3.019545,step,0.1459945067521172,28.0,2.0,0.13408865491721933,-0.010989010989007397,0.29792429792429687
199183597907600,3.0209154,step,0.1459945067521172,28.0,2.0,0.13408865491721933,-0.010989010989007397,0.29792429792429687
199183598690500,3.0216983,step,0.1459945067521172,28.0,2.0,0.13408865491721933,-0.010989010989007397,0.29792429792429687
199183599359400,3.0223672,step,0.1459945067521172,28.0,2.0,0.13408865491721933,-0.010989010989007397,0.29792429792429687
199183600369000,3.0233768,step,0.1459945067521172,28.0,2.0,0.13408865491721933,-0.010989010989007397,0.29792429792429687
199183601419300,3.0244271,step,0.1459945067521172,28.0,2.0,0.13408865491721933,-0.010989010989007397,0.29792429792429687
199183602477200,3.025485,step,0.1459945067521172,28.0,2.0,0.13408865491721933,-0.010989010989007397,0.29792429792429687
199183603413100,3.0264209,step,0.1459945067521172,28.0,2.0,0.13408865491721933,-0.010989010989007397,0.29792429792429687
199183604486000,3.0274938,step,0.1459945067521172,28.0,2.0,0.13408865491721933,-0.010989010989007397,0.29792429792429687
199183605491400,3.0284992,step,0.1459945067521172,28.0,2.0,0.13408865491721933,-0.010989010989007397,0.29792429792429687
199183606490400,3.0294982,step,0.1459945067521172,28.0,2.0,0.13408865491721933,-0.010989010989007397,0.29792429792429687
199183607672700,3.0306805,step,0.1459945067521172,28.0,2.0,0.13408865491721933,-0.010989010989007397,0.29792429792429687
199183608304100,3.0313119,step,0.1459945067521172,28.0,2.0,0.13408865491721933,-0.010989010989007397,0.29792429792429687
199183609315200,3.032323,step,0.1459945067521172,28.0,2.0,0.13408865491721933,-0.010989010989007397,0.29792429792429687
199183610331600,3.0333394,step,0.1459945067521172,28.0,2.0,0.13408865491721933,-0.010989010989007397,0.29792429792429687
199183611332100,3.0343399,step,0.1459945067521172,28.0,2.0,0.13408865491721933,-0.010989010989007397,0.29792429792429687
199183612337800,3.0353456,step,0.1459945067521172,28.0,2.0,0.13408865491721933,-0.010989010989007397,0.29792429792429687
199183613348300,3.0363561,step,0.1459945067521172,28.0,2.0,0.13408865491721933,-0.010989010989007397,0.29792429792429687
199183614455200,3.037463,step,0.1459945067521172,28.0,2.0,0.13408865491721933,-0.010989010989007397,0.29792429792429687
199183615558700,3.0385665,step,0.1459945067521172,28.0,2.0,0.13408865491721933,-0.010989010989007397,0.29792429792429687
199183616559200,3.039567,step,0.1459945067521172,28.0,2.0,0.13408865491721933,-0.010989010989007397,0.29792429792429687
199183618108900,3.0411167,step,0.1459945067521172,28.0,2.0,0.13408865491721933,-0.010989010989007397,0.29792429792429687
199183619120500,3.0421283,step,0.1459945067521172,28.0,2.0,0.13408865491721933,-0.010989010989007397,0.29792429792429687
199183620665700,3.0436735,step,0.1459945067521172,28.0,2.0,0.13408865491721933,-0.010989010989007397,0.29792429792429687
199183620791900,3.0437997,step,0.1459945067521172,28.0,2.0,0.13408865491721933,-0.010989010989007397,0.29792429792429687
199183621426600,3.0444344,step,0.1459945067521172,28.0,2.0,0.13408865491721933,-0.010989010989007397,0.29792429792429687
199183622426000,3.0454338,step,0.1459945067521172,28.0,2.0,0.13408865491721933,-0.010989010989007397,0.29792429792429687
199183623636100,3.0466439,step,0.1459945067521172,28.0,2.0,0.13408865491721933,-0.010989010989007397,0.29792429792429687
199183624365900,3.0473737,step,0.1459945067521172,28.0,2.0,0.13408865491721933,-0.010989010989007397,0.29792429792429687
199183625223500,3.0482313,step,0.1459945067521172,28.0,2.0,0.13408865491721933,-0.010989010989007397,0.29792429792429687
199183626324100,3.0493319,step,0.1459945067521172,28.0,2.0,0.13408865491721933,-0.010989010989007397,0.29792429792429687
199183627680800,3.0506886,step,0.1459945067521172,28.0,2.0,0.13408865491721933,-0.010989010989007397,0.29792429792429687
199183628650700,3.0516585,step,0.1459945067521172,28.0,2.0,0.13408865491721933,-0.010989010989007397,0.29792429792429687
199183629219600,3.0522274,step,0.1459945067521172,28.0,2.0,0.13408865491721933,-0.010989010989007397,0.29792429792429687
199183630161900,3.0531697,step,0.1459945067521172,28.0,2.0,0.13408865491721933,-0.010989010989007397,0.29792429792429687
199183631266000,3.0542738,step,0.1459945067521172,28.0,2.0,0.13408865491721933,-0.010989010989007397,0.29792429792429687
199183632370400,3.0553782,step,0.1459945067521172,28.0,2.0,0.13408865491721933,-0.010989010989007397,0.29792429792429687
199183633566600,3.0565744,step,0.1459945067521172,28.0,2.0,0.13408865491721933,-0.010989010989007397,0.29792429792429687
199183634479200,3.057487,step,0.1459945067521172,28.0,2.0,0.13408865491721933,-0.010989010989007397,0.29792429792429687
199183635478500,3.0584863,step,0.1459945067521172,28.0,2.0,0.13408865491721933,-0.010989010989007397,0.29792429792429687
199183636533200,3.059541,step,0.1459945067521172,28.0,2.0,0.13408865491721933,-0.010989010989007397,0.29792429792429687
199183637507000,3.0605148,step,0.1459945067521172,28.0,2.0,0.13408865491721933,-0.010989010989007397,0.29792429792429687
199183638514100,3.0615219,step,0.1459945067521172,28.0,2.0,0.13408865491721933,-0.010989010989007397,0.29792429792429687
199183639607800,3.0626156,step,0.1459945067521172,28.0,2.0,0.13408865491721933,-0.010989010989007397,0.29792429792429687
199183640207400,3.0632152,step,0.1459945067521172,28.0,2.0,0.13408865491721933,-0.010989010989007397,0.29792429792429687
199183641215500,3.0642233,step,0.1459945067521172,28.0,2.0,0.13408865491721933,-0.010989010989007397,0.29792429792429687
199183642279900,3.0652877,step,0.1459945067521172,28.0,2.0,0.13408865491721933,-0.010989010989007397,0.29792429792429687
199183643445800,3.0664536,step,0.1459945067521172,28.0,2.0,0.13408865491721933,-0.010989010989007397,0.29792429792429687
199183644544700,3.0675525,step,0.1459945067521172,28.0,2.0,0.13408865491721933,-0.010989010989007397,0.29792429792429687
199183645554100,3.0685619,step,0.1459945067521172,28.0,2.0,0.13408865491721933,-0.010989010989007397,0.29792429792429687
199183646557500,3.0695653,step,0.1459945067521172,28.0,2.0,0.13408865491721933,-0.010989010989007397,0.29792429792429687
199183648096700,3.0711045,step,0.1459945067521172,28.0,2.0,0.13408865491721933,-0.010989010989007397,0.29792429792429687
199183648232800,3.0712406,step,0.1459945067521172,28.0,2.0,0.13408865491721933,-0.010989010989007397,0.29792429792429687
199183649983200,3.072991,step,0.1459945067521172,28.0,2.0,0.13408865491721933,-0.010989010989007397,0.29792429792429687
199183656001100,3.0790089,step,0.1459945067521172,28.0,2.0,0.13408865491721933,-0.010989010989007397,0.29792429792429687
199183656855100,3.0798629,step,0.1459945067521172,28.0,2.0,0.13408865491721933,0.010989010989007397,0.3076923076923066
199183657003500,3.0800113,step,0.1459945067521172,28.0,2.0,0.13408865491721933,0.010989010989007397,0.3076923076923066
199183657082000,3.0800898,step,0.1459945067521172,28.0,2.0,0.13408865491721933,0.010989010989007397,0.3076923076923066
199183657179400,3.0801872,step,0.1459945067521172,28.0,2.0,0.13408865491721933,0.010989010989007397,0.3076923076923066
199183657274000,3.0802818,step,0.1459945067521172,28.0,2.0,0.13408865491721933,0.010989010989007397,0.3076923076923066
199183657438200,3.080446,step,0.1459945067521172,28.0,2.0,0.13408865491721933,0.010989010989007397,0.3076923076923066
199183657556600,3.0805644,step,0.1459945067521172,28.0,2.0,0.13408865491721933,0.010989010989007397,0.3076923076923066
199183658199700,3.0812075,step,0.1459945067521172,28.0,2.0,0.13408865491721933,0.010989010989007397,0.3076923076923066
199183660244700,3.0832525,step,0.1459945067521172,28.0,2.0,0.13408865491721933,0.010989010989007397,0.3076923076923066
199183660429100,3.0834369,step,0.1459945067521172,28.0,2.0,0.13408865491721933,0.010989010989007397,0.3076923076923066
199183661846100,3.0848539,step,0.1459945067521172,28.0,2.0,0.13408865491721933,0.010989010989007397,0.3076923076923066
199183662598700,3.0856065,step,0.1459945067521172,28.0,2.0,0.13408865491721933,0.010989010989007397,0.3076923076923066
199183663605900,3.0866137,step,0.1459945067521172,28.0,2.0,0.13408865491721933,0.010989010989007397,0.3076923076923066
199183664816300,3.0878241,step,0.1459945067521172,28.0,2.0,0.13408865491721933,0.010989010989007397,0.3076923076923066
199183665507300,3.0885151,step,0.1459945067521172,28.0,2.0,0.13408865491721933,0.010989010989007397,0.3076923076923066
199183666487800,3.0894956,step,0.1459945067521172,28.0,2.0,0.13408865491721933,0.010989010989007397,0.3076923076923066
199183667496300,3.0905041,step,0.1459945067521172,28.0,2.0,0.13408865491721933,0.010989010989007397,0.3076923076923066
199183668498300,3.0915061,step,0.1459945067521172,28.0,2.0,0.13408865491721933,0.010989010989007397,0.3076923076923066
199183670034300,3.0930421,step,0.1459945067521172,28.0,2.0,0.13408865491721933,0.010989010989007397,0.3076923076923066
199183670190200,3.093198,step,0.1459945067521172,28.0,2.0,0.13408865491721933,0.010989010989007397,0.3076923076923066
199183671331500,3.0943393,step,0.1459945067521172,28.0,2.0,0.13408865491721933,0.010989010989007397,0.3076923076923066
199183672319100,3.0953269,step,0.1459945067521172,28.0,2.0,0.13408865491721933,0.010989010989007397,0.3076923076923066
199183673409400,3.0964172,step,0.1459945067521172,28.0,2.0,0.13408865491721933,0.010989010989007397,0.3076923076923066
199183674508400,3.0975162,step,0.1459945067521172,28.0,2.0,0.13408865491721933,0.010989010989007397,0.3076923076923066
199183675606800,3.0986146,step,0.1459945067521172,28.0,2.0,0.13408865491721933,0.010989010989007397,0.3076923076923066
199183676745900,3.0997537,step,0.1459945067521172,28.0,2.0,0.13408865491721933,0.010989010989007397,0.3076923076923066
199183677383500,3.1003913,step,0.1459945067521172,28.0,2.0,0.13408865491721933,0.010989010989007397,0.3076923076923066
199183678693500,3.1017013,step,0.1459945067521172,28.0,2.0,0.13408865491721933,0.010989010989007397,0.3076923076923066
199183679866800,3.1028746,step,0.1459945067521172,28.0,2.0,0.13408865491721933,0.010989010989007397,0.3076923076923066
199183680684800,3.1036926,step,0.1459945067521172,28.0,2.0,0.13408865491721933,0.010989010989007397,0.3076923076923066
199183685550300,3.1085581,step,0.1459945067521172,28.0,2.0,0.13408865491721933,0.010989010989007397,0.3076923076923066
199183685692800,3.1087006,step,0.1459945067521172,28.0,2.0,0.13408865491721933,0.010989010989007397,0.3076923076923066
199183685801000,3.1088088,step,0.1459945067521172,28.0,2.0,0.13408865491721933,0.010989010989007397,0.3076923076923066
199183685902200,3.10891,step,0.1459945067521172,28.0,2.0,0.13408865491721933,0.010989010989007397,0.3076923076923066
199183685997100,3.1090049,step,0.1459945067521172,28.0,2.0,0.13408865491721933,0.010989010989007397,0.3076923076923066
199183686090500,3.1090983,step,0.1459945067521172,28.0,2.0,0.13408865491721933,0.010989010989007397,0.3076923076923066
199183687551600,3.1105594,step,0.1459945067521172,28.0,2.0,0.13408865491721933,0.010989010989007397,0.3076923076923066
199183688564900,3.1115727,step,0.1459945067521172,28.0,2.0,0.13408865491721933,0.010989010989007397,0.3076923076923066
199183689728000,3.1127358,step,0.1459945067521172,28.0,2.0,0.13408865491721933,0.010989010989007397,0.3076923076923066
199183690353500,3.1133613,step,0.1459945067521172,28.0,2.0,0.13408865491721933,0.010989010989007397,0.3076923076923066
199183691376600,3.1143844,step,0.1459945067521172,28.0,2.0,0.13408865491721933,0.010989010989007397,0.3076923076923066
199183692828300,3.1158361,step,0.1459945067521172,28.0,2.0,0.13408865491721933,0.010989010989007397,0.3076923076923066
199183693467100,3.1164749,step,0.1459945067521172,28.0,2.0,0.13408865491721933,0.010989010989007397,0.3076923076923066
199183695699600,3.1187074,step,0.1459945067521172,28.0,2.0,0.13408865491721933,0.010989010989007397,0.3076923076923066
199183695840300,3.1188481,step,0.1459945067521172,28.0,2.0,0.13408865491721933,0.010989010989007397,0.3076923076923066
199183696463300,3.1194711,step,0.1459945067521172,28.0,2.0,0.13408865491721933,0.010989010989007397,0.3076923076923066
199183697462100,3.1204699,step,0.1459945067521172,28.0,2.0,0.13408865491721933,0.010989010989007397,0.3076923076923066
199183698465100,3.1214729,step,0.1459945067521172,28.0,2.0,0.13408865491721933,0.010989010989007397,0.3076923076923066
199183699511200,3.122519,step,0.1459945067521172,28.0,2.0,0.13408865491721933,0.010989010989007397,0.3076923076923066
199183700473200,3.123481,step,0.1459945067521172,28.0,2.0,0.13408865491721933,0.010989010989007397,0.3076923076923066
199183701475000,3.1244828,step,0.1459945067521172,28.0,2.0,0.13408865491721933,0.010989010989007397,0.3076923076923066
199183702479000,3.1254868,step,0.1459945067521172,28.0,2.0,0.13408865491721933,0.010989010989007397,0.3076923076923066
199183703486100,3.1264939,step,0.1459945067521172,28.0,2.0,0.13408865491721933,0.010989010989007397,0.3076923076923066
199183704558800,3.1275666,step,0.1459945067521172,28.0,2.0,0.13408865491721933,0.010989010989007397,0.3076923076923066
199183705665700,3.1286735,step,0.1459945067521172,28.0,2.0,0.13408865491721933,0.010989010989007397,0.3076923076923066
199183706290300,3.1292981,step,0.1459945067521172,28.0,2.0,0.13408865491721933,0.010989010989007397,0.3076923076923066
199183707331200,3.130339,step,0.1459945067521172,28.0,2.0,0.13408865491721933,0.010989010989007397,0.3076923076923066
199183708469900,3.1314777,step,0.1459945067521172,28.0,2.0,0.13408865491721933,0.010989010989007397,0.3076923076923066
199183709599800,3.1326076,step,0.1459945067521172,28.0,2.0,0.13408865491721933,0.010989010989007397,0.3076923076923066
199183711936800,3.1349446,step,0.1459945067521172,28.0,2.0,0.13408865491721933,0.010989010989007397,0.3076923076923066
199183712478000,3.1354858,step,0.1459945067521172,28.0,2.0,0.13408865491721933,0.010989010989007397,0.3076923076923066
199183712987200,3.135995,step,0.1459945067521172,28.0,2.0,0.13408865491721933,0.010989010989007397,0.3076923076923066
199183713149600,3.1361574,step,0.1459945067521172,28.0,2.0,0.13408865491721933,0.010989010989007397,0.3076923076923066
199183715080600,3.1380884,step,0.1459945067521172,28.0,2.0,0.13408865491721933,0.010989010989007397,0.3076923076923066
199183717382500,3.1403903,step,0.1459945067521172,28.0,2.0,0.13408865491721933,0.010989010989007397,0.3076923076923066
199183717579700,3.1405875,step,0.1459945067521172,28.0,2.0,0.13408865491721933,0.010989010989007397,0.3076923076923066
199183717702300,3.1407101,step,0.1459945067521172,28.0,2.0,0.13408865491721933,0.010989010989007397,0.3076923076923066
199183718320100,3.1413279,step,0.1459945067521172,28.0,2.0,0.13408865491721933,0.010989010989007397,0.3076923076923066
199183719325100,3.1423329,step,0.1459945067521172,28.0,2.0,0.13408865491721933,0.010989010989007397,0.3076923076923066
199183720574500,3.1435823,step,0.1459945067521172,28.0,2.0,0.13408865491721933,0.010989010989007397,0.3076923076923066
199183721597000,3.1446048,step,0.1459945067521172,28.0,2.0,0.13408865491721933,0.010989010989007397,0.3076923076923066
199183722577800,3.1455856,step,0.1459945067521172,28.0,2.0,0.13408865491721933,0.010989010989007397,0.3076923076923066
199183723219800,3.1462276,step,0.1459945067521172,28.0,2.0,0.13408865491721933,0.010989010989007397,0.3076923076923066
199183724253500,3.1472613,step,0.1459945067521172,28.0,2.0,0.13408865491721933,0.010989010989007397,0.3076923076923066
199183725255800,3.1482636,step,0.1459945067521172,28.0,2.0,0.13408865491721933,0.010989010989007397,0.3076923076923066
199183726253200,3.149261,step,0.1459945067521172,28.0,2.0,0.13408865491721933,0.010989010989007397,0.3076923076923066
199183727558400,3.1505662,step,0.1459945067521172,28.0,2.0,0.13408865491721933,0.010989010989007397,0.3076923076923066
199183728186000,3.1511938,step,0.1459945067521172,28.0,2.0,0.13408865491721933,0.010989010989007397,0.3076923076923066
199183729254500,3.1522623,step,0.1459945067521172,28.0,2.0,0.13408865491721933,0.010989010989007397,0.3076923076923066
199183730204900,3.1532127,step,0.1459945067521172,28.0,2.0,0.13408865491721933,0.010989010989007397,0.3076923076923066
199183731210300,3.1542181,step,0.1459945067521172,28.0,2.0,0.13408865491721933,0.010989010989007397,0.3076923076923066
199183732209700,3.1552175,step,0.1459945067521172,28.0,2.0,0.13408865491721933,0.010989010989007397,0.3076923076923066
199183733263200,3.156271,step,0.1459945067521172,28.0,2.0,0.13408865491721933,0.010989010989007397,0.3076923076923066
199183734623800,3.1576316,step,0.1459945067521172,28.0,2.0,0.13408865491721933,0.010989010989007397,0.3076923076923066
199183735787000,3.1587948,step,0.1459945067521172,28.0,2.0,0.13408865491721933,0.010989010989007397,0.3076923076923066
199183740003700,3.1630115,step,0.1459945067521172,28.0,2.0,0.13408865491721933,0.010989010989007397,0.3076923076923066
199183740155700,3.1631635,step,0.1459945067521172,28.0,2.0,0.13408865491721933,0.010989010989007397,0.3076923076923066
199183740286900,3.1632947,step,0.1459945067521172,28.0,2.0,0.13408865491721933,0.010989010989007397,0.3076923076923066
199183740393900,3.1634017,step,0.1459945067521172,28.0,2.0,0.13408865491721933,0.010989010989007397,0.3076923076923066
199183740467700,3.1634755,step,0.1459945067521172,28.0,2.0,0.13408865491721933,0.010989010989007397,0.3076923076923066
199183741575000,3.1645828,step,0.1459945067521172,28.0,2.0,0.13408865491721933,0.010989010989007397,0.3076923076923066
199183742668200,3.165676,step,0.1459945067521172,28.0,2.0,0.13408865491721933,0.010989010989007397,0.3076923076923066
199183743579100,3.1665869,step,0.1459945067521172,28.0,2.0,0.13408865491721933,0.010989010989007397,0.3076923076923066
199183744589900,3.1675977,step,0.1459945067521172,28.0,2.0,0.13408865491721933,0.010989010989007397,0.3076923076923066
199183745093200,3.168101,step,0.1459945067521172,28.0,2.0,0.13408865491721933,0.010989010989007397,0.3076923076923066
199183746736000,3.1697438,step,0.1459945067521172,28.0,2.0,0.13408865491721933,0.010989010989007397,0.3076923076923066
199183747404500,3.1704123,step,0.1459945067521172,28.0,2.0,0.13408865491721933,0.010989010989007397,0.3076923076923066
199183748555600,3.1715634,step,0.1459945067521172,28.0,2.0,0.13408865491721933,0.010989010989007397,0.3076923076923066
199183749598000,3.1726058,step,0.1459945067521172,28.0,2.0,0.13408865491721933,0.010989010989007397,0.3076923076923066
199183750617900,3.1736257,step,0.1459945067521172,28.0,2.0,0.13408865491721933,0.010989010989007397,0.3076923076923066
199183751206100,3.1742139,step,0.1459945067521172,28.0,2.0,0.13408865491721933,0.010989010989007397,0.3076923076923066
199183752222400,3.1752302,step,0.1459945067521172,28.0,2.0,0.13408865491721933,0.010989010989007397,0.3076923076923066
199183753321500,3.1763293,step,0.1459945067521172,28.0,2.0,0.13408865491721933,0.010989010989007397,0.3076923076923066
199183754397600,3.1774054,step,0.1459945067521172,28.0,2.0,0.13408865491721933,0.010989010989007397,0.3076923076923066
199183755406500,3.1784143,step,0.1459945067521172,28.0,2.0,0.13408865491721933,0.010989010989007397,0.3076923076923066
199183756428100,3.1794359,step,0.1459945067521172,28.0,2.0,0.13408865491721933,0.010989010989007397,0.3076923076923066
199183757412600,3.1804204,step,0.1459945067521172,28.0,2.0,0.13408865491721933,0.010989010989007397,0.3076923076923066
199183758556100,3.1815639,step,0.1459945067521172,28.0,2.0,0.13408865491721933,0.010989010989007397,0.3076923076923066
199183759519100,3.1825269,step,0.1459945067521172,28.0,2.0,0.13408865491721933,-0.0549450549450512,0.29792429792429687
199183760595000,3.1836028,step,0.1459945067521172,28.0,2.0,0.13408865491721933,-0.0549450549450512,0.29792429792429687
199183761181600,3.1841894,step,0.1459945067521172,28.0,2.0,0.13408865491721933,-0.0549450549450512,0.29792429792429687
199183762185800,3.1851936,step,0.1459945067521172,28.0,2.0,0.13408865491721933,-0.0549450549450512,0.29792429792429687
199183763246900,3.1862547,step,0.1459945067521172,28.0,2.0,0.13408865491721933,-0.0549450549450512,0.29792429792429687
199183764584200,3.187592,step,0.1459945067521172,28.0,2.0,0.13408865491721933,-0.0549450549450512,0.29792429792429687
199183765306600,3.1883144,step,0.1459945067521172,28.0,2.0,0.13408865491721933,-0.0549450549450512,0.29792429792429687
199183766306800,3.1893146,step,0.1459945067521172,28.0,2.0,0.13408865491721933,-0.0549450549450512,0.29792429792429687
199183767379900,3.1903877,step,0.1459945067521172,28.0,2.0,0.13408865491721933,-0.0549450549450512,0.29792429792429687
199183768457600,3.1914654,step,0.1459945067521172,28.0,2.0,0.13408865491721933,-0.0549450549450512,0.29792429792429687
199183769660600,3.1926684,step,0.1459945067521172,28.0,2.0,0.13408865491721933,-0.0549450549450512,0.29792429792429687
199183770278700,3.1932865,step,0.1459945067521172,28.0,2.0,0.13408865491721933,-0.0549450549450512,0.29792429792429687
199183771310700,3.1943185,step,0.1459945067521172,28.0,2.0,0.13408865491721933,-0.0549450549450512,0.29792429792429687
199183772414900,3.1954227,step,0.1459945067521172,28.0,2.0,0.13408865491721933,-0.0549450549450512,0.29792429792429687
199183773474000,3.1964818,step,0.1459945067521172,28.0,2.0,0.13408865491721933,-0.0549450549450512,0.29792429792429687
199183774857100,3.1978649,step,0.1459945067521172,28.0,2.0,0.13408865491721933,-0.0549450549450512,0.29792429792429687
199183780741200,3.203749,step,0.1459945067521172,28.0,2.0,0.13408865491721933,-0.0549450549450512,0.29792429792429687
199183782003000,3.2050108,step,0.1459945067521172,28.0,2.0,0.13408865491721933,-0.0549450549450512,0.29792429792429687
199183782137800,3.2051456,step,0.1459945067521172,28.0,2.0,0.13408865491721933,-0.0549450549450512,0.29792429792429687
199183782234700,3.2052425,step,0.1459945067521172,28.0,2.0,0.13408865491721933,-0.0549450549450512,0.29792429792429687
199183782358600,3.2053664,step,0.1459945067521172,28.0,2.0,0.13408865491721933,-0.0549450549450512,0.29792429792429687
199183782422200,3.20543,step,0.1459945067521172,28.0,2.0,0.13408865491721933,-0.0549450549450512,0.29792429792429687
199183782501900,3.2055097,step,0.1459945067521172,28.0,2.0,0.13408865491721933,-0.0549450549450512,0.29792429792429687
199183782613600,3.2056214,step,0.1459945067521172,28.0,2.0,0.13408865491721933,-0.0549450549450512,0.29792429792429687
199183783224700,3.2062325,step,0.1459945067521172,28.0,2.0,0.13408865491721933,-0.0549450549450512,0.29792429792429687
199183784457800,3.2074656,step,0.1459945067521172,28.0,2.0,0.13408865491721933,-0.0549450549450512,0.29792429792429687
199183785686600,3.2086944,step,0.1459945067521172,28.0,2.0,0.13408865491721933,-0.0549450549450512,0.29792429792429687
199183786313400,3.2093212,step,0.1459945067521172,28.0,2.0,0.13408865491721933,-0.0549450549450512,0.29792429792429687
199183787319800,3.2103276,step,0.1459945067521172,28.0,2.0,0.13408865491721933,-0.0549450549450512,0.29792429792429687
199183788321900,3.2113297,step,0.1459945067521172,28.0,2.0,0.13408865491721933,-0.0549450549450512,0.29792429792429687
199183790153300,3.2131611,step,0.1459945067521172,28.0,2.0,0.13408865491721933,-0.0549450549450512,0.29792429792429687
199183801939300,3.2249471,step,0.1459945067521172,28.0,2.0,0.13408865491721933,-0.0549450549450512,0.29792429792429687
199183807901400,3.2309092,step,0.1459945067521172,28.0,2.0,0.13408865491721933,-0.0549450549450512,0.29792429792429687
199183808421300,3.2314291,step,0.1459945067521172,28.0,2.0,0.13408865491721933,-0.0549450549450512,0.29792429792429687
199183808581500,3.2315893,step,0.1459945067521172,28.0,2.0,0.13408865491721933,-0.0549450549450512,0.29792429792429687
199183808704400,3.2317122,step,0.1459945067521172,28.0,2.0,0.13408865491721933,-0.0549450549450512,0.29792429792429687
199183808829600,3.2318374,step,0.1459945067521172,28.0,2.0,0.13408865491721933,-0.0549450549450512,0.29792429792429687
199183808885200,3.231893,step,0.1459945067521172,28.0,2.0,0.13408865491721933,-0.0549450549450512,0.29792429792429687
199183808958100,3.2319659,step,0.1459945067521172,28.0,2.0,0.13408865491721933,-0.0549450549450512,0.29792429792429687
199183809037200,3.232045,step,0.1459945067521172,28.0,2.0,0.13408865491721933,-0.0549450549450512,0.29792429792429687
199183809280600,3.2322884,step,0.1459945067521172,28.0,2.0,0.13408865491721933,-0.0549450549450512,0.29792429792429687
199183809395700,3.2324035,step,0.1459945067521172,28.0,2.0,0.13408865491721933,-0.0549450549450512,0.29792429792429687
199183809466300,3.2324741,step,0.1459945067521172,28.0,2.0,0.13408865491721933,-0.0549450549450512,0.29792429792429687
199183809555900,3.2325637,step,0.1459945067521172,28.0,2.0,0.13408865491721933,-0.0549450549450512,0.29792429792429687
199183809662700,3.2326705,step,0.1459945067521172,28.0,2.0,0.13408865491721933,-0.0549450549450512,0.29792429792429687
199183809718800,3.2327266,step,0.1459945067521172,28.0,2.0,0.13408865491721933,-0.0549450549450512,0.29792429792429687
199183809774500,3.2327823,step,0.1459945067521172,28.0,2.0,0.13408865491721933,-0.0549450549450512,0.29792429792429687
199183809876600,3.2328844,step,0.1459945067521172,28.0,2.0,0.13408865491721933,-0.0549450549450512,0.29792429792429687
199183809919000,3.2329268,step,0.1459945067521172,28.0,2.0,0.13408865491721933,-0.0549450549450512,0.29792429792429687
199183809971700,3.2329795,step,0.1459945067521172,28.0,2.0,0.13408865491721933,-0.0549450549450512,0.29792429792429687
199183810040200,3.233048,step,0.1459945067521172,28.0,2.0,0.13408865491721933,-0.0549450549450512,0.29792429792429687
199183810141400,3.2331492,step,0.1459945067521172,28.0,2.0,0.13408865491721933,-0.0549450549450512,0.29792429792429687
199183811255500,3.2342633,step,0.1459945067521172,28.0,2.0,0.13408865491721933,-0.0549450549450512,0.29792429792429687
199183812457000,3.2354648,step,0.1459945067521172,28.0,2.0,0.13408865491721933,-0.0549450549450512,0.29792429792429687
199183813580200,3.236588,step,0.1459945067521172,28.0,2.0,0.13408865491721933,-0.0549450549450512,0.29792429792429687
199183814811200,3.237819,step,0.1459945067521172,28.0,2.0,0.13408865491721933,-0.0549450549450512,0.29792429792429687
199183815226100,3.2382339,step,0.1459945067521172,28.0,2.0,0.13408865491721933,-0.0549450549450512,0.29792429792429687
199183816767000,3.2397748,step,0.1459945067521172,28.0,2.0,0.13408865491721933,-0.0549450549450512,0.29792429792429687
199183817407100,3.2404149,step,0.1459945067521172,28.0,2.0,0.13408865491721933,-0.0549450549450512,0.29792429792429687
199183818415200,3.241423,step,0.1459945067521172,28.0,2.0,0.13408865491721933,-0.0549450549450512,0.29792429792429687
199183819719900,3.2427277,step,0.1459945067521172,28.0,2.0,0.13408865491721933,-0.0549450549450512,0.29792429792429687
199183820867200,3.243875,step,0.1459945067521172,28.0,2.0,0.13408865491721933,-0.0549450549450512,0.29792429792429687
199183821565300,3.2445731,step,0.1459945067521172,28.0,2.0,0.13408865491721933,-0.0549450549450512,0.29792429792429687
199183823569300,3.2465771,step,0.1459945067521172,28.0,2.0,0.13408865491721933,-0.0549450549450512,0.29792429792429687
199183823717000,3.2467248,step,0.1459945067521172,28.0,2.0,0.13408865491721933,-0.0549450549450512,0.29792429792429687
199183825570700,3.2485785,step,0.1459945067521172,28.0,2.0,0.13408865491721933,-0.0549450549450512,0.29792429792429687
199183826528000,3.2495358,step,0.1459945067521172,28.0,2.0,0.13408865491721933,-0.0549450549450512,0.29792429792429687
199183826664700,3.2496725,step,0.1459945067521172,28.0,2.0,0.13408865491721933,-0.0549450549450512,0.29792429792429687
199183827580700,3.2505885,step,0.1459945067521172,28.0,2.0,0.13408865491721933,-0.0549450549450512,0.29792429792429687
199183828708900,3.2517167,step,0.1459945067521172,28.0,2.0,0.13408865491721933,-0.0549450549450512,0.29792429792429687
199183829641800,3.2526496,step,0.1459945067521172,28.0,2.0,0.13408865491721933,-0.0549450549450512,0.29792429792429687
199183830272100,3.2532799,step,0.1459945067521172,28.0,2.0,0.13408865491721933,-0.0549450549450512,0.29792429792429687
199183831276900,3.2542847,step,0.1459945067521172,28.0,2.0,0.13408865491721933,-0.0549450549450512,0.29792429792429687
199183832279800,3.2552876,step,0.1459945067521172,28.0,2.0,0.13408865491721933,-0.0549450549450512,0.29792429792429687
199183833413100,3.2564209,step,0.1459945067521172,28.0,2.0,0.13408865491721933,-0.0549450549450512,0.29792429792429687
199183834607300,3.2576151,step,0.1459945067521172,28.0,2.0,0.13408865491721933,-0.0549450549450512,0.29792429792429687
199183835446700,3.2584545,step,0.1459945067521172,28.0,2.0,0.13408865491721933,-0.0549450549450512,0.29792429792429687
199183836577600,3.2595854,step,0.1459945067521172,28.0,2.0,0.13408865491721933,-0.0549450549450512,0.29792429792429687
199183838936600,3.2619444,step,0.1459945067521172,28.0,2.0,0.13408865491721933,-0.0549450549450512,0.29792429792429687
199183839053700,3.2620615,step,0.1459945067521172,28.0,2.0,0.13408865491721933,-0.0549450549450512,0.29792429792429687
199183839162600,3.2621704,step,0.1459945067521172,28.0,2.0,0.13408865491721933,-0.0549450549450512,0.29792429792429687
199183840878300,3.2638861,step,0.1459945067521172,28.0,2.0,0.13408865491721933,-0.0549450549450512,0.29792429792429687
199183841511100,3.2645189,step,0.1459945067521172,28.0,2.0,0.13408865491721933,-0.0549450549450512,0.29792429792429687
199183842532900,3.2655407,step,0.1459945067521172,28.0,2.0,0.13408865491721933,-0.0549450549450512,0.29792429792429687
199183843640700,3.2666485,step,0.1459945067521172,28.0,2.0,0.13408865491721933,-0.0549450549450512,0.29792429792429687
199183844264100,3.2672719,step,0.1459945067521172,28.0,2.0,0.13408865491721933,-0.0549450549450512,0.29792429792429687
199183845250500,3.2682583,step,0.1459945067521172,28.0,2.0,0.13408865491721933,-0.0549450549450512,0.29792429792429687
199183846389200,3.269397,step,0.1459945067521172,28.0,2.0,0.13408865491721933,-0.0549450549450512,0.29792429792429687
199183847468000,3.2704758,step,0.1459945067521172,28.0,2.0,0.13408865491721933,-0.0549450549450512,0.29792429792429687
199183848552300,3.2715601,step,0.1459945067521172,28.0,2.0,0.13408865491721933,-0.0549450549450512,0.29792429792429687
199183852292800,3.2753006,step,0.1459945067521172,28.0,2.0,0.13408865491721933,-0.0549450549450512,0.29792429792429687
199183853268700,3.2762765,step,0.1459945067521172,28.0,2.0,0.13408865491721933,-0.0549450549450512,0.29792429792429687
199183853457800,3.2764656,step,0.1459945067521172,28.0,2.0,0.13408865491721933,-0.0549450549450512,0.29792429792429687
199183853549100,3.2765569,step,0.1459945067521172,28.0,2.0,0.13408865491721933,-0.0549450549450512,0.29792429792429687
199183853722500,3.2767303,step,0.1459945067521172,28.0,2.0,0.13408865491721933,-0.0549450549450512,0.29792429792429687
199183854931900,3.2779397,step,0.1459945067521172,28.0,2.0,0.13408865491721933,-0.0549450549450512,0.29792429792429687
199183855570400,3.2785782,step,0.1459945067521172,28.0,2.0,0.13408865491721933,-0.0549450549450512,0.29792429792429687
199183856579400,3.2795872,step,0.1459945067521172,28.0,2.0,0.13408865491721933,-0.0549450549450512,0.29792429792429687
199183857629900,3.2806377,step,0.1459945067521172,28.0,2.0,0.13408865491721933,-0.0549450549450512,0.29792429792429687
199183858758500,3.2817663,step,0.1459945067521172,28.0,2.0,0.13408865491721933,-0.0549450549450512,0.29792429792429687
199183859377000,3.2823848,step,0.1459945067521172,28.0,2.0,0.13408865491721933,-0.0549450549450512,0.29792429792429687
199183860383600,3.2833914,step,0.1459945067521172,28.0,2.0,0.13408865491721933,-0.0549450549450512,0.29792429792429687
199183861489000,3.2844968,step,0.1459945067521172,28.0,2.0,0.13408865491721933,-0.0549450549450512,0.29792429792429687
199183862628800,3.2856366,step,0.1459945067521172,28.0,2.0,0.13408865491721933,-0.0549450549450512,0.29792429792429687
199183863231600,3.2862394,step,0.1459945067521172,28.0,2.0,0.13408865491721933,-0.0549450549450512,0.29792429792429687
199183864325000,3.2873328,step,0.1459945067521172,28.0,2.0,0.13408865491721933,-0.0549450549450512,0.29792429792429687
199183865334300,3.2883421,step,0.1459945067521172,28.0,2.0,0.13408865491721933,-0.0549450549450512,0.29792429792429687
199183866357100,3.2893649,step,0.1459945067521172,28.0,2.0,0.13408865491721933,-0.0549450549450512,0.29792429792429687
199183867431000,3.2904388,step,0.1459945067521172,28.0,2.0,0.13408865491721933,-0.0549450549450512,0.29792429792429687
199183868689400,3.2916972,step,0.1459945067521172,28.0,2.0,0.13408865491721933,-0.0329670329670364,0.29792429792429687
199183871335200,3.294343,step,0.1459945067521172,28.0,2.0,0.13408865491721933,-0.010989010989007397,0.29792429792429687
199183871469700,3.2944775,step,0.1459945067521172,28.0,2.0,0.13408865491721933,-0.010989010989007397,0.29792429792429687
199183871526100,3.2945339,step,0.1459945067521172,28.0,2.0,0.13408865491721933,-0.010989010989007397,0.29792429792429687
199183872131800,3.2951396,step,0.1459945067521172,28.0,2.0,0.13408865491721933,-0.010989010989007397,0.29792429792429687
199183873133700,3.2961415,step,0.1459945067521172,28.0,2.0,0.13408865491721933,-0.010989010989007397,0.29792429792429687
199183874218600,3.2972264,step,0.1459945067521172,28.0,2.0,0.13408865491721933,-0.010989010989007397,0.29792429792429687
199183876193600,3.2992014,step,0.1459945067521172,28.0,2.0,0.13408865491721933,-0.010989010989007397,0.29792429792429687
199183876342600,3.2993504,step,0.1459945067521172,28.0,2.0,0.13408865491721933,-0.010989010989007397,0.29792429792429687
199183877145700,3.3001535,step,0.1459945067521172,28.0,2.0,0.13408865491721933,-0.010989010989007397,0.29792429792429687
199183878230400,3.3012382,step,0.1459945067521172,28.0,2.0,0.13408865491721933,-0.010989010989007397,0.29792429792429687
199183880096500,3.3031043,step,0.1459945067521172,28.0,2.0,0.13408865491721933,-0.010989010989007397,0.29792429792429687
199183880253400,3.3032612,step,0.1459945067521172,28.0,2.0,0.13408865491721933,-0.010989010989007397,0.29792429792429687
199183881375700,3.3043835,step,0.1459945067521172,28.0,2.0,0.13408865491721933,-0.010989010989007397,0.29792429792429687
199183882393000,3.3054008,step,0.1459945067521172,28.0,2.0,0.13408865491721933,-0.010989010989007397,0.29792429792429687
199183883594300,3.3066021,step,0.1459945067521172,28.0,2.0,0.13408865491721933,-0.010989010989007397,0.29792429792429687
199183884875400,3.3078832,step,0.1459945067521172,28.0,2.0,0.13408865491721933,-0.010989010989007397,0.29792429792429687
199183885663500,3.3086713,step,0.1459945067521172,28.0,2.0,0.13408865491721933,-0.010989010989007397,0.29792429792429687
199183886465400,3.3094732,step,0.1459945067521172,28.0,2.0,0.13408865491721933,-0.010989010989007397,0.29792429792429687
199183887732300,3.3107401,step,0.1459945067521172,28.0,2.0,0.13408865491721933,-0.010989010989007397,0.29792429792429687
199183888375800,3.3113836,step,0.1459945067521172,28.0,2.0,0.13408865491721933,-0.010989010989007397,0.29792429792429687
199183892863700,3.3158715,step,0.1459945067521172,28.0,2.0,0.13408865491721933,-0.010989010989007397,0.29792429792429687
199183895384200,3.318392,step,0.1459945067521172,28.0,2.0,0.13408865491721933,-0.010989010989007397,0.29792429792429687
199183895635200,3.318643,step,0.1459945067521172,28.0,2.0,0.13408865491721933,-0.010989010989007397,0.29792429792429687
199183895753400,3.3187612,step,0.1459945067521172,28.0,2.0,0.13408865491721933,-0.010989010989007397,0.29792429792429687
199183895865700,3.3188735,step,0.1459945067521172,28.0,2.0,0.13408865491721933,-0.010989010989007397,0.29792429792429687
199183895971300,3.3189791,step,0.1459945067521172,28.0,2.0,0.13408865491721933,-0.010989010989007397,0.29792429792429687
199183896068600,3.3190764,step,0.1459945067521172,28.0,2.0,0.13408865491721933,-0.010989010989007397,0.29792429792429687
199183896180000,3.3191878,step,0.1459945067521172,28.0,2.0,0.13408865491721933,-0.010989010989007397,0.29792429792429687
199183897327600,3.3203354,step,0.1459945067521172,28.0,2.0,0.13408865491721933,-0.010989010989007397,0.29792429792429687
199183898330600,3.3213384,step,0.1459945067521172,28.0,2.0,0.13408865491721933,-0.010989010989007397,0.29792429792429687
199183899678300,3.3226861,step,0.1459945067521172,28.0,2.0,0.13408865491721933,-0.010989010989007397,0.29792429792429687
199183900976900,3.3239847,step,0.1459945067521172,28.0,2.0,0.13408865491721933,-0.010989010989007397,0.29792429792429687
199183901755400,3.3247632,step,0.1459945067521172,28.0,2.0,0.13408865491721933,-0.010989010989007397,0.29792429792429687
199183902378000,3.3253858,step,0.1459945067521172,28.0,2.0,0.13408865491721933,-0.010989010989007397,0.29792429792429687
199183903382000,3.3263898,step,0.1459945067521172,28.0,2.0,0.13408865491721933,-0.010989010989007397,0.29792429792429687
199183904632100,3.3276399,step,0.1459945067521172,28.0,2.0,0.13408865491721933,-0.010989010989007397,0.29792429792429687
199183905257900,3.3282657,step,0.1459945067521172,28.0,2.0,0.13408865491721933,-0.010989010989007397,0.29792429792429687
199183906283800,3.3292916,step,0.1459945067521172,28.0,2.0,0.13408865491721933,-0.010989010989007397,0.29792429792429687
199183907359600,3.3303674,step,0.1459945067521172,28.0,2.0,0.13408865491721933,-0.010989010989007397,0.29792429792429687
199183908424500,3.3314323,step,0.1459945067521172,28.0,2.0,0.13408865491721933,-0.010989010989007397,0.29792429792429687
199183910083400,3.3330912,step,0.1459945067521172,28.0,2.0,0.13408865491721933,-0.010989010989007397,0.29792429792429687
199183910209200,3.333217,step,0.1459945067521172,28.0,2.0,0.13408865491721933,-0.010989010989007397,0.29792429792429687
199183911322100,3.3343299,step,0.1459945067521172,28.0,2.0,0.13408865491721933,-0.010989010989007397,0.29792429792429687
199183912344400,3.3353522,step,0.1459945067521172,28.0,2.0,0.13408865491721933,-0.010989010989007397,0.29792429792429687
199183913407100,3.3364149,step,0.1459945067521172,28.0,2.0,0.13408865491721933,-0.010989010989007397,0.29792429792429687
199183914661600,3.3376694,step,0.1459945067521172,28.0,2.0,0.13408865491721933,-0.010989010989007397,0.29792429792429687
199183915455300,3.3384631,step,0.1459945067521172,28.0,2.0,0.13408865491721933,-0.010989010989007397,0.29792429792429687
199183916538800,3.3395466,step,0.1459945067521172,28.0,2.0,0.13408865491721933,-0.010989010989007397,0.29792429792429687
199183917351300,3.3403591,step,0.1459945067521172,28.0,2.0,0.13408865491721933,-0.010989010989007397,0.29792429792429687
199183918328900,3.3413367,step,0.1459945067521172,28.0,2.0,0.13408865491721933,-0.010989010989007397,0.29792429792429687
199183919905600,3.3429134,step,0.1459945067521172,28.0,2.0,0.13408865491721933,-0.010989010989007397,0.29792429792429687
199183920638400,3.3436462,step,0.1459945067521172,28.0,2.0,0.13408865491721933,-0.010989010989007397,0.29792429792429687
199183921609900,3.3446177,step,0.1459945067521172,28.0,2.0,0.13408865491721933,-0.010989010989007397,0.29792429792429687
199183922837100,3.3458449,step,0.1459945067521172,28.0,2.0,0.13408865491721933,-0.010989010989007397,0.29792429792429687
199183923542700,3.3465505,step,0.1459945067521172,28.0,2.0,0.13408865491721933,-0.010989010989007397,0.29792429792429687
199183924553400,3.3475612,step,0.1459945067521172,28.0,2.0,0.13408865491721933,-0.010989010989007397,0.29792429792429687
199183925557800,3.3485656,step,0.1459945067521172,28.0,2.0,0.13408865491721933,-0.010989010989007397,0.29792429792429687
199183926566000,3.3495738,step,0.1459945067521172,28.0,2.0,0.13408865491721933,-0.010989010989007397,0.29792429792429687
199183927567800,3.3505756,step,0.1459945067521172,28.0,2.0,0.13408865491721933,-0.010989010989007397,0.29792429792429687
199183928573600,3.3515814,step,0.1459945067521172,28.0,2.0,0.13408865491721933,-0.010989010989007397,0.29792429792429687
199183929710200,3.352718,step,0.1459945067521172,28.0,2.0,0.13408865491721933,-0.010989010989007397,0.29792429792429687
199183930549100,3.3535569,step,0.1459945067521172,28.0,2.0,0.13408865491721933,-0.010989010989007397,0.29792429792429687
199183931609600,3.3546174,step,0.1459945067521172,28.0,2.0,0.13408865491721933,-0.010989010989007397,0.29792429792429687
199183932612900,3.3556207,step,0.1459945067521172,28.0,2.0,0.13408865491721933,-0.010989010989007397,0.29792429792429687
199183933844700,3.3568525,step,0.1459945067521172,28.0,2.0,0.13408865491721933,-0.010989010989007397,0.29792429792429687
199183934684800,3.3576926,step,0.1459945067521172,28.0,2.0,0.13408865491721933,-0.010989010989007397,0.29792429792429687
199183935611700,3.3586195,step,0.1459945067521172,28.0,2.0,0.13408865491721933,-0.010989010989007397,0.29792429792429687
199183936597600,3.3596054,step,0.1459945067521172,28.0,2.0,0.13408865491721933,-0.010989010989007397,0.29792429792429687
199183937763000,3.3607708,step,0.1459945067521172,28.0,2.0,0.13408865491721933,-0.010989010989007397,0.29792429792429687
199183938438900,3.3614467,step,0.1459945067521172,28.0,2.0,0.13408865491721933,-0.010989010989007397,0.29792429792429687
199183939633000,3.3626408,step,0.1459945067521172,28.0,2.0,0.13408865491721933,-0.010989010989007397,0.29792429792429687
199183940472600,3.3634804,step,0.1459945067521172,28.0,2.0,0.13408865491721933,-0.010989010989007397,0.29792429792429687
199183941472900,3.3644807,step,0.1459945067521172,28.0,2.0,0.13408865491721933,-0.010989010989007397,0.29792429792429687
199183942483100,3.3654909,step,0.1459945067521172,28.0,2.0,0.13408865491721933,-0.010989010989007397,0.29792429792429687
199183943487200,3.366495,step,0.1459945067521172,28.0,2.0,0.13408865491721933,-0.010989010989007397,0.29792429792429687
199183944811000,3.3678188,step,0.1459945067521172,28.0,2.0,0.13408865491721933,-0.010989010989007397,0.29792429792429687
199183945540000,3.3685478,step,0.1459945067521172,28.0,2.0,0.13408865491721933,-0.010989010989007397,0.29792429792429687
199183946626300,3.3696341,step,0.1459945067521172,28.0,2.0,0.13408865491721933,-0.010989010989007397,0.29792429792429687
199183947548400,3.3705562,step,0.1459945067521172,28.0,2.0,0.13408865491721933,-0.010989010989007397,0.29792429792429687
199183948553700,3.3715615,step,0.1459945067521172,28.0,2.0,0.13408865491721933,-0.010989010989007397,0.29792429792429687
199183949853200,3.372861,step,0.1459945067521172,28.0,2.0,0.13408865491721933,-0.010989010989007397,0.29792429792429687
199183950588600,3.3735964,step,0.1459945067521172,28.0,2.0,0.13408865491721933,-0.010989010989007397,0.29792429792429687
199183951588100,3.3745959,step,0.1459945067521172,28.0,2.0,0.13408865491721933,-0.010989010989007397,0.29792429792429687
199183952594700,3.3756025,step,0.1459945067521172,28.0,2.0,0.13408865491721933,-0.010989010989007397,0.29792429792429687
199183953670500,3.3766783,step,0.1459945067521172,28.0,2.0,0.13408865491721933,-0.010989010989007397,0.29792429792429687
199183954605500,3.3776133,step,0.1459945067521172,28.0,2.0,0.13408865491721933,-0.010989010989007397,0.29792429792429687
199183955602200,3.37861,step,0.1459945067521172,28.0,2.0,0.13408865491721933,-0.010989010989007397,0.29792429792429687
199183956611000,3.3796188,step,0.1459945067521172,28.0,2.0,0.13408865491721933,-0.010989010989007397,0.29792429792429687
199183957222700,3.3802305,step,0.1459945067521172,28.0,2.0,0.13408865491721933,-0.010989010989007397,0.29792429792429687
199183958292300,3.3813001,step,0.1459945067521172,28.0,2.0,0.13408865491721933,-0.010989010989007397,0.29792429792429687
199183959404000,3.3824118,step,0.1459945067521172,28.0,2.0,0.13408865491721933,-0.010989010989007397,0.29792429792429687
199183960717000,3.3837248,step,0.1459945067521172,28.0,2.0,0.13408865491721933,-0.010989010989007397,0.29792429792429687
199183961381400,3.3843892,step,0.1459945067521172,28.0,2.0,0.13408865491721933,-0.010989010989007397,0.29792429792429687
199183962490800,3.3854986,step,0.1459945067521172,28.0,2.0,0.13408865491721933,-0.010989010989007397,0.29792429792429687
199183963524500,3.3865323,step,0.1459945067521172,28.0,2.0,0.13408865491721933,-0.010989010989007397,0.29792429792429687
199183964622500,3.3876303,step,0.1459945067521172,28.0,2.0,0.13408865491721933,-0.010989010989007397,0.29792429792429687
199183965619900,3.3886277,step,0.1459945067521172,28.0,2.0,0.13408865491721933,-0.010989010989007397,0.29792429792429687
199183966629200,3.389637,step,0.1459945067521172,28.0,2.0,0.13408865491721933,-0.010989010989007397,0.29792429792429687
199183967621300,3.3906291,step,0.1459945067521172,28.0,2.0,0.13408865491721933,-0.010989010989007397,0.29792429792429687
199183968628900,3.3916367,step,0.1459945067521172,28.0,2.0,0.13408865491721933,-0.010989010989007397,0.29792429792429687
199183969633400,3.3926412,step,0.1459945067521172,28.0,2.0,0.13408865491721933,-0.010989010989007397,0.29792429792429687
199183970641400,3.3936492,step,0.1459945067521172,28.0,2.0,0.13408865491721933,-0.010989010989007397,0.29792429792429687
199183971855700,3.3948635,step,0.1459945067521172,28.0,2.0,0.13408865491721933,-0.010989010989007397,0.29792429792429687
199183972502700,3.3955105,step,0.1459945067521172,28.0,2.0,0.13408865491721933,-0.010989010989007397,0.29792429792429687
199183973507000,3.3965148,step,0.1459945067521172,28.0,2.0,0.13408865491721933,-0.010989010989007397,0.29792429792429687
199183974663900,3.3976717,step,0.1459945067521172,28.0,2.0,0.13408865491721933,-0.010989010989007397,0.29792429792429687
199183975162700,3.3981705,step,0.1459945067521172,28.0,2.0,0.13408865491721933,-0.010989010989007397,0.29792429792429687
199183976167500,3.3991753,step,0.1459945067521172,28.0,2.0,0.13408865491721933,-0.010989010989007397,0.29792429792429687
199183977292800,3.4003006,step,0.1459945067521172,28.0,2.0,0.13408865491721933,-0.010989010989007397,0.29792429792429687
199183978487300,3.4014951,back,-0.0040054932478827965,28.0,2.0,0.13408865491721933,-0.010989010989007397,0.29792429792429687
199183979574100,3.4025819,back,-0.0040054932478827965,28.0,2.0,0.13408865491721933,0.010989010989007397,0.29792429792429687
199183980578000,3.4035858,back,-0.0040054932478827965,28.0,2.0,0.13408865491721933,-0.010989010989007397,0.28815628815628713
199183981576700,3.4045845,back,-0.0040054932478827965,28.0,2.0,0.13370717936980192,-0.0329670329670364,0.03418803418803407
199183982741400,3.4057492,back,-0.0040054932478827965,28.0,2.0,0.13370717936980192,-0.0329670329670364,0.03418803418803407
199183983385000,3.4063928,back,-0.0040054932478827965,28.0,2.0,0.13370717936980192,-0.0329670329670364,0.03418803418803407
199183984393800,3.4074016,back,-0.0040054932478827965,28.0,2.0,0.13370717936980192,-0.0329670329670364,0.03418803418803407
199183985431400,3.4084392,back,-0.0040054932478827965,28.0,2.0,0.13370717936980192,-0.0329670329670364,0.03418803418803407
199183986563600,3.4095714,back,-0.0040054932478827965,28.0,2.0,0.13370717936980192,-0.0329670329670364,0.03418803418803407
199183987741700,3.4107495,back,-0.0040054932478827965,28.0,2.0,0.13370717936980192,-0.0329670329670364,0.03418803418803407
199183988364400,3.4113722,back,-0.0040054932478827965,28.0,2.0,0.13370717936980192,-0.0329670329670364,0.03418803418803407
199183989373900,3.4123817,back,-0.0040054932478827965,28.0,2.0,0.13370717936980192,-0.0329670329670364,0.03418803418803407
199183990379300,3.4133871,back,-0.0040054932478827965,28.0,2.0,0.13370717936980192,-0.0329670329670364,0.03418803418803407
199183991413900,3.4144217,back,-0.0040054932478827965,28.0,2.0,0.13370717936980192,-0.0329670329670364,0.03418803418803407
199183992554600,3.4155624,back,-0.0040054932478827965,28.0,2.0,0.13370717936980192,-0.0329670329670364,0.03418803418803407
199183993806800,3.4168146,back,-0.0040054932478827965,28.0,2.0,0.13370717936980192,-0.0329670329670364,0.03418803418803407
199183994691900,3.4176997,back,-0.0040054932478827965,28.0,2.0,0.13370717936980192,-0.0329670329670364,0.03418803418803407
199183995363100,3.4183709,back,-0.0040054932478827965,28.0,2.0,0.13370717936980192,-0.0329670329670364,0.03418803418803407
199183996369100,3.4193769,back,-0.0040054932478827965,28.0,2.0,0.13370717936980192,-0.0329670329670364,0.03418803418803407
199183997413500,3.4204213,back,-0.0040054932478827965,28.0,2.0,0.13370717936980192,-0.0329670329670364,0.03418803418803407
199183998543500,3.4215513,back,-0.0040054932478827965,28.0,2.0,0.13370717936980192,-0.0329670329670364,0.03418803418803407
199183999797100,3.4228049,back,-0.0040054932478827965,28.0,2.0,0.13370717936980192,-0.0329670329670364,0.03418803418803407
199184000636800,3.4236446,back,-0.0040054932478827965,28.0,2.0,0.13370717936980192,-0.0329670329670364,0.03418803418803407
199184001649000,3.4246568,back,-0.0040054932478827965,28.0,2.0,0.13370717936980192,-0.0329670329670364,0.03418803418803407
199184002649300,3.4256571,back,-0.0040054932478827965,28.0,2.0,0.13370717936980192,-0.0329670329670364,0.03418803418803407
199184003720100,3.4267279,back,-0.0040054932478827965,28.0,2.0,0.13370717936980192,-0.0329670329670364,0.03418803418803407
199184004970100,3.4279779,back,-0.0040054932478827965,28.0,2.0,0.13370717936980192,-0.0329670329670364,0.03418803418803407
199184005817300,3.4288251,back,-0.0040054932478827965,28.0,2.0,0.13370717936980192,-0.0329670329670364,0.03418803418803407
199184006478300,3.4294861,back,-0.0040054932478827965,28.0,2.0,0.13370717936980192,-0.0329670329670364,0.03418803418803407
199184007478100,3.4304859,back,-0.0040054932478827965,28.0,2.0,0.13370717936980192,-0.0329670329670364,0.03418803418803407
199184008512200,3.43152,back,-0.0040054932478827965,28.0,2.0,0.13370717936980192,-0.0329670329670364,0.03418803418803407
199184010028800,3.4330366,back,-0.0040054932478827965,28.0,2.0,0.13370717936980192,-0.0329670329670364,0.03418803418803407
199184010198700,3.4332065,back,-0.0040054932478827965,28.0,2.0,0.13370717936980192,-0.0329670329670364,0.03418803418803407
199184011416800,3.4344246,back,-0.0040054932478827965,28.0,2.0,0.13370717936980192,-0.0329670329670364,0.03418803418803407
199184012416900,3.4354247,back,-0.0040054932478827965,28.0,2.0,0.13370717936980192,-0.0329670329670364,0.03418803418803407
199184013425800,3.4364336,back,-0.0040054932478827965,28.0,2.0,0.13370717936980192,-0.0329670329670364,0.03418803418803407
199184014430800,3.4374386,back,-0.0040054932478827965,28.0,2.0,0.13370717936980192,-0.0329670329670364,0.03418803418803407
199184015437100,3.4384449,back,-0.0040054932478827965,28.0,2.0,0.13370717936980192,-0.0329670329670364,0.03418803418803407
199184016478000,3.4394858,back,-0.0040054932478827965,28.0,2.0,0.13370717936980192,-0.0329670329670364,0.03418803418803407
199184017493900,3.4405017,back,-0.0040054932478827965,28.0,2.0,0.13370717936980192,-0.0329670329670364,0.03418803418803407
199184018639400,3.4416472,back,-0.0040054932478827965,28.0,2.0,0.13370717936980192,-0.0329670329670364,0.03418803418803407
199184019770300,3.4427781,back,-0.0040054932478827965,28.0,2.0,0.13370717936980192,-0.0329670329670364,0.03418803418803407
199184020525100,3.4435329,back,-0.0040054932478827965,28.0,2.0,0.13370717936980192,-0.0329670329670364,0.03418803418803407
199184021491200,3.444499,back,-0.0040054932478827965,28.0,2.0,0.13370717936980192,-0.0329670329670364,0.03418803418803407
199184022637900,3.4456457,back,-0.0040054932478827965,28.0,2.0,0.13370717936980192,-0.0329670329670364,0.03418803418803407
199184023896200,3.446904,back,-0.0040054932478827965,28.0,2.0,0.13370717936980192,-0.0329670329670364,0.03418803418803407
199184024591300,3.4475991,back,-0.0040054932478827965,28.0,2.0,0.13370717936980192,-0.0329670329670364,0.03418803418803407
199184025521300,3.4485291,back,-0.0040054932478827965,28.0,2.0,0.13370717936980192,-0.0329670329670364,0.03418803418803407
199184026520900,3.4495287,back,-0.0040054932478827965,28.0,2.0,0.13370717936980192,-0.0329670329670364,0.03418803418803407
199184027519900,3.4505277,back,-0.0040054932478827965,28.0,2.0,0.13370717936980192,-0.0329670329670364,0.03418803418803407
199184028644500,3.4516523,back,-0.0040054932478827965,28.0,2.0,0.13370717936980192,-0.0329670329670364,0.03418803418803407
199184029778700,3.4527865,back,-0.0040054932478827965,28.0,2.0,0.13370717936980192,-0.0329670329670364,0.03418803418803407
199184030446000,3.4534538,back,-0.0040054932478827965,28.0,2.0,0.13370717936980192,-0.0329670329670364,0.03418803418803407
199184031449000,3.4544568,back,-0.0040054932478827965,28.0,2.0,0.13370717936980192,-0.0329670329670364,0.03418803418803407
199184032530200,3.455538,back,-0.0040054932478827965,28.0,2.0,0.13370717936980192,-0.0329670329670364,0.03418803418803407
199184033696100,3.4567039,back,-0.0040054932478827965,28.0,2.0,0.13370717936980192,-0.0329670329670364,0.03418803418803407
199184034320000,3.4573278,back,-0.0040054932478827965,28.0,2.0,0.13370717936980192,-0.0329670329670364,0.03418803418803407
199184035330500,3.4583383,back,-0.0040054932478827965,28.0,2.0,0.13370717936980192,-0.0329670329670364,0.03418803418803407
199184036327000,3.4593348,back,-0.0040054932478827965,28.0,2.0,0.13370717936980192,-0.0329670329670364,0.03418803418803407
199184037326600,3.4603344,back,-0.0040054932478827965,28.0,2.0,0.13370717936980192,-0.0329670329670364,0.03418803418803407
199184038347200,3.461355,back,-0.0040054932478827965,28.0,2.0,0.13370717936980192,-0.0329670329670364,0.03418803418803407
199184039527100,3.4625349,back,-0.0040054932478827965,28.0,2.0,0.13370717936980192,-0.0329670329670364,0.03418803418803407
199184040451300,3.4634591,back,-0.0040054932478827965,28.0,2.0,0.13370717936980192,-0.0329670329670364,0.03418803418803407
199184041457200,3.464465,back,-0.0040054932478827965,28.0,2.0,0.13370717936980192,-0.0329670329670364,0.03418803418803407
199184042457800,3.4654656,back,-0.0040054932478827965,28.0,2.0,0.13370717936980192,-0.0329670329670364,0.03418803418803407
199184043461500,3.4664693,back,-0.0040054932478827965,28.0,2.0,0.13370717936980192,-0.0329670329670364,0.03418803418803407
199184044473900,3.4674817,back,-0.0040054932478827965,28.0,2.0,0.13370717936980192,-0.0329670329670364,0.03418803418803407
199184045478800,3.4684866,back,-0.0040054932478827965,28.0,2.0,0.13370717936980192,-0.0329670329670364,0.03418803418803407
199184046478700,3.4694865,back,-0.0040054932478827965,28.0,2.0,0.13370717936980192,-0.0329670329670364,0.03418803418803407
199184047481700,3.4704895,back,-0.0040054932478827965,28.0,2.0,0.13370717936980192,-0.0329670329670364,0.03418803418803407
199184048564300,3.4715721,back,-0.0040054932478827965,28.0,2.0,0.13370717936980192,-0.0329670329670364,0.03418803418803407
199184049767600,3.4727754,back,-0.0040054932478827965,28.0,2.0,0.13370717936980192,-0.0329670329670364,0.03418803418803407
199184050396100,3.4734039,back,-0.0040054932478827965,28.0,2.0,0.13370717936980192,-0.0329670329670364,0.03418803418803407
199184051397100,3.4744049,back,-0.0040054932478827965,28.0,2.0,0.13370717936980192,-0.0329670329670364,0.03418803418803407
199184052480300,3.4754881,back,-0.0040054932478827965,28.0,2.0,0.13370717936980192,-0.0329670329670364,0.03418803418803407
199184053491100,3.4764989,back,-0.0040054932478827965,28.0,2.0,0.13370717936980192,-0.0329670329670364,0.03418803418803407
199184054913400,3.4779212,back,-0.0040054932478827965,28.0,2.0,0.13370717936980192,-0.0329670329670364,0.03418803418803407
199184055588500,3.4785963,back,-0.0040054932478827965,28.0,2.0,0.13370717936980192,-0.0329670329670364,0.03418803418803407
199184056597000,3.4796048,back,-0.0040054932478827965,28.0,2.0,0.13370717936980192,-0.0329670329670364,0.03418803418803407
199184057702700,3.4807105,back,-0.0040054932478827965,28.0,2.0,0.13370717936980192,-0.0329670329670364,0.03418803418803407
199184058359200,3.481367,back,-0.0040054932478827965,28.0,2.0,0.13370717936980192,-0.0329670329670364,0.03418803418803407
199184059366800,3.4823746,back,-0.0040054932478827965,28.0,2.0,0.13370717936980192,-0.0329670329670364,0.03418803418803407
199184060371800,3.4833796,back,-0.0040054932478827965,28.0,2.0,0.13370717936980192,-0.0329670329670364,0.03418803418803407
199184061375400,3.4843832,back,-0.0040054932478827965,28.0,2.0,0.13370717936980192,-0.0329670329670364,0.03418803418803407
199184062531700,3.4855395,back,-0.0040054932478827965,28.0,2.0,0.13370717936980192,-0.0329670329670364,0.03418803418803407
199184063600700,3.4866085,back,-0.0040054932478827965,28.0,2.0,0.13370717936980192,-0.0329670329670364,0.03418803418803407
199184064728800,3.4877366,back,-0.0040054932478827965,28.0,2.0,0.13370717936980192,-0.0329670329670364,0.03418803418803407
199184065407800,3.4884156,back,-0.0040054932478827965,28.0,2.0,0.13370717936980192,-0.0329670329670364,0.03418803418803407
199184066412700,3.4894205,back,-0.0040054932478827965,28.0,2.0,0.13370717936980192,-0.0329670329670364,0.03418803418803407
199184067649300,3.4906571,back,-0.0040054932478827965,28.0,2.0,0.13370717936980192,-0.0329670329670364,0.03418803418803407
199184068658800,3.4916666,back,-0.0040054932478827965,28.0,2.0,0.13370717936980192,-0.0329670329670364,0.03418803418803407
199184069388300,3.4923961,back,-0.0040054932478827965,28.0,2.0,0.13370717936980192,-0.0329670329670364,0.03418803418803407
199184070437500,3.4934453,back,-0.0040054932478827965,28.0,2.0,0.13370717936980192,-0.0329670329670364,0.03418803418803407
199184071831500,3.4948393,back,-0.0040054932478827965,28.0,2.0,0.13370717936980192,-0.0329670329670364,0.03418803418803407
199184072487200,3.495495,back,-0.0040054932478827965,28.0,2.0,0.13370717936980192,-0.0329670329670364,0.03418803418803407
199184073629600,3.4966374,back,-0.0040054932478827965,28.0,2.0,0.13370717936980192,-0.0329670329670364,0.03418803418803407
199184074623800,3.4976316,back,-0.0040054932478827965,28.0,2.0,0.13370717936980192,-0.0329670329670364,0.03418803418803407
199184075829700,3.4988375,back,-0.0040054932478827965,28.0,2.0,0.13370717936980192,-0.0329670329670364,0.03418803418803407
199184076557000,3.4995648,back,-0.0040054932478827965,28.0,2.0,0.13370717936980192,-0.0329670329670364,0.03418803418803407
199184077569900,3.5005777,back,-0.0040054932478827965,28.0,2.0,0.13370717936980192,-0.0329670329670364,0.03418803418803407
199184078767700,3.5017755,back,-0.0040054932478827965,28.0,2.0,0.13370717936980192,-0.0329670329670364,0.03418803418803407
199184079462700,3.5024705,back,-0.0040054932478827965,28.0,2.0,0.13370717936980192,-0.0329670329670364,0.03418803418803407
199184080462600,3.5034704,back,-0.0040054932478827965,28.0,2.0,0.13370717936980192,-0.0329670329670364,0.03418803418803407
199184081468400,3.5044762,back,-0.0040054932478827965,28.0,2.0,0.13370717936980192,-0.0329670329670364,0.03418803418803407
199184082471500,3.5054793,back,-0.0040054932478827965,28.0,2.0,0.13370717936980192,-0.0329670329670364,0.03418803418803407
199184083673800,3.5066816,back,-0.0040054932478827965,28.0,2.0,0.13370717936980192,-0.0329670329670364,0.03418803418803407
199184084660300,3.5076681,back,-0.0040054932478827965,28.0,2.0,0.13370717936980192,-0.0329670329670364,0.03418803418803407
199184085157000,3.5081648,back,-0.0040054932478827965,28.0,2.0,0.13370717936980192,-0.0329670329670364,0.03418803418803407
199184086338600,3.5093464,back,-0.0040054932478827965,28.0,2.0,0.13370717936980192,-0.0329670329670364,0.03418803418803407
199184087679200,3.510687,back,-0.0040054932478827965,28.0,2.0,0.0497825589379719,-1.0879120879120876,0.47374847374847207
199184088678600,3.5116864,back,-0.0040054932478827965,28.0,2.0,0.02574959945067512,-0.5824175824175768,0.34676434676434553
199184089321300,3.5123291,back,-0.0040054932478827965,28.0,2.0,0.02574959945067512,-0.5824175824175768,0.34676434676434553
199184090326200,3.513334,back,-0.0040054932478827965,28.0,2.0,0.02574959945067512,-0.5824175824175768,0.34676434676434553
199184091332700,3.5143405,back,-0.0040054932478827965,28.0,2.0,0.02574959945067512,-0.5824175824175768,0.34676434676434553
199184092459900,3.5154677,back,-0.0040054932478827965,28.0,2.0,0.02574959945067512,-0.5824175824175768,0.34676434676434553
199184093476300,3.5164841,back,-0.0040054932478827965,28.0,2.0,0.02574959945067512,-0.5824175824175768,0.34676434676434553
199184094556700,3.5175645,back,-0.0040054932478827965,28.0,2.0,0.02574959945067512,-0.5824175824175768,0.34676434676434553
199184095647700,3.5186555,back,-0.0040054932478827965,28.0,2.0,0.02574959945067512,-0.5824175824175768,0.34676434676434553
199184096852200,3.51986,back,-0.0040054932478827965,28.0,2.0,0.02574959945067512,-0.5824175824175768,0.34676434676434553
199184097509600,3.5205174,back,-0.0040054932478827965,28.0,2.0,0.02574959945067512,-0.5824175824175768,0.34676434676434553
199184098515200,3.521523,back,-0.0040054932478827965,28.0,2.0,0.02574959945067512,-0.5824175824175768,0.34676434676434553
199184099603500,3.5226113,back,-0.0040054932478827965,28.0,2.0,0.02574959945067512,-0.5824175824175768,0.34676434676434553
199184100646000,3.5236538,back,-0.0040054932478827965,28.0,2.0,0.02574959945067512,-0.5824175824175768,0.34676434676434553
199184101397200,3.524405,back,-0.0040054932478827965,28.0,2.0,0.02574959945067512,-0.5824175824175768,0.34676434676434553
199184102309800,3.5253176,back,-0.0040054932478827965,28.0,2.0,0.02574959945067512,-0.5824175824175768,0.34676434676434553
199184103449800,3.5264576,back,-0.0040054932478827965,28.0,2.0,0.02574959945067512,-0.5824175824175768,0.34676434676434553
199184104516100,3.5275239,back,-0.0040054932478827965,28.0,2.0,0.02574959945067512,-0.5824175824175768,0.34676434676434553
199184105678100,3.5286859,back,-0.0040054932478827965,28.0,2.0,0.02574959945067512,-0.5824175824175768,0.34676434676434553
199184106903300,3.5299111,back,-0.0040054932478827965,28.0,2.0,0.02574959945067512,-0.5824175824175768,0.34676434676434553
199184107582600,3.5305904,back,-0.0040054932478827965,28.0,2.0,0.02574959945067512,-0.5824175824175768,0.34676434676434553
199184108589000,3.5315968,back,-0.0040054932478827965,28.0,2.0,0.02574959945067512,-0.5824175824175768,0.34676434676434553
199184109688800,3.5326966,back,-0.0040054932478827965,28.0,2.0,0.02574959945067512,-0.5824175824175768,0.34676434676434553
199184110183500,3.5331913,back,-0.0040054932478827965,28.0,2.0,0.02574959945067512,-0.5824175824175768,0.34676434676434553
199184111188600,3.5341964,back,-0.0040054932478827965,28.0,2.0,0.02574959945067512,-0.5824175824175768,0.34676434676434553
199184112217900,3.5352257,back,-0.0040054932478827965,28.0,2.0,0.02574959945067512,-0.5824175824175768,0.34676434676434553
199184113198600,3.5362064,back,-0.0040054932478827965,28.0,2.0,0.02574959945067512,-0.5824175824175768,0.34676434676434553
199184115071400,3.5380792,back,-0.0040054932478827965,28.0,2.0,0.02574959945067512,-0.5824175824175768,0.34676434676434553
199184115219300,3.5382271,back,-0.0040054932478827965,28.0,2.0,0.02574959945067512,-0.5824175824175768,0.34676434676434553
199184116207300,3.5392151,back,-0.0040054932478827965,28.0,2.0,0.02574959945067512,-0.5824175824175768,0.34676434676434553
199184117399900,3.5404077,back,-0.0040054932478827965,28.0,2.0,0.02574959945067512,-0.5824175824175768,0.34676434676434553
199184121804100,3.5448119,back,-0.0040054932478827965,28.0,2.0,0.02574959945067512,-0.5824175824175768,0.34676434676434553
199184122016100,3.5450239,back,-0.0040054932478827965,28.0,2.0,0.02574959945067512,-0.5824175824175768,0.34676434676434553
199184122170400,3.5451782,back,-0.0040054932478827965,28.0,2.0,0.02574959945067512,-0.5824175824175768,0.34676434676434553
199184122288500,3.5452963,back,-0.0040054932478827965,28.0,2.0,0.02574959945067512,-0.5824175824175768,0.34676434676434553
199184122398000,3.5454058,back,-0.0040054932478827965,28.0,2.0,0.02574959945067512,-0.5824175824175768,0.34676434676434553
199184123531500,3.5465393,back,-0.0040054932478827965,28.0,2.0,0.02574959945067512,-0.5824175824175768,0.34676434676434553
199184125631400,3.5486392,back,-0.0040054932478827965,28.0,2.0,0.02574959945067512,-0.5824175824175768,0.34676434676434553
199184125824200,3.548832,back,-0.0040054932478827965,28.0,2.0,0.02574959945067512,-0.5824175824175768,0.34676434676434553
199184126443500,3.5494513,back,-0.0040054932478827965,28.0,2.0,0.02574959945067512,-0.5824175824175768,0.34676434676434553
199184127444100,3.5504519,back,-0.0040054932478827965,28.0,2.0,0.02574959945067512,-0.5824175824175768,0.34676434676434553
199184128554500,3.5515623,back,-0.0040054932478827965,28.0,2.0,0.02574959945067512,-0.5824175824175768,0.34676434676434553
199184131082800,3.5540906,back,-0.0040054932478827965,28.0,2.0,0.02574959945067512,-0.5824175824175768,0.34676434676434553
199184134090100,3.5570979,back,-0.0040054932478827965,28.0,2.0,0.02574959945067512,-0.5824175824175768,0.34676434676434553
199184135285100,3.5582929,back,-0.0040054932478827965,28.0,2.0,0.02574959945067512,-0.5824175824175768,0.34676434676434553
199184135460500,3.5584683,back,-0.0040054932478827965,28.0,2.0,0.02574959945067512,-0.5824175824175768,0.34676434676434553
199184135630200,3.558638,back,-0.0040054932478827965,28.0,2.0,0.02574959945067512,-0.5824175824175768,0.34676434676434553
199184135807100,3.5588149,back,-0.0040054932478827965,28.0,2.0,0.02574959945067512,-0.5824175824175768,0.34676434676434553
199184135968000,3.5589758,back,-0.0040054932478827965,28.0,2.0,0.02574959945067512,-0.5824175824175768,0.34676434676434553
199184136588400,3.5595962,back,-0.0040054932478827965,28.0,2.0,0.02574959945067512,-0.5824175824175768,0.34676434676434553
199184137622800,3.5606306,back,-0.0040054932478827965,28.0,2.0,0.02574959945067512,-0.5824175824175768,0.34676434676434553
199184138406600,3.5614144,back,-0.0040054932478827965,28.0,2.0,0.02574959945067512,-0.5824175824175768,0.34676434676434553
199184139749400,3.5627572,back,-0.0040054932478827965,28.0,2.0,0.02574959945067512,-0.5824175824175768,0.34676434676434553
199184140470300,3.5634781,back,-0.0040054932478827965,28.0,2.0,0.02574959945067512,-0.5824175824175768,0.34676434676434553
199184141506600,3.5645144,back,-0.0040054932478827965,28.0,2.0,0.02574959945067512,-0.5824175824175768,0.34676434676434553
199184142821400,3.5658292,back,-0.0040054932478827965,28.0,2.0,0.02574959945067512,-0.5824175824175768,0.34676434676434553
199184143575300,3.5665831,back,-0.0040054932478827965,28.0,2.0,0.02574959945067512,-0.5824175824175768,0.34676434676434553
199184145200300,3.5682081,back,-0.0040054932478827965,28.0,2.0,0.02574959945067512,-0.5824175824175768,0.34676434676434553
199184145352100,3.5683599,back,-0.0040054932478827965,28.0,2.0,0.02574959945067512,-0.5824175824175768,0.34676434676434553
199184146314100,3.5693219,back,-0.0040054932478827965,28.0,2.0,0.02574959945067512,-0.5824175824175768,0.34676434676434553
199184147323700,3.5703315,back,-0.0040054932478827965,28.0,2.0,0.02574959945067512,-0.5824175824175768,0.34676434676434553
199184148546800,3.5715546,back,-0.0040054932478827965,28.0,2.0,0.02574959945067512,-0.5824175824175768,0.34676434676434553
199184150729800,3.5737376,back,-0.0040054932478827965,28.0,2.0,0.02574959945067512,-0.5824175824175768,0.34676434676434553
199184150894200,3.573902,back,-0.0040054932478827965,28.0,2.0,0.02574959945067512,-0.5824175824175768,0.34676434676434553
199184151500000,3.5745078,back,-0.0040054932478827965,28.0,2.0,0.02574959945067512,-0.5824175824175768,0.34676434676434553
199184152502100,3.5755099,back,-0.0040054932478827965,28.0,2.0,0.02574959945067512,-0.5824175824175768,0.34676434676434553
199184153554800,3.5765626,back,-0.0040054932478827965,28.0,2.0,0.02574959945067512,-0.5824175824175768,0.34676434676434553
199184155000900,3.5780087,back,-0.0040054932478827965,28.0,2.0,0.02574959945067512,-0.5824175824175768,0.34676434676434553
199184155143900,3.5781517,back,-0.0040054932478827965,28.0,2.0,0.02574959945067512,-0.5824175824175768,0.34676434676434553
199184156329500,3.5793373,back,-0.0040054932478827965,28.0,2.0,0.02574959945067512,-0.5824175824175768,0.34676434676434553
199184157301900,3.5803097,back,-0.0040054932478827965,28.0,2.0,0.02574959945067512,-0.5824175824175768,0.34676434676434553
199184158359700,3.5813675,back,-0.0040054932478827965,28.0,2.0,0.02574959945067512,-0.5824175824175768,0.34676434676434553
199184159755300,3.5827631,back,-0.0040054932478827965,28.0,2.0,0.02574959945067512,-0.5824175824175768,0.34676434676434553
199184160425400,3.5834332,back,-0.0040054932478827965,28.0,2.0,0.02574959945067512,-0.5824175824175768,0.34676434676434553
199184162425100,3.5854329,back,-0.0040054932478827965,28.0,2.0,0.02574959945067512,-0.5824175824175768,0.34676434676434553
199184162548800,3.5855566,back,-0.0040054932478827965,28.0,2.0,0.02574959945067512,-0.5824175824175768,0.34676434676434553
199184163858000,3.5868658,back,-0.0040054932478827965,28.0,2.0,0.02574959945067512,-0.5824175824175768,0.34676434676434553
199184165652400,3.5886602,back,-0.0040054932478827965,28.0,2.0,0.02574959945067512,-0.5824175824175768,0.34676434676434553
199184165823100,3.5888309,back,-0.0040054932478827965,28.0,2.0,0.02574959945067512,-0.5824175824175768,0.34676434676434553
199184166431400,3.5894392,back,-0.0040054932478827965,28.0,2.0,0.02574959945067512,-0.5824175824175768,0.34676434676434553
199184167519300,3.5905271,back,-0.0040054932478827965,28.0,2.0,0.02574959945067512,-0.5824175824175768,0.34676434676434553
199184168530300,3.5915381,back,-0.0040054932478827965,28.0,2.0,0.02574959945067512,-0.5824175824175768,0.34676434676434553
199184170320500,3.5933283,back,-0.0040054932478827965,28.0,2.0,0.02574959945067512,-0.5824175824175768,0.34676434676434553
199184170446200,3.593454,back,-0.0040054932478827965,28.0,2.0,0.02574959945067512,-0.5824175824175768,0.34676434676434553
199184171136500,3.5941443,back,-0.0040054932478827965,28.0,2.0,0.02574959945067512,-0.5824175824175768,0.34676434676434553
199184172192900,3.5952007,back,-0.0040054932478827965,28.0,2.0,0.02574959945067512,-0.5824175824175768,0.34676434676434553
199184173202400,3.5962102,back,-0.0040054932478827965,28.0,2.0,0.02574959945067512,-0.5824175824175768,0.34676434676434553
199184175936300,3.5989441,back,-0.0040054932478827965,28.0,2.0,0.02574959945067512,-0.5824175824175768,0.34676434676434553
199184178747200,3.601755,back,-0.0040054932478827965,28.0,2.0,0.02574959945067512,-0.5824175824175768,0.34676434676434553
199184178885000,3.6018928,back,-0.0040054932478827965,28.0,2.0,0.02574959945067512,-0.5824175824175768,0.34676434676434553
199184179007500,3.6020153,back,-0.0040054932478827965,28.0,2.0,0.02574959945067512,-0.5824175824175768,0.34676434676434553
199184179104100,3.6021119,back,-0.0040054932478827965,28.0,2.0,0.02574959945067512,-0.5824175824175768,0.34676434676434553
199184182462800,3.6054706,back,-0.0040054932478827965,28.0,2.0,0.02574959945067512,-0.5824175824175768,0.34676434676434553
199184182730400,3.6057382,back,-0.0040054932478827965,28.0,2.0,0.02574959945067512,-0.5824175824175768,0.34676434676434553
199184182869500,3.6058773,back,-0.0040054932478827965,28.0,2.0,0.02574959945067512,-0.5824175824175768,0.34676434676434553
199184182957500,3.6059653,back,-0.0040054932478827965,28.0,2.0,0.02574959945067512,-0.5824175824175768,0.34676434676434553
199184183596100,3.6066039,back,-0.0040054932478827965,28.0,2.0,0.02574959945067512,-0.5824175824175768,0.34676434676434553
199184184599800,3.6076076,back,-0.0040054932478827965,28.0,2.0,0.02574959945067512,-0.5824175824175768,0.34676434676434553
199184185208700,3.6082165,back,-0.0040054932478827965,28.0,2.0,0.02574959945067512,-0.5824175824175768,0.34676434676434553
199184186213500,3.6092213,back,-0.0040054932478827965,28.0,2.0,0.02574959945067512,-0.5824175824175768,0.34676434676434553
199184187272100,3.6102799,back,-0.0040054932478827965,28.0,2.0,0.02574959945067512,-0.5824175824175768,0.34676434676434553
199184188311400,3.6113192,back,-0.0040054932478827965,28.0,2.0,0.02574959945067512,-0.5824175824175768,0.34676434676434553
199184189536000,3.6125438,back,-0.0040054932478827965,28.0,2.0,0.02574959945067512,-0.5824175824175768,0.34676434676434553
199184190669500,3.6136773,back,-0.0040054932478827965,28.0,2.0,0.02574959945067512,-0.5824175824175768,0.34676434676434553
199184191280700,3.6142885,back,-0.0040054932478827965,28.0,2.0,0.02574959945067512,-0.5824175824175768,0.34676434676434553
199184192360800,3.6153686,back,-0.0040054932478827965,28.0,2.0,0.02574959945067512,-0.5824175824175768,0.34676434676434553
199184193427500,3.6164353,back,-0.0040054932478827965,28.0,2.0,0.02574959945067512,-0.5824175824175768,0.34676434676434553
199184194675100,3.6176829,back,-0.0040054932478827965,28.0,2.0,0.02574959945067512,-0.5824175824175768,0.34676434676434553
199184195767300,3.6187751,back,-0.0040054932478827965,28.0,2.0,0.008201724269474298,-0.098901098901095,-0.004884004884004867
199184197090200,3.620098,back,-0.0040054932478827965,28.0,2.0,0.00705729762722207,-0.010989010989007397,-0.3565323565323588
199184197201800,3.6202096,back,-0.0040054932478827965,28.0,2.0,0.00705729762722207,-0.010989010989007397,-0.3565323565323588
199184198795300,3.6218031,back,-0.0040054932478827965,28.0,2.0,0.00705729762722207,-0.010989010989007397,-0.3565323565323588
199184199717100,3.6227249,back,-0.0040054932478827965,28.0,2.0,0.00705729762722207,-0.010989010989007397,-0.3565323565323588
199184200390400,3.6233982,back,-0.0040054932478827965,28.0,2.0,0.00705729762722207,-0.010989010989007397,-0.3565323565323588
199184201390900,3.6243987,back,-0.0040054932478827965,28.0,2.0,0.00705729762722207,-0.010989010989007397,-0.3565323565323588
199184202474100,3.6254819,back,-0.0040054932478827965,28.0,2.0,0.00705729762722207,-0.010989010989007397,-0.3565323565323588
199184203611200,3.626619,back,-0.0040054932478827965,28.0,2.0,0.00705729762722207,-0.010989010989007397,-0.3565323565323588
199184204754300,3.6277621,back,-0.0040054932478827965,28.0,2.0,0.00705729762722207,-0.010989010989007397,-0.3565323565323588
199184205356200,3.628364,back,-0.0040054932478827965,28.0,2.0,0.00705729762722207,-0.010989010989007397,-0.3565323565323588
199184206378600,3.6293864,back,-0.0040054932478827965,28.0,2.0,0.00705729762722207,-0.010989010989007397,-0.3565323565323588
199184207363700,3.6303715,back,-0.0040054932478827965,28.0,2.0,0.00705729762722207,-0.010989010989007397,-0.3565323565323588
199184208370300,3.6313781,back,-0.0040054932478827965,28.0,2.0,0.00705729762722207,-0.010989010989007397,-0.3565323565323588
199184210053000,3.6330608,back,-0.0040054932478827965,28.0,2.0,0.00705729762722207,-0.010989010989007397,-0.3565323565323588
199184210189500,3.6331973,back,-0.0040054932478827965,28.0,2.0,0.00705729762722207,-0.010989010989007397,-0.3565323565323588
199184211574500,3.6345823,back,-0.0040054932478827965,28.0,2.0,0.00705729762722207,-0.010989010989007397,-0.3565323565323588
199184212220600,3.6352284,back,-0.0040054932478827965,28.0,2.0,0.00705729762722207,-0.010989010989007397,-0.3565323565323588
199184213326700,3.6363345,back,-0.0040054932478827965,28.0,2.0,0.00705729762722207,-0.010989010989007397,-0.3565323565323588
199184214384200,3.637392,back,-0.0040054932478827965,28.0,2.0,0.00705729762722207,-0.010989010989007397,-0.3565323565323588
199184215585500,3.6385933,back,-0.0040054932478827965,28.0,2.0,0.00705729762722207,-0.010989010989007397,-0.3565323565323588
199184216585400,3.6395932,back,-0.0040054932478827965,28.0,2.0,0.00705729762722207,-0.010989010989007397,-0.3565323565323588
199184217619900,3.6406277,back,-0.0040054932478827965,28.0,2.0,0.00705729762722207,-0.010989010989007397,-0.3565323565323588
199184218239800,3.6412476,back,-0.0040054932478827965,28.0,2.0,0.00705729762722207,-0.010989010989007397,-0.3565323565323588
199184219251200,3.642259,back,-0.0040054932478827965,28.0,2.0,0.00705729762722207,-0.010989010989007397,-0.3565323565323588
199184220758900,3.6437667,back,-0.0040054932478827965,28.0,2.0,0.00705729762722207,-0.010989010989007397,-0.3565323565323588
199184221269200,3.644277,back,-0.0040054932478827965,28.0,2.0,0.00705729762722207,-0.010989010989007397,-0.3565323565323588
199184222266800,3.6452746,back,-0.0040054932478827965,28.0,2.0,0.00705729762722207,-0.010989010989007397,-0.3565323565323588
199184223274800,3.6462826,back,-0.0040054932478827965,28.0,2.0,0.00705729762722207,-0.010989010989007397,-0.3565323565323588
199184224282000,3.6472898,back,-0.0040054932478827965,28.0,2.0,0.00705729762722207,-0.010989010989007397,-0.3565323565323588
199184225291900,3.6482997,back,-0.0040054932478827965,28.0,2.0,0.00705729762722207,-0.010989010989007397,-0.3565323565323588
199184226399000,3.6494068,back,-0.0040054932478827965,28.0,2.0,0.00705729762722207,-0.010989010989007397,-0.3565323565323588
199184227667800,3.6506756,back,-0.0040054932478827965,28.0,2.0,0.00705729762722207,-0.010989010989007397,-0.3565323565323588
199184228319200,3.651327,back,-0.0040054932478827965,28.0,2.0,0.00705729762722207,-0.010989010989007397,-0.3565323565323588
199184229337900,3.6523457,back,-0.0040054932478827965,28.0,2.0,0.00705729762722207,-0.010989010989007397,-0.3565323565323588
199184230289200,3.653297,back,-0.0040054932478827965,28.0,2.0,0.00705729762722207,-0.010989010989007397,-0.3565323565323588
199184231288800,3.6542966,back,-0.0040054932478827965,28.0,2.0,0.00705729762722207,-0.010989010989007397,-0.3565323565323588
199184232390800,3.6553986,back,-0.0040054932478827965,28.0,2.0,0.00705729762722207,-0.010989010989007397,-0.3565323565323588
199184233518600,3.6565264,back,-0.0040054932478827965,28.0,2.0,0.00705729762722207,-0.010989010989007397,-0.3565323565323588
199184234640200,3.657648,back,-0.0040054932478827965,28.0,2.0,0.00705729762722207,-0.010989010989007397,-0.3565323565323588
199184235627500,3.6586353,back,-0.0040054932478827965,28.0,2.0,0.00705729762722207,-0.010989010989007397,-0.3565323565323588
199184236115900,3.6591237,back,-0.0040054932478827965,28.0,2.0,0.00705729762722207,-0.010989010989007397,-0.3565323565323588
199184237755700,3.6607635,back,-0.0040054932478827965,28.0,2.0,0.00705729762722207,-0.010989010989007397,-0.3565323565323588
199184238396400,3.6614042,back,-0.0040054932478827965,28.0,2.0,0.00705729762722207,-0.010989010989007397,-0.3565323565323588
199184239401800,3.6624096,back,-0.0040054932478827965,28.0,2.0,0.00705729762722207,-0.010989010989007397,-0.3565323565323588
199184240487500,3.6634953,back,-0.0040054932478827965,28.0,2.0,0.00705729762722207,-0.010989010989007397,-0.3565323565323588
199184241692700,3.6647005,back,-0.0040054932478827965,28.0,2.0,0.00705729762722207,-0.010989010989007397,-0.3565323565323588
199184242960100,3.6659679,back,-0.0040054932478827965,28.0,2.0,0.00705729762722207,-0.010989010989007397,-0.3565323565323588
199184243566500,3.6665743,back,-0.0040054932478827965,28.0,2.0,0.00705729762722207,-0.010989010989007397,-0.3565323565323588
199184244568800,3.6675766,back,-0.0040054932478827965,28.0,2.0,0.00705729762722207,-0.010989010989007397,-0.3565323565323588
199184245846200,3.668854,back,-0.0040054932478827965,28.0,2.0,0.00705729762722207,-0.010989010989007397,-0.3565323565323588
199184246505500,3.6695133,back,-0.0040054932478827965,28.0,2.0,0.00705729762722207,-0.010989010989007397,-0.3565323565323588
199184247508200,3.670516,back,-0.0040054932478827965,28.0,2.0,0.00705729762722207,-0.010989010989007397,-0.3565323565323588
199184248634900,3.6716427,back,-0.0040054932478827965,28.0,2.0,0.00705729762722207,-0.010989010989007397,-0.3565323565323588
199184249247500,3.6722553,back,-0.0040054932478827965,28.0,2.0,0.00705729762722207,-0.010989010989007397,-0.3565323565323588
199184250228700,3.6732365,back,-0.0040054932478827965,28.0,2.0,0.00705729762722207,-0.010989010989007397,-0.3565323565323588
199184251344600,3.6743524,back,-0.0040054932478827965,28.0,2.0,0.00705729762722207,-0.010989010989007397,-0.3565323565323588
199184252500000,3.6755078,back,-0.0040054932478827965,28.0,2.0,0.00705729762722207,-0.010989010989007397,-0.3565323565323588
199184253602000,3.6766098,back,-0.0040054932478827965,28.0,2.0,0.00705729762722207,-0.010989010989007397,-0.3565323565323588
199184255785000,3.6787928,back,-0.0040054932478827965,28.0,2.0,0.00705729762722207,-0.010989010989007397,-0.3565323565323588
199184260431600,3.6834394,back,-0.0040054932478827965,28.0,2.0,0.00705729762722207,-0.010989010989007397,-0.3565323565323588
199184261096800,3.6841046,back,-0.0040054932478827965,28.0,2.0,0.00705729762722207,-0.010989010989007397,-0.3565323565323588
199184261202700,3.6842105,back,-0.0040054932478827965,28.0,2.0,0.00705729762722207,-0.010989010989007397,-0.3565323565323588
199184261332100,3.6843399,back,-0.0040054932478827965,28.0,2.0,0.00705729762722207,-0.010989010989007397,-0.3565323565323588
199184261423500,3.6844313,back,-0.0040054932478827965,28.0,2.0,0.00705729762722207,-0.010989010989007397,-0.3565323565323588
199184261526800,3.6845346,back,-0.0040054932478827965,28.0,2.0,0.00705729762722207,-0.010989010989007397,-0.3565323565323588
199184261624900,3.6846327,back,-0.0040054932478827965,28.0,2.0,0.00705729762722207,-0.010989010989007397,-0.3565323565323588
199184262243800,3.6852516,back,-0.0040054932478827965,28.0,2.0,0.00705729762722207,-0.010989010989007397,-0.3565323565323588
199184263306300,3.6863141,back,-0.0040054932478827965,28.0,2.0,0.00705729762722207,-0.010989010989007397,-0.3565323565323588
199184264530900,3.6875387,back,-0.0040054932478827965,28.0,2.0,0.00705729762722207,-0.010989010989007397,-0.3565323565323588
199184265535400,3.6885432,back,-0.0040054932478827965,28.0,2.0,0.00705729762722207,-0.010989010989007397,-0.3565323565323588
199184266891400,3.6898992,back,-0.0040054932478827965,28.0,2.0,0.00705729762722207,-0.010989010989007397,-0.3565323565323588
199184267589600,3.6905974,back,-0.0040054932478827965,28.0,2.0,0.00705729762722207,-0.010989010989007397,-0.3565323565323588
199184268180200,3.691188,back,-0.0040054932478827965,28.0,2.0,0.00705729762722207,-0.010989010989007397,-0.3565323565323588
199184269185400,3.6921932,back,-0.0040054932478827965,28.0,2.0,0.00705729762722207,-0.010989010989007397,-0.3565323565323588
199184271042700,3.6940505,back,-0.0040054932478827965,28.0,2.0,0.00705729762722207,-0.010989010989007397,-0.3565323565323588
199184271176500,3.6941843,back,-0.0040054932478827965,28.0,2.0,0.00705729762722207,-0.010989010989007397,-0.3565323565323588
199184272935600,3.6959434,back,-0.0040054932478827965,28.0,2.0,0.00705729762722207,-0.010989010989007397,-0.3565323565323588
199184273768600,3.6967764,back,-0.0040054932478827965,28.0,2.0,0.00705729762722207,-0.010989010989007397,-0.3565323565323588
199184274431800,3.6974396,back,-0.0040054932478827965,28.0,2.0,0.00705729762722207,-0.010989010989007397,-0.3565323565323588
199184275375700,3.6983835,back,-0.0040054932478827965,28.0,2.0,0.00705729762722207,-0.010989010989007397,-0.3565323565323588
199184276634600,3.6996424,back,-0.0040054932478827965,28.0,2.0,0.00705729762722207,-0.010989010989007397,-0.3565323565323588
199184277635700,3.7006435,back,-0.0040054932478827965,28.0,2.0,0.00705729762722207,-0.010989010989007397,-0.3565323565323588
199184278241300,3.7012491,back,-0.0040054932478827965,28.0,2.0,0.00705729762722207,-0.010989010989007397,-0.3565323565323588
199184279336700,3.7023445,back,-0.0040054932478827965,28.0,2.0,0.00705729762722207,-0.010989010989007397,-0.3565323565323588
199184280512500,3.7035203,back,-0.0040054932478827965,28.0,2.0,0.00705729762722207,-0.010989010989007397,-0.3565323565323588
199184281496400,3.7045042,back,-0.0040054932478827965,28.0,2.0,0.00705729762722207,-0.010989010989007397,-0.3565323565323588
199184282619300,3.7056271,back,-0.0040054932478827965,28.0,2.0,0.00705729762722207,-0.010989010989007397,-0.3565323565323588
199184283206400,3.7062142,back,-0.0040054932478827965,28.0,2.0,0.00705729762722207,-0.010989010989007397,-0.3565323565323588
199184284301400,3.7073092,back,-0.0040054932478827965,28.0,2.0,0.00705729762722207,-0.010989010989007397,-0.3565323565323588
199184285302200,3.70831,back,-0.0040054932478827965,28.0,2.0,0.00705729762722207,-0.010989010989007397,-0.3565323565323588
199184286364600,3.7093724,back,-0.0040054932478827965,28.0,2.0,0.00705729762722207,-0.010989010989007397,-0.3565323565323588
199184287369500,3.7103773,back,-0.0040054932478827965,28.0,2.0,0.00705729762722207,-0.010989010989007397,-0.3565323565323588
199184288747100,3.7117549,back,-0.0040054932478827965,28.0,2.0,0.00705729762722207,-0.010989010989007397,-0.3565323565323588
199184289591600,3.7125994,back,-0.0040054932478827965,28.0,2.0,0.00705729762722207,-0.010989010989007397,-0.3565323565323588
199184290644600,3.7136524,back,-0.0040054932478827965,28.0,2.0,0.00705729762722207,-0.010989010989007397,-0.3565323565323588
199184291257900,3.7142657,back,-0.0040054932478827965,28.0,2.0,0.00705729762722207,-0.010989010989007397,-0.3565323565323588
199184292296600,3.7153044,back,-0.0040054932478827965,28.0,2.0,0.00705729762722207,-0.010989010989007397,-0.3565323565323588
199184293271800,3.7162796,back,-0.0040054932478827965,28.0,2.0,0.00705729762722207,-0.010989010989007397,-0.3565323565323588
199184294795200,3.717803,back,-0.0040054932478827965,28.0,2.0,0.00705729762722207,-0.010989010989007397,-0.3565323565323588
199184295437800,3.7184456,back,-0.0040054932478827965,28.0,2.0,0.00705729762722207,-0.010989010989007397,-0.3565323565323588
199184296439400,3.7194472,back,-0.0040054932478827965,28.0,2.0,0.00705729762722207,-0.010989010989007397,-0.3565323565323588
199184297505200,3.720513,back,-0.0040054932478827965,28.0,2.0,0.00705729762722207,-0.010989010989007397,-0.3565323565323588
199184298640800,3.7216486,back,-0.0040054932478827965,28.0,2.0,0.00705729762722207,-0.010989010989007397,-0.3565323565323588
199184299617800,3.7226256,back,-0.0040054932478827965,28.0,2.0,0.00705729762722207,-0.010989010989007397,-0.3565323565323588
199184300919200,3.723927,back,-0.0040054932478827965,28.0,2.0,0.00705729762722207,-0.010989010989007397,-0.3565323565323588
199184301531400,3.7245392,back,-0.0040054932478827965,28.0,2.0,0.00705729762722207,-0.010989010989007397,-0.3565323565323588
199184302533400,3.7255412,back,-0.0040054932478827965,28.0,2.0,0.00705729762722207,-0.010989010989007397,-0.3565323565323588
199184303772500,3.7267803,back,-0.0040054932478827965,28.0,2.0,0.00705729762722207,-0.010989010989007397,-0.3565323565323588
199184304604300,3.7276121,back,-0.0040054932478827965,28.0,2.0,0.00705729762722207,-0.010989010989007397,-0.33699633699633935
199184305517000,3.7285248,back,-0.0040054932478827965,28.0,2.0,0.00705729762722207,-0.010989010989007397,-0.33699633699633935
199184306569100,3.7295769,back,-0.0040054932478827965,28.0,2.0,0.00705729762722207,-0.010989010989007397,-0.33699633699633935
199184307691900,3.7306997,back,-0.0040054932478827965,28.0,2.0,0.00705729762722207,-0.010989010989007397,-0.33699633699633935
199184308327400,3.7313352,back,-0.0040054932478827965,28.0,2.0,0.00705729762722207,-0.010989010989007397,-0.33699633699633935
199184309335800,3.7323436,back,-0.0040054932478827965,28.0,2.0,0.00705729762722207,-0.010989010989007397,-0.33699633699633935
199184310342600,3.7333504,back,-0.0040054932478827965,28.0,2.0,0.00705729762722207,-0.010989010989007397,-0.33699633699633935
199184311347200,3.734355,back,-0.0040054932478827965,28.0,2.0,0.00705729762722207,-0.010989010989007397,-0.33699633699633935
199184312354800,3.7353626,back,-0.0040054932478827965,28.0,2.0,0.00705729762722207,-0.010989010989007397,-0.33699633699633935
199184313365000,3.7363728,back,-0.0040054932478827965,28.0,2.0,0.00705729762722207,-0.010989010989007397,-0.33699633699633935
199184314367000,3.7373748,back,-0.0040054932478827965,28.0,2.0,0.00705729762722207,-0.010989010989007397,-0.33699633699633935
199184315368400,3.7383762,back,-0.0040054932478827965,28.0,2.0,0.00705729762722207,-0.010989010989007397,-0.33699633699633935
199184316457300,3.7394651,back,-0.0040054932478827965,28.0,2.0,0.00705729762722207,-0.010989010989007397,-0.33699633699633935
199184317462300,3.7404701,back,-0.0040054932478827965,28.0,2.0,0.00705729762722207,-0.010989010989007397,-0.33699633699633935
199184318661000,3.7416688,back,-0.0040054932478827965,28.0,2.0,0.00705729762722207,-0.010989010989007397,-0.33699633699633935
199184320099600,3.7431074,back,-0.0040054932478827965,28.0,2.0,0.00705729762722207,-0.010989010989007397,-0.33699633699633935
199184320309500,3.7433173,back,-0.0040054932478827965,28.0,2.0,0.00705729762722207,-0.010989010989007397,-0.33699633699633935
199184321664600,3.7446724,back,-0.0040054932478827965,28.0,2.0,0.00705729762722207,-0.010989010989007397,-0.33699633699633935
199184322386400,3.7453942,back,-0.0040054932478827965,28.0,2.0,0.00705729762722207,-0.010989010989007397,-0.33699633699633935
199184323534700,3.7465425,back,-0.0040054932478827965,28.0,2.0,0.00705729762722207,-0.010989010989007397,-0.33699633699633935
199184324630300,3.7476381,back,-0.0040054932478827965,28.0,2.0,0.00705729762722207,-0.010989010989007397,-0.33699633699633935
199184325615800,3.7486236,back,-0.0040054932478827965,28.0,2.0,0.00705729762722207,-0.010989010989007397,-0.33699633699633935
199184326624100,3.7496319,back,-0.0040054932478827965,28.0,2.0,0.00705729762722207,-0.010989010989007397,-0.33699633699633935
199184327606000,3.7506138,back,-0.0040054932478827965,28.0,2.0,0.00705729762722207,-0.010989010989007397,-0.33699633699633935
199184328223700,3.7512315,back,-0.0040054932478827965,28.0,2.0,0.00705729762722207,-0.010989010989007397,-0.33699633699633935
199184329988500,3.7529963,back,-0.0040054932478827965,28.0,2.0,0.00705729762722207,-0.010989010989007397,-0.33699633699633935
199184330657000,3.7536648,back,-0.0040054932478827965,28.0,2.0,0.00705729762722207,-0.010989010989007397,-0.33699633699633935
199184331263100,3.7542709,back,-0.0040054932478827965,28.0,2.0,0.00705729762722207,-0.010989010989007397,-0.33699633699633935
199184332265200,3.755273,back,-0.0040054932478827965,28.0,2.0,0.00705729762722207,-0.010989010989007397,-0.33699633699633935
199184333321500,3.7563293,back,-0.0040054932478827965,28.0,2.0,0.00705729762722207,-0.010989010989007397,-0.33699633699633935
199184335159400,3.7581672,back,-0.0040054932478827965,28.0,2.0,0.00705729762722207,-0.010989010989007397,-0.33699633699633935
199184336209200,3.759217,back,-0.0040054932478827965,28.0,2.0,0.00705729762722207,-0.010989010989007397,-0.33699633699633935
199184336329900,3.7593377,back,-0.0040054932478827965,28.0,2.0,0.00705729762722207,-0.010989010989007397,-0.33699633699633935
199184337487700,3.7604955,back,-0.0040054932478827965,28.0,2.0,0.00705729762722207,-0.010989010989007397,-0.33699633699633935
199184344718200,3.767726,back,-0.0040054932478827965,28.0,2.0,0.00705729762722207,-0.010989010989007397,-0.33699633699633935
199184355108000,3.7781158,back,-0.0040054932478827965,28.0,2.0,0.00705729762722207,-0.010989010989007397,-0.33699633699633935
199184361785100,3.7847929,back,-0.0040054932478827965,28.0,2.0,0.00705729762722207,-0.010989010989007397,-0.33699633699633935
199184361927800,3.7849356,back,-0.0040054932478827965,28.0,2.0,0.00705729762722207,-0.010989010989007397,-0.33699633699633935
199184362038500,3.7850463,back,-0.0040054932478827965,28.0,2.0,0.00705729762722207,-0.010989010989007397,-0.33699633699633935
199184362263000,3.7852708,back,-0.0040054932478827965,28.0,2.0,0.00705729762722207,-0.010989010989007397,-0.33699633699633935
199184362432900,3.7854407,back,-0.0040054932478827965,28.0,2.0,0.00705729762722207,-0.010989010989007397,-0.33699633699633935
199184362524500,3.7855323,back,-0.0040054932478827965,28.0,2.0,0.00705729762722207,-0.010989010989007397,-0.33699633699633935
199184362660600,3.7856684,back,-0.0040054932478827965,28.0,2.0,0.00705729762722207,-0.010989010989007397,-0.33699633699633935
199184362769200,3.785777,back,-0.0040054932478827965,28.0,2.0,0.00705729762722207,-0.010989010989007397,-0.33699633699633935
199184362872300,3.7858801,back,-0.0040054932478827965,28.0,2.0,0.00705729762722207,-0.010989010989007397,-0.33699633699633935
199184362981200,3.785989,back,-0.0040054932478827965,28.0,2.0,0.00705729762722207,-0.010989010989007397,-0.33699633699633935
199184363292800,3.7863006,back,-0.0040054932478827965,28.0,2.0,0.00705729762722207,-0.010989010989007397,-0.33699633699633935
199184366529300,3.7895371,back,-0.0040054932478827965,28.0,2.0,0.00705729762722207,-0.010989010989007397,-0.33699633699633935
199184368367600,3.7913754,back,-0.0040054932478827965,28.0,2.0,0.00705729762722207,-0.010989010989007397,-0.33699633699633935
199184369520500,3.7925283,back,-0.0040054932478827965,28.0,2.0,0.00705729762722207,-0.010989010989007397,-0.33699633699633935
199184369745000,3.7927528,back,-0.0040054932478827965,28.0,2.0,0.00705729762722207,-0.010989010989007397,-0.33699633699633935
199184369968000,3.7929758,back,-0.0040054932478827965,28.0,2.0,0.00705729762722207,-0.010989010989007397,-0.33699633699633935
199184370094400,3.7931022,back,-0.0040054932478827965,28.0,2.0,0.00705729762722207,-0.010989010989007397,-0.33699633699633935
199184370232900,3.7932407,back,-0.0040054932478827965,28.0,2.0,0.00705729762722207,-0.010989010989007397,-0.33699633699633935
199184370328500,3.7933363,back,-0.0040054932478827965,28.0,2.0,0.00705729762722207,-0.010989010989007397,-0.33699633699633935
199184370421800,3.7934296,back,-0.0040054932478827965,28.0,2.0,0.00705729762722207,-0.010989010989007397,-0.33699633699633935
199184370570300,3.7935781,back,-0.0040054932478827965,28.0,2.0,0.00705729762722207,-0.010989010989007397,-0.33699633699633935
199184371531200,3.794539,back,-0.0040054932478827965,28.0,2.0,0.00705729762722207,-0.010989010989007397,-0.33699633699633935
199184372493000,3.7955008,back,-0.0040054932478827965,28.0,2.0,0.00705729762722207,-0.010989010989007397,-0.33699633699633935
199184372688900,3.7956967,back,-0.0040054932478827965,28.0,2.0,0.00705729762722207,-0.010989010989007397,-0.33699633699633935
199184372835300,3.7958431,back,-0.0040054932478827965,28.0,2.0,0.00705729762722207,-0.010989010989007397,-0.33699633699633935
199184373174900,3.7961827,back,-0.0040054932478827965,28.0,2.0,0.00705729762722207,-0.010989010989007397,-0.33699633699633935
199184374779200,3.797787,back,-0.0040054932478827965,28.0,2.0,0.00705729762722207,-0.010989010989007397,-0.33699633699633935
199184376161900,3.7991697,back,-0.0040054932478827965,28.0,2.0,0.00705729762722207,-0.010989010989007397,-0.33699633699633935
199184376864800,3.7998726,back,-0.0040054932478827965,28.0,2.0,0.00705729762722207,-0.010989010989007397,-0.33699633699633935
199184377916400,3.8009242,back,-0.0040054932478827965,28.0,2.0,0.00705729762722207,-0.010989010989007397,-0.33699633699633935
199184378607100,3.8016149,back,-0.0040054932478827965,28.0,2.0,0.00705729762722207,-0.010989010989007397,-0.33699633699633935
199184378905600,3.8019134,back,-0.0040054932478827965,28.0,2.0,0.00705729762722207,-0.010989010989007397,-0.33699633699633935
199184379101900,3.8021097,back,-0.0040054932478827965,28.0,2.0,0.00705729762722207,-0.010989010989007397,-0.33699633699633935
199184379753200,3.802761,back,-0.0040054932478827965,28.0,2.0,0.00705729762722207,-0.010989010989007397,-0.33699633699633935
199184379943000,3.8029508,back,-0.0040054932478827965,28.0,2.0,0.00705729762722207,-0.010989010989007397,-0.33699633699633935
199184380126900,3.8031347,back,-0.0040054932478827965,28.0,2.0,0.00705729762722207,-0.010989010989007397,-0.33699633699633935
199184380256600,3.8032644,back,-0.0040054932478827965,28.0,2.0,0.00705729762722207,-0.010989010989007397,-0.33699633699633935
199184380373600,3.8033814,back,-0.0040054932478827965,28.0,2.0,0.00705729762722207,-0.010989010989007397,-0.33699633699633935
199184380502000,3.8035098,back,-0.0040054932478827965,28.0,2.0,0.00705729762722207,-0.010989010989007397,-0.33699633699633935
199184380620300,3.8036281,back,-0.0040054932478827965,28.0,2.0,0.00705729762722207,-0.010989010989007397,-0.33699633699633935
199184380710200,3.803718,back,-0.0040054932478827965,28.0,2.0,0.00705729762722207,-0.010989010989007397,-0.33699633699633935
199184381394300,3.8044021,back,-0.0040054932478827965,28.0,2.0,0.00705729762722207,-0.010989010989007397,-0.33699633699633935
199184383393400,3.8064012,back,-0.0040054932478827965,28.0,2.0,0.00705729762722207,-0.010989010989007397,-0.33699633699633935
199184383706500,3.8067143,back,-0.0040054932478827965,28.0,2.0,0.00705729762722207,-0.010989010989007397,-0.33699633699633935
199184384404100,3.8074119,back,-0.0040054932478827965,28.0,2.0,0.00705729762722207,-0.010989010989007397,-0.33699633699633935
199184385445800,3.8084536,back,-0.0040054932478827965,28.0,2.0,0.00705729762722207,-0.010989010989007397,-0.33699633699633935
199184386387500,3.8093953,back,-0.0040054932478827965,28.0,2.0,0.00705729762722207,-0.010989010989007397,-0.33699633699633935
199184387383100,3.8103909,back,-0.0040054932478827965,28.0,2.0,0.00705729762722207,-0.010989010989007397,-0.33699633699633935
199184388492900,3.8115007,back,-0.0040054932478827965,28.0,2.0,0.00705729762722207,-0.010989010989007397,-0.33699633699633935
199184389731800,3.8127396,back,-0.0040054932478827965,28.0,2.0,0.00705729762722207,-0.010989010989007397,-0.33699633699633935
199184390571500,3.8135793,back,-0.0040054932478827965,28.0,2.0,0.00705729762722207,-0.010989010989007397,-0.33699633699633935
199184391574700,3.8145825,back,-0.0040054932478827965,28.0,2.0,0.00705729762722207,-0.010989010989007397,-0.33699633699633935
199184392591900,3.8155997,back,-0.0040054932478827965,28.0,2.0,0.00705729762722207,-0.010989010989007397,-0.33699633699633935
199184393209700,3.8162175,back,-0.0040054932478827965,28.0,2.0,0.00705729762722207,-0.010989010989007397,-0.33699633699633935
199184394476400,3.8174842,back,-0.0040054932478827965,28.0,2.0,0.00705729762722207,-0.010989010989007397,-0.33699633699633935
199184395365200,3.818373,back,-0.0040054932478827965,28.0,2.0,0.00705729762722207,-0.010989010989007397,-0.33699633699633935
199184396609000,3.8196168,back,-0.0040054932478827965,28.0,2.0,0.00705729762722207,-0.010989010989007397,-0.33699633699633935
199184398570700,3.8215785,back,-0.0040054932478827965,28.0,2.0,0.00705729762722207,-0.010989010989007397,-0.33699633699633935
199184398674600,3.8216824,back,-0.0040054932478827965,28.0,2.0,0.00705729762722207,-0.010989010989007397,-0.33699633699633935
199184399677200,3.822685,back,-0.0040054932478827965,28.0,2.0,0.00705729762722207,-0.010989010989007397,-0.33699633699633935
199184400582100,3.8235899,back,-0.0040054932478827965,28.0,2.0,0.00705729762722207,-0.010989010989007397,-0.33699633699633935
199184401582000,3.8245898,back,-0.0040054932478827965,28.0,2.0,0.00705729762722207,-0.010989010989007397,-0.33699633699633935
199184402759500,3.8257673,back,-0.0040054932478827965,28.0,2.0,0.00705729762722207,-0.010989010989007397,-0.33699633699633935
199184403409400,3.8264172,back,-0.0040054932478827965,28.0,2.0,0.00705729762722207,-0.010989010989007397,-0.33699633699633935
199184404632600,3.8276404,back,-0.0040054932478827965,28.0,2.0,0.00705729762722207,-0.010989010989007397,-0.33699633699633935
199184405422600,3.8284304,back,-0.0040054932478827965,28.0,2.0,0.00705729762722207,-0.010989010989007397,-0.33699633699633935
199184406423800,3.8294316,back,-0.0040054932478827965,28.0,2.0,0.00705729762722207,-0.010989010989007397,-0.33699633699633935
199184407477700,3.8304855,back,-0.0040054932478827965,28.0,2.0,0.00705729762722207,-0.010989010989007397,-0.33699633699633935
199184408543000,3.8315508,back,-0.0040054932478827965,28.0,2.0,0.00705729762722207,-0.010989010989007397,-0.33699633699633935
199184409688200,3.832696,back,-0.0040054932478827965,28.0,2.0,0.00705729762722207,-0.010989010989007397,-0.33699633699633935
199184410185200,3.833193,back,-0.0040054932478827965,28.0,2.0,0.00705729762722207,-0.010989010989007397,-0.33699633699633935
199184411191200,3.834199,back,-0.0040054932478827965,28.0,2.0,0.00705729762722207,-0.010989010989007397,-0.33699633699633935
199184412340800,3.8353486,back,-0.0040054932478827965,28.0,2.0,0.00705729762722207,-0.010989010989007397,-0.33699633699633935
199184413761200,3.836769,back,-0.0040054932478827965,28.0,2.0,0.00705729762722207,-0.010989010989007397,-0.33699633699633935
199184414481100,3.8374889,back,-0.0040054932478827965,28.0,2.0,0.00705729762722207,0.010989010989007397,-0.33699633699633935
199184415476400,3.8384842,back,-0.0040054932478827965,28.0,2.0,0.00705729762722207,0.010989010989007397,-0.33699633699633935
199184416485500,3.8394933,back,-0.0040054932478827965,28.0,2.0,0.00705729762722207,0.010989010989007397,-0.33699633699633935
199184417499900,3.8405077,back,-0.0040054932478827965,28.0,2.0,0.00705729762722207,0.010989010989007397,-0.33699633699633935
199184418515500,3.8415233,back,-0.0040054932478827965,28.0,2.0,0.00705729762722207,0.010989010989007397,-0.33699633699633935
199184419534600,3.8425424,back,-0.0040054932478827965,28.0,2.0,0.00705729762722207,0.010989010989007397,-0.33699633699633935
199184420540900,3.8435487,back,-0.0040054932478827965,28.0,2.0,0.00705729762722207,0.010989010989007397,-0.33699633699633935
199184421776100,3.8447839,back,-0.0040054932478827965,28.0,2.0,0.00705729762722207,0.010989010989007397,-0.33699633699633935
199184422257700,3.8452655,back,-0.0040054932478827965,28.0,2.0,0.00705729762722207,0.010989010989007397,-0.33699633699633935
199184423289000,3.8462968,back,-0.0040054932478827965,28.0,2.0,0.00705729762722207,0.010989010989007397,-0.33699633699633935
199184425038300,3.8480461,back,-0.0040054932478827965,28.0,2.0,0.00705729762722207,0.010989010989007397,-0.33699633699633935
199184425206300,3.8482141,back,-0.0040054932478827965,28.0,2.0,0.00705729762722207,0.010989010989007397,-0.33699633699633935
199184426294100,3.8493019,back,-0.0040054932478827965,28.0,2.0,0.00705729762722207,0.010989010989007397,-0.33699633699633935
199184427636700,3.8506445,back,-0.0040054932478827965,28.0,2.0,0.00705729762722207,0.010989010989007397,-0.33699633699633935
199184430001300,3.8530091,back,-0.0040054932478827965,28.0,2.0,0.00705729762722207,0.010989010989007397,-0.33699633699633935
199184430182200,3.85319,back,-0.0040054932478827965,28.0,2.0,0.00705729762722207,0.010989010989007397,-0.33699633699633935
199184430319500,3.8533273,back,-0.0040054932478827965,28.0,2.0,0.00705729762722207,0.010989010989007397,-0.33699633699633935
199184431572600,3.8545804,back,-0.0040054932478827965,28.0,2.0,0.00705729762722207,0.010989010989007397,-0.33699633699633935
199184432645600,3.8556534,back,-0.0040054932478827965,28.0,2.0,0.00705729762722207,0.010989010989007397,-0.33699633699633935
199184433253300,3.8562611,back,-0.0040054932478827965,28.0,2.0,0.00705729762722207,0.010989010989007397,-0.33699633699633935
199184434263400,3.8572712,back,-0.0040054932478827965,28.0,2.0,0.00705729762722207,0.010989010989007397,-0.33699633699633935
199184435270400,3.8582782,back,-0.0040054932478827965,28.0,2.0,0.00705729762722207,0.010989010989007397,-0.33699633699633935
199184436273800,3.8592816,back,-0.0040054932478827965,28.0,2.0,0.00705729762722207,0.010989010989007397,-0.33699633699633935
199184437342700,3.8603505,back,-0.0040054932478827965,28.0,2.0,0.00705729762722207,0.010989010989007397,-0.33699633699633935
199184438651200,3.861659,back,-0.0040054932478827965,28.0,2.0,0.00705729762722207,0.010989010989007397,-0.33699633699633935
199184439288400,3.8622962,back,-0.0040054932478827965,28.0,2.0,0.00705729762722207,0.010989010989007397,-0.33699633699633935
199184440263500,3.8632713,back,-0.0040054932478827965,28.0,2.0,0.00705729762722207,0.010989010989007397,-0.33699633699633935
199184441469700,3.8644775,back,-0.0040054932478827965,28.0,2.0,0.00705729762722207,0.010989010989007397,-0.33699633699633935
199184442472800,3.8654806,back,-0.0040054932478827965,28.0,2.0,0.00705729762722207,0.010989010989007397,-0.33699633699633935
199184443566800,3.8665746,back,-0.0040054932478827965,28.0,2.0,0.00705729762722207,0.010989010989007397,-0.33699633699633935
199184444721800,3.8677296,back,-0.0040054932478827965,28.0,2.0,0.00705729762722207,0.010989010989007397,-0.33699633699633935
199184445715000,3.8687228,back,-0.0040054932478827965,28.0,2.0,0.00705729762722207,0.010989010989007397,-0.33699633699633935
199184446211400,3.8692192,back,-0.0040054932478827965,28.0,2.0,0.00705729762722207,0.010989010989007397,-0.33699633699633935
199184447217900,3.8702257,back,-0.0040054932478827965,28.0,2.0,0.00705729762722207,0.010989010989007397,-0.33699633699633935
199184448225200,3.871233,back,-0.0040054932478827965,28.0,2.0,0.00705729762722207,0.010989010989007397,-0.33699633699633935
199184449231000,3.8722388,back,-0.0040054932478827965,28.0,2.0,0.00705729762722207,0.010989010989007397,-0.33699633699633935
199184450236000,3.8732438,back,-0.0040054932478827965,28.0,2.0,0.00705729762722207,0.010989010989007397,-0.33699633699633935
199184451237700,3.8742455,back,-0.0040054932478827965,28.0,2.0,0.00705729762722207,0.010989010989007397,-0.33699633699633935
199184452240300,3.8752481,back,-0.0040054932478827965,28.0,2.0,0.00705729762722207,0.010989010989007397,-0.33699633699633935
199184453249900,3.8762577,back,-0.0040054932478827965,28.0,2.0,0.00705729762722207,0.010989010989007397,-0.33699633699633935
199184454276200,3.877284,back,-0.0040054932478827965,28.0,2.0,0.00705729762722207,0.010989010989007397,-0.33699633699633935
199184455260100,3.8782679,back,-0.0040054932478827965,28.0,2.0,0.00705729762722207,0.010989010989007397,-0.33699633699633935
199184456263300,3.8792711,back,-0.0040054932478827965,28.0,2.0,0.00705729762722207,0.010989010989007397,-0.33699633699633935
199184457259800,3.8802676,back,-0.0040054932478827965,28.0,2.0,0.00705729762722207,0.010989010989007397,-0.33699633699633935
199184458326600,3.8813344,back,-0.0040054932478827965,28.0,2.0,0.00705729762722207,0.010989010989007397,-0.33699633699633935
199184459343800,3.8823516,back,-0.0040054932478827965,28.0,2.0,0.00705729762722207,0.010989010989007397,-0.33699633699633935
199184460337200,3.883345,back,-0.0040054932478827965,28.0,2.0,0.00705729762722207,0.010989010989007397,-0.33699633699633935
199184461437300,3.8844451,back,-0.0040054932478827965,28.0,2.0,0.00705729762722207,0.010989010989007397,-0.33699633699633935
199184462537500,3.8855453,back,-0.0040054932478827965,28.0,2.0,0.00705729762722207,0.010989010989007397,-0.33699633699633935
199184463777200,3.886785,back,-0.0040054932478827965,28.0,2.0,0.00705729762722207,0.010989010989007397,-0.33699633699633935
199184464427100,3.8874349,back,-0.0040054932478827965,28.0,2.0,0.00705729762722207,0.010989010989007397,-0.33699633699633935
199184465996800,3.8890046,back,-0.0040054932478827965,28.0,2.0,0.00705729762722207,0.010989010989007397,-0.33699633699633935
199184466154000,3.8891618,back,-0.0040054932478827965,28.0,2.0,0.00705729762722207,0.010989010989007397,-0.33699633699633935
199184467308300,3.8903161,back,-0.0040054932478827965,28.0,2.0,0.00705729762722207,0.010989010989007397,-0.33699633699633935
199184468304800,3.8913126,back,-0.0040054932478827965,28.0,2.0,0.00705729762722207,0.010989010989007397,-0.33699633699633935
199184469405700,3.8924135,back,-0.0040054932478827965,28.0,2.0,0.00705729762722207,0.010989010989007397,-0.33699633699633935
199184470411400,3.8934192,back,-0.0040054932478827965,28.0,2.0,0.00705729762722207,0.010989010989007397,-0.33699633699633935
199184471406100,3.8944139,back,-0.0040054932478827965,28.0,2.0,0.00705729762722207,0.010989010989007397,-0.33699633699633935
199184472507000,3.8955148,back,-0.0040054932478827965,28.0,2.0,0.00705729762722207,0.010989010989007397,-0.33699633699633935
199184473612500,3.8966203,back,-0.0040054932478827965,28.0,2.0,0.00705729762722207,0.010989010989007397,-0.33699633699633935
199184474615600,3.8976234,back,-0.0040054932478827965,28.0,2.0,0.00705729762722207,0.010989010989007397,-0.33699633699633935
199184475620600,3.8986284,back,-0.0040054932478827965,28.0,2.0,0.00705729762722207,0.010989010989007397,-0.33699633699633935
199184476123900,3.8991317,back,-0.0040054932478827965,28.0,2.0,0.00705729762722207,0.010989010989007397,-0.33699633699633935
199184477131100,3.9001389,back,-0.0040054932478827965,28.0,2.0,0.00705729762722207,0.010989010989007397,-0.33699633699633935
199184478198800,3.9012066,back,-0.0040054932478827965,28.0,2.0,0.00705729762722207,0.010989010989007397,-0.33699633699633935
199184479243400,3.9022512,back,-0.0040054932478827965,28.0,2.0,0.00705729762722207,0.010989010989007397,-0.33699633699633935
199184480240000,3.9032478,back,-0.0040054932478827965,28.0,2.0,0.00705729762722207,0.010989010989007397,-0.33699633699633935
199184481240800,3.9042486,back,-0.0040054932478827965,28.0,2.0,0.00705729762722207,0.010989010989007397,-0.33699633699633935
199184482320600,3.9053284,back,-0.0040054932478827965,28.0,2.0,0.00705729762722207,0.010989010989007397,-0.33699633699633935
199184483410400,3.9064182,back,-0.0040054932478827965,28.0,2.0,0.00705729762722207,0.010989010989007397,-0.33699633699633935
199184484423000,3.9074308,back,-0.0040054932478827965,28.0,2.0,0.00705729762722207,0.010989010989007397,-0.33699633699633935
199184485429500,3.9084373,back,-0.0040054932478827965,28.0,2.0,0.00705729762722207,0.010989010989007397,-0.33699633699633935
199184486430600,3.9094384,back,-0.0040054932478827965,28.0,2.0,0.00705729762722207,0.010989010989007397,-0.33699633699633935
199184487428100,3.9104359,back,-0.0040054932478827965,28.0,2.0,0.00705729762722207,0.010989010989007397,-0.33699633699633935
199184488518000,3.9115258,back,-0.0040054932478827965,28.0,2.0,0.00705729762722207,0.010989010989007397,-0.33699633699633935
199184489666300,3.9126741,back,-0.0040054932478827965,28.0,2.0,0.00705729762722207,0.010989010989007397,-0.33699633699633935
199184490542300,3.9135501,back,-0.0040054932478827965,28.0,2.0,0.00705729762722207,0.010989010989007397,-0.33699633699633935
199184491544500,3.9145523,back,-0.0040054932478827965,28.0,2.0,0.00705729762722207,0.010989010989007397,-0.33699633699633935
199184492548100,3.9155559,back,-0.0040054932478827965,28.0,2.0,0.00705729762722207,0.010989010989007397,-0.33699633699633935
199184493558900,3.9165667,back,-0.0040054932478827965,28.0,2.0,0.00705729762722207,0.010989010989007397,-0.33699633699633935
199184494697800,3.9177056,back,-0.0040054932478827965,28.0,2.0,0.00705729762722207,0.010989010989007397,-0.33699633699633935
199184495316400,3.9183242,back,-0.0040054932478827965,28.0,2.0,0.00705729762722207,0.010989010989007397,-0.33699633699633935
199184496317300,3.9193251,back,-0.0040054932478827965,28.0,2.0,0.00705729762722207,0.010989010989007397,-0.33699633699633935
199184497320500,3.9203283,back,-0.0040054932478827965,28.0,2.0,0.00705729762722207,0.010989010989007397,-0.33699633699633935
199184498391300,3.9213991,back,-0.0040054932478827965,28.0,2.0,0.00705729762722207,0.010989010989007397,-0.33699633699633935
199184499331400,3.9223392,back,-0.0040054932478827965,28.0,2.0,0.00705729762722207,0.010989010989007397,-0.33699633699633935
199184500334300,3.9233421,back,-0.0040054932478827965,28.0,2.0,0.00705729762722207,0.010989010989007397,-0.33699633699633935
199184501400500,3.9244083,back,-0.0040054932478827965,28.0,2.0,0.00705729762722207,0.010989010989007397,-0.33699633699633935
199184502483100,3.9254909,back,-0.0040054932478827965,28.0,2.0,0.00705729762722207,0.010989010989007397,-0.33699633699633935
199184503552000,3.9265598,back,-0.0040054932478827965,28.0,2.0,0.00705729762722207,0.010989010989007397,-0.33699633699633935
199184504779500,3.9277873,back,-0.0040054932478827965,28.0,2.0,0.00705729762722207,0.010989010989007397,-0.33699633699633935
199184505447200,3.928455,back,-0.0040054932478827965,28.0,2.0,0.00705729762722207,0.010989010989007397,-0.33699633699633935
199184506459200,3.929467,back,-0.0040054932478827965,28.0,2.0,0.00705729762722207,0.010989010989007397,-0.33699633699633935
199184507457800,3.9304656,back,-0.0040054932478827965,28.0,2.0,0.00705729762722207,0.010989010989007397,-0.33699633699633935
199184508489900,3.9314977,back,-0.0040054932478827965,28.0,2.0,0.00705729762722207,0.010989010989007397,-0.33699633699633935
199184509475900,3.9324837,back,-0.0040054932478827965,28.0,2.0,0.00705729762722207,0.010989010989007397,-0.33699633699633935
199184510473600,3.9334814,back,-0.0040054932478827965,28.0,2.0,0.00705729762722207,0.010989010989007397,-0.33699633699633935
199184511476900,3.9344847,back,-0.0040054932478827965,28.0,2.0,0.00705729762722207,0.010989010989007397,-0.33699633699633935
199184512479900,3.9354877,back,-0.0040054932478827965,28.0,2.0,0.00705729762722207,0.010989010989007397,-0.33699633699633935
199184513488500,3.9364963,back,-0.0040054932478827965,28.0,2.0,0.00705729762722207,0.010989010989007397,-0.33699633699633935
199184514485800,3.9374936,back,-0.0040054932478827965,28.0,2.0,0.00705729762722207,0.010989010989007397,-0.33699633699633935
199184515548600,3.9385564,back,-0.0040054932478827965,28.0,2.0,0.00705729762722207,0.010989010989007397,-0.33699633699633935
199184516560000,3.9395678,back,-0.0040054932478827965,28.0,2.0,0.00705729762722207,0.010989010989007397,-0.33699633699633935
199184517666000,3.9406738,back,-0.0040054932478827965,28.0,2.0,0.00705729762722207,0.010989010989007397,-0.33699633699633935
199184518296200,3.941304,back,-0.0040054932478827965,28.0,2.0,0.00705729762722207,0.010989010989007397,-0.33699633699633935
199184519303700,3.9423115,back,-0.0040054932478827965,28.0,2.0,0.00705729762722207,0.010989010989007397,-0.33699633699633935
199184520314300,3.9433221,back,-0.0040054932478827965,28.0,2.0,0.006675822079804661,-0.010989010989007397,-0.33699633699633935
199184521311800,3.9443196,back,-0.0040054932478827965,28.0,2.0,0.006675822079804661,-0.010989010989007397,-0.3467643467643491
199184522407600,3.9454154,back,-0.0040054932478827965,28.0,2.0,0.006675822079804661,-0.010989010989007397,-0.3467643467643491
199184523492900,3.9465007,back,-0.0040054932478827965,28.0,2.0,0.006675822079804661,-0.010989010989007397,-0.3467643467643491
199184524597400,3.9476052,back,-0.0040054932478827965,28.0,2.0,0.006675822079804661,-0.010989010989007397,-0.3467643467643491
199184525610100,3.9486179,back,-0.0040054932478827965,28.0,2.0,0.006675822079804661,-0.010989010989007397,-0.3467643467643491
199184526612800,3.9496206,back,-0.0040054932478827965,28.0,2.0,0.006675822079804661,-0.010989010989007397,-0.3467643467643491
199184527111800,3.9501196,back,-0.0040054932478827965,28.0,2.0,0.006675822079804661,-0.010989010989007397,-0.3467643467643491
199184528140000,3.9511478,back,-0.0040054932478827965,28.0,2.0,0.006675822079804661,-0.010989010989007397,-0.3467643467643491
199184529228500,3.9522363,back,-0.0040054932478827965,28.0,2.0,0.006675822079804661,-0.010989010989007397,-0.3467643467643491
199184530231800,3.9532396,back,-0.0040054932478827965,28.0,2.0,0.006675822079804661,-0.010989010989007397,-0.3467643467643491
199184531253900,3.9542617,back,-0.0040054932478827965,28.0,2.0,0.006675822079804661,-0.010989010989007397,-0.3467643467643491
199184532356300,3.9553641,back,-0.0040054932478827965,28.0,2.0,0.006675822079804661,-0.010989010989007397,-0.3467643467643491
199184533472000,3.9564798,back,-0.0040054932478827965,28.0,2.0,0.006675822079804661,-0.010989010989007397,-0.3467643467643491
199184534555700,3.9575635,back,-0.0040054932478827965,28.0,2.0,0.006675822079804661,-0.010989010989007397,-0.3467643467643491
199184535559100,3.9585669,back,-0.0040054932478827965,28.0,2.0,0.006675822079804661,-0.010989010989007397,-0.3467643467643491
199184536563100,3.9595709,back,-0.0040054932478827965,28.0,2.0,0.006675822079804661,-0.010989010989007397,-0.3467643467643491
199184537698600,3.9607064,back,-0.0040054932478827965,28.0,2.0,0.006675822079804661,-0.010989010989007397,-0.3467643467643491
199184538341100,3.9613489,back,-0.0040054932478827965,28.0,2.0,0.006675822079804661,-0.010989010989007397,-0.3467643467643491
199184539352400,3.9623602,back,-0.0040054932478827965,28.0,2.0,0.006675822079804661,-0.010989010989007397,-0.3467643467643491
199184540357700,3.9633655,back,-0.0040054932478827965,28.0,2.0,0.006675822079804661,-0.010989010989007397,-0.3467643467643491
199184541364200,3.964372,back,-0.0040054932478827965,28.0,2.0,0.006675822079804661,-0.010989010989007397,-0.3467643467643491
199184542394100,3.9654019,back,-0.0040054932478827965,28.0,2.0,0.006675822079804661,-0.010989010989007397,-0.3467643467643491
199184543478400,3.9664862,back,-0.0040054932478827965,28.0,2.0,0.006675822079804661,-0.010989010989007397,-0.3467643467643491
199184544557600,3.9675654,back,-0.0040054932478827965,28.0,2.0,0.006675822079804661,-0.010989010989007397,-0.3467643467643491
199184545583500,3.9685913,back,-0.0040054932478827965,28.0,2.0,0.006675822079804661,-0.010989010989007397,-0.3467643467643491
199184546584300,3.9695921,back,-0.0040054932478827965,28.0,2.0,0.006675822079804661,-0.010989010989007397,-0.3467643467643491
199184547695100,3.9707029,back,-0.0040054932478827965,28.0,2.0,0.006675822079804661,-0.010989010989007397,-0.3467643467643491
199184548296400,3.9713042,back,-0.0040054932478827965,28.0,2.0,0.006675822079804661,-0.010989010989007397,-0.3467643467643491
199184549304600,3.9723124,back,-0.0040054932478827965,28.0,2.0,0.006675822079804661,-0.010989010989007397,-0.3467643467643491
199184550412200,3.97342,back,-0.0040054932478827965,28.0,2.0,0.006675822079804661,-0.010989010989007397,-0.3467643467643491
199184551316000,3.9743238,back,-0.0040054932478827965,28.0,2.0,0.006675822079804661,-0.010989010989007397,-0.3467643467643491
199184552486000,3.9754938,back,-0.0040054932478827965,28.0,2.0,0.006675822079804661,-0.010989010989007397,-0.3467643467643491
199184553457100,3.9764649,back,-0.0040054932478827965,28.0,2.0,0.006675822079804661,-0.010989010989007397,-0.3467643467643491
199184554532800,3.9775406,back,-0.0040054932478827965,28.0,2.0,0.006675822079804661,-0.010989010989007397,-0.3467643467643491
199184555538100,3.9785459,back,-0.0040054932478827965,28.0,2.0,0.006675822079804661,-0.010989010989007397,-0.3467643467643491
199184556559000,3.9795668,back,-0.0040054932478827965,28.0,2.0,0.006675822079804661,-0.010989010989007397,-0.3467643467643491
199184557663200,3.980671,back,-0.0040054932478827965,28.0,2.0,0.006675822079804661,-0.010989010989007397,-0.3467643467643491
199184558258000,3.9812658,back,-0.0040054932478827965,28.0,2.0,0.006675822079804661,-0.010989010989007397,-0.3467643467643491
199184559244100,3.9822519,back,-0.0040054932478827965,28.0,2.0,0.006675822079804661,-0.010989010989007397,-0.3467643467643491
199184560253700,3.9832615,back,-0.0040054932478827965,28.0,2.0,0.006675822079804661,-0.010989010989007397,-0.3467643467643491
199184561256700,3.9842645,back,-0.0040054932478827965,28.0,2.0,0.006675822079804661,-0.010989010989007397,-0.3467643467643491
199184562279300,3.9852871,back,-0.0040054932478827965,28.0,2.0,0.006675822079804661,-0.010989010989007397,-0.3467643467643491
199184563344900,3.9863527,back,-0.0040054932478827965,28.0,2.0,0.006675822079804661,-0.010989010989007397,-0.3467643467643491
199184564350000,3.9873578,back,-0.0040054932478827965,28.0,2.0,0.006675822079804661,-0.010989010989007397,-0.3467643467643491
199184565356400,3.9883642,back,-0.0040054932478827965,28.0,2.0,0.006675822079804661,-0.010989010989007397,-0.3467643467643491
199184566475900,3.9894837,back,-0.0040054932478827965,28.0,2.0,0.006675822079804661,-0.010989010989007397,-0.3467643467643491
199184567526400,3.9905342,back,-0.0040054932478827965,28.0,2.0,0.006675822079804661,-0.010989010989007397,-0.3467643467643491
199184568649900,3.9916577,back,-0.0040054932478827965,28.0,2.0,0.006675822079804661,-0.010989010989007397,-0.3467643467643491
199184569245800,3.9922536,back,-0.0040054932478827965,28.0,2.0,0.006675822079804661,-0.010989010989007397,-0.3467643467643491
199184570282600,3.9932904,back,-0.0040054932478827965,28.0,2.0,0.006675822079804661,-0.010989010989007397,-0.3467643467643491
199184571418600,3.9944264,back,-0.0040054932478827965,28.0,2.0,0.006675822079804661,-0.010989010989007397,-0.3467643467643491
199184572602700,3.9956105,back,-0.0040054932478827965,28.0,2.0,0.006675822079804661,-0.010989010989007397,-0.3467643467643491
199184573651400,3.9966592,back,-0.0040054932478827965,28.0,2.0,0.006675822079804661,-0.010989010989007397,-0.3467643467643491
199184574251500,3.9972593,back,-0.0040054932478827965,28.0,2.0,0.006675822079804661,-0.010989010989007397,-0.3467643467643491
199184575288000,3.9982958,back,-0.0040054932478827965,28.0,2.0,0.006675822079804661,-0.010989010989007397,-0.3467643467643491
199184576379900,3.9993877,back,-0.0040054932478827965,28.0,2.0,0.006675822079804661,-0.010989010989007397,-0.3467643467643491
199184577475100,4.0004829,back,-0.0040054932478827965,28.0,2.0,0.006675822079804661,-0.010989010989007397,-0.3467643467643491
199184578553600,4.0015614,back,-0.0040054932478827965,28.0,2.0,0.006675822079804661,-0.010989010989007397,-0.3467643467643491
199184579615000,4.0026228,back,-0.0040054932478827965,28.0,2.0,0.006675822079804661,-0.010989010989007397,-0.3467643467643491
199184580114200,4.003122,back,-0.0040054932478827965,28.0,2.0,0.006675822079804661,-0.010989010989007397,-0.3467643467643491
199184581117700,4.0041255,back,-0.0040054932478827965,28.0,2.0,0.006675822079804661,-0.010989010989007397,-0.3467643467643491
199184582232800,4.0052406,back,-0.0040054932478827965,28.0,2.0,0.006675822079804661,-0.010989010989007397,-0.3467643467643491
199184583274900,4.0062827,back,-0.0040054932478827965,28.0,2.0,0.006675822079804661,-0.010989010989007397,-0.3467643467643491
199184584342800,4.0073506,back,-0.0040054932478827965,28.0,2.0,0.006675822079804661,-0.010989010989007397,-0.3467643467643491
199184585369700,4.0083775,back,-0.0040054932478827965,28.0,2.0,0.006675822079804661,-0.010989010989007397,-0.3467643467643491
199184586371200,4.009379,back,-0.0040054932478827965,28.0,2.0,0.006675822079804661,-0.010989010989007397,-0.3467643467643491
199184587449000,4.0104568,back,-0.0040054932478827965,28.0,2.0,0.006675822079804661,-0.010989010989007397,-0.3467643467643491
199184588583400,4.0115912,back,-0.0040054932478827965,28.0,2.0,0.006675822079804661,-0.010989010989007397,-0.3467643467643491
199184589716100,4.0127239,back,-0.0040054932478827965,28.0,2.0,0.006675822079804661,-0.010989010989007397,-0.3467643467643491
199184590323700,4.0133315,back,-0.0040054932478827965,28.0,2.0,0.006675822079804661,-0.010989010989007397,-0.3467643467643491
199184591348500,4.0143563,back,-0.0040054932478827965,28.0,2.0,0.006675822079804661,-0.010989010989007397,-0.3467643467643491
199184592436600,4.0154444,back,-0.0040054932478827965,28.0,2.0,0.006675822079804661,-0.010989010989007397,-0.3467643467643491
199184593577600,4.0165854,back,-0.0040054932478827965,28.0,2.0,0.006675822079804661,-0.010989010989007397,-0.3467643467643491
199184594570800,4.0175786,back,-0.0040054932478827965,28.0,2.0,0.006675822079804661,-0.010989010989007397,-0.3467643467643491
199184595682200,4.01869,back,-0.0040054932478827965,28.0,2.0,0.006675822079804661,-0.010989010989007397,-0.3467643467643491
199184596283100,4.0192909,back,-0.0040054932478827965,28.0,2.0,0.006675822079804661,-0.010989010989007397,-0.3467643467643491
199184597371900,4.0203797,back,-0.0040054932478827965,28.0,2.0,0.006675822079804661,-0.010989010989007397,-0.3467643467643491
199184598394800,4.0214026,back,-0.0040054932478827965,28.0,2.0,0.006675822079804661,-0.010989010989007397,-0.3467643467643491
199184599482700,4.0224905,back,-0.0040054932478827965,28.0,2.0,0.006675822079804661,-0.010989010989007397,-0.3467643467643491
199184600512000,4.0235198,back,-0.0040054932478827965,28.0,2.0,0.006675822079804661,-0.010989010989007397,-0.3467643467643491
199184601512500,4.0245203,back,-0.0040054932478827965,28.0,2.0,0.006675822079804661,-0.010989010989007397,-0.3467643467643491
199184602593000,4.0256008,back,-0.0040054932478827965,28.0,2.0,0.006675822079804661,-0.010989010989007397,-0.3467643467643491
199184603753500,4.0267613,back,-0.0040054932478827965,28.0,2.0,0.006675822079804661,-0.010989010989007397,-0.3467643467643491
199184604361200,4.027369,back,-0.0040054932478827965,28.0,2.0,0.006675822079804661,-0.010989010989007397,-0.3467643467643491
199184605366600,4.0283744,back,-0.0040054932478827965,28.0,2.0,0.006675822079804661,-0.010989010989007397,-0.3467643467643491
199184606489800,4.0294976,back,-0.0040054932478827965,28.0,2.0,0.006675822079804661,-0.010989010989007397,-0.3467643467643491
199184607483800,4.0304916,back,-0.0040054932478827965,28.0,2.0,0.006675822079804661,-0.010989010989007397,-0.3467643467643491
199184608518100,4.0315259,back,-0.0040054932478827965,28.0,2.0,0.006675822079804661,-0.010989010989007397,-0.3467643467643491
199184609672200,4.03268,back,-0.0040054932478827965,28.0,2.0,0.006675822079804661,-0.010989010989007397,-0.3467643467643491
199184610280300,4.0332881,back,-0.0040054932478827965,28.0,2.0,0.006675822079804661,-0.010989010989007397,-0.3467643467643491
199184611303700,4.0343115,back,-0.0040054932478827965,28.0,2.0,0.006675822079804661,-0.010989010989007397,-0.3467643467643491
199184612629800,4.0356376,back,-0.0040054932478827965,28.0,2.0,0.006675822079804661,-0.010989010989007397,-0.3467643467643491
199184613509100,4.0365169,back,-0.0040054932478827965,28.0,2.0,0.006675822079804661,-0.010989010989007397,-0.3467643467643491
199184614500600,4.0375084,back,-0.0040054932478827965,28.0,2.0,0.006675822079804661,-0.010989010989007397,-0.3467643467643491
199184615522000,4.0385298,back,-0.0040054932478827965,28.0,2.0,0.006675822079804661,-0.010989010989007397,-0.3467643467643491
199184616515100,4.0395229,back,-0.0040054932478827965,28.0,2.0,0.006675822079804661,-0.010989010989007397,-0.3467643467643491
199184617535900,4.0405437,back,-0.0040054932478827965,28.0,2.0,0.006675822079804661,-0.010989010989007397,-0.3467643467643491
199184618530900,4.0415387,back,-0.0040054932478827965,28.0,2.0,0.006675822079804661,-0.010989010989007397,-0.3467643467643491
199184619541800,4.0425496,back,-0.0040054932478827965,28.0,2.0,0.006675822079804661,-0.010989010989007397,-0.3467643467643491
199184621023400,4.0440312,back,-0.0040054932478827965,28.0,2.0,0.006675822079804661,-0.010989010989007397,-0.3467643467643491
199184621129700,4.0441375,back,-0.0040054932478827965,28.0,2.0,0.006675822079804661,-0.010989010989007397,-0.3467643467643491
199184622781000,4.0457888,back,-0.0040054932478827965,28.0,2.0,0.006675822079804661,-0.010989010989007397,-0.3467643467643491
199184623272500,4.0462803,back,-0.0040054932478827965,28.0,2.0,0.006675822079804661,-0.010989010989007397,-0.3467643467643491
199184624272100,4.0472799,back,-0.0040054932478827965,28.0,2.0,0.006675822079804661,-0.010989010989007397,-0.3467643467643491
199184625291800,4.0482996,back,-0.0040054932478827965,28.0,2.0,0.006675822079804661,-0.010989010989007397,-0.3467643467643491
199184626296900,4.0493047,back,-0.0040054932478827965,28.0,2.0,0.006675822079804661,-0.010989010989007397,-0.3467643467643491
199184627433200,4.050441,back,-0.0040054932478827965,28.0,2.0,0.006675822079804661,-0.010989010989007397,-0.3467643467643491
199184628673600,4.0516814,back,-0.0040054932478827965,28.0,2.0,0.006675822079804661,-0.010989010989007397,-0.3467643467643491
199184629543400,4.0525512,back,-0.0040054932478827965,28.0,2.0,0.004386968795300206,-0.0769230769230802,-0.1611721611721606
199184630547100,4.0535549,back,-0.0040054932478827965,28.0,2.0,0.004386968795300206,-0.0769230769230802,-0.1611721611721606
199184631677800,4.0546856,back,-0.0040054932478827965,28.0,2.0,0.004386968795300206,-0.0769230769230802,-0.1611721611721606
199184632311400,4.0553192,back,-0.0040054932478827965,28.0,2.0,0.004386968795300206,-0.0769230769230802,-0.1611721611721606
199184633363200,4.056371,back,-0.0040054932478827965,28.0,2.0,0.004386968795300206,-0.0769230769230802,-0.1611721611721606
199184634440600,4.0574484,back,-0.0040054932478827965,28.0,2.0,0.004386968795300206,-0.0769230769230802,-0.1611721611721606
199184635445000,4.0584528,back,-0.0040054932478827965,28.0,2.0,0.004386968795300206,-0.0769230769230802,-0.1611721611721606
199184636467400,4.0594752,back,-0.0040054932478827965,28.0,2.0,0.004386968795300206,-0.0769230769230802,-0.1611721611721606
199184637551100,4.0605589,back,-0.0040054932478827965,28.0,2.0,0.004386968795300206,-0.0769230769230802,-0.1611721611721606
199184638583900,4.0615917,back,-0.0040054932478827965,28.0,2.0,0.004386968795300206,-0.0769230769230802,-0.1611721611721606
199184639590600,4.0625984,back,-0.0040054932478827965,28.0,2.0,0.004386968795300206,-0.0769230769230802,-0.1611721611721606
199184640188200,4.063196,back,-0.0040054932478827965,28.0,2.0,0.004386968795300206,-0.0769230769230802,-0.1611721611721606
199184641192400,4.0642002,back,-0.0040054932478827965,28.0,2.0,0.004386968795300206,-0.0769230769230802,-0.1611721611721606
199184642304100,4.0653119,back,-0.0040054932478827965,28.0,2.0,0.004386968795300206,-0.0769230769230802,-0.1611721611721606
199184643395000,4.0664028,back,-0.0040054932478827965,28.0,2.0,0.004386968795300206,-0.0769230769230802,-0.1611721611721606
199184644622000,4.0676298,back,-0.0040054932478827965,28.0,2.0,0.004386968795300206,-0.0769230769230802,-0.1611721611721606
199184645519500,4.0685273,back,-0.0040054932478827965,28.0,2.0,0.004386968795300206,-0.0769230769230802,-0.1611721611721606
199184646519700,4.0695275,back,-0.0040054932478827965,28.0,2.0,0.004386968795300206,-0.0769230769230802,-0.1611721611721606
199184647604300,4.0706121,back,-0.0040054932478827965,28.0,2.0,0.004386968795300206,-0.0769230769230802,-0.1611721611721606
199184648248100,4.0712559,back,-0.0040054932478827965,28.0,2.0,0.004386968795300206,-0.0769230769230802,-0.1611721611721606
199184649226100,4.0722339,back,-0.0040054932478827965,28.0,2.0,0.004386968795300206,-0.0769230769230802,-0.1611721611721606
199184650382200,4.07339,back,-0.0040054932478827965,28.0,2.0,0.004386968795300206,-0.0769230769230802,-0.1611721611721606
199184651384300,4.0743921,back,-0.0040054932478827965,28.0,2.0,0.004386968795300206,-0.0769230769230802,-0.1611721611721606
199184652482000,4.0754898,back,-0.0040054932478827965,28.0,2.0,0.004386968795300206,-0.0769230769230802,-0.1611721611721606
199184653716000,4.0767238,back,-0.0040054932478827965,28.0,2.0,0.004386968795300206,-0.0769230769230802,-0.1611721611721606
199184654320100,4.0773279,back,-0.0040054932478827965,28.0,2.0,0.004386968795300206,-0.0769230769230802,-0.1611721611721606
199184655319600,4.0783274,back,-0.0040054932478827965,28.0,2.0,0.004386968795300206,-0.0769230769230802,-0.1611721611721606
199184656420700,4.0794285,back,-0.0040054932478827965,28.0,2.0,0.004386968795300206,-0.0769230769230802,-0.1611721611721606
199184657469600,4.0804774,back,-0.0040054932478827965,28.0,2.0,0.004386968795300206,-0.0769230769230802,-0.1611721611721606
199184658538500,4.0815463,back,-0.0040054932478827965,28.0,2.0,0.004386968795300206,-0.0769230769230802,-0.1611721611721606
199184659784200,4.082792,back,-0.0040054932478827965,28.0,2.0,0.004386968795300206,-0.0769230769230802,-0.1611721611721606
199184660383100,4.0833909,back,-0.0040054932478827965,28.0,2.0,0.004386968795300206,-0.0769230769230802,-0.1611721611721606
199184661484300,4.0844921,back,-0.0040054932478827965,28.0,2.0,0.004386968795300206,-0.0769230769230802,-0.1611721611721606
199184662605500,4.0856133,back,-0.0040054932478827965,28.0,2.0,0.004386968795300206,-0.0769230769230802,-0.1611721611721606
199184663325700,4.0863335,back,-0.0040054932478827965,28.0,2.0,0.004386968795300206,-0.0769230769230802,-0.1611721611721606
199184664302300,4.0873101,back,-0.0040054932478827965,28.0,2.0,0.004386968795300206,-0.0769230769230802,-0.1611721611721606
199184665714100,4.0887219,back,-0.0040054932478827965,28.0,2.0,0.004386968795300206,-0.0769230769230802,-0.1611721611721606
199184666301800,4.0893096,back,-0.0040054932478827965,28.0,2.0,0.004386968795300206,-0.0769230769230802,-0.1611721611721606
199184667303700,4.0903115,back,-0.0040054932478827965,28.0,2.0,0.004386968795300206,-0.0769230769230802,-0.1611721611721606
199184668345800,4.0913536,back,-0.0040054932478827965,28.0,2.0,0.004386968795300206,-0.0769230769230802,-0.1611721611721606
199184669399200,4.092407,back,-0.0040054932478827965,28.0,2.0,0.004386968795300206,-0.0769230769230802,-0.1611721611721606
199184670474800,4.0934826,back,-0.0040054932478827965,28.0,2.0,0.004386968795300206,-0.0769230769230802,-0.1611721611721606
199184671508000,4.0945158,back,-0.0040054932478827965,28.0,2.0,0.004386968795300206,-0.0769230769230802,-0.1611721611721606
199184672605300,4.0956131,back,-0.0040054932478827965,28.0,2.0,0.004386968795300206,-0.0769230769230802,-0.1611721611721606
199184673693700,4.0967015,back,-0.0040054932478827965,28.0,2.0,0.004386968795300206,-0.0769230769230802,-0.1611721611721606
199184674298400,4.0973062,back,-0.0040054932478827965,28.0,2.0,0.004386968795300206,-0.0769230769230802,-0.1611721611721606
199184675385500,4.0983933,back,-0.0040054932478827965,28.0,2.0,0.004386968795300206,-0.0769230769230802,-0.1611721611721606
199184676309800,4.0993176,back,-0.0040054932478827965,28.0,2.0,0.004386968795300206,-0.0769230769230802,-0.1611721611721606
199184677315700,4.1003235,back,-0.0040054932478827965,28.0,2.0,0.004386968795300206,-0.0769230769230802,-0.1611721611721606
199184678321700,4.1013295,back,-0.0040054932478827965,28.0,2.0,0.004386968795300206,-0.0769230769230802,-0.1611721611721606
199184679329100,4.1023369,back,-0.0040054932478827965,28.0,2.0,0.004386968795300206,-0.0769230769230802,-0.1611721611721606
199184680334000,4.1033418,back,-0.0040054932478827965,28.0,2.0,0.004386968795300206,-0.0769230769230802,-0.1611721611721606
199184681333900,4.1043417,back,-0.0040054932478827965,28.0,2.0,0.004386968795300206,-0.0769230769230802,-0.1611721611721606
199184682661300,4.1056691,back,-0.0040054932478827965,28.0,2.0,0.004386968795300206,-0.0769230769230802,-0.1611721611721606
199184683306600,4.1063144,back,-0.0040054932478827965,28.0,2.0,0.004386968795300206,-0.0769230769230802,-0.1611721611721606
199184684311300,4.1073191,back,-0.0040054932478827965,28.0,2.0,0.004386968795300206,-0.0769230769230802,-0.1611721611721606
199184685339400,4.1083472,back,-0.0040054932478827965,28.0,2.0,0.004386968795300206,-0.0769230769230802,-0.1611721611721606
199184686340500,4.1093483,back,-0.0040054932478827965,28.0,2.0,0.004386968795300206,-0.0769230769230802,-0.1611721611721606
199184687502900,4.1105107,back,-0.0040054932478827965,28.0,2.0,0.004386968795300206,-0.0769230769230802,-0.1611721611721606
199184688636100,4.1116439,back,-0.0040054932478827965,28.0,2.0,0.004386968795300206,-0.0769230769230802,-0.1611721611721606
199184689237300,4.1122451,back,-0.0040054932478827965,28.0,2.0,0.004386968795300206,-0.0769230769230802,-0.1611721611721606
199184690240700,4.1132485,back,-0.0040054932478827965,28.0,2.0,0.004386968795300206,-0.0769230769230802,-0.1611721611721606
199184691460300,4.1144681,back,-0.0040054932478827965,28.0,2.0,0.004386968795300206,-0.0769230769230802,-0.1611721611721606
199184692530900,4.1155387,back,-0.0040054932478827965,28.0,2.0,0.004386968795300206,-0.0769230769230802,-0.1611721611721606
199184693654500,4.1166623,back,-0.0040054932478827965,28.0,2.0,0.004386968795300206,-0.0769230769230802,-0.1611721611721606
199184694632700,4.1176405,back,-0.0040054932478827965,28.0,2.0,0.004386968795300206,-0.0769230769230802,-0.1611721611721606
199184695226000,4.1182338,back,-0.0040054932478827965,28.0,2.0,0.004386968795300206,-0.0769230769230802,-0.1611721611721606
199184696258300,4.1192661,back,-0.0040054932478827965,28.0,2.0,0.004386968795300206,-0.0769230769230802,-0.1611721611721606
199184697366000,4.1203738,back,-0.0040054932478827965,28.0,2.0,0.004386968795300206,-0.0769230769230802,-0.1611721611721606
199184698515700,4.1215235,back,-0.0040054932478827965,28.0,2.0,0.004386968795300206,-0.0769230769230802,-0.1611721611721606
199184699628800,4.1226366,back,-0.0040054932478827965,28.0,2.0,0.004386968795300206,-0.0769230769230802,-0.1611721611721606
199184700238400,4.1232462,back,-0.0040054932478827965,28.0,2.0,0.004386968795300206,-0.0769230769230802,-0.1611721611721606
199184701241100,4.1242489,back,-0.0040054932478827965,28.0,2.0,0.004386968795300206,-0.0769230769230802,-0.1611721611721606
199184702316600,4.1253244,back,-0.0040054932478827965,28.0,2.0,0.004386968795300206,-0.0769230769230802,-0.1611721611721606
199184703453200,4.126461,back,-0.0040054932478827965,28.0,2.0,0.004386968795300206,-0.0769230769230802,-0.1611721611721606
199184704541800,4.1275496,back,-0.0040054932478827965,28.0,2.0,0.004386968795300206,-0.0769230769230802,-0.1611721611721606
199184705609500,4.1286173,back,-0.0040054932478827965,28.0,2.0,0.004386968795300206,-0.0769230769230802,-0.1611721611721606
199184706220300,4.1292281,back,-0.0040054932478827965,28.0,2.0,0.004386968795300206,-0.0769230769230802,-0.1611721611721606
199184707350400,4.1303582,back,-0.0040054932478827965,28.0,2.0,0.004386968795300206,-0.0769230769230802,-0.1611721611721606
199184708551000,4.1315588,back,-0.0040054932478827965,28.0,2.0,0.004386968795300206,-0.0769230769230802,-0.1611721611721606
199184709549600,4.1325574,back,-0.0040054932478827965,28.0,2.0,0.004386968795300206,-0.0769230769230802,-0.1611721611721606
199184710655300,4.1336631,back,-0.0040054932478827965,28.0,2.0,0.004386968795300206,-0.0769230769230802,-0.1611721611721606
199184711221000,4.1342288,back,-0.0040054932478827965,28.0,2.0,0.004386968795300206,-0.0769230769230802,-0.1611721611721606
199184712261600,4.1352694,back,-0.0040054932478827965,28.0,2.0,0.004386968795300206,-0.0769230769230802,-0.1611721611721606
199184713580300,4.1365881,back,-0.0040054932478827965,28.0,2.0,0.004386968795300206,-0.0769230769230802,-0.1611721611721606
199184714542400,4.1375502,back,-0.0040054932478827965,28.0,2.0,0.004386968795300206,-0.0769230769230802,-0.1611721611721606
199184715547700,4.1385555,back,-0.0040054932478827965,28.0,2.0,0.004386968795300206,-0.0769230769230802,-0.1611721611721606
199184716684900,4.1396927,back,-0.0040054932478827965,28.0,2.0,0.004386968795300206,-0.0769230769230802,-0.1611721611721606
199184717347200,4.140355,back,-0.0040054932478827965,28.0,2.0,0.004386968795300206,-0.0769230769230802,-0.1611721611721606
199184718371400,4.1413792,back,-0.0040054932478827965,28.0,2.0,0.004386968795300206,-0.0769230769230802,-0.1611721611721606
199184719431900,4.1424397,back,-0.0040054932478827965,28.0,2.0,0.004386968795300206,-0.0769230769230802,-0.1611721611721606
199184720528000,4.1435358,back,-0.0040054932478827965,28.0,2.0,0.004386968795300206,-0.0769230769230802,-0.1611721611721606
199184721631300,4.1446391,back,-0.0040054932478827965,28.0,2.0,0.004386968795300206,-0.0769230769230802,-0.1611721611721606
199184723027200,4.146035,back,-0.0040054932478827965,28.0,2.0,0.004386968795300206,-0.0769230769230802,-0.1611721611721606
199184723155400,4.1461632,back,-0.0040054932478827965,28.0,2.0,0.004386968795300206,-0.0769230769230802,-0.1611721611721606
199184724252100,4.1472599,back,-0.0040054932478827965,28.0,2.0,0.004386968795300206,-0.0769230769230802,-0.1611721611721606
199184725254400,4.1482622,back,-0.0040054932478827965,28.0,2.0,0.004386968795300206,-0.0769230769230802,-0.1611721611721606
199184726364600,4.1493724,back,-0.0040054932478827965,28.0,2.0,0.004386968795300206,-0.0769230769230802,-0.1611721611721606
199184727597200,4.150605,back,-0.0040054932478827965,28.0,2.0,0.004386968795300206,-0.0769230769230802,-0.1611721611721606
199184728595600,4.1516034,back,-0.0040054932478827965,28.0,2.0,0.004386968795300206,-0.0769230769230802,-0.1611721611721606
199184729185300,4.1521931,back,-0.0040054932478827965,28.0,2.0,0.004386968795300206,-0.0769230769230802,-0.1611721611721606
199184730211600,4.1532194,back,-0.0040054932478827965,28.0,2.0,0.004386968795300206,-0.0769230769230802,-0.1611721611721606
199184731338700,4.1543465,back,-0.0040054932478827965,28.0,2.0,0.004386968795300206,-0.0769230769230802,-0.1611721611721606
199184732557500,4.1555653,back,-0.0040054932478827965,28.0,2.0,0.004386968795300206,-0.0769230769230802,-0.1611721611721606
199184733751000,4.1567588,back,-0.0040054932478827965,28.0,2.0,0.004386968795300206,-0.0769230769230802,-0.1611721611721606
199184734377100,4.1573849,back,-0.0040054932478827965,28.0,2.0,0.004386968795300206,-0.0769230769230802,-0.1611721611721606
199184735386600,4.1583944,back,-0.0040054932478827965,28.0,2.0,0.004386968795300206,-0.0769230769230802,-0.1611721611721606
199184736499400,4.1595072,back,-0.0040054932478827965,28.0,2.0,0.004386968795300206,-0.0769230769230802,-0.1611721611721606
199184737640600,4.1606484,back,-0.0040054932478827965,28.0,2.0,0.004386968795300206,-0.0769230769230802,-0.1611721611721606
199184738545500,4.1615533,back,-0.0040054932478827965,28.0,2.0,0.004386968795300206,-0.098901098901095,-0.1611721611721606
199184739346300,4.1623541,back,-0.0040054932478827965,28.0,2.0,0.003242542153047978,-0.010989010989007397,-0.23931623931623847
199184740609700,4.1636175,back,-0.0040054932478827965,28.0,2.0,0.003242542153047978,-0.0329670329670364,-0.25885225885225793
199184741193700,4.1642015,back,-0.0040054932478827965,28.0,2.0,0.003242542153047978,-0.0329670329670364,-0.25885225885225793
199184742196400,4.1652042,back,-0.0040054932478827965,28.0,2.0,0.003242542153047978,-0.0329670329670364,-0.25885225885225793
199184743284100,4.1662919,back,-0.0040054932478827965,28.0,2.0,0.003242542153047978,-0.0329670329670364,-0.25885225885225793
199184744359400,4.1673672,back,-0.0040054932478827965,28.0,2.0,0.003242542153047978,-0.0329670329670364,-0.25885225885225793
199184745867400,4.1688752,back,-0.0040054932478827965,28.0,2.0,0.003242542153047978,-0.0329670329670364,-0.25885225885225793
199184746475600,4.1694834,back,-0.0040054932478827965,28.0,2.0,0.003242542153047978,-0.0329670329670364,-0.25885225885225793
199184747477700,4.1704855,back,-0.0040054932478827965,28.0,2.0,0.003242542153047978,-0.0329670329670364,-0.25885225885225793
199184748587200,4.171595,back,-0.0040054932478827965,28.0,2.0,0.003242542153047978,-0.0329670329670364,-0.25885225885225793
199184749696100,4.1727039,back,-0.0040054932478827965,28.0,2.0,0.003242542153047978,-0.0329670329670364,-0.25885225885225793
199184750309000,4.1733168,back,-0.0040054932478827965,28.0,2.0,0.003242542153047978,-0.0329670329670364,-0.25885225885225793
199184751312300,4.1743201,back,-0.0040054932478827965,28.0,2.0,0.003242542153047978,-0.0329670329670364,-0.25885225885225793
199184752358900,4.1753667,back,-0.0040054932478827965,28.0,2.0,0.003242542153047978,-0.0329670329670364,-0.25885225885225793
199184753611100,4.1766189,back,-0.0040054932478827965,28.0,2.0,0.003242542153047978,-0.0329670329670364,-0.25885225885225793
199184754724300,4.1777321,back,-0.0040054932478827965,28.0,2.0,0.003242542153047978,-0.0329670329670364,-0.25885225885225793
199184755324100,4.1783319,back,-0.0040054932478827965,28.0,2.0,0.003242542153047978,-0.0329670329670364,-0.25885225885225793
199184756353700,4.1793615,back,-0.0040054932478827965,28.0,2.0,0.003242542153047978,-0.0329670329670364,-0.25885225885225793
199184757485100,4.1804929,back,-0.0040054932478827965,28.0,2.0,0.003242542153047978,-0.0329670329670364,-0.25885225885225793
199184758635300,4.1816431,back,-0.0040054932478827965,28.0,2.0,0.003242542153047978,-0.0329670329670364,-0.25885225885225793
199184759756500,4.1827643,back,-0.0040054932478827965,28.0,2.0,0.003242542153047978,-0.0329670329670364,-0.25885225885225793
199184760375200,4.183383,back,-0.0040054932478827965,28.0,2.0,0.003242542153047978,-0.0329670329670364,-0.25885225885225793
199184761405100,4.1844129,back,-0.0040054932478827965,28.0,2.0,0.003242542153047978,-0.0329670329670364,-0.25885225885225793
199184762573500,4.1855813,back,-0.0040054932478827965,28.0,2.0,0.003242542153047978,-0.0329670329670364,-0.25885225885225793
199184763789100,4.1867969,back,-0.0040054932478827965,28.0,2.0,0.003242542153047978,-0.0329670329670364,-0.25885225885225793
199184764477700,4.1874855,back,-0.0040054932478827965,28.0,2.0,0.003242542153047978,-0.0329670329670364,-0.25885225885225793
199184765515900,4.1885237,back,-0.0040054932478827965,28.0,2.0,0.003242542153047978,-0.0329670329670364,-0.25885225885225793
199184766601400,4.1896092,back,-0.0040054932478827965,28.0,2.0,0.003242542153047978,-0.0329670329670364,-0.25885225885225793
199184767191200,4.190199,back,-0.0040054932478827965,28.0,2.0,0.003242542153047978,-0.0329670329670364,-0.25885225885225793
199184768255700,4.1912635,back,-0.0040054932478827965,28.0,2.0,0.003242542153047978,-0.0329670329670364,-0.25885225885225793
199184769450700,4.1924585,back,-0.0040054932478827965,28.0,2.0,0.003242542153047978,-0.0329670329670364,-0.25885225885225793
199184770596700,4.1936045,back,-0.0040054932478827965,28.0,2.0,0.003242542153047978,-0.0329670329670364,-0.25885225885225793
199184771201200,4.194209,back,-0.0040054932478827965,28.0,2.0,0.003242542153047978,-0.0329670329670364,-0.25885225885225793
199184772221600,4.1952294,back,-0.0040054932478827965,28.0,2.0,0.003242542153047978,-0.0329670329670364,-0.25885225885225793
199184773219500,4.1962273,back,-0.0040054932478827965,28.0,2.0,0.003242542153047978,-0.0329670329670364,-0.25885225885225793
199184774222900,4.1972307,back,-0.0040054932478827965,28.0,2.0,0.003242542153047978,-0.0329670329670364,-0.25885225885225793
199184775226100,4.1982339,back,-0.0040054932478827965,28.0,2.0,0.003242542153047978,-0.0329670329670364,-0.25885225885225793
199184776258000,4.1992658,back,-0.0040054932478827965,28.0,2.0,0.003242542153047978,-0.0329670329670364,-0.25885225885225793
199184777405200,4.200413,back,-0.0040054932478827965,28.0,2.0,0.003242542153047978,-0.0329670329670364,-0.25885225885225793
199184778543800,4.2015516,back,-0.0040054932478827965,28.0,2.0,0.003242542153047978,-0.0329670329670364,-0.25885225885225793
199184779745000,4.2027528,back,-0.0040054932478827965,28.0,2.0,0.003242542153047978,-0.0329670329670364,-0.25885225885225793
199184780363300,4.2033711,back,-0.0040054932478827965,28.0,2.0,0.003242542153047978,-0.0329670329670364,-0.25885225885225793
199184781367900,4.2043757,back,-0.0040054932478827965,28.0,2.0,0.003242542153047978,-0.0329670329670364,-0.25885225885225793
199184782531200,4.205539,back,-0.0040054932478827965,28.0,2.0,0.003242542153047978,-0.0329670329670364,-0.25885225885225793
199184783698700,4.2067065,back,-0.0040054932478827965,28.0,2.0,0.003242542153047978,-0.0329670329670364,-0.25885225885225793
199184784287300,4.2072951,back,-0.0040054932478827965,28.0,2.0,0.003242542153047978,-0.0329670329670364,-0.25885225885225793
199184785340900,4.2083487,back,-0.0040054932478827965,28.0,2.0,0.003242542153047978,-0.0329670329670364,-0.25885225885225793
199184786433000,4.2094408,back,-0.0040054932478827965,28.0,2.0,0.003242542153047978,-0.0329670329670364,-0.25885225885225793
199184787661200,4.210669,back,-0.0040054932478827965,28.0,2.0,0.003242542153047978,-0.0329670329670364,-0.25885225885225793
199184788891100,4.2118989,back,-0.0040054932478827965,28.0,2.0,0.003242542153047978,-0.0329670329670364,-0.25885225885225793
199184789534800,4.2125426,back,-0.0040054932478827965,28.0,2.0,0.003242542153047978,-0.0329670329670364,-0.25885225885225793
199184790542700,4.2135505,back,-0.0040054932478827965,28.0,2.0,0.003242542153047978,-0.0329670329670364,-0.25885225885225793
199184791622400,4.2146302,back,-0.0040054932478827965,28.0,2.0,0.003242542153047978,-0.0329670329670364,-0.25885225885225793
199184792650400,4.2156582,back,-0.0040054932478827965,28.0,2.0,0.003242542153047978,-0.0329670329670364,-0.25885225885225793
199184793275200,4.216283,back,-0.0040054932478827965,28.0,2.0,0.003242542153047978,-0.0329670329670364,-0.25885225885225793
199184794286700,4.2172945,back,-0.0040054932478827965,28.0,2.0,0.003242542153047978,-0.0329670329670364,-0.25885225885225793
199184795426600,4.2184344,back,-0.0040054932478827965,28.0,2.0,0.003242542153047978,-0.0329670329670364,-0.25885225885225793
199184796544300,4.2195521,back,-0.0040054932478827965,28.0,2.0,0.003242542153047978,-0.0329670329670364,-0.25885225885225793
199184797769900,4.2207777,back,-0.0040054932478827965,28.0,2.0,0.003242542153047978,-0.0329670329670364,-0.25885225885225793
199184798451700,4.2214595,back,-0.0040054932478827965,28.0,2.0,0.003242542153047978,-0.0329670329670364,-0.25885225885225793
199184799440200,4.222448,back,-0.0040054932478827965,28.0,2.0,0.003242542153047978,-0.0329670329670364,-0.25885225885225793
199184800569300,4.2235771,back,-0.0040054932478827965,28.0,2.0,0.003242542153047978,-0.0329670329670364,-0.25885225885225793
199184801449000,4.2244568,back,-0.0040054932478827965,28.0,2.0,0.003242542153047978,-0.0329670329670364,-0.25885225885225793
199184802531300,4.2255391,back,-0.0040054932478827965,28.0,2.0,0.003242542153047978,-0.0329670329670364,-0.25885225885225793
199184803726300,4.2267341,back,-0.0040054932478827965,28.0,2.0,0.003242542153047978,-0.0329670329670364,-0.25885225885225793
199184804308100,4.2273159,back,-0.0040054932478827965,28.0,2.0,0.003242542153047978,-0.0329670329670364,-0.25885225885225793
199184805306500,4.2283143,back,-0.0040054932478827965,28.0,2.0,0.003242542153047978,-0.0329670329670364,-0.25885225885225793
199184806420400,4.2294282,back,-0.0040054932478827965,28.0,2.0,0.003242542153047978,-0.0329670329670364,-0.25885225885225793
199184807545900,4.2305537,back,-0.0040054932478827965,28.0,2.0,0.003242542153047978,-0.0329670329670364,-0.25885225885225793
199184808628800,4.2316366,back,-0.0040054932478827965,28.0,2.0,0.003242542153047978,-0.0329670329670364,-0.25885225885225793
199184809219300,4.2322271,back,-0.0040054932478827965,28.0,2.0,0.003242542153047978,-0.0329670329670364,-0.25885225885225793
199184810223400,4.2332312,back,-0.0040054932478827965,28.0,2.0,0.003242542153047978,-0.0329670329670364,-0.25885225885225793
199184811337200,4.234345,back,-0.0040054932478827965,28.0,2.0,0.003242542153047978,-0.0329670329670364,-0.25885225885225793
199184812504000,4.2355118,back,-0.0040054932478827965,28.0,2.0,0.003242542153047978,-0.0329670329670364,-0.25885225885225793
199184813629000,4.2366368,back,-0.0040054932478827965,28.0,2.0,0.003242542153047978,-0.0329670329670364,-0.25885225885225793
199184814862200,4.23787,back,-0.0040054932478827965,28.0,2.0,0.003242542153047978,-0.0329670329670364,-0.25885225885225793
199184815585300,4.2385931,back,-0.0040054932478827965,28.0,2.0,0.003242542153047978,-0.0329670329670364,-0.25885225885225793
199184816587800,4.2395956,back,-0.0040054932478827965,28.0,2.0,0.003242542153047978,-0.0329670329670364,-0.25885225885225793
199184817586700,4.2405945,back,-0.0040054932478827965,28.0,2.0,0.003242542153047978,-0.0329670329670364,-0.25885225885225793
199184818182400,4.2411902,back,-0.0040054932478827965,28.0,2.0,0.003242542153047978,-0.0329670329670364,-0.25885225885225793
199184819188400,4.2421962,back,-0.0040054932478827965,28.0,2.0,0.003242542153047978,-0.0329670329670364,-0.25885225885225793
199184820308500,4.2433163,back,-0.0040054932478827965,28.0,2.0,0.003242542153047978,-0.0329670329670364,-0.25885225885225793
199184821436600,4.2444444,back,-0.0040054932478827965,28.0,2.0,0.003242542153047978,-0.0329670329670364,-0.25885225885225793
199184822559300,4.2455671,back,-0.0040054932478827965,28.0,2.0,0.003242542153047978,-0.0329670329670364,-0.25885225885225793
199184823166600,4.2461744,back,-0.0040054932478827965,28.0,2.0,0.003242542153047978,-0.0329670329670364,-0.25885225885225793
199184824171200,4.247179,back,-0.0040054932478827965,28.0,2.0,0.003242542153047978,-0.0329670329670364,-0.25885225885225793
199184825313800,4.2483216,back,-0.0040054932478827965,28.0,2.0,0.003242542153047978,-0.0329670329670364,-0.25885225885225793
199184826465800,4.2494736,back,-0.0040054932478827965,28.0,2.0,0.003242542153047978,-0.0329670329670364,-0.25885225885225793
199184827452500,4.2504603,back,-0.0040054932478827965,28.0,2.0,0.003242542153047978,-0.0329670329670364,-0.25885225885225793
199184828617900,4.2516257,back,-0.0040054932478827965,28.0,2.0,0.003242542153047978,-0.0329670329670364,-0.25885225885225793
199184829767200,4.252775,back,-0.0040054932478827965,28.0,2.0,0.003242542153047978,-0.0329670329670364,-0.25885225885225793
199184830409800,4.2534176,back,-0.0040054932478827965,28.0,2.0,0.003242542153047978,-0.0329670329670364,-0.25885225885225793
199184831494400,4.2545022,back,-0.0040054932478827965,28.0,2.0,0.003242542153047978,-0.0329670329670364,-0.25885225885225793
199184832417900,4.2554257,back,-0.0040054932478827965,28.0,2.0,0.003242542153047978,-0.0329670329670364,-0.25885225885225793
199184833421300,4.2564291,back,-0.0040054932478827965,28.0,2.0,0.003242542153047978,-0.0329670329670364,-0.25885225885225793
199184834470900,4.2574787,back,-0.0040054932478827965,28.0,2.0,0.003242542153047978,-0.0329670329670364,-0.25885225885225793
199184835893600,4.2589014,back,-0.0040054932478827965,28.0,2.0,0.003242542153047978,-0.0329670329670364,-0.25885225885225793
199184836492900,4.2595007,back,-0.0040054932478827965,28.0,2.0,0.003242542153047978,-0.0329670329670364,-0.25885225885225793
199184837522900,4.2605307,back,-0.0040054932478827965,28.0,2.0,0.003242542153047978,-0.0329670329670364,-0.25885225885225793
199184838694800,4.2617026,back,-0.0040054932478827965,28.0,2.0,0.003242542153047978,-0.0329670329670364,-0.25885225885225793
199184839302400,4.2623102,back,-0.0040054932478827965,28.0,2.0,0.003242542153047978,-0.0329670329670364,-0.25885225885225793
199184840310600,4.2633184,back,-0.0040054932478827965,28.0,2.0,0.003242542153047978,-0.0329670329670364,-0.25885225885225793
199184841319300,4.2643271,back,-0.0040054932478827965,28.0,2.0,0.003242542153047978,-0.0329670329670364,-0.25885225885225793
199184842443800,4.2654516,back,-0.0040054932478827965,28.0,2.0,0.003242542153047978,-0.0329670329670364,-0.25885225885225793
199184843561300,4.2665691,back,-0.0040054932478827965,28.0,2.0,0.003242542153047978,-0.0329670329670364,-0.25885225885225793
199184844639400,4.2676472,back,-0.0040054932478827965,28.0,2.0,0.003242542153047978,-0.0329670329670364,-0.25885225885225793
199184845224900,4.2682327,back,-0.0040054932478827965,28.0,2.0,0.003242542153047978,-0.0329670329670364,-0.25885225885225793
199184846369000,4.2693768,back,-0.0040054932478827965,28.0,2.0,0.003242542153047978,-0.0329670329670364,-0.25885225885225793
199184847454000,4.2704618,back,-0.0040054932478827965,28.0,2.0,0.003242542153047978,-0.0329670329670364,-0.25885225885225793
199184848366400,4.2713742,back,-0.0040054932478827965,28.0,2.0,0.0036240177004653873,-0.010989010989007397,-0.23931623931623847
199184849371200,4.272379,back,-0.0040054932478827965,28.0,2.0,0.0036240177004653873,-0.010989010989007397,-0.23931623931623847
199184850596500,4.2736043,back,-0.0040054932478827965,28.0,2.0,0.0036240177004653873,-0.010989010989007397,-0.23931623931623847
199184851622900,4.2746307,back,-0.0040054932478827965,28.0,2.0,0.0036240177004653873,-0.010989010989007397,-0.23931623931623847
199184852758100,4.2757659,back,-0.0040054932478827965,28.0,2.0,0.0036240177004653873,-0.010989010989007397,-0.23931623931623847
199184853411400,4.2764192,back,-0.0040054932478827965,28.0,2.0,0.0036240177004653873,-0.010989010989007397,-0.23931623931623847
199184854412100,4.2774199,back,-0.0040054932478827965,28.0,2.0,0.0036240177004653873,-0.010989010989007397,-0.23931623931623847
199184855473800,4.2784816,back,-0.0040054932478827965,28.0,2.0,0.0036240177004653873,-0.010989010989007397,-0.23931623931623847
199184856575600,4.2795834,back,-0.0040054932478827965,28.0,2.0,0.0036240177004653873,-0.010989010989007397,-0.23931623931623847
199184857571400,4.2805792,back,-0.0040054932478827965,28.0,2.0,0.0036240177004653873,-0.010989010989007397,-0.23931623931623847
199184858793700,4.2818015,back,-0.0040054932478827965,28.0,2.0,0.0036240177004653873,-0.010989010989007397,-0.23931623931623847
199184859357500,4.2823653,back,-0.0040054932478827965,28.0,2.0,0.0036240177004653873,-0.010989010989007397,-0.23931623931623847
199184860360800,4.2833686,back,-0.0040054932478827965,28.0,2.0,0.0036240177004653873,-0.010989010989007397,-0.23931623931623847
199184861478800,4.2844866,back,-0.0040054932478827965,28.0,2.0,0.0036240177004653873,-0.010989010989007397,-0.23931623931623847
199184862625500,4.2856333,back,-0.0040054932478827965,28.0,2.0,0.0036240177004653873,-0.010989010989007397,-0.23931623931623847
199184863726000,4.2867338,back,-0.0040054932478827965,28.0,2.0,0.0036240177004653873,-0.010989010989007397,-0.23931623931623847
199184864322900,4.2873307,back,-0.0040054932478827965,28.0,2.0,0.0036240177004653873,-0.010989010989007397,-0.23931623931623847
199184865329800,4.2883376,back,-0.0040054932478827965,28.0,2.0,0.0036240177004653873,-0.010989010989007397,-0.23931623931623847
199184866326900,4.2893347,back,-0.0040054932478827965,28.0,2.0,0.0036240177004653873,-0.010989010989007397,-0.23931623931623847
199184867328200,4.290336,back,-0.0040054932478827965,28.0,2.0,0.0036240177004653873,-0.010989010989007397,-0.23931623931623847
199184868506100,4.2915139,back,-0.0040054932478827965,28.0,2.0,0.0036240177004653873,-0.010989010989007397,-0.23931623931623847
199184869688300,4.2926961,back,-0.0040054932478827965,28.0,2.0,0.0036240177004653873,-0.010989010989007397,-0.23931623931623847
199184870290700,4.2932985,back,-0.0040054932478827965,28.0,2.0,0.0036240177004653873,-0.010989010989007397,-0.23931623931623847
199184871293600,4.2943014,back,-0.0040054932478827965,28.0,2.0,0.0036240177004653873,-0.010989010989007397,-0.23931623931623847
199184872419900,4.2954277,back,-0.0040054932478827965,28.0,2.0,0.0036240177004653873,-0.010989010989007397,-0.23931623931623847
199184873609600,4.2966174,back,-0.0040054932478827965,28.0,2.0,0.0036240177004653873,-0.010989010989007397,-0.23931623931623847
199184874758200,4.297766,back,-0.0040054932478827965,28.0,2.0,0.0036240177004653873,-0.010989010989007397,-0.23931623931623847
199184875346500,4.2983543,back,-0.0040054932478827965,28.0,2.0,0.0036240177004653873,-0.010989010989007397,-0.23931623931623847
199184876485200,4.299493,back,-0.0040054932478827965,28.0,2.0,0.0036240177004653873,-0.010989010989007397,-0.23931623931623847
199184877497600,4.3005054,back,-0.0040054932478827965,28.0,2.0,0.0036240177004653873,-0.010989010989007397,-0.23931623931623847
199184878698800,4.3017066,back,-0.0040054932478827965,28.0,2.0,0.0036240177004653873,-0.010989010989007397,-0.23931623931623847
199184879965800,4.3029736,back,-0.0040054932478827965,28.0,2.0,0.0036240177004653873,-0.010989010989007397,-0.23931623931623847
199184880682700,4.3036905,back,-0.0040054932478827965,28.0,2.0,0.0036240177004653873,-0.010989010989007397,-0.23931623931623847
199184881291800,4.3042996,back,-0.0040054932478827965,28.0,2.0,0.0036240177004653873,-0.010989010989007397,-0.23931623931623847
199184882293900,4.3053017,back,-0.0040054932478827965,28.0,2.0,0.0036240177004653873,-0.010989010989007397,-0.23931623931623847
199184883330600,4.3063384,back,-0.0040054932478827965,28.0,2.0,0.0036240177004653873,-0.010989010989007397,-0.23931623931623847
199184884368000,4.3073758,back,-0.0040054932478827965,28.0,2.0,0.0036240177004653873,-0.010989010989007397,-0.23931623931623847
199184885376500,4.3083843,back,-0.0040054932478827965,28.0,2.0,0.0036240177004653873,-0.010989010989007397,-0.23931623931623847
199184886374200,4.309382,back,-0.0040054932478827965,28.0,2.0,0.0036240177004653873,-0.010989010989007397,-0.23931623931623847
199184887414900,4.3104227,back,-0.0040054932478827965,28.0,2.0,0.0036240177004653873,-0.010989010989007397,-0.23931623931623847
199184888488600,4.3114964,back,-0.0040054932478827965,28.0,2.0,0.0036240177004653873,-0.010989010989007397,-0.23931623931623847
199184889551100,4.3125589,back,-0.0040054932478827965,28.0,2.0,0.0036240177004653873,-0.010989010989007397,-0.23931623931623847
199184890962000,4.3139698,back,-0.0040054932478827965,28.0,2.0,0.0036240177004653873,-0.010989010989007397,-0.23931623931623847
199184891546700,4.3145545,back,-0.0040054932478827965,28.0,2.0,0.0036240177004653873,-0.010989010989007397,-0.23931623931623847
199184892549300,4.3155571,back,-0.0040054932478827965,28.0,2.0,0.0036240177004653873,-0.010989010989007397,-0.23931623931623847
199184893106900,4.3161147,back,-0.0040054932478827965,28.0,2.0,0.0036240177004653873,-0.010989010989007397,-0.23931623931623847
199184894344300,4.3173521,back,-0.0040054932478827965,28.0,2.0,0.0036240177004653873,-0.010989010989007397,-0.23931623931623847
199184895627400,4.3186352,back,-0.0040054932478827965,28.0,2.0,0.0036240177004653873,-0.010989010989007397,-0.23931623931623847
199184896229900,4.3192377,back,-0.0040054932478827965,28.0,2.0,0.0036240177004653873,-0.010989010989007397,-0.23931623931623847
199184897340400,4.3203482,back,-0.0040054932478827965,28.0,2.0,0.0036240177004653873,-0.010989010989007397,-0.23931623931623847
199184898453000,4.3214608,back,-0.0040054932478827965,28.0,2.0,0.0036240177004653873,-0.010989010989007397,-0.23931623931623847
199184899463700,4.3224715,back,-0.0040054932478827965,28.0,2.0,0.0036240177004653873,-0.010989010989007397,-0.23931623931623847
199184900604700,4.3236125,back,-0.0040054932478827965,28.0,2.0,0.0036240177004653873,-0.010989010989007397,-0.23931623931623847
199184901109900,4.3241177,back,-0.0040054932478827965,28.0,2.0,0.0036240177004653873,-0.010989010989007397,-0.23931623931623847
199184902107400,4.3251152,back,-0.0040054932478827965,28.0,2.0,0.0036240177004653873,-0.010989010989007397,-0.23931623931623847
199184903196800,4.3262046,back,-0.0040054932478827965,28.0,2.0,0.0036240177004653873,-0.010989010989007397,-0.23931623931623847
199184904402200,4.32741,back,-0.0040054932478827965,28.0,2.0,0.0036240177004653873,-0.010989010989007397,-0.23931623931623847
199184905531500,4.3285393,back,-0.0040054932478827965,28.0,2.0,0.0036240177004653873,-0.010989010989007397,-0.23931623931623847
199184906534200,4.329542,back,-0.0040054932478827965,28.0,2.0,0.0036240177004653873,-0.010989010989007397,-0.23931623931623847
199184907569100,4.3305769,back,-0.0040054932478827965,28.0,2.0,0.0036240177004653873,-0.010989010989007397,-0.23931623931623847
199184908705300,4.3317131,back,-0.0040054932478827965,28.0,2.0,0.0036240177004653873,-0.010989010989007397,-0.23931623931623847
199184909425300,4.3324331,back,-0.0040054932478827965,28.0,2.0,0.0036240177004653873,-0.010989010989007397,-0.23931623931623847
199184910551900,4.3335597,back,-0.0040054932478827965,28.0,2.0,0.0036240177004653873,-0.010989010989007397,-0.23931623931623847
199184911565600,4.3345734,back,-0.0040054932478827965,28.0,2.0,0.0036240177004653873,-0.010989010989007397,-0.23931623931623847
199184912566100,4.3355739,back,-0.0040054932478827965,28.0,2.0,0.0036240177004653873,-0.010989010989007397,-0.23931623931623847
199184913679000,4.3366868,back,-0.0040054932478827965,28.0,2.0,0.0036240177004653873,-0.010989010989007397,-0.23931623931623847
199184914322900,4.3373307,back,-0.0040054932478827965,28.0,2.0,0.0036240177004653873,-0.010989010989007397,-0.23931623931623847
199184915322900,4.3383307,back,-0.0040054932478827965,28.0,2.0,0.0036240177004653873,-0.010989010989007397,-0.23931623931623847
199184916406700,4.3394145,back,-0.0040054932478827965,28.0,2.0,0.0036240177004653873,-0.010989010989007397,-0.23931623931623847
199184917454300,4.3404621,back,-0.0040054932478827965,28.0,2.0,0.0036240177004653873,-0.010989010989007397,-0.23931623931623847
199184918579700,4.3415875,back,-0.0040054932478827965,28.0,2.0,0.0036240177004653873,-0.010989010989007397,-0.23931623931623847
199184919562000,4.3425698,back,-0.0040054932478827965,28.0,2.0,0.0036240177004653873,-0.010989010989007397,-0.23931623931623847
199184920600400,4.3436082,back,-0.0040054932478827965,28.0,2.0,0.0036240177004653873,-0.010989010989007397,-0.23931623931623847
199184921172700,4.3441805,back,-0.0040054932478827965,28.0,2.0,0.0036240177004653873,-0.010989010989007397,-0.23931623931623847
199184922175100,4.3451829,back,-0.0040054932478827965,28.0,2.0,0.0036240177004653873,-0.010989010989007397,-0.23931623931623847
199184923206300,4.3462141,back,-0.0040054932478827965,28.0,2.0,0.0036240177004653873,-0.010989010989007397,-0.23931623931623847
199184924383000,4.3473908,back,-0.0040054932478827965,28.0,2.0,0.0036240177004653873,-0.010989010989007397,-0.23931623931623847
199184925501900,4.3485097,back,-0.0040054932478827965,28.0,2.0,0.0036240177004653873,-0.010989010989007397,-0.23931623931623847
199184926503400,4.3495112,back,-0.0040054932478827965,28.0,2.0,0.0036240177004653873,-0.010989010989007397,-0.23931623931623847
199184927588500,4.3505963,back,-0.0040054932478827965,28.0,2.0,0.0036240177004653873,-0.010989010989007397,-0.23931623931623847
199184928716900,4.3517247,back,-0.0040054932478827965,28.0,2.0,0.0036240177004653873,-0.010989010989007397,-0.23931623931623847
199184929298400,4.3523062,back,-0.0040054932478827965,28.0,2.0,0.0036240177004653873,-0.010989010989007397,-0.23931623931623847
199184930302000,4.3533098,back,-0.0040054932478827965,28.0,2.0,0.0036240177004653873,-0.010989010989007397,-0.23931623931623847
199184931346700,4.3543545,back,-0.0040054932478827965,28.0,2.0,0.0036240177004653873,-0.010989010989007397,-0.23931623931623847
199184932381700,4.3553895,back,-0.0040054932478827965,28.0,2.0,0.0036240177004653873,-0.010989010989007397,-0.23931623931623847
199184933442800,4.3564506,back,-0.0040054932478827965,28.0,2.0,0.0036240177004653873,-0.010989010989007397,-0.23931623931623847
199184934511300,4.3575191,back,-0.0040054932478827965,28.0,2.0,0.0036240177004653873,-0.010989010989007397,-0.23931623931623847
199184935926000,4.3589338,back,-0.0040054932478827965,28.0,2.0,0.0036240177004653873,-0.010989010989007397,-0.23931623931623847
199184936554400,4.3595622,back,-0.0040054932478827965,28.0,2.0,0.0036240177004653873,-0.010989010989007397,-0.23931623931623847
199184937558300,4.3605661,back,-0.0040054932478827965,28.0,2.0,0.0036240177004653873,-0.010989010989007397,-0.23931623931623847
199184938702800,4.3617106,back,-0.0040054932478827965,28.0,2.0,0.0036240177004653873,-0.010989010989007397,-0.23931623931623847
199184939294100,4.3623019,back,-0.0040054932478827965,28.0,2.0,0.0036240177004653873,-0.010989010989007397,-0.23931623931623847
199184940374300,4.3633821,back,-0.0040054932478827965,28.0,2.0,0.0036240177004653873,-0.010989010989007397,-0.23931623931623847
199184941804400,4.3648122,back,-0.0040054932478827965,28.0,2.0,0.0036240177004653873,-0.010989010989007397,-0.23931623931623847
199184942436700,4.3654445,back,-0.0040054932478827965,28.0,2.0,0.0036240177004653873,-0.010989010989007397,-0.23931623931623847
199184943441000,4.3664488,back,-0.0040054932478827965,28.0,2.0,0.0036240177004653873,-0.010989010989007397,-0.23931623931623847
199184944538600,4.3675464,back,-0.0040054932478827965,28.0,2.0,0.0036240177004653873,-0.010989010989007397,-0.23931623931623847
199184945667600,4.3686754,back,-0.0040054932478827965,28.0,2.0,0.0036240177004653873,-0.010989010989007397,-0.23931623931623847
199184946249700,4.3692575,back,-0.0040054932478827965,28.0,2.0,0.0036240177004653873,-0.010989010989007397,-0.23931623931623847
199184947336900,4.3703447,back,-0.0040054932478827965,28.0,2.0,0.0036240177004653873,-0.010989010989007397,-0.23931623931623847
199184948393200,4.371401,back,-0.0040054932478827965,28.0,2.0,0.0036240177004653873,-0.010989010989007397,-0.23931623931623847
199184949459500,4.3724673,back,-0.0040054932478827965,28.0,2.0,0.0036240177004653873,-0.010989010989007397,-0.23931623931623847
199184950502200,4.37351,back,-0.0040054932478827965,28.0,2.0,0.0036240177004653873,-0.010989010989007397,-0.23931623931623847
199184951550200,4.374558,back,-0.0040054932478827965,28.0,2.0,0.0036240177004653873,-0.010989010989007397,-0.23931623931623847
199184952710600,4.3757184,back,-0.0040054932478827965,28.0,2.0,0.0036240177004653873,-0.010989010989007397,-0.23931623931623847
199184953313800,4.3763216,back,-0.0040054932478827965,28.0,2.0,0.0036240177004653873,-0.010989010989007397,-0.23931623931623847
199184954320100,4.3773279,back,-0.0040054932478827965,28.0,2.0,0.0036240177004653873,-0.010989010989007397,-0.23931623931623847
199184955324700,4.3783325,back,-0.0040054932478827965,28.0,2.0,0.0036240177004653873,-0.010989010989007397,-0.23931623931623847
199184956390100,4.3793979,back,-0.0040054932478827965,28.0,2.0,0.0036240177004653873,-0.010989010989007397,-0.23931623931623847
199184957502600,4.3805104,back,-0.0040054932478827965,28.0,2.0,0.003242542153047978,-0.0329670329670364,-0.2490842490842482
199184958550100,4.3815579,back,-0.0040054932478827965,28.0,2.0,0.003242542153047978,-0.0329670329670364,-0.2490842490842482
199184959713500,4.3827213,back,-0.0040054932478827965,28.0,2.0,0.003242542153047978,-0.0329670329670364,-0.2490842490842482
199184960685300,4.3836931,back,-0.0040054932478827965,28.0,2.0,0.003242542153047978,-0.0329670329670364,-0.2490842490842482
199184961306000,4.3843138,back,-0.0040054932478827965,28.0,2.0,0.003242542153047978,-0.0329670329670364,-0.2490842490842482
199184962311000,4.3853188,back,-0.0040054932478827965,28.0,2.0,0.003242542153047978,-0.0329670329670364,-0.2490842490842482
199184963435900,4.3864437,back,-0.0040054932478827965,28.0,2.0,0.003242542153047978,-0.0329670329670364,-0.2490842490842482
199184964414300,4.3874221,back,-0.0040054932478827965,28.0,2.0,0.003242542153047978,-0.0329670329670364,-0.2490842490842482
199184965650600,4.3886584,back,-0.0040054932478827965,28.0,2.0,0.003242542153047978,-0.0329670329670364,-0.2490842490842482
199184966242500,4.3892503,back,-0.0040054932478827965,28.0,2.0,0.003242542153047978,-0.0329670329670364,-0.2490842490842482
199184967306800,4.3903146,back,-0.0040054932478827965,28.0,2.0,0.003242542153047978,-0.0329670329670364,-0.2490842490842482
199184968360900,4.3913687,back,-0.0040054932478827965,28.0,2.0,0.003242542153047978,-0.0329670329670364,-0.2490842490842482
199184969410800,4.3924186,back,-0.0040054932478827965,28.0,2.0,0.003242542153047978,-0.0329670329670364,-0.2490842490842482
199184970413500,4.3934213,back,-0.0040054932478827965,28.0,2.0,0.003242542153047978,-0.0329670329670364,-0.2490842490842482
199184971515300,4.3945231,back,-0.0040054932478827965,28.0,2.0,0.003242542153047978,-0.0329670329670364,-0.2490842490842482
199184972686200,4.395694,back,-0.0040054932478827965,28.0,2.0,0.003242542153047978,-0.0329670329670364,-0.2490842490842482
199184973296800,4.3963046,back,-0.0040054932478827965,28.0,2.0,0.003242542153047978,-0.0329670329670364,-0.2490842490842482
199184974304800,4.3973126,back,-0.0040054932478827965,28.0,2.0,0.003242542153047978,-0.0329670329670364,-0.2490842490842482
199184975705200,4.398713,back,-0.0040054932478827965,28.0,2.0,0.003242542153047978,-0.0329670329670364,-0.2490842490842482
199184976307600,4.3993154,back,-0.0040054932478827965,28.0,2.0,0.003242542153047978,-0.0329670329670364,-0.2490842490842482
199184977309600,4.4003174,back,-0.0040054932478827965,28.0,2.0,0.003242542153047978,-0.0329670329670364,-0.2490842490842482
199184978345000,4.4013528,back,-0.0040054932478827965,28.0,2.0,0.003242542153047978,-0.0329670329670364,-0.2490842490842482
199184979443600,4.4024514,back,-0.0040054932478827965,28.0,2.0,0.003242542153047978,-0.0329670329670364,-0.2490842490842482
199184980533800,4.4035416,back,-0.0040054932478827965,28.0,2.0,0.003242542153047978,-0.0329670329670364,-0.2490842490842482
199184981659800,4.4046676,back,-0.0040054932478827965,28.0,2.0,0.003242542153047978,-0.0329670329670364,-0.2490842490842482
199184982297700,4.4053055,back,-0.0040054932478827965,28.0,2.0,0.003242542153047978,-0.0329670329670364,-0.2490842490842482
199184983345700,4.4063535,back,-0.0040054932478827965,28.0,2.0,0.003242542153047978,-0.0329670329670364,-0.2490842490842482
199184984466300,4.4074741,back,-0.0040054932478827965,28.0,2.0,0.003242542153047978,-0.0329670329670364,-0.2490842490842482
199184985462900,4.4084707,back,-0.0040054932478827965,28.0,2.0,0.003242542153047978,-0.0329670329670364,-0.2490842490842482
199184986501400,4.4095092,back,-0.0040054932478827965,28.0,2.0,0.003242542153047978,-0.0329670329670364,-0.2490842490842482
199184987732300,4.4107401,back,-0.0040054932478827965,28.0,2.0,0.003242542153047978,-0.0329670329670364,-0.2490842490842482
199184988982200,4.41199,back,-0.0040054932478827965,28.0,2.0,0.003242542153047978,-0.0329670329670364,-0.2490842490842482
199184989749100,4.4127569,back,-0.0040054932478827965,28.0,2.0,0.003242542153047978,-0.0329670329670364,-0.2490842490842482
199184990345000,4.4133528,back,-0.0040054932478827965,28.0,2.0,0.003242542153047978,-0.0329670329670364,-0.2490842490842482
199184991351800,4.4143596,back,-0.0040054932478827965,28.0,2.0,0.003242542153047978,-0.0329670329670364,-0.2490842490842482
199184992405700,4.4154135,back,-0.0040054932478827965,28.0,2.0,0.003242542153047978,-0.0329670329670364,-0.2490842490842482
199184993521200,4.416529,back,-0.0040054932478827965,28.0,2.0,0.003242542153047978,-0.0329670329670364,-0.2490842490842482
199184994572400,4.4175802,back,-0.0040054932478827965,28.0,2.0,0.003242542153047978,-0.0329670329670364,-0.2490842490842482
199184995723000,4.4187308,back,-0.0040054932478827965,28.0,2.0,0.003242542153047978,-0.0329670329670364,-0.2490842490842482
199184996332800,4.4193406,back,-0.0040054932478827965,28.0,2.0,0.003242542153047978,-0.0329670329670364,-0.2490842490842482
199184997335100,4.4203429,back,-0.0040054932478827965,28.0,2.0,0.003242542153047978,-0.0329670329670364,-0.2490842490842482
199184998366000,4.4213738,back,-0.0040054932478827965,28.0,2.0,0.003242542153047978,-0.0329670329670364,-0.2490842490842482
199184999404200,4.422412,back,-0.0040054932478827965,28.0,2.0,0.003242542153047978,-0.0329670329670364,-0.2490842490842482
199185000413000,4.4234208,back,-0.0040054932478827965,28.0,2.0,0.003242542153047978,-0.0329670329670364,-0.2490842490842482
199185001532300,4.4245401,back,-0.0040054932478827965,28.0,2.0,0.003242542153047978,-0.0329670329670364,-0.2490842490842482
199185002157500,4.4251653,back,-0.0040054932478827965,28.0,2.0,0.003242542153047978,-0.0329670329670364,-0.2490842490842482
199185003293800,4.4263016,back,-0.0040054932478827965,28.0,2.0,0.003242542153047978,-0.0329670329670364,-0.2490842490842482
199185004431300,4.4274391,back,-0.0040054932478827965,28.0,2.0,0.003242542153047978,-0.0329670329670364,-0.2490842490842482
199185005436200,4.428444,back,-0.0040054932478827965,28.0,2.0,0.003242542153047978,-0.0329670329670364,-0.2490842490842482
199185006501500,4.4295093,back,-0.0040054932478827965,28.0,2.0,0.003242542153047978,-0.0329670329670364,-0.2490842490842482
199185007548600,4.4305564,back,-0.0040054932478827965,28.0,2.0,0.003242542153047978,-0.0329670329670364,-0.2490842490842482
199185008717800,4.4317256,back,-0.0040054932478827965,28.0,2.0,0.003242542153047978,-0.0329670329670364,-0.2490842490842482
199185009362200,4.43237,back,-0.0040054932478827965,28.0,2.0,0.003242542153047978,-0.0329670329670364,-0.2490842490842482
199185010383200,4.433391,back,-0.0040054932478827965,28.0,2.0,0.003242542153047978,-0.0329670329670364,-0.2490842490842482
199185011481800,4.4344896,back,-0.0040054932478827965,28.0,2.0,0.003242542153047978,-0.0329670329670364,-0.2490842490842482
199185012591600,4.4355994,back,-0.0040054932478827965,28.0,2.0,0.003242542153047978,-0.0329670329670364,-0.2490842490842482
199185013697700,4.4367055,back,-0.0040054932478827965,28.0,2.0,0.003242542153047978,-0.0329670329670364,-0.2490842490842482
199185014335000,4.4373428,back,-0.0040054932478827965,28.0,2.0,0.003242542153047978,-0.0329670329670364,-0.2490842490842482
199185015361000,4.4383688,back,-0.0040054932478827965,28.0,2.0,0.003242542153047978,-0.0329670329670364,-0.2490842490842482
199185016387100,4.4393949,back,-0.0040054932478827965,28.0,2.0,0.003242542153047978,-0.0329670329670364,-0.2490842490842482
199185017551000,4.4405588,back,-0.0040054932478827965,28.0,2.0,0.003242542153047978,-0.0329670329670364,-0.2490842490842482
199185018763600,4.4417714,back,-0.0040054932478827965,28.0,2.0,0.003242542153047978,-0.0329670329670364,-0.2490842490842482
199185019144800,4.4421526,back,-0.0040054932478827965,28.0,2.0,0.003242542153047978,-0.0329670329670364,-0.2490842490842482
199185020148100,4.4431559,back,-0.0040054932478827965,28.0,2.0,0.003242542153047978,-0.0329670329670364,-0.2490842490842482
199185021238700,4.4442465,back,-0.0040054932478827965,28.0,2.0,0.003242542153047978,-0.0329670329670364,-0.2490842490842482
199185022352200,4.44536,back,-0.0040054932478827965,28.0,2.0,0.003242542153047978,-0.0329670329670364,-0.2490842490842482
199185023437800,4.4464456,back,-0.0040054932478827965,28.0,2.0,0.003242542153047978,-0.0329670329670364,-0.2490842490842482
199185024536800,4.4475446,back,-0.0040054932478827965,28.0,2.0,0.003242542153047978,-0.0329670329670364,-0.2490842490842482
199185025554200,4.448562,back,-0.0040054932478827965,28.0,2.0,0.003242542153047978,-0.0329670329670364,-0.2490842490842482
199185026541200,4.449549,back,-0.0040054932478827965,28.0,2.0,0.003242542153047978,-0.0329670329670364,-0.2490842490842482
199185027562100,4.4505699,back,-0.0040054932478827965,28.0,2.0,0.003242542153047978,-0.0329670329670364,-0.2490842490842482
199185028635600,4.4516434,back,-0.0040054932478827965,28.0,2.0,0.003242542153047978,-0.0329670329670364,-0.2490842490842482
199185029263200,4.452271,back,-0.0040054932478827965,28.0,2.0,0.003242542153047978,-0.0329670329670364,-0.2490842490842482
199185030266400,4.4532742,back,-0.0040054932478827965,28.0,2.0,0.003242542153047978,-0.0329670329670364,-0.2490842490842482
199185031329400,4.4543372,back,-0.0040054932478827965,28.0,2.0,0.003242542153047978,-0.0329670329670364,-0.2490842490842482
199185032406700,4.4554145,back,-0.0040054932478827965,28.0,2.0,0.003242542153047978,-0.0329670329670364,-0.2490842490842482
199185033516100,4.4565239,back,-0.0040054932478827965,28.0,2.0,0.003242542153047978,-0.0329670329670364,-0.2490842490842482
199185034642200,4.45765,back,-0.0040054932478827965,28.0,2.0,0.003242542153047978,-0.0329670329670364,-0.2490842490842482
199185035095200,4.458103,back,-0.0040054932478827965,28.0,2.0,0.003242542153047978,-0.0329670329670364,-0.2490842490842482
199185036099800,4.4591076,back,-0.0040054932478827965,28.0,2.0,0.003242542153047978,-0.0329670329670364,-0.2490842490842482
199185037786900,4.4607947,back,-0.0040054932478827965,28.0,2.0,0.003242542153047978,-0.0329670329670364,-0.2490842490842482
199185038470300,4.4614781,back,-0.0040054932478827965,28.0,2.0,0.003242542153047978,-0.0329670329670364,-0.2490842490842482
199185039475500,4.4624833,back,-0.0040054932478827965,28.0,2.0,0.003242542153047978,-0.0329670329670364,-0.2490842490842482
199185040614700,4.4636225,back,-0.0040054932478827965,28.0,2.0,0.003242542153047978,-0.0329670329670364,-0.2490842490842482
199185041235800,4.4642436,back,-0.0040054932478827965,28.0,2.0,0.003242542153047978,-0.0329670329670364,-0.2490842490842482
199185042237700,4.4652455,back,-0.0040054932478827965,28.0,2.0,0.003242542153047978,-0.0329670329670364,-0.2490842490842482
199185043351500,4.4663593,back,-0.0040054932478827965,28.0,2.0,0.003242542153047978,-0.0329670329670364,-0.2490842490842482
199185044450400,4.4674582,back,-0.0040054932478827965,28.0,2.0,0.003242542153047978,-0.0329670329670364,-0.2490842490842482
199185045551900,4.4685597,back,-0.0040054932478827965,28.0,2.0,0.003242542153047978,-0.0329670329670364,-0.2490842490842482
199185046650800,4.4696586,back,-0.0040054932478827965,28.0,2.0,0.003242542153047978,-0.0329670329670364,-0.2490842490842482
199185047215300,4.4702231,back,-0.0040054932478827965,28.0,2.0,0.003242542153047978,-0.0329670329670364,-0.2490842490842482
199185048217100,4.4712249,back,-0.0040054932478827965,28.0,2.0,0.003242542153047978,-0.0329670329670364,-0.2490842490842482
199185049303800,4.4723116,back,-0.0040054932478827965,28.0,2.0,0.003242542153047978,-0.0329670329670364,-0.2490842490842482
199185050483200,4.473491,back,-0.0040054932478827965,28.0,2.0,0.003242542153047978,-0.0329670329670364,-0.2490842490842482
199185051513000,4.4745208,back,-0.0040054932478827965,28.0,2.0,0.003242542153047978,-0.0329670329670364,-0.2490842490842482
199185052658600,4.4756664,back,-0.0040054932478827965,28.0,2.0,0.003242542153047978,-0.0329670329670364,-0.2490842490842482
199185053840300,4.4768481,back,-0.0040054932478827965,28.0,2.0,0.003242542153047978,-0.0329670329670364,-0.2490842490842482
199185054458700,4.4774665,back,-0.0040054932478827965,28.0,2.0,0.003242542153047978,-0.0329670329670364,-0.2490842490842482
199185055497100,4.4785049,back,-0.0040054932478827965,28.0,2.0,0.003242542153047978,-0.0329670329670364,-0.2490842490842482
199185056576000,4.4795838,back,-0.0040054932478827965,28.0,2.0,0.003242542153047978,-0.0329670329670364,-0.2490842490842482
199185057631400,4.4806392,back,-0.0040054932478827965,28.0,2.0,0.003242542153047978,-0.0329670329670364,-0.2490842490842482
199185058242200,4.48125,back,-0.0040054932478827965,28.0,2.0,0.003242542153047978,-0.0329670329670364,-0.2490842490842482
199185059246000,4.4822538,back,-0.0040054932478827965,28.0,2.0,0.003242542153047978,-0.0329670329670364,-0.2490842490842482
199185060308800,4.4833166,back,-0.0040054932478827965,28.0,2.0,0.003242542153047978,-0.0329670329670364,-0.2490842490842482
199185061515100,4.4845229,back,-0.0040054932478827965,28.0,2.0,0.003242542153047978,-0.0329670329670364,-0.2490842490842482
199185062101600,4.4851094,back,-0.0040054932478827965,28.0,2.0,0.003242542153047978,-0.0329670329670364,-0.2490842490842482
199185063169100,4.4861769,back,-0.0040054932478827965,28.0,2.0,0.003242542153047978,-0.0329670329670364,-0.2490842490842482
199185064170800,4.4871786,back,-0.0040054932478827965,28.0,2.0,0.003242542153047978,-0.0329670329670364,-0.2490842490842482
199185065248000,4.4882558,back,-0.0040054932478827965,28.0,2.0,0.003242542153047978,-0.0329670329670364,-0.2490842490842482
199185066461500,4.4894693,back,-0.0040054932478827965,28.0,2.0,0.003242542153047978,-0.0329670329670364,-0.2490842490842482
199185067350700,4.4903585,back,-0.0040054932478827965,28.0,2.0,0.003242542153047978,-0.010989010989007397,-0.23931623931623847
199185068349300,4.4913571,back,-0.0040054932478827965,28.0,2.0,0.003242542153047978,-0.010989010989007397,-0.23931623931623847
199185069442000,4.4924498,back,-0.0040054932478827965,28.0,2.0,0.003242542153047978,-0.010989010989007397,-0.23931623931623847
199185070439700,4.4934475,back,-0.0040054932478827965,28.0,2.0,0.003242542153047978,-0.010989010989007397,-0.23931623931623847
199185071514900,4.4945227,back,-0.0040054932478827965,28.0,2.0,0.003242542153047978,-0.010989010989007397,-0.23931623931623847
199185072521800,4.4955296,back,-0.0040054932478827965,28.0,2.0,0.003242542153047978,-0.010989010989007397,-0.23931623931623847
199185073541600,4.4965494,back,-0.0040054932478827965,28.0,2.0,0.003242542153047978,-0.010989010989007397,-0.23931623931623847
199185074776600,4.4977844,back,-0.0040054932478827965,28.0,2.0,0.003242542153047978,-0.010989010989007397,-0.23931623931623847
199185075375900,4.4983837,back,-0.0040054932478827965,28.0,2.0,0.003242542153047978,-0.010989010989007397,-0.23931623931623847
199185076376200,4.499384,back,-0.0040054932478827965,28.0,2.0,0.003242542153047978,-0.010989010989007397,-0.23931623931623847
199185077410700,4.5004185,back,-0.0040054932478827965,28.0,2.0,0.003242542153047978,-0.010989010989007397,-0.23931623931623847
199185078495000,4.5015028,back,-0.0040054932478827965,28.0,2.0,0.003242542153047978,-0.010989010989007397,-0.23931623931623847
199185079612300,4.5026201,back,-0.0040054932478827965,28.0,2.0,0.003242542153047978,-0.010989010989007397,-0.23931623931623847
199185080585900,4.5035937,back,-0.0040054932478827965,28.0,2.0,0.003242542153047978,-0.010989010989007397,-0.23931623931623847
199185081846500,4.5048543,back,-0.0040054932478827965,28.0,2.0,0.003242542153047978,-0.010989010989007397,-0.23931623931623847
199185082974700,4.5059825,back,-0.0040054932478827965,28.0,2.0,0.003242542153047978,-0.010989010989007397,-0.23931623931623847
199185083606200,4.506614,back,-0.0040054932478827965,28.0,2.0,0.003242542153047978,-0.010989010989007397,-0.23931623931623847
199185084213400,4.5072212,back,-0.0040054932478827965,28.0,2.0,0.003242542153047978,-0.010989010989007397,-0.23931623931623847
199185085213400,4.5082212,back,-0.0040054932478827965,28.0,2.0,0.003242542153047978,-0.010989010989007397,-0.23931623931623847
199185086209800,4.5092176,back,-0.0040054932478827965,28.0,2.0,0.003242542153047978,-0.010989010989007397,-0.23931623931623847
199185087221700,4.5102295,back,-0.0040054932478827965,28.0,2.0,0.003242542153047978,-0.010989010989007397,-0.23931623931623847
199185088278100,4.5112859,back,-0.0040054932478827965,28.0,2.0,0.003242542153047978,-0.010989010989007397,-0.23931623931623847
199185089341700,4.5123495,back,-0.0040054932478827965,28.0,2.0,0.003242542153047978,-0.010989010989007397,-0.23931623931623847
199185090379000,4.5133868,back,-0.0040054932478827965,28.0,2.0,0.003242542153047978,-0.010989010989007397,-0.23931623931623847
199185091446700,4.5144545,back,-0.0040054932478827965,28.0,2.0,0.003242542153047978,-0.010989010989007397,-0.23931623931623847
199185092586900,4.5155947,back,-0.0040054932478827965,28.0,2.0,0.003242542153047978,-0.010989010989007397,-0.23931623931623847
199185093823900,4.5168317,back,-0.0040054932478827965,28.0,2.0,0.003242542153047978,-0.010989010989007397,-0.23931623931623847
199185094431900,4.5174397,back,-0.0040054932478827965,28.0,2.0,0.003242542153047978,-0.010989010989007397,-0.23931623931623847
199185095435700,4.5184435,back,-0.0040054932478827965,28.0,2.0,0.003242542153047978,-0.010989010989007397,-0.23931623931623847
199185096439900,4.5194477,back,-0.0040054932478827965,28.0,2.0,0.003242542153047978,-0.010989010989007397,-0.23931623931623847
199185097541900,4.5205497,back,-0.0040054932478827965,28.0,2.0,0.003242542153047978,-0.010989010989007397,-0.23931623931623847
199185098678400,4.5216862,back,-0.0040054932478827965,28.0,2.0,0.003242542153047978,-0.010989010989007397,-0.23931623931623847
199185099294000,4.5223018,back,-0.0040054932478827965,28.0,2.0,0.003242542153047978,-0.010989010989007397,-0.23931623931623847
199185100294900,4.5233027,back,-0.0040054932478827965,28.0,2.0,0.003242542153047978,-0.010989010989007397,-0.23931623931623847
199185101382700,4.5243905,back,-0.0040054932478827965,28.0,2.0,0.003242542153047978,-0.010989010989007397,-0.23931623931623847
199185102509500,4.5255173,back,-0.0040054932478827965,28.0,2.0,0.003242542153047978,-0.010989010989007397,-0.23931623931623847
199185103517500,4.5265253,back,-0.0040054932478827965,28.0,2.0,0.003242542153047978,-0.010989010989007397,-0.23931623931623847
199185104600300,4.5276081,back,-0.0040054932478827965,28.0,2.0,0.003242542153047978,-0.010989010989007397,-0.23931623931623847
199185105200600,4.5282084,back,-0.0040054932478827965,28.0,2.0,0.003242542153047978,-0.010989010989007397,-0.23931623931623847
199185106204900,4.5292127,back,-0.0040054932478827965,28.0,2.0,0.003242542153047978,-0.010989010989007397,-0.23931623931623847
199185107316900,4.5303247,back,-0.0040054932478827965,28.0,2.0,0.003242542153047978,-0.010989010989007397,-0.23931623931623847
199185108404700,4.5314125,back,-0.0040054932478827965,28.0,2.0,0.003242542153047978,-0.010989010989007397,-0.23931623931623847
199185109471700,4.5324795,back,-0.0040054932478827965,28.0,2.0,0.003242542153047978,-0.010989010989007397,-0.23931623931623847
199185110543200,4.533551,back,-0.0040054932478827965,28.0,2.0,0.003242542153047978,-0.010989010989007397,-0.23931623931623847
199185111604400,4.5346122,back,-0.0040054932478827965,28.0,2.0,0.003242542153047978,-0.010989010989007397,-0.23931623931623847
199185112208200,4.535216,back,-0.0040054932478827965,28.0,2.0,0.003242542153047978,-0.010989010989007397,-0.23931623931623847
199185113354600,4.5363624,back,-0.0040054932478827965,28.0,2.0,0.003242542153047978,-0.010989010989007397,-0.23931623931623847
199185114405400,4.5374132,back,-0.0040054932478827965,28.0,2.0,0.003242542153047978,-0.010989010989007397,-0.23931623931623847
199185115427300,4.5384351,back,-0.0040054932478827965,28.0,2.0,0.003242542153047978,-0.010989010989007397,-0.23931623931623847
199185116507900,4.5395157,back,-0.0040054932478827965,28.0,2.0,0.003242542153047978,-0.010989010989007397,-0.23931623931623847
199185117578200,4.540586,back,-0.0040054932478827965,28.0,2.0,0.003242542153047978,-0.010989010989007397,-0.23931623931623847
199185118712500,4.5417203,back,-0.0040054932478827965,28.0,2.0,0.003242542153047978,-0.010989010989007397,-0.23931623931623847
199185119321800,4.5423296,back,-0.0040054932478827965,28.0,2.0,0.003242542153047978,-0.010989010989007397,-0.23931623931623847
199185120326700,4.5433345,back,-0.0040054932478827965,28.0,2.0,0.003242542153047978,-0.010989010989007397,-0.23931623931623847
199185121407100,4.5444149,back,-0.0040054932478827965,28.0,2.0,0.003242542153047978,-0.010989010989007397,-0.23931623931623847
199185122523100,4.5455309,back,-0.0040054932478827965,28.0,2.0,0.003242542153047978,-0.010989010989007397,-0.23931623931623847
199185123532100,4.5465399,back,-0.0040054932478827965,28.0,2.0,0.003242542153047978,-0.010989010989007397,-0.23931623931623847
199185124536300,4.5475441,back,-0.0040054932478827965,28.0,2.0,0.003242542153047978,-0.010989010989007397,-0.23931623931623847
199185125116700,4.5481245,back,-0.0040054932478827965,28.0,2.0,0.003242542153047978,-0.010989010989007397,-0.23931623931623847
199185126199900,4.5492077,back,-0.0040054932478827965,28.0,2.0,0.003242542153047978,-0.010989010989007397,-0.23931623931623847
199185127207500,4.5502153,back,-0.0040054932478827965,28.0,2.0,0.003242542153047978,-0.010989010989007397,-0.23931623931623847
199185128277400,4.5512852,back,-0.0040054932478827965,28.0,2.0,0.003242542153047978,-0.010989010989007397,-0.23931623931623847
199185129465800,4.5524736,back,-0.0040054932478827965,28.0,2.0,0.003242542153047978,-0.010989010989007397,-0.23931623931623847
199185130523400,4.5535312,back,-0.0040054932478827965,28.0,2.0,0.003242542153047978,-0.010989010989007397,-0.23931623931623847
199185131598700,4.5546065,back,-0.0040054932478827965,28.0,2.0,0.003242542153047978,-0.010989010989007397,-0.23931623931623847
199185132200200,4.555208,back,-0.0040054932478827965,28.0,2.0,0.003242542153047978,-0.010989010989007397,-0.23931623931623847
199185133226600,4.5562344,back,-0.0040054932478827965,28.0,2.0,0.003242542153047978,-0.010989010989007397,-0.23931623931623847
199185134297700,4.5573055,back,-0.0040054932478827965,28.0,2.0,0.003242542153047978,-0.010989010989007397,-0.23931623931623847
199185135343700,4.5583515,back,-0.0040054932478827965,28.0,2.0,0.003242542153047978,-0.010989010989007397,-0.23931623931623847
199185136401400,4.5594092,back,-0.0040054932478827965,28.0,2.0,0.003242542153047978,-0.010989010989007397,-0.23931623931623847
199185137476600,4.5604844,back,-0.0040054932478827965,28.0,2.0,0.003242542153047978,-0.010989010989007397,-0.23931623931623847
199185138566200,4.561574,back,-0.0040054932478827965,28.0,2.0,0.003242542153047978,-0.010989010989007397,-0.23931623931623847
199185139680800,4.5626886,back,-0.0040054932478827965,28.0,2.0,0.003242542153047978,-0.010989010989007397,-0.23931623931623847
199185140278200,4.563286,back,-0.0040054932478827965,28.0,2.0,0.003242542153047978,-0.010989010989007397,-0.23931623931623847
199185141283800,4.5642916,back,-0.0040054932478827965,28.0,2.0,0.003242542153047978,-0.010989010989007397,-0.23931623931623847
199185142410000,4.5654178,back,-0.0040054932478827965,28.0,2.0,0.003242542153047978,-0.010989010989007397,-0.23931623931623847
199185143524900,4.5665327,back,-0.0040054932478827965,28.0,2.0,0.003242542153047978,-0.010989010989007397,-0.23931623931623847
199185144651100,4.5676589,back,-0.0040054932478827965,28.0,2.0,0.003242542153047978,-0.010989010989007397,-0.23931623931623847
199185145391900,4.5683997,back,-0.0040054932478827965,28.0,2.0,0.003242542153047978,-0.010989010989007397,-0.23931623931623847
199185146396700,4.5694045,back,-0.0040054932478827965,28.0,2.0,0.003242542153047978,-0.010989010989007397,-0.23931623931623847
199185147500500,4.5705083,back,-0.0040054932478827965,28.0,2.0,0.003242542153047978,-0.010989010989007397,-0.23931623931623847
199185148550100,4.5715579,back,-0.0040054932478827965,28.0,2.0,0.003242542153047978,-0.010989010989007397,-0.23931623931623847
199185149661300,4.5726691,back,-0.0040054932478827965,28.0,2.0,0.003242542153047978,-0.010989010989007397,-0.23931623931623847
199185150245400,4.5732532,back,-0.0040054932478827965,28.0,2.0,0.003242542153047978,-0.010989010989007397,-0.23931623931623847
199185151248500,4.5742563,back,-0.0040054932478827965,28.0,2.0,0.003242542153047978,-0.010989010989007397,-0.23931623931623847
199185152351200,4.575359,back,-0.0040054932478827965,28.0,2.0,0.003242542153047978,-0.010989010989007397,-0.23931623931623847
199185153453900,4.5764617,back,-0.0040054932478827965,28.0,2.0,0.003242542153047978,-0.010989010989007397,-0.23931623931623847
199185154517000,4.5775248,back,-0.0040054932478827965,28.0,2.0,0.003242542153047978,-0.010989010989007397,-0.23931623931623847
199185156314600,4.5793224,back,-0.0040054932478827965,28.0,2.0,0.003242542153047978,-0.010989010989007397,-0.23931623931623847
199185156460600,4.5794684,back,-0.0040054932478827965,28.0,2.0,0.003242542153047978,-0.010989010989007397,-0.23931623931623847
199185157575100,4.5805829,back,-0.0040054932478827965,28.0,2.0,0.003242542153047978,-0.010989010989007397,-0.23931623931623847
199185158578100,4.5815859,back,-0.0040054932478827965,28.0,2.0,0.003242542153047978,-0.010989010989007397,-0.23931623931623847
199185159582200,4.58259,back,-0.0040054932478827965,28.0,2.0,0.003242542153047978,-0.010989010989007397,-0.23931623931623847
199185160665400,4.5836732,back,-0.0040054932478827965,28.0,2.0,0.003242542153047978,-0.010989010989007397,-0.23931623931623847
199185161853800,4.5848616,back,-0.0040054932478827965,28.0,2.0,0.003242542153047978,-0.010989010989007397,-0.23931623931623847
199185162460000,4.5854678,back,-0.0040054932478827965,28.0,2.0,0.003242542153047978,-0.010989010989007397,-0.23931623931623847
199185163466700,4.5864745,back,-0.0040054932478827965,28.0,2.0,0.003242542153047978,-0.010989010989007397,-0.23931623931623847
199185164527600,4.5875354,back,-0.0040054932478827965,28.0,2.0,0.003242542153047978,-0.010989010989007397,-0.23931623931623847
199185165682900,4.5886907,back,-0.0040054932478827965,28.0,2.0,0.003242542153047978,-0.010989010989007397,-0.23931623931623847
199185166303500,4.5893113,back,-0.0040054932478827965,28.0,2.0,0.003242542153047978,-0.010989010989007397,-0.23931623931623847
199185167311800,4.5903196,back,-0.0040054932478827965,28.0,2.0,0.003242542153047978,-0.010989010989007397,-0.23931623931623847
199185168429500,4.5914373,back,-0.0040054932478827965,28.0,2.0,0.003242542153047978,-0.010989010989007397,-0.23931623931623847
199185169503300,4.5925111,back,-0.0040054932478827965,28.0,2.0,0.003242542153047978,-0.010989010989007397,-0.23931623931623847
199185170581200,4.593589,back,-0.0040054932478827965,28.0,2.0,0.003242542153047978,-0.010989010989007397,-0.23931623931623847
199185171725900,4.5947337,back,-0.0040054932478827965,28.0,2.0,0.003242542153047978,-0.010989010989007397,-0.23931623931623847
199185172294600,4.5953024,back,-0.0040054932478827965,28.0,2.0,0.003242542153047978,-0.010989010989007397,-0.23931623931623847
199185173297100,4.5963049,back,-0.0040054932478827965,28.0,2.0,0.003242542153047978,-0.010989010989007397,-0.23931623931623847
199185174396100,4.5974039,back,-0.0040054932478827965,28.0,2.0,0.003242542153047978,-0.010989010989007397,-0.23931623931623847
199185175481900,4.5984897,back,-0.0040054932478827965,28.0,2.0,0.003242542153047978,-0.010989010989007397,-0.23931623931623847
199185176637600,4.5996454,back,-0.0040054932478827965,28.0,2.0,0.003242542153047978,-0.010989010989007397,-0.23931623931623847
199185177788900,4.6007967,back,-0.0040054932478827965,28.0,2.0,0.003242542153047978,-0.010989010989007397,-0.23931623931623847
199185178367500,4.6013753,back,-0.0040054932478827965,28.0,2.0,0.003242542153047978,-0.010989010989007397,-0.23931623931623847
199185179371900,4.6023797,back,-0.0040054932478827965,28.0,2.0,0.003242542153047978,-0.010989010989007397,-0.23931623931623847
199185180488000,4.6034958,back,-0.0040054932478827965,28.0,2.0,0.003242542153047978,-0.010989010989007397,-0.23931623931623847
199185181556100,4.6045639,back,-0.0040054932478827965,28.0,2.0,0.003242542153047978,-0.010989010989007397,-0.23931623931623847
199185182702300,4.6057101,back,-0.0040054932478827965,28.0,2.0,0.003242542153047978,-0.010989010989007397,-0.23931623931623847
199185183294500,4.6063023,back,-0.0040054932478827965,28.0,2.0,0.003242542153047978,-0.010989010989007397,-0.23931623931623847
199185184297000,4.6073048,back,-0.0040054932478827965,28.0,2.0,0.003242542153047978,-0.010989010989007397,-0.23931623931623847
199185185414900,4.6084227,back,-0.0040054932478827965,28.0,2.0,0.003242542153047978,-0.010989010989007397,-0.23931623931623847
199185186552800,4.6095606,back,-0.0040054932478827965,28.0,2.0,0.003242542153047978,-0.010989010989007397,-0.23931623931623847
199185187694300,4.6107021,back,-0.0040054932478827965,28.0,2.0,0.003242542153047978,-0.010989010989007397,-0.23931623931623847
199185188297000,4.6113048,back,-0.0040054932478827965,28.0,2.0,0.003242542153047978,-0.010989010989007397,-0.23931623931623847
199185189298100,4.6123059,back,-0.0040054932478827965,28.0,2.0,0.003242542153047978,-0.010989010989007397,-0.23931623931623847
199185190359100,4.6133669,back,-0.0040054932478827965,28.0,2.0,0.003242542153047978,-0.010989010989007397,-0.23931623931623847
199185191518700,4.6145265,back,-0.0040054932478827965,28.0,2.0,0.003242542153047978,-0.010989010989007397,-0.23931623931623847
199185192629800,4.6156376,back,-0.0040054932478827965,28.0,2.0,0.003242542153047978,-0.010989010989007397,-0.23931623931623847
199185193222900,4.6162307,back,-0.0040054932478827965,28.0,2.0,0.003242542153047978,-0.010989010989007397,-0.23931623931623847
199185194226700,4.6172345,back,-0.0040054932478827965,28.0,2.0,0.003242542153047978,-0.010989010989007397,-0.23931623931623847
199185195274100,4.6182819,back,-0.0040054932478827965,28.0,2.0,0.003242542153047978,-0.010989010989007397,-0.23931623931623847
199185196323000,4.6193308,back,-0.0040054932478827965,28.0,2.0,0.003242542153047978,-0.010989010989007397,-0.23931623931623847
199185197471000,4.6204788,back,-0.0040054932478827965,28.0,2.0,0.003242542153047978,-0.010989010989007397,-0.23931623931623847
199185198605100,4.6216129,back,-0.0040054932478827965,28.0,2.0,0.003242542153047978,-0.010989010989007397,-0.23931623931623847
199185199699100,4.6227069,back,-0.0040054932478827965,28.0,2.0,0.003242542153047978,-0.010989010989007397,-0.23931623931623847
199185200298000,4.6233058,back,-0.0040054932478827965,28.0,2.0,0.003242542153047978,-0.010989010989007397,-0.23931623931623847
199185201304400,4.6243122,back,-0.0040054932478827965,28.0,2.0,0.003242542153047978,-0.010989010989007397,-0.23931623931623847
199185202402400,4.6254102,back,-0.0040054932478827965,28.0,2.0,0.003242542153047978,-0.010989010989007397,-0.23931623931623847
199185203471000,4.6264788,back,-0.0040054932478827965,28.0,2.0,0.003242542153047978,-0.010989010989007397,-0.23931623931623847
199185204538400,4.6275462,back,-0.0040054932478827965,28.0,2.0,0.003242542153047978,-0.010989010989007397,-0.23931623931623847
199185205827100,4.6288349,back,-0.0040054932478827965,28.0,2.0,0.003242542153047978,-0.010989010989007397,-0.23931623931623847
199185206550600,4.6295584,back,-0.0040054932478827965,28.0,2.0,0.003242542153047978,-0.010989010989007397,-0.23931623931623847
199185207768300,4.6307761,back,-0.0040054932478827965,28.0,2.0,0.003242542153047978,-0.010989010989007397,-0.23931623931623847
199185208681800,4.6316896,back,-0.0040054932478827965,28.0,2.0,0.003242542153047978,-0.010989010989007397,-0.23931623931623847
199185209341900,4.6323497,back,-0.0040054932478827965,28.0,2.0,0.003242542153047978,-0.010989010989007397,-0.23931623931623847
199185210346900,4.6333547,back,-0.0040054932478827965,28.0,2.0,0.003242542153047978,-0.010989010989007397,-0.23931623931623847
199185211353600,4.6343614,back,-0.0040054932478827965,28.0,2.0,0.003242542153047978,-0.010989010989007397,-0.23931623931623847
199185212370200,4.635378,back,-0.0040054932478827965,28.0,2.0,0.003242542153047978,-0.010989010989007397,-0.23931623931623847
199185213363900,4.6363717,back,-0.0040054932478827965,28.0,2.0,0.003242542153047978,-0.010989010989007397,-0.23931623931623847
199185214384300,4.6373921,back,-0.0040054932478827965,28.0,2.0,0.003242542153047978,-0.010989010989007397,-0.23931623931623847
199185215376800,4.6383846,back,-0.0040054932478827965,28.0,2.0,0.003242542153047978,-0.010989010989007397,-0.23931623931623847
199185216378600,4.6393864,back,-0.0040054932478827965,28.0,2.0,0.003242542153047978,-0.010989010989007397,-0.23931623931623847
199185217475600,4.6404834,back,-0.0040054932478827965,28.0,2.0,0.003242542153047978,-0.010989010989007397,-0.23931623931623847
199185218523100,4.6415309,back,-0.0040054932478827965,28.0,2.0,0.003242542153047978,-0.010989010989007397,-0.23931623931623847
199185219591800,4.6425996,back,-0.0040054932478827965,28.0,2.0,0.003242542153047978,-0.010989010989007397,-0.23931623931623847
199185220628100,4.6436359,back,-0.0040054932478827965,28.0,2.0,0.003242542153047978,-0.010989010989007397,-0.23931623931623847
199185221218200,4.644226,back,-0.0040054932478827965,28.0,2.0,0.003242542153047978,-0.010989010989007397,-0.23931623931623847
199185222223100,4.6452309,back,-0.0040054932478827965,28.0,2.0,0.003242542153047978,-0.010989010989007397,-0.23931623931623847
199185223408300,4.6464161,back,-0.0040054932478827965,28.0,2.0,0.003242542153047978,-0.010989010989007397,-0.23931623931623847
199185224496400,4.6475042,back,-0.0040054932478827965,28.0,2.0,0.003242542153047978,-0.010989010989007397,-0.23931623931623847
199185225611400,4.6486192,back,-0.0040054932478827965,28.0,2.0,0.003242542153047978,-0.010989010989007397,-0.23931623931623847
199185226210900,4.6492187,back,-0.0040054932478827965,28.0,2.0,0.003242542153047978,-0.010989010989007397,-0.23931623931623847
199185227210800,4.6502186,back,-0.0040054932478827965,28.0,2.0,0.003242542153047978,-0.010989010989007397,-0.23931623931623847
199185228276500,4.6512843,back,-0.0040054932478827965,28.0,2.0,0.003242542153047978,-0.010989010989007397,-0.23931623931623847
199185229329100,4.6523369,back,-0.0040054932478827965,28.0,2.0,0.003242542153047978,-0.010989010989007397,-0.23931623931623847
199185230402700,4.6534105,back,-0.0040054932478827965,28.0,2.0,0.003242542153047978,-0.010989010989007397,-0.23931623931623847
199185231479800,4.6544876,back,-0.0040054932478827965,28.0,2.0,0.003242542153047978,-0.010989010989007397,-0.23931623931623847
199185232496400,4.6555042,back,-0.0040054932478827965,28.0,2.0,0.003242542153047978,-0.010989010989007397,-0.23931623931623847
199185233570700,4.6565785,back,-0.0040054932478827965,28.0,2.0,0.003242542153047978,-0.010989010989007397,-0.23931623931623847
199185234714500,4.6577223,back,-0.0040054932478827965,28.0,2.0,0.003242542153047978,-0.010989010989007397,-0.23931623931623847
199185235290300,4.6582981,back,-0.0040054932478827965,28.0,2.0,0.003242542153047978,-0.010989010989007397,-0.23931623931623847
199185236320400,4.6593282,back,-0.0040054932478827965,28.0,2.0,0.003242542153047978,-0.010989010989007397,-0.23931623931623847
199185237454900,4.6604627,back,-0.0040054932478827965,28.0,2.0,0.003242542153047978,-0.010989010989007397,-0.23931623931623847
199185238675400,4.6616832,back,-0.0040054932478827965,28.0,2.0,0.003242542153047978,-0.010989010989007397,-0.23931623931623847
199185239576700,4.6625845,back,-0.0040054932478827965,28.0,2.0,0.003242542153047978,-0.010989010989007397,-0.23931623931623847
199185240577000,4.6635848,back,-0.0040054932478827965,28.0,2.0,0.003242542153047978,-0.010989010989007397,-0.23931623931623847
199185241695300,4.6647031,back,-0.0040054932478827965,28.0,2.0,0.003242542153047978,-0.010989010989007397,-0.23931623931623847
199185242317600,4.6653254,back,-0.0040054932478827965,28.0,2.0,0.003242542153047978,-0.010989010989007397,-0.23931623931623847
199185243375000,4.6663828,back,-0.0040054932478827965,28.0,2.0,0.003242542153047978,-0.010989010989007397,-0.23931623931623847
199185244446300,4.6674541,back,-0.0040054932478827965,28.0,2.0,0.003242542153047978,-0.010989010989007397,-0.23931623931623847
199185245546400,4.6685542,back,-0.0040054932478827965,28.0,2.0,0.003242542153047978,-0.010989010989007397,-0.23931623931623847
199185246550700,4.6695585,back,-0.0040054932478827965,28.0,2.0,0.003242542153047978,-0.010989010989007397,-0.23931623931623847
199185247552000,4.6705598,back,-0.0040054932478827965,28.0,2.0,0.003242542153047978,-0.010989010989007397,-0.23931623931623847
199185248223700,4.6712315,back,-0.0040054932478827965,28.0,2.0,0.003242542153047978,-0.010989010989007397,-0.23931623931623847
199185249168200,4.672176,back,-0.0040054932478827965,28.0,2.0,0.003242542153047978,-0.010989010989007397,-0.23931623931623847
199185250208500,4.6732163,back,-0.0040054932478827965,28.0,2.0,0.003242542153047978,-0.010989010989007397,-0.23931623931623847
199185251288300,4.6742961,back,-0.0040054932478827965,28.0,2.0,0.003242542153047978,-0.010989010989007397,-0.23931623931623847
199185252440100,4.6754479,back,-0.0040054932478827965,28.0,2.0,0.003242542153047978,-0.010989010989007397,-0.23931623931623847
199185253619000,4.6766268,back,-0.0040054932478827965,28.0,2.0,0.003242542153047978,-0.010989010989007397,-0.23931623931623847
199185254845800,4.6778536,back,-0.0040054932478827965,28.0,2.0,0.003242542153047978,-0.010989010989007397,-0.23931623931623847
199185255424200,4.678432,back,-0.0040054932478827965,28.0,2.0,0.003242542153047978,-0.010989010989007397,-0.23931623931623847
199185256427000,4.6794348,back,-0.0040054932478827965,28.0,2.0,0.003242542153047978,-0.010989010989007397,-0.23931623931623847
199185257539900,4.6805477,back,-0.0040054932478827965,28.0,2.0,0.003242542153047978,-0.010989010989007397,-0.23931623931623847
199185258635700,4.6816435,back,-0.0040054932478827965,28.0,2.0,0.003242542153047978,-0.010989010989007397,-0.23931623931623847
199185259224600,4.6822324,back,-0.0040054932478827965,28.0,2.0,0.003242542153047978,-0.010989010989007397,-0.23931623931623847
199185260227700,4.6832355,back,-0.0040054932478827965,28.0,2.0,0.003242542153047978,-0.010989010989007397,-0.23931623931623847
199185261302700,4.6843105,back,-0.0040054932478827965,28.0,2.0,0.003242542153047978,-0.010989010989007397,-0.23931623931623847
199185262365600,4.6853734,back,-0.0040054932478827965,28.0,2.0,0.003242542153047978,-0.010989010989007397,-0.23931623931623847
199185263494500,4.6865023,back,-0.0040054932478827965,28.0,2.0,0.003242542153047978,-0.010989010989007397,-0.23931623931623847
199185264555500,4.6875633,back,-0.0040054932478827965,28.0,2.0,0.003242542153047978,-0.010989010989007397,-0.23931623931623847
199185265651300,4.6886591,back,-0.0040054932478827965,28.0,2.0,0.003242542153047978,-0.010989010989007397,-0.23931623931623847
199185266208500,4.6892163,back,-0.0040054932478827965,28.0,2.0,0.003242542153047978,-0.010989010989007397,-0.23931623931623847
199185267210700,4.6902185,back,-0.0040054932478827965,28.0,2.0,0.003242542153047978,-0.010989010989007397,-0.23931623931623847
199185268302500,4.6913103,back,-0.0040054932478827965,28.0,2.0,0.003242542153047978,-0.010989010989007397,-0.23931623931623847
199185269384300,4.6923921,back,-0.0040054932478827965,28.0,2.0,0.003242542153047978,-0.010989010989007397,-0.23931623931623847
199185270588800,4.6935966,back,-0.0040054932478827965,28.0,2.0,0.003242542153047978,-0.010989010989007397,-0.23931623931623847
199185271846700,4.6948545,back,-0.0040054932478827965,28.0,2.0,0.003242542153047978,-0.010989010989007397,-0.23931623931623847
199185272459800,4.6954676,back,-0.0040054932478827965,28.0,2.0,0.003242542153047978,-0.010989010989007397,-0.23931623931623847
199185273462500,4.6964703,back,-0.0040054932478827965,28.0,2.0,0.003242542153047978,-0.010989010989007397,-0.23931623931623847
199185274540500,4.6975483,back,-0.0040054932478827965,28.0,2.0,0.003242542153047978,-0.010989010989007397,-0.23931623931623847
199185275608900,4.6986167,back,-0.0040054932478827965,28.0,2.0,0.003242542153047978,-0.010989010989007397,-0.23931623931623847
199185276165100,4.6991729,back,-0.0040054932478827965,28.0,2.0,0.003242542153047978,-0.010989010989007397,-0.23931623931623847
199185277169300,4.7001771,back,-0.0040054932478827965,28.0,2.0,0.003242542153047978,-0.010989010989007397,-0.23931623931623847
199185278271200,4.701279,back,-0.0040054932478827965,28.0,2.0,0.003242542153047978,-0.010989010989007397,-0.23931623931623847
199185279323500,4.7023313,back,-0.0040054932478827965,28.0,2.0,0.003242542153047978,-0.010989010989007397,-0.23931623931623847
199185280405100,4.7034129,back,-0.0040054932478827965,28.0,2.0,0.003242542153047978,-0.010989010989007397,-0.23931623931623847
199185281466900,4.7044747,back,-0.0040054932478827965,28.0,2.0,0.003242542153047978,-0.010989010989007397,-0.23931623931623847
199185282623300,4.7056311,back,-0.0040054932478827965,28.0,2.0,0.003242542153047978,-0.010989010989007397,-0.23931623931623847
199185283803000,4.7068108,back,-0.0040054932478827965,28.0,2.0,0.003242542153047978,-0.010989010989007397,-0.23931623931623847
199185284390300,4.7073981,back,-0.0040054932478827965,28.0,2.0,0.003242542153047978,-0.010989010989007397,-0.23931623931623847
199185285391800,4.7083996,back,-0.0040054932478827965,28.0,2.0,0.003242542153047978,-0.010989010989007397,-0.23931623931623847
199185286671700,4.7096795,back,-0.0040054932478827965,28.0,2.0,0.003242542153047978,-0.010989010989007397,-0.23931623931623847
199185287481700,4.7104895,back,-0.0040054932478827965,28.0,2.0,0.003242542153047978,-0.010989010989007397,-0.23931623931623847
199185288483700,4.7114915,back,-0.0040054932478827965,28.0,2.0,0.003242542153047978,-0.010989010989007397,-0.23931623931623847
199185289553800,4.7125616,back,-0.0040054932478827965,28.0,2.0,0.003242542153047978,-0.010989010989007397,-0.23931623931623847
199185290683600,4.7136914,back,-0.0040054932478827965,28.0,2.0,0.003242542153047978,-0.010989010989007397,-0.23931623931623847
199185291315000,4.7143228,back,-0.0040054932478827965,28.0,2.0,0.003242542153047978,-0.010989010989007397,-0.23931623931623847
199185292321900,4.7153297,back,-0.0040054932478827965,28.0,2.0,0.003242542153047978,-0.010989010989007397,-0.23931623931623847
199185293501900,4.7165097,back,-0.0040054932478827965,28.0,2.0,0.003242542153047978,-0.010989010989007397,-0.23931623931623847
199185294552500,4.7175603,back,-0.0040054932478827965,28.0,2.0,0.003242542153047978,-0.010989010989007397,-0.23931623931623847
199185295703600,4.7187114,back,-0.0040054932478827965,28.0,2.0,0.003242542153047978,-0.010989010989007397,-0.23931623931623847
199185296331000,4.7193388,back,-0.0040054932478827965,28.0,2.0,0.003242542153047978,-0.010989010989007397,-0.23931623931623847
199185297339700,4.7203475,back,-0.0040054932478827965,28.0,2.0,0.003242542153047978,-0.010989010989007397,-0.23931623931623847
199185298474200,4.721482,back,-0.0040054932478827965,28.0,2.0,0.003242542153047978,-0.010989010989007397,-0.23931623931623847
199185299582200,4.72259,back,-0.0040054932478827965,28.0,2.0,0.003242542153047978,-0.010989010989007397,-0.23931623931623847
199185300173000,4.7231808,back,-0.0040054932478827965,28.0,2.0,0.003242542153047978,-0.010989010989007397,-0.23931623931623847
199185301175400,4.7241832,back,-0.0040054932478827965,28.0,2.0,0.003242542153047978,-0.010989010989007397,-0.23931623931623847
199185302404200,4.725412,back,-0.0040054932478827965,28.0,2.0,0.003242542153047978,-0.010989010989007397,-0.23931623931623847
199185303512700,4.7265205,back,-0.0040054932478827965,28.0,2.0,0.003242542153047978,-0.010989010989007397,-0.23931623931623847
199185304582900,4.7275907,back,-0.0040054932478827965,28.0,2.0,0.003242542153047978,-0.010989010989007397,-0.23931623931623847
199185305744800,4.7287526,back,-0.0040054932478827965,28.0,2.0,0.003242542153047978,-0.010989010989007397,-0.23931623931623847
199185306363500,4.7293713,back,-0.0040054932478827965,28.0,2.0,0.003242542153047978,-0.010989010989007397,-0.23931623931623847
199185307373800,4.7303816,back,-0.0040054932478827965,28.0,2.0,0.003242542153047978,-0.010989010989007397,-0.23931623931623847
199185308483900,4.7314917,back,-0.0040054932478827965,28.0,2.0,0.003242542153047978,-0.010989010989007397,-0.23931623931623847
199185309553900,4.7325617,back,-0.0040054932478827965,28.0,2.0,0.003242542153047978,-0.010989010989007397,-0.23931623931623847
199185310748000,4.7337558,back,-0.0040054932478827965,28.0,2.0,0.003242542153047978,-0.010989010989007397,-0.23931623931623847
199185311365100,4.7343729,back,-0.0040054932478827965,28.0,2.0,0.003242542153047978,-0.010989010989007397,-0.23931623931623847
199185312365600,4.7353734,back,-0.0040054932478827965,28.0,2.0,0.003242542153047978,-0.010989010989007397,-0.23931623931623847
199185313433300,4.7364411,back,-0.0040054932478827965,28.0,2.0,0.003242542153047978,-0.010989010989007397,-0.23931623931623847
199185314553200,4.737561,back,-0.0040054932478827965,28.0,2.0,0.003242542153047978,-0.010989010989007397,-0.23931623931623847
199185315644700,4.7386525,back,-0.0040054932478827965,28.0,2.0,0.003242542153047978,-0.010989010989007397,-0.23931623931623847
199185316229500,4.7392373,back,-0.0040054932478827965,28.0,2.0,0.003242542153047978,-0.010989010989007397,-0.23931623931623847
199185317233000,4.7402408,back,-0.0040054932478827965,28.0,2.0,0.003242542153047978,-0.010989010989007397,-0.23931623931623847
199185318351000,4.7413588,back,-0.0040054932478827965,28.0,2.0,0.003242542153047978,-0.010989010989007397,-0.23931623931623847
199185319640400,4.7426482,back,-0.0040054932478827965,28.0,2.0,0.003242542153047978,-0.010989010989007397,-0.23931623931623847
199185320637800,4.7436456,back,-0.0040054932478827965,28.0,2.0,0.003242542153047978,-0.010989010989007397,-0.23931623931623847
199185321220200,4.744228,back,-0.0040054932478827965,28.0,2.0,0.003242542153047978,-0.010989010989007397,-0.23931623931623847
199185322223900,4.7452317,back,-0.0040054932478827965,28.0,2.0,0.003242542153047978,-0.010989010989007397,-0.23931623931623847
199185323352400,4.7463602,back,-0.0040054932478827965,28.0,2.0,0.003242542153047978,-0.010989010989007397,-0.23931623931623847
199185324313300,4.7473211,back,-0.0040054932478827965,28.0,2.0,0.003242542153047978,-0.010989010989007397,-0.23931623931623847
199185325390000,4.7483978,back,-0.0040054932478827965,28.0,2.0,0.003242542153047978,-0.010989010989007397,-0.23931623931623847
199185326513000,4.7495208,back,-0.0040054932478827965,28.0,2.0,0.003242542153047978,-0.010989010989007397,-0.23931623931623847
199185327597100,4.7506049,back,-0.0040054932478827965,28.0,2.0,0.003242542153047978,-0.010989010989007397,-0.23931623931623847
199185328704600,4.7517124,back,-0.0040054932478827965,28.0,2.0,0.003242542153047978,-0.010989010989007397,-0.23931623931623847
199185329301100,4.7523089,back,-0.0040054932478827965,28.0,2.0,0.003242542153047978,-0.010989010989007397,-0.23931623931623847
199185330330000,4.7533378,back,-0.0040054932478827965,28.0,2.0,0.003242542153047978,-0.010989010989007397,-0.23931623931623847
199185331420100,4.7544279,back,-0.0040054932478827965,28.0,2.0,0.003242542153047978,-0.010989010989007397,-0.23931623931623847
199185332425600,4.7554334,back,-0.0040054932478827965,28.0,2.0,0.003242542153047978,-0.010989010989007397,-0.23931623931623847
199185333589500,4.7565973,back,-0.0040054932478827965,28.0,2.0,0.003242542153047978,-0.010989010989007397,-0.23931623931623847
199185334625600,4.7576334,back,-0.0040054932478827965,28.0,2.0,0.003242542153047978,-0.010989010989007397,-0.23931623931623847
199185335226700,4.7582345,back,-0.0040054932478827965,28.0,2.0,0.003242542153047978,-0.010989010989007397,-0.23931623931623847
199185336231000,4.7592388,back,-0.0040054932478827965,28.0,2.0,0.003242542153047978,-0.010989010989007397,-0.23931623931623847
199185337322100,4.7603299,back,-0.0040054932478827965,28.0,2.0,0.003242542153047978,-0.010989010989007397,-0.23931623931623847
199185338414500,4.7614223,back,-0.0040054932478827965,28.0,2.0,0.003242542153047978,-0.010989010989007397,-0.23931623931623847
199185339519800,4.7625276,back,-0.0040054932478827965,28.0,2.0,0.003242542153047978,-0.010989010989007397,-0.23931623931623847
199185340644900,4.7636527,back,-0.0040054932478827965,28.0,2.0,0.003242542153047978,-0.010989010989007397,-0.23931623931623847
199185341631800,4.7646396,back,-0.0040054932478827965,28.0,2.0,0.003242542153047978,-0.010989010989007397,-0.23931623931623847
199185342213000,4.7652208,back,-0.0040054932478827965,28.0,2.0,0.003242542153047978,-0.010989010989007397,-0.23931623931623847
199185343218900,4.7662267,back,-0.0040054932478827965,28.0,2.0,0.003242542153047978,-0.010989010989007397,-0.23931623931623847
199185344276200,4.767284,back,-0.0040054932478827965,28.0,2.0,0.003242542153047978,-0.010989010989007397,-0.23931623931623847
199185345389200,4.768397,back,-0.0040054932478827965,28.0,2.0,0.003242542153047978,-0.010989010989007397,-0.23931623931623847
199185346517100,4.7695249,back,-0.0040054932478827965,28.0,2.0,0.003242542153047978,-0.010989010989007397,-0.23931623931623847
199185347607500,4.7706153,back,-0.0040054932478827965,28.0,2.0,0.003242542153047978,-0.010989010989007397,-0.23931623931623847
199185348202100,4.7712099,back,-0.0040054932478827965,28.0,2.0,0.003242542153047978,-0.010989010989007397,-0.23931623931623847
199185349269200,4.772277,back,-0.0040054932478827965,28.0,2.0,0.003242542153047978,-0.010989010989007397,-0.23931623931623847
199185350215300,4.7732231,back,-0.0040054932478827965,28.0,2.0,0.003242542153047978,-0.010989010989007397,-0.23931623931623847
199185351216000,4.7742238,back,-0.0040054932478827965,28.0,2.0,0.003242542153047978,-0.010989010989007397,-0.23931623931623847
199185352224300,4.7752321,back,-0.0040054932478827965,28.0,2.0,0.003242542153047978,-0.010989010989007397,-0.23931623931623847
199185353276100,4.7762839,back,-0.0040054932478827965,28.0,2.0,0.003242542153047978,-0.010989010989007397,-0.23931623931623847
199185354349800,4.7773576,back,-0.0040054932478827965,28.0,2.0,0.003242542153047978,-0.010989010989007397,-0.23931623931623847
199185355507500,4.7785153,back,-0.0040054932478827965,28.0,2.0,0.003242542153047978,-0.010989010989007397,-0.23931623931623847
199185356509600,4.7795174,back,-0.0040054932478827965,28.0,2.0,0.003242542153047978,-0.010989010989007397,-0.23931623931623847
199185357580900,4.7805887,back,-0.0040054932478827965,28.0,2.0,0.003242542153047978,-0.010989010989007397,-0.23931623931623847
199185358708900,4.7817167,back,-0.0040054932478827965,28.0,2.0,0.003242542153047978,-0.010989010989007397,-0.23931623931623847
199185359297100,4.7823049,back,-0.0040054932478827965,28.0,2.0,0.003242542153047978,-0.010989010989007397,-0.23931623931623847
199185360303300,4.7833111,back,-0.0040054932478827965,28.0,2.0,0.003242542153047978,-0.010989010989007397,-0.23931623931623847
199185361339900,4.7843477,back,-0.0040054932478827965,28.0,2.0,0.003242542153047978,-0.010989010989007397,-0.23931623931623847
199185362443800,4.7854516,back,-0.0040054932478827965,28.0,2.0,0.003242542153047978,-0.010989010989007397,-0.23931623931623847
199185363542100,4.7865499,back,-0.0040054932478827965,28.0,2.0,0.003242542153047978,-0.010989010989007397,-0.23931623931623847
199185364701500,4.7877093,back,-0.0040054932478827965,28.0,2.0,0.003242542153047978,-0.010989010989007397,-0.23931623931623847
199185365307400,4.7883152,back,-0.0040054932478827965,28.0,2.0,0.003242542153047978,-0.010989010989007397,-0.23931623931623847
199185366308600,4.7893164,back,-0.0040054932478827965,28.0,2.0,0.003242542153047978,-0.010989010989007397,-0.23931623931623847
199185367384500,4.7903923,back,-0.0040054932478827965,28.0,2.0,0.003242542153047978,-0.010989010989007397,-0.23931623931623847
199185368431500,4.7914393,back,-0.0040054932478827965,28.0,2.0,0.003242542153047978,-0.010989010989007397,-0.23931623931623847
199185369435800,4.7924436,back,-0.0040054932478827965,28.0,2.0,0.003242542153047978,-0.010989010989007397,-0.23931623931623847
199185370438000,4.7934458,back,-0.0040054932478827965,28.0,2.0,0.003242542153047978,-0.010989010989007397,-0.23931623931623847
199185371580600,4.7945884,back,-0.0040054932478827965,28.0,2.0,0.003242542153047978,-0.010989010989007397,-0.23931623931623847
199185372177800,4.7951856,back,-0.0040054932478827965,28.0,2.0,0.003242542153047978,-0.010989010989007397,-0.23931623931623847
199185373203300,4.7962111,back,-0.0040054932478827965,28.0,2.0,0.003242542153047978,-0.010989010989007397,-0.23931623931623847
199185374297300,4.7973051,back,-0.0040054932478827965,28.0,2.0,0.003242542153047978,-0.010989010989007397,-0.23931623931623847
199185375281900,4.7982897,back,-0.0040054932478827965,28.0,2.0,0.003242542153047978,-0.010989010989007397,-0.23931623931623847
199185376284600,4.7992924,back,-0.0040054932478827965,28.0,2.0,0.003242542153047978,-0.010989010989007397,-0.23931623931623847
199185377440300,4.8004481,back,-0.0040054932478827965,28.0,2.0,0.003242542153047978,-0.010989010989007397,-0.23931623931623847
199185378494100,4.8015019,back,-0.0040054932478827965,28.0,2.0,0.003242542153047978,-0.010989010989007397,-0.23931623931623847
199185379549800,4.8025576,back,-0.0040054932478827965,28.0,2.0,0.003242542153047978,-0.010989010989007397,-0.23931623931623847
199185380828600,4.8038364,back,-0.0040054932478827965,28.0,2.0,0.003242542153047978,-0.010989010989007397,-0.23931623931623847
199185381641000,4.8046488,back,-0.0040054932478827965,28.0,2.0,0.003242542153047978,-0.010989010989007397,-0.23931623931623847
199185382225300,4.8052331,back,-0.0040054932478827965,28.0,2.0,0.003242542153047978,-0.010989010989007397,-0.23931623931623847
199185383231700,4.8062395,back,-0.0040054932478827965,28.0,2.0,0.003242542153047978,-0.010989010989007397,-0.23931623931623847
199185384285200,4.807293,back,-0.0040054932478827965,28.0,2.0,0.003242542153047978,-0.010989010989007397,-0.23931623931623847
199185385338200,4.808346,back,-0.0040054932478827965,28.0,2.0,0.003242542153047978,-0.010989010989007397,-0.23931623931623847
199185386390100,4.8093979,back,-0.0040054932478827965,28.0,2.0,0.003242542153047978,-0.010989010989007397,-0.23931623931623847
199185387441000,4.8104488,back,-0.0040054932478827965,28.0,2.0,0.003242542153047978,-0.010989010989007397,-0.23931623931623847
199185388494900,4.8115027,back,-0.0040054932478827965,28.0,2.0,0.003242542153047978,-0.010989010989007397,-0.23931623931623847
199185389574300,4.8125821,back,-0.0040054932478827965,28.0,2.0,0.003242542153047978,-0.010989010989007397,-0.23931623931623847
199185390679400,4.8136872,back,-0.0040054932478827965,28.0,2.0,0.003242542153047978,-0.010989010989007397,-0.23931623931623847
199185391276300,4.8142841,back,-0.0040054932478827965,28.0,2.0,0.003242542153047978,-0.010989010989007397,-0.23931623931623847
199185392278600,4.8152864,back,-0.0040054932478827965,28.0,2.0,0.003242542153047978,-0.010989010989007397,-0.23931623931623847
199185393375000,4.8163828,back,-0.0040054932478827965,28.0,2.0,0.003242542153047978,-0.010989010989007397,-0.23931623931623847
199185394352100,4.8173599,back,-0.0040054932478827965,28.0,2.0,0.003242542153047978,-0.010989010989007397,-0.23931623931623847
199185395406900,4.8184147,back,-0.0040054932478827965,28.0,2.0,0.003242542153047978,-0.010989010989007397,-0.23931623931623847
199185396706000,4.8197138,back,-0.0040054932478827965,28.0,2.0,0.003242542153047978,-0.010989010989007397,-0.23931623931623847
199185397481800,4.8204896,back,-0.0040054932478827965,28.0,2.0,0.0036240177004653873,0.010989010989007397,-0.23931623931623847
199185398492500,4.8215003,back,-0.0040054932478827965,28.0,2.0,0.0036240177004653873,0.010989010989007397,-0.23931623931623847
199185399554600,4.8225624,back,-0.0040054932478827965,28.0,2.0,0.0036240177004653873,0.010989010989007397,-0.23931623931623847
199185400699900,4.8237077,back,-0.0040054932478827965,28.0,2.0,0.0036240177004653873,0.010989010989007397,-0.23931623931623847
199185401293400,4.8243012,back,-0.0040054932478827965,28.0,2.0,0.0036240177004653873,0.010989010989007397,-0.23931623931623847
199185402295400,4.8253032,back,-0.0040054932478827965,28.0,2.0,0.0036240177004653873,0.010989010989007397,-0.23931623931623847
199185403362900,4.8263707,back,-0.0040054932478827965,28.0,2.0,0.0036240177004653873,0.010989010989007397,-0.23931623931623847
199185404437500,4.8274453,back,-0.0040054932478827965,28.0,2.0,0.0036240177004653873,0.010989010989007397,-0.23931623931623847
199185405527500,4.8285353,back,-0.0040054932478827965,28.0,2.0,0.0036240177004653873,0.010989010989007397,-0.23931623931623847
199185406592000,4.8295998,back,-0.0040054932478827965,28.0,2.0,0.0036240177004653873,0.010989010989007397,-0.23931623931623847
199185407183900,4.8301917,back,-0.0040054932478827965,28.0,2.0,0.0036240177004653873,0.010989010989007397,-0.23931623931623847
199185408185100,4.8311929,back,-0.0040054932478827965,28.0,2.0,0.0036240177004653873,0.010989010989007397,-0.23931623931623847
199185409254200,4.832262,back,-0.0040054932478827965,28.0,2.0,0.0036240177004653873,0.010989010989007397,-0.23931623931623847
199185410326200,4.833334,back,-0.0040054932478827965,28.0,2.0,0.0036240177004653873,0.010989010989007397,-0.23931623931623847
199185411559700,4.8345675,back,-0.0040054932478827965,28.0,2.0,0.0036240177004653873,0.010989010989007397,-0.23931623931623847
199185412797900,4.8358057,back,-0.0040054932478827965,28.0,2.0,0.0036240177004653873,0.010989010989007397,-0.23931623931623847
199185413425000,4.8364328,back,-0.0040054932478827965,28.0,2.0,0.0036240177004653873,0.010989010989007397,-0.23931623931623847
199185414409200,4.837417,back,-0.0040054932478827965,28.0,2.0,0.0036240177004653873,0.010989010989007397,-0.23931623931623847
199185415485200,4.838493,back,-0.0040054932478827965,28.0,2.0,0.0036240177004653873,0.010989010989007397,-0.23931623931623847
199185416759100,4.8397669,back,-0.0040054932478827965,28.0,2.0,0.0036240177004653873,0.010989010989007397,-0.23931623931623847
199185417390200,4.840398,back,-0.0040054932478827965,28.0,2.0,0.0036240177004653873,0.010989010989007397,-0.23931623931623847
199185418391300,4.8413991,back,-0.0040054932478827965,28.0,2.0,0.0036240177004653873,0.010989010989007397,-0.23931623931623847
199185419455400,4.8424632,back,-0.0040054932478827965,28.0,2.0,0.0036240177004653873,0.010989010989007397,-0.23931623931623847
199185420557300,4.8435651,back,-0.0040054932478827965,28.0,2.0,0.0036240177004653873,0.010989010989007397,-0.23931623931623847
199185421676100,4.8446839,back,-0.0040054932478827965,28.0,2.0,0.0036240177004653873,0.010989010989007397,-0.23931623931623847
199185422272100,4.8452799,back,-0.0040054932478827965,28.0,2.0,0.0036240177004653873,0.010989010989007397,-0.23931623931623847
199185423280100,4.8462879,back,-0.0040054932478827965,28.0,2.0,0.0036240177004653873,0.010989010989007397,-0.23931623931623847
199185424339100,4.8473469,back,-0.0040054932478827965,28.0,2.0,0.0036240177004653873,0.010989010989007397,-0.23931623931623847
199185425436200,4.848444,back,-0.0040054932478827965,28.0,2.0,0.0036240177004653873,0.010989010989007397,-0.23931623931623847
199185426686700,4.8496945,back,-0.0040054932478827965,28.0,2.0,0.0036240177004653873,0.010989010989007397,-0.23931623931623847
199185427555700,4.8505635,back,-0.0040054932478827965,28.0,2.0,0.0036240177004653873,0.010989010989007397,-0.23931623931623847
199185428583000,4.8515908,back,-0.0040054932478827965,28.0,2.0,0.0036240177004653873,0.010989010989007397,-0.23931623931623847
199185429568200,4.852576,back,-0.0040054932478827965,28.0,2.0,0.0036240177004653873,0.010989010989007397,-0.23931623931623847
199185430681700,4.8536895,back,-0.0040054932478827965,28.0,2.0,0.0036240177004653873,0.010989010989007397,-0.23931623931623847
199185431297100,4.8543049,back,-0.0040054932478827965,28.0,2.0,0.0036240177004653873,0.010989010989007397,-0.23931623931623847
199185432299000,4.8553068,back,-0.0040054932478827965,28.0,2.0,0.0036240177004653873,0.010989010989007397,-0.23931623931623847
199185433341500,4.8563493,back,-0.0040054932478827965,28.0,2.0,0.0036240177004653873,0.010989010989007397,-0.23931623931623847
199185434387400,4.8573952,back,-0.0040054932478827965,28.0,2.0,0.0036240177004653873,0.010989010989007397,-0.23931623931623847
199185435494900,4.8585027,back,-0.0040054932478827965,28.0,2.0,0.0036240177004653873,0.010989010989007397,-0.23931623931623847
199185436514300,4.8595221,back,-0.0040054932478827965,28.0,2.0,0.0036240177004653873,0.010989010989007397,-0.23931623931623847
199185437521200,4.860529,back,-0.0040054932478827965,28.0,2.0,0.0036240177004653873,0.010989010989007397,-0.23931623931623847
199185438668000,4.8616758,back,-0.0040054932478827965,28.0,2.0,0.0036240177004653873,0.010989010989007397,-0.23931623931623847
199185439288800,4.8622966,back,-0.0040054932478827965,28.0,2.0,0.0036240177004653873,0.010989010989007397,-0.23931623931623847
199185440292700,4.8633005,back,-0.0040054932478827965,28.0,2.0,0.0036240177004653873,0.010989010989007397,-0.23931623931623847
199185441343200,4.864351,back,-0.0040054932478827965,28.0,2.0,0.0036240177004653873,0.010989010989007397,-0.23931623931623847
199185442622800,4.8656306,back,-0.0040054932478827965,28.0,2.0,0.0036240177004653873,0.010989010989007397,-0.23931623931623847
199185443753100,4.8667609,back,-0.0040054932478827965,28.0,2.0,0.0036240177004653873,0.010989010989007397,-0.23931623931623847
199185444370000,4.8673778,back,-0.0040054932478827965,28.0,2.0,0.0036240177004653873,0.010989010989007397,-0.23931623931623847
199185445391900,4.8683997,back,-0.0040054932478827965,28.0,2.0,0.0036240177004653873,0.010989010989007397,-0.23931623931623847
199185446498900,4.8695067,back,-0.0040054932478827965,28.0,2.0,0.0036240177004653873,0.010989010989007397,-0.23931623931623847
199185447544200,4.870552,back,-0.0040054932478827965,28.0,2.0,0.0036240177004653873,0.010989010989007397,-0.23931623931623847
199185448582400,4.8715902,back,-0.0040054932478827965,28.0,2.0,0.0036240177004653873,0.010989010989007397,-0.23931623931623847
199185449630200,4.872638,back,-0.0040054932478827965,28.0,2.0,0.0036240177004653873,0.010989010989007397,-0.23931623931623847
199185450224300,4.8732321,back,-0.0040054932478827965,28.0,2.0,0.0036240177004653873,0.010989010989007397,-0.23931623931623847
199185451224500,4.8742323,back,-0.0040054932478827965,28.0,2.0,0.0036240177004653873,0.010989010989007397,-0.23931623931623847
199185452274700,4.8752825,back,-0.0040054932478827965,28.0,2.0,0.0036240177004653873,0.010989010989007397,-0.23931623931623847
199185453426700,4.8764345,back,-0.0040054932478827965,28.0,2.0,0.0036240177004653873,0.010989010989007397,-0.23931623931623847
199185454520400,4.8775282,back,-0.0040054932478827965,28.0,2.0,0.0036240177004653873,0.010989010989007397,-0.23931623931623847
199185455559700,4.8785675,back,-0.0040054932478827965,28.0,2.0,0.0036240177004653873,0.010989010989007397,-0.23931623931623847
199185456635200,4.879643,back,-0.0040054932478827965,28.0,2.0,0.0036240177004653873,0.010989010989007397,-0.23931623931623847
199185457239600,4.8802474,back,-0.0040054932478827965,28.0,2.0,0.0036240177004653873,0.010989010989007397,-0.23931623931623847
199185458408900,4.8814167,back,-0.0040054932478827965,28.0,2.0,0.0036240177004653873,0.010989010989007397,-0.23931623931623847
199185459253800,4.8822616,back,-0.0040054932478827965,28.0,2.0,0.0036240177004653873,0.010989010989007397,-0.23931623931623847
199185460256200,4.883264,back,-0.0040054932478827965,28.0,2.0,0.0036240177004653873,0.010989010989007397,-0.23931623931623847
199185461265400,4.8842732,back,-0.0040054932478827965,28.0,2.0,0.0036240177004653873,0.010989010989007397,-0.23931623931623847
199185462512300,4.8855201,back,-0.0040054932478827965,28.0,2.0,0.0036240177004653873,0.010989010989007397,-0.23931623931623847
199185463532400,4.8865402,back,-0.0040054932478827965,28.0,2.0,0.0036240177004653873,0.010989010989007397,-0.23931623931623847
199185464530600,4.8875384,back,-0.0040054932478827965,28.0,2.0,0.0036240177004653873,0.010989010989007397,-0.23931623931623847
199185465612900,4.8886207,back,-0.0040054932478827965,28.0,2.0,0.0036240177004653873,0.010989010989007397,-0.23931623931623847
199185466203300,4.8892111,back,-0.0040054932478827965,28.0,2.0,0.0036240177004653873,0.010989010989007397,-0.23931623931623847
199185467304400,4.8903122,back,-0.0040054932478827965,28.0,2.0,0.0036240177004653873,0.010989010989007397,-0.23931623931623847
199185468465800,4.8914736,back,-0.0040054932478827965,28.0,2.0,0.0036240177004653873,0.010989010989007397,-0.23931623931623847
199185469442900,4.8924507,back,-0.0040054932478827965,28.0,2.0,0.0036240177004653873,0.010989010989007397,-0.23931623931623847
199185470797200,4.893805,back,-0.0040054932478827965,28.0,2.0,0.0036240177004653873,0.010989010989007397,-0.23931623931623847
199185471411600,4.8944194,back,-0.0040054932478827965,28.0,2.0,0.0036240177004653873,0.010989010989007397,-0.23931623931623847
199185472414900,4.8954227,back,-0.0040054932478827965,28.0,2.0,0.0036240177004653873,0.010989010989007397,-0.23931623931623847
199185473694100,4.8967019,back,-0.0040054932478827965,28.0,2.0,0.0036240177004653873,0.010989010989007397,-0.23931623931623847
199185474829000,4.8978368,back,-0.0040054932478827965,28.0,2.0,0.0036240177004653873,0.010989010989007397,-0.23931623931623847
199185475420900,4.8984287,back,-0.0040054932478827965,28.0,2.0,0.0036240177004653873,0.010989010989007397,-0.23931623931623847
199185476426500,4.8994343,back,-0.0040054932478827965,28.0,2.0,0.0036240177004653873,0.010989010989007397,-0.23931623931623847
199185477541700,4.9005495,back,-0.0040054932478827965,28.0,2.0,0.0036240177004653873,0.010989010989007397,-0.23931623931623847
199185478650500,4.9016583,back,-0.0040054932478827965,28.0,2.0,0.0036240177004653873,0.010989010989007397,-0.23931623931623847
199185479213200,4.902221,back,-0.0040054932478827965,28.0,2.0,0.0036240177004653873,0.010989010989007397,-0.23931623931623847
199185480248100,4.9032559,back,-0.0040054932478827965,28.0,2.0,0.0036240177004653873,0.010989010989007397,-0.23931623931623847
199185481376600,4.9043844,back,-0.0040054932478827965,28.0,2.0,0.0036240177004653873,0.010989010989007397,-0.23931623931623847
199185482524000,4.9055318,back,-0.0040054932478827965,28.0,2.0,0.0036240177004653873,0.010989010989007397,-0.23931623931623847
199185483626900,4.9066347,back,-0.0040054932478827965,28.0,2.0,0.0036240177004653873,0.010989010989007397,-0.23931623931623847
199185484223700,4.9072315,back,-0.0040054932478827965,28.0,2.0,0.0036240177004653873,0.010989010989007397,-0.23931623931623847
199185485268400,4.9082762,back,-0.0040054932478827965,28.0,2.0,0.0036240177004653873,0.010989010989007397,-0.23931623931623847
199185486379700,4.9093875,back,-0.0040054932478827965,28.0,2.0,0.0036240177004653873,0.010989010989007397,-0.23931623931623847
199185487495200,4.910503,back,-0.0040054932478827965,28.0,2.0,0.0036240177004653873,0.010989010989007397,-0.23931623931623847
199185488572100,4.9115799,back,-0.0040054932478827965,28.0,2.0,0.0036240177004653873,0.010989010989007397,-0.23931623931623847
199185489773800,4.9127816,back,-0.0040054932478827965,28.0,2.0,0.0036240177004653873,0.010989010989007397,-0.23931623931623847
199185490374600,4.9133824,back,-0.0040054932478827965,28.0,2.0,0.0036240177004653873,0.010989010989007397,-0.23931623931623847
199185491373400,4.9143812,back,-0.0040054932478827965,28.0,2.0,0.0036240177004653873,0.010989010989007397,-0.23931623931623847
199185492475300,4.9154831,back,-0.0040054932478827965,28.0,2.0,0.0036240177004653873,0.010989010989007397,-0.23931623931623847
199185493541900,4.9165497,back,-0.0040054932478827965,28.0,2.0,0.0036240177004653873,0.010989010989007397,-0.23931623931623847
199185494549100,4.9175569,back,-0.0040054932478827965,28.0,2.0,0.0036240177004653873,0.010989010989007397,-0.23931623931623847
199185495552400,4.9185602,back,-0.0040054932478827965,28.0,2.0,0.0036240177004653873,0.010989010989007397,-0.23931623931623847
199185496653000,4.9196608,back,-0.0040054932478827965,28.0,2.0,0.0036240177004653873,0.010989010989007397,-0.23931623931623847
199185497280600,4.9202884,back,-0.0040054932478827965,28.0,2.0,0.0036240177004653873,0.010989010989007397,-0.23931623931623847
199185498282900,4.9212907,back,-0.0040054932478827965,28.0,2.0,0.0036240177004653873,0.010989010989007397,-0.23931623931623847
199185499357900,4.9223657,back,-0.0040054932478827965,28.0,2.0,0.0036240177004653873,0.010989010989007397,-0.23931623931623847
199185500432900,4.9234407,back,-0.0040054932478827965,28.0,2.0,0.0036240177004653873,0.010989010989007397,-0.23931623931623847
199185501475500,4.9244833,back,-0.0040054932478827965,28.0,2.0,0.0036240177004653873,0.010989010989007397,-0.23931623931623847
199185502597200,4.925605,back,-0.0040054932478827965,28.0,2.0,0.0036240177004653873,0.010989010989007397,-0.23931623931623847
199185503783100,4.9267909,back,-0.0040054932478827965,28.0,2.0,0.0036240177004653873,0.010989010989007397,-0.23931623931623847
199185504407800,4.9274156,back,-0.0040054932478827965,28.0,2.0,0.0036240177004653873,0.010989010989007397,-0.23931623931623847
199185505579300,4.9285871,back,-0.0040054932478827965,28.0,2.0,0.003242542153047978,-0.010989010989007397,-0.2490842490842482
199185506896600,4.9299044,back,-0.0040054932478827965,28.0,2.0,0.0036240177004653873,-0.010989010989007397,-0.2490842490842482
199185507506100,4.9305139,back,-0.0040054932478827965,28.0,2.0,0.0036240177004653873,-0.010989010989007397,-0.2490842490842482
199185508537100,4.9315449,back,-0.0040054932478827965,28.0,2.0,0.0036240177004653873,-0.010989010989007397,-0.2490842490842482
199185509644700,4.9326525,back,-0.0040054932478827965,28.0,2.0,0.0036240177004653873,-0.010989010989007397,-0.2490842490842482
199185510220600,4.9332284,back,-0.0040054932478827965,28.0,2.0,0.0036240177004653873,-0.010989010989007397,-0.2490842490842482
199185511352400,4.9343602,back,-0.0040054932478827965,28.0,2.0,0.0036240177004653873,-0.010989010989007397,-0.2490842490842482
199185512448000,4.9354558,back,-0.0040054932478827965,28.0,2.0,0.0036240177004653873,-0.010989010989007397,-0.2490842490842482
199185513464000,4.9364718,back,-0.0040054932478827965,28.0,2.0,0.0036240177004653873,-0.010989010989007397,-0.2490842490842482
199185514544000,4.9375518,back,-0.0040054932478827965,28.0,2.0,0.0036240177004653873,-0.010989010989007397,-0.2490842490842482
199185515609300,4.9386171,back,-0.0040054932478827965,28.0,2.0,0.0036240177004653873,-0.010989010989007397,-0.2490842490842482
199185516636800,4.9396446,back,-0.0040054932478827965,28.0,2.0,0.0036240177004653873,-0.010989010989007397,-0.2490842490842482
199185517268300,4.9402761,back,-0.0040054932478827965,28.0,2.0,0.0036240177004653873,-0.010989010989007397,-0.2490842490842482
199185518294800,4.9413026,back,-0.0040054932478827965,28.0,2.0,0.0036240177004653873,-0.010989010989007397,-0.2490842490842482
199185519368700,4.9423765,back,-0.0040054932478827965,28.0,2.0,0.0036240177004653873,-0.010989010989007397,-0.2490842490842482
199185520725600,4.9437334,back,-0.0040054932478827965,28.0,2.0,0.0036240177004653873,-0.010989010989007397,-0.2490842490842482
199185521441300,4.9444491,back,-0.0040054932478827965,28.0,2.0,0.0036240177004653873,-0.010989010989007397,-0.2490842490842482
199185522444000,4.9454518,back,-0.0040054932478827965,28.0,2.0,0.0036240177004653873,-0.010989010989007397,-0.2490842490842482
199185523567600,4.9465754,back,-0.0040054932478827965,28.0,2.0,0.0036240177004653873,-0.010989010989007397,-0.2490842490842482
199185524719600,4.9477274,back,-0.0040054932478827965,28.0,2.0,0.0036240177004653873,-0.010989010989007397,-0.2490842490842482
199185525288400,4.9482962,back,-0.0040054932478827965,28.0,2.0,0.0036240177004653873,-0.010989010989007397,-0.2490842490842482
199185526290600,4.9492984,back,-0.0040054932478827965,28.0,2.0,0.0036240177004653873,-0.010989010989007397,-0.2490842490842482
199185527376400,4.9503842,back,-0.0040054932478827965,28.0,2.0,0.0036240177004653873,-0.010989010989007397,-0.2490842490842482
199185528472600,4.9514804,back,-0.0040054932478827965,28.0,2.0,0.0036240177004653873,-0.010989010989007397,-0.2490842490842482
199185529605700,4.9526135,back,-0.0040054932478827965,28.0,2.0,0.0036240177004653873,-0.010989010989007397,-0.2490842490842482
199185530196700,4.9532045,back,-0.0040054932478827965,28.0,2.0,0.0036240177004653873,-0.010989010989007397,-0.2490842490842482
199185531352100,4.9543599,back,-0.0040054932478827965,28.0,2.0,0.0036240177004653873,-0.010989010989007397,-0.2490842490842482
199185532427600,4.9554354,back,-0.0040054932478827965,28.0,2.0,0.0036240177004653873,-0.010989010989007397,-0.2490842490842482
199185533435300,4.9564431,back,-0.0040054932478827965,28.0,2.0,0.0036240177004653873,-0.010989010989007397,-0.2490842490842482
199185534488100,4.9574959,back,-0.0040054932478827965,28.0,2.0,0.0036240177004653873,-0.010989010989007397,-0.2490842490842482
199185535684500,4.9586923,back,-0.0040054932478827965,28.0,2.0,0.0036240177004653873,-0.010989010989007397,-0.2490842490842482
199185536977900,4.9599857,back,-0.0040054932478827965,28.0,2.0,0.0036240177004653873,-0.010989010989007397,-0.2490842490842482
199185537578600,4.9605864,back,-0.0040054932478827965,28.0,2.0,0.0036240177004653873,-0.010989010989007397,-0.2490842490842482
199185538580000,4.9615878,back,-0.0040054932478827965,28.0,2.0,0.0036240177004653873,-0.010989010989007397,-0.2490842490842482
199185539692500,4.9627003,back,-0.0040054932478827965,28.0,2.0,0.0036240177004653873,-0.010989010989007397,-0.2490842490842482
199185540297700,4.9633055,back,-0.0040054932478827965,28.0,2.0,0.0036240177004653873,-0.010989010989007397,-0.2490842490842482
199185541311100,4.9643189,back,-0.0040054932478827965,28.0,2.0,0.0036240177004653873,-0.010989010989007397,-0.2490842490842482
199185542315500,4.9653233,back,-0.0040054932478827965,28.0,2.0,0.0036240177004653873,-0.010989010989007397,-0.2490842490842482
199185543320800,4.9663286,back,-0.0040054932478827965,28.0,2.0,0.0036240177004653873,-0.010989010989007397,-0.2490842490842482
199185544327100,4.9673349,back,-0.0040054932478827965,28.0,2.0,0.0036240177004653873,-0.010989010989007397,-0.2490842490842482
199185545335700,4.9683435,back,-0.0040054932478827965,28.0,2.0,0.0036240177004653873,-0.010989010989007397,-0.2490842490842482
199185546337200,4.969345,back,-0.0040054932478827965,28.0,2.0,0.0036240177004653873,-0.010989010989007397,-0.2490842490842482
199185547338900,4.9703467,back,-0.0040054932478827965,28.0,2.0,0.0036240177004653873,-0.010989010989007397,-0.2490842490842482
199185548443900,4.9714517,back,-0.0040054932478827965,28.0,2.0,0.0036240177004653873,-0.010989010989007397,-0.2490842490842482
199185549521900,4.9725297,back,-0.0040054932478827965,28.0,2.0,0.0036240177004653873,-0.010989010989007397,-0.2490842490842482
199185550590300,4.9735981,back,-0.0040054932478827965,28.0,2.0,0.0036240177004653873,-0.010989010989007397,-0.2490842490842482
199185551728600,4.9747364,back,-0.0040054932478827965,28.0,2.0,0.0036240177004653873,-0.010989010989007397,-0.2490842490842482
199185552101100,4.9751089,back,-0.0040054932478827965,28.0,2.0,0.0036240177004653873,-0.010989010989007397,-0.2490842490842482
199185553101000,4.9761088,back,-0.0040054932478827965,28.0,2.0,0.0036240177004653873,-0.010989010989007397,-0.2490842490842482
199185554103200,4.977111,back,-0.0040054932478827965,28.0,2.0,0.0036240177004653873,-0.010989010989007397,-0.2490842490842482
199185555105300,4.9781131,back,-0.0040054932478827965,28.0,2.0,0.0036240177004653873,-0.010989010989007397,-0.2490842490842482
199185556151800,4.9791596,back,-0.0040054932478827965,28.0,2.0,0.0036240177004653873,-0.010989010989007397,-0.2490842490842482
199185557311300,4.9803191,back,-0.0040054932478827965,28.0,2.0,0.0036240177004653873,-0.010989010989007397,-0.2490842490842482
199185558444900,4.9814527,back,-0.0040054932478827965,28.0,2.0,0.0036240177004653873,-0.010989010989007397,-0.2490842490842482
199185559420500,4.9824283,back,-0.0040054932478827965,28.0,2.0,0.0036240177004653873,-0.010989010989007397,-0.2490842490842482
199185560521000,4.9835288,back,-0.0040054932478827965,28.0,2.0,0.0036240177004653873,-0.010989010989007397,-0.2490842490842482
199185561509200,4.984517,back,-0.0040054932478827965,28.0,2.0,0.0036240177004653873,-0.010989010989007397,-0.2490842490842482
199185562614500,4.9856223,back,-0.0040054932478827965,28.0,2.0,0.0036240177004653873,-0.010989010989007397,-0.2490842490842482
199185563638700,4.9866465,back,-0.0040054932478827965,28.0,2.0,0.0036240177004653873,-0.010989010989007397,-0.2490842490842482
199185564236800,4.9872446,back,-0.0040054932478827965,28.0,2.0,0.0036240177004653873,-0.010989010989007397,-0.2490842490842482
199185565263000,4.9882708,back,-0.0040054932478827965,28.0,2.0,0.0036240177004653873,-0.010989010989007397,-0.2490842490842482
199185566323600,4.9893314,back,-0.0040054932478827965,28.0,2.0,0.0036240177004653873,-0.010989010989007397,-0.2490842490842482
199185567478300,4.9904861,back,-0.0040054932478827965,28.0,2.0,0.0036240177004653873,-0.010989010989007397,-0.2490842490842482
199185568373300,4.9913811,back,-0.0040054932478827965,28.0,2.0,0.0036240177004653873,-0.010989010989007397,-0.2490842490842482
199185569374800,4.9923826,back,-0.0040054932478827965,28.0,2.0,0.0036240177004653873,-0.010989010989007397,-0.2490842490842482
199185570474100,4.9934819,back,-0.0040054932478827965,28.0,2.0,0.0036240177004653873,-0.010989010989007397,-0.2490842490842482
199185571559600,4.9945674,back,-0.0040054932478827965,28.0,2.0,0.0036240177004653873,-0.010989010989007397,-0.2490842490842482
199185572662200,4.99567,back,-0.0040054932478827965,28.0,2.0,0.0036240177004653873,-0.010989010989007397,-0.2490842490842482
199185573260000,4.9962678,back,-0.0040054932478827965,28.0,2.0,0.0036240177004653873,-0.010989010989007397,-0.2490842490842482
199185574263300,4.9972711,back,-0.0040054932478827965,28.0,2.0,0.0036240177004653873,-0.010989010989007397,-0.2490842490842482
199185575287200,4.998295,back,-0.0040054932478827965,28.0,2.0,0.0036240177004653873,-0.010989010989007397,-0.2490842490842482
199185576415800,4.9994236,back,-0.0040054932478827965,28.0,2.0,0.0036240177004653873,-0.010989010989007397,-0.2490842490842482
199185577484800,5.0004926,back,-0.0040054932478827965,28.0,2.0,0.0036240177004653873,-0.010989010989007397,-0.2490842490842482
199185578533700,5.0015415,back,-0.0040054932478827965,28.0,2.0,0.0036240177004653873,-0.010989010989007397,-0.2490842490842482
199185579614000,5.0026218,back,-0.0040054932478827965,28.0,2.0,0.0036240177004653873,-0.010989010989007397,-0.2490842490842482
199185580201600,5.0032094,back,-0.0040054932478827965,28.0,2.0,0.0036240177004653873,-0.010989010989007397,-0.2490842490842482
199185581214500,5.0042223,back,-0.0040054932478827965,28.0,2.0,0.0036240177004653873,-0.010989010989007397,-0.2490842490842482
199185582355400,5.0053632,back,-0.0040054932478827965,28.0,2.0,0.0036240177004653873,-0.010989010989007397,-0.2490842490842482
199185583287900,5.0062957,back,-0.0040054932478827965,28.0,2.0,0.0036240177004653873,-0.010989010989007397,-0.2490842490842482
199185584288600,5.0072964,back,-0.0040054932478827965,28.0,2.0,0.0036240177004653873,-0.010989010989007397,-0.2490842490842482
199185585382900,5.0083907,back,-0.0040054932478827965,28.0,2.0,0.0036240177004653873,-0.010989010989007397,-0.2490842490842482
199185586452900,5.0094607,back,-0.0040054932478827965,28.0,2.0,0.0036240177004653873,-0.010989010989007397,-0.2490842490842482
199185587485300,5.0104931,back,-0.0040054932478827965,28.0,2.0,0.0036240177004653873,-0.010989010989007397,-0.2490842490842482
199185588586300,5.0115941,back,-0.0040054932478827965,28.0,2.0,0.0036240177004653873,-0.010989010989007397,-0.2490842490842482
199185589689100,5.0126969,back,-0.0040054932478827965,28.0,2.0,0.0036240177004653873,-0.010989010989007397,-0.2490842490842482
199185590277700,5.0132855,back,-0.0040054932478827965,28.0,2.0,0.0036240177004653873,-0.010989010989007397,-0.2490842490842482
199185591285200,5.014293,back,-0.0040054932478827965,28.0,2.0,0.0036240177004653873,-0.010989010989007397,-0.2490842490842482
199185592380600,5.0153884,back,-0.0040054932478827965,28.0,2.0,0.0036240177004653873,-0.010989010989007397,-0.2490842490842482
199185593538000,5.0165458,back,-0.0040054932478827965,28.0,2.0,0.0036240177004653873,-0.010989010989007397,-0.2490842490842482
199185594641200,5.017649,back,-0.0040054932478827965,28.0,2.0,0.0036240177004653873,-0.010989010989007397,-0.2490842490842482
199185595237900,5.0182457,back,-0.0040054932478827965,28.0,2.0,0.0036240177004653873,-0.010989010989007397,-0.2490842490842482
199185596240000,5.0192478,back,-0.0040054932478827965,28.0,2.0,0.0036240177004653873,-0.010989010989007397,-0.2490842490842482
199185597469300,5.0204771,back,-0.0040054932478827965,28.0,2.0,0.0036240177004653873,-0.010989010989007397,-0.2490842490842482
199185598747400,5.0217552,back,-0.0040054932478827965,28.0,2.0,0.0036240177004653873,-0.010989010989007397,-0.2490842490842482
199185599349600,5.0223574,back,-0.0040054932478827965,28.0,2.0,0.0036240177004653873,-0.010989010989007397,-0.2490842490842482
199185600349000,5.0233568,back,-0.0040054932478827965,28.0,2.0,0.0036240177004653873,-0.010989010989007397,-0.2490842490842482
199185601491100,5.0244989,back,-0.0040054932478827965,28.0,2.0,0.0036240177004653873,-0.010989010989007397,-0.2490842490842482
199185602632700,5.0256405,back,-0.0040054932478827965,28.0,2.0,0.0036240177004653873,-0.010989010989007397,-0.2490842490842482
199185603210800,5.0262186,back,-0.0040054932478827965,28.0,2.0,0.0036240177004653873,-0.010989010989007397,-0.2490842490842482
199185604213800,5.0272216,back,-0.0040054932478827965,28.0,2.0,0.0036240177004653873,-0.010989010989007397,-0.2490842490842482
199185605306900,5.0283147,back,-0.0040054932478827965,28.0,2.0,0.0036240177004653873,-0.010989010989007397,-0.2490842490842482
199185606467000,5.0294748,back,-0.0040054932478827965,28.0,2.0,0.0036240177004653873,-0.010989010989007397,-0.2490842490842482
199185607538600,5.0305464,back,-0.0040054932478827965,28.0,2.0,0.0036240177004653873,-0.010989010989007397,-0.2490842490842482
199185608692500,5.0317003,back,-0.0040054932478827965,28.0,2.0,0.0036240177004653873,-0.010989010989007397,-0.2490842490842482
199185609297900,5.0323057,back,-0.0040054932478827965,28.0,2.0,0.0036240177004653873,-0.010989010989007397,-0.2490842490842482
199185610300900,5.0333087,back,-0.0040054932478827965,28.0,2.0,0.0036240177004653873,-0.010989010989007397,-0.2490842490842482
199185611369100,5.0343769,back,-0.0040054932478827965,28.0,2.0,0.0036240177004653873,-0.010989010989007397,-0.2490842490842482
199185612425800,5.0354336,back,-0.0040054932478827965,28.0,2.0,0.0036240177004653873,-0.010989010989007397,-0.2490842490842482
199185613674200,5.036682,back,-0.0040054932478827965,28.0,2.0,0.0036240177004653873,-0.010989010989007397,-0.2490842490842482
199185614784300,5.0377921,back,-0.0040054932478827965,28.0,2.0,0.0036240177004653873,-0.010989010989007397,-0.2490842490842482
199185615416400,5.0384242,back,-0.0040054932478827965,28.0,2.0,0.0036240177004653873,-0.010989010989007397,-0.2490842490842482
199185616416700,5.0394245,back,-0.0040054932478827965,28.0,2.0,0.0036240177004653873,-0.010989010989007397,-0.2490842490842482
199185617541300,5.0405491,back,-0.0040054932478827965,28.0,2.0,0.0036240177004653873,-0.010989010989007397,-0.2490842490842482
199185618671600,5.0416794,back,-0.0040054932478827965,28.0,2.0,0.0036240177004653873,-0.010989010989007397,-0.2490842490842482
199185619175300,5.0421831,back,-0.0040054932478827965,28.0,2.0,0.0036240177004653873,-0.010989010989007397,-0.2490842490842482
199185620173400,5.0431812,back,-0.0040054932478827965,28.0,2.0,0.0036240177004653873,-0.010989010989007397,-0.2490842490842482
199185621292000,5.0442998,back,-0.0040054932478827965,28.0,2.0,0.0036240177004653873,-0.010989010989007397,-0.2490842490842482
199185622380500,5.0453883,back,-0.0040054932478827965,28.0,2.0,0.0036240177004653873,-0.010989010989007397,-0.2490842490842482
199185623569000,5.0465768,back,-0.0040054932478827965,28.0,2.0,0.0036240177004653873,-0.010989010989007397,-0.2490842490842482
199185624669500,5.0476773,back,-0.0040054932478827965,28.0,2.0,0.0036240177004653873,-0.010989010989007397,-0.2490842490842482
199185625245500,5.0482533,back,-0.0040054932478827965,28.0,2.0,0.0036240177004653873,-0.010989010989007397,-0.2490842490842482
199185626272900,5.0492807,back,-0.0040054932478827965,28.0,2.0,0.0036240177004653873,-0.010989010989007397,-0.2490842490842482
199185627404600,5.0504124,back,-0.0040054932478827965,28.0,2.0,0.0036240177004653873,-0.010989010989007397,-0.2490842490842482
199185628401800,5.0514096,back,-0.0040054932478827965,28.0,2.0,0.0036240177004653873,-0.010989010989007397,-0.2490842490842482
199185629530400,5.0525382,back,-0.0040054932478827965,28.0,2.0,0.0036240177004653873,-0.010989010989007397,-0.2490842490842482
199185630459300,5.0534671,back,-0.0040054932478827965,28.0,2.0,0.0036240177004653873,-0.010989010989007397,-0.2490842490842482
199185631457200,5.054465,back,-0.0040054932478827965,28.0,2.0,0.0036240177004653873,-0.010989010989007397,-0.2490842490842482
199185632463500,5.0554713,back,-0.0040054932478827965,28.0,2.0,0.0036240177004653873,-0.010989010989007397,-0.2490842490842482
199185633467400,5.0564752,back,-0.0040054932478827965,28.0,2.0,0.0036240177004653873,-0.010989010989007397,-0.2490842490842482
199185634524100,5.0575319,back,-0.0040054932478827965,28.0,2.0,0.0036240177004653873,-0.010989010989007397,-0.2490842490842482
199185635589700,5.0585975,back,-0.0040054932478827965,28.0,2.0,0.0036240177004653873,-0.010989010989007397,-0.2490842490842482
199185636189100,5.0591969,back,-0.0040054932478827965,28.0,2.0,0.0036240177004653873,-0.010989010989007397,-0.2490842490842482
199185637191500,5.0601993,back,-0.0040054932478827965,28.0,2.0,0.0036240177004653873,-0.010989010989007397,-0.2490842490842482
199185638306300,5.0613141,back,-0.0040054932478827965,28.0,2.0,0.0036240177004653873,-0.010989010989007397,-0.2490842490842482
199185639387500,5.0623953,back,-0.0040054932478827965,28.0,2.0,0.0036240177004653873,-0.010989010989007397,-0.2490842490842482
199185640463700,5.0634715,back,-0.0040054932478827965,28.0,2.0,0.0036240177004653873,-0.010989010989007397,-0.2490842490842482
199185641561600,5.0645694,back,-0.0040054932478827965,28.0,2.0,0.0036240177004653873,-0.010989010989007397,-0.2490842490842482
199185642549100,5.0655569,back,-0.0040054932478827965,28.0,2.0,0.0036240177004653873,-0.010989010989007397,-0.2490842490842482
199185643106900,5.0661147,back,-0.0040054932478827965,28.0,2.0,0.0036240177004653873,-0.010989010989007397,-0.2490842490842482
199185644116400,5.0671242,back,-0.0040054932478827965,28.0,2.0,0.0036240177004653873,-0.010989010989007397,-0.2490842490842482
199185645219300,5.0682271,back,-0.0040054932478827965,28.0,2.0,0.0036240177004653873,-0.010989010989007397,-0.2490842490842482
199185646149900,5.0691577,back,-0.0040054932478827965,28.0,2.0,0.0036240177004653873,-0.010989010989007397,-0.2490842490842482
199185647156300,5.0701641,back,-0.0040054932478827965,28.0,2.0,0.0036240177004653873,-0.010989010989007397,-0.2490842490842482
199185648358300,5.0713661,back,-0.0040054932478827965,28.0,2.0,0.0036240177004653873,-0.010989010989007397,-0.2490842490842482
199185649359800,5.0723676,back,-0.0040054932478827965,28.0,2.0,0.0036240177004653873,-0.010989010989007397,-0.2490842490842482
199185650472500,5.0734803,back,-0.0040054932478827965,28.0,2.0,0.0036240177004653873,-0.010989010989007397,-0.2490842490842482
199185651619200,5.074627,back,-0.0040054932478827965,28.0,2.0,0.0036240177004653873,-0.010989010989007397,-0.2490842490842482
199185652196500,5.0752043,back,-0.0040054932478827965,28.0,2.0,0.0036240177004653873,-0.010989010989007397,-0.2490842490842482
199185653238300,5.0762461,back,-0.0040054932478827965,28.0,2.0,0.0036240177004653873,-0.010989010989007397,-0.2490842490842482
199185654314700,5.0773225,back,-0.0040054932478827965,28.0,2.0,0.0036240177004653873,-0.010989010989007397,-0.2490842490842482
199185655371300,5.0783791,back,-0.0040054932478827965,28.0,2.0,0.0036240177004653873,-0.010989010989007397,-0.2490842490842482
199185656490200,5.079498,back,-0.0040054932478827965,28.0,2.0,0.0036240177004653873,-0.010989010989007397,-0.2490842490842482
199185657679700,5.0806875,back,-0.0040054932478827965,28.0,2.0,0.0036240177004653873,-0.010989010989007397,-0.2490842490842482
199185658350700,5.0813585,back,-0.0040054932478827965,28.0,2.0,0.0036240177004653873,-0.010989010989007397,-0.2490842490842482
199185659351200,5.082359,back,-0.0040054932478827965,28.0,2.0,0.0036240177004653873,-0.010989010989007397,-0.2490842490842482
199185660545500,5.0835533,back,-0.0040054932478827965,28.0,2.0,0.0036240177004653873,-0.010989010989007397,-0.2490842490842482
199185661920700,5.0849285,back,-0.0040054932478827965,28.0,2.0,0.0036240177004653873,-0.010989010989007397,-0.2490842490842482
199185662530000,5.0855378,back,-0.0040054932478827965,28.0,2.0,0.0036240177004653873,-0.010989010989007397,-0.2490842490842482
199185663541100,5.0865489,back,-0.0040054932478827965,28.0,2.0,0.0036240177004653873,-0.010989010989007397,-0.2490842490842482
199185664693500,5.0877013,back,-0.0040054932478827965,28.0,2.0,0.0036240177004653873,-0.010989010989007397,-0.2490842490842482
199185665302700,5.0883105,back,-0.0040054932478827965,28.0,2.0,0.0036240177004653873,-0.010989010989007397,-0.2490842490842482
199185666340500,5.0893483,back,-0.0040054932478827965,28.0,2.0,0.0036240177004653873,-0.010989010989007397,-0.2490842490842482
199185667480700,5.0904885,back,-0.0040054932478827965,28.0,2.0,0.0036240177004653873,-0.010989010989007397,-0.2490842490842482
199185668618700,5.0916265,back,-0.0040054932478827965,28.0,2.0,0.0036240177004653873,-0.010989010989007397,-0.2490842490842482
199185669745900,5.0927537,back,-0.0040054932478827965,28.0,2.0,0.0036240177004653873,-0.010989010989007397,-0.2490842490842482
199185670346100,5.0933539,back,-0.0040054932478827965,28.0,2.0,0.0036240177004653873,-0.010989010989007397,-0.2490842490842482
199185671353600,5.0943614,back,-0.0040054932478827965,28.0,2.0,0.0036240177004653873,-0.010989010989007397,-0.2490842490842482
199185672667400,5.0956752,back,-0.0040054932478827965,28.0,2.0,0.0036240177004653873,-0.010989010989007397,-0.2490842490842482
199185673647700,5.0966555,back,-0.0040054932478827965,28.0,2.0,0.0036240177004653873,-0.010989010989007397,-0.2490842490842482
199185674226200,5.097234,back,-0.0040054932478827965,28.0,2.0,0.0036240177004653873,-0.010989010989007397,-0.2490842490842482
199185675229800,5.0982376,back,-0.0040054932478827965,28.0,2.0,0.0036240177004653873,-0.010989010989007397,-0.2490842490842482
199185676420100,5.0994279,back,-0.0040054932478827965,28.0,2.0,0.0036240177004653873,-0.010989010989007397,-0.2490842490842482
199185677509900,5.1005177,back,-0.0040054932478827965,28.0,2.0,0.0036240177004653873,-0.010989010989007397,-0.2490842490842482
199185678530700,5.1015385,back,-0.0040054932478827965,28.0,2.0,0.0036240177004653873,-0.010989010989007397,-0.2490842490842482
199185679630400,5.1026382,back,-0.0040054932478827965,28.0,2.0,0.0036240177004653873,-0.010989010989007397,-0.2490842490842482
199185680220400,5.1032282,back,-0.0040054932478827965,28.0,2.0,0.0036240177004653873,-0.010989010989007397,-0.2490842490842482
199185681222200,5.10423,back,-0.0040054932478827965,28.0,2.0,0.0036240177004653873,-0.010989010989007397,-0.2490842490842482
199185682318400,5.1053262,back,-0.0040054932478827965,28.0,2.0,0.0036240177004653873,-0.010989010989007397,-0.2490842490842482
199185683484000,5.1064918,back,-0.0040054932478827965,28.0,2.0,0.0036240177004653873,-0.010989010989007397,-0.2490842490842482
199185684579900,5.1075877,back,-0.0040054932478827965,28.0,2.0,0.0036240177004653873,-0.010989010989007397,-0.2490842490842482
199185685736500,5.1087443,back,-0.0040054932478827965,28.0,2.0,0.0036240177004653873,-0.010989010989007397,-0.2490842490842482
199185686361700,5.1093695,back,-0.0040054932478827965,28.0,2.0,0.0036240177004653873,-0.010989010989007397,-0.2490842490842482
199185687371200,5.110379,back,-0.0040054932478827965,28.0,2.0,0.0036240177004653873,-0.010989010989007397,-0.2490842490842482
199185688460900,5.1114687,back,-0.0040054932478827965,28.0,2.0,0.0036240177004653873,-0.010989010989007397,-0.2490842490842482
199185689529300,5.1125371,back,-0.0040054932478827965,28.0,2.0,0.0036240177004653873,-0.010989010989007397,-0.2490842490842482
199185690626500,5.1136343,back,-0.0040054932478827965,28.0,2.0,0.0036240177004653873,-0.010989010989007397,-0.2490842490842482
199185691184500,5.1141923,back,-0.0040054932478827965,28.0,2.0,0.0036240177004653873,-0.010989010989007397,-0.2490842490842482
199185692272400,5.1152802,back,-0.0040054932478827965,28.0,2.0,0.0036240177004653873,-0.010989010989007397,-0.2490842490842482
199185693339100,5.1163469,back,-0.0040054932478827965,28.0,2.0,0.0036240177004653873,-0.010989010989007397,-0.2490842490842482
199185694411000,5.1174188,back,-0.0040054932478827965,28.0,2.0,0.0036240177004653873,-0.010989010989007397,-0.2490842490842482
199185695490200,5.118498,back,-0.0040054932478827965,28.0,2.0,0.0036240177004653873,-0.010989010989007397,-0.2490842490842482
199185696552500,5.1195603,back,-0.0040054932478827965,28.0,2.0,0.0036240177004653873,-0.010989010989007397,-0.2490842490842482
199185697711400,5.1207192,back,-0.0040054932478827965,28.0,2.0,0.0036240177004653873,-0.010989010989007397,-0.2490842490842482
199185698328500,5.1213363,back,-0.0040054932478827965,28.0,2.0,0.0036240177004653873,-0.010989010989007397,-0.2490842490842482
199185699315300,5.1223231,back,-0.0040054932478827965,28.0,2.0,0.0036240177004653873,-0.010989010989007397,-0.2490842490842482
199185700388900,5.1233967,back,-0.0040054932478827965,28.0,2.0,0.0036240177004653873,-0.010989010989007397,-0.2490842490842482
199185701485600,5.1244934,back,-0.0040054932478827965,28.0,2.0,0.0036240177004653873,-0.010989010989007397,-0.2490842490842482
199185702624000,5.1256318,back,-0.0040054932478827965,28.0,2.0,0.0036240177004653873,-0.010989010989007397,-0.2490842490842482
199185703193900,5.1262017,back,-0.0040054932478827965,28.0,2.0,0.0036240177004653873,-0.010989010989007397,-0.2490842490842482
199185704193700,5.1272015,back,-0.0040054932478827965,28.0,2.0,0.0036240177004653873,-0.010989010989007397,-0.2490842490842482
199185705281400,5.1282892,back,-0.0040054932478827965,28.0,2.0,0.0036240177004653873,-0.010989010989007397,-0.2490842490842482
199185706371500,5.1293793,back,-0.0040054932478827965,28.0,2.0,0.0036240177004653873,-0.010989010989007397,-0.2490842490842482
199185707537500,5.1305453,back,-0.0040054932478827965,28.0,2.0,0.0036240177004653873,-0.010989010989007397,-0.2490842490842482
199185708609900,5.1316177,back,-0.0040054932478827965,28.0,2.0,0.0036240177004653873,-0.010989010989007397,-0.2490842490842482
199185709205400,5.1322132,back,-0.0040054932478827965,28.0,2.0,0.0036240177004653873,-0.010989010989007397,-0.2490842490842482
199185710208600,5.1332164,back,-0.0040054932478827965,28.0,2.0,0.0036240177004653873,-0.010989010989007397,-0.2490842490842482
199185711294600,5.1343024,back,-0.0040054932478827965,28.0,2.0,0.0036240177004653873,-0.010989010989007397,-0.2490842490842482
199185712382100,5.1353899,back,-0.0040054932478827965,28.0,2.0,0.0036240177004653873,-0.010989010989007397,-0.2490842490842482
199185713405300,5.1364131,back,-0.0040054932478827965,28.0,2.0,0.0036240177004653873,-0.010989010989007397,-0.2490842490842482
199185714476600,5.1374844,back,-0.0040054932478827965,28.0,2.0,0.0036240177004653873,-0.010989010989007397,-0.2490842490842482
199185715490600,5.1384984,back,-0.0040054932478827965,28.0,2.0,0.0036240177004653873,-0.010989010989007397,-0.2490842490842482
199185716564800,5.1395726,back,-0.0040054932478827965,28.0,2.0,0.0036240177004653873,-0.010989010989007397,-0.2490842490842482
199185717192000,5.1401998,back,-0.0040054932478827965,28.0,2.0,0.0036240177004653873,-0.010989010989007397,-0.2490842490842482
199185718194700,5.1412025,back,-0.0040054932478827965,28.0,2.0,0.0036240177004653873,-0.010989010989007397,-0.2490842490842482
199185719295800,5.1423036,back,-0.0040054932478827965,28.0,2.0,0.0036240177004653873,-0.010989010989007397,-0.2490842490842482
199185720393400,5.1434012,back,-0.0040054932478827965,28.0,2.0,0.0036240177004653873,-0.010989010989007397,-0.2490842490842482
199185721471500,5.1444793,back,-0.0040054932478827965,28.0,2.0,0.0036240177004653873,-0.010989010989007397,-0.2490842490842482
199185722721800,5.1457296,back,-0.0040054932478827965,28.0,2.0,0.0036240177004653873,-0.010989010989007397,-0.2490842490842482
199185723610700,5.1466185,back,-0.0040054932478827965,28.0,2.0,0.003242542153047978,-0.010989010989007397,-0.2490842490842482
199185724197300,5.1472051,back,-0.0040054932478827965,28.0,2.0,0.003242542153047978,-0.010989010989007397,-0.2490842490842482
199185725224000,5.1482318,back,-0.0040054932478827965,28.0,2.0,0.003242542153047978,-0.010989010989007397,-0.2490842490842482
199185726368300,5.1493761,back,-0.0040054932478827965,28.0,2.0,0.003242542153047978,-0.010989010989007397,-0.2490842490842482
199185727455800,5.1504636,back,-0.0040054932478827965,28.0,2.0,0.003242542153047978,-0.010989010989007397,-0.2490842490842482
199185728538700,5.1515465,back,-0.0040054932478827965,28.0,2.0,0.003242542153047978,-0.010989010989007397,-0.2490842490842482
199185729647900,5.1526557,back,-0.0040054932478827965,28.0,2.0,0.003242542153047978,-0.010989010989007397,-0.2490842490842482
199185730209300,5.1532171,back,-0.0040054932478827965,28.0,2.0,0.003242542153047978,-0.010989010989007397,-0.2490842490842482
199185731216000,5.1542238,back,-0.0040054932478827965,28.0,2.0,0.003242542153047978,-0.010989010989007397,-0.2490842490842482
199185732317200,5.155325,back,-0.0040054932478827965,28.0,2.0,0.003242542153047978,-0.010989010989007397,-0.2490842490842482
199185733428600,5.1564364,back,-0.0040054932478827965,28.0,2.0,0.003242542153047978,-0.010989010989007397,-0.2490842490842482
199185734467400,5.1574752,back,-0.0040054932478827965,28.0,2.0,0.003242542153047978,-0.010989010989007397,-0.2490842490842482
199185735538700,5.1585465,back,-0.0040054932478827965,28.0,2.0,0.003242542153047978,-0.010989010989007397,-0.2490842490842482
199185736630000,5.1596378,back,-0.0040054932478827965,28.0,2.0,0.003242542153047978,-0.010989010989007397,-0.2490842490842482
199185737207200,5.160215,back,-0.0040054932478827965,28.0,2.0,0.003242542153047978,-0.010989010989007397,-0.2490842490842482
199185738306200,5.161314,back,-0.0040054932478827965,28.0,2.0,0.003242542153047978,-0.010989010989007397,-0.2490842490842482
199185739408100,5.1624159,back,-0.0040054932478827965,28.0,2.0,0.003242542153047978,-0.010989010989007397,-0.2490842490842482
199185740471200,5.163479,back,-0.0040054932478827965,28.0,2.0,0.003242542153047978,-0.010989010989007397,-0.2490842490842482
199185741592300,5.1646001,back,-0.0040054932478827965,28.0,2.0,0.003242542153047978,-0.010989010989007397,-0.2490842490842482
199185742609100,5.1656169,back,-0.0040054932478827965,28.0,2.0,0.003242542153047978,-0.010989010989007397,-0.2490842490842482
199185743212900,5.1662207,back,-0.0040054932478827965,28.0,2.0,0.003242542153047978,-0.010989010989007397,-0.2490842490842482
199185744216600,5.1672244,back,-0.0040054932478827965,28.0,2.0,0.003242542153047978,-0.010989010989007397,-0.2490842490842482
199185745277700,5.1682855,back,-0.0040054932478827965,28.0,2.0,0.003242542153047978,-0.010989010989007397,-0.2490842490842482
199185746343000,5.1693508,back,-0.0040054932478827965,28.0,2.0,0.003242542153047978,-0.010989010989007397,-0.2490842490842482
199185747470000,5.1704778,back,-0.0040054932478827965,28.0,2.0,0.003242542153047978,-0.010989010989007397,-0.2490842490842482
199185748634800,5.1716426,back,-0.0040054932478827965,28.0,2.0,0.003242542153047978,-0.010989010989007397,-0.2490842490842482
199185749771500,5.1727793,back,-0.0040054932478827965,28.0,2.0,0.003242542153047978,-0.010989010989007397,-0.2490842490842482
199185750332400,5.1733402,back,-0.0040054932478827965,28.0,2.0,0.003242542153047978,-0.010989010989007397,-0.2490842490842482
199185751409100,5.1744169,back,-0.0040054932478827965,28.0,2.0,0.003242542153047978,-0.010989010989007397,-0.2490842490842482
199185752463900,5.1754717,back,-0.0040054932478827965,28.0,2.0,0.003242542153047978,-0.010989010989007397,-0.2490842490842482
199185753600100,5.1766079,back,-0.0040054932478827965,28.0,2.0,0.003242542153047978,-0.010989010989007397,-0.2490842490842482
199185754777400,5.1777852,back,-0.0040054932478827965,28.0,2.0,0.003242542153047978,-0.010989010989007397,-0.2490842490842482
199185755362200,5.17837,back,-0.0040054932478827965,28.0,2.0,0.003242542153047978,-0.010989010989007397,-0.2490842490842482
199185756364900,5.1793727,back,-0.0040054932478827965,28.0,2.0,0.003242542153047978,-0.010989010989007397,-0.2490842490842482
199185757371500,5.1803793,back,-0.0040054932478827965,28.0,2.0,0.003242542153047978,-0.010989010989007397,-0.2490842490842482
199185758369800,5.1813776,back,-0.0040054932478827965,28.0,2.0,0.003242542153047978,-0.010989010989007397,-0.2490842490842482
199185759375600,5.1823834,back,-0.0040054932478827965,28.0,2.0,0.003242542153047978,-0.010989010989007397,-0.2490842490842482
199185760385200,5.183393,back,-0.0040054932478827965,28.0,2.0,0.003242542153047978,-0.010989010989007397,-0.2490842490842482
199185761388300,5.1843961,back,-0.0040054932478827965,28.0,2.0,0.003242542153047978,-0.010989010989007397,-0.2490842490842482
199185762389700,5.1853975,back,-0.0040054932478827965,28.0,2.0,0.003242542153047978,-0.010989010989007397,-0.2490842490842482
199185763392000,5.1863998,back,-0.0040054932478827965,28.0,2.0,0.003242542153047978,-0.010989010989007397,-0.2490842490842482
199185764399600,5.1874074,back,-0.0040054932478827965,28.0,2.0,0.003242542153047978,-0.010989010989007397,-0.2490842490842482
199185765470600,5.1884784,back,-0.0040054932478827965,28.0,2.0,0.003242542153047978,-0.010989010989007397,-0.2490842490842482
199185766558000,5.1895658,back,-0.0040054932478827965,28.0,2.0,0.003242542153047978,-0.010989010989007397,-0.2490842490842482
199185767564200,5.190572,back,-0.0040054932478827965,28.0,2.0,0.003242542153047978,-0.010989010989007397,-0.2490842490842482
199185768678300,5.1916861,back,-0.0040054932478827965,28.0,2.0,0.003242542153047978,-0.010989010989007397,-0.2490842490842482
199185769574600,5.1925824,back,-0.0040054932478827965,28.0,2.0,0.003242542153047978,-0.010989010989007397,-0.2490842490842482
199185770711200,5.193719,back,-0.0040054932478827965,28.0,2.0,0.003242542153047978,-0.010989010989007397,-0.2490842490842482
199185771303700,5.1943115,back,-0.0040054932478827965,28.0,2.0,0.003242542153047978,-0.010989010989007397,-0.2490842490842482
199185772308000,5.1953158,back,-0.0040054932478827965,28.0,2.0,0.003242542153047978,-0.010989010989007397,-0.2490842490842482
199185773432900,5.1964407,back,-0.0040054932478827965,28.0,2.0,0.003242542153047978,-0.010989010989007397,-0.2490842490842482
199185774483700,5.1974915,back,-0.0040054932478827965,28.0,2.0,0.003242542153047978,-0.010989010989007397,-0.2490842490842482
199185775560200,5.198568,back,-0.0040054932478827965,28.0,2.0,0.003242542153047978,-0.010989010989007397,-0.2490842490842482
199185776749400,5.1997572,back,-0.0040054932478827965,28.0,2.0,0.003242542153047978,-0.010989010989007397,-0.2490842490842482
199185777378600,5.2003864,back,-0.0040054932478827965,28.0,2.0,0.003242542153047978,-0.010989010989007397,-0.2490842490842482
199185778381000,5.2013888,back,-0.0040054932478827965,28.0,2.0,0.003242542153047978,-0.010989010989007397,-0.2490842490842482
199185779451700,5.2024595,back,-0.0040054932478827965,28.0,2.0,0.003242542153047978,-0.010989010989007397,-0.2490842490842482
199185780531100,5.2035389,back,-0.0040054932478827965,28.0,2.0,0.003242542153047978,-0.010989010989007397,-0.2490842490842482
199185781673400,5.2046812,back,-0.0040054932478827965,28.0,2.0,0.003242542153047978,-0.010989010989007397,-0.2490842490842482
199185782661000,5.2056688,back,-0.0040054932478827965,28.0,2.0,0.003242542153047978,-0.010989010989007397,-0.2490842490842482
199185783260000,5.2062678,back,-0.0040054932478827965,28.0,2.0,0.003242542153047978,-0.010989010989007397,-0.2490842490842482
199185784348400,5.2073562,back,-0.0040054932478827965,28.0,2.0,0.003242542153047978,-0.010989010989007397,-0.2490842490842482
199185785267700,5.2082755,back,-0.0040054932478827965,28.0,2.0,0.003242542153047978,-0.010989010989007397,-0.2490842490842482
199185786413700,5.2094215,back,-0.0040054932478827965,28.0,2.0,0.003242542153047978,-0.010989010989007397,-0.2490842490842482
199185787519900,5.2105277,back,-0.0040054932478827965,28.0,2.0,0.003242542153047978,-0.010989010989007397,-0.2490842490842482
199185788524000,5.2115318,back,-0.0040054932478827965,28.0,2.0,0.003242542153047978,-0.010989010989007397,-0.2490842490842482
199185789610500,5.2126183,back,-0.0040054932478827965,28.0,2.0,0.003242542153047978,-0.010989010989007397,-0.2490842490842482
199185790612400,5.2136202,back,-0.0040054932478827965,28.0,2.0,0.003242542153047978,-0.010989010989007397,-0.2490842490842482
199185791233500,5.2142413,back,-0.0040054932478827965,28.0,2.0,0.003242542153047978,-0.010989010989007397,-0.2490842490842482
199185792239000,5.2152468,back,-0.0040054932478827965,28.0,2.0,0.003242542153047978,-0.010989010989007397,-0.2490842490842482
199185793310700,5.2163185,back,-0.0040054932478827965,28.0,2.0,0.003242542153047978,-0.010989010989007397,-0.2490842490842482
199185794315700,5.2173235,back,-0.0040054932478827965,28.0,2.0,0.003242542153047978,-0.010989010989007397,-0.2490842490842482
199185795320300,5.2183281,back,-0.0040054932478827965,28.0,2.0,0.003242542153047978,-0.010989010989007397,-0.2490842490842482
199185796325200,5.219333,back,-0.0040054932478827965,28.0,2.0,0.003242542153047978,-0.010989010989007397,-0.2490842490842482
199185797324500,5.2203323,back,-0.0040054932478827965,28.0,2.0,0.003242542153047978,-0.010989010989007397,-0.2490842490842482
199185798457000,5.2214648,back,-0.0040054932478827965,28.0,2.0,0.003242542153047978,-0.010989010989007397,-0.2490842490842482
199185799684500,5.2226923,back,-0.0040054932478827965,28.0,2.0,0.003242542153047978,-0.010989010989007397,-0.2490842490842482
199185800565200,5.223573,back,-0.0040054932478827965,28.0,2.0,0.003242542153047978,-0.010989010989007397,-0.2490842490842482
199185801566600,5.2245744,back,-0.0040054932478827965,28.0,2.0,0.003242542153047978,-0.010989010989007397,-0.2490842490842482
199185802659800,5.2256676,back,-0.0040054932478827965,28.0,2.0,0.003242542153047978,-0.010989010989007397,-0.2490842490842482
199185803345600,5.2263534,back,-0.0040054932478827965,28.0,2.0,0.003242542153047978,-0.010989010989007397,-0.2490842490842482
199185804329100,5.2273369,back,-0.0040054932478827965,28.0,2.0,0.003242542153047978,-0.010989010989007397,-0.2490842490842482
199185805442900,5.2284507,back,-0.0040054932478827965,28.0,2.0,0.003242542153047978,-0.010989010989007397,-0.2490842490842482
199185806495500,5.2295033,back,-0.0040054932478827965,28.0,2.0,0.003242542153047978,-0.010989010989007397,-0.2490842490842482
199185807556400,5.2305642,back,-0.0040054932478827965,28.0,2.0,0.003242542153047978,-0.010989010989007397,-0.2490842490842482
199185808594600,5.2316024,back,-0.0040054932478827965,28.0,2.0,0.003242542153047978,-0.010989010989007397,-0.2490842490842482
199185809173900,5.2321817,back,-0.0040054932478827965,28.0,2.0,0.003242542153047978,-0.010989010989007397,-0.2490842490842482
199185810174600,5.2331824,back,-0.0040054932478827965,28.0,2.0,0.003242542153047978,-0.010989010989007397,-0.2490842490842482
199185811243200,5.234251,back,-0.0040054932478827965,28.0,2.0,0.003242542153047978,-0.010989010989007397,-0.2490842490842482
199185812352600,5.2353604,back,-0.0040054932478827965,28.0,2.0,0.003242542153047978,-0.010989010989007397,-0.2490842490842482
199185813450200,5.236458,back,-0.0040054932478827965,28.0,2.0,0.003242542153047978,-0.010989010989007397,-0.2490842490842482
199185814535900,5.2375437,back,-0.0040054932478827965,28.0,2.0,0.003242542153047978,-0.010989010989007397,-0.2490842490842482
199185815624200,5.238632,back,-0.0040054932478827965,28.0,2.0,0.003242542153047978,-0.010989010989007397,-0.2490842490842482
199185816241000,5.2392488,back,-0.0040054932478827965,28.0,2.0,0.003242542153047978,-0.010989010989007397,-0.2490842490842482
199185817248300,5.2402561,back,-0.0040054932478827965,28.0,2.0,0.003242542153047978,-0.010989010989007397,-0.2490842490842482
199185818331200,5.241339,back,-0.0040054932478827965,28.0,2.0,0.003242542153047978,-0.010989010989007397,-0.2490842490842482
199185819339900,5.2423477,back,-0.0040054932478827965,28.0,2.0,0.003242542153047978,-0.010989010989007397,-0.2490842490842482
199185820368600,5.2433764,back,-0.0040054932478827965,28.0,2.0,0.003242542153047978,-0.010989010989007397,-0.2490842490842482
199185821487600,5.2444954,back,-0.0040054932478827965,28.0,2.0,0.003242542153047978,-0.010989010989007397,-0.2490842490842482
199185822551900,5.2455597,back,-0.0040054932478827965,28.0,2.0,0.003242542153047978,-0.010989010989007397,-0.2490842490842482
199185823650500,5.2466583,back,-0.0040054932478827965,28.0,2.0,0.003242542153047978,-0.010989010989007397,-0.2490842490842482
199185824278400,5.2472862,back,-0.0040054932478827965,28.0,2.0,0.003242542153047978,-0.010989010989007397,-0.2490842490842482
199185825314700,5.2483225,back,-0.0040054932478827965,28.0,2.0,0.003242542153047978,-0.010989010989007397,-0.2490842490842482
199185826418300,5.2494261,back,-0.0040054932478827965,28.0,2.0,0.003242542153047978,-0.010989010989007397,-0.2490842490842482
199185827583400,5.2505912,back,-0.0040054932478827965,28.0,2.0,0.003242542153047978,-0.010989010989007397,-0.2490842490842482
199185828220100,5.2512279,back,-0.0040054932478827965,28.0,2.0,0.003242542153047978,-0.010989010989007397,-0.2490842490842482
199185829224000,5.2522318,back,-0.0040054932478827965,28.0,2.0,0.003242542153047978,-0.010989010989007397,-0.2490842490842482
199185830362700,5.2533705,back,-0.0040054932478827965,28.0,2.0,0.003242542153047978,-0.010989010989007397,-0.2490842490842482
199185831585900,5.2545937,back,-0.0040054932478827965,28.0,2.0,0.003242542153047978,-0.010989010989007397,-0.2490842490842482
199185832181300,5.2551891,back,-0.0040054932478827965,28.0,2.0,0.003242542153047978,-0.010989010989007397,-0.2490842490842482
199185833190500,5.2561983,back,-0.0040054932478827965,28.0,2.0,0.003242542153047978,-0.010989010989007397,-0.2490842490842482
199185834198000,5.2572058,back,-0.0040054932478827965,28.0,2.0,0.003242542153047978,-0.010989010989007397,-0.2490842490842482
199185835300000,5.2583078,back,-0.0040054932478827965,28.0,2.0,0.003242542153047978,-0.010989010989007397,-0.2490842490842482
199185836363600,5.2593714,back,-0.0040054932478827965,28.0,2.0,0.003242542153047978,-0.010989010989007397,-0.2490842490842482
199185837446700,5.2604545,back,-0.0040054932478827965,28.0,2.0,0.003242542153047978,-0.010989010989007397,-0.2490842490842482
199185838533300,5.2615411,back,-0.0040054932478827965,28.0,2.0,0.003242542153047978,-0.010989010989007397,-0.2490842490842482
199185839626400,5.2626342,back,-0.0040054932478827965,28.0,2.0,0.003242542153047978,-0.010989010989007397,-0.2490842490842482
199185840221700,5.2632295,back,-0.0040054932478827965,28.0,2.0,0.003242542153047978,-0.010989010989007397,-0.2490842490842482
199185841243300,5.2642511,back,-0.0040054932478827965,28.0,2.0,0.003242542153047978,-0.010989010989007397,-0.2490842490842482
199185842294800,5.2653026,back,-0.0040054932478827965,28.0,2.0,0.003242542153047978,-0.010989010989007397,-0.2490842490842482
199185843344600,5.2663524,back,-0.0040054932478827965,28.0,2.0,0.003242542153047978,-0.010989010989007397,-0.2490842490842482
199185844402000,5.2674098,back,-0.0040054932478827965,28.0,2.0,0.003242542153047978,-0.010989010989007397,-0.2490842490842482
199185845505800,5.2685136,back,-0.0040054932478827965,28.0,2.0,0.003242542153047978,-0.010989010989007397,-0.2490842490842482
199185846529800,5.2695376,back,-0.0040054932478827965,28.0,2.0,0.003242542153047978,-0.010989010989007397,-0.2490842490842482
199185847578700,5.2705865,back,-0.0040054932478827965,28.0,2.0,0.003242542153047978,-0.010989010989007397,-0.2490842490842482
199185848693200,5.271701,back,-0.0040054932478827965,28.0,2.0,0.003242542153047978,-0.010989010989007397,-0.2490842490842482
199185849296100,5.2723039,back,-0.0040054932478827965,28.0,2.0,0.003242542153047978,-0.010989010989007397,-0.2490842490842482
199185850297100,5.2733049,back,-0.0040054932478827965,28.0,2.0,0.003242542153047978,-0.010989010989007397,-0.2490842490842482
199185851332800,5.2743406,back,-0.0040054932478827965,28.0,2.0,0.003242542153047978,-0.010989010989007397,-0.2490842490842482
199185852406000,5.2754138,back,-0.0040054932478827965,28.0,2.0,0.003242542153047978,-0.010989010989007397,-0.2490842490842482
199185853455600,5.2764634,back,-0.0040054932478827965,28.0,2.0,0.003242542153047978,-0.010989010989007397,-0.2490842490842482
199185854534100,5.2775419,back,-0.0040054932478827965,28.0,2.0,0.003242542153047978,-0.010989010989007397,-0.2490842490842482
199185855131400,5.2781392,back,-0.0040054932478827965,28.0,2.0,0.003242542153047978,-0.010989010989007397,-0.2490842490842482
199185856134400,5.2791422,back,-0.0040054932478827965,28.0,2.0,0.003242542153047978,-0.010989010989007397,-0.2490842490842482
199185857216100,5.2802239,back,-0.0040054932478827965,28.0,2.0,0.003242542153047978,-0.010989010989007397,-0.2490842490842482
199185858188500,5.2811963,back,-0.0040054932478827965,28.0,2.0,0.003242542153047978,-0.010989010989007397,-0.2490842490842482
199185859222500,5.2822303,back,-0.0040054932478827965,28.0,2.0,0.003242542153047978,-0.010989010989007397,-0.2490842490842482
199185860281600,5.2832894,back,-0.0040054932478827965,28.0,2.0,0.003242542153047978,-0.010989010989007397,-0.2490842490842482
199185861478800,5.2844866,back,-0.0040054932478827965,28.0,2.0,0.003242542153047978,-0.010989010989007397,-0.2490842490842482
199185862629600,5.2856374,back,-0.0040054932478827965,28.0,2.0,0.003242542153047978,-0.010989010989007397,-0.2490842490842482
199185863230000,5.2862378,back,-0.0040054932478827965,28.0,2.0,0.003242542153047978,-0.010989010989007397,-0.2490842490842482
199185864229500,5.2872373,back,-0.0040054932478827965,28.0,2.0,0.003242542153047978,-0.010989010989007397,-0.2490842490842482
199185865295900,5.2883037,back,-0.0040054932478827965,28.0,2.0,0.003242542153047978,-0.010989010989007397,-0.2490842490842482
199185866344800,5.2893526,back,-0.0040054932478827965,28.0,2.0,0.003242542153047978,-0.010989010989007397,-0.2490842490842482
199185867460000,5.2904678,back,-0.0040054932478827965,28.0,2.0,0.003242542153047978,-0.010989010989007397,-0.2490842490842482
199185868291900,5.2912997,back,-0.0040054932478827965,28.0,2.0,0.003242542153047978,-0.010989010989007397,-0.2490842490842482
199185869301100,5.2923089,back,-0.0040054932478827965,28.0,2.0,0.003242542153047978,-0.010989010989007397,-0.2490842490842482
199185870324600,5.2933324,back,-0.0040054932478827965,28.0,2.0,0.003242542153047978,-0.010989010989007397,-0.2490842490842482
199185871408300,5.2944161,back,-0.0040054932478827965,28.0,2.0,0.003242542153047978,-0.010989010989007397,-0.2490842490842482
199185872506400,5.2955142,back,-0.0040054932478827965,28.0,2.0,0.003242542153047978,-0.010989010989007397,-0.2490842490842482
199185873570200,5.296578,back,-0.0040054932478827965,28.0,2.0,0.003242542153047978,-0.010989010989007397,-0.2490842490842482
199185874959000,5.2979668,back,-0.0040054932478827965,28.0,2.0,0.003242542153047978,-0.010989010989007397,-0.2490842490842482
199185875551200,5.298559,back,-0.0040054932478827965,28.0,2.0,0.003242542153047978,-0.010989010989007397,-0.2490842490842482
199185876107200,5.299115,back,-0.0040054932478827965,28.0,2.0,0.003242542153047978,-0.010989010989007397,-0.2490842490842482
199185877297100,5.3003049,back,-0.0040054932478827965,28.0,2.0,0.003242542153047978,-0.010989010989007397,-0.2490842490842482
199185878377000,5.3013848,back,-0.0040054932478827965,28.0,2.0,0.003242542153047978,-0.010989010989007397,-0.2490842490842482
199185879463300,5.3024711,back,-0.0040054932478827965,28.0,2.0,0.003242542153047978,-0.010989010989007397,-0.2490842490842482
199185880491400,5.3034992,back,-0.0040054932478827965,28.0,2.0,0.003242542153047978,-0.010989010989007397,-0.2490842490842482
199185881545900,5.3045537,back,-0.0040054932478827965,28.0,2.0,0.003242542153047978,-0.010989010989007397,-0.2490842490842482
199185882550100,5.3055579,back,-0.0040054932478827965,28.0,2.0,0.003242542153047978,-0.010989010989007397,-0.2490842490842482
199185883104600,5.3061124,back,-0.0040054932478827965,28.0,2.0,0.003242542153047978,-0.010989010989007397,-0.2490842490842482
199185884115400,5.3071232,back,-0.0040054932478827965,28.0,2.0,0.003242542153047978,-0.010989010989007397,-0.2490842490842482
199185885179600,5.3081874,back,-0.0040054932478827965,28.0,2.0,0.003242542153047978,-0.010989010989007397,-0.2490842490842482
199185886205900,5.3092137,back,-0.0040054932478827965,28.0,2.0,0.003242542153047978,-0.010989010989007397,-0.2490842490842482
199185887291200,5.310299,back,-0.0040054932478827965,28.0,2.0,0.003242542153047978,-0.010989010989007397,-0.2490842490842482
199185888336700,5.3113445,back,-0.0040054932478827965,28.0,2.0,0.003242542153047978,-0.010989010989007397,-0.2490842490842482
199185889435300,5.3124431,back,-0.0040054932478827965,28.0,2.0,0.003242542153047978,-0.010989010989007397,-0.2490842490842482
199185890511400,5.3135192,back,-0.0040054932478827965,28.0,2.0,0.003242542153047978,-0.010989010989007397,-0.2490842490842482
199185891524200,5.314532,back,-0.0040054932478827965,28.0,2.0,0.003242542153047978,-0.010989010989007397,-0.2490842490842482
199185892586800,5.3155946,back,-0.0040054932478827965,28.0,2.0,0.003242542153047978,-0.010989010989007397,-0.2490842490842482
199185893533800,5.3165416,back,-0.0040054932478827965,28.0,2.0,0.003242542153047978,-0.010989010989007397,-0.2490842490842482
199185894531100,5.3175389,back,-0.0040054932478827965,28.0,2.0,0.003242542153047978,-0.010989010989007397,-0.2490842490842482
199185895617900,5.3186257,back,-0.0040054932478827965,28.0,2.0,0.003242542153047978,-0.010989010989007397,-0.2490842490842482
199185896201500,5.3192093,back,-0.0040054932478827965,28.0,2.0,0.003242542153047978,-0.010989010989007397,-0.2490842490842482
199185897203100,5.3202109,back,-0.0040054932478827965,28.0,2.0,0.003242542153047978,-0.010989010989007397,-0.2490842490842482
199185898358200,5.321366,back,-0.0040054932478827965,28.0,2.0,0.003242542153047978,-0.010989010989007397,-0.2490842490842482
199185899446400,5.3224542,back,-0.0040054932478827965,28.0,2.0,0.003242542153047978,-0.010989010989007397,-0.2490842490842482
199185900531900,5.3235397,back,-0.0040054932478827965,28.0,2.0,0.003242542153047978,-0.010989010989007397,-0.2490842490842482
199185901539500,5.3245473,back,-0.0040054932478827965,28.0,2.0,0.003242542153047978,-0.010989010989007397,-0.2490842490842482
199185902675100,5.3256829,back,-0.0040054932478827965,28.0,2.0,0.003242542153047978,-0.010989010989007397,-0.2490842490842482
199185903241700,5.3262495,back,-0.0040054932478827965,28.0,2.0,0.003242542153047978,-0.010989010989007397,-0.2490842490842482
199185904244200,5.327252,back,-0.0040054932478827965,28.0,2.0,0.003242542153047978,-0.010989010989007397,-0.2490842490842482
199185905361400,5.3283692,back,-0.0040054932478827965,28.0,2.0,0.003242542153047978,-0.010989010989007397,-0.2490842490842482
199185906349900,5.3293577,back,-0.0040054932478827965,28.0,2.0,0.003242542153047978,-0.010989010989007397,-0.2490842490842482
199185907412500,5.3304203,back,-0.0040054932478827965,28.0,2.0,0.003242542153047978,-0.010989010989007397,-0.2490842490842482
199185908554800,5.3315626,back,-0.0040054932478827965,28.0,2.0,0.003242542153047978,-0.010989010989007397,-0.2490842490842482
199185909433600,5.3324414,back,-0.0040054932478827965,28.0,2.0,0.003242542153047978,-0.010989010989007397,-0.2490842490842482
199185910434900,5.3334427,back,-0.0040054932478827965,28.0,2.0,0.003242542153047978,-0.010989010989007397,-0.2490842490842482
199185911563600,5.3345714,back,-0.0040054932478827965,28.0,2.0,0.003242542153047978,-0.010989010989007397,-0.2490842490842482
199185912773300,5.3357811,back,-0.0040054932478827965,28.0,2.0,0.003242542153047978,-0.010989010989007397,-0.2490842490842482
199185913394900,5.3364027,back,-0.0040054932478827965,28.0,2.0,0.003242542153047978,-0.010989010989007397,-0.2490842490842482
199185914597300,5.3376051,back,-0.0040054932478827965,28.0,2.0,0.003242542153047978,-0.010989010989007397,-0.2490842490842482
199185915408400,5.3384162,back,-0.0040054932478827965,28.0,2.0,0.003242542153047978,-0.010989010989007397,-0.2490842490842482
199185916406900,5.3394147,back,-0.0040054932478827965,28.0,2.0,0.003242542153047978,-0.010989010989007397,-0.2490842490842482
199185917528100,5.3405359,back,-0.0040054932478827965,28.0,2.0,0.003242542153047978,-0.010989010989007397,-0.2490842490842482
199185918305500,5.3413133,back,-0.0040054932478827965,28.0,2.0,0.003242542153047978,-0.010989010989007397,-0.2490842490842482
199185919312700,5.3423205,back,-0.0040054932478827965,28.0,2.0,0.003242542153047978,-0.010989010989007397,-0.2490842490842482
199185920363400,5.3433712,back,-0.0040054932478827965,28.0,2.0,0.003242542153047978,-0.010989010989007397,-0.2490842490842482
199185921422400,5.3444302,back,-0.0040054932478827965,28.0,2.0,0.003242542153047978,-0.010989010989007397,-0.2490842490842482
199185922480300,5.3454881,back,-0.0040054932478827965,28.0,2.0,0.003242542153047978,-0.010989010989007397,-0.2490842490842482
199185923780100,5.3467879,back,-0.0040054932478827965,28.0,2.0,0.003242542153047978,-0.010989010989007397,-0.2490842490842482
199185924918600,5.3479264,back,-0.0040054932478827965,28.0,2.0,0.003242542153047978,-0.010989010989007397,-0.2490842490842482
199185925568700,5.3485765,back,-0.0040054932478827965,28.0,2.0,0.003242542153047978,-0.010989010989007397,-0.2490842490842482
199185926578900,5.3495867,back,-0.0040054932478827965,28.0,2.0,0.003242542153047978,-0.010989010989007397,-0.2490842490842482
199185927708900,5.3507167,back,-0.0040054932478827965,28.0,2.0,0.003242542153047978,-0.010989010989007397,-0.2490842490842482
199185928316700,5.3513245,back,-0.0040054932478827965,28.0,2.0,0.003242542153047978,-0.010989010989007397,-0.2490842490842482
199185929325600,5.3523334,back,-0.0040054932478827965,28.0,2.0,0.003242542153047978,-0.010989010989007397,-0.2490842490842482
199185930426700,5.3534345,back,-0.0040054932478827965,28.0,2.0,0.003242542153047978,-0.010989010989007397,-0.2490842490842482
199185931583600,5.3545914,back,-0.0040054932478827965,28.0,2.0,0.003242542153047978,-0.010989010989007397,-0.2490842490842482
199185932714300,5.3557221,back,-0.0040054932478827965,28.0,2.0,0.003242542153047978,-0.010989010989007397,-0.2490842490842482
199185933328100,5.3563359,back,-0.0040054932478827965,28.0,2.0,0.003242542153047978,-0.010989010989007397,-0.2490842490842482
199185934327100,5.3573349,back,-0.0040054932478827965,28.0,2.0,0.003242542153047978,-0.010989010989007397,-0.2490842490842482
199185935393400,5.3584012,back,-0.0040054932478827965,28.0,2.0,0.003242542153047978,-0.010989010989007397,-0.2490842490842482
199185936471500,5.3594793,back,-0.0040054932478827965,28.0,2.0,0.003242542153047978,-0.010989010989007397,-0.2490842490842482
199185937582800,5.3605906,back,-0.0040054932478827965,28.0,2.0,0.003242542153047978,-0.010989010989007397,-0.2490842490842482
199185938692000,5.3616998,back,-0.0040054932478827965,28.0,2.0,0.003242542153047978,-0.010989010989007397,-0.2490842490842482
199185939400300,5.3624081,back,-0.0040054932478827965,28.0,2.0,0.003242542153047978,-0.010989010989007397,-0.2490842490842482
199185940303800,5.3633116,back,-0.0040054932478827965,28.0,2.0,0.003242542153047978,-0.010989010989007397,-0.2490842490842482
199185941475100,5.3644829,back,-0.0040054932478827965,28.0,2.0,0.003242542153047978,-0.010989010989007397,-0.2490842490842482
199185942650100,5.3656579,back,-0.0040054932478827965,28.0,2.0,0.003242542153047978,-0.010989010989007397,-0.2490842490842482
199185943250000,5.3662578,back,-0.0040054932478827965,28.0,2.0,0.003242542153047978,-0.010989010989007397,-0.2490842490842482
199185944253500,5.3672613,back,-0.0040054932478827965,28.0,2.0,0.003242542153047978,-0.010989010989007397,-0.2490842490842482
199185945355300,5.3683631,back,-0.0040054932478827965,28.0,2.0,0.003242542153047978,-0.010989010989007397,-0.2490842490842482
199185946484100,5.3694919,back,-0.0040054932478827965,28.0,2.0,0.003242542153047978,-0.010989010989007397,-0.2490842490842482
199185947638900,5.3706467,back,-0.0040054932478827965,28.0,2.0,0.003242542153047978,-0.010989010989007397,-0.2490842490842482
199185948296800,5.3713046,back,-0.0040054932478827965,28.0,2.0,0.003242542153047978,-0.010989010989007397,-0.2490842490842482
199185949302900,5.3723107,back,-0.0040054932478827965,28.0,2.0,0.003242542153047978,-0.010989010989007397,-0.2490842490842482
199185950340000,5.3733478,back,-0.0040054932478827965,28.0,2.0,0.003242542153047978,-0.010989010989007397,-0.2490842490842482
199185951414900,5.3744227,back,-0.0040054932478827965,28.0,2.0,0.003242542153047978,-0.010989010989007397,-0.2490842490842482
199185952550100,5.3755579,back,-0.0040054932478827965,28.0,2.0,0.003242542153047978,-0.010989010989007397,-0.2490842490842482
199185953753600,5.3767614,back,-0.0040054932478827965,28.0,2.0,0.003242542153047978,-0.010989010989007397,-0.2490842490842482
199185954521000,5.3775288,back,-0.0040054932478827965,28.0,2.0,0.003242542153047978,-0.010989010989007397,-0.2490842490842482
199185955448900,5.3784567,back,-0.0040054932478827965,28.0,2.0,0.003242542153047978,-0.010989010989007397,-0.23931623931623847
199185956535100,5.3795429,back,-0.0040054932478827965,28.0,2.0,0.003242542153047978,-0.010989010989007397,-0.23931623931623847
199185957622900,5.3806307,back,-0.0040054932478827965,28.0,2.0,0.003242542153047978,-0.010989010989007397,-0.23931623931623847
199185958193900,5.3812017,back,-0.0040054932478827965,28.0,2.0,0.003242542153047978,-0.010989010989007397,-0.23931623931623847
199185959204000,5.3822118,back,-0.0040054932478827965,28.0,2.0,0.003242542153047978,-0.010989010989007397,-0.23931623931623847
199185960259400,5.3832672,back,-0.0040054932478827965,28.0,2.0,0.003242542153047978,-0.010989010989007397,-0.23931623931623847
199185961323100,5.3843309,back,-0.0040054932478827965,28.0,2.0,0.003242542153047978,-0.010989010989007397,-0.23931623931623847
199185962415800,5.3854236,back,-0.0040054932478827965,28.0,2.0,0.003242542153047978,-0.010989010989007397,-0.23931623931623847
199185963480500,5.3864883,back,-0.0040054932478827965,28.0,2.0,0.003242542153047978,-0.010989010989007397,-0.23931623931623847
199185964555300,5.3875631,back,-0.0040054932478827965,28.0,2.0,0.003242542153047978,-0.010989010989007397,-0.23931623931623847
199185965567200,5.388575,back,-0.0040054932478827965,28.0,2.0,0.003242542153047978,-0.010989010989007397,-0.23931623931623847
199185966566400,5.3895742,back,-0.0040054932478827965,28.0,2.0,0.003242542153047978,-0.010989010989007397,-0.23931623931623847
199185967700900,5.3907087,back,-0.0040054932478827965,28.0,2.0,0.003242542153047978,-0.010989010989007397,-0.23931623931623847
199185968344300,5.3913521,back,-0.0040054932478827965,28.0,2.0,0.003242542153047978,-0.010989010989007397,-0.23931623931623847
199185969443400,5.3924512,back,-0.0040054932478827965,28.0,2.0,0.003242542153047978,-0.010989010989007397,-0.23931623931623847
199185970704000,5.3937118,back,-0.0040054932478827965,28.0,2.0,0.003242542153047978,-0.010989010989007397,-0.23931623931623847
199185971332600,5.3943404,back,-0.0040054932478827965,28.0,2.0,0.003242542153047978,-0.010989010989007397,-0.23931623931623847
199185972409600,5.3954174,back,-0.0040054932478827965,28.0,2.0,0.003242542153047978,-0.010989010989007397,-0.23931623931623847
199185973545900,5.3965537,back,-0.0040054932478827965,28.0,2.0,0.003242542153047978,-0.010989010989007397,-0.23931623931623847
199185974605200,5.397613,back,-0.0040054932478827965,28.0,2.0,0.003242542153047978,-0.010989010989007397,-0.23931623931623847
199185975103300,5.3981111,back,-0.0040054932478827965,28.0,2.0,0.003242542153047978,-0.010989010989007397,-0.23931623931623847
199185976105200,5.399113,back,-0.0040054932478827965,28.0,2.0,0.003242542153047978,-0.010989010989007397,-0.23931623931623847
199185977252200,5.40026,back,-0.0040054932478827965,28.0,2.0,0.003242542153047978,-0.010989010989007397,-0.23931623931623847
199185978313500,5.4013213,back,-0.0040054932478827965,28.0,2.0,0.003242542153047978,-0.010989010989007397,-0.23931623931623847
