t_host_mono_ns,channel,can_id,data_hex
203053365079500,0,17,0100550a01000000
203053365153500,0,17,117f677fe7ff1c1a
203053365175000,0,17,117f677ff7ff1c1a
203053365185900,0,17,117f677ff7ff1c1a
203053365194300,0,17,117f688007ff1c1a
203053365200900,0,17,117f687ff7ff1c1a
203053475467100,0,17,117f677ff7ff1c1a
203053584751600,0,17,117f677ff7ff1c1a
203053584787800,0,17,117f677ff7ff1c1a
203053584796800,0,17,117f677ff7fe1c1a
203053584802900,0,17,117f677ff7fe1c1a
203053584809000,0,17,117f677ff7fe1c1a
203053584815700,0,17,117f677ff7fe1c1a
203053584822500,0,17,117f677ff7fe1c1a
203053584830800,0,17,117f677ff7fe1c1a
203053584839200,0,17,117f677ff7fe1c1a
203053584847700,0,17,117f677fe7fe1c1a
203053692632400,0,17,117f677ff7fd1c1a
203053692659500,0,17,117f677ff7fd1c1a
203053692667100,0,17,117f677ff7fd1c1a
203053692673100,0,17,117f677ff7fd1c1a
203053692679400,0,17,117f677ff7fd1c1a
203053692686100,0,17,117f677ff7fd1c1a
203053692691600,0,17,117f677ff7fd1c1a
203053692697200,0,17,117f677ff7fd1c1a
203053692714800,0,17,117f677ff7fd1c1a
203053692724400,0,17,117f677ff7fd1c1a
203053692735500,0,17,117f677ff7fc1c1a
203053692742700,0,17,117f678007fc1c1a
203053692748400,0,17,117f677ff7fc1c1a
203053692753800,0,17,117f677fe7fc1c1a
203053692759400,0,17,117f677ff7fc1c1a
203053692803100,0,17,117f677ff7fc1c1a
203053692813500,0,17,117f677fe7fc1c1a
203053692819700,0,17,117f677ff7fc1c1a
203053692825500,0,17,117f677ff7fc1c1a
203053692831100,0,17,117f687ff7fc1c1a
203053692836700,0,17,117f677ff7fd1c1a
203053692842200,0,17,117f677ff7fc1c1a
203053692847700,0,17,117f677ff7fc1c1a
203053692853100,0,17,117f677ff7fc1c1a
203053692858700,0,17,117f677ff7fc1c1a
203053692872400,0,17,117f687ff7fc1c1a
203053692881400,0,17,117f677ff7fc1c1a
203053692887000,0,17,117f677ff7fc1c1a
203053692892600,0,17,117f677ff7fc1c1a
203053692897900,0,17,117f687ff7fc1c1a
203053692904000,0,17,117f677ff7fc1c1a
203053692909900,0,17,117f677ff7fc1c1a
203053692925700,0,17,117f677ff7fc1c1a
203053692934600,0,17,117f677ff7fc1c1a
203053692940100,0,17,117f677ff7fc1c1a
203053692945800,0,17,117f687ff7fc1c1a
203053692951600,0,17,117f677ff7fc1c1a
203053692957000,0,17,117f677ff7fc1c1a
203053692962800,0,17,117f677ff7fc1c1a
203053692968600,0,17,117f677ff7fc1c1a
203053692976400,0,17,117f677ff7fc1c1a
203053692990200,0,17,117f677ff7fc1c1a
203053692998100,0,17,117f677ff7fc1c1a
203053693003800,0,17,117f677ff7fc1c1a
203053693009200,0,17,117f677ff7fc1c1a
203053693015100,0,17,117f677ff7fc1c1a
203053693020600,0,17,117f677ff7fc1c1a
203053693026100,0,17,117f677ff7fc1c1a
203053693032000,0,17,117f677ff7fc1c1a
203053693037500,0,17,117f677ff7fc1c1a
203053693047400,0,17,117f677ff7fc1c1a
203053693054200,0,17,117f677ff7fd1c1a
203053693059700,0,17,117f677ff7fc1c1a
203053693065100,0,17,117f677ff7fc1c1a
203053693070600,0,17,117f677ff7fc1c1a
203053693076300,0,17,117f677ff7fd1c1a
203053693081800,0,17,117f678007fc1c1a
203053693087200,0,17,117f678007fc1c1a
203053693092800,0,17,117f677fe7fc1c1a
203053693098500,0,17,117f677ff7fc1c1a
203053693106200,0,17,117f677ff7fc1c1a
203053693111800,0,17,117f677ff7fc1c1a
203053693117100,0,17,117f677ff7fc1c1a
203053693123800,0,17,117f678007fc1c1a
203053693132500,0,17,117f677ff7fc1c1a
203053693138200,0,17,117f677ff7fb1c1a
203053693143700,0,17,117f677fe7fc1c1a
203053693149200,0,17,117f677ff7fb1c1a
203053693154800,0,17,117f687ff7fc1c1a
203053693161400,0,17,117f677fe7fc1c1a
203053693166800,0,17,117f677ff7fc1c1a
203053693172400,0,17,117f677fe7fc1c1a
203053693178200,0,17,117f677fe7fc1c1a
203053693185400,0,17,117f677ff7fc1c1a
203053693190700,0,17,117f677ff7fc1c1a
203053693196100,0,17,117f677ff7fd1c1a
203053693201900,0,17,117f677ff7fd1c1a
203053693211200,0,17,117f677ff7fd1c1a
203053693219800,0,17,117f677ff7fd1c1a
203053693228100,0,17,117f678007fd1c1a
203053693253200,0,17,117f677ff7fd1c1a
203053693262300,0,17,117f677ff7fd1c1a
203053693279300,0,17,117f677ff7fd1c1a
203053693286100,0,17,117f677ff7fd1c1a
203053693291600,0,17,117f677fe7fd1c1a
203053693298700,0,17,117f677fe7fd1c1a
203053693304400,0,17,117f677ff7fd1c1a
203053693310100,0,17,117f677ff7fd1c1a
203053693315400,0,17,117f677ff7fd1c1a
203053693321000,0,17,117f677ff7fc1c1a
203053693326800,0,17,117f677ff7fc1c1a
203053693332800,0,17,117f677ff7fc1c1a
203053693338500,0,17,117f677ff7fc1c1a
203053693344300,0,17,117f677ff7fc1c1a
203053693350100,0,17,117f677ff7fc1c1a
203053693355400,0,17,117f677ff7fc1c1a
203053693360900,0,17,117f677ff7fc1c1a
203053693366200,0,17,117f677ff7fc1c1a
203053693371500,0,17,117f677ff7fc1c1a
203053693376700,0,17,117f687ff7fc1c1a
203053693382300,0,17,117f688007fc1c1a
203053693387600,0,17,117f677fe7fc1c1a
203053693392900,0,17,117f677fe7fc1c1a
203053693400100,0,17,117f677fe7fc1c1a
203053693406300,0,17,117f678007fc1c1a
203053693412700,0,17,117f677ff7fc1c1a
203053693418100,0,17,117f677ff7fc1c1a
203053693423500,0,17,117f677fe7fc1c1a
203053693429300,0,17,117f677ff7fc1c1a
203053800759500,0,17,117f677ff7fc1c1a
203053800872600,0,17,117f677ff7fc1c1a
203053800900500,0,17,117f677ff7fc1c1a
203053800913700,0,17,117f677ff7fc1c1a
203053800922400,0,17,117f677ff7fc1c1a
203053800930900,0,17,117f677ff7fc1c1a
203053800949200,0,17,117f677ff7fc1c1a
203053800957400,0,17,117f677ff7fc1c1a
203053800965300,0,17,117f677ff7fd1c1a
203053800970800,0,17,117f677ff7fd1c1a
203053800976500,0,17,117f677ff7fd1c1a
203053800982200,0,17,117f677ff7fc1c1a
203053800989900,0,17,117f677ff7fd1c1a
203053801011300,0,17,117f677ff7fd1c1a
203053801018000,0,17,117f677ff7fd1c1a
203053801023800,0,17,117f687ff7fc1c1a
203053801029200,0,17,117f677ff7fc1c1a
203053801035200,0,17,117f677ff7fc1c1a
203053801043000,0,17,117f677ff7fc1c1a
203053801051300,0,17,117f677ff7fc1c1a
203053801057300,0,17,117f677ff7fc1c1a
203053801062600,0,17,117f677ff7fc1c1a
203053801068000,0,17,117f677ff7fc1c1a
203053801074100,0,17,117f677ff7fb1c1a
203053801079900,0,17,117f677fe7fb1c1a
203053801085100,0,17,117f677ff7fc1c1a
203053801090400,0,17,117f678007fc1c1a
203053801095800,0,17,117f677ff7fc1c1a
203053801101000,0,17,117f677ff7fc1c1a
203053801106300,0,17,117f677ff7fc1c1a
203053801111600,0,17,117f677ff7fc1c1a
203053801117200,0,17,117f677ff7fc1c1a
203053801122800,0,17,117f677ff7fc1c1a
203053801130300,0,17,117f677ff7fc1c1a
203053801139000,0,17,117f677ff7fc1c1a
203053801145100,0,17,117f677ff7fc1c1a
203053801150300,0,17,117f677ff7fc1c1a
203053801155600,0,17,117f677ff7fc1c1a
203053801160800,0,17,117f677ff7fc1c1a
203053801166000,0,17,117f677ff7fc1c1a
203053801171200,0,17,117f677ff7fc1c1a
203053801176500,0,17,117f677ff7fd1c1a
203053801181700,0,17,117f677ff7fc1c1a
203053801187000,0,17,117f677ff7fc1c1a
203053801192400,0,17,117f677ff7fc1c1a
203053801197700,0,17,117f677ff7fd1c1a
203053801202900,0,17,117f677ff7fc1c1a
203053801209200,0,17,117f677ff7fc1c1a
203053801216500,0,17,117f677ff7fc1c1a
203053801222000,0,17,117f677ff7fc1c1a
203053801227300,0,17,117f687ff7fc1c1a
203053801232800,0,17,117f677ff7fc1c1a
203053801238000,0,17,117f677ff7fc1c1a
203053801243400,0,17,117f677ff7fc1c1a
203053801248600,0,17,117f677ff7fc1c1a
203053801253900,0,17,117f677ff7fc1c1a
203053801259100,0,17,117f677ff7fc1c1a
203053801264200,0,17,117f677ff7fc1c1a
203053801269500,0,17,117f677ff7fc1c1a
203053801274700,0,17,117f677ff7fc1c1a
203053801279900,0,17,117f677ff7fc1c1a
203053801285100,0,17,117f677ff7fd1c1a
203053801291000,0,17,117f677ff7fd1c1a
203053801296200,0,17,117f677ff7fd1c1a
203053801301800,0,17,117f677ff7fc1c1a
203053801307200,0,17,117f677ff7fc1c1a
203053801312600,0,17,117f677ff7fc1c1a
203053801317800,0,17,117f677ff7fd1c1a
203053801323100,0,17,117f677ff7fc1c1a
203053801328300,0,17,117f677ff7fc1c1a
203053801333600,0,17,117f677ff7fc1c1a
203053801338900,0,17,117f677ff7fc1c1a
203053801344100,0,17,117f677ff7fc1c1a
203053801349400,0,17,117f677ff7fc1c1a
203053801354700,0,17,117f677ff7fc1c1a
203053801360500,0,17,117f677ff7fc1c1a
203053801365800,0,17,117f677ff7fb1c1a
203053801370900,0,17,117f677ff7fc1c1a
203053801376100,0,17,117f677ff7fc1c1a
203053801382400,0,17,117f677ff7fc1c1a
203053801387700,0,17,117f678007fc1c1a
203053801393000,0,17,117f677fe7fc1c1a
203053801398400,0,17,117f677ff7fc1c1a
203053801403900,0,17,117f677ff7fc1c1a
203053801409300,0,17,117f677ff7fc1c1a
203053801414400,0,17,117f687ff7fc1c1a
203053801419600,0,17,117f677ff7fc1c1a
203053801424900,0,17,117f677ff7fc1c1a
203053801430800,0,17,117f677ff7fc1c1a
203053801436100,0,17,117f677ff7fc1c1a
203053801441400,0,17,117f677ff7fc1c1a
203053801446600,0,17,117f677ff7fc1c1a
203053801452000,0,17,117f677ff7fc1c1a
203053801457200,0,17,117f677ff7fc1c1a
203053801462400,0,17,117f677ff7fc1c1a
203053801467800,0,17,117f677ff7fb1c1a
203053801473100,0,17,117f677ff7fb1c1a
203053801478300,0,17,117f677ff7fc1c1a
203053801483600,0,17,117f677ff7fc1c1a
203053801488800,0,17,117f677ff7fc1c1a
203053801494000,0,17,117f677ff7fc1c1a
203053801499400,0,17,117f677ff7fc1c1a
203053801504700,0,17,117f677ff7fc1c1a
203053801510100,0,17,117f678007fd1c1a
203053801515300,0,17,117f678007fd1c1a
203053801529400,0,17,117f677ff7fc1c1a
203053801547700,0,17,117f677fe7fc1c1a
203053801557900,0,17,117f677ff7fc1c1a
203053910993300,0,17,117f677ff7fc1c1a
203053911066800,0,17,117f677ff7fd1c1a
203053911077400,0,17,117f677ff7fd1c1a
203053911083400,0,17,117f677ff7fd1c1a
203053911089200,0,17,117f677ff7fd1c1a
203053911094800,0,17,117f687ff7fd1c1a
203053911100700,0,17,117f678007fd1c1a
203053911106600,0,17,117f687ff7fc1c1a
203053911112000,0,17,117f677ff7fc1c1a
203053911117600,0,17,117f677ff7fc1c1a
203053911123200,0,17,117f677ff7fc1c1a
203053911128600,0,17,117f677ff7fc1c1a
203053911134100,0,17,117f677ff7fc1c1a
203053911140300,0,17,117f687ff7fc1c1a
203053911146900,0,17,117f677fe7fc1c1a
203053911153100,0,17,117f677ff7fc1c1a
203053911158700,0,17,117f677ff7fc1c1a
203053911164300,0,17,117f677ff7fc1c1a
203053911169700,0,17,117f677ff7fc1c1a
203053911175100,0,17,117f677ff7fc1c1a
203053911180700,0,17,117f677ff7fc1c1a
203053911186300,0,17,117f677fe7fb1c1a
203053911191900,0,17,117f677ff7fc1c1a
203053911197700,0,17,117f677ff7fc1c1a
203053911203800,0,17,117f687ff7fc1c1a
203053911209500,0,17,117f678007fd1c1a
203053911214900,0,17,117f677ff7fc1c1a
203053911220500,0,17,117f677ff7fc1c1a
203053911225800,0,17,117f677ff7fc1c1a
203053911231600,0,17,117f677ff7fc1c1a
203053911237000,0,17,117f677ff7fc1c1a
203053911242500,0,17,117f677ff7fc1c1a
203053911248100,0,17,117f677ff7fc1c1a
203053911253600,0,17,117f677ff7fc1c1a
203053911259400,0,17,117f677ff7fc1c1a
203053911266500,0,17,117f677ff7fc1c1a
203053911272100,0,17,117f688007fc1c1a
203053911277700,0,17,117f677ff7fc1c1a
203053911283100,0,17,117f677ff7fc1c1a
203053911288600,0,17,117f677ff7fc1c1a
203053911294100,0,17,117f677ff7fc1c1a
203053911299400,0,17,117f677ff7fb1c1a
203053911304800,0,17,117f677fe7fb1c1a
203053911311600,0,17,117f677ff7fb1c1a
203053911317000,0,17,117f688007fc1c1a
203053911322500,0,17,117f678007fc1c1a
203053911328000,0,17,117f677ff7fc1c1a
203053911334300,0,17,117f677ff7fc1c1a
203053911339700,0,17,117f677ff7fc1c1a
203053911345200,0,17,117f677ff7fc1c1a
203053911350800,0,17,117f677ff7fc1c1a
203053911356100,0,17,117f677ff7fc1c1a
203053911361700,0,17,117f677ff7fc1c1a
203053911367100,0,17,117f677fe7fc1c1a
203053911372800,0,17,117f677ff7fc1c1a
203053911378600,0,17,117f677ff7fc1c1a
203053911383900,0,17,117f677ff7fd1c1a
203053911389400,0,17,117f677ff7fc1c1a
203053911395000,0,17,117f677ff7fc1c1a
203053911400500,0,17,117f677ff7fc1c1a
203053911406000,0,17,117f677ff7fc1c1a
203053911411300,0,17,117f677ff7fc1c1a
203053911416700,0,17,117f677ff7fc1c1a
203053911422000,0,17,117f677ff7fc1c1a
203053911427300,0,17,117f677ff7fc1c1a
203053911432800,0,17,117f677ff7fc1c1a
203053911438100,0,17,117f677ff7fc1c1a
203053911443300,0,17,117f677ff7fd1c1a
203053911448700,0,17,117f677ff7fc1c1a
203053911464700,0,17,117f677ff7fc1c1a
203053911471800,0,17,117f677ff7fc1c1a
203053911482300,0,17,117f677ff7fc1c1a
203053911491500,0,17,117f677ff7fc1c1a
203053911501600,0,17,117f678007fc1c1a
203053911510500,0,17,117f677ff7fc1c1a
203053911518300,0,17,117f677ff7fc1c1a
203053911524300,0,17,117f677ff7fc1c1a
203053911529900,0,17,117f677ff7fc1c1a
203053911535700,0,17,117f677ff7fc1c1a
203053911541200,0,17,117f677ff7fc1c1a
203053911546700,0,17,117f677ff7fc1c1a
203053911552200,0,17,117f677ff7fc1c1a
203053911557700,0,17,117f677ff7fc1c1a
203053911566800,0,17,117f688007fc1c1a
203053911572600,0,17,117f677ff7fc1c1a
203053911629700,0,17,117f677ff7fc1c1a
203053911652200,0,17,117f677fe7fc1c1a
203053911659900,0,17,117f677ff7fc1c1a
203053911666700,0,17,117f687ff7fc1c1a
203053911672800,0,17,117f677ff7fc1c1a
203053911678700,0,17,117f677ff7fc1c1a
203053911684200,0,17,117f687ff7fc1c1a
203053911689900,0,17,117f677ff7fc1c1a
203053911695600,0,17,117f677ff7fc1c1a
203053911701200,0,17,117f677ff7fc1c1a
203053911707100,0,17,117f677ff7fc1c1a
203053911713300,0,17,117f687ff7fc1c1a
203053911719000,0,17,117f677ff7fc1c1a
203053911724500,0,17,117f677ff7fc1c1a
203053911729700,0,17,117f677ff7fc1c1a
203053911735200,0,17,117f677ff7fc1c1a
203053911740400,0,17,117f677ff7fc1c1a
203053911746000,0,17,117f677ff7fc1c1a
203053911751400,0,17,117f677ff7fc1c1a
203053911757000,0,17,117f677ff7fb1c1a
203053911762600,0,17,117f677ff7fb1c1a
203053911768000,0,17,117f677ff7fb1c1a
203053911774900,0,17,117f677ff7fc1c1a
203053911781300,0,17,117f678007fc1c1a
203053911786700,0,17,117f677fe7fc1c1a
203054020826400,0,17,117f677ff7fc1c1a
203054020926800,0,17,117f677ff7fc1c1a
203054020940500,0,17,117f677ff7fc1c1a
203054020947400,0,17,117f677ff7fc1c1a
203054020956700,0,17,117f677ff7fc1c1a
203054020965300,0,17,117f677ff7fc1c1a
203054020980500,0,17,117f677ff7fc1c1a
203054020987900,0,17,117f677ff7fc1c1a
203054020993900,0,17,117f677ff7fc1c1a
203054021002600,0,17,117f677ff7fc1c1a
203054021053000,0,17,117f677ff7fc1c1a
203054021061700,0,17,117f677ff7fc1c1a
203054021067700,0,17,117f677ff7fc1c1a
203054021073200,0,17,117f677ff7fc1c1a
203054021079100,0,17,117f677ff7fb1c1a
203054021085800,0,17,117f677fe7fb1c1a
203054021091400,0,17,117f677fe7fb1c1a
203054021125900,0,17,117f677ff7fb1c1a
203054021143300,0,17,117f677ff7fb1c1a
203054021149900,0,17,117f677ff7fb1c1a
203054021155500,0,17,117f678007fb1c1a
203054021160900,0,17,117f678007fb1c1a
203054021166200,0,17,117f677ff7fc1c1a
203054021171900,0,17,117f677ff7fc1c1a
203054021177300,0,17,117f677ff7fc1c1a
203054021182900,0,17,117f677ff7fc1c1a
203054021188100,0,17,117f677ff7fc1c1a
203054021197900,0,17,117f677ff7fc1c1a
203054021203500,0,17,117f677ff7fc1c1a
203054021208800,0,17,117f677ff7fc1c1a
203054021214200,0,17,117f677ff7fc1c1a
203054021219500,0,17,117f677ff7fc1c1a
203054021224800,0,17,117f677ff7fc1c1a
203054021230300,0,17,117f677ff7fc1c1a
203054021235800,0,17,117f677ff7fc1c1a
203054021241300,0,17,117f677ff7fc1c1a
203054021246900,0,17,117f677ff7fc1c1a
203054021252400,0,17,117f677ff7fc1c1a
203054021257700,0,17,117f677ff7fc1c1a
203054021263200,0,17,117f677ff7fc1c1a
203054021268900,0,17,117f677ff7fc1c1a
203054021274500,0,17,117f677ff7fc1c1a
203054021279900,0,17,117f677ff7fc1c1a
203054021285300,0,17,117f677ff7fc1c1a
203054021290700,0,17,117f677ff7fc1c1a
203054021296100,0,17,117f677ff7fc1c1a
203054021301500,0,17,117f677fe7fc1c1a
203054021306900,0,17,117f677ff7fc1c1a
203054021313300,0,17,117f677ff7fb1c1a
203054021318800,0,17,117f677ff7fb1c1a
203054021324300,0,17,117f677ff7fb1c1a
203054021329800,0,17,117f677ff7fc1c1a
203054021335200,0,17,117f677ff7fc1c1a
203054021340900,0,17,117f677ff7fb1c1a
203054021346400,0,17,117f677ff7fc1c1a
203054021351700,0,17,117f677ff7fc1c1a
203054021357200,0,17,117f677ff7fb1c1a
203054021364200,0,17,117f678007fc1c1a
203054021369700,0,17,117f677ff7fc1c1a
203054021375300,0,17,117f677ff7fc1c1a
203054021380700,0,17,117f677ff7fc1c1a
203054021386800,0,17,117f687ff7fc1c1a
203054021392300,0,17,117f677ff7fc1c1a
203054021397800,0,17,117f677ff7fc1c1a
203054021403400,0,17,117f677ff7fc1c1a
203054021409100,0,17,117f677ff7fc1c1a
203054021414800,0,17,117f677ff7fc1c1a
203054021420300,0,17,117f677ff7fc1c1a
203054021425800,0,17,117f677ff7fc1c1a
203054021431500,0,17,117f688007fc1c1a
203054021436900,0,17,117f677ff7fb1c1a
203054021442300,0,17,117f677ff7fb1c1a
203054021448000,0,17,117f677ff7fb1c1a
203054021453500,0,17,117f677ff7fb1c1a
203054021458900,0,17,117f677ff7fb1c1a
203054021464400,0,17,117f677ff7fb1c1a
203054021469800,0,17,117f687fe7fb1c1a
203054021475100,0,17,117f677ff7fc1c1a
203054021480500,0,17,117f687ff7fc1c1a
203054021486300,0,17,117f677ff7fb1c1a
203054021491800,0,17,117f677ff7fb1c1a
203054021497200,0,17,117f677ff7fc1c1a
203054021503000,0,17,117f677ff7fc1c1a
203054021508500,0,17,117f677fe7fc1c1a
203054021513800,0,17,117f677ff7fc1c1a
203054021519100,0,17,117f677ff7fc1c1a
203054021524500,0,17,117f677ff7fc1c1a
203054021530000,0,17,117f677ff7fc1c1a
203054021535400,0,17,117f677ff7fc1c1a
203054021541100,0,17,117f677ff7fb1c1a
203054021546400,0,17,117f677ff7fb1c1a
203054021551700,0,17,117f677ff7fc1c1a
203054021557100,0,17,117f677ff7fc1c1a
203054021562500,0,17,117f677ff7fc1c1a
203054021567900,0,17,117f677ff7fc1c1a
203054021573200,0,17,117f677ff7fc1c1a
203054021578500,0,17,117f677ff7fc1c1a
203054021584100,0,17,117f677ff7fc1c1a
203054021589400,0,17,117f677ff7fc1c1a
203054021594900,0,17,117f677ff7fc1c1a
203054021601700,0,17,117f677ff7fc1c1a
203054021611400,0,17,117f677ff7fc1c1a
203054021616500,0,17,117f677ff7fc1c1a
203054021632700,0,17,117f677ff7fc1c1a
203054021649000,0,17,117f687ff7fc1c1a
203054021658100,0,17,117f677ff7fc1c1a
203054021666200,0,17,117f677ff7fc1c1a
203054021672300,0,17,117f677ff7fc1c1a
203054021677800,0,17,117f677ff7fc1c1a
203054021683000,0,17,117f677ff7fc1c1a
203054130362600,0,17,117f677ff7fc1c1a
203054130392700,0,17,117f677ff7fc1c1a
203054130400400,0,17,117f677ff7fc1c1a
203054130408700,0,17,117f677ff7fc1c1a
203054130414500,0,17,117f677ff7fc1c1a
203054130420400,0,17,117f677ff7fc1c1a
203054130425900,0,17,117f678007fc1c1a
203054130431800,0,17,117f677ff7fc1c1a
203054130437200,0,17,117f677ff7fc1c1a
203054130443300,0,17,117f677ff7fc1c1a
203054130449200,0,17,117f677ff7fb1c1a
203054130455200,0,17,117f677ff7fb1c1a
203054130461000,0,17,117f677ff7fc1c1a
203054130467000,0,17,117f677ff7fc1c1a
203054130474700,0,17,117f677ff7fc1c1a
203054130480300,0,17,117f677ff7fc1c1a
203054130485900,0,17,117f677ff7fc1c1a
203054130491700,0,17,117f677ff7fc1c1a
203054130497500,0,17,117f677ff7fc1c1a
203054130503000,0,17,117f678007fc1c1a
203054130508500,0,17,117f677ff7fc1c1a
203054130514200,0,17,117f677ff7fc1c1a
203054130519800,0,17,117f677fe7fb1c1a
203054130525500,0,17,117f677ff7fb1c1a
203054130531100,0,17,117f677ff7fb1c1a
203054130536600,0,17,117f677ff7fc1c1a
203054130544900,0,17,117f677ff7fc1c1a
203054130550700,0,17,117f677ff7fc1c1a
203054130556400,0,17,117f687ff7fc1c1a
203054130562400,0,17,117f677ff7fc1c1a
203054130567900,0,17,117f677ff7fc1c1a
203054130574300,0,17,117f677ff7fc1c1a
203054130579800,0,17,117f677ff7fc1c1a
203054130585300,0,17,117f677ff7fc1c1a
203054130606700,0,17,117f677ff7fb1c1a
203054130615000,0,17,117f677ff7fb1c1a
203054130620500,0,17,117f677ff7fc1c1a
203054130626500,0,17,117f677ff7fc1c1a
203054130632000,0,17,117f687ff7fc1c1a
203054130637700,0,17,117f677ff7fc1c1a
203054130643400,0,17,117f677ff7fc1c1a
203054130670200,0,17,117f677ff7fc1c1a
203054130687000,0,17,117f677ff7fc1c1a
203054130694000,0,17,117f677ff7fc1c1a
203054130700100,0,17,117f677ff7fc1c1a
203054130705700,0,17,117f677ff7fc1c1a
203054130711200,0,17,117f677ff7fc1c1a
203054130717100,0,17,117f677ff7fc1c1a
203054130723200,0,17,117f677ff7fc1c1a
203054130729800,0,17,117f677ff7fc1c1a
203054130736400,0,17,117f677ff7fc1c1a
203054130744300,0,17,117f687ff7fc1c1a
203054130750000,0,17,117f677ff7fc1c1a
203054130755700,0,17,117f677ff7fc1c1a
203054130761300,0,17,117f677ff7fc1c1a
203054130767000,0,17,117f677ff7fc1c1a
203054130772600,0,17,117f677ff7fc1c1a
203054130778200,0,17,117f677ff7fc1c1a
203054130783800,0,17,117f677ff7fc1c1a
203054130790700,0,17,117f677ff7fc1c1a
203054130796200,0,17,117f677ff7fc1c1a
203054130801800,0,17,117f677ff7fb1c1a
203054130807200,0,17,117f688007fb1c1a
203054130812700,0,17,117f678007fb1c1a
203054130818200,0,17,117f677ff7fb1c1a
203054130823800,0,17,117f678007fb1c1a
203054130829600,0,17,117f677fe7fb1c1a
203054130837000,0,17,117f677ff7fb1c1a
203054130842700,0,17,117f677ff7fb1c1a
203054130848300,0,17,117f677ff7fb1c1a
203054130853800,0,17,117f677ff7fc1c1a
203054130859700,0,17,117f677ff7fc1c1a
203054130865200,0,17,117f677ff7fc1c1a
203054130871200,0,17,117f677ff7fc1c1a
203054130876700,0,17,117f677ff7fc1c1a
203054130883400,0,17,117f677ff7fb1c1a
203054130889100,0,17,117f677ff7fb1c1a
203054130895000,0,17,117f677ff7fc1c1a
203054130901700,0,17,117f677ff7fc1c1a
203054130907800,0,17,117f677ff7fc1c1a
203054130913500,0,17,117f677ff7fc1c1a
203054130919100,0,17,117f677ff7fc1c1a
203054130925600,0,17,117f677ff7fc1c1a
203054130931100,0,17,117f677ff7fd1c1a
203054130936500,0,17,117f677ff7fc1c1a
203054130941900,0,17,117f677ff7fc1c1a
203054130947300,0,17,117f677ff7fc1c1a
203054130952900,0,17,117f677ff7fc1c1a
203054130958600,0,17,117f677ff7fc1c1a
203054130964300,0,17,117f677ff7fc1c1a
203054130970000,0,17,117f677ff7fc1c1a
203054130975700,0,17,117f677ff7fc1c1a
203054130981100,0,17,117f677ff7fc1c1a
203054130986500,0,17,117f677ff7fc1c1a
203054130992100,0,17,117f677ff7fc1c1a
203054130997700,0,17,117f677ff7fc1c1a
203054131003200,0,17,117f677ff7fb1c1a
203054131008700,0,17,117f688007fb1c1a
203054131014100,0,17,117f678007fb1c1a
203054131019600,0,17,117f677ff7fb1c1a
203054131025300,0,17,117f677ff7fb1c1a
203054131030800,0,17,117f677fe7fb1c1a
203054131036300,0,17,117f677ff7fb1c1a
203054131042000,0,17,117f677ff7fb1c1a
203054131047900,0,17,117f677ff7fb1c1a
203054131053600,0,17,117f677ff7fc1c1a
203054131059500,0,17,117f677ff7fc1c1a
203054131065100,0,17,117f677ff7fc1c1a
203054239798300,0,17,117f677ff7fb1c1a
203054239833100,0,17,117f688007fc1c1a
203054239850900,0,17,117f688007fc1c1a
203054239858200,0,17,117f678007fc1c1a
203054239864000,0,17,117f677ff7fb1c1a
203054239870200,0,17,117f677ff7fc1c1a
203054239876300,0,17,117f677ff7fc1c1a
203054239884300,0,17,117f677ff7fc1c1a
203054239893400,0,17,117f677ff7fb1c1a
203054239899700,0,17,117f678007fc1c1a
203054239905300,0,17,117f677ff7fc1c1a
203054239910700,0,17,117f677ff7fc1c1a
203054239916500,0,17,117f677ff7fc1c1a
203054239922000,0,17,117f677ff7fc1c1a
203054239928100,0,17,117f677ff7fc1c1a
203054239935300,0,17,117f677ff7fc1c1a
203054239941100,0,17,117f677ff7fc1c1a
203054239947200,0,17,117f677ff7fc1c1a
203054239953000,0,17,117f677ff7fc1c1a
203054239958800,0,17,117f677ff7fc1c1a
203054239964800,0,17,117f677ff7fc1c1a
203054239970400,0,17,117f677ff7fb1c1a
203054239976100,0,17,117f677ff7fc1c1a
203054239985800,0,17,117f677ff7fc1c1a
203054239992700,0,17,117f677ff7fc1c1a
203054239999200,0,17,117f677ff7fb1c1a
203054240005500,0,17,117f677ff7fb1c1a
203054240011900,0,17,117f677ff7fb1c1a
203054240017700,0,17,117f677ff7fb1c1a
203054240023400,0,17,117f677ff7fb1c1a
203054240029000,0,17,117f677ff7fb1c1a
203054240036400,0,17,117f677fe7fb1c1a
203054240041900,0,17,117f677fe7fb1c1a
203054240047500,0,17,117f677fe7fb1c1a
203054240054000,0,17,117f678007fc1c1a
203054240060700,0,17,117f677ff7fc1c1a
203054240066500,0,17,117f688007fc1c1a
203054240072200,0,17,117f678007fc1c1a
203054240078000,0,17,117f677ff7fb1c1a
203054240083600,0,17,117f677fe7fb1c1a
203054240089000,0,17,117f677ff7fb1c1a
203054240094900,0,17,117f677ff7fc1c1a
203054240100600,0,17,117f677ff7fc1c1a
203054240106200,0,17,117f677ff7fc1c1a
203054240111700,0,17,117f688007fb1c1a
203054240117200,0,17,117f677ff7fb1c1a
203054240123300,0,17,117f677ff7fb1c1a
203054240129500,0,17,117f677ff7fb1c1a
203054240135100,0,17,117f677ff7fb1c1a
203054240140800,0,17,117f677ff7fb1c1a
203054240146200,0,17,117f677ff7fb1c1a
203054240151600,0,17,117f677ff7fb1c1a
203054240157100,0,17,117f677ff7fb1c1a
203054240162900,0,17,117f677ff7fb1c1a
203054240168500,0,17,117f677ff7fb1c1a
203054240174000,0,17,117f677fe7fb1c1a
203054240179800,0,17,117f677ff7fb1c1a
203054240185300,0,17,117f677ff7fb1c1a
203054240191200,0,17,117f677ff7fb1c1a
203054240196700,0,17,117f677ff7fb1c1a
203054240202200,0,17,117f677ff7fc1c1a
203054240207900,0,17,117f677ff7fb1c1a
203054240213300,0,17,117f677ff7fc1c1a
203054240218900,0,17,117f677ff7fc1c1a
203054240224400,0,17,117f677ff7fb1c1a
203054240229900,0,17,117f677ff7fb1c1a
203054240235300,0,17,117f677ff7fb1c1a
203054240240700,0,17,117f677fe7fb1c1a
203054240246100,0,17,117f677ff7fc1c1a
203054240251500,0,17,117f677ff7fc1c1a
203054240256900,0,17,117f677ff7fc1c1a
203054240262500,0,17,117f687ff7fb1c1a
203054240268000,0,17,117f677ff7fb1c1a
203054240273800,0,17,117f677ff7fb1c1a
203054240279800,0,17,117f677ff7fb1c1a
203054240285700,0,17,117f677ff7fb1c1a
203054240291400,0,17,117f687ff7fb1c1a
203054240297000,0,17,117f677ff7fb1c1a
203054240302700,0,17,117f677ff7fb1c1a
203054240308500,0,17,117f677ff7fb1c1a
203054240314100,0,17,117f677ff7fb1c1a
203054240319600,0,17,117f677ff7fb1c1a
203054240325300,0,17,117f677ff7fb1c1a
203054240331000,0,17,117f677ff7fb1c1a
203054240336500,0,17,117f677fe7fb1c1a
203054240342000,0,17,117f677fe7fb1c1a
203054240348900,0,17,117f677fe7fb1c1a
203054240354600,0,17,117f677ff7fb1c1a
203054240369800,0,17,117f677ff7fb1c1a
203054240383900,0,17,117f687ff7fb1c1a
203054240393300,0,17,117f677ff7fb1c1a
203054240402000,0,17,117f677fe7fc1c1a
203054240408900,0,17,117f677ff7fc1c1a
203054240414600,0,17,117f677ff7fc1c1a
203054240420300,0,17,117f677fe7fc1c1a
203054240428300,0,17,117f677ff7fc1c1a
203054240442700,0,17,117f677ff7fc1c1a
203054240449500,0,17,117f677ff7fc1c1a
203054240456000,0,17,117f677ff7fc1c1a
203054240461600,0,17,117f677fe7fc1c1a
203054240467100,0,17,117f677ff7fc1c1a
203054240472500,0,17,117f678007fc1c1a
203054240478100,0,17,117f688007fc1c1a
203054240483900,0,17,117f688007fc1c1a
203054240489400,0,17,117f677ff7fc1c1a
203054240495000,0,17,117f678007fb1c1a
203054240501000,0,17,117f677ff7fb1c1a
203054240506900,0,17,117f677fe7fb1c1a
203054240512800,0,17,117f677fe7fb1c1a
203054240518300,0,17,117f677ff7fb1c1a
203054240523900,0,17,117f677ff7fc1c1a
203054349759400,0,17,117f677ff7fc1c1a
203054349814300,0,17,117f677ff7fb1c1a
203054349825300,0,17,117f687ff7fc1c1a
203054349842800,0,17,117f677ff7fc1c1a
203054349863300,0,17,117f677ff7fc1c1a
203054349876900,0,17,117f677ff7fc1c1a
203054349885900,0,17,117f677ff7fb1c1a
203054349894700,0,17,117f677ff7fb1c1a
203054349903400,0,17,117f687ff7fc1c1a
203054349911600,0,17,117f677ff7fb1c1a
203054349920300,0,17,117f677ff7fb1c1a
203054349929100,0,17,117f677ff7fb1c1a
203054349937800,0,17,117f677ff7fc1c1a
203054349946200,0,17,117f677ff7fc1c1a
203054349952700,0,17,117f677ff7fc1c1a
203054349958900,0,17,117f677ff7fc1c1a
203054349965700,0,17,117f677ff7fc1c1a
203054349970900,0,17,117f677ff7fc1c1a
203054349976400,0,17,117f677ff7fc1c1a
203054349983400,0,17,117f677ff7fc1c1a
203054349988700,0,17,117f677ff7fc1c1a
203054349994100,0,17,117f677ff7fc1c1a
203054349999700,0,17,117f677ff7fc1c1a
203054350019700,0,17,117f677ff7fc1c1a
203054350025500,0,17,117f677ff7fc1c1a
203054350033500,0,17,117f677ff7fc1c1a
203054350051900,0,17,117f677ff7fb1c1a
203054350058700,0,17,117f677ff7fc1c1a
203054350064300,0,17,117f687ff7fc1c1a
203054350069800,0,17,117f687ff7fc1c1a
203054350075300,0,17,117f678007fc1c1a
203054350080900,0,17,117f677ff7fb1c1a
203054350086700,0,17,117f677ff7fb1c1a
203054350092000,0,17,117f677ff7fb1c1a
203054350097600,0,17,117f677ff7fb1c1a
203054350103000,0,17,117f677fe7fb1c1a
203054350108600,0,17,117f677ff7fb1c1a
203054350118600,0,17,117f677ff7fb1c1a
203054350127300,0,17,117f677ff7fb1c1a
203054350133600,0,17,117f677ff7fb1c1a
203054350151100,0,17,117f677fe7fb1c1a
203054350156500,0,17,117f677ff7fb1c1a
203054350161900,0,17,117f677ff7fb1c1a
203054350167400,0,17,117f677ff7fc1c1a
203054350172700,0,17,117f677ff7fc1c1a
203054350178100,0,17,117f677ff7fc1c1a
203054350183500,0,17,117f677ff7fc1c1a
203054350188900,0,17,117f677ff7fc1c1a
203054350197800,0,17,117f677ff7fc1c1a
203054350203300,0,17,117f677ff7fc1c1a
203054350208600,0,17,117f677ff7fc1c1a
203054350214000,0,17,117f677ff7fc1c1a
203054350219300,0,17,117f677ff7fc1c1a
203054350224500,0,17,117f677ff7fc1c1a
203054350229800,0,17,117f677ff7fc1c1a
203054350235800,0,17,117f677ff7fc1c1a
203054350241100,0,17,117f688007fc1c1a
203054350246400,0,17,117f677ff7fc1c1a
203054350251900,0,17,117f677ff7fc1c1a
203054350257200,0,17,117f677ff7fc1c1a
203054350262600,0,17,117f677ff7fc1c1a
203054350267900,0,17,117f677ff7fc1c1a
203054350273300,0,17,117f677ff7fb1c1a
203054350290500,0,17,117f677ff7fb1c1a
203054350295900,0,17,117f677ff7fb1c1a
203054350301300,0,17,117f677ff7fb1c1a
203054350306700,0,17,117f677ff7fb1c1a
203054350312000,0,17,117f677ff7fb1c1a
203054350317400,0,17,117f677ff7fb1c1a
203054350322700,0,17,117f677ff7fb1c1a
203054350328100,0,17,117f677ff7fb1c1a
203054350336200,0,17,117f677ff7fb1c1a
203054350341700,0,17,117f677ff7fb1c1a
203054350347000,0,17,117f677ff7fb1c1a
203054350352300,0,17,117f677ff7fb1c1a
203054350357500,0,17,117f677ff7fc1c1a
203054350362900,0,17,117f677ff7fc1c1a
203054350368300,0,17,117f677ff7fc1c1a
203054350373500,0,17,117f677ff7fc1c1a
203054350379900,0,17,117f677ff7fc1c1a
203054350385200,0,17,117f677ff7fc1c1a
203054350390500,0,17,117f677ff7fc1c1a
203054350395900,0,17,117f677ff7fb1c1a
203054350401300,0,17,117f677ff7fb1c1a
203054350407600,0,17,117f677ff7fb1c1a
203054350413000,0,17,117f677ff7fb1c1a
203054350418400,0,17,117f677ff7fb1c1a
203054350423800,0,17,117f677ff7fb1c1a
203054350431800,0,17,117f677ff7fb1c1a
203054350437000,0,17,117f677ff7fb1c1a
203054350442400,0,17,117f677ff7fb1c1a
203054350447600,0,17,117f677ff7fb1c1a
203054350453000,0,17,117f677fe7fb1c1a
203054350458500,0,17,117f677ff7fb1c1a
203054350464000,0,17,117f677ff7fc1c1a
203054350469500,0,17,117f677ff7fc1c1a
203054350474900,0,17,117f677ff7fb1c1a
203054350480300,0,17,117f677ff7fb1c1a
203054350485800,0,17,117f677ff7fb1c1a
203054350491200,0,17,117f677fe7fb1c1a
203054350496800,0,17,117f677ff7fb1c1a
203054350502200,0,17,117f677ff7fb1c1a
203054350507800,0,17,117f677ff7fb1c1a
203054350513300,0,17,117f677ff7fb1c1a
203054350531500,0,17,117f677ff7fb1c1a
203054350536800,0,17,117f677ff7fc1c1a
203054350542000,0,17,117f677ff7fc1c1a
203054350547300,0,17,117f677ff7fc1c1a
203054350552900,0,17,117f678007fc1c1a
203054350558300,0,17,117f687ff7fb1c1a
203054462208200,0,17,117f677ff7fb1c1a
203054462258100,0,17,117f677ff7fb1c1a
203054462274500,0,17,117f677fe7fb1c1a
203054462284500,0,17,117f677fe7fb1c1a
203054462293300,0,17,117f677ff7fb1c1a
203054462302200,0,17,117f678007fc1c1a
203054462310900,0,17,117f678007fc1c1a
203054462317500,0,17,117f677fe7fc1c1a
203054462324100,0,17,117f677ff7fc1c1a
203054462330100,0,17,117f677ff7fc1c1a
203054462335900,0,17,117f677ff7fc1c1a
203054462342200,0,17,117f677ff7fb1c1a
203054462347500,0,17,117f677ff7fc1c1a
203054462353000,0,17,117f677ff7fb1c1a
203054462358900,0,17,117f677ff7fb1c1a
203054462367100,0,17,117f677ff7fb1c1a
203054462375700,0,17,117f677ff7fb1c1a
203054462394700,0,17,117f677ff7fb1c1a
203054462402000,0,17,117f677ff7fb1c1a
203054462407900,0,17,117f677ff7fb1c1a
203054462414000,0,17,117f677ff7fc1c1a
203054462419700,0,17,117f677ff7fc1c1a
203054462427600,0,17,117f687ff7fc1c1a
203054462436100,0,17,117f677ff7fc1c1a
203054462444500,0,17,117f677ff7fb1c1a
203054462452800,0,17,117f677ff8011c1a
203054462461200,0,17,117f677ff8071c1a
203054462467500,0,17,117f688008111c1a
203054462473200,0,17,117f6880181a1c1a
203054462478800,0,17,117f6980381f1c1a
203054462484400,0,17,117f6a8058241c1a
203054462490000,0,17,117f6d8098251c1a
203054462495800,0,17,117f6f80e8261c1a
203054462503600,0,17,117f7080e8251c1a
203054462512600,0,17,117f7080a8241c1a
203054462519100,0,17,117f708058241c1a
203054462524900,0,17,117f708058241c1a
203054462530800,0,17,117f708038251c1a
203054462536500,0,17,117f708028261c1a
203054462542100,0,17,117f718038261c1a
203054462547800,0,17,117f728048281c1a
203054462553500,0,17,117f728058291c1a
203054462559900,0,17,117f7380482b1c1a
203054462566000,0,17,117f7380282c1c1a
203054462571900,0,17,117f7380282d1c1a
203054462577800,0,17,117f7480382e1c1a
203054462583600,0,17,117f7480382e1c1a
203054462589900,0,17,117f7580382e1c1a
203054462595500,0,17,117f7680682e1c1a
203054462601400,0,17,117f7680682c1c1a
203054462607200,0,17,117f7880882a1c1a
203054462612600,0,17,117f7980a8251c1a
203054462618000,0,17,117f7a80a8201c1a
203054462623400,0,17,117f7b80b81e1c1a
203054462629000,0,17,117f7c80981a1c1a
203054462634400,0,17,117f7d8098181c1a
203054462639900,0,17,117f7d8068161c1a
203054462645200,0,17,117f7d8068161c1a
203054462650500,0,17,117f7e8068151c1a
203054462656200,0,17,117f7e8058161c1a
203054462661800,0,17,117f7f8058171c1a
203054462667300,0,17,117f808068171c1a
203054462673000,0,17,117f818078171c1a
203054462678500,0,17,117f828098151c1a
203054462684000,0,17,117f8480b8131c1a
203054462689500,0,17,117f8580c80f1c1a
203054462695100,0,17,117f8780c80c1c1a
203054462700600,0,17,117f8880b8071c1a
203054462706000,0,17,117f888098051c1a
203054462711400,0,17,117f888098051c1a
203054462716800,0,17,117f898068061c1a
203054462722400,0,17,117f898048081c1a
203054462728900,0,17,117f898058091c1a
203054462736100,0,17,117f8980380c1c1a
203054462741800,0,17,117f8980280d1c1a
203054462747500,0,17,117f8a8018101c1a
203054462753000,0,17,117f8a8018131c1a
203054462758400,0,17,117f8a8028131c1a
203054462766200,0,17,117f8c8058131c1a
203054576663900,0,17,117f8d8078121c1a
203054576702200,0,17,117f8e80a80e1c1a
203054576714000,0,17,117f9180c80c1c1a
203054576724300,0,17,117f9280c8051c1a
203054576733800,0,17,117f9280b7ff1c1a
203054576741900,0,17,117f9380a7fd1c1a
203054576760800,0,17,117f948097fb1c1a
203054576770200,0,17,117f948087fa1c1a
203054576777000,0,17,117f948047fb1c1a
203054576782900,0,17,117f948027ff1c1a
203054576789000,0,17,117f948028001c1a
203054576794500,0,17,117f958028031c1a
203054576800100,0,17,117f968058041c1a
203054576808000,0,17,117f978068041c1a
203054576817200,0,17,117f988078031c1a
203054576823500,0,17,117f998098011c1a
203054576829200,0,17,117f9a8097ff1c1a
203054576834800,0,17,117f9b8077fd1c1a
203054576840500,0,17,117f9b8077fb1c1a
203054576846100,0,17,117f9c8057fa1c1a
203054576851600,0,17,117f9c8067f91c1a
203054576859900,0,17,117f9c8057f81c1a
203054576869000,0,17,117f9d8047f91c1a
203054576875400,0,17,117f9d8037fa1c1a
203054576881100,0,17,117f9d8027fd1c1a
203054576886700,0,17,117f9e8037fe1c1a
203054576892600,0,17,117f9e8038001c1a
203054576898300,0,17,117f9e8028011c1a
203054576903900,0,17,117f9e8028021c1a
203054576909400,0,17,117f9f8028031c1a
203054576915100,0,17,117f9f8038031c1a
203054576920800,0,17,117f9f8028041c1a
203054576926300,0,17,117f9f8028041c1a
203054576931700,0,17,117fa08028051c1a
203054576937200,0,17,117fa08028051c1a
203054576942900,0,17,117fa08018051c1a
203054576948400,0,17,117fa08018061c1a
203054576954100,0,17,117fa08008071c1a
203054576959600,0,17,117fa08018081c1a
203054576965100,0,17,117fa18018081c1a
203054576970600,0,17,117fa18008091c1a
203054576975900,0,17,117fa080080a1c1a
203054576981500,0,17,117fa07ff80c1c1a
203054576988500,0,17,117fa07ff80d1c1a
203054576994200,0,17,117fa180080e1c1a
203054576999700,0,17,117fa180080f1c1a
203054577005000,0,17,117fa07ff80f1c1a
203054577010400,0,17,117fa07fd80f1c1a
203054577015800,0,17,117fa07fe8101c1a
203054577021200,0,17,117fa07ff8111c1a
203054577026400,0,17,117fa07fe8121c1a
203054577032300,0,17,117fa07ff8121c1a
203054577037700,0,17,117fa07ff8131c1a
203054577043100,0,17,117fa07ff8141c1a
203054577048800,0,17,117fa07fe8131c1a
203054577054200,0,17,117fa07ff8141c1a
203054577059600,0,17,117fa07fe8141c1a
203054577065800,0,17,117fa07fe8141c1a
203054577071200,0,17,117fa08018131c1a
203054577076900,0,17,117fa08008121c1a
203054577082500,0,17,117fa07ff8121c1a
203054577087900,0,17,117fa07ff8121c1a
203054577093700,0,17,117fa07ff8121c1a
203054577099200,0,17,117fa07ff8131c1a
203054577104500,0,17,117fa07ff8131c1a
203054577110000,0,17,117fa07ff8131c1a
203054577115400,0,17,117fa07ff8131c1a
203054577120900,0,17,117fa07ff8131c1a
203054577126300,0,17,117fa07ff8131c1a
203054577131900,0,17,117fa07ff8131c1a
203054689970400,0,17,117fa07ff8131c1a
203054690030800,0,17,117fa07ff8131c1a
203054690038800,0,17,117fa07ff8131c1a
203054690044800,0,17,117fa08008131c1a
203054690050500,0,17,117fa07ff8121c1a
203054690056100,0,17,117fa07fe8121c1a
203054690061800,0,17,117fa07ff8131c1a
203054690067300,0,17,117fa07ff8131c1a
203054690073100,0,17,117fa08008131c1a
203054690078600,0,17,117fa08008131c1a
203054690084000,0,17,117fa07fe8121c1a
203054690089700,0,17,117fa07fe8131c1a
203054690095200,0,17,117fa07ff8131c1a
203054690102100,0,17,117fa08008131c1a
203054690107600,0,17,117fa07fe8121c1a
203054690114900,0,17,117fa07ff8121c1a
203054690120900,0,17,117fa08008131c1a
203054690126500,0,17,117fa07ff8121c1a
203054690132000,0,17,117fa08008121c1a
203054690137600,0,17,117fa07ff8121c1a
203054690143500,0,17,117fa08008131c1a
203054690149100,0,17,117fa07fe8131c1a
203054690154500,0,17,117fa07ff8131c1a
203054690159900,0,17,117fa07ff8131c1a
203054690165300,0,17,117fa18008131c1a
203054690170700,0,17,117fa07ff8131c1a
203054690176200,0,17,117fa07ff8131c1a
203054690181800,0,17,117fa08008131c1a
203054690187500,0,17,117fa08008131c1a
203054690193700,0,17,117fa07ff8131c1a
203054690199100,0,17,117fa07ff8121c1a
203054690210400,0,17,117fa07ff8121c1a
203054690218600,0,17,117fa07fe8121c1a
203054690226700,0,17,117fa07fe8121c1a
203054690257000,0,17,117fa07ff8131c1a
203054690265900,0,17,117fa08008131c1a
203054690274500,0,17,117fa08008121c1a
203054690280700,0,17,117fa07ff8121c1a
203054690286400,0,17,117fa07fe8131c1a
203054690292000,0,17,117fa07ff8131c1a
203054690297400,0,17,117fa07ff8131c1a
203054690306900,0,17,117fa07ff8131c1a
203054690312100,0,17,117fa08008121c1a
203054690317600,0,17,117fa08008131c1a
203054690323300,0,17,117fa07ff8131c1a
203054690328900,0,17,117fa07ff8121c1a
203054690334500,0,17,117fa07fe8111c1a
203054690340000,0,17,117fa07ff8121c1a
203054690345600,0,17,117fa07ff8121c1a
203054690351000,0,17,117fa07fe8121c1a
203054690356300,0,17,117fa07ff8131c1a
203054690362500,0,17,117fa08008131c1a
203054690367900,0,17,117fa08008131c1a
203054690373400,0,17,117fa07ff8131c1a
203054690378800,0,17,117fa07ff8131c1a
203054690384100,0,17,117fa07ff8121c1a
203054690389600,0,17,117fa07ff8121c1a
203054690397600,0,17,117fa07ff8121c1a
203054690403100,0,17,117fa07ff8121c1a
203054690408500,0,17,117fa07ff8121c1a
203054690413900,0,17,117fa07ff8121c1a
203054690419500,0,17,117fa07fe8121c1a
203054690425000,0,17,117fa07ff8121c1a
203054690430400,0,17,117fa08008131c1a
203054690435700,0,17,117fa07ff8131c1a
203054690441500,0,17,117fa07ff8131c1a
203054690446800,0,17,117fa07ff8131c1a
203054690452400,0,17,117fa07ff8121c1a
203054690457700,0,17,117fa07fe8121c1a
203054802341200,0,17,117fa07fe8121c1a
203054802370000,0,17,117fa08008131c1a
203054802377500,0,17,117fa07fe8131c1a
203054802383400,0,17,117fa07ff8131c1a
203054802389500,0,17,117fa08008131c1a
203054802423300,0,17,117fa07ff8131c1a
203054802445900,0,17,117fa08008131c1a
203054802453300,0,17,117fa07ff8131c1a
203054802460700,0,17,117fa07fe8131c1a
203054802466500,0,17,117fa07ff8141c1a
203054802472700,0,17,117fa08008131c1a
203054802478700,0,17,117fa07fe8131c1a
203054802485300,0,17,117fa08008131c1a
203054802492000,0,17,117fa07fe8131c1a
203054802498800,0,17,117fa07ff8131c1a
203054802504300,0,17,117fa08008131c1a
203054802509800,0,17,117fa07ff8121c1a
203054802515400,0,17,117fa07ff8121c1a
203054802520900,0,17,117fa07ff8121c1a
203054802526600,0,17,117fa07fe8121c1a
203054802532600,0,17,117fa07fe8121c1a
203054802538700,0,17,117fa07ff8121c1a
203054802578900,0,17,117fa08008131c1a
203054802589100,0,17,117fa07ff8131c1a
203054802596800,0,17,117fa07ff8121c1a
203054802602600,0,17,117fa07fe8121c1a
203054802608100,0,17,117fa08008121c1a
203054802613400,0,17,117fa07ff8131c1a
203054802619100,0,17,117fa07ff8121c1a
203054802624700,0,17,117fa08008121c1a
203054802631300,0,17,117fa07ff8121c1a
203054802636900,0,17,117fa07ff8121c1a
203054802642700,0,17,117fa07ff8121c1a
203054802648100,0,17,117fa07fe8121c1a
203054802653500,0,17,117fa07fe8121c1a
203054802659100,0,17,117fa07ff8131c1a
203054802665700,0,17,117fa07ff8131c1a
203054802671300,0,17,117fa07ff8121c1a
203054802676700,0,17,117fa07ff8121c1a
203054802682400,0,17,117fa07ff8121c1a
203054802688300,0,17,117fa07fe8131c1a
203054802693900,0,17,117fa07ff8131c1a
203054802699400,0,17,117fa07ff8141c1a
203054802705000,0,17,117fa07ff8131c1a
203054802710300,0,17,117fa08008141c1a
203054802715800,0,17,117fa07fe8131c1a
203054802722000,0,17,117fa07ff8131c1a
203054802727600,0,17,117fa08008131c1a
203054802735800,0,17,117fa07ff8121c1a
203054802741700,0,17,117fa07ff8131c1a
203054802747300,0,17,117fa08008131c1a
203054802752600,0,17,117fa07fe8121c1a
203054802758000,0,17,117fa07ff8121c1a
203054802763400,0,17,117fa07fe8121c1a
203054802768700,0,17,117fa08018131c1a
203054802774300,0,17,117fa08008121c1a
203054802780000,0,17,117fa07ff8121c1a
203054802785400,0,17,117fa07ff8131c1a
203054802792200,0,17,117fa07ff8121c1a
203054802797800,0,17,117fa07ff8121c1a
203054802803100,0,17,117fa07ff8121c1a
203054802808600,0,17,117fa07ff8121c1a
203054802814500,0,17,117fa07fe8121c1a
203054802820100,0,17,117fa07ff8131c1a
203054802825600,0,17,117fa08008131c1a
203054802831000,0,17,117fa07ff8121c1a
203054802836400,0,17,117fa07fe8131c1a
203054802841900,0,17,117fa07ff8131c1a
203054915584900,0,17,117fa08008131c1a
203054915618500,0,17,117fa07ff8131c1a
203054915627500,0,17,117fa08008121c1a
203054915633700,0,17,117fa07ff8121c1a
203054915640200,0,17,117fa07ff8121c1a
203054915645800,0,17,117fa07fe8131c1a
203054915656600,0,17,117fa07ff8131c1a
203054915662500,0,17,117fa07ff8121c1a
203054915668100,0,17,117fa07ff8121c1a
203054915673700,0,17,117fa07ff8121c1a
203054915679300,0,17,117fa08008121c1a
203054915692600,0,17,117fa07ff8121c1a
203054915698100,0,17,117fa07ff8121c1a
203054915703700,0,17,117fa08008121c1a
203054915709400,0,17,117fa07fe8121c1a
203054915715000,0,17,117fa07ff8121c1a
203054915720400,0,17,117fa07ff8131c1a
203054915725900,0,17,117fa07ff8131c1a
203054915731500,0,17,117fa08008131c1a
203054915737100,0,17,117fa07ff8121c1a
203054915742700,0,17,117fa07ff8131c1a
203054915748200,0,17,117fa07ff8131c1a
203054915753500,0,17,117fa08008131c1a
203054915758900,0,17,117fa08008131c1a
203054915764300,0,17,117fa07ff8131c1a
203054915769800,0,17,117fa07ff8131c1a
203054915775100,0,17,117fa07ff8131c1a
203054915780600,0,17,117fa07ff8131c1a
203054915786300,0,17,117fa07ff8131c1a
203054915796400,0,17,117fa07ff8131c1a
203054915802000,0,17,117fa08008131c1a
203054915809000,0,17,117fa08008131c1a
203054915819700,0,17,117fa08008131c1a
203054915825300,0,17,117fa07fe8121c1a
203054915830700,0,17,117fa07fd8121c1a
203054915836000,0,17,117fa08008131c1a
203054915841600,0,17,117fa07ff8131c1a
203054915847000,0,17,117fa07ff8131c1a
203054915852500,0,17,117fa08008131c1a
203054915858000,0,17,117fa08008131c1a
203054915863500,0,17,117fa07fe8121c1a
203054915869800,0,17,117fa07ff8131c1a
203054915875500,0,17,117fa08008131c1a
203054915881100,0,17,117fa07ff8121c1a
203054915886700,0,17,117fa07ff8121c1a
203054915892200,0,17,117fa07ff8131c1a
203054915897900,0,17,117fa07ff8131c1a
203054915903300,0,17,117fa07ff8121c1a
203054915908800,0,17,117fa07ff8121c1a
203054915914300,0,17,117fa07ff8131c1a
203054915919600,0,17,117fa08008131c1a
203054915925100,0,17,117fa07ff8131c1a
203054915930600,0,17,117fa07fe8121c1a
203054915936100,0,17,117fa07ff8131c1a
203054915941500,0,17,117fa07ff8141c1a
203054915946900,0,17,117fa08008141c1a
203054915952300,0,17,117fa07ff8131c1a
203054915957700,0,17,117fa07fe8131c1a
203054915963600,0,17,117fa07fe8131c1a
203054915969000,0,17,117fa07ff8131c1a
203054915974400,0,17,117fa07ff8131c1a
203054915979900,0,17,117fa07ff8131c1a
203054915985500,0,17,117fa07ff8131c1a
203054915991300,0,17,117fa07ff8131c1a
203054915996600,0,17,117fa08008121c1a
203054916001900,0,17,117fa07ff8121c1a
203054916007500,0,17,117fa07fe8121c1a
203054916012900,0,17,117fa07ff8121c1a
203055023807100,0,17,117fa07ff8131c1a
203055023833700,0,17,117fa08008131c1a
203055023868600,0,17,117fa07ff8121c1a
203055023900600,0,17,117fa07ff8121c1a
203055023909200,0,17,117fa07ff8121c1a
203055023915500,0,17,117fa07ff8131c1a
203055023921400,0,17,117fa07ff8131c1a
203055023926800,0,17,117fa07ff8131c1a
203055023940300,0,17,117fa07ff8131c1a
203055023947600,0,17,117fa07ff8131c1a
203055023953800,0,17,117fa07ff8131c1a
203055023959200,0,17,117fa07ff8131c1a
203055023964600,0,17,117fa07ff8131c1a
203055023970200,0,17,117fa07ff8131c1a
203055023988600,0,17,117fa07ff8131c1a
203055023995100,0,17,117fa07ff8131c1a
203055024001600,0,17,117fa07fe8131c1a
203055024007000,0,17,117fa07fe8131c1a
203055024012400,0,17,117fa08008131c1a
203055024017700,0,17,117fa07ff8131c1a
203055024023700,0,17,117fa07ff8131c1a
203055024029400,0,17,117fa07ff8131c1a
203055024034800,0,17,117fa07ff8131c1a
203055024041400,0,17,117fa07fe8131c1a
203055024047400,0,17,117fa07ff8131c1a
203055024052900,0,17,117fa18018131c1a
203055024058400,0,17,117fa07ff8121c1a
203055024064100,0,17,117fa07ff8121c1a
203055024069800,0,17,117fa07ff8121c1a
203055024075100,0,17,117fa07ff8121c1a
203055024080500,0,17,117fa07ff8121c1a
203055024085800,0,17,117fa07ff8121c1a
203055024091400,0,17,117fa07ff8121c1a
203055024096600,0,17,117fa07ff8131c1a
203055024102300,0,17,117fa07fe8131c1a
203055024108000,0,17,117fa07ff8131c1a
203055024113400,0,17,117fa07ff8121c1a
203055024119500,0,17,117fa07ff8121c1a
203055024124900,0,17,117fa08008121c1a
203055024130500,0,17,117fa18008121c1a
203055024135900,0,17,117fa07ff8121c1a
203055024141300,0,17,117fa07fe8121c1a
203055024146600,0,17,117fa08008121c1a
203055024152200,0,17,117fa07ff8121c1a
203055024160000,0,17,117fa07fe8121c1a
203055024165200,0,17,117fa07ff8131c1a
203055024170600,0,17,117fa07fe8121c1a
203055024176200,0,17,117fa07fe8131c1a
203055024181700,0,17,117fa07fe8131c1a
203055024187300,0,17,117fa07ff8131c1a
203055024192800,0,17,117fa07fe8131c1a
203055024198200,0,17,117fa07ff8131c1a
203055024203600,0,17,117fa07ff8131c1a
203055024209000,0,17,117fa07ff8131c1a
203055024214400,0,17,117fa07ff8131c1a
203055024219700,0,17,117fa07fe8131c1a
203055024225200,0,17,117fa07ff8141c1a
203055024230400,0,17,117fa07ff8131c1a
203055024235700,0,17,117fa07ff8141c1a
203055024241100,0,17,117fa07ff8131c1a
203055024246600,0,17,117fa07ff8131c1a
203055024251900,0,17,117fa07ff8131c1a
203055024257200,0,17,117fa07ff8131c1a
203055024262500,0,17,117fa07ff8131c1a
203055024268300,0,17,117fa08008131c1a
203055024273500,0,17,117fa07ff8111c1a
203055135184000,0,17,117fa07ff8121c1a
203055135214300,0,17,117fa07ff8121c1a
203055135222100,0,17,117fa07ff8121c1a
203055135228500,0,17,117fa08008121c1a
203055135236700,0,17,117fa07ff8121c1a
203055135242200,0,17,117fa07fe8121c1a
203055135249400,0,17,117fa07ff8131c1a
203055135254800,0,17,117fa07ff8121c1a
203055135260600,0,17,117fa08008121c1a
203055135266100,0,17,117fa07ff8121c1a
203055135271600,0,17,117fa07ff8121c1a
203055135277200,0,17,117fa07ff8121c1a
203055135282600,0,17,117fa07fe8121c1a
203055135288200,0,17,117fa07ff8121c1a
203055135295000,0,17,117fa07ff8121c1a
203055135300900,0,17,117fa07fe8121c1a
203055135306400,0,17,117fa07ff8131c1a
203055135311900,0,17,117fa07fe8131c1a
203055135317500,0,17,117fa07ff8131c1a
203055135327600,0,17,117fa08008131c1a
203055135336500,0,17,117fa07ff8121c1a
203055135389200,0,17,117fa07fe8121c1a
203055135397200,0,17,117fa07ff8121c1a
203055135403300,0,17,117fa07fe8121c1a
203055135409400,0,17,117fa08008131c1a
203055135414800,0,17,117fa07ff8131c1a
203055135474200,0,17,117fa07ff8121c1a
203055135480100,0,17,117fa07ff8121c1a
203055135485700,0,17,117fa08008121c1a
203055135491300,0,17,117fa07ff8121c1a
203055135497600,0,17,117fa07ff8121c1a
203055135503200,0,17,117fa07ff8131c1a
203055135508700,0,17,117fa07fe8131c1a
203055135514500,0,17,117fa08008131c1a
203055135519900,0,17,117fa07ff8131c1a
203055135526500,0,17,117fa07ff8131c1a
203055135532000,0,17,117fa07ff8131c1a
203055135537800,0,17,117fa07ff8131c1a
203055135543500,0,17,117fa07fe8131c1a
203055135548800,0,17,117fa07fe8131c1a
203055135554100,0,17,117fa08008131c1a
203055135559400,0,17,117fa07ff8121c1a
203055135566500,0,17,117fa07fe8121c1a
203055135571900,0,17,117fa08008131c1a
203055135577800,0,17,117fa07ff8121c1a
203055135583700,0,17,117fa07ff8121c1a
203055135589400,0,17,117fa07ff8121c1a
203055135595000,0,17,117fa07ff8121c1a
203055135600900,0,17,117fa08008121c1a
203055135607100,0,17,117fa07ff8131c1a
203055135612500,0,17,117fa07fe8131c1a
203055135617900,0,17,117fa07ff8131c1a
203055135623500,0,17,117fa07ff8131c1a
203055135629000,0,17,117fa07ff8131c1a
203055135636700,0,17,117fa08008131c1a
203055135642300,0,17,117fa07fe8131c1a
203055135647800,0,17,117fa07ff8131c1a
203055135653400,0,17,117fa07ff8131c1a
203055135658800,0,17,117fa07ff8121c1a
203055135664400,0,17,117fa07ff8121c1a
203055135671000,0,17,117fa07fe8121c1a
203055135678200,0,17,117fa07ff8121c1a
203055135683900,0,17,117fa08008131c1a
203055135691200,0,17,117fa07ff8121c1a
203055135696600,0,17,117fa07ff8121c1a
203055135702000,0,17,117fa07ff8121c1a
203055135707500,0,17,117fa07ff8121c1a
203055135713000,0,17,117fa07ff8121c1a
203055249374000,0,17,117fa07fe8121c1a
203055249457500,0,17,117fa08008131c1a
203055249465900,0,17,117fa08008121c1a
203055249472500,0,17,117fa07ff8131c1a
203055249478300,0,17,117fa08008131c1a
203055249490900,0,17,117fa07fe8131c1a
203055249496600,0,17,117fa07fe8131c1a
203055249502300,0,17,117fa07ff8131c1a
203055249508000,0,17,117fa07ff8131c1a
203055249513600,0,17,117fa07ff8131c1a
203055249520200,0,17,117fa07ff8131c1a
203055249527800,0,17,117fa08008131c1a
203055249540300,0,17,117fa07ff8131c1a
203055249547400,0,17,117fa08008131c1a
203055249553000,0,17,117fa07fe8121c1a
203055249558500,0,17,117fa07ff8121c1a
203055249563900,0,17,117fa07fe8121c1a
203055249580600,0,17,117fa07fe8121c1a
203055249588200,0,17,117fa07ff8131c1a
203055249593700,0,17,117fa08008131c1a
203055249599100,0,17,117fa07fe8131c1a
203055249604500,0,17,117fa08008121c1a
203055249609900,0,17,117fa07ff8121c1a
203055249625100,0,17,117fa08008111c1a
203055249633700,0,17,117fa07ff8111c1a
203055249639100,0,17,117fa07ff8121c1a
203055249644700,0,17,117fa07ff8121c1a
203055249650400,0,17,117fa07ff8121c1a
203055249655900,0,17,117fa07ff8121c1a
203055249662800,0,17,117fa07ff8121c1a
203055249668400,0,17,117fa07fe8121c1a
203055249677100,0,17,117fa07ff8121c1a
203055249691000,0,17,117fa07ff8121c1a
203055249699400,0,17,117fa07ff8131c1a
203055249704800,0,17,117fa07ff8131c1a
203055249710300,0,17,117fa07ff8131c1a
203055249715700,0,17,117fa07fe8131c1a
203055249729000,0,17,117fa07ff8121c1a
203055249736100,0,17,117fa07ff8121c1a
203055249741700,0,17,117fa07fe8121c1a
203055249747100,0,17,117fa08008121c1a
203055249754000,0,17,117fa07ff8121c1a
203055249760400,0,17,117fa07ff8121c1a
203055249765900,0,17,117fa07ff8121c1a
203055249771100,0,17,117fa07ff8131c1a
203055249778200,0,17,117fa07ff8131c1a
203055249783400,0,17,117fa08008131c1a
203055249788700,0,17,117fa07ff8131c1a
203055249794200,0,17,117fa07fe8121c1a
203055249801100,0,17,117fa07ff8131c1a
203055249807000,0,17,117fa07ff8131c1a
203055249812400,0,17,117fa08018131c1a
203055249818100,0,17,117fa07fe8121c1a
203055249823500,0,17,117fa07ff8131c1a
203055249828900,0,17,117fa07ff8131c1a
203055249834200,0,17,117fa07ff8131c1a
203055249839600,0,17,117fa07fe8121c1a
203055249845200,0,17,117fa08008121c1a
203055249850500,0,17,117fa07ff8121c1a
203055249856000,0,17,117fa07ff8121c1a
203055249870200,0,17,117fa07fe8111c1a
203055249878900,0,17,117fa08008121c1a
203055249884200,0,17,117fa08008121c1a
203055249889600,0,17,117fa07ff8121c1a
203055249895000,0,17,117fa08008131c1a
203055249904900,0,17,117fa08008131c1a
203055249910400,0,17,117fa07ff8131c1a
203055249916200,0,17,117fa07fe8131c1a
203055249922200,0,17,117fa07ff8131c1a
203055362213400,0,17,117fa07fe8131c1a
203055362245500,0,17,117fa07ff8141c1a
203055362253300,0,17,117fa07ff8141c1a
203055362259200,0,17,117fa07ff8141c1a
203055362265100,0,17,117fa07ff8131c1a
203055362272100,0,17,117fa08008131c1a
203055362277600,0,17,117fa08008121c1a
203055362283100,0,17,117fa07fd8121c1a
203055362288600,0,17,117fa07ff8131c1a
203055362294200,0,17,117fa07ff8131c1a
203055362299600,0,17,117fa07fe8141c1a
203055362305000,0,17,117fa08008141c1a
203055362310500,0,17,117fa07ff8131c1a
203055362317100,0,17,117fa07ff8131c1a
203055362322500,0,17,117fa07ff8131c1a
203055362328800,0,17,117fa08008121c1a
203055362334100,0,17,117fa07ff8131c1a
203055362339400,0,17,117fa07ff8121c1a
203055362344800,0,17,117fa07ff8121c1a
203055362352600,0,17,117fa07ff8131c1a
203055362357900,0,17,117fa07ff8131c1a
203055362363600,0,17,117fa07fe8131c1a
203055362369500,0,17,117fa07ff8131c1a
203055362375100,0,17,117fa07ff8121c1a
203055362380600,0,17,117fa07ff8121c1a
203055362388600,0,17,117fa08008121c1a
203055362394000,0,17,117fa07fe8121c1a
203055362399800,0,17,117fa07fe8121c1a
203055362405400,0,17,117fa07ff8121c1a
203055362411300,0,17,117fa07ff8131c1a
203055362416800,0,17,117fa07ff8131c1a
203055362422700,0,17,117fa07fe8131c1a
203055362429600,0,17,117fa08008131c1a
203055362434900,0,17,117fa08008131c1a
203055362442400,0,17,117fa07fe8131c1a
203055362447900,0,17,117fa07fe8131c1a
203055362454800,0,17,117fa07ff8131c1a
203055362460500,0,17,117fa08008131c1a
203055362466000,0,17,117fa07ff8131c1a
203055362471400,0,17,117fa07fe8131c1a
203055362476700,0,17,117fa07ff8131c1a
203055362482200,0,17,117fa07ff8131c1a
203055362487600,0,17,117fa07ff8131c1a
203055362492900,0,17,117fa07ff8131c1a
203055362498800,0,17,117fa07ff8131c1a
203055362504000,0,17,117fa07ff8131c1a
203055362509300,0,17,117fa08008131c1a
203055362514700,0,17,117fa08008121c1a
203055362520200,0,17,117fa07ff8121c1a
203055362525600,0,17,117fa07fe8121c1a
203055362531400,0,17,117fa07ff8121c1a
203055362536800,0,17,117fa07ff8121c1a
203055362542000,0,17,117fa08008121c1a
203055362547500,0,17,117fa07ff8121c1a
203055362554400,0,17,117fa07ff8121c1a
203055362559800,0,17,117fa07ff8131c1a
203055362566600,0,17,117fa07ff8131c1a
203055362571900,0,17,117fa08008131c1a
203055362577800,0,17,117fa07fe8131c1a
203055362583500,0,17,117fa18008131c1a
203055362590400,0,17,117fa07ff8121c1a
203055362595800,0,17,117fa07fe8121c1a
203055362601100,0,17,117fa07fe8131c1a
203055362606800,0,17,117fa07ff8131c1a
203055362612200,0,17,117fa07ff8131c1a
203055362620400,0,17,117fa08008121c1a
203055474024800,0,17,117fa07ff8121c1a
203055474051900,0,17,117fa07fe8121c1a
203055474059100,0,17,117fa07ff8131c1a
203055474066100,0,17,117fa07ff8121c1a
203055474073300,0,17,117fa08008121c1a
203055474079200,0,17,117fa07ff8131c1a
203055474084800,0,17,117fa07fe8131c1a
203055474090700,0,17,117fa07ff8121c1a
203055474096400,0,17,117fa07ff8121c1a
203055474102200,0,17,117fa07ff8131c1a
203055474107700,0,17,117fa07ff8121c1a
203055474113200,0,17,117fa07ff8121c1a
203055474118700,0,17,117fa07fe8131c1a
203055474124200,0,17,117fa08018131c1a
203055474133900,0,17,117fa07ff8131c1a
203055474144500,0,17,117fa08008121c1a
203055474150100,0,17,117fa07fe8121c1a
203055474155500,0,17,117fa07ff8121c1a
203055474161000,0,17,117fa08008121c1a
203055474169600,0,17,117fa07ff8111c1a
203055474175200,0,17,117fa07fe8111c1a
203055474180900,0,17,117fa07fe8111c1a
203055474187200,0,17,117fa07fe8111c1a
203055474192500,0,17,117fa08008101c1a
203055474228600,0,17,117fa07ff8101c1a
203055474235200,0,17,117fa080080f1c1a
203055474240800,0,17,117f9f7ff80f1c1a
203055474246200,0,17,117fa07fe80f1c1a
203055474251700,0,17,117fa07ff80f1c1a
203055474257300,0,17,117fa07ff80f1c1a
203055474262700,0,17,117fa07fe80f1c1a
203055474268100,0,17,117fa07ff80f1c1a
203055474273400,0,17,117fa07ff80e1c1a
203055474278900,0,17,117fa080080e1c1a
203055474284500,0,17,117fa080080d1c1a
203055474290300,0,17,117f9f7fe80c1c1a
203055474295700,0,17,117f9f7fd80c1c1a
203055474301200,0,17,117f9f7fe80c1c1a
203055474306600,0,17,117f9f7ff80c1c1a
203055474312000,0,17,117fa080080c1c1a
203055474317300,0,17,117f9f7ff80b1c1a
203055474322600,0,17,117f9f7ff80b1c1a
203055474328100,0,17,117fa07ff80a1c1a
203055474333600,0,17,117f9f7ff80a1c1a
203055474339000,0,17,117f9f7fe80a1c1a
203055474344400,0,17,117f9f7fe8091c1a
203055474349800,0,17,117f9f7fe8091c1a
203055474355200,0,17,117f9f7ff8091c1a
203055474360500,0,17,117f9f7fe8091c1a
203055474365800,0,17,117f9f7ff8091c1a
203055474371500,0,17,117f9f7fe8091c1a
203055474377300,0,17,117f9f7fe8081c1a
203055474384500,0,17,117f9f8008081c1a
203055474390100,0,17,117f9f7ff8071c1a
203055474395700,0,17,117f9f7fe8061c1a
203055474401000,0,17,117f9f7fe8061c1a
203055474406500,0,17,117f9f7fe8061c1a
203055474411700,0,17,117f9f7fe8061c1a
203055474417100,0,17,117f9f7fe8061c1a
203055474422400,0,17,117f9f7ff8061c1a
203055474427900,0,17,117f9f7ff8051c1a
203055474433400,0,17,117f9e7fd8051c1a
203055474438900,0,17,117f9f7ff8041c1a
203055474444700,0,17,117f9f7ff8041c1a
203055474450000,0,17,117f9f7fe8041c1a
203055474927900,0,17,117f9e7ff8031c1a
203055475028600,0,17,117f9e7fe8031c1a
203055475047900,0,17,117f9e7ff8031c1a
203055587487100,0,17,117f9e7ff8031c1a
203055587514200,0,17,117f9e8008031c1a
203055587526100,0,17,117f9e7fe8011c1a
203055587535500,0,17,117f9e7fe8011c1a
203055587544600,0,17,117f9e7ff8011c1a
203055587570700,0,17,117f9e7ff8001c1a
203055587588300,0,17,117f9e7fe8001c1a
203055587596500,0,17,117f9e7fe8001c1a
203055587601900,0,17,117f9e7ff7ff1c1a
203055587609400,0,17,117f9e7fe7ff1c1a
203055587615400,0,17,117f9e7fe7ff1c1a
203055587620700,0,17,117f9e7fe7ff1c1a
203055587626000,0,17,117f9e7fe7ff1c1a
203055587631800,0,17,117f9e7ff7fe1c1a
203055587637300,0,17,117f9e8007fe1c1a
203055587643800,0,17,117f9e7fe7fd1c1a
203055587649500,0,17,117f9e7ff7fd1c1a
203055587655200,0,17,117f9e7fe7fc1c1a
203055587660800,0,17,117f9e7ff7fc1c1a
203055587667200,0,17,117f9e7ff7fc1c1a
203055587672600,0,17,117f9e7ff7fc1c1a
203055587678000,0,17,117f9e7ff7fb1c1a
203055587685900,0,17,117f9e7fe7fb1c1a
203055587692000,0,17,117f9e7ff7fa1c1a
203055587697600,0,17,117f9e7ff7fa1c1a
203055587703000,0,17,117f9e7fe7fa1c1a
203055587710900,0,17,117f9e7ff7fa1c1a
203055587717500,0,17,117f9e7ff7fa1c1a
203055587723000,0,17,117f9e8007f91c1a
203055587728400,0,17,117f9e7ff7f91c1a
203055587734100,0,17,117f9e7ff7f81c1a
203055587739900,0,17,117f9e7ff7f71c1a
203055587745300,0,17,117f9e7ff7f71c1a
203055587750900,0,17,117f9d7fe7f61c1a
203055587756300,0,17,117f9e7fe7f71c1a
203055587761500,0,17,117f9e7fe7f61c1a
203055587766900,0,17,117f9e7ff7f61c1a
203055587772400,0,17,117f9d7fe7f61c1a
203055587777700,0,17,117f9d7ff7f61c1a
203055587783100,0,17,117f9d7fe7f61c1a
203055587788400,0,17,117f9d7fe7f61c1a
203055587793700,0,17,117f9d7ff7f51c1a
203055587799100,0,17,117f9d8007f51c1a
203055587805400,0,17,117f9d7ff7f41c1a
203055587810800,0,17,117f9d7fe7f31c1a
203055587816200,0,17,117f9d7ff7f31c1a
203055587821600,0,17,117f9d7fe7f31c1a
203055587827500,0,17,117f9d7ff7f31c1a
203055587833200,0,17,117f9d7fe7f21c1a
203055587838400,0,17,117f9d7ff7f21c1a
203055587843800,0,17,117f9d7fe7f21c1a
203055587849100,0,17,117f9d7ff7f21c1a
203055587854400,0,17,117f9d7ff7f21c1a
203055587859600,0,17,117f9d7ff7f21c1a
203055587864900,0,17,117f9d7ff7f11c1a
203055587870300,0,17,117f9d7ff7f11c1a
203055587875700,0,17,117f9d7ff7f01c1a
203055587881100,0,17,117f9d7ff7f01c1a
203055587886400,0,17,117f9d7ff7ef1c1a
203055587891700,0,17,117f9d7ff7ef1c1a
203055587900500,0,17,117f9d7fe7ef1c1a
203055587905800,0,17,117f9d7ff7ee1c1a
203055587911100,0,17,117f9d7fe7ed1c1a
203055587918300,0,17,117f9d7ff7ed1c1a
203055587923600,0,17,117f9d7ff7ee1c1a
203055587929200,0,17,117f9d7ff7ed1c1a
203055587934500,0,17,117f9d7fe7ed1c1a
203055587939800,0,17,117f9d7fe7ed1c1a
203055587945100,0,17,117f9d7ff7ed1c1a
203055702305300,0,17,117f9d8007ec1c1a
203055702342000,0,17,117f9d7fe7eb1c1a
203055702349300,0,17,117f9d7ff7eb1c1a
203055702355700,0,17,117f9d7ff7ea1c1a
203055702361800,0,17,117f9d7fe7e91c1a
203055702367700,0,17,117f9d7ff7e91c1a
203055702373300,0,17,117f9d7ff7e91c1a
203055702378900,0,17,117f9d7fe7e91c1a
203055702384500,0,17,117f9d8007e91c1a
203055702389900,0,17,117f9c7fe7e81c1a
203055702396200,0,17,117f9d7ff7e81c1a
203055702401600,0,17,117f9d7ff7e81c1a
203055702407000,0,17,117f9d7ff7e81c1a
203055702412600,0,17,117f9d7ff7e81c1a
203055702530200,0,17,117f9d7ff7e71c1a
203055702549200,0,17,117f9d7fe7e71c1a
203055702555300,0,17,117f9d7fe7e61c1a
203055702563700,0,17,117f9c7fe7e61c1a
203055702569300,0,17,117f9c7ff7e51c1a
203055702574700,0,17,117f9c7ff7e51c1a
203055702580400,0,17,117f9c7ff7e51c1a
203055702585900,0,17,117f9c7ff7e51c1a
203055702591300,0,17,117f9c7ff7e51c1a
203055702596800,0,17,117f9c7ff7e41c1a
203055702602300,0,17,117f9c7fe7e31c1a
203055702645400,0,17,117f9c7ff7e31c1a
203055702660200,0,17,117f9c7ff7e31c1a
203055702666000,0,17,117f9c7fe7e21c1a
203055702671600,0,17,117f9c7fe7e21c1a
203055702677300,0,17,117f9c7ff7e21c1a
203055702682700,0,17,117f9c7ff7e21c1a
203055702688300,0,17,117f9c7fe7e21c1a
203055702694000,0,17,117f9c7ff7e11c1a
203055702699700,0,17,117f9c7ff7e11c1a
203055702705500,0,17,117f9c7ff7e11c1a
203055702711200,0,17,117f9c7fe7e01c1a
203055702716900,0,17,117f9c7ff7e01c1a
203055702722300,0,17,117f9c7ff7e01c1a
203055702727900,0,17,117f9c7ff7df1c1a
203055702733500,0,17,117f9c7ff7df1c1a
203055702739100,0,17,117f9c7ff7de1c1a
203055702744500,0,17,117f9c7ff7de1c1a
203055702751300,0,17,117f9b7fe7df1c1a
203055702757000,0,17,117f9c7ff7df1c1a
203055702762500,0,17,117f9b7fe7de1c1a
203055702767800,0,17,117f9c7ff7de1c1a
203055702773000,0,17,117f9b7ff7de1c1a
203055702778500,0,17,117f9b7ff7de1c1a
203055702783900,0,17,117f9b7ff7dd1c1a
203055702789200,0,17,117f9b7fe7dc1c1a
203055702796200,0,17,117f9b7ff7dc1c1a
203055702813600,0,17,117f9b7fe7dc1c1a
203055702831200,0,17,117f9b8007db1c1a
203055702843600,0,17,117f9b7fe7dc1c1a
203055702852700,0,17,117f9b7ff7db1c1a
203055702860900,0,17,117f9b7fe7db1c1a
203055702869400,0,17,117f9b7ff7db1c1a
203055702877600,0,17,117f9b7fe7db1c1a
203055702885700,0,17,117f9b7ff7db1c1a
203055702899900,0,17,117f9b7fe7da1c1a
203055702925500,0,17,117f9a7fd7da1c1a
203055702942700,0,17,117f9a7fe7da1c1a
203055702963100,0,17,117f9a7fd7da1c1a
203055702970100,0,17,117f9a7fd7db1c1a
203055702975900,0,17,117f9a7fe7db1c1a
203055702981700,0,17,117f9a7fe7da1c1a
203055815653400,0,17,117f997fe7da1c1a
203055815686900,0,17,117f997fd7da1c1a
203055815695000,0,17,117f997fd7da1c1a
203055815701400,0,17,117f987fe7da1c1a
203055815717400,0,17,117f987fd7db1c1a
203055815762900,0,17,117f987fd7db1c1a
203055815774600,0,17,117f987fc7dc1c1a
203055815780600,0,17,117f987fd7dc1c1a
203055815787300,0,17,117f977fc7dd1c1a
203055815793000,0,17,117f977fc7dd1c1a
203055815798600,0,17,117f967fb7de1c1a
203055815816100,0,17,117f967fb7df1c1a
203055815823200,0,17,117f967fa7e01c1a
203055815828800,0,17,117f957fb7e11c1a
203055815834100,0,17,117f957fb7e21c1a
203055815839400,0,17,117f957fa7e31c1a
203055815844900,0,17,117f947fb7e41c1a
203055815850400,0,17,117f947fb7e41c1a
203055815863200,0,17,117f937fa7e41c1a
203055815870100,0,17,117f937fb7e61c1a
203055815875400,0,17,117f937fc7e61c1a
203055815880800,0,17,117f937fc7e61c1a
203055815886400,0,17,117f927fc7e61c1a
203055815904000,0,17,117f927fc7e51c1a
203055815910100,0,17,117f927fc7e41c1a
203055815915700,0,17,117f927fd7e31c1a
203055815921500,0,17,117f927fd7e31c1a
203055815927100,0,17,117f917fc7e31c1a
203055815932800,0,17,117f917fc7e21c1a
203055815938600,0,17,117f917fc7e11c1a
203055815943900,0,17,117f907fc7e11c1a
203055815952900,0,17,117f907fb7e11c1a
203055815958400,0,17,117f907fc7e11c1a
203055815963600,0,17,117f8f7fc7e01c1a
203055815969100,0,17,117f8f7fc7e11c1a
203055815974300,0,17,117f8f7fd7e11c1a
203055815979800,0,17,117f8f7fd7e01c1a
203055815985100,0,17,117f8f7fc7df1c1a
203055815990400,0,17,117f8e7fd7df1c1a
203055815996200,0,17,117f8e7fc7e01c1a
203055816013600,0,17,117f8d7fb7e11c1a
203055816020000,0,17,117f8c7f97e21c1a
203055816026900,0,17,117f8b7f77e51c1a
203055816032300,0,17,117f8b7f97e71c1a
203055816037900,0,17,117f8a7f97e81c1a
203055816043500,0,17,117f8a7f97ea1c1a
203055816049000,0,17,117f897f97e71c1a
203055816054400,0,17,117f897f97e51c1a
203055816059800,0,17,117f897fa7e11c1a
203055816065200,0,17,117f887fa7dc1c1a
203055816070500,0,17,117f887fa7da1c1a
203055816076100,0,17,117f887fb7d51c1a
203055816081800,0,17,117f877fb7d31c1a
203055816090400,0,17,117f877fb7ce1c1a
203055816095900,0,17,117f867fb7cc1c1a
203055816101500,0,17,117f867fb7cb1c1a
203055816107000,0,17,117f857fa7c91c1a
203055816112800,0,17,117f847f97c91c1a
203055816118300,0,17,117f837f97c91c1a
203055817693400,0,17,117f827f77ca1c1a
203055817707600,0,17,117f817f57cd1c1a
203055817717000,0,17,117f807f47d01c1a
203055817723900,0,17,117f7f7f57d51c1a
203055817729800,0,17,117f7e7f57d91c1a
203055817735300,0,17,117f7e7f57db1c1a
203055817740800,0,17,117f7d7f77dd1c1a
203055817746300,0,17,117f7c7f77df1c1a
203055817752300,0,17,117f7c7f87df1c1a
203055817757900,0,17,117f7b7f97df1c1a
203055817763400,0,17,117f7a7f77de1c1a
203055926338400,0,17,117f797f57df1c1a
203055926374800,0,17,117f777f47e01c1a
203055926383800,0,17,117f767f27e31c1a
203055926390400,0,17,117f747f17e71c1a
203055926407400,0,17,117f737f27ea1c1a
203055926413900,0,17,117f727f37ef1c1a
203055926419500,0,17,117f727f57f01c1a
203055926425100,0,17,117f717f67f21c1a
203055926430600,0,17,117f717f77f21c1a
203055926436200,0,17,117f707f77f21c1a
203055926442000,0,17,117f6f7f67f11c1a
203055926450300,0,17,117f6e7f67f11c1a
203055926456000,0,17,117f6d7f47f11c1a
203055926461400,0,17,117f6b7f47f31c1a
203055926467100,0,17,117f6a7f47f51c1a
203055926480100,0,17,117f697f47f81c1a
203055926487600,0,17,117f687f57fb1c1a
203055926493600,0,17,117f677f57fc1c1a
203055926499600,0,17,117f677f77fc1c1a
203055926508800,0,17,117f667f77fc1c1a
203055926516000,0,17,117f667f87fb1c1a
203055926521600,0,17,117f667f87f81c1a
203055926527600,0,17,117f667fa7f71c1a
203055926533200,0,17,117f657fc7f31c1a
203055926538600,0,17,117f657fc7ef1c1a
203055926544000,0,17,117f657fc7ee1c1a
203055926549700,0,17,117f657fe7ec1c1a
203055926555100,0,17,117f657fc7ea1c1a
203055926589400,0,17,117f637fa7ea1c1a
203055926600100,0,17,117f627f97eb1c1a
203055926605800,0,17,117f617f57ed1c1a
203055926612000,0,17,117f607f57f01c1a
203055926617300,0,17,117f5f7f57f21c1a
203055926622900,0,17,117f5e7f67f61c1a
203055926638600,0,17,117f5e7f67f81c1a
203055926644600,0,17,117f5d7f87fa1c1a
203055926650200,0,17,117f5d7f87fc1c1a
203055926655800,0,17,117f5c7f97fc1c1a
203055926689000,0,17,117f5c7fb7fb1c1a
203055926697200,0,17,117f5c7fb7fa1c1a
203055926702900,0,17,117f5c7fb7f91c1a
203055926708600,0,17,117f5b7fc7f71c1a
203055926715300,0,17,117f5c7fd7f51c1a
203055926720700,0,17,117f5c7fd7f41c1a
203055926727000,0,17,117f5b7fe7f11c1a
203055926733000,0,17,117f5b7fd7ef1c1a
203055926738800,0,17,117f5b7fd7ef1c1a
203055926744600,0,17,117f5a7fd7ed1c1a
203055926750200,0,17,117f5a7fc7ec1c1a
203055926756100,0,17,117f597fc7ec1c1a
203055926762500,0,17,117f597fd7ec1c1a
203055926767900,0,17,117f597fd7ec1c1a
203055926773500,0,17,117f597fe7ec1c1a
203055926779000,0,17,117f5a7ff7ec1c1a
203055926784700,0,17,117f597fe7ea1c1a
203055926790100,0,17,117f597fd7ea1c1a
203055926795600,0,17,117f597fd7ea1c1a
203055926801100,0,17,117f597fe7e91c1a
203055926806500,0,17,117f597fe7e81c1a
203055926811700,0,17,117f597fe7e81c1a
203055926826600,0,17,117f597fe7e81c1a
203055927103400,0,17,117f598007e71c1a
203055927115100,0,17,117f597ff7e61c1a
203055927122000,0,17,117f597ff7e51c1a
203055927127800,0,17,117f597fe7e51c1a
203055927133800,0,17,117f597ff7e41c1a
203055927139600,0,17,117f597fe7e41c1a
203056038418900,0,17,117f597ff7e41c1a
203056038448700,0,17,117f598007e41c1a
203056038455800,0,17,117f597ff7e31c1a
203056038462000,0,17,117f597fe7e31c1a
203056038470900,0,17,117f597fe7e31c1a
203056038485300,0,17,117f597ff7e31c1a
203056038492500,0,17,117f597ff7e31c1a
203056038498500,0,17,117f597ff7e31c1a
203056038504300,0,17,117f597ff7e31c1a
203056038509700,0,17,117f597ff7e31c1a
203056038515400,0,17,117f597ff7e31c1a
203056038526800,0,17,117f597ff7e31c1a
203056038533400,0,17,117f597ff7e21c1a
203056038539000,0,17,117f597ff7e21c1a
203056038544400,0,17,117f597ff7e21c1a
203056038550900,0,17,117f598017e21c1a
203056038556300,0,17,117f597ff7e31c1a
203056038562700,0,17,117f598007e11c1a
203056038568500,0,17,117f5a8017e01c1a
203056038574000,0,17,117f5a8017e01c1a
203056038579500,0,17,117f5a8007de1c1a
203056038584900,0,17,117f5a8007de1c1a
203056038590300,0,17,117f5a8017dd1c1a
203056038595900,0,17,117f5a8007dd1c1a
203056038601500,0,17,117f5a8007dd1c1a
203056038607100,0,17,117f5a8017dd1c1a
203056038612600,0,17,117f5a8007dc1c1a
203056038620400,0,17,117f5a7ff7dc1c1a
203056038625700,0,17,117f5a7ff7dd1c1a
203056038631100,0,17,117f5a7ff7dd1c1a
203056038636800,0,17,117f5a7fe7dd1c1a
203056038647600,0,17,117f5a7ff7de1c1a
203056038654000,0,17,117f5a7fe7e01c1a
203056038659300,0,17,117f5a7fe7e01c1a
203056038664700,0,17,117f5a7fe7e01c1a
203056038671100,0,17,117f5a7fe7e11c1a
203056038676700,0,17,117f5a7fe7e21c1a
203056038682100,0,17,117f5a8007e31c1a
203056038689100,0,17,117f597fe7e41c1a
203056038694400,0,17,117f597fe7e41c1a
203056038699800,0,17,117f597fe7e41c1a
203056038705200,0,17,117f597fe7e51c1a
203056038710700,0,17,117f597fe7e51c1a
203056038717600,0,17,117f597fe7e51c1a
203056038722900,0,17,117f597ff7e51c1a
203056038728400,0,17,117f597fd7e51c1a
203056038734000,0,17,117f597fd7e51c1a
203056038740000,0,17,117f597fe7e51c1a
203056038745400,0,17,117f597ff7e61c1a
203056038750900,0,17,117f597ff7e51c1a
203056038756300,0,17,117f597ff7e51c1a
203056038761600,0,17,117f597ff7e41c1a
203056038767100,0,17,117f597fe7e41c1a
203056038772400,0,17,117f597ff7e41c1a
203056038777900,0,17,117f598017e31c1a
203056038783300,0,17,117f597ff7e41c1a
203056038788700,0,17,117f598007e31c1a
203056038794100,0,17,117f597ff7e31c1a
203056038799600,0,17,117f597fe7e31c1a
203056038813700,0,17,117f597fe7e21c1a
203056038819800,0,17,117f598007e21c1a
203056038825300,0,17,117f598007e11c1a
203056038830600,0,17,117f597ff7e11c1a
203056038836100,0,17,117f598007e11c1a
203056038841300,0,17,117f598007e21c1a
203056038846700,0,17,117f598007e11c1a
203056038851900,0,17,117f597ff7e11c1a
203056038857600,0,17,117f5a8007e11c1a
203056148958800,0,17,117f598007e11c1a
203056149001000,0,17,117f597fe7e11c1a
203056149008800,0,17,117f598007e11c1a
203056149014800,0,17,117f597ff7e01c1a
203056149020900,0,17,117f597ff7e01c1a
203056149027000,0,17,117f597ff7e01c1a
203056149032600,0,17,117f5a7ff7e01c1a
203056149038400,0,17,117f597ff7e01c1a
203056149045100,0,17,117f597ff7e01c1a
203056149052000,0,17,117f597fe7e01c1a
203056149058200,0,17,117f598007e11c1a
203056149065100,0,17,117f597ff7e11c1a
203056149071500,0,17,117f597ff7e11c1a
203056149077200,0,17,117f597ff7e21c1a
203056149083200,0,17,117f597fe7e21c1a
203056149088500,0,17,117f597ff7e21c1a
203056149093900,0,17,117f597ff7e21c1a
203056149099200,0,17,117f597ff7e21c1a
203056149104500,0,17,117f597fe7e21c1a
203056149109900,0,17,117f597fe7e21c1a
203056149115100,0,17,117f597ff7e21c1a
203056149120400,0,17,117f597ff7e21c1a
203056149125700,0,17,117f597ff7e31c1a
203056149131300,0,17,117f597ff7e31c1a
203056149136800,0,17,117f597fe7e21c1a
203056149142100,0,17,117f597ff7e31c1a
203056149147700,0,17,117f597ff7e31c1a
203056149153100,0,17,117f597fe7e31c1a
203056149158500,0,17,117f597ff7e31c1a
203056149164100,0,17,117f598007e31c1a
203056149169600,0,17,117f597ff7e21c1a
203056149174900,0,17,117f597ff7e21c1a
203056149180200,0,17,117f597ff7e21c1a
203056149185500,0,17,117f598007e21c1a
203056149190900,0,17,117f597ff7e21c1a
203056149196100,0,17,117f597ff7e21c1a
203056149201500,0,17,117f597ff7e21c1a
203056149206900,0,17,117f598007e21c1a
203056149212100,0,17,117f597fe7e11c1a
203056149217600,0,17,117f597ff7e11c1a
203056149223000,0,17,117f598007e21c1a
203056149228400,0,17,117f597fe7e11c1a
203056149233900,0,17,117f597ff7e11c1a
203056149239700,0,17,117f597ff7e11c1a
203056149245000,0,17,117f597ff7e11c1a
203056149250500,0,17,117f597ff7e11c1a
203056149255800,0,17,117f598007e21c1a
203056149261000,0,17,117f597ff7e21c1a
203056149266300,0,17,117f598007e11c1a
203056149271700,0,17,117f597ff7e11c1a
203056149277000,0,17,117f597fe7e11c1a
203056149282300,0,17,117f597ff7e11c1a
203056149287600,0,17,117f597ff7e11c1a
203056149292900,0,17,117f597ff7e11c1a
203056149298200,0,17,117f597ff7e21c1a
203056149303600,0,17,117f597fe7e11c1a
203056149309100,0,17,117f597fe7e11c1a
203056149314400,0,17,117f597ff7e11c1a
203056149320000,0,17,117f597ff7e21c1a
203056149325600,0,17,117f597ff7e31c1a
203056149335500,0,17,117f597ff7e31c1a
203056149341700,0,17,117f597ff7e31c1a
203056149347300,0,17,117f597ff7e21c1a
203056149352700,0,17,117f597fe7e21c1a
203056149358200,0,17,117f597ff7e31c1a
203056149363500,0,17,117f597fe7e31c1a
203056263035900,0,17,117f598007e31c1a
203056263065000,0,17,117f597fe7e31c1a
203056263072400,0,17,117f597fe7e21c1a
203056263078200,0,17,117f597ff7e31c1a
203056263084000,0,17,117f597ff7e31c1a
203056263089600,0,17,117f598007e31c1a
203056263095300,0,17,117f597ff7e31c1a
203056263101000,0,17,117f597fe7e31c1a
203056263106800,0,17,117f597ff7e31c1a
203056263113400,0,17,117f597ff7e31c1a
203056263120300,0,17,117f597ff7e31c1a
203056263125800,0,17,117f597ff7e31c1a
203056263131500,0,17,117f598007e21c1a
203056263136900,0,17,117f598007e21c1a
203056263142600,0,17,117f597ff7e21c1a
203056263159700,0,17,117f597ff7e21c1a
203056263165100,0,17,117f597fe7e21c1a
203056263170600,0,17,117f598007e21c1a
203056263176100,0,17,117f597ff7e21c1a
203056263181600,0,17,117f598007e21c1a
203056263187000,0,17,117f597ff7e11c1a
203056263196800,0,17,117f597fe7e11c1a
203056263202400,0,17,117f597ff7e11c1a
203056263207900,0,17,117f598007e11c1a
203056263213600,0,17,117f597ff7e11c1a
203056263219300,0,17,117f597fd7e11c1a
203056263224600,0,17,117f598007e21c1a
203056263230100,0,17,117f597fe7e11c1a
203056263235900,0,17,117f598007e21c1a
203056263241400,0,17,117f597fe7e11c1a
203056263247200,0,17,117f597ff7e11c1a
203056263252800,0,17,117f597ff7e21c1a
203056263258200,0,17,117f597fe7e11c1a
203056263263600,0,17,117f597ff7e21c1a
203056263269200,0,17,117f597ff7e11c1a
203056263274800,0,17,117f597ff7e11c1a
203056263280300,0,17,117f597ff7e11c1a
203056263285800,0,17,117f597ff7e11c1a
203056263291400,0,17,117f597fe7e21c1a
203056263297200,0,17,117f597ff7e21c1a
203056263302800,0,17,117f597ff7e21c1a
203056263308400,0,17,117f598007e21c1a
203056263314100,0,17,117f597ff7e21c1a
203056263319600,0,17,117f597ff7e21c1a
203056263325100,0,17,117f597ff7e21c1a
203056263331400,0,17,117f597ff7e21c1a
203056263337000,0,17,117f597ff7e21c1a
203056263342700,0,17,117f598007e21c1a
203056263348400,0,17,117f597ff7e21c1a
203056263354100,0,17,117f597fe7e21c1a
203056263359400,0,17,117f597ff7e21c1a
203056263364900,0,17,117f598007e21c1a
203056263370300,0,17,117f598007e21c1a
203056263375700,0,17,117f597ff7e21c1a
203056263381200,0,17,117f597ff7e21c1a
203056263386600,0,17,117f598007e21c1a
203056263391800,0,17,117f597fe7e21c1a
203056263415900,0,17,117f597ff7e21c1a
203056263433800,0,17,117f597ff7e11c1a
203056263440600,0,17,117f597ff7e11c1a
203056263446500,0,17,117f597ff7e11c1a
203056263451900,0,17,117f597fe7e11c1a
203056263457300,0,17,117f598007e11c1a
203056263462800,0,17,117f597ff7e11c1a
203056263468200,0,17,117f597ff7e11c1a
203056263473800,0,17,117f597fe7e21c1a
203056263479200,0,17,117f597fe7e21c1a
203056263484400,0,17,117f597ff7e21c1a
203056263489900,0,17,117f598007e21c1a
203056263495500,0,17,117f598007e21c1a
203056373835000,0,17,117f598007e31c1a
203056373863800,0,17,117f598017e21c1a
203056373871700,0,17,117f598007e21c1a
203056373879400,0,17,117f597fe7e11c1a
203056373884900,0,17,117f597ff7e21c1a
203056373890500,0,17,117f597fe7e21c1a
203056373896500,0,17,117f597fe7e21c1a
203056373902200,0,17,117f598007e21c1a
203056373907700,0,17,117f597ff7e21c1a
203056373913300,0,17,117f597ff7e21c1a
203056373919000,0,17,117f597ff7e11c1a
203056373924500,0,17,117f597ff7e21c1a
203056373930000,0,17,117f597ff7e21c1a
203056373935500,0,17,117f597ff7e31c1a
203056373940800,0,17,117f598007e21c1a
203056373946400,0,17,117f597ff7e21c1a
203056373952100,0,17,117f598007e21c1a
203056373957800,0,17,117f597ff7e31c1a
203056373963300,0,17,117f597fe7e21c1a
203056373968900,0,17,117f598007e21c1a
203056373974200,0,17,117f597ff7e11c1a
203056373979700,0,17,117f597ff7e21c1a
203056373985000,0,17,117f597ff7e11c1a
203056373990400,0,17,117f598007e21c1a
203056373995700,0,17,117f597ff7e11c1a
203056374001400,0,17,117f597fe7e11c1a
203056374011000,0,17,117f597fe7e11c1a
203056374016400,0,17,117f597ff7e21c1a
203056374021900,0,17,117f598007e21c1a
203056374027400,0,17,117f598007e31c1a
203056374032800,0,17,117f597ff7e31c1a
203056374038000,0,17,117f597ff7e21c1a
203056374043400,0,17,117f597ff7e21c1a
203056374048800,0,17,117f598007e31c1a
203056374054300,0,17,117f597fe7e21c1a
203056374059900,0,17,117f597ff7e21c1a
203056374065200,0,17,117f597ff7e21c1a
203056374070400,0,17,117f597ff7e21c1a
203056374076500,0,17,117f598007e21c1a
203056374086300,0,17,117f597ff7e21c1a
203056374091700,0,17,117f597ff7e21c1a
203056374097100,0,17,117f598007e21c1a
203056374102500,0,17,117f598007e21c1a
203056374108100,0,17,117f597ff7e11c1a
203056374113400,0,17,117f597ff7e11c1a
203056374118600,0,17,117f597ff7e11c1a
203056374124000,0,17,117f597ff7e11c1a
203056374129400,0,17,117f597ff7e11c1a
203056374134800,0,17,117f597ff7e11c1a
203056374140100,0,17,117f598007e21c1a
203056374145500,0,17,117f597fe7e21c1a
203056374150900,0,17,117f598007e21c1a
203056374156100,0,17,117f598007e31c1a
203056374161800,0,17,117f597fe7e11c1a
203056374167100,0,17,117f597ff7e21c1a
203056374172400,0,17,117f597fe7e21c1a
203056374177700,0,17,117f598007e21c1a
203056374183000,0,17,117f598007e11c1a
203056374188400,0,17,117f598007e21c1a
203056374193800,0,17,117f597ff7e21c1a
203056374199200,0,17,117f597fe7e21c1a
203056374204600,0,17,117f598007e21c1a
203056374210000,0,17,117f597ff7e21c1a
203056374237800,0,17,117f597ff7e21c1a
203056374266200,0,17,117f597ff7e21c1a
203056374273900,0,17,117f598007e21c1a
203056374279700,0,17,117f598007e11c1a
203056487153800,0,17,117f597ff7e11c1a
203056487195000,0,17,117f597ff7e11c1a
203056487203100,0,17,117f597ff7e21c1a
203056487209100,0,17,117f597ff7e21c1a
203056487215200,0,17,117f597ff7e21c1a
203056487221000,0,17,117f597ff7e31c1a
203056487226800,0,17,117f598007e21c1a
203056487232400,0,17,117f597ff7e21c1a
203056487238000,0,17,117f597ff7e21c1a
203056487243400,0,17,117f597ff7e21c1a
203056487260100,0,17,117f597ff7e21c1a
203056487266100,0,17,117f597ff7e11c1a
203056487271700,0,17,117f597ff7e11c1a
203056487278200,0,17,117f597ff7e11c1a
203056487285300,0,17,117f598007e11c1a
203056487290800,0,17,117f597ff7e11c1a
203056487297000,0,17,117f597ff7e11c1a
203056487302500,0,17,117f598007e11c1a
203056487308100,0,17,117f597fe7e11c1a
203056487314000,0,17,117f597ff7e21c1a
203056487321200,0,17,117f598007e21c1a
203056487327800,0,17,117f597ff7e11c1a
203056487333500,0,17,117f597fe7e21c1a
203056487339000,0,17,117f597fe7e21c1a
203056487344300,0,17,117f597fe7e31c1a
203056487349800,0,17,117f598007e31c1a
203056487355100,0,17,117f598007e31c1a
203056487360500,0,17,117f597ff7e31c1a
203056487366000,0,17,117f597ff7e31c1a
203056487371700,0,17,117f597ff7e21c1a
203056487377100,0,17,117f597ff7e21c1a
203056487382700,0,17,117f597ff7e11c1a
203056487389800,0,17,117f597ff7e11c1a
203056487395500,0,17,117f597ff7e21c1a
203056487400900,0,17,117f597ff7e11c1a
203056487406500,0,17,117f598017e21c1a
203056487411900,0,17,117f597ff7e21c1a
203056487417600,0,17,117f597ff7e21c1a
203056487423000,0,17,117f598007e21c1a
203056487428500,0,17,117f597ff7e21c1a
203056487434000,0,17,117f598007e21c1a
203056487439400,0,17,117f598017e21c1a
203056487445000,0,17,117f598007e11c1a
203056487450400,0,17,117f597ff7e11c1a
203056487456000,0,17,117f597fe7e11c1a
203056487461500,0,17,117f597ff7e11c1a
203056487467100,0,17,117f597ff7e11c1a
203056487472700,0,17,117f597ff7e11c1a
203056487478300,0,17,117f597fe7e21c1a
203056487483700,0,17,117f597ff7e21c1a
203056487489100,0,17,117f597ff7e21c1a
203056487494900,0,17,117f597ff7e21c1a
203056487500600,0,17,117f597ff7e21c1a
203056487506000,0,17,117f597ff7e21c1a
203056487511600,0,17,117f597ff7e21c1a
203056487517000,0,17,117f598007e21c1a
203056487522500,0,17,117f598007e11c1a
203056487532400,0,17,117f598007e11c1a
203056487537700,0,17,117f597ff7e11c1a
203056487543300,0,17,117f598007e11c1a
203056487548600,0,17,117f597ff7e11c1a
203056487554200,0,17,117f598007e21c1a
203056487560700,0,17,117f597fe7e21c1a
203056487566500,0,17,117f597ff7e21c1a
203056487573100,0,17,117f598007e21c1a
203056487578600,0,17,117f597ff7e21c1a
203056487584000,0,17,117f597fd7e21c1a
203056487589400,0,17,117f597fe7e21c1a
203056487598200,0,17,117f598007e21c1a
203056599619100,0,17,117f597ff7e21c1a
203056599650500,0,17,117f598007e21c1a
203056599658700,0,17,117f597ff7e21c1a
203056599665000,0,17,117f597fe7e21c1a
203056599670900,0,17,117f598007e21c1a
203056599677100,0,17,117f597fe7e21c1a
203056599682900,0,17,117f598007e21c1a
203056599688900,0,17,117f598007e21c1a
203056599694700,0,17,117f597ff7e21c1a
203056599700500,0,17,117f597ff7e11c1a
203056599706300,0,17,117f597ff7e11c1a
203056599713000,0,17,117f597fe7e21c1a
203056599718700,0,17,117f597fe7e21c1a
203056599724400,0,17,117f598007e21c1a
203056599730100,0,17,117f597ff7e21c1a
203056599735700,0,17,117f597ff7e31c1a
203056599741600,0,17,117f597fe7e31c1a
203056599747400,0,17,117f597ff7e31c1a
203056599753100,0,17,117f598007e21c1a
203056599758900,0,17,117f597ff7e21c1a
203056599764500,0,17,117f597ff7e21c1a
203056599770200,0,17,117f597ff7e11c1a
203056599776000,0,17,117f597ff7e21c1a
203056599782100,0,17,117f597ff7e11c1a
203056599787800,0,17,117f597ff7e11c1a
203056599793700,0,17,117f597fe7e11c1a
203056599799600,0,17,117f598007e21c1a
203056599807200,0,17,117f597fe7e21c1a
203056599813200,0,17,117f598007e21c1a
203056599819200,0,17,117f597ff7e11c1a
203056599825000,0,17,117f597ff7e21c1a
203056599831000,0,17,117f597ff7e11c1a
203056599836900,0,17,117f597ff7e11c1a
203056599842700,0,17,117f597ff7e11c1a
203056599848400,0,17,117f597fe7e11c1a
203056599854300,0,17,117f597fe7e21c1a
203056599860200,0,17,117f597ff7e21c1a
203056599866000,0,17,117f598007e21c1a
203056599871800,0,17,117f597ff7e11c1a
203056599877400,0,17,117f597fe7e21c1a
203056599883300,0,17,117f598007e21c1a
203056599889100,0,17,117f597ff7e21c1a
203056599894900,0,17,117f597ff7e21c1a
203056599902000,0,17,117f597ff7e21c1a
203056599907800,0,17,117f597ff7e21c1a
203056599913500,0,17,117f598007e21c1a
203056599919200,0,17,117f597ff7e21c1a
203056599929600,0,17,117f597ff7e21c1a
203056599936300,0,17,117f597ff7e11c1a
203056599942000,0,17,117f597ff7e11c1a
203056599947600,0,17,117f597ff7e11c1a
203056599953300,0,17,117f597ff7e11c1a
203056599958900,0,17,117f597ff7e11c1a
203056599964600,0,17,117f597fe7e11c1a
203056599970300,0,17,117f597ff7e21c1a
203056599976000,0,17,117f597ff7e21c1a
203056599981900,0,17,117f597ff7e21c1a
203056599987500,0,17,117f597fe7e21c1a
203056599993200,0,17,117f598007e21c1a
203056599999900,0,17,117f598007e21c1a
203056600005500,0,17,117f597ff7e11c1a
203056600011100,0,17,117f598007e21c1a
203056600016500,0,17,117f597ff7e11c1a
203056600022400,0,17,117f597ff7e11c1a
203056600028100,0,17,117f598017e21c1a
203056600033800,0,17,117f597fe7e11c1a
203056600039500,0,17,117f597ff7e11c1a
203056600045300,0,17,117f597ff7e11c1a
203056709990700,0,17,117f597ff7e21c1a
203056710015200,0,17,117f598007e21c1a
203056710023500,0,17,117f597ff7e21c1a
203056710029800,0,17,117f597ff7e21c1a
203056710035700,0,17,117f598007e21c1a
203056710041600,0,17,117f598007e21c1a
203056710047300,0,17,117f597ff7e11c1a
203056710053800,0,17,117f597ff7e11c1a
203056710059800,0,17,117f597fe7e21c1a
203056710065500,0,17,117f597fe7e21c1a
203056710071200,0,17,117f597ff7e21c1a
203056710077200,0,17,117f597ff7e21c1a
203056710083200,0,17,117f597ff7e21c1a
203056710089000,0,17,117f597ff7e11c1a
203056710094600,0,17,117f597ff7e21c1a
203056710100500,0,17,117f597ff7e21c1a
203056710106700,0,17,117f597ff7e31c1a
203056710112400,0,17,117f597ff7e21c1a
203056710118100,0,17,117f597ff7e21c1a
203056710123900,0,17,117f597ff7e11c1a
203056710129600,0,17,117f597fe7e11c1a
203056710135500,0,17,117f597fe7e21c1a
203056710141000,0,17,117f597fe7e21c1a
203056710147100,0,17,117f598007e31c1a
203056710152600,0,17,117f597fe7e21c1a
203056710159700,0,17,117f597fe7e21c1a
203056710166700,0,17,117f598007e21c1a
203056710172500,0,17,117f597ff7e21c1a
203056710178200,0,17,117f597fe7e21c1a
203056710183900,0,17,117f597ff7e21c1a
203056710189600,0,17,117f597ff7e11c1a
203056710198600,0,17,117f597ff7e21c1a
203056710204900,0,17,117f5a8007e21c1a
203056710210600,0,17,117f597ff7e11c1a
203056710217000,0,17,117f597ff7e01c1a
203056710222700,0,17,117f597fe7e01c1a
203056710228300,0,17,117f597fe7e11c1a
203056710234000,0,17,117f597ff7e11c1a
203056710239700,0,17,117f597fe7e11c1a
203056710245500,0,17,117f597ff7e11c1a
203056710251200,0,17,117f597ff7e21c1a
203056710257100,0,17,117f597ff7e21c1a
203056710262600,0,17,117f597ff7e31c1a
203056710268200,0,17,117f597ff7e21c1a
203056710273800,0,17,117f597fe7e21c1a
203056710279500,0,17,117f598007e21c1a
203056710285200,0,17,117f597ff7e21c1a
203056710290800,0,17,117f597ff7e21c1a
203056710296100,0,17,117f597ff7e21c1a
203056710301700,0,17,117f597ff7e21c1a
203056710307000,0,17,117f597fe7e21c1a
203056710312600,0,17,117f597fe7e21c1a
203056710317900,0,17,117f597ff7e21c1a
203056710323400,0,17,117f597ff7e21c1a
203056710330200,0,17,117f598007e21c1a
203056710335600,0,17,117f597fe7e21c1a
203056710341200,0,17,117f597fe7e21c1a
203056710346600,0,17,117f597ff7e21c1a
203056710352300,0,17,117f597ff7e21c1a
203056710358000,0,17,117f597ff7e21c1a
203056710363800,0,17,117f597ff7e21c1a
203056710369600,0,17,117f597fe7e21c1a
203056710375600,0,17,117f597ff7e21c1a
203056710381600,0,17,117f598007e31c1a
203056710387300,0,17,117f597ff7e21c1a
203056710393000,0,17,117f597ff7e21c1a
203056710399000,0,17,117f598007e11c1a
203056820574600,0,17,117f597fe7e21c1a
203056820615300,0,17,117f597ff7e21c1a
203056820624000,0,17,117f598007e21c1a
203056820630200,0,17,117f597ff7e21c1a
203056820636700,0,17,117f597ff7e21c1a
203056820642400,0,17,117f597fe7e21c1a
203056820648400,0,17,117f597ff7e21c1a
203056820661800,0,17,117f597fe7e31c1a
203056820668800,0,17,117f597ff7e31c1a
203056820674200,0,17,117f598007e31c1a
203056820684500,0,17,117f597ff7e31c1a
203056820692700,0,17,117f597ff7e31c1a
203056820701300,0,17,117f597ff7e21c1a
203056820710300,0,17,117f598007e21c1a
203056820729900,0,17,117f597ff7e21c1a
203056820736900,0,17,117f597ff7e11c1a
203056820751400,0,17,117f597ff7e11c1a
203056820760400,0,17,117f597ff7e11c1a
203056820769600,0,17,117f598007e21c1a
203056820776400,0,17,117f597fe7e11c1a
203056820782200,0,17,117f597ff7e11c1a
203056820787600,0,17,117f598007e11c1a
203056820793100,0,17,117f597ff7e11c1a
203056820798500,0,17,117f597ff7e11c1a
203056820808300,0,17,117f597fe7e01c1a
203056820813600,0,17,117f597ff7e01c1a
203056820819000,0,17,117f597ff7e11c1a
203056820824600,0,17,117f597fe7e21c1a
203056820830100,0,17,117f597ff7e21c1a
203056820835400,0,17,117f598007e21c1a
203056820840700,0,17,117f597fe7e21c1a
203056820846200,0,17,117f597fe7e21c1a
203056820851700,0,17,117f598007e21c1a
203056820857000,0,17,117f597ff7e21c1a
203056820862600,0,17,117f597ff7e21c1a
203056820868000,0,17,117f597ff7e21c1a
203056820873700,0,17,117f597ff7e21c1a
203056820879000,0,17,117f597ff7e31c1a
203056820884300,0,17,117f597ff7e31c1a
203056820889900,0,17,117f598017e31c1a
203056820895800,0,17,117f597fe7e21c1a
203056820901200,0,17,117f597fe7e21c1a
203056820906800,0,17,117f597ff7e31c1a
203056820912200,0,17,117f597ff7e51c1a
203056820917600,0,17,117f598007e61c1a
203056820923000,0,17,117f597ff7e91c1a
203056820929000,0,17,117f5a8017ea1c1a
203056820934400,0,17,117f5a8007ec1c1a
203056820939700,0,17,117f5a8007ee1c1a
203056820945200,0,17,117f5a8007ef1c1a
203056820950700,0,17,117f5a7ff7ef1c1a
203056820960600,0,17,117f5a8007f01c1a
203056820971800,0,17,117f5a8007f11c1a
203056820977200,0,17,117f5a8007f11c1a
203056820982500,0,17,117f5a8007f21c1a
203056820987900,0,17,117f5a8007f21c1a
203056820993300,0,17,117f5a7ff7f21c1a
203056820998900,0,17,117f5a7fe7f21c1a
203056821004300,0,17,117f5b8017f31c1a
203056821009700,0,17,117f5b8007f31c1a
203056821015100,0,17,117f5a8007f21c1a
203056821020500,0,17,117f5b8007f21c1a
203056821025800,0,17,117f5b8007f21c1a
203056821031200,0,17,117f5b8007f11c1a
203056821036600,0,17,117f5b8017f11c1a
203056821041800,0,17,117f5b8007f11c1a
203056821047500,0,17,117f5b7ff7f11c1a
203056821052800,0,17,117f5b8007f21c1a
203056934716900,0,17,117f5b7ff7f31c1a
203056934742200,0,17,117f5b7ff7f31c1a
203056934749600,0,17,117f5b7ff7f31c1a
203056934755700,0,17,117f5b8007f31c1a
203056934774800,0,17,117f5b7ff7f31c1a
203056934781500,0,17,117f5b7ff7f31c1a
203056934787300,0,17,117f5b8007f31c1a
203056934792800,0,17,117f5b7ff7f31c1a
203056934798700,0,17,117f5b7ff7f31c1a
203056934804600,0,17,117f5b7ff7f41c1a
203056934810600,0,17,117f5b7ff7f41c1a
203056934816100,0,17,117f5b7ff7f41c1a
203056934821900,0,17,117f5b7ff7f41c1a
203056934827500,0,17,117f5b7ff7f41c1a
203056934833200,0,17,117f5b8007f41c1a
203056934838900,0,17,117f5b7ff7f41c1a
203056934853700,0,17,117f5b7ff7f41c1a
203056934860700,0,17,117f5b7ff7f41c1a
203056934866400,0,17,117f5b7ff7f41c1a
203056934872200,0,17,117f5b7fe7f51c1a
203056934877800,0,17,117f5b7fe7f51c1a
203056934883400,0,17,117f5b7ff7f51c1a
203056934888800,0,17,117f5b7ff7f61c1a
203056934894200,0,17,117f5b7ff7f61c1a
203056934900000,0,17,117f5b7ff7f61c1a
203056934905400,0,17,117f5b7ff7f61c1a
203056934910900,0,17,117f5b8007f61c1a
203056934916400,0,17,117f5b7ff7f51c1a
203056934922300,0,17,117f5b8007f51c1a
203056934927800,0,17,117f5b8007f51c1a
203056934933500,0,17,117f5b8007f41c1a
203056934939000,0,17,117f5b7ff7f51c1a
203056934944500,0,17,117f5b7ff7f41c1a
203056934949900,0,17,117f5b7ff7f41c1a
203056934955400,0,17,117f5b7ff7f41c1a
203056934960700,0,17,117f5b7ff7f51c1a
203056934966500,0,17,117f5b7ff7f41c1a
203056934972100,0,17,117f5b8007f41c1a
203056934977600,0,17,117f5b7ff7f51c1a
203056934982900,0,17,117f5b7ff7f61c1a
203056934988400,0,17,117f5b8007f61c1a
203056934993700,0,17,117f5b8007f51c1a
203056934999100,0,17,117f5b7fe7f51c1a
203056935004400,0,17,117f5b7ff7f51c1a
203056935011200,0,17,117f5b8007f51c1a
203056935017000,0,17,117f5b7ff7f41c1a
203056935022800,0,17,117f5b7ff7f41c1a
203056935029000,0,17,117f5b7ff7f51c1a
203056935034700,0,17,117f5b7ff7f51c1a
203056935040100,0,17,117f5b7ff7f51c1a
203056935045600,0,17,117f5b7ff7f61c1a
203056935051300,0,17,117f5b7ff7f61c1a
203056935056800,0,17,117f5b7ff7f51c1a
203056935062200,0,17,117f5b7ff7f51c1a
203056935068000,0,17,117f5b8007f61c1a
203056935073300,0,17,117f5b7ff7f51c1a
203056935078700,0,17,117f5b8007f51c1a
203056935084200,0,17,117f5b7fe7f51c1a
203056935089700,0,17,117f5b7fe7f51c1a
203056935095400,0,17,117f5b7ff7f61c1a
203056935101000,0,17,117f5b7ff7f51c1a
203056935106400,0,17,117f5b7ff7f51c1a
203056935111900,0,17,117f5b7fe7f51c1a
203056935117300,0,17,117f5b7ff7f51c1a
203056935123000,0,17,117f5b7ff7f51c1a
203056935128700,0,17,117f5b8007f41c1a
203056935134000,0,17,117f5b8007f51c1a
203056935139300,0,17,117f5b7ff7f51c1a
203056935144800,0,17,117f5b7fe7f41c1a
203057047604700,0,17,117f5b7ff7f51c1a
203057047647100,0,17,117f5b8007f51c1a
203057047655300,0,17,117f5b7ff7f51c1a
203057047661800,0,17,117f5b7ff7f41c1a
203057047667800,0,17,117f5b7fe7f41c1a
203057047681000,0,17,117f5b7fe7f41c1a
203057047688300,0,17,117f5b7fe7f41c1a
203057047693800,0,17,117f5b8007f51c1a
203057047699500,0,17,117f5b7fe7f51c1a
203057047705100,0,17,117f5b7ff7f51c1a
203057047710800,0,17,117f5b8007f51c1a
203057047717300,0,17,117f5b7fe7f51c1a
203057047722800,0,17,117f5b8007f41c1a
203057047728500,0,17,117f5b7fe7f41c1a
203057047734300,0,17,117f5b7ff7f51c1a
203057047739900,0,17,117f5b8007f41c1a
203057047745900,0,17,117f5b7ff7f51c1a
203057047751600,0,17,117f5b7ff7f51c1a
203057047757100,0,17,117f5b7ff7f51c1a
203057047762400,0,17,117f5b8007f51c1a
203057047768300,0,17,117f5b7ff7f51c1a
203057047773800,0,17,117f5b7ff7f51c1a
203057047779400,0,17,117f5b8007f51c1a
203057047784600,0,17,117f5b8007f51c1a
203057047790500,0,17,117f5b7fe7f51c1a
203057047796100,0,17,117f5b7ff7f51c1a
203057047803200,0,17,117f5b8007f61c1a
203057047808700,0,17,117f5b7ff7f51c1a
203057047814100,0,17,117f5b7ff7f61c1a
203057047819700,0,17,117f5b8007f51c1a
203057047825300,0,17,117f5b7fe7f51c1a
203057047830900,0,17,117f5b7fe7f51c1a
203057047836700,0,17,117f5b8007f51c1a
203057047842100,0,17,117f5b8007f51c1a
203057047847800,0,17,117f5b7ff7f41c1a
203057047853400,0,17,117f5b8007f51c1a
203057047858900,0,17,117f5b7ff7f41c1a
203057047864300,0,17,117f5b8007f41c1a
203057047869700,0,17,117f5b7fd7f41c1a
203057047875300,0,17,117f5b7fe7f51c1a
203057047880800,0,17,117f5b7fe7f51c1a
203057047886400,0,17,117f5b7ff7f51c1a
203057047897600,0,17,117f5b7ff7f51c1a
203057047903500,0,17,117f5b7ff7f61c1a
203057047909300,0,17,117f5b7ff7f51c1a
203057047914700,0,17,117f5b7ff7f61c1a
203057047920100,0,17,117f5b7ff7f51c1a
203057047925500,0,17,117f5b7ff7f51c1a
203057047930900,0,17,117f5b8007f51c1a
203057047936400,0,17,117f5b8007f51c1a
203057047941900,0,17,117f5b8017f51c1a
203057047951300,0,17,117f5b7ff7f41c1a
203057047956800,0,17,117f5b7ff7f41c1a
203057047962300,0,17,117f5b7fe7f41c1a
203057047967800,0,17,117f5b7ff7f51c1a
203057047973400,0,17,117f5b7ff7f51c1a
203057047979500,0,17,117f5b8007f51c1a
203057047985200,0,17,117f5b7fe7f51c1a
203057047990800,0,17,117f5b7ff7f51c1a
203057047996600,0,17,117f5b7fe7f51c1a
203057048002000,0,17,117f5b7ff7f51c1a
203057048007400,0,17,117f5b7fe7f51c1a
203057048012800,0,17,117f5b7ff7f51c1a
203057048018500,0,17,117f5b7ff7f51c1a
203057048024000,0,17,117f5b7ff7f51c1a
203057048029500,0,17,117f5b7ff7f51c1a
203057048035000,0,17,117f5b8007f51c1a
203057048040800,0,17,117f5b7ff7f51c1a
203057048046400,0,17,117f5b7ff7f51c1a
203057048052200,0,17,117f5b7ff7f51c1a
203057156969200,0,17,117f5b7ff7f51c1a
203057157030500,0,17,117f5b7ff7f51c1a
203057157038900,0,17,117f5b7ff7f51c1a
203057157045000,0,17,117f5b7fe7f51c1a
203057157050900,0,17,117f5b7ff7f51c1a
203057157057600,0,17,117f5b7ff7f51c1a
203057157063100,0,17,117f5b8007f51c1a
203057157080100,0,17,117f5b7ff7f51c1a
203057157122200,0,17,117f5b7ff7f51c1a
203057157128600,0,17,117f5b7ff7f51c1a
203057157134500,0,17,117f5b7ff7f51c1a
203057157139900,0,17,117f5b7ff7f51c1a
203057157153400,0,17,117f5b7fe7f51c1a
203057157159000,0,17,117f5b7fe7f41c1a
203057157164800,0,17,117f5b7ff7f51c1a
203057157170200,0,17,117f5b7ff7f51c1a
203057157207900,0,17,117f5b8007f51c1a
203057157214900,0,17,117f5b7ff7f41c1a
203057157220400,0,17,117f5b7fe7f41c1a
203057157226200,0,17,117f5b7fe7f51c1a
203057157231900,0,17,117f5b7ff7f51c1a
203057157241900,0,17,117f5b7ff7f51c1a
203057157247300,0,17,117f5b7ff7f61c1a
203057157252800,0,17,117f5b8007f51c1a
203057157258300,0,17,117f5b7fd7f51c1a
203057157263900,0,17,117f5b8007f51c1a
203057157269400,0,17,117f5b8007f51c1a
203057157275000,0,17,117f5b7ff7f51c1a
203057157309700,0,17,117f5b7fe7f51c1a
203057157317600,0,17,117f5b7ff7f61c1a
203057157323000,0,17,117f5b7ff7f51c1a
203057157328800,0,17,117f5b7ff7f51c1a
203057157334100,0,17,117f5b7fe7f51c1a
203057157340800,0,17,117f5b7ff7f51c1a
203057157346200,0,17,117f5b7ff7f51c1a
203057157352300,0,17,117f5b7ff7f51c1a
203057157357800,0,17,117f5b7ff7f51c1a
203057157363500,0,17,117f5b7ff7f41c1a
203057157368900,0,17,117f5b7ff7f41c1a
203057157374500,0,17,117f5b7ff7f41c1a
203057157379900,0,17,117f5b7fe7f51c1a
203057157385200,0,17,117f5b7ff7f51c1a
203057157391000,0,17,117f5b7ff7f51c1a
203057157396300,0,17,117f5b8007f51c1a
203057157401600,0,17,117f5b8007f51c1a
203057157406800,0,17,117f5b7fe7f51c1a
203057157412200,0,17,117f5b7ff7f51c1a
203057157417600,0,17,117f5b7ff7f51c1a
203057157423100,0,17,117f5b7ff7f51c1a
203057157428700,0,17,117f5b7ff7f51c1a
203057157434400,0,17,117f5b7fe7f41c1a
203057157439900,0,17,117f5b8007f51c1a
203057157445500,0,17,117f5b7fe7f41c1a
203057157465800,0,17,117f5b7ff7f51c1a
203057157490400,0,17,117f5b7ff7f51c1a
203057157498300,0,17,117f5b7ff7f51c1a
203057157504100,0,17,117f5b7ff7f61c1a
203057157509900,0,17,117f5b8007f61c1a
203057157515600,0,17,117f5b8007f51c1a
203057157522800,0,17,117f5b7ff7f51c1a
203057157528300,0,17,117f5b8007f51c1a
203057157533800,0,17,117f5b7fe7f41c1a
203057157539500,0,17,117f5b7fe7f51c1a
203057157545300,0,17,117f5b7fe7f51c1a
203057157550600,0,17,117f5b7ff7f51c1a
203057157556000,0,17,117f5b7ff7f51c1a
203057268897600,0,17,117f5b7ff7f61c1a
203057268924000,0,17,117f5b7ff7f51c1a
203057268931400,0,17,117f5b7ff7f51c1a
203057268938200,0,17,117f5b7ff7f61c1a
203057268944000,0,17,117f5b8007f51c1a
203057268949600,0,17,117f5b7ff7f51c1a
203057268955300,0,17,117f5b7ff7f51c1a
203057268960900,0,17,117f5b7fe7f51c1a
203057268966600,0,17,117f5b7fe7f51c1a
203057268971900,0,17,117f5b7ff7f51c1a
203057268977800,0,17,117f5b7ff7f51c1a
203057268983500,0,17,117f5b7ff7f61c1a
203057268989000,0,17,117f5b7ff7f51c1a
203057268994600,0,17,117f5b7ff7f51c1a
203057269000300,0,17,117f5b8007f51c1a
203057269005700,0,17,117f5b7fe7f51c1a
203057269011200,0,17,117f5b8007f51c1a
203057269016900,0,17,117f5b7fe7f51c1a
203057269022300,0,17,117f5b7ff7f51c1a
203057269027900,0,17,117f5b7ff7f51c1a
203057269033400,0,17,117f5b7fe7f51c1a
203057269038800,0,17,117f5b7ff7f51c1a
203057269044300,0,17,117f5b8007f61c1a
203057269049900,0,17,117f5b8007f51c1a
203057269055300,0,17,117f5b7fe7f51c1a
203057269060700,0,17,117f5b7ff7f41c1a
203057269066000,0,17,117f5b7ff7f41c1a
203057269071300,0,17,117f5b7ff7f41c1a
203057269076600,0,17,117f5b7ff7f41c1a
203057269082000,0,17,117f5b7fe7f41c1a
203057269087700,0,17,117f5b8007f41c1a
203057269093100,0,17,117f5a7fe7f41c1a
203057269098500,0,17,117f5b7ff7f51c1a
203057269105000,0,17,117f5b8007f41c1a
203057269110700,0,17,117f5b7ff7f41c1a
203057269116200,0,17,117f5b7fe7f41c1a
203057269121700,0,17,117f5b7ff7f41c1a
203057269127100,0,17,117f5b8007f41c1a
203057269132800,0,17,117f5b8007f41c1a
203057269138300,0,17,117f5b7ff7f41c1a
203057269143600,0,17,117f5b7fe7f41c1a
203057269149100,0,17,117f5b7ff7f51c1a
203057269154400,0,17,117f5b8007f41c1a
203057269160600,0,17,117f5b7ff7f51c1a
203057269166200,0,17,117f5b7ff7f51c1a
203057269171900,0,17,117f5b7ff7f41c1a
203057269177200,0,17,117f5b7ff7f51c1a
203057269182600,0,17,117f5b7fe7f51c1a
203057269187900,0,17,117f5b7ff7f61c1a
203057269193200,0,17,117f5b7ff7f51c1a
203057269198700,0,17,117f5b7fe7f61c1a
203057269204200,0,17,117f5b7ff7f61c1a
203057269209500,0,17,117f5b7ff7f61c1a
203057269215000,0,17,117f5b7ff7f51c1a
203057269220400,0,17,117f5b8007f51c1a
203057269225700,0,17,117f5b7ff7f51c1a
203057269232200,0,17,117f5b7ff7f51c1a
203057269237900,0,17,117f5b7ff7f41c1a
203057269243600,0,17,117f5b7ff7f51c1a
203057269249100,0,17,117f5b7fe7f51c1a
203057269254400,0,17,117f5b7ff7f51c1a
203057269260100,0,17,117f5b8007f51c1a
203057269265400,0,17,117f5b8007f51c1a
203057269270800,0,17,117f5b7fe7f51c1a
203057269288800,0,17,117f5b7ff7f61c1a
203057269295000,0,17,117f5b7ff7f61c1a
203057269300700,0,17,117f5b7fe7f51c1a
203057269308300,0,17,117f5b7ff7f61c1a
203057378152100,0,17,117f5b7ff7f61c1a
203057378178000,0,17,117f5b8007f51c1a
203057378185600,0,17,117f5b7fe7f51c1a
203057378193200,0,17,117f5b8007f51c1a
203057378198700,0,17,117f5b7fe7f51c1a
203057378204700,0,17,117f5b7fe7f41c1a
203057378210600,0,17,117f5b7ff7f51c1a
203057378215900,0,17,117f5b8007f41c1a
203057378221300,0,17,117f5b7ff7f41c1a
203057378228200,0,17,117f5b7ff7f51c1a
203057378233900,0,17,117f5b7ff7f51c1a
203057378239300,0,17,117f5b7ff7f51c1a
203057378244700,0,17,117f5b8007f51c1a
203057378250100,0,17,117f5b7ff7f61c1a
203057378255700,0,17,117f5b7fe7f61c1a
203057378262100,0,17,117f5b7fe7f61c1a
203057378267800,0,17,117f5b7ff7f51c1a
203057378273400,0,17,117f5b8007f61c1a
203057378279000,0,17,117f5b7ff7f51c1a
203057378284300,0,17,117f5b7ff7f51c1a
203057378290000,0,17,117f5b7fe7f51c1a
203057378295900,0,17,117f5b7ff7f51c1a
203057378301300,0,17,117f5b8007f51c1a
203057378306600,0,17,117f5b7fe7f41c1a
203057378312200,0,17,117f5b8007f41c1a
203057378317600,0,17,117f5b7fe7f41c1a
203057378324200,0,17,117f5b7fe7f41c1a
203057378329500,0,17,117f5b8007f51c1a
203057378335000,0,17,117f5b8007f51c1a
203057378341000,0,17,117f5b8007f51c1a
203057378346600,0,17,117f5b7ff7f51c1a
203057378680700,0,17,117f5b7ff7f51c1a
203057378693800,0,17,117f5b7fe7f51c1a
203057378699600,0,17,117f5b7fe7f61c1a
203057378705000,0,17,117f5b8007f51c1a
203057378710900,0,17,117f5b7fe7f51c1a
203057378717900,0,17,117f5b7fe7f51c1a
203057378724600,0,17,117f5b7ff7f51c1a
203057378730000,0,17,117f5b7ff7f51c1a
203057378735500,0,17,117f5b8007f51c1a
203057378740900,0,17,117f5b7ff7f51c1a
203057378746200,0,17,117f5b7ff7f51c1a
203057378751700,0,17,117f5b7ff7f41c1a
203057378760300,0,17,117f5b7fe7f41c1a
203057378766200,0,17,117f5b7ff7f51c1a
203057378772000,0,17,117f5b7ff7f51c1a
203057378777300,0,17,117f5b7fe7f51c1a
203057378783000,0,17,117f5b7ff7f51c1a
203057378788400,0,17,117f5b7ff7f51c1a
203057378795400,0,17,117f5b8007f41c1a
203057378800700,0,17,117f5b7ff7f41c1a
203057378806400,0,17,117f5b7ff7f51c1a
203057378811700,0,17,117f5b8007f61c1a
203057378818400,0,17,117f5b7ff7f51c1a
203057378823800,0,17,117f5b7ff7f51c1a
203057378832200,0,17,117f5b7ff7f51c1a
203057378839600,0,17,117f5b7ff7f51c1a
203057378845600,0,17,117f5b7ff7f51c1a
203057378853200,0,17,117f5b8007f51c1a
203057378858700,0,17,117f5b7ff7f51c1a
203057378876700,0,17,117f5b7fe7f51c1a
203057378882300,0,17,117f5b7ff7f51c1a
203057492124100,0,17,117f5b7ff7f51c1a
203057492153300,0,17,117f5b7ff7f51c1a
203057492164600,0,17,117f5b7fe7f51c1a
203057492837500,0,17,117f5b7ff7f51c1a
203057492856600,0,17,117f5b7ff7f51c1a
203057492863700,0,17,117f5b7ff7f51c1a
203057492872000,0,17,117f5b7fe7f51c1a
203057492880100,0,17,117f5b8007f61c1a
203057492897600,0,17,117f5b7fe7f61c1a
203057492915800,0,17,117f5b7ff7f61c1a
203057492922700,0,17,117f5b7ff7f61c1a
203057492928600,0,17,117f5b7ff7f51c1a
203057492935100,0,17,117f5b8007f51c1a
203057492941700,0,17,117f5b7ff7f41c1a
203057492947100,0,17,117f5b7ff7f41c1a
203057493012600,0,17,117f5b7ff7f41c1a
203057493020300,0,17,117f5b7ff7f51c1a
203057493026400,0,17,117f5b8007f51c1a
203057493033300,0,17,117f5b7fe7f51c1a
203057493260400,0,17,117f5b8007f51c1a
203057493271200,0,17,117f5b7fe7f51c1a
203057493277600,0,17,117f5b7ff7f51c1a
203057493283600,0,17,117f5b7ff7f51c1a
203057493289300,0,17,117f5b7ff7f51c1a
203057493294800,0,17,117f5b8007f51c1a
203057493300400,0,17,117f5b7fe7f41c1a
203057493305900,0,17,117f5b8007f51c1a
203057493311300,0,17,117f5b7ff7f51c1a
203057493316900,0,17,117f5b7ff7f51c1a
203057493322800,0,17,117f5b8007f51c1a
203057493328400,0,17,117f5b7fe7f41c1a
203057493334200,0,17,117f5b7fe7f51c1a
203057493341800,0,17,117f5b7ff7f51c1a
203057493348200,0,17,117f5b8007f61c1a
203057493354000,0,17,117f5b8007f61c1a
203057493359900,0,17,117f5b7ff7f51c1a
203057493367900,0,17,117f5b7fe7f51c1a
203057493373400,0,17,117f5b8007f51c1a
203057493379100,0,17,117f5b7ff7f51c1a
203057493384600,0,17,117f5b7ff7f51c1a
203057493390700,0,17,117f5b7fe7f51c1a
203057493396200,0,17,117f5b7ff7f61c1a
203057493401700,0,17,117f5b7ff7f61c1a
203057493407200,0,17,117f5b7ff7f61c1a
203057493415000,0,17,117f5b7ff7f51c1a
203057493420500,0,17,117f5b7ff7f51c1a
203057493426000,0,17,117f5b7ff7f51c1a
203057493431400,0,17,117f5b7ff7f61c1a
203057493437000,0,17,117f5b7ff7f61c1a
203057493442500,0,17,117f5b7ff7f51c1a
203057493448200,0,17,117f5b7fe7f51c1a
203057493453600,0,17,117f5b7ff7f51c1a
203057493459100,0,17,117f5b7ff7f51c1a
203057493465000,0,17,117f5b8007f61c1a
203057493470600,0,17,117f5b7ff7f51c1a
203057493478300,0,17,117f5b8007f51c1a
203057493484100,0,17,117f5b7ff7f41c1a
203057493489600,0,17,117f5b8007f51c1a
203057493495300,0,17,117f5b7ff7f41c1a
203057493500900,0,17,117f5b7fe7f41c1a
203057493506400,0,17,117f5b8007f41c1a
203057493511900,0,17,117f5b7ff7f41c1a
203057493517300,0,17,117f5b7ff7f41c1a
203057493523200,0,17,117f5b7ff7f51c1a
203057493528800,0,17,117f5b7fe7f51c1a
203057493534600,0,17,117f5b7ff7f61c1a
203057493540100,0,17,117f5b7ff7f51c1a
203057493546000,0,17,117f5b7ff7f61c1a
203057493551600,0,17,117f5b8007f61c1a
203057493557300,0,17,117f5b8007f51c1a
203057604037300,0,17,117f5b7ff7f51c1a
203057604121600,0,17,117f5b8007f51c1a
203057604302800,0,17,117f5b7fe7f51c1a
203057604348000,0,17,117f5b7fe7f41c1a
203057604362600,0,17,117f5b8007f51c1a
203057604369200,0,17,117f5b8007f41c1a
203057604375700,0,17,117f5b7ff7f41c1a
203057604413600,0,17,117f5b7ff7f41c1a
203057604421300,0,17,117f5b7ff7f41c1a
203057604524900,0,17,117f5b7fe7f41c1a
203057604791200,0,17,117f5b8007f51c1a
203057604828500,0,17,117f5b7fe7f51c1a
203057604840200,0,17,117f5b8007f61c1a
203057604847300,0,17,117f5b7ff7f61c1a
203057604853900,0,17,117f5b7ff7f51c1a
203057604859800,0,17,117f5b7fe7f61c1a
203057604865800,0,17,117f5b7ff7f61c1a
203057604872000,0,17,117f5b7ff7f51c1a
203057604878000,0,17,117f5b7ff7f51c1a
203057604883800,0,17,117f5b7ff7f51c1a
203057604889700,0,17,117f5b7ff7f51c1a
203057604895800,0,17,117f5b8007f51c1a
203057604901600,0,17,117f5b7ff7f51c1a
203057604908200,0,17,117f5b7ff7f51c1a
203057604914200,0,17,117f5b7fe7f41c1a
203057604922600,0,17,117f5b8007f51c1a
203057604930700,0,17,117f5b7fe7f51c1a
203057604937700,0,17,117f5b7ff7f51c1a
203057604943700,0,17,117f5b7fe7f51c1a
203057604949700,0,17,117f5b7ff7f51c1a
203057604961300,0,17,117f5b7ff7f51c1a
203057604967200,0,17,117f5b8007f51c1a
203057604972800,0,17,117f5b7ff7f51c1a
203057606196600,0,17,117f5b7ff7f51c1a
203057606237200,0,17,117f5b7ff7f51c1a
203057606266500,0,17,117f5b7ff7f41c1a
203057606274200,0,17,117f5b7fe7f41c1a
203057606280400,0,17,117f5b7fe7f51c1a
203057606286200,0,17,117f5b8007f61c1a
203057606292000,0,17,117f5b7ff7f51c1a
203057606297900,0,17,117f5b7ff7f51c1a
203057606317000,0,17,117f5b8007f51c1a
203057606323600,0,17,117f5b7fe7f41c1a
203057606333100,0,17,117f5b7fe7f51c1a
203057606338800,0,17,117f5b7ff7f51c1a
203057606344500,0,17,117f5b7ff7f51c1a
203057606350200,0,17,117f5b8007f61c1a
203057606358700,0,17,117f5b7fe7f51c1a
203057606364300,0,17,117f5b7ff7f51c1a
203057606371600,0,17,117f5b7ff7f51c1a
203057606377400,0,17,117f5b7ff7f51c1a
203057606383000,0,17,117f5b8007f51c1a
203057606388900,0,17,117f5b7fe7f51c1a
203057606403500,0,17,117f5b7ff7f51c1a
203057606409600,0,17,117f5b8007f51c1a
203057606415300,0,17,117f5b7ff7f51c1a
203057606421400,0,17,117f5b7ff7f51c1a
203057606429000,0,17,117f5b7fe7f41c1a
203057606434700,0,17,117f5b7ff7f41c1a
203057606440600,0,17,117f5b7fe7f41c1a
203057606446300,0,17,117f5b7ff7f51c1a
203057606452000,0,17,117f5a7fe7f51c1a
203057606457900,0,17,117f5b7ff7f51c1a
203057606463500,0,17,117f5b7ff7f51c1a
203057606469200,0,17,117f5b7ff7f51c1a
203057606474700,0,17,117f5b7ff7f51c1a
203057718570800,0,17,117f5b7fe7f51c1a
203057718599400,0,17,117f5b7ff7f61c1a
203057718620300,0,17,117f5b7ff7f51c1a
203057718626800,0,17,117f5b8007f51c1a
203057718633300,0,17,117f5b7ff7f41c1a
203057718835500,0,17,117f5b8007f41c1a
203057718854500,0,17,117f5b8007f41c1a
203057718862100,0,17,117f5b7fe7f41c1a
203057718868500,0,17,117f5b7ff7f41c1a
203057718875000,0,17,117f5b8007f41c1a
203057718880800,0,17,117f5b7ff7f41c1a
203057718886700,0,17,117f5b7ff7f41c1a
203057718892800,0,17,117f5b7ff7f41c1a
203057718898600,0,17,117f5b7ff7f41c1a
203057718904300,0,17,117f5b7fe7f41c1a
203057718910200,0,17,117f5b7ff7f41c1a
203057718916200,0,17,117f5b7ff7f51c1a
203057718922100,0,17,117f5b7ff7f51c1a
203057718928200,0,17,117f5b7fe7f51c1a
203057718934000,0,17,117f5b8007f61c1a
203057718939800,0,17,117f5b8007f61c1a
203057718945700,0,17,117f5b8007f51c1a
203057718952500,0,17,117f5b7ff7f51c1a
203057718958300,0,17,117f5b8007f51c1a
203057718964200,0,17,117f5b7fe7f41c1a
203057718970100,0,17,117f5b7fe7f41c1a
203057718976100,0,17,117f5b7ff7f41c1a
203057718981800,0,17,117f5b7fe7f51c1a
203057718987900,0,17,117f5b7ff7f51c1a
203057718993700,0,17,117f5b7ff7f51c1a
203057718999400,0,17,117f5b7ff7f51c1a
203057719005100,0,17,117f5b7fe7f51c1a
203057719011500,0,17,117f5b7ff7f51c1a
203057719017200,0,17,117f5b7ff7f51c1a
203057719022900,0,17,117f5b7fd7f51c1a
203057719028900,0,17,117f5b7ff7f51c1a
203057719035000,0,17,117f5b7ff7f51c1a
203057719040600,0,17,117f5b8007f51c1a
203057719046300,0,17,117f5b8007f51c1a
203057719052000,0,17,117f5b7ff7f51c1a
203057719057600,0,17,117f5b8007f51c1a
203057719064100,0,17,117f5b7fe7f51c1a
203057719069800,0,17,117f5b7ff7f41c1a
203057719075500,0,17,117f5b7ff7f41c1a
203057719081600,0,17,117f5b7ff7f51c1a
203057719087300,0,17,117f5b7fe7f51c1a
203057719093100,0,17,117f5b7ff7f51c1a
203057719098700,0,17,117f5b7fe7f51c1a
203057719104700,0,17,117f5b7ff7f51c1a
203057719110400,0,17,117f5b8007f41c1a
203057719116200,0,17,117f5b7ff7f41c1a
203057719121900,0,17,117f5b7ff7f41c1a
203057719128100,0,17,117f5b7fe7f41c1a
203057719134000,0,17,117f5b7ff7f41c1a
203057719139700,0,17,117f5b8007f51c1a
203057719145300,0,17,117f5b7ff7f51c1a
203057719151300,0,17,117f5b7ff7f41c1a
203057719157300,0,17,117f5b7ff7f51c1a
203057719162900,0,17,117f5b7ff7f51c1a
203057719168800,0,17,117f5b7ff7f51c1a
203057719174700,0,17,117f5b8007f51c1a
203057719180500,0,17,117f5b7ff7f51c1a
203057719186400,0,17,117f5b8007f51c1a
203057719192100,0,17,117f5b7fe7f51c1a
203057719198000,0,17,117f5b7ff7f51c1a
203057719203800,0,17,117f5b7ff7f61c1a
203057719209600,0,17,117f5b8007f51c1a
203057719215400,0,17,117f5b7fe7f51c1a
203057829879200,0,17,117f5b8007f41c1a
203057829903900,0,17,117f5b8007f51c1a
203057829911500,0,17,117f5b7fe7f41c1a
203057829918000,0,17,117f5b8007f41c1a
203057829933200,0,17,117f5b7ff7f41c1a
203057829940000,0,17,117f5b8007f51c1a
203057829945900,0,17,117f5b7fe7f51c1a
203057829951800,0,17,117f5b8007f41c1a
203057829957700,0,17,117f5b7ff7f41c1a
203057829964000,0,17,117f5b7ff7f51c1a
203057829978400,0,17,117f5b7ff7f51c1a
203057829985700,0,17,117f5b7ff7f51c1a
203057829991600,0,17,117f5b7ff7f41c1a
203057829999300,0,17,117f5b7fe7f41c1a
203057830006600,0,17,117f5b8007f51c1a
203057830013100,0,17,117f5b7ff7f41c1a
203057830019000,0,17,117f5b7ff7f41c1a
203057830024800,0,17,117f5b7ff7f41c1a
203057830031400,0,17,117f5b7fe7f41c1a
203057830037500,0,17,117f5b7ff7f41c1a
203057830043300,0,17,117f5b7ff7f51c1a
203057830049600,0,17,117f5b7fe7f51c1a
203057830055300,0,17,117f5b7ff7f51c1a
203057830061000,0,17,117f5b8007f51c1a
203057830066900,0,17,117f5b7ff7f51c1a
203057830081500,0,17,117f5b7ff7f51c1a
203057830088600,0,17,117f5b7ff7f41c1a
203057830094400,0,17,117f5b7fe7f41c1a
203057830100300,0,17,117f5b7ff7f51c1a
203057830107400,0,17,117f5b8007f41c1a
203057830113200,0,17,117f5b7ff7f41c1a
203057830120600,0,17,117f5b7fe7f51c1a
203057830126300,0,17,117f5b7ff7f51c1a
203057830132300,0,17,117f5b8007f41c1a
203057830138000,0,17,117f5b7ff7f41c1a
203057830145100,0,17,117f5b7fe7f51c1a
203057830150700,0,17,117f5b7ff7f51c1a
203057830196300,0,17,117f5b7ff7f51c1a
203057830202500,0,17,117f5b7ff7f51c1a
203057830208400,0,17,117f5b7fe7f81c1a
203057830214300,0,17,117f5b8007fb1c1a
203057830220100,0,17,117f5b8007fd1c1a
203057830225700,0,17,117f5b8007ff1c1a
203057830231500,0,17,117f5c7ff8001c1a
203057830237200,0,17,117f5c8018021c1a
203057830243100,0,17,117f5c8008021c1a
203057830248800,0,17,117f5c8008031c1a
203057830254500,0,17,117f5c8008031c1a
203057830260500,0,17,117f5c8008031c1a
203057830266300,0,17,117f5c7ff8031c1a
203057830272000,0,17,117f5c7ff8041c1a
203057830279200,0,17,117f5c7fe8041c1a
203057830284900,0,17,117f5c8008051c1a
203057830291000,0,17,117f5c7ff8051c1a
203057830296800,0,17,117f5c8008061c1a
203057830357300,0,17,117f5c8008051c1a
203057830365800,0,17,117f5c7ff8061c1a
203057830374400,0,17,117f5c7ff8061c1a
203057830380300,0,17,117f5c7fe8061c1a
203057830386200,0,17,117f5c8008061c1a
203057830391800,0,17,117f5c8008061c1a
203057830397500,0,17,117f5c8008061c1a
203057830403300,0,17,117f5d8008051c1a
203057830409200,0,17,117f5c7ff8051c1a
203057830414800,0,17,117f5c7ff8051c1a
203057830420500,0,17,117f5c7ff8061c1a
203057830426500,0,17,117f5d8008051c1a
203057830433100,0,17,117f5d7ff8051c1a
203057943114200,0,17,117f5d8008061c1a
203057943146000,0,17,117f5c7ff8051c1a
203057943155200,0,17,117f5d7ff8061c1a
203057943161500,0,17,117f5d7ff8061c1a
203057943167300,0,17,117f5d8008061c1a
203057943173800,0,17,117f5d7ff8061c1a
203057943179400,0,17,117f5c7ff8061c1a
203057943185300,0,17,117f5d7ff8061c1a
203057943191100,0,17,117f5d7fe8061c1a
203057943196500,0,17,117f5c7ff8071c1a
203057943202000,0,17,117f5d7ff8071c1a
203057943207900,0,17,117f5d7ff8071c1a
203057943213800,0,17,117f5c7ff8071c1a
203057943219600,0,17,117f5d7ff8071c1a
203057943227000,0,17,117f5c7ff8071c1a
203057943232900,0,17,117f5c7ff8071c1a
203057943238900,0,17,117f5d7ff8071c1a
203057943244700,0,17,117f5d7ff8071c1a
203057943250600,0,17,117f5c7fe8071c1a
203057943256100,0,17,117f5c7fe8061c1a
203057943261400,0,17,117f5c7ff8071c1a
203057943266900,0,17,117f5d8008071c1a
203057943272600,0,17,117f5c7ff8071c1a
203057943278100,0,17,117f5c7ff8071c1a
203057943283500,0,17,117f5c7ff8081c1a
203057943324700,0,17,117f5d7ff8081c1a
203057943347500,0,17,117f5c7ff8071c1a
203057943354800,0,17,117f5c7ff8071c1a
203057943366000,0,17,117f5d7ff8071c1a
203057943390600,0,17,117f5d7ff8071c1a
203057943432500,0,17,117f5c7ff8071c1a
203057943439800,0,17,117f5d7ff8071c1a
203057943445600,0,17,117f5d7ff8071c1a
203057943451600,0,17,117f5d7ff8071c1a
203057943457100,0,17,117f5d7ff8071c1a
203057943462700,0,17,117f5c7ff8071c1a
203057943468200,0,17,117f5d7ff8071c1a
203057943473700,0,17,117f5c7ff8071c1a
203057943479200,0,17,117f5d7ff8071c1a
203057943484800,0,17,117f5d7ff8071c1a
203057943490200,0,17,117f5d7ff8071c1a
203057943495600,0,17,117f5d7ff8071c1a
203057943501400,0,17,117f5d7ff8071c1a
203057943506900,0,17,117f5d7ff8071c1a
203057943512200,0,17,117f5c7ff8071c1a
203057943517700,0,17,117f5d7ff8071c1a
203057943523100,0,17,117f5d7ff8071c1a
203057943528500,0,17,117f5c7ff8071c1a
203057943534200,0,17,117f5d7ff8071c1a
203057943540000,0,17,117f5d7ff8081c1a
203057943545400,0,17,117f5c7ff8081c1a
203057943550700,0,17,117f5d7ff8081c1a
203057943556200,0,17,117f5d7ff8081c1a
203057943561600,0,17,117f5c7ff8081c1a
203057943567000,0,17,117f5c7ff8081c1a
203057943572300,0,17,117f5c7fe8081c1a
203057943577900,0,17,117f5c7ff8081c1a
203057943583300,0,17,117f5d8008081c1a
203057943589800,0,17,117f5c7ff8081c1a
203057943595200,0,17,117f5c7fe8081c1a
203057943600500,0,17,117f5d8008081c1a
203057943606000,0,17,117f5c7ff8071c1a
203057943611300,0,17,117f5c7ff8071c1a
203057943616800,0,17,117f5c8008071c1a
203057943622200,0,17,117f5c7ff8071c1a
203057943627600,0,17,117f5c7ff8071c1a
203057943633000,0,17,117f5d7ff8071c1a
203057943638400,0,17,117f5d7ff8071c1a
203057943643800,0,17,117f5d7ff8071c1a
203057943649400,0,17,117f5d7ff8061c1a
203058055803500,0,17,117f5c7ff8061c1a
203058055834000,0,17,117f5d7ff8061c1a
203058055841900,0,17,117f5c7ff8071c1a
203058055848400,0,17,117f5c7ff8071c1a
203058055854100,0,17,117f5c7ff8081c1a
203058055859600,0,17,117f5c7ff8081c1a
203058055865200,0,17,117f5d7fe8071c1a
203058055872000,0,17,117f5c7ff8071c1a
203058055877800,0,17,117f5d7ff8071c1a
203058055883500,0,17,117f5c7ff8071c1a
203058055889200,0,17,117f5d7ff8071c1a
203058055895700,0,17,117f5d7ff8061c1a
203058055901400,0,17,117f5d8008071c1a
203058055907000,0,17,117f5c7ff8071c1a
203058055912700,0,17,117f5c7fe8071c1a
203058055918600,0,17,117f5c7ff8071c1a
203058055924300,0,17,117f5d7ff8071c1a
203058055929900,0,17,117f5d7ff8071c1a
203058055935600,0,17,117f5c7ff8071c1a
203058055941000,0,17,117f5d7ff8071c1a
203058055946400,0,17,117f5c7ff8071c1a
203058055952100,0,17,117f5d7ff8071c1a
203058055957800,0,17,117f5c7ff8071c1a
203058055963200,0,17,117f5c7fe8071c1a
203058055968700,0,17,117f5d7ff8071c1a
203058055974400,0,17,117f5d7ff8071c1a
203058055980200,0,17,117f5d7ff8071c1a
203058055985800,0,17,117f5c7fe8071c1a
203058055991200,0,17,117f5c7fe8071c1a
203058055996500,0,17,117f5d8008071c1a
203058056002600,0,17,117f5c8008071c1a
203058056008100,0,17,117f5c7ff8071c1a
203058056013400,0,17,117f5c7ff8071c1a
203058056019000,0,17,117f5c7ff8071c1a
203058056024500,0,17,117f5d7ff8071c1a
203058056029900,0,17,117f5d7ff8071c1a
203058056035500,0,17,117f5d8008071c1a
203058056041000,0,17,117f5c7ff8061c1a
203058056046800,0,17,117f5d7ff8061c1a
203058056052300,0,17,117f5d7ff8061c1a
203058056057900,0,17,117f5d7ff8071c1a
203058056063700,0,17,117f5c7ff8071c1a
203058056069300,0,17,117f5c7ff8071c1a
203058056074700,0,17,117f5c7fe8071c1a
203058056080400,0,17,117f5d7ff8081c1a
203058056086000,0,17,117f5c7ff8071c1a
203058056091600,0,17,117f5d7ff8071c1a
203058056097700,0,17,117f5c7ff8071c1a
203058056103200,0,17,117f5c7ff8071c1a
203058056108700,0,17,117f5c7ff8071c1a
203058056114200,0,17,117f5d7ff8071c1a
203058056120200,0,17,117f5c7ff8071c1a
203058056125800,0,17,117f5d7ff8071c1a
203058056131600,0,17,117f5d7ff8071c1a
203058056137000,0,17,117f5d7ff8071c1a
203058056142600,0,17,117f5d7ff8071c1a
203058056148400,0,17,117f5c7ff8071c1a
203058056153900,0,17,117f5d7ff8071c1a
203058056159800,0,17,117f5d7ff8071c1a
203058056166200,0,17,117f5c8008071c1a
203058056172100,0,17,117f5d7fe8071c1a
203058056177500,0,17,117f5d7ff8071c1a
203058056183000,0,17,117f5c7ff8071c1a
203058056188500,0,17,117f5d7ff8071c1a
203058056193900,0,17,117f5d7fe8071c1a
203058056199300,0,17,117f5d7ff8071c1a
203058056204700,0,17,117f5c7fe8071c1a
203058167921200,0,17,117f5d7ff8081c1a
203058167983800,0,17,117f5c7ff8071c1a
203058167993900,0,17,117f5d7ff8071c1a
203058168000200,0,17,117f5c7ff8071c1a
203058168007200,0,17,117f5d7ff8071c1a
203058168013200,0,17,117f5c7ff8071c1a
203058168018800,0,17,117f5c7ff8071c1a
203058168024400,0,17,117f5d7ff8071c1a
203058168030800,0,17,117f5c7ff8081c1a
203058168036400,0,17,117f5c7ff8071c1a
203058168041700,0,17,117f5d8008071c1a
203058168047300,0,17,117f5c7ff8071c1a
203058168052800,0,17,117f5d7ff8071c1a
203058168058100,0,17,117f5c7ff8071c1a
203058168064800,0,17,117f5d7ff8071c1a
203058168070600,0,17,117f5d7ff8071c1a
203058168076600,0,17,117f5c7ff8071c1a
203058168082200,0,17,117f5c7ff8061c1a
203058168087700,0,17,117f5d7ff8071c1a
203058168093400,0,17,117f5d7ff8071c1a
203058168099100,0,17,117f5d7ff8071c1a
203058168104600,0,17,117f5d7ff8071c1a
203058168110200,0,17,117f5d7ff8071c1a
203058168115600,0,17,117f5c7ff8071c1a
203058168121300,0,17,117f5d7ff8071c1a
203058168127000,0,17,117f5c7ff8071c1a
203058168132400,0,17,117f5c7ff8071c1a
203058168138000,0,17,117f5c7ff8071c1a
203058168143400,0,17,117f5d7ff8081c1a
203058168149000,0,17,117f5c7ff8071c1a
203058168154700,0,17,117f5d8008071c1a
203058168160200,0,17,117f5d7ff8071c1a
203058168165700,0,17,117f5d8008071c1a
203058168171100,0,17,117f5c7fe8071c1a
203058168182700,0,17,117f5d7ff8071c1a
203058168191500,0,17,117f5c7ff8071c1a
203058168225100,0,17,117f5d7fe8071c1a
203058168246100,0,17,117f5c7ff8081c1a
203058168253000,0,17,117f5d7ff8081c1a
203058168259000,0,17,117f5c7ff8081c1a
203058168265100,0,17,117f5c7ff8081c1a
203058168270800,0,17,117f5d7ff8071c1a
203058168276200,0,17,117f5c7fe8081c1a
203058168281800,0,17,117f5c7fe8081c1a
203058168288500,0,17,117f5d7ff8071c1a
203058168294600,0,17,117f5c8008071c1a
203058168300100,0,17,117f5d7ff8071c1a
203058168305800,0,17,117f5c7fe8071c1a
203058168311300,0,17,117f5d7ff8071c1a
203058168316700,0,17,117f5d7ff8071c1a
203058168322400,0,17,117f5c7ff8071c1a
203058168328300,0,17,117f5d7ff8071c1a
203058168334500,0,17,117f5c7ff8071c1a
203058168339900,0,17,117f5c7ff8081c1a
203058168345500,0,17,117f5c7ff8071c1a
203058168351300,0,17,117f5d7ff8071c1a
203058168356800,0,17,117f5c7ff8061c1a
203058168362400,0,17,117f5d8008061c1a
203058168367900,0,17,117f5d7ff8061c1a
203058168373200,0,17,117f5d7ff8061c1a
203058168378700,0,17,117f5c7fe8061c1a
203058168384000,0,17,117f5c7fe8061c1a
203058168389700,0,17,117f5c7ff8061c1a
203058168395100,0,17,117f5d7ff8071c1a
203058168400400,0,17,117f5d7ff8071c1a
203058168406000,0,17,117f5d7ff8071c1a
203058168411800,0,17,117f5d7ff8071c1a
203058168417400,0,17,117f5d7ff8081c1a
203058168422900,0,17,117f5d7ff8081c1a
203058279581100,0,17,117f5d8008081c1a
203058279614200,0,17,117f5c7ff8071c1a
203058279621500,0,17,117f5d7ff8071c1a
203058279628500,0,17,117f5d8008071c1a
203058279634100,0,17,117f5c7fe8071c1a
203058279640200,0,17,117f5c7ff8081c1a
203058279646200,0,17,117f5c7ff8071c1a
203058279652200,0,17,117f5d7ff8071c1a
203058279657700,0,17,117f5d8008071c1a
203058279698600,0,17,117f5d7ff8071c1a
203058280944900,0,17,117f5d7ff8071c1a
203058280979800,0,17,117f5d7ff8071c1a
203058280996400,0,17,117f5d7ff8071c1a
203058281011000,0,17,117f5c7fe8071c1a
203058281025100,0,17,117f5d7ff8071c1a
203058281038800,0,17,117f5d7ff8071c1a
203058281077400,0,17,117f5c7ff8071c1a
203058281085200,0,17,117f5c7ff8071c1a
203058281091200,0,17,117f5c7ff8071c1a
203058281099000,0,17,117f5d7ff8071c1a
203058281104600,0,17,117f5d7ff8071c1a
203058281110100,0,17,117f5d7ff8071c1a
203058281115900,0,17,117f5c7ff8071c1a
203058281121500,0,17,117f5d7ff8061c1a
203058281127500,0,17,117f5c7ff8061c1a
203058281132900,0,17,117f5d7ff8071c1a
203058281138400,0,17,117f5c7ff8071c1a
203058281143800,0,17,117f5d8008071c1a
203058281149000,0,17,117f5d7ff8071c1a
203058281154500,0,17,117f5d7ff8061c1a
203058281163400,0,17,117f5d7fe8061c1a
203058281168800,0,17,117f5c7ff8071c1a
203058281174300,0,17,117f5d8008071c1a
203058281179900,0,17,117f5d7ff8071c1a
203058281185900,0,17,117f5d7ff8071c1a
203058281191700,0,17,117f5d7ff8071c1a
203058281197500,0,17,117f5d7ff8071c1a
203058281202900,0,17,117f5c7fe8071c1a
203058281208400,0,17,117f5d7ff8071c1a
203058281214000,0,17,117f5d7ff8071c1a
203058281219600,0,17,117f5d7ff8071c1a
203058281225000,0,17,117f5d7ff8071c1a
203058281230500,0,17,117f5c7fe8081c1a
203058281235900,0,17,117f5c7ff8071c1a
203058281241300,0,17,117f5c7ff8071c1a
203058281246800,0,17,117f5c8008071c1a
203058281252400,0,17,117f5d7ff8071c1a
203058281257700,0,17,117f5d7ff8071c1a
203058281263100,0,17,117f5c7ff8071c1a
203058281268600,0,17,117f5d7ff8071c1a
203058281274000,0,17,117f5c7ff8081c1a
203058281279600,0,17,117f5d7ff8071c1a
203058281285000,0,17,117f5c7ff8071c1a
203058281290600,0,17,117f5d7ff8071c1a
203058281296100,0,17,117f5c7ff8071c1a
203058281301600,0,17,117f5d7ff8071c1a
203058281308000,0,17,117f5c7ff8081c1a
203058281313500,0,17,117f5d7ff8071c1a
203058281319000,0,17,117f5d7ff8071c1a
203058281324400,0,17,117f5d7ff8071c1a
203058281329900,0,17,117f5d7ff8071c1a
203058281335500,0,17,117f5c7ff8071c1a
203058281340800,0,17,117f5c7ff8071c1a
203058281346400,0,17,117f5d7ff8071c1a
203058281352900,0,17,117f5d7ff8071c1a
203058281359400,0,17,117f5c7ff8061c1a
203058281365400,0,17,117f5d7ff8071c1a
203058281371000,0,17,117f5d7ff8071c1a
203058281376500,0,17,117f5d7ff8071c1a
203058391762300,0,17,117f5d7ff8071c1a
203058391794100,0,17,117f5d8008071c1a
203058391802400,0,17,117f5c7fe8081c1a
203058391808600,0,17,117f5c7ff8081c1a
203058391814300,0,17,117f5d7fd8081c1a
203058391819800,0,17,117f5d7ff8081c1a
203058391826000,0,17,117f5d7ff8081c1a
203058391831600,0,17,117f5d7ff8081c1a
203058391849700,0,17,117f5c7ff8071c1a
203058391855300,0,17,117f5d7ff8081c1a
203058391860800,0,17,117f5d7ff8071c1a
203058391866300,0,17,117f5d8008071c1a
203058391871900,0,17,117f5d7ff8071c1a
203058391877600,0,17,117f5d7fe8071c1a
203058391884000,0,17,117f5d7ff8071c1a
203058391896400,0,17,117f5c7ff8071c1a
203058391902700,0,17,117f5c7ff8071c1a
203058391908200,0,17,117f5c7ff8071c1a
203058391913700,0,17,117f5d7ff8071c1a
203058391924100,0,17,117f5d7ff8071c1a
203058391929500,0,17,117f5c7ff8071c1a
203058391935100,0,17,117f5d7ff8081c1a
203058391940400,0,17,117f5d7ff8071c1a
203058391945700,0,17,117f5d7ff8071c1a
203058391951400,0,17,117f5d7ff8071c1a
203058391957100,0,17,117f5c7ff8071c1a
203058391962900,0,17,117f5d7ff8071c1a
203058391968600,0,17,117f5d7ff8071c1a
203058391974400,0,17,117f5d7ff8071c1a
203058391980600,0,17,117f5c7ff8071c1a
203058391986400,0,17,117f5d7ff8071c1a
203058391991800,0,17,117f5c7ff8071c1a
203058391997300,0,17,117f5c7ff8071c1a
203058392002800,0,17,117f5c7ff8071c1a
203058392008200,0,17,117f5c7ff8081c1a
203058392013800,0,17,117f5c7ff8081c1a
203058392019500,0,17,117f5d8008071c1a
203058392024900,0,17,117f5d7ff8071c1a
203058392030200,0,17,117f5d7ff8071c1a
203058392035500,0,17,117f5d8008071c1a
203058392040900,0,17,117f5d7fe8071c1a
203058392046600,0,17,117f5d8008071c1a
203058392052700,0,17,117f5d7ff8071c1a
203058392058300,0,17,117f5d7ff8071c1a
203058392063900,0,17,117f5c7fe8071c1a
203058392069400,0,17,117f5d7ff8081c1a
203058392075100,0,17,117f5c7ff8071c1a
203058392080500,0,17,117f5c7ff8071c1a
203058392085900,0,17,117f5d8008071c1a
203058392091800,0,17,117f5d7ff8071c1a
203058392097100,0,17,117f5c7ff8071c1a
203058392190200,0,17,117f5d7ff8081c1a
203058392215500,0,17,117f5d7ff8081c1a
203058392236500,0,17,117f5c7ff8081c1a
203058392249100,0,17,117f5c7ff8081c1a
203058392255700,0,17,117f5c7ff8081c1a
203058392261900,0,17,117f5c7ff8081c1a
203058392268200,0,17,117f5c7ff8081c1a
203058392273800,0,17,117f5c7ff8081c1a
203058392283600,0,17,117f5d7ff8081c1a
203058392316500,0,17,117f5c7ff8071c1a
203058392322600,0,17,117f5c7ff8071c1a
203058392328500,0,17,117f5c7ff8061c1a
203058392334000,0,17,117f5d7ff8071c1a
203058392339800,0,17,117f5d7ff8071c1a
203058392348000,0,17,117f5c7ff8071c1a
203058392353700,0,17,117f5d7ff8071c1a
203058503345500,0,17,117f5d7ff8071c1a
203058503373900,0,17,117f5c7ff8071c1a
203058503381600,0,17,117f5c7ff8061c1a
203058503392400,0,17,117f5c7ff8061c1a
203058503398400,0,17,117f5d8008061c1a
203058503404300,0,17,117f5c7ff8071c1a
203058503409900,0,17,117f5d7ff8071c1a
203058503415500,0,17,117f5d7ff8071c1a
203058503421000,0,17,117f5d7ff8071c1a
203058503426600,0,17,117f5d7ff8061c1a
203058503432200,0,17,117f5d7ff8071c1a
203058503440800,0,17,117f5c7ff8071c1a
203058503446600,0,17,117f5d7ff8081c1a
203058503453200,0,17,117f5c7ff8071c1a
203058503458900,0,17,117f5d7ff8071c1a
203058503464500,0,17,117f5d8008081c1a
203058503469800,0,17,117f5d7ff8071c1a
203058503475300,0,17,117f5d7ff8061c1a
203058503481400,0,17,117f5c7ff8071c1a
203058503487000,0,17,117f5d7ff8071c1a
203058503495100,0,17,117f5c7ff8071c1a
203058503501000,0,17,117f5d7ff8071c1a
203058503506700,0,17,117f5d7ff8071c1a
203058503512300,0,17,117f5c7fe8071c1a
203058503517500,0,17,117f5d7ff8071c1a
203058503523200,0,17,117f5d7ff8071c1a
203058503543100,0,17,117f5c7ff8071c1a
203058503587900,0,17,117f5c7ff8071c1a
203058503655400,0,17,117f5c7fe8071c1a
203058503685900,0,17,117f5d7ff8071c1a
203058503702400,0,17,117f5c7ff8071c1a
203058503716600,0,17,117f5d7ff8081c1a
203058503730900,0,17,117f5c7ff8071c1a
203058503744900,0,17,117f5c7ff8071c1a
203058503762400,0,17,117f5d7ff8071c1a
203058503805600,0,17,117f5c7ff8071c1a
203058503821900,0,17,117f5d7ff8071c1a
203058503835800,0,17,117f5d7ff8071c1a
203058503849400,0,17,117f5c7ff8061c1a
203058503886200,0,17,117f5d7ff8071c1a
203058503898200,0,17,117f5d8008071c1a
203058503904400,0,17,117f5d7ff8061c1a
203058503910300,0,17,117f5d7ff8071c1a
203058503916400,0,17,117f5d7ff8071c1a
203058503922600,0,17,117f5c7ff8071c1a
203058503928200,0,17,117f5d7ff8071c1a
203058503946300,0,17,117f5c7ff8071c1a
203058503953700,0,17,117f5d8008081c1a
203058503959500,0,17,117f5d7ff8071c1a
203058503965400,0,17,117f5c7ff8071c1a
203058503971400,0,17,117f5c7ff8071c1a
203058503976900,0,17,117f5d7ff8071c1a
203058503982500,0,17,117f5d7ff8071c1a
203058503988200,0,17,117f5c7ff8071c1a
203058503993600,0,17,117f5c7ff8081c1a
203058504000500,0,17,117f5d7ff8071c1a
203058504006100,0,17,117f5d7ff8081c1a
203058504011600,0,17,117f5c7ff8081c1a
203058504017100,0,17,117f5d7ff8081c1a
203058504022800,0,17,117f5d7ff8081c1a
203058504028300,0,17,117f5c7fe8081c1a
203058504033900,0,17,117f5d7ff8081c1a
203058504061700,0,17,117f5d7ff8081c1a
203058504086500,0,17,117f5c7ff8071c1a
203058504092600,0,17,117f5c7ff8071c1a
203058504098600,0,17,117f5c7ff8081c1a
203058504104200,0,17,117f5d7ff8081c1a
203058504109900,0,17,117f5d7ff8081c1a
203058504116100,0,17,117f5d7ff8081c1a
203058614425800,0,17,117f5c7ff8071c1a
203058614465600,0,17,117f5d7ff8071c1a
203058614483500,0,17,117f5d7ff8081c1a
203058614512400,0,17,117f5d7ff8071c1a
203058614525200,0,17,117f5c7ff8071c1a
203058614541800,0,17,117f5d7ff8071c1a
203058614549400,0,17,117f5d7ff8081c1a
203058614566900,0,17,117f5d7ff8071c1a
203058614588400,0,17,117f5c7ff8071c1a
203058614596300,0,17,117f5d8008081c1a
203058614602400,0,17,117f5c8008081c1a
203058614608600,0,17,117f5c7ff8071c1a
203058614624700,0,17,117f5c7ff8081c1a
203058614637900,0,17,117f5c7ff8081c1a
203058614653000,0,17,117f5d7ff8071c1a
203058614658900,0,17,117f5c7ff8071c1a
203058614664800,0,17,117f5c7fe8071c1a
203058614671000,0,17,117f5c7ff8071c1a
203058614676800,0,17,117f5d7ff8071c1a
203058614683100,0,17,117f5d7ff8071c1a
203058614689100,0,17,117f5d7ff8071c1a
203058614695100,0,17,117f5d7ff8071c1a
203058614701300,0,17,117f5c7fe8071c1a
203058614707300,0,17,117f5c7ff8071c1a
203058614713000,0,17,117f5c7ff8071c1a
203058614719100,0,17,117f5d7ff8071c1a
203058614724900,0,17,117f5d7ff8071c1a
203058614730700,0,17,117f5d7ff8071c1a
203058614736400,0,17,117f5d7ff8071c1a
203058614742100,0,17,117f5d7ff8071c1a
203058614748400,0,17,117f5c7ff8071c1a
203058614754300,0,17,117f5d7ff8071c1a
203058614760300,0,17,117f5d7ff8071c1a
203058614766300,0,17,117f5c7ff8071c1a
203058614772300,0,17,117f5c7ff8081c1a
203058614778300,0,17,117f5d7ff8071c1a
203058614784200,0,17,117f5c8008071c1a
203058614790400,0,17,117f5c7ff8071c1a
203058614796600,0,17,117f5c7ff8071c1a
203058614802400,0,17,117f5d7ff8071c1a
203058614808600,0,17,117f5c7ff8071c1a
203058614814500,0,17,117f5c7ff8071c1a
203058614820200,0,17,117f5c7ff8071c1a
203058614826200,0,17,117f5c7ff8071c1a
203058614836100,0,17,117f5d8008071c1a
203058614851000,0,17,117f5d7ff8061c1a
203058614861100,0,17,117f5d7fe8061c1a
203058614868400,0,17,117f5c7ff8061c1a
203058614874500,0,17,117f5c7ff8061c1a
203058614890100,0,17,117f5d7ff8071c1a
203058614902000,0,17,117f5d7ff8071c1a
203058614912200,0,17,117f5c7ff8071c1a
203058614923100,0,17,117f5d7ff8071c1a
203058614938100,0,17,117f5c7ff8071c1a
203058614950700,0,17,117f5d7ff8081c1a
203058614961800,0,17,117f5c7ff8071c1a
203058614975900,0,17,117f5c7fe8081c1a
203058614989500,0,17,117f5d7ff8071c1a
203058615002300,0,17,117f5c8008071c1a
203058615012500,0,17,117f5d7ff8071c1a
203058615026200,0,17,117f5d7ff8071c1a
203058615039000,0,17,117f5d7ff8071c1a
203058615051800,0,17,117f5c7ff8071c1a
203058615063700,0,17,117f5d7ff8071c1a
203058615084600,0,17,117f5c7ff8071c1a
203058615098000,0,17,117f5d8008071c1a
203058615109400,0,17,117f5d7ff8071c1a
203058615117300,0,17,117f5c7fe8071c1a
203058727305800,0,17,117f5d7ff8071c1a
203058727329600,0,17,117f5c7ff8071c1a
203058727337700,0,17,117f5d7ff8081c1a
203058727343900,0,17,117f5d7ff8071c1a
203058727349800,0,17,117f5c7ff8071c1a
203058727355300,0,17,117f5d7ff8071c1a
203058727360900,0,17,117f5c7fe8071c1a
203058727366500,0,17,117f5c7ff8071c1a
203058727372500,0,17,117f5d7ff8071c1a
203058727378000,0,17,117f5c7ff8071c1a
203058727383300,0,17,117f5d7ff8071c1a
203058727388800,0,17,117f5d7ff8071c1a
203058727394300,0,17,117f5c7fe8071c1a
203058727399800,0,17,117f5c7fe8071c1a
203058727405400,0,17,117f5d8008071c1a
203058727410900,0,17,117f5c7ff8081c1a
203058727416500,0,17,117f5c7ff8081c1a
203058727421900,0,17,117f5c7ff8071c1a
203058727427600,0,17,117f5c7ff8071c1a
203058727433500,0,17,117f5d7ff8081c1a
203058727439000,0,17,117f5d8008081c1a
203058727444300,0,17,117f5d7ff8071c1a
203058727450000,0,17,117f5d7ff8071c1a
203058727455300,0,17,117f5d7ff8061c1a
203058727460800,0,17,117f5d8008061c1a
203058727466400,0,17,117f5d8008061c1a
203058727472100,0,17,117f5d7ff8061c1a
203058727477600,0,17,117f5d7ff8061c1a
203058727483000,0,17,117f5c7ff8061c1a
203058727489000,0,17,117f5d7ff8071c1a
203058727494400,0,17,117f5c7ff8071c1a
203058727499700,0,17,117f5c7ff8081c1a
203058727505500,0,17,117f5d7ff8071c1a
203058727511100,0,17,117f5d7ff8071c1a
203058727516700,0,17,117f5c7ff8071c1a
203058727522200,0,17,117f5c7ff8071c1a
203058727527700,0,17,117f5d7ff8071c1a
203058727533100,0,17,117f5d7ff8071c1a
203058727540100,0,17,117f5d8008071c1a
203058727545400,0,17,117f5d7ff8071c1a
203058727551300,0,17,117f5c7fe8071c1a
203058727556700,0,17,117f5c7ff8081c1a
203058727562200,0,17,117f5c7ff8071c1a
203058727567900,0,17,117f5d7ff8081c1a
203058727573300,0,17,117f5d7ff8081c1a
203058727579100,0,17,117f5d7ff8081c1a
203058727585700,0,17,117f5c7ff8081c1a
203058727591500,0,17,117f5c7ff8071c1a
203058727623100,0,17,117f5c7ff8071c1a
203058727656400,0,17,117f5c7ff8071c1a
203058727665300,0,17,117f5d7ff8071c1a
203058727700000,0,17,117f5d7ff8071c1a
203058727710700,0,17,117f5d7ff8071c1a
203058727718100,0,17,117f5c7ff8071c1a
203058727724400,0,17,117f5c7ff8081c1a
203058727730400,0,17,117f5d7fe8071c1a
203058727736000,0,17,117f5d7ff8081c1a
203058727741500,0,17,117f5d7ff8081c1a
203058727747200,0,17,117f5d7ff8071c1a
203058727752700,0,17,117f5d7ff8071c1a
203058727758100,0,17,117f5d7ff8081c1a
203058727764000,0,17,117f5c7ff8071c1a
203058727769900,0,17,117f5c7ff8071c1a
203058727806900,0,17,117f5d7ff8081c1a
203058727848800,0,17,117f5d7ff8071c1a
203058727857500,0,17,117f5d7ff8071c1a
203058727865300,0,17,117f5d7fe8061c1a
203058727871100,0,17,117f5d7ff8071c1a
203058839873200,0,17,117f5d7ff8071c1a
203058839938100,0,17,117f5c7ff8071c1a
203058839948600,0,17,117f5c7ff8071c1a
203058839954900,0,17,117f5d7ff8071c1a
203058839960500,0,17,117f5d8008081c1a
203058839966000,0,17,117f5d7ff8071c1a
203058839971500,0,17,117f5c7ff8081c1a
203058839976800,0,17,117f5d7ff8071c1a
203058839982500,0,17,117f5c7ff8071c1a
203058839988400,0,17,117f5d7ff8071c1a
203058839993800,0,17,117f5c7ff8071c1a
203058839999200,0,17,117f5d7ff8071c1a
203058840005900,0,17,117f5d7ff8071c1a
203058840011500,0,17,117f5d7ff8071c1a
203058840017900,0,17,117f5c7ff8071c1a
203058840023400,0,17,117f5c7ff8071c1a
203058840028800,0,17,117f5c7ff8071c1a
203058840034300,0,17,117f5d7ff8071c1a
203058840042300,0,17,117f5c7ff8071c1a
203058840048100,0,17,117f5c7ff8081c1a
203058840053400,0,17,117f5d7fe8071c1a
203058840058900,0,17,117f5c7ff8081c1a
203058840064400,0,17,117f5d7ff8071c1a
203058840069800,0,17,117f5c7ff8071c1a
203058840075500,0,17,117f5d7ff8071c1a
203058840081200,0,17,117f5c7ff8071c1a
203058840086600,0,17,117f5d7ff8071c1a
203058840091900,0,17,117f5c7ff8071c1a
203058840097400,0,17,117f5c7ff8071c1a
203058840102900,0,17,117f5c7ff8071c1a
203058840108800,0,17,117f5d7ff8071c1a
203058840114100,0,17,117f5d7ff8071c1a
203058840119500,0,17,117f5d7ff8081c1a
203058840124800,0,17,117f5d7ff80a1c1a
203058840130300,0,17,117f5d7ff80c1c1a
203058840135700,0,17,117f5d7ff80f1c1a
203058840145400,0,17,117f5d8008101c1a
203058840150800,0,17,117f5d7ff8121c1a
203058840157300,0,17,117f5d8008131c1a
203058840163000,0,17,117f5d8018131c1a
203058840169400,0,17,117f5d7ff8141c1a
203058840174800,0,17,117f5d8008151c1a
203058840180200,0,17,117f5d8008161c1a
203058840185700,0,17,117f5e8008161c1a
203058840191300,0,17,117f5d8008161c1a
203058840196500,0,17,117f5e7ff8161c1a
203058840203800,0,17,117f5e8008171c1a
203058840209500,0,17,117f5d7ff8171c1a
203058840214700,0,17,117f5e8008171c1a
203058840220300,0,17,117f5e8008171c1a
203058840225600,0,17,117f5e8008171c1a
203058840231200,0,17,117f5e7ff8171c1a
203058840236500,0,17,117f5e7fe8181c1a
203058840242100,0,17,117f5e8008181c1a
203058840249800,0,17,117f5e8008181c1a
203058840255300,0,17,117f5e8008181c1a
203058840260800,0,17,117f5e7ff8181c1a
203058840266100,0,17,117f5e8008181c1a
203058840271600,0,17,117f5e7ff8171c1a
203058840277100,0,17,117f5e8008171c1a
203058840282700,0,17,117f5e8008171c1a
203058840299900,0,17,117f5e7ff8171c1a
203058840305700,0,17,117f5e8008171c1a
203058840311300,0,17,117f5e8008161c1a
203058840317600,0,17,117f5f8018161c1a
203058840323000,0,17,117f5f8018161c1a
203058840328500,0,17,117f5f8008151c1a
203058840334000,0,17,117f5f8008161c1a
203058840339300,0,17,117f5f8008161c1a
203058950683200,0,17,117f5f8008151c1a
203058950708400,0,17,117f5f8008151c1a
203058950715800,0,17,117f5f8008151c1a
203058950724000,0,17,117f608008141c1a
203058950731500,0,17,117f608018141c1a
203058950737700,0,17,117f608008131c1a
203058950743400,0,17,117f608018131c1a
203058950749600,0,17,117f618028121c1a
203058950755300,0,17,117f608018111c1a
203058950762000,0,17,117f618018111c1a
203058950767600,0,17,117f618018101c1a
203058950773200,0,17,117f618018101c1a
203058950778600,0,17,117f6180180f1c1a
203058950784000,0,17,117f6280280f1c1a
203058950789600,0,17,117f6280380d1c1a
203058950795400,0,17,117f6380580b1c1a
203058950801100,0,17,117f6480480a1c1a
203058950806600,0,17,117f648048071c1a
203058950812400,0,17,117f658068031c1a
203058950819300,0,17,117f668068021c1a
203058950825000,0,17,117f668057ff1c1a
203058950830600,0,17,117f678047fd1c1a
203058950836000,0,17,117f678037fd1c1a
203058950841400,0,17,117f668027fe1c1a
203058950847100,0,17,117f668018001c1a
203058950852600,0,17,117f678018011c1a
203058950858500,0,17,117f678008031c1a
203058950863800,0,17,117f678008041c1a
203058950869300,0,17,117f677ff8051c1a
203058950875000,0,17,117f678008061c1a
203058950880400,0,17,117f678008071c1a
203058950885800,0,17,117f678018081c1a
203058950891300,0,17,117f678008091c1a
203058950896700,0,17,117f678018091c1a
203058950902100,0,17,117f678008091c1a
203058950911100,0,17,117f677ff8091c1a
203058950916600,0,17,117f677ff80a1c1a
203058950922100,0,17,117f677ff80a1c1a
203058950927600,0,17,117f6780080c1c1a
203058950933100,0,17,117f6780080c1c1a
203058950938700,0,17,117f6780080c1c1a
203058950944400,0,17,117f677ff80d1c1a
203058950949800,0,17,117f677ff80d1c1a
203058950955600,0,17,117f677ff80d1c1a
203058950961000,0,17,117f677ff80d1c1a
203058950967400,0,17,117f677fe80d1c1a
203058950972900,0,17,117f677ff80e1c1a
203058950978500,0,17,117f687fe80e1c1a
203058950984100,0,17,117f6880080e1c1a
203058950989600,0,17,117f677ff80d1c1a
203058950995000,0,17,117f687ff80d1c1a
203058951000600,0,17,117f6880080e1c1a
203058951006000,0,17,117f6880080d1c1a
203058951011500,0,17,117f687ff80d1c1a
203058951017200,0,17,117f6880080d1c1a
203058951022700,0,17,117f6880080d1c1a
203058951028100,0,17,117f687ff80d1c1a
203058951033800,0,17,117f6880080d1c1a
203058951039300,0,17,117f6880080d1c1a
203058951044800,0,17,117f687ff80d1c1a
203058951055000,0,17,117f687ff80d1c1a
203058951060700,0,17,117f687ff80d1c1a
203058951066000,0,17,117f687ff80d1c1a
203058951071500,0,17,117f687ff80e1c1a
203058951077200,0,17,117f687ff80e1c1a
203058951082500,0,17,117f687ff80e1c1a
203058951088300,0,17,117f687ff80e1c1a
203059065324300,0,17,117f687ff80e1c1a
203059065354500,0,17,117f687ff80e1c1a
203059065362300,0,17,117f687ff80f1c1a
203059065368400,0,17,117f687fe80f1c1a
203059065374400,0,17,117f6880080f1c1a
203059065379800,0,17,117f687ff80f1c1a
203059065386100,0,17,117f687ff80f1c1a
203059065391700,0,17,117f687ff80e1c1a
203059065397800,0,17,117f687ff80e1c1a
203059065403500,0,17,117f687fe80f1c1a
203059065408900,0,17,117f687fe80f1c1a
203059065414300,0,17,117f687ff8101c1a
203059065420200,0,17,117f687ff80f1c1a
203059065425900,0,17,117f687ff80f1c1a
203059065431400,0,17,117f687ff8101c1a
203059065437400,0,17,117f687ff8101c1a
203059065444900,0,17,117f687ff8101c1a
203059065450500,0,17,117f6880080f1c1a
203059065456200,0,17,117f687ff80f1c1a
203059065461700,0,17,117f687fe80f1c1a
203059065467600,0,17,117f687ff80f1c1a
203059065473200,0,17,117f687ff80f1c1a
203059065478900,0,17,117f687ff80f1c1a
203059065488700,0,17,117f687ff80f1c1a
203059065494000,0,17,117f687ff80f1c1a
203059065499900,0,17,117f687ff80f1c1a
203059065505400,0,17,117f687ff80f1c1a
203059065510700,0,17,117f687ff80e1c1a
203059065708200,0,17,117f687ff80f1c1a
203059065726800,0,17,117f687ff80f1c1a
203059065733600,0,17,117f687fe80f1c1a
203059065739900,0,17,117f687ff80e1c1a
203059065745700,0,17,117f687ff80e1c1a
203059065752400,0,17,117f687ff80e1c1a
203059065758100,0,17,117f687ff80e1c1a
203059065763600,0,17,117f687ff80f1c1a
203059065769300,0,17,117f687ff80f1c1a
203059065774900,0,17,117f687ff80f1c1a
203059065782600,0,17,117f687ff80f1c1a
203059065788300,0,17,117f687ff80f1c1a
203059065793600,0,17,117f687ff80f1c1a
203059065799100,0,17,117f687ff80e1c1a
203059065804900,0,17,117f687ff80f1c1a
203059065810400,0,17,117f687ff80f1c1a
203059065815900,0,17,117f687ff80f1c1a
203059065821400,0,17,117f687ff80f1c1a
203059065826800,0,17,117f6880080f1c1a
203059065832300,0,17,117f687ff80f1c1a
203059065837800,0,17,117f687ff80f1c1a
203059065843200,0,17,117f687fe80f1c1a
203059065848900,0,17,117f687ff80f1c1a
203059065854500,0,17,117f687fe80f1c1a
203059065860100,0,17,117f6880080f1c1a
203059065868000,0,17,117f687ff80f1c1a
203059065874000,0,17,117f6880080f1c1a
203059065879500,0,17,117f687fe80e1c1a
203059065884800,0,17,117f687ff80f1c1a
203059065890600,0,17,117f687fe80f1c1a
203059065896000,0,17,117f687ff80e1c1a
203059065901700,0,17,117f687ff80f1c1a
203059065907400,0,17,117f687ff80f1c1a
203059065912800,0,17,117f687ff80f1c1a
203059065918200,0,17,117f687ff80f1c1a
203059065924000,0,17,117f687ff80f1c1a
203059177120000,0,17,117f687ff80f1c1a
203059177158700,0,17,117f687ff80f1c1a
203059177168900,0,17,117f687ff80f1c1a
203059177175100,0,17,117f687ff80e1c1a
203059177181600,0,17,117f687ff80f1c1a
203059177188000,0,17,117f687ff80e1c1a
203059177194700,0,17,117f687fe80f1c1a
203059177200400,0,17,117f687ff80f1c1a
203059177206600,0,17,117f687ff80e1c1a
203059177212000,0,17,117f687ff80e1c1a
203059177217400,0,17,117f687ff80e1c1a
203059177225300,0,17,117f687ff80f1c1a
203059177230600,0,17,117f687ff80f1c1a
203059177236000,0,17,117f687ff80f1c1a
203059177241400,0,17,117f687ff80f1c1a
203059177246800,0,17,117f6880080f1c1a
203059177253200,0,17,117f687fe80f1c1a
203059177258800,0,17,117f687ff80f1c1a
203059177280000,0,17,117f687ff80f1c1a
203059177285600,0,17,117f687ff80f1c1a
203059177291300,0,17,117f6880080f1c1a
203059177296800,0,17,117f687ff80f1c1a
203059177302700,0,17,117f687ff80f1c1a
203059177308200,0,17,117f687ff80f1c1a
203059177313700,0,17,117f687ff80f1c1a
203059177319200,0,17,117f687ff80f1c1a
203059177324600,0,17,117f687ff80f1c1a
203059177330400,0,17,117f687ff80f1c1a
203059177335800,0,17,117f6880080f1c1a
203059177341300,0,17,117f687ff80f1c1a
203059177348400,0,17,117f687ff80e1c1a
203059177354200,0,17,117f687ff80f1c1a
203059177361100,0,17,117f6880080f1c1a
203059177366700,0,17,117f687ff80f1c1a
203059177372500,0,17,117f687ff80e1c1a
203059177380900,0,17,117f687ff80e1c1a
203059177389100,0,17,117f687ff80f1c1a
203059177395400,0,17,117f687ff80f1c1a
203059177403500,0,17,117f687ff80f1c1a
203059177412400,0,17,117f687ff80f1c1a
203059177431800,0,17,117f687fe80e1c1a
203059177441000,0,17,117f687fe80e1c1a
203059177446500,0,17,117f687ff80e1c1a
203059177451900,0,17,117f6880080f1c1a
203059177457400,0,17,117f687ff80f1c1a
203059177464600,0,17,117f6880080e1c1a
203059177470300,0,17,117f687fe80e1c1a
203059177475600,0,17,117f687ff80f1c1a
203059177481100,0,17,117f687ff80e1c1a
203059177486500,0,17,117f687ff80f1c1a
203059177492100,0,17,117f687ff80f1c1a
203059177497900,0,17,117f687ff80f1c1a
203059177503600,0,17,117f687ff80f1c1a
203059177509200,0,17,117f687fe80e1c1a
203059177514900,0,17,117f687ff80f1c1a
203059177520500,0,17,117f687ff80f1c1a
203059177525900,0,17,117f687ff80f1c1a
203059177531400,0,17,117f687ff80f1c1a
203059177536800,0,17,117f687ff80e1c1a
203059177543600,0,17,117f687fe80f1c1a
203059177549300,0,17,117f687ff80f1c1a
203059177554700,0,17,117f6880080f1c1a
203059177560400,0,17,117f687ff80f1c1a
203059177566000,0,17,117f687ff80f1c1a
203059177571800,0,17,117f687ff80f1c1a
203059177577300,0,17,117f687fe80f1c1a
203059177582700,0,17,117f687ff80f1c1a
203059177588300,0,17,117f6880080f1c1a
203059290364100,0,17,117f687fe80e1c1a
203059290390700,0,17,117f687ff80e1c1a
203059290399400,0,17,117f687fe80e1c1a
203059290405500,0,17,117f687ff80f1c1a
203059290411300,0,17,117f687ff80f1c1a
203059290416900,0,17,117f687ff80f1c1a
203059290422700,0,17,117f687ff80f1c1a
203059290428300,0,17,117f687ff80f1c1a
203059290436300,0,17,117f687ff80f1c1a
203059290441900,0,17,117f687ff80e1c1a
203059290447300,0,17,117f687ff80f1c1a
203059290453000,0,17,117f687fe80f1c1a
203059290458300,0,17,117f687ff80f1c1a
203059290463900,0,17,117f6880080f1c1a
203059290469500,0,17,117f687ff80f1c1a
203059290475000,0,17,117f687ff80f1c1a
203059290480400,0,17,117f687ff80f1c1a
203059290485800,0,17,117f687fe80e1c1a
203059290491800,0,17,117f687fe80f1c1a
203059290497400,0,17,117f687ff80f1c1a
203059290504400,0,17,117f6880080f1c1a
203059290509800,0,17,117f687ff80f1c1a
203059290515200,0,17,117f687ff80f1c1a
203059290520600,0,17,117f687ff80f1c1a
203059290526400,0,17,117f687ff80e1c1a
203059290531900,0,17,117f687fe80e1c1a
203059290537800,0,17,117f687ff80f1c1a
203059290544400,0,17,117f687ff80f1c1a
203059290549900,0,17,117f687ff80f1c1a
203059290555800,0,17,117f687ff80e1c1a
203059290561500,0,17,117f687ff80f1c1a
203059290567200,0,17,117f687ff80e1c1a
203059290572500,0,17,117f687ff80f1c1a
203059290578000,0,17,117f687ff80f1c1a
203059290583400,0,17,117f687ff80f1c1a
203059290588800,0,17,117f687fe80f1c1a
203059290594200,0,17,117f6880080f1c1a
203059290599500,0,17,117f6880080f1c1a
203059290604700,0,17,117f687ff80f1c1a
203059290610000,0,17,117f687fe80f1c1a
203059290615700,0,17,117f687ff80f1c1a
203059290621100,0,17,117f6880080f1c1a
203059290626600,0,17,117f687ff80f1c1a
203059290632200,0,17,117f687ff80f1c1a
203059290637400,0,17,117f687fe80f1c1a
203059290644200,0,17,117f687ff80f1c1a
203059290649900,0,17,117f687ff80f1c1a
203059290655500,0,17,117f687ff80f1c1a
203059290661100,0,17,117f687ff80f1c1a
203059290668100,0,17,117f687ff80f1c1a
203059290674500,0,17,117f687fe80f1c1a
203059290679900,0,17,117f687ff80f1c1a
203059290687000,0,17,117f687ff80f1c1a
203059290692400,0,17,117f687fe80f1c1a
203059290697900,0,17,117f687ff80f1c1a
203059290703700,0,17,117f687ff80f1c1a
203059290709700,0,17,117f687ff80f1c1a
203059290715400,0,17,117f687ff80f1c1a
203059290721100,0,17,117f687ff80f1c1a
203059290726600,0,17,117f687ff80f1c1a
203059290732000,0,17,117f687fe80e1c1a
203059290737500,0,17,117f687ff80e1c1a
203059290744500,0,17,117f687ff80f1c1a
203059290750200,0,17,117f687ff80e1c1a
203059290759200,0,17,117f687fe80e1c1a
203059290768600,0,17,117f687fe80e1c1a
203059290777100,0,17,117f687ff80f1c1a
203059290794000,0,17,117f687ff80f1c1a
203059290800700,0,17,117f687fe80f1c1a
203059400562600,0,17,117f687ff80f1c1a
203059400597800,0,17,117f687fe80f1c1a
203059400605900,0,17,117f687ff80f1c1a
203059400611900,0,17,117f687ff80f1c1a
203059400628000,0,17,117f687ff80f1c1a
203059400652100,0,17,117f687ff80f1c1a
203059400659300,0,17,117f687ff80f1c1a
203059400665100,0,17,117f687ff80f1c1a
203059400670600,0,17,117f6880080e1c1a
203059400676200,0,17,117f687fe80e1c1a
203059400681700,0,17,117f687ff80e1c1a
203059400687500,0,17,117f687ff80f1c1a
203059400693200,0,17,117f687ff80f1c1a
203059400699500,0,17,117f687ff80f1c1a
203059400705300,0,17,117f687ff80f1c1a
203059400711000,0,17,117f687ff80f1c1a
203059400717200,0,17,117f687ff80f1c1a
203059400747300,0,17,117f687ff80f1c1a
203059400755300,0,17,117f687ff80f1c1a
203059400761300,0,17,117f6880080f1c1a
203059400776500,0,17,117f687ff80f1c1a
203059400797700,0,17,117f687fe80f1c1a
203059400806100,0,17,117f687ff80e1c1a
203059400829100,0,17,117f687ff80e1c1a
203059400842100,0,17,117f687ff80e1c1a
203059400848400,0,17,117f687ff80e1c1a
203059400854000,0,17,117f687ff80e1c1a
203059400865600,0,17,117f687ff80e1c1a
203059400874300,0,17,117f687ff80e1c1a
203059400881200,0,17,117f687fe80e1c1a
203059400889400,0,17,117f687ff80e1c1a
203059400898400,0,17,117f687ff80e1c1a
203059400908500,0,17,117f687fe80e1c1a
203059400917300,0,17,117f687ff80e1c1a
203059400961400,0,17,117f687ff80e1c1a
203059400981200,0,17,117f687ff80e1c1a
203059400987900,0,17,117f687ff80f1c1a
203059400993900,0,17,117f687ff80f1c1a
203059400999500,0,17,117f6880080e1c1a
203059401005400,0,17,117f687ff80f1c1a
203059401011000,0,17,117f6880080f1c1a
203059401016900,0,17,117f687ff80e1c1a
203059401022500,0,17,117f687ff80f1c1a
203059401028200,0,17,117f687fe80f1c1a
203059401033600,0,17,117f687ff8101c1a
203059401039700,0,17,117f687ff80f1c1a
203059401045100,0,17,117f687ff80f1c1a
203059401050900,0,17,117f687ff80f1c1a
203059401056600,0,17,117f687ff80f1c1a
203059401062200,0,17,117f6880080e1c1a
203059401067700,0,17,117f687ff80e1c1a
203059401073400,0,17,117f687ff80e1c1a
203059401079000,0,17,117f687ff80e1c1a
203059401084600,0,17,117f687ff80e1c1a
203059401090000,0,17,117f687ff80e1c1a
203059401095500,0,17,117f687ff80e1c1a
203059401101100,0,17,117f687ff80e1c1a
203059401106600,0,17,117f687ff80f1c1a
203059401112200,0,17,117f687ff80f1c1a
203059401118100,0,17,117f687ff80e1c1a
203059401124200,0,17,117f687ff80e1c1a
203059401129800,0,17,117f687ff80e1c1a
203059401135500,0,17,117f687ff80f1c1a
203059401140900,0,17,117f687ff80f1c1a
203059401146500,0,17,117f6880080f1c1a
203059401152800,0,17,117f687ff80f1c1a
203059401158300,0,17,117f6880080f1c1a
203059512222100,0,17,117f687ff80f1c1a
203059512256600,0,17,117f687ff80e1c1a
203059512263900,0,17,117f687ff80e1c1a
203059512269700,0,17,117f687fe80e1c1a
203059512275600,0,17,117f687fe80f1c1a
203059512294900,0,17,117f687fe80f1c1a
203059512305000,0,17,117f687ff80f1c1a
203059512314300,0,17,117f6880080f1c1a
203059512320100,0,17,117f687ff80f1c1a
203059512325600,0,17,117f687ff80f1c1a
203059512332100,0,17,117f687ff80f1c1a
203059512338200,0,17,117f687ff80e1c1a
203059512343900,0,17,117f687fe80f1c1a
203059512349400,0,17,117f687ff80f1c1a
203059512355300,0,17,117f687ff80f1c1a
203059512360800,0,17,117f687ff80f1c1a
203059512366200,0,17,117f687ff80f1c1a
203059512371800,0,17,117f687ff80f1c1a
203059512377300,0,17,117f6880080f1c1a
203059512385200,0,17,117f687ff80f1c1a
203059512392000,0,17,117f687ff80e1c1a
203059512397500,0,17,117f687ff80e1c1a
203059512402900,0,17,117f687ff80e1c1a
203059512408400,0,17,117f687ff80e1c1a
203059512418500,0,17,117f6880080e1c1a
203059512429800,0,17,117f687fe80e1c1a
203059512439100,0,17,117f687fe80e1c1a
203059512447600,0,17,117f687ff80f1c1a
203059512454100,0,17,117f687ff80f1c1a
203059512459900,0,17,117f687ff80f1c1a
203059512465400,0,17,117f6880080f1c1a
203059512471000,0,17,117f687ff80f1c1a
203059512476600,0,17,117f687ff80f1c1a
203059512482100,0,17,117f687ff80f1c1a
203059512487500,0,17,117f687ff80e1c1a
203059512493000,0,17,117f6880080e1c1a
203059512498600,0,17,117f6880080f1c1a
203059512504200,0,17,117f687ff80f1c1a
203059512509900,0,17,117f687ff80f1c1a
203059512515700,0,17,117f6880080f1c1a
203059512521400,0,17,117f6880080e1c1a
203059512527000,0,17,117f6880080e1c1a
203059512532800,0,17,117f687ff80e1c1a
203059512540600,0,17,117f687ff80e1c1a
203059512546300,0,17,117f687ff80e1c1a
203059512552000,0,17,117f6880080e1c1a
203059512557800,0,17,117f687ff80e1c1a
203059512563200,0,17,117f687ff80e1c1a
203059512568800,0,17,117f687ff80e1c1a
203059512574200,0,17,117f687fe80e1c1a
203059512579600,0,17,117f687ff80e1c1a
203059512585000,0,17,117f687ff80f1c1a
203059512590300,0,17,117f687fe80f1c1a
203059512595700,0,17,117f6880080f1c1a
203059512601200,0,17,117f687ff80f1c1a
203059512606700,0,17,117f687fe80e1c1a
203059512611900,0,17,117f687ff80f1c1a
203059512629200,0,17,117f687ff80f1c1a
203059512651600,0,17,117f6880080f1c1a
203059512660600,0,17,117f687fe80f1c1a
203059512669600,0,17,117f687ff80f1c1a
203059512676300,0,17,117f687fe80f1c1a
203059512681700,0,17,117f687ff80f1c1a
203059512687100,0,17,117f687ff80f1c1a
203059512692700,0,17,117f687ff80f1c1a
203059512698200,0,17,117f687ff80f1c1a
203059512704000,0,17,117f687fe80e1c1a
203059512709900,0,17,117f687ff80e1c1a
203059623736100,0,17,117f687ff80e1c1a
203059623764900,0,17,117f6880080f1c1a
203059623778100,0,17,117f687ff80e1c1a
203059623788100,0,17,117f687ff80e1c1a
203059623796800,0,17,117f687ff80e1c1a
203059623806600,0,17,117f687ff80e1c1a
203059623826100,0,17,117f687ff80e1c1a
203059623833600,0,17,117f687ff80e1c1a
203059623842500,0,17,117f687fe80f1c1a
203059623848800,0,17,117f6880080f1c1a
203059623855100,0,17,117f687ff80f1c1a
203059623863500,0,17,117f6880080e1c1a
203059623872700,0,17,117f687ff80e1c1a
203059623886000,0,17,117f687ff80e1c1a
203059623894800,0,17,117f687ff80e1c1a
203059623901300,0,17,117f687ff80e1c1a
203059623909000,0,17,117f687ff80e1c1a
203059623915200,0,17,117f687ff80e1c1a
203059623926600,0,17,117f687ff80e1c1a
203059623932700,0,17,117f687ff80e1c1a
203059623938700,0,17,117f687ff80e1c1a
203059623944500,0,17,117f687ff80e1c1a
203059623950700,0,17,117f687ff80f1c1a
203059623956400,0,17,117f687ff80e1c1a
203059623962500,0,17,117f687fe80f1c1a
203059623968400,0,17,117f687ff80f1c1a
203059623974200,0,17,117f687ff80f1c1a
203059623981700,0,17,117f687ff80f1c1a
203059623987300,0,17,117f687ff80f1c1a
203059623993000,0,17,117f687ff80f1c1a
203059624001900,0,17,117f687ff80f1c1a
203059624010500,0,17,117f687ff80f1c1a
203059624022700,0,17,117f687ff80f1c1a
203059624030400,0,17,117f687ff80f1c1a
203059624038500,0,17,117f687ff80f1c1a
203059624046900,0,17,117f687ff80f1c1a
203059624055500,0,17,117f687ff80f1c1a
203059624064100,0,17,117f687ff80f1c1a
203059624073100,0,17,117f687ff80f1c1a
203059624081700,0,17,117f6880080f1c1a
203059624090100,0,17,117f687ff80f1c1a
203059624099200,0,17,117f687fe80f1c1a
203059624107800,0,17,117f687ff80f1c1a
203059624116500,0,17,117f6880080f1c1a
203059624125000,0,17,117f687fe80e1c1a
203059624133500,0,17,117f687ff80e1c1a
203059624142000,0,17,117f687ff80e1c1a
203059624150600,0,17,117f687fe80e1c1a
203059624159100,0,17,117f687fe80f1c1a
203059624167500,0,17,117f687ff80f1c1a
203059624175900,0,17,117f687ff80f1c1a
203059624184400,0,17,117f6880080f1c1a
203059624194300,0,17,117f687ff80f1c1a
203059624202800,0,17,117f687ff80f1c1a
203059624211300,0,17,117f687ff80f1c1a
203059624219700,0,17,117f687ff80e1c1a
203059624228100,0,17,117f6880080e1c1a
203059624236600,0,17,117f687fe80e1c1a
203059624245000,0,17,117f687ff80e1c1a
203059624254000,0,17,117f687ff80e1c1a
203059624261900,0,17,117f687ff80e1c1a
203059624267400,0,17,117f687ff80e1c1a
203059624273000,0,17,117f687ff80e1c1a
203059624278500,0,17,117f687ff80e1c1a
203059624283900,0,17,117f6880080f1c1a
203059624289300,0,17,117f687ff80e1c1a
203059624294700,0,17,117f687ff80e1c1a
203059624300100,0,17,117f687ff80e1c1a
203059624305800,0,17,117f687ff80e1c1a
203059624311100,0,17,117f687ff80e1c1a
203059734424800,0,17,117f687ff80e1c1a
203059734450500,0,17,117f6880080e1c1a
203059734460600,0,17,117f687ff80e1c1a
203059734466700,0,17,117f687fe80e1c1a
203059734474100,0,17,117f6880080f1c1a
203059734479800,0,17,117f6880080f1c1a
203059734485300,0,17,117f687ff80f1c1a
203059734490900,0,17,117f687fe80f1c1a
203059734498000,0,17,117f687ff80f1c1a
203059734504200,0,17,117f687fe80f1c1a
203059734509800,0,17,117f687ff80f1c1a
203059734515500,0,17,117f687fe80f1c1a
203059734521500,0,17,117f687ff80f1c1a
203059734527300,0,17,117f687ff80f1c1a
203059734533100,0,17,117f687ff80f1c1a
203059734538600,0,17,117f687fe80f1c1a
203059734545300,0,17,117f687ff80f1c1a
203059734550800,0,17,117f687ff80f1c1a
203059734559300,0,17,117f687ff80f1c1a
203059734564800,0,17,117f687ff80f1c1a
203059734571000,0,17,117f687fe80f1c1a
203059734576700,0,17,117f687ff80f1c1a
203059734582600,0,17,117f687fe80f1c1a
203059734588500,0,17,117f687ff80f1c1a
203059734594100,0,17,117f687ff80f1c1a
203059734599800,0,17,117f687ff80f1c1a
203059734605300,0,17,117f687ff80f1c1a
203059734610700,0,17,117f6880080f1c1a
203059734616600,0,17,117f687ff80e1c1a
203059734622200,0,17,117f687ff80e1c1a
203059734627800,0,17,117f687ff80e1c1a
203059734633900,0,17,117f687ff80f1c1a
203059734639500,0,17,117f687ff80f1c1a
203059734646700,0,17,117f687ff80f1c1a
203059734652200,0,17,117f687ff80f1c1a
203059734657500,0,17,117f687fe80f1c1a
203059734663000,0,17,117f6880080f1c1a
203059734668500,0,17,117f687ff80f1c1a
203059734673900,0,17,117f6880080f1c1a
203059734679100,0,17,117f687ff80f1c1a
203059734684600,0,17,117f687ff80f1c1a
203059734690600,0,17,117f687fe80f1c1a
203059734696000,0,17,117f687ff80f1c1a
203059734701400,0,17,117f687fe80f1c1a
203059734707400,0,17,117f687ff80f1c1a
203059734714400,0,17,117f687ff80f1c1a
203059734719800,0,17,117f687ff80f1c1a
203059734727100,0,17,117f6880080f1c1a
203059734732800,0,17,117f687ff80e1c1a
203059734738300,0,17,117f687ff80e1c1a
203059734743800,0,17,117f6880080e1c1a
203059734749300,0,17,117f687fe80e1c1a
203059734755500,0,17,117f687fe80f1c1a
203059734761000,0,17,117f687ff80f1c1a
203059734766700,0,17,117f687ff80e1c1a
203059734772200,0,17,117f687ff80e1c1a
203059734777900,0,17,117f687ff80f1c1a
203059734785000,0,17,117f687ff80f1c1a
203059734790500,0,17,117f687ff80f1c1a
203059734799600,0,17,117f687ff80e1c1a
203059734805100,0,17,117f687ff80e1c1a
203059734810600,0,17,117f687fe80e1c1a
203059734816500,0,17,117f687ff80f1c1a
203059734821900,0,17,117f6880080f1c1a
203059734827500,0,17,117f687ff80f1c1a
203059734837500,0,17,117f687ff80f1c1a
203059847298200,0,17,117f687ff80f1c1a
203059847350000,0,17,117f687ff80e1c1a
203059847358800,0,17,117f687ff80e1c1a
203059847365200,0,17,117f687fe80f1c1a
203059847370900,0,17,117f687ff80e1c1a
203059847376800,0,17,117f6880080f1c1a
203059847383300,0,17,117f687ff80f1c1a
203059847389400,0,17,117f687fe80f1c1a
203059847394700,0,17,117f687ff80e1c1a
203059847400200,0,17,117f687ff80e1c1a
203059847405600,0,17,117f687ff80f1c1a
203059847411100,0,17,117f687ff80f1c1a
203059847416600,0,17,117f687ff80f1c1a
203059847422000,0,17,117f687ff80f1c1a
203059847429300,0,17,117f687ff80f1c1a
203059847434900,0,17,117f687ff80f1c1a
203059847441400,0,17,117f6880080f1c1a
203059847447400,0,17,117f687ff80f1c1a
203059847453300,0,17,117f6880080f1c1a
203059847462100,0,17,117f687fe80f1c1a
203059847468300,0,17,117f687fe80f1c1a
203059847474000,0,17,117f687ff80f1c1a
203059847479600,0,17,117f687ff80f1c1a
203059847484900,0,17,117f687ff80f1c1a
203059847490300,0,17,117f687ff80f1c1a
203059847495800,0,17,117f6880080e1c1a
203059847501500,0,17,117f6880080e1c1a
203059847509600,0,17,117f687ff80e1c1a
203059847515100,0,17,117f687ff80e1c1a
203059847522600,0,17,117f687ff8101c1a
203059847528200,0,17,117f687ff8111c1a
203059847533600,0,17,117f688008141c1a
203059847539700,0,17,117f687ff8151c1a
203059847546600,0,17,117f688008171c1a
203059847552800,0,17,117f698008191c1a
203059847558200,0,17,117f6880181a1c1a
203059847563700,0,17,117f6980181b1c1a
203059847569200,0,17,117f6980181b1c1a
203059847574600,0,17,117f6980081b1c1a
203059847579900,0,17,117f6980181b1c1a
203059847585300,0,17,117f6a80281b1c1a
203059847590700,0,17,117f6a80281b1c1a
203059847615800,0,17,117f6a8038191c1a
203059847643900,0,17,117f6b8028181c1a
203059847676500,0,17,117f6b8018181c1a
203059847686200,0,17,117f6c8038171c1a
203059847698700,0,17,117f6c8028161c1a
203059847704700,0,17,117f6c8038161c1a
203059847710400,0,17,117f6d8038141c1a
203059847716500,0,17,117f6d8038131c1a
203059847722300,0,17,117f6d8028121c1a
203059847728200,0,17,117f6d8028111c1a
203059847733600,0,17,117f6e8028111c1a
203059847739400,0,17,117f6e8018111c1a
203059847745000,0,17,117f6e8038111c1a
203059847750700,0,17,117f6e8018111c1a
203059847756100,0,17,117f6f8028101c1a
203059847764100,0,17,117f6f8038101c1a
203059847769900,0,17,117f6f8028101c1a
203059847840000,0,17,117f6f8028101c1a
203059847856800,0,17,117f708028101c1a
203059847863300,0,17,117f708018101c1a
203059847869700,0,17,117f708018111c1a
203059847875400,0,17,117f708018111c1a
203059847880800,0,17,117f718018111c1a
203059847888700,0,17,117f708008101c1a
203059847894200,0,17,117f708018101c1a
203059847899900,0,17,117f718008101c1a
203059847905300,0,17,117f718008111c1a
203059847910700,0,17,117f718008111c1a
203059959715400,0,17,117f718018121c1a
203059959773700,0,17,117f718018131c1a
203059959782700,0,17,117f728018131c1a
203059959788800,0,17,117f728008121c1a
203059959799000,0,17,117f728018131c1a
203059959804900,0,17,117f727ff8131c1a
203059959810700,0,17,117f717ff8141c1a
203059959816800,0,17,117f728008141c1a
203059959823800,0,17,117f727ff8151c1a
203059959829300,0,17,117f727ff8151c1a
203059959834900,0,17,117f727ff8151c1a
203059959840300,0,17,117f727ff8161c1a
203059959846100,0,17,117f727ff8171c1a
203059959853600,0,17,117f728008171c1a
203059959859000,0,17,117f728008171c1a
203059959864400,0,17,117f727ff8171c1a
203059959869800,0,17,117f727ff8171c1a
203059959875300,0,17,117f727ff8181c1a
203059959880900,0,17,117f728008181c1a
203059959886200,0,17,117f727ff8181c1a
203059959891600,0,17,117f727ff8181c1a
203059959897000,0,17,117f727ff8181c1a
203059959902500,0,17,117f728008181c1a
203059959908200,0,17,117f727ff8181c1a
203059959914000,0,17,117f727ff8171c1a
203059959920900,0,17,117f727ff8171c1a
203059959926300,0,17,117f727ff8171c1a
203059959932000,0,17,117f728008171c1a
203059959937400,0,17,117f728008161c1a
203059959944300,0,17,117f728008171c1a
203059959949700,0,17,117f727ff8171c1a
203059959955400,0,17,117f727ff8161c1a
203059959960700,0,17,117f728008171c1a
203059959965900,0,17,117f727ff8161c1a
203059959971300,0,17,117f738008161c1a
203059959976700,0,17,117f738018171c1a
203059959982100,0,17,117f737ff8171c1a
203059959987500,0,17,117f738008181c1a
203059959992900,0,17,117f738008181c1a
203059959998300,0,17,117f737ff8171c1a
203059960003900,0,17,117f737ff8171c1a
203059960010800,0,17,117f737ff8181c1a
203059960016200,0,17,117f727fe8181c1a
203059960021700,0,17,117f737ff8191c1a
203059960027200,0,17,117f738008181c1a
203059960032600,0,17,117f737ff8181c1a
203059960037800,0,17,117f737ff8181c1a
203059960043500,0,17,117f727fe8191c1a
203059960048900,0,17,117f727ff8191c1a
203059960054200,0,17,117f737ff8191c1a
203059960059500,0,17,117f727fe8191c1a
203059960064900,0,17,117f727ff8191c1a
203059960070300,0,17,117f727fe8191c1a
203059960075600,0,17,117f727ff8191c1a
203059960080900,0,17,117f727ff8191c1a
203059960086300,0,17,117f727ff8191c1a
203059960091700,0,17,117f727ff8191c1a
203059960099400,0,17,117f727ff8191c1a
203059960104800,0,17,117f727ff8191c1a
203059960110100,0,17,117f727ff8191c1a
203059960115600,0,17,117f727ff8191c1a
203059960121400,0,17,117f727ff8191c1a
203059960126700,0,17,117f727ff8181c1a
203059960132100,0,17,117f727ff8181c1a
203059960139100,0,17,117f737ff8181c1a
203059960145300,0,17,117f727fe8181c1a
203059960150700,0,17,117f727ff8181c1a
203059960157800,0,17,117f727ff8181c1a
203059960163200,0,17,117f728008181c1a
203060070579600,0,17,117f727ff8181c1a
203060070605400,0,17,117f727fe8181c1a
203060070612800,0,17,117f727ff8171c1a
203060070619300,0,17,117f727ff8181c1a
203060070625100,0,17,117f727ff8181c1a
203060070630700,0,17,117f727ff8181c1a
203060070636500,0,17,117f727ff8191c1a
203060070642300,0,17,117f727ff8181c1a
203060070649500,0,17,117f727ff8181c1a
203060070654900,0,17,117f727ff8181c1a
203060070660400,0,17,117f737ff8181c1a
203060070665900,0,17,117f738008181c1a
203060070671300,0,17,117f728008181c1a
203060070676700,0,17,117f727ff8171c1a
203060070682100,0,17,117f727fe8181c1a
203060070687400,0,17,117f727fe8181c1a
203060070693100,0,17,117f737ff8181c1a
203060070698400,0,17,117f727ff8181c1a
203060070703800,0,17,117f737ff8181c1a
203060070709200,0,17,117f727ff8181c1a
203060070714500,0,17,117f727ff8181c1a
203060070721400,0,17,117f727ff8191c1a
203060070726900,0,17,117f727ff8181c1a
203060070732200,0,17,117f727ff8181c1a
203060070761200,0,17,117f737ff8181c1a
203060070772000,0,17,117f727fe8181c1a
203060070779100,0,17,117f727ff8191c1a
203060070785500,0,17,117f727ff8181c1a
203060070791700,0,17,117f727ff8191c1a
203060070797300,0,17,117f727ff8181c1a
203060070804100,0,17,117f728008191c1a
203060070809900,0,17,117f727fe8181c1a
203060070815200,0,17,117f727fe8191c1a
203060070820800,0,17,117f738008181c1a
203060070826400,0,17,117f727ff8181c1a
203060070836500,0,17,117f727ff8181c1a
203060070842200,0,17,117f727ff8181c1a
203060070847500,0,17,117f727fe8181c1a
203060070852900,0,17,117f727ff8181c1a
203060070858400,0,17,117f727fe8181c1a
203060070863800,0,17,117f737ff8181c1a
203060070869200,0,17,117f727ff8181c1a
203060070874500,0,17,117f728008181c1a
203060070879900,0,17,117f737ff8191c1a
203060070885400,0,17,117f727fe8181c1a
203060070890600,0,17,117f727ff8191c1a
203060070895800,0,17,117f727ff8191c1a
203060070901700,0,17,117f727ff8181c1a
203060070907100,0,17,117f727ff8181c1a
203060070912400,0,17,117f727ff8181c1a
203060070917800,0,17,117f727ff8181c1a
203060070923100,0,17,117f738008191c1a
203060070928600,0,17,117f737ff8181c1a
203060070934000,0,17,117f727ff8181c1a
203060070939500,0,17,117f727fe8181c1a
203060070944900,0,17,117f727ff8181c1a
203060070950300,0,17,117f738008181c1a
203060070955600,0,17,117f728008181c1a
203060070961800,0,17,117f727ff8181c1a
203060070967400,0,17,117f727ff8191c1a
203060070972700,0,17,117f728008191c1a
203060070978100,0,17,117f727ff8181c1a
203060070983500,0,17,117f727ff8181c1a
203060070988800,0,17,117f727ff8191c1a
203060070994200,0,17,117f727ff8191c1a
203060070999500,0,17,117f727fe8181c1a
203060184089600,0,17,117f727ff8181c1a
203060184115500,0,17,117f727ff8191c1a
203060184154600,0,17,117f727ff8191c1a
203060184176400,0,17,117f728008181c1a
203060184184300,0,17,117f727ff8181c1a
203060184192400,0,17,117f727ff8191c1a
203060184197800,0,17,117f737ff8181c1a
203060184203700,0,17,117f727ff8181c1a
203060184209600,0,17,117f727ff8181c1a
203060184215000,0,17,117f727fe8181c1a
203060184220400,0,17,117f728008181c1a
203060184226300,0,17,117f727ff8181c1a
203060184231800,0,17,117f727ff8181c1a
203060184256500,0,17,117f727fe8181c1a
203060184271200,0,17,117f727ff8191c1a
203060184288900,0,17,117f727ff8191c1a
203060184296800,0,17,117f727ff8191c1a
203060184302800,0,17,117f727ff8191c1a
203060184308400,0,17,117f727ff81a1c1a
203060184314100,0,17,117f727ff8191c1a
203060184319700,0,17,117f727ff81a1c1a
203060184325300,0,17,117f727ff8191c1a
203060184331000,0,17,117f727ff8191c1a
203060184336700,0,17,117f727ff8181c1a
203060184345600,0,17,117f727ff8181c1a
203060184356100,0,17,117f727ff8181c1a
203060184365300,0,17,117f727fe8181c1a
203060184375000,0,17,117f727ff8181c1a
203060184380500,0,17,117f727ff8181c1a
203060184386100,0,17,117f728008181c1a
203060184391500,0,17,117f727fe8181c1a
203060184396800,0,17,117f727ff8181c1a
203060184402600,0,17,117f727ff8171c1a
203060184408100,0,17,117f727ff8181c1a
203060184413500,0,17,117f727ff8181c1a
203060184418700,0,17,117f727ff8191c1a
203060184424600,0,17,117f727ff8181c1a
203060184434500,0,17,117f727ff8181c1a
203060184443000,0,17,117f727fe8181c1a
203060184451000,0,17,117f738008181c1a
203060184459100,0,17,117f727fe8181c1a
203060184465500,0,17,117f727ff8181c1a
203060184470900,0,17,117f727ff8181c1a
203060184478400,0,17,117f727ff8181c1a
203060184486500,0,17,117f727fe8181c1a
203060184495200,0,17,117f727ff8181c1a
203060184517100,0,17,117f727fe8181c1a
203060184526000,0,17,117f727ff8181c1a
203060184532400,0,17,117f727ff8181c1a
203060184538000,0,17,117f728008181c1a
203060184543600,0,17,117f728008181c1a
203060184549000,0,17,117f727ff8181c1a
203060184554600,0,17,117f738008181c1a
203060184560100,0,17,117f727ff8181c1a
203060184565800,0,17,117f727ff8181c1a
203060184571400,0,17,117f727ff8191c1a
203060184576800,0,17,117f727ff8191c1a
203060184583200,0,17,117f727ff8191c1a
203060184588800,0,17,117f727ff8191c1a
203060184594100,0,17,117f727ff8191c1a
203060184599400,0,17,117f727ff8181c1a
203060184604900,0,17,117f727ff8181c1a
203060184610600,0,17,117f727fe8181c1a
203060184616000,0,17,117f727ff8191c1a
203060184622300,0,17,117f727ff8181c1a
203060184628000,0,17,117f727ff8181c1a
203060184633300,0,17,117f728008181c1a
203060184638700,0,17,117f727ff8181c1a
203060184645600,0,17,117f727ff8181c1a
203060184650900,0,17,117f737ff8191c1a
203060296594600,0,17,117f738008191c1a
203060296620900,0,17,117f727ff8191c1a
203060296627900,0,17,117f727ff8191c1a
203060296634000,0,17,117f727ff8181c1a
203060296639700,0,17,117f727ff8181c1a
203060296645400,0,17,117f737ff8191c1a
203060296654600,0,17,117f727ff8191c1a
203060296660000,0,17,117f737fe8181c1a
203060296665500,0,17,117f727ff8181c1a
203060296670900,0,17,117f738008181c1a
203060296676300,0,17,117f727ff8181c1a
203060296683100,0,17,117f737ff8181c1a
203060296688800,0,17,117f727ff8181c1a
203060296694500,0,17,117f727ff8181c1a
203060296701900,0,17,117f727fe8181c1a
203060296707600,0,17,117f727ff8191c1a
203060296713000,0,17,117f728008181c1a
203060296718300,0,17,117f727fe8181c1a
203060296724200,0,17,117f727ff8181c1a
203060296729900,0,17,117f737ff8181c1a
203060296735200,0,17,117f727fe8191c1a
203060296740700,0,17,117f727ff8181c1a
203060296746400,0,17,117f737ff8191c1a
203060296773800,0,17,117f727fe8181c1a
203060296786000,0,17,117f727ff8191c1a
203060296793000,0,17,117f727ff8191c1a
203060296799400,0,17,117f727fe8181c1a
203060296805400,0,17,117f727ff8181c1a
203060296810800,0,17,117f727ff8181c1a
203060296816300,0,17,117f727ff8181c1a
203060296821700,0,17,117f738008191c1a
203060296827100,0,17,117f727ff8181c1a
203060296832600,0,17,117f727ff8181c1a
203060296837900,0,17,117f727ff8181c1a
203060296844800,0,17,117f728008181c1a
203060296850200,0,17,117f727ff8181c1a
203060296857600,0,17,117f727fe8191c1a
203060296863500,0,17,117f727ff8181c1a
203060296870400,0,17,117f727ff8181c1a
203060296875900,0,17,117f727ff8191c1a
203060296883000,0,17,117f727ff8191c1a
203060296890000,0,17,117f727ff8191c1a
203060296896200,0,17,117f728008191c1a
203060296902000,0,17,117f727fe8191c1a
203060296907500,0,17,117f727ff8181c1a
203060296913600,0,17,117f727ff8181c1a
203060296919200,0,17,117f727ff8181c1a
203060296925400,0,17,117f727ff8181c1a
203060296930800,0,17,117f737ff8181c1a
203060296936100,0,17,117f727ff8181c1a
203060296942100,0,17,117f727ff8181c1a
203060296947400,0,17,117f727ff8181c1a
203060296952800,0,17,117f738008181c1a
203060296958700,0,17,117f727ff8181c1a
203060296964000,0,17,117f737ff8181c1a
203060296969300,0,17,117f727ff8181c1a
203060296974900,0,17,117f727ff8181c1a
203060296980300,0,17,117f727ff8181c1a
203060296985700,0,17,117f727fe8181c1a
203060296991200,0,17,117f727fe8191c1a
203060296996500,0,17,117f727ff8191c1a
203060297001800,0,17,117f727ff8191c1a
203060297007100,0,17,117f737ff8181c1a
203060297012400,0,17,117f738008191c1a
203060297017700,0,17,117f727ff8181c1a
203060297023000,0,17,117f727fe8181c1a
203060297028800,0,17,117f727ff8181c1a
203060407081600,0,17,117f727ff8181c1a
203060407262900,0,17,117f737ff8181c1a
203060407348200,0,17,117f728008181c1a
203060407357800,0,17,117f727ff8171c1a
203060407389300,0,17,117f737ff8171c1a
203060407444700,0,17,117f728008181c1a
203060407452500,0,17,117f727ff8181c1a
203060407458500,0,17,117f727ff8181c1a
203060407465700,0,17,117f738008181c1a
203060407471400,0,17,117f727ff8181c1a
203060407476900,0,17,117f727ff8181c1a
203060407482400,0,17,117f727ff8181c1a
203060407487900,0,17,117f727fe8181c1a
203060407493400,0,17,117f727ff8181c1a
203060407499000,0,17,117f727ff8191c1a
203060407504300,0,17,117f727ff8191c1a
203060407509800,0,17,117f727ff8191c1a
203060407577500,0,17,117f737ff8191c1a
203060407597000,0,17,117f727fe8191c1a
203060407604000,0,17,117f738008191c1a
203060407609600,0,17,117f727ff8191c1a
203060407615400,0,17,117f728008181c1a
203060407620900,0,17,117f727ff8181c1a
203060407626300,0,17,117f727ff8181c1a
203060407632600,0,17,117f727ff8181c1a
203060407638100,0,17,117f738008191c1a
203060407645000,0,17,117f727ff8181c1a
203060407650400,0,17,117f727ff8181c1a
203060407656300,0,17,117f727ff8181c1a
203060407662100,0,17,117f727ff8181c1a
203060407667500,0,17,117f727ff8181c1a
203060407672800,0,17,117f727ff8181c1a
203060407678700,0,17,117f727ff8181c1a
203060407684300,0,17,117f727ff8181c1a
203060407690100,0,17,117f727ff8181c1a
203060407695700,0,17,117f738008181c1a
203060407701200,0,17,117f727ff8171c1a
203060407755300,0,17,117f727fe8171c1a
203060407772300,0,17,117f727ff8171c1a
203060407778700,0,17,117f737ff8181c1a
203060407786200,0,17,117f727ff8181c1a
203060407791900,0,17,117f727ff8181c1a
203060407797200,0,17,117f727ff8181c1a
203060407805200,0,17,117f737ff8181c1a
203060407810600,0,17,117f728008181c1a
203060407815900,0,17,117f727ff8181c1a
203060407821400,0,17,117f727fe8181c1a
203060407826900,0,17,117f727ff8181c1a
203060407833500,0,17,117f737ff8191c1a
203060407839100,0,17,117f727ff8181c1a
203060407844400,0,17,117f727ff8191c1a
203060407850200,0,17,117f727ff8181c1a
203060407855600,0,17,117f727ff8181c1a
203060407861000,0,17,117f737ff8181c1a
203060407866500,0,17,117f737ff8181c1a
203060407961000,0,17,117f727ff8181c1a
203060407970800,0,17,117f727ff8181c1a
203060407976300,0,17,117f727ff8181c1a
203060407981800,0,17,117f727ff8181c1a
203060407987200,0,17,117f727ff8181c1a
203060407992700,0,17,117f727ff8181c1a
203060407998200,0,17,117f727ff8181c1a
203060408003500,0,17,117f738008181c1a
203060408009000,0,17,117f727fe8181c1a
203060408014700,0,17,117f727ff8181c1a
203060408020200,0,17,117f727ff8181c1a
203060408025700,0,17,117f737ff8181c1a
203060408033300,0,17,117f727ff8181c1a
203060520242800,0,17,117f727ff8181c1a
203060520267400,0,17,117f737ff8181c1a
203060520274600,0,17,117f727ff8181c1a
203060520280400,0,17,117f727ff8181c1a
203060520288400,0,17,117f727fe8171c1a
203060520294000,0,17,117f727fe8181c1a
203060520299800,0,17,117f727ff8181c1a
203060520305200,0,17,117f727ff8191c1a
203060520310600,0,17,117f728008181c1a
203060520316200,0,17,117f727ff8181c1a
203060520321500,0,17,117f727ff8191c1a
203060520353500,0,17,117f728008191c1a
203060520359800,0,17,117f727ff8181c1a
203060520365300,0,17,117f727ff8191c1a
203060520371500,0,17,117f727ff8191c1a
203060520376800,0,17,117f727ff8181c1a
203060520382200,0,17,117f727ff8181c1a
203060520387500,0,17,117f727fe8191c1a
203060520393000,0,17,117f727ff8181c1a
203060520398400,0,17,117f727ff8191c1a
203060520403900,0,17,117f727ff8191c1a
203060520420900,0,17,117f727ff8191c1a
203060520426600,0,17,117f728008191c1a
203060520432000,0,17,117f727ff8191c1a
203060520437300,0,17,117f727ff8181c1a
203060520442600,0,17,117f727ff8181c1a
203060520448200,0,17,117f727ff8181c1a
203060520453800,0,17,117f727ff8181c1a
203060520459300,0,17,117f727ff8181c1a
203060520496200,0,17,117f727ff8181c1a
203060520510500,0,17,117f727ff8181c1a
203060520521200,0,17,117f727ff8181c1a
203060520526800,0,17,117f727ff8181c1a
203060520532300,0,17,117f727ff8181c1a
203060520537800,0,17,117f727ff8181c1a
203060520651600,0,17,117f727ff8181c1a
203060520664600,0,17,117f728008191c1a
203060520670300,0,17,117f727ff8181c1a
203060520675600,0,17,117f727ff8181c1a
203060520681200,0,17,117f727ff8181c1a
203060520686700,0,17,117f727ff8191c1a
203060520691900,0,17,117f737ff8181c1a
203060520697900,0,17,117f738008181c1a
203060520703300,0,17,117f727fe8181c1a
203060520708700,0,17,117f727fe8181c1a
203060520714200,0,17,117f727ff8181c1a
203060520732400,0,17,117f738008181c1a
203060520742700,0,17,117f738008181c1a
203060520748600,0,17,117f727fe8181c1a
203060520754300,0,17,117f727ff8181c1a
203060520760300,0,17,117f727ff8181c1a
203060520765800,0,17,117f727ff8181c1a
203060520771800,0,17,117f727ff8181c1a
203060520777400,0,17,117f727fe8181c1a
203060520783000,0,17,117f727ff8181c1a
203060520788400,0,17,117f727ff8181c1a
203060520794200,0,17,117f727ff8181c1a
203060520799700,0,17,117f727ff8181c1a
203060520805300,0,17,117f727ff8181c1a
203060520810600,0,17,117f727ff8181c1a
203060520816100,0,17,117f727ff8181c1a
203060520821500,0,17,117f737ff8181c1a
203060520827100,0,17,117f728008181c1a
203060520832300,0,17,117f727ff8181c1a
203060520837800,0,17,117f727ff8181c1a
203060520843400,0,17,117f727fe8181c1a
203060520854400,0,17,117f727ff8181c1a
203060630658900,0,17,117f727ff8181c1a
203060630736700,0,17,117f728008181c1a
203060630755300,0,17,117f727ff8181c1a
203060630770400,0,17,117f727ff8181c1a
203060630784500,0,17,117f727fe8181c1a
203060630847900,0,17,117f727ff8181c1a
203060630878900,0,17,117f728008181c1a
203060630903000,0,17,117f727ff8181c1a
203060631050600,0,17,117f727ff8181c1a
203060631109500,0,17,117f727ff8181c1a
203060631414700,0,17,117f727ff8181c1a
203060631530700,0,17,117f727ff8181c1a
203060631557800,0,17,117f727ff8181c1a
203060631575300,0,17,117f737ff8181c1a
203060631590700,0,17,117f727ff8181c1a
203060631625900,0,17,117f737ff8181c1a
203060631633700,0,17,117f738008181c1a
203060631640600,0,17,117f727ff8181c1a
203060631646400,0,17,117f727ff8181c1a
203060631655400,0,17,117f727fe8181c1a
203060631661600,0,17,117f727ff8181c1a
203060631667400,0,17,117f738008181c1a
203060631673400,0,17,117f727ff8171c1a
203060631679200,0,17,117f727fe8171c1a
203060631685000,0,17,117f727ff8181c1a
203060631691000,0,17,117f728008181c1a
203060631696500,0,17,117f727ff8181c1a
203060631702000,0,17,117f727ff8181c1a
203060631707400,0,17,117f728008181c1a
203060631713100,0,17,117f737ff8181c1a
203060631718800,0,17,117f727ff8191c1a
203060631724400,0,17,117f727ff8181c1a
203060631730200,0,17,117f727ff8181c1a
203060631735800,0,17,117f737ff8181c1a
203060631773800,0,17,117f738008181c1a
203060631781400,0,17,117f738008181c1a
203060631787000,0,17,117f727ff8181c1a
203060631792800,0,17,117f727fe8181c1a
203060631798700,0,17,117f727fe8181c1a
203060631868300,0,17,117f727ff8191c1a
203060631905800,0,17,117f727ff8181c1a
203060631918000,0,17,117f727ff8181c1a
203060631924300,0,17,117f727ff8181c1a
203060631930100,0,17,117f727ff8181c1a
203060631935900,0,17,117f727ff8181c1a
203060631941900,0,17,117f727ff8191c1a
203060631947700,0,17,117f738008191c1a
203060631953200,0,17,117f727ff8181c1a
203060631959000,0,17,117f727ff8181c1a
203060631965800,0,17,117f727ff8181c1a
203060631971900,0,17,117f727ff8191c1a
203060631977600,0,17,117f727ff8181c1a
203060631983700,0,17,117f727ff8191c1a
203060631992700,0,17,117f727ff8181c1a
203060631998600,0,17,117f727fe8181c1a
203060632004400,0,17,117f727ff8181c1a
203060632010300,0,17,117f727ff8181c1a
203060632016100,0,17,117f737ff8181c1a
203060632023100,0,17,117f738008181c1a
203060632028700,0,17,117f727ff8181c1a
203060632034400,0,17,117f727fe8181c1a
203060632040400,0,17,117f737ff8181c1a
203060632046000,0,17,117f727ff8191c1a
203060632051800,0,17,117f727ff8181c1a
203060632057700,0,17,117f727fe8181c1a
203060632063400,0,17,117f738008181c1a
203060632069100,0,17,117f727ff8191c1a
203060632074800,0,17,117f728008191c1a
203060743532500,0,17,117f727fe8181c1a
203060743597000,0,17,117f727fe8181c1a
203060743616400,0,17,117f727ff8181c1a
203060743623700,0,17,117f738008181c1a
203060743629600,0,17,117f727ff8191c1a
203060743635400,0,17,117f737ff8181c1a
203060743640900,0,17,117f727ff8181c1a
203060743646300,0,17,117f737ff8181c1a
203060743651800,0,17,117f727ff8181c1a
203060743657500,0,17,117f727fe8181c1a
203060743663500,0,17,117f737ff8181c1a
203060743669600,0,17,117f727fe8181c1a
203060743675700,0,17,117f727fe8191c1a
203060743682000,0,17,117f737ff8191c1a
203060743687500,0,17,117f727ff8191c1a
203060743693700,0,17,117f727ff8191c1a
203060743699200,0,17,117f727ff8191c1a
203060743704700,0,17,117f727ff8181c1a
203060743714700,0,17,117f727ff8181c1a
203060743733100,0,17,117f727ff8181c1a
203060743740000,0,17,117f727ff8181c1a
203060743746000,0,17,117f727ff8191c1a
203060743760700,0,17,117f727ff8181c1a
203060743766600,0,17,117f727ff8191c1a
203060743772500,0,17,117f727ff8181c1a
203060743778000,0,17,117f727ff8181c1a
203060743783500,0,17,117f737ff8191c1a
203060743789100,0,17,117f738008191c1a
203060743794900,0,17,117f727ff8181c1a
203060743809600,0,17,117f727ff8191c1a
203060743818300,0,17,117f737ff8181c1a
203060743824000,0,17,117f728008191c1a
203060743830900,0,17,117f727fe8181c1a
203060743836600,0,17,117f727ff8181c1a
203060743842500,0,17,117f737ff8181c1a
203060743848700,0,17,117f727ff8181c1a
203060743854000,0,17,117f738008181c1a
203060743859800,0,17,117f727ff8181c1a
203060743865400,0,17,117f727ff8181c1a
203060743875200,0,17,117f738008171c1a
203060743880800,0,17,117f737ff8181c1a
203060743886700,0,17,117f727ff8171c1a
203060743892600,0,17,117f727ff8171c1a
203060743898400,0,17,117f727ff8181c1a
203060743904000,0,17,117f737ff8181c1a
203060743909900,0,17,117f737ff8181c1a
203060743915600,0,17,117f727ff8181c1a
203060743921100,0,17,117f727ff8181c1a
203060743926800,0,17,117f727ff8181c1a
203060743935500,0,17,117f727ff8191c1a
203060743941300,0,17,117f737ff8181c1a
203060743946800,0,17,117f727ff8181c1a
203060743952200,0,17,117f727ff8181c1a
203060743957600,0,17,117f737ff8181c1a
203060743963100,0,17,117f737ff8181c1a
203060743968800,0,17,117f727ff8181c1a
203060743974300,0,17,117f727ff8181c1a
203060744014200,0,17,117f727ff8181c1a
203060744043600,0,17,117f728008181c1a
203060744050000,0,17,117f727ff8181c1a
203060744055600,0,17,117f727ff8181c1a
203060744061500,0,17,117f727ff8181c1a
203060744067000,0,17,117f727ff8191c1a
203060744072400,0,17,117f727ff8191c1a
203060744078300,0,17,117f737ff8191c1a
203060744084100,0,17,117f727fe8191c1a
203060744089500,0,17,117f727ff8191c1a
203060854156500,0,17,117f728008191c1a
203060854181100,0,17,117f738008191c1a
203060854189300,0,17,117f727ff8181c1a
203060854195400,0,17,117f727fe8181c1a
203060854201500,0,17,117f728008191c1a
203060854207500,0,17,117f727fe8181c1a
203060854213300,0,17,117f727fe8181c1a
203060854218800,0,17,117f728008181c1a
203060854224500,0,17,117f727ff8181c1a
203060854230100,0,17,117f728008181c1a
203060854236700,0,17,117f737ff8181c1a
203060854242400,0,17,117f738008181c1a
203060854247700,0,17,117f727ff8181c1a
203060854253200,0,17,117f727fe8181c1a
203060854258700,0,17,117f727fe8191c1a
203060854264400,0,17,117f737ff8191c1a
203060854271200,0,17,117f738008181c1a
203060854288700,0,17,117f727ff8181c1a
203060854295100,0,17,117f727ff8181c1a
203060854300900,0,17,117f727ff8181c1a
203060854306500,0,17,117f738008181c1a
203060854312200,0,17,117f727ff8181c1a
203060854317700,0,17,117f727ff8181c1a
203060854323300,0,17,117f727ff8161c1a
203060854328800,0,17,117f727ff8101c1a
203060854334400,0,17,117f727fe80e1c1a
203060854340200,0,17,117f727ff8091c1a
203060854346000,0,17,117f727fe8041c1a
203060854351400,0,17,117f727ff8001c1a
203060854357000,0,17,117f727fe7fd1c1a
203060854362500,0,17,117f727fe7fc1c1a
203060854368100,0,17,117f727fe7fa1c1a
203060854375100,0,17,117f717fe7fa1c1a
203060854380800,0,17,117f717ff7fa1c1a
203060854386500,0,17,117f717fe7fa1c1a
203060854396500,0,17,117f717fe7fa1c1a
203060854402000,0,17,117f717fe7fb1c1a
203060854407500,0,17,117f717fe7fc1c1a
203060854412900,0,17,117f717fe7fc1c1a
203060854418300,0,17,117f717ff7fc1c1a
203060854423700,0,17,117f717fe7fd1c1a
203060854429300,0,17,117f717ff7fd1c1a
203060854435000,0,17,117f717ff7fd1c1a
203060854440600,0,17,117f717ff7fe1c1a
203060854446200,0,17,117f717fe7ff1c1a
203060854451900,0,17,117f717ff7ff1c1a
203060854457500,0,17,117f718008001c1a
203060854462800,0,17,117f718008001c1a
203060854468000,0,17,117f718008001c1a
203060854473600,0,17,117f717fe8001c1a
203060854479000,0,17,117f717ff8011c1a
203060854484500,0,17,117f717ff8011c1a
203060854489900,0,17,117f718008021c1a
203060854495600,0,17,117f718008021c1a
203060854501100,0,17,117f717ff8031c1a
203060854506500,0,17,117f717ff8031c1a
203060854512200,0,17,117f717ff8041c1a
203060854517500,0,17,117f717ff8041c1a
203060854523900,0,17,117f717ff8051c1a
203060854529300,0,17,117f717ff8061c1a
203060854534700,0,17,117f717ff8071c1a
203060854540300,0,17,117f718008071c1a
203060854546000,0,17,117f717ff8071c1a
203060854551500,0,17,117f717fe8081c1a
203060854557000,0,17,117f718008091c1a
203060854562700,0,17,117f717ff80a1c1a
203060966540600,0,17,117f7280080a1c1a
203060966579000,0,17,117f7280080b1c1a
203060966589000,0,17,117f7280080b1c1a
203060966595200,0,17,117f717fe80c1c1a
203060966609900,0,17,117f717ff80c1c1a
203060966616500,0,17,117f727ff80d1c1a
203060966622000,0,17,117f727ff80e1c1a
203060966627600,0,17,117f727ff80e1c1a
203060966634300,0,17,117f727ff80f1c1a
203060966639800,0,17,117f728008101c1a
203060966675000,0,17,117f728008101c1a
203060966706900,0,17,117f727ff8111c1a
203060966715000,0,17,117f727ff8121c1a
203060966724800,0,17,117f727ff8131c1a
203060966733700,0,17,117f728008131c1a
203060966742100,0,17,117f728008141c1a
203060966748400,0,17,117f728008151c1a
203060966754300,0,17,117f728008151c1a
203060966759800,0,17,117f727ff8161c1a
203060966765200,0,17,117f727ff8161c1a
203060966770500,0,17,117f727ff8171c1a
203060966775800,0,17,117f727ff8181c1a
203060966781100,0,17,117f727ff8191c1a
203060966786500,0,17,117f728008191c1a
203060966792400,0,17,117f727ff81a1c1a
203060966797800,0,17,117f727ff81a1c1a
203060966803100,0,17,117f7280081b1c1a
203060966808500,0,17,117f7280081c1c1a
203060966814300,0,17,117f727ff81c1c1a
203060966820200,0,17,117f7380081d1c1a
203060966826800,0,17,117f7380081e1c1a
203060966832500,0,17,117f7380081f1c1a
203060966838500,0,17,117f7380081e1c1a
203060966843900,0,17,117f737ff81f1c1a
203060966849300,0,17,117f737fe81f1c1a
203060966857800,0,17,117f738008201c1a
203060966863100,0,17,117f738008211c1a
203060966868600,0,17,117f738018221c1a
203060966873900,0,17,117f738008221c1a
203060966879700,0,17,117f737ff8221c1a
203060966885600,0,17,117f737ff8231c1a
203060966891000,0,17,117f738008231c1a
203060966896400,0,17,117f737ff8241c1a
203060966902000,0,17,117f748008251c1a
203060966907400,0,17,117f748008251c1a
203060966912900,0,17,117f748028261c1a
203060966918200,0,17,117f748008261c1a
203060966923600,0,17,117f748008261c1a
203060966929000,0,17,117f748008261c1a
203060966934700,0,17,117f748008271c1a
203060966940400,0,17,117f758028281c1a
203060966945800,0,17,117f758008271c1a
203060966951100,0,17,117f758018271c1a
203060966956900,0,17,117f768038261c1a
203060966962300,0,17,117f768038251c1a
203060966968000,0,17,117f778038231c1a
203060966973700,0,17,117f788068201c1a
203060966979000,0,17,117f7a80781f1c1a
203060966984600,0,17,117f7b80981a1c1a
203060966990000,0,17,117f7b80a8171c1a
203060966995500,0,17,117f7d80a8111c1a
203060967001800,0,17,117f7d8078101c1a
203060967007200,0,17,117f7d8068101c1a
203060967013200,0,17,117f7d8048111c1a
203060967018600,0,17,117f7d8028121c1a
203060967024000,0,17,117f7d8028141c1a
203060967029400,0,17,117f7d8028151c1a
203060967035200,0,17,117f7e8018181c1a
203060967040500,0,17,117f7e8028191c1a
203061079464200,0,17,117f7f80381b1c1a
203061079495600,0,17,117f7f80381c1c1a
203061079506500,0,17,117f7f80381e1c1a
203061079536400,0,17,117f8080381e1c1a
203061079543600,0,17,117f8080381f1c1a
203061079549200,0,17,117f8180581f1c1a
203061079554600,0,17,117f8180481f1c1a
203061079560600,0,17,117f8280681e1c1a
203061079566000,0,17,117f8380681e1c1a
203061079571500,0,17,117f8480781b1c1a
203061079576800,0,17,117f8580881a1c1a
203061079582300,0,17,117f868088181c1a
203061079587800,0,17,117f868078161c1a
203061079593200,0,17,117f878078161c1a
203061079598900,0,17,117f878058141c1a
203061079604300,0,17,117f878058131c1a
203061079610100,0,17,117f888048131c1a
203061079615700,0,17,117f888038131c1a
203061079621200,0,17,117f898038151c1a
203061079626900,0,17,117f898058161c1a
203061079632700,0,17,117f8a8078161c1a
203061079638700,0,17,117f8b8078161c1a
203061079644100,0,17,117f8d8088141c1a
203061079649800,0,17,117f8e80a8121c1a
203061079655600,0,17,117f8f80b8101c1a
203061079662200,0,17,117f9080b80c1c1a
203061079667700,0,17,117f9180a8091c1a
203061079673000,0,17,117f928098081c1a
203061079678500,0,17,117f928078061c1a
203061079683900,0,17,117f938068061c1a
203061079689500,0,17,117f938068071c1a
203061079695000,0,17,117f948048091c1a
203061079700300,0,17,117f9480680b1c1a
203061079705800,0,17,117f9580680c1c1a
203061079713900,0,17,117f9680880e1c1a
203061079722700,0,17,117f9780880e1c1a
203061079729100,0,17,117f9880880e1c1a
203061079734500,0,17,117f9980880d1c1a
203061079740000,0,17,117f9b80a80a1c1a
203061079745300,0,17,117f9b80a8091c1a
203061079751800,0,17,117f9c80a8061c1a
203061079757200,0,17,117f9d8098051c1a
203061079762500,0,17,117f9e8088041c1a
203061079768500,0,17,117f9e8088041c1a
203061079773900,0,17,117f9f8068051c1a
203061079779200,0,17,117f9f8068071c1a
203061079784600,0,17,117fa08058091c1a
203061079789800,0,17,117fa080380c1c1a
203061079795300,0,17,117fa08028101c1a
203061079800800,0,17,117fa08018121c1a
203061079806300,0,17,117fa08018151c1a
203061079812100,0,17,117fa08028161c1a
203061079817400,0,17,117fa28058171c1a
203061079822800,0,17,117fa38098151c1a
203061079828100,0,17,117fa580a8141c1a
203061079833500,0,17,117fa680c8101c1a
203061079838900,0,17,117fa780a80a1c1a
203061079844400,0,17,117fa88098081c1a
203061079849800,0,17,117fa980a8061c1a
203061079855300,0,17,117fa98078061c1a
203061079860700,0,17,117faa8068071c1a
203061079866200,0,17,117faa8058091c1a
203061079871600,0,17,117faa80280d1c1a
203061079877000,0,17,117faa80380e1c1a
203061079882300,0,17,117faa8018101c1a
203061079887700,0,17,117fab8038121c1a
203061079893200,0,17,117fac8048131c1a
203061079898600,0,17,117fad8078131c1a
203061079903900,0,17,117faf80a8121c1a
203061188924300,0,17,117faf8098111c1a
203061188953800,0,17,117fb080880e1c1a
203061188961400,0,17,117fb180880c1c1a
203061188967400,0,17,117fb280880b1c1a
203061188972900,0,17,117fb28088091c1a
203061188978300,0,17,117fb38068091c1a
203061188983900,0,17,117fb380580a1c1a
203061188989700,0,17,117fb480480c1c1a
203061188995300,0,17,117fb480380e1c1a
203061189000800,0,17,117fb48028101c1a
203061189006400,0,17,117fb48028131c1a
203061189012100,0,17,117fb48028151c1a
203061189017500,0,17,117fb48018181c1a
203061189023100,0,17,117fb580281a1c1a
203061189029600,0,17,117fb580181b1c1a
203061189036500,0,17,117fb680481d1c1a
203061189042700,0,17,117fb680481d1c1a
203061189058600,0,17,117fb780581e1c1a
203061189065700,0,17,117fb880581e1c1a
203061189071800,0,17,117fb880581d1c1a
203061189077300,0,17,117fb880581c1c1a
203061189082600,0,17,117fb980681c1c1a
203061189087900,0,17,117fb980581a1c1a
203061189093300,0,17,117fba8058191c1a
203061189098700,0,17,117fbb8068171c1a
203061189104100,0,17,117fbc8068151c1a
203061189109700,0,17,117fbd8068141c1a
203061189115200,0,17,117fbd8078111c1a
203061189120700,0,17,117fbe8088101c1a
203061189126100,0,17,117fbf8078101c1a
203061189131900,0,17,117fbf8078101c1a
203061189137100,0,17,117fc08068121c1a
203061189146100,0,17,117fc18058131c1a
203061189151400,0,17,117fc18038141c1a
203061189174500,0,17,117fc08028161c1a
203061189192600,0,17,117fc08018171c1a
203061189198400,0,17,117fc080181a1c1a
203061189204000,0,17,117fc180081c1c1a
203061189209600,0,17,117fc180081e1c1a
203061189215100,0,17,117fc18028211c1a
203061189220500,0,17,117fc28028221c1a
203061189226100,0,17,117fc38038221c1a
203061189231600,0,17,117fc48068211c1a
203061189237000,0,17,117fc580681f1c1a
203061189242500,0,17,117fc680781c1c1a
203061189248300,0,17,117fc780881b1c1a
203061189253800,0,17,117fc78078191c1a
203061189259100,0,17,117fc78068181c1a
203061189264400,0,17,117fc88048191c1a
203061189269700,0,17,117fc88038191c1a
203061189275100,0,17,117fc880281a1c1a
203061189280300,0,17,117fc880281b1c1a
203061189285700,0,17,117fc980381b1c1a
203061189291000,0,17,117fca80481c1c1a
203061189296400,0,17,117fca80681c1c1a
203061189301700,0,17,117fcb80581d1c1a
203061189307100,0,17,117fcc80781d1c1a
203061189312500,0,17,117fcd80781d1c1a
203061189317900,0,17,117fcd80681c1c1a
203061189323300,0,17,117fce80681b1c1a
203061189328500,0,17,117fcf8078181c1a
203061189333800,0,17,117fd08088171c1a
203061189339300,0,17,117fd08088171c1a
203061189344700,0,17,117fd08078141c1a
203061189350400,0,17,117fd18088111c1a
203061189355900,0,17,117fd280780a1c1a
203061189361200,0,17,117fd28068071c1a
203061189366600,0,17,117fd28058011c1a
203061303798400,0,17,117fd38047fc1c1a
203061303837500,0,17,117fd38037fa1c1a
203061303845900,0,17,117fd38037f91c1a
203061303852800,0,17,117fd38017f91c1a
203061303858900,0,17,117fd38007fa1c1a
203061303864400,0,17,117fd38007fb1c1a
203061303870400,0,17,117fd38007fc1c1a
203061303876200,0,17,117fd37ff7fe1c1a
203061303882200,0,17,117fd38007fe1c1a
203061303887900,0,17,117fd48017fd1c1a
203061303894900,0,17,117fd48027fd1c1a
203061303900400,0,17,117fd58047fd1c1a
203061303906000,0,17,117fd58037fc1c1a
203061303911600,0,17,117fd68047fb1c1a
203061303917300,0,17,117fd68047f91c1a
203061303929500,0,17,117fd68027f81c1a
203061303938200,0,17,117fd78037f71c1a
203061303946900,0,17,117fd78037f61c1a
203061303956200,0,17,117fd78027f51c1a
203061303971100,0,17,117fd88027f41c1a
203061303978200,0,17,117fd88027f51c1a
203061303983700,0,17,117fd88027f51c1a
203061303989600,0,17,117fd88007f61c1a
203061303997700,0,17,117fd87ff7f61c1a
203061304006400,0,17,117fd88007f81c1a
203061304012800,0,17,117fd88007fa1c1a
203061304019000,0,17,117fd87ff7fb1c1a
203061304024800,0,17,117fd87ff7fc1c1a
203061304030500,0,17,117fd87ff7fe1c1a
203061304035900,0,17,117fd87fe8001c1a
203061304041400,0,17,117fd87fe8001c1a
203061304046800,0,17,117fd87ff8021c1a
203061304052300,0,17,117fd77ff8021c1a
203061304057900,0,17,117fd77fe8041c1a
203061304063300,0,17,117fd77fd8051c1a
203061304068800,0,17,117fd77fd8061c1a
203061304074300,0,17,117fd77fe8071c1a
203061304079700,0,17,117fd67fe8081c1a
203061304085400,0,17,117fd67fd8081c1a
203061304090800,0,17,117fd77ff8091c1a
203061304096200,0,17,117fd77ff8091c1a
203061304101700,0,17,117fd77ff8081c1a
203061304107100,0,17,117fd77ff8071c1a
203061304112400,0,17,117fd77ff8061c1a
203061304117900,0,17,117fd77fe8061c1a
203061304123700,0,17,117fd67fe8051c1a
203061304129100,0,17,117fd77fe8061c1a
203061304134500,0,17,117fd67fe8071c1a
203061304141100,0,17,117fd67ff8071c1a
203061304146500,0,17,117fd77ff8061c1a
203061304152000,0,17,117fd78008061c1a
203061304157500,0,17,117fd77ff8051c1a
203061304163000,0,17,117fd77fe8051c1a
203061304168600,0,17,117fd77ff8061c1a
203061304174000,0,17,117fd67ff8051c1a
203061304179300,0,17,117fd67ff8061c1a
203061304184700,0,17,117fd78008061c1a
203061304190100,0,17,117fd67ff8061c1a
203061304195700,0,17,117fd67ff8061c1a
203061304201800,0,17,117fd67ff8061c1a
203061304207200,0,17,117fd67ff8061c1a
203061304212500,0,17,117fd67fe8061c1a
203061304218200,0,17,117fd67fd8071c1a
203061304223800,0,17,117fd67ff8071c1a
203061304229200,0,17,117fd67fe8061c1a
203061304234500,0,17,117fd67ff8061c1a
203061304240200,0,17,117fd67ff8071c1a
203061304245700,0,17,117fd67fe8071c1a
203061304251000,0,17,117fd67ff8071c1a
203061304256400,0,17,117fd67ff8071c1a
203061416897800,0,17,117fd67fe8071c1a
203061416933500,0,17,117fd67ff8071c1a
203061416942000,0,17,117fd67fe8071c1a
203061416948300,0,17,117fd68008071c1a
203061416955300,0,17,117fd67ff8071c1a
203061416961300,0,17,117fd67ff8061c1a
203061416966900,0,17,117fd67ff8061c1a
203061416972700,0,17,117fd68008051c1a
203061416980400,0,17,117fd67ff8051c1a
203061416986000,0,17,117fd68008051c1a
203061416991400,0,17,117fd67ff8051c1a
203061417005400,0,17,117fd67ff8041c1a
203061417012200,0,17,117fd67fe8041c1a
203061417018500,0,17,117fd67ff8041c1a
203061417024100,0,17,117fd67ff8041c1a
203061417029800,0,17,117fd67ff8041c1a
203061417035300,0,17,117fd68008031c1a
203061417041000,0,17,117fd67ff8041c1a
203061417046400,0,17,117fd67ff8041c1a
203061417052100,0,17,117fd67fe8041c1a
203061417067800,0,17,117fd67ff8051c1a
203061417073900,0,17,117fd67fe8051c1a
203061417079700,0,17,117fd67ff8051c1a
203061417085700,0,17,117fd67ff8051c1a
203061417091500,0,17,117fd67ff8061c1a
203061417097200,0,17,117fd67ff8051c1a
203061417102900,0,17,117fd67fe8051c1a
203061417108500,0,17,117fd67ff8051c1a
203061417114000,0,17,117fd68008051c1a
203061417156700,0,17,117fd67ff8041c1a
203061417170700,0,17,117fd67fe8041c1a
203061417178600,0,17,117fd67fe8041c1a
203061417184100,0,17,117fd67ff8051c1a
203061417189700,0,17,117fd68008051c1a
203061417195000,0,17,117fd67ff8041c1a
203061417200500,0,17,117fd67ff8051c1a
203061417206000,0,17,117fd67ff8051c1a
203061417211500,0,17,117fd67ff8051c1a
203061417216900,0,17,117fd67fe8051c1a
203061417222600,0,17,117fd67ff8051c1a
203061417228000,0,17,117fd67ff8051c1a
203061417233400,0,17,117fd68008051c1a
203061417239000,0,17,117fd67ff8051c1a
203061417244600,0,17,117fd67ff8061c1a
203061417250000,0,17,117fd67fe8061c1a
203061417255300,0,17,117fd67fe8061c1a
203061417260700,0,17,117fd67ff8051c1a
203061417266100,0,17,117fd67ff8051c1a
203061417308000,0,17,117fd67ff8051c1a
203061417313600,0,17,117fd67ff8051c1a
203061417319100,0,17,117fd67ff8051c1a
203061417324600,0,17,117fd67fe8051c1a
203061417330700,0,17,117fd67fe8051c1a
203061417336400,0,17,117fd67ff8051c1a
203061417342300,0,17,117fd67ff8051c1a
203061417347800,0,17,117fd67ff8051c1a
203061417353300,0,17,117fd68008051c1a
203061417358600,0,17,117fd68008041c1a
203061417364000,0,17,117fd67fe8041c1a
203061417369600,0,17,117fd67fe8051c1a
203061417375100,0,17,117fd67ff8041c1a
203061417391700,0,17,117fd67ff8051c1a
203061417397900,0,17,117fd67fe8051c1a
203061417403300,0,17,117fd67ff8051c1a
203061417409000,0,17,117fd67ff8051c1a
203061417414400,0,17,117fd67fe8051c1a
203061417419800,0,17,117fd68018051c1a
203061529337500,0,17,117fd67ff8051c1a
203061529364600,0,17,117fd67ff8051c1a
203061529372200,0,17,117fd67fe8041c1a
203061529378300,0,17,117fd67fe8051c1a
203061529384000,0,17,117fd67fe8051c1a
203061529405000,0,17,117fd67ff8051c1a
203061529423800,0,17,117fd67fe8051c1a
203061529430600,0,17,117fd67ff8051c1a
203061529436500,0,17,117fd67ff8051c1a
203061529442300,0,17,117fd67ff8051c1a
203061529457500,0,17,117fd67ff8051c1a
203061529463400,0,17,117fd67fe8051c1a
203061529469100,0,17,117fd67fe8051c1a
203061529474800,0,17,117fd67fe8051c1a
203061529485200,0,17,117fd67ff8061c1a
203061529495300,0,17,117fd68008061c1a
203061529533400,0,17,117fd67ff8051c1a
203061529544700,0,17,117fd67ff8051c1a
203061529551200,0,17,117fd67ff8051c1a
203061529557300,0,17,117fd67ff8051c1a
203061529563200,0,17,117fd68008041c1a
203061529568800,0,17,117fd67fe8051c1a
203061529574400,0,17,117fd67fe8051c1a
203061529579800,0,17,117fd68008061c1a
203061529585200,0,17,117fd67fe8051c1a
203061529591000,0,17,117fd67ff8051c1a
203061529596500,0,17,117fd68008051c1a
203061529602000,0,17,117fd68008051c1a
203061529607500,0,17,117fd67ff8051c1a
203061529613000,0,17,117fd67ff8041c1a
203061529618700,0,17,117fd67fe8051c1a
203061529624400,0,17,117fd68008061c1a
203061529630400,0,17,117fd67fe8051c1a
203061529635900,0,17,117fd67ff8061c1a
203061529641700,0,17,117fd67ff8051c1a
203061529647400,0,17,117fd67ff8051c1a
203061529653200,0,17,117fd67fe8051c1a
203061529658800,0,17,117fd67ff8051c1a
203061529664400,0,17,117fd67ff8051c1a
203061529670200,0,17,117fd67ff8041c1a
203061529675900,0,17,117fd68008051c1a
203061529681200,0,17,117fd68008051c1a
203061529687000,0,17,117fd67ff8051c1a
203061529692600,0,17,117fd67ff8051c1a
203061529698200,0,17,117fd68008051c1a
203061529703800,0,17,117fd67ff8051c1a
203061529709700,0,17,117fd67ff8041c1a
203061529715100,0,17,117fd67fe8051c1a
203061529720600,0,17,117fd67ff8051c1a
203061529726600,0,17,117fd68008051c1a
203061529732000,0,17,117fd67fe8041c1a
203061529737500,0,17,117fd68008041c1a
203061529743100,0,17,117fd67ff8041c1a
203061529748500,0,17,117fd67fe8041c1a
203061529754000,0,17,117fd67ff8051c1a
203061529759500,0,17,117fd68008051c1a
203061529765000,0,17,117fd67ff8041c1a
203061529770300,0,17,117fd67ff8041c1a
203061529775800,0,17,117fd67fe8041c1a
203061529781300,0,17,117fd68008051c1a
203061529787400,0,17,117fd67fe8051c1a
203061529792900,0,17,117fd67ff8061c1a
203061529798200,0,17,117fd67fe8061c1a
203061529803500,0,17,117fd67ff8061c1a
203061529808800,0,17,117fd68008061c1a
203061529814700,0,17,117fd67ff8061c1a
203061529822600,0,17,117fd67ff8051c1a
203061529828100,0,17,117fd67ff8041c1a
203061640490600,0,17,117fd67ff8041c1a
203061640522400,0,17,117fd67ff8051c1a
203061640530100,0,17,117fd67ff8051c1a
203061640535800,0,17,117fd68008041c1a
203061640541300,0,17,117fd67ff8051c1a
203061640547100,0,17,117fd67fe8041c1a
203061640562100,0,17,117fd67fe8041c1a
203061640569100,0,17,117fd68008051c1a
203061640574800,0,17,117fd67ff8051c1a
203061640580500,0,17,117fd67ff8061c1a
203061640586300,0,17,117fd67ff8061c1a
203061640591900,0,17,117fd67ff8061c1a
203061640597400,0,17,117fd67ff8061c1a
203061640603800,0,17,117fd68018061c1a
203061640609200,0,17,117fd67fd8061c1a
203061640614600,0,17,117fd68008061c1a
203061640620100,0,17,117fd68008061c1a
203061640625600,0,17,117fd68008061c1a
203061640630900,0,17,117fd67ff8061c1a
203061640636200,0,17,117fd67fe8051c1a
203061640641500,0,17,117fd67ff8051c1a
203061640655500,0,17,117fd67ff8051c1a
203061640661100,0,17,117fd67fe8041c1a
203061640666900,0,17,117fd67ff8051c1a
203061640672200,0,17,117fd68008051c1a
203061640677600,0,17,117fd67fe8051c1a
203061640683000,0,17,117fd67ff8051c1a
203061640688500,0,17,117fd67ff8041c1a
203061640693800,0,17,117fd67ff8051c1a
203061640699300,0,17,117fd67ff8051c1a
203061640704900,0,17,117fd68008051c1a
203061640710200,0,17,117fd68008051c1a
203061640733900,0,17,117fd67fe8041c1a
203061640753000,0,17,117fd68008051c1a
203061640759600,0,17,117fd67fe8051c1a
203061640765400,0,17,117fd67ff8051c1a
203061640771100,0,17,117fd68008051c1a
203061640777200,0,17,117fd67ff8041c1a
203061640783200,0,17,117fd67ff8041c1a
203061640793000,0,17,117fd67ff8051c1a
203061640798600,0,17,117fd67ff8041c1a
203061640804300,0,17,117fd67ff8041c1a
203061640809900,0,17,117fd67fe8041c1a
203061640815300,0,17,117fd67fe8041c1a
203061640820900,0,17,117fd67ff8041c1a
203061640827400,0,17,117fd67ff8041c1a
203061640832800,0,17,117fd68008051c1a
203061640838200,0,17,117fd67fe8041c1a
203061640843800,0,17,117fd68008051c1a
203061640850300,0,17,117fd67fe8051c1a
203061640856000,0,17,117fd67ff8051c1a
203061640861400,0,17,117fd67ff8051c1a
203061640867000,0,17,117fd67ff8041c1a
203061640872700,0,17,117fd67ff8041c1a
203061640878400,0,17,117fd67ff8051c1a
203061640887700,0,17,117fd67fd8041c1a
203061640896000,0,17,117fd67fe8051c1a
203061640961500,0,17,117fd68008061c1a
203061640978600,0,17,117fd67ff8061c1a
203061640985600,0,17,117fd68008061c1a
203061640991400,0,17,117fd67ff8051c1a
203061640997500,0,17,117fd67ff8051c1a
203061641003100,0,17,117fd67fe8061c1a
203061641008500,0,17,117fd67ff8061c1a
203061641017000,0,17,117fd67ff8061c1a
203061641027000,0,17,117fd67ff8051c1a
203061641034900,0,17,117fd67fe8051c1a
203061752895200,0,17,117fd67fe8051c1a
203061752921100,0,17,117fd67ff8051c1a
203061752938200,0,17,117fd67ff8051c1a
203061752944400,0,17,117fd67ff8041c1a
203061752950700,0,17,117fd67fe8041c1a
203061752956500,0,17,117fd67ff8051c1a
203061752962500,0,17,117fd67ff8051c1a
203061752968200,0,17,117fd67ff8051c1a
203061752973700,0,17,117fd67ff8051c1a
203061752979500,0,17,117fd67ff8051c1a
203061752994500,0,17,117fd67fe8051c1a
203061753001800,0,17,117fd67ff8051c1a
203061753007300,0,17,117fd67fe8051c1a
203061753012800,0,17,117fd67ff8051c1a
203061753018500,0,17,117fd68008051c1a
203061753024200,0,17,117fd67ff8041c1a
203061753029700,0,17,117fd67ff8041c1a
203061753035200,0,17,117fd67ff8051c1a
203061753040600,0,17,117fd67ff8041c1a
203061753046100,0,17,117fd67ff8051c1a
203061753055900,0,17,117fd68008051c1a
203061753064500,0,17,117fd67fe8051c1a
203061753117700,0,17,117fd67ff8061c1a
203061753126800,0,17,117fd67fe8061c1a
203061753132400,0,17,117fd68008061c1a
203061753137800,0,17,117fd68008051c1a
203061753143600,0,17,117fd67fe8051c1a
203061753149100,0,17,117fd68008051c1a
203061753154600,0,17,117fd67ff8051c1a
203061753160100,0,17,117fd67fe8041c1a
203061753165800,0,17,117fd67ff8041c1a
203061753171300,0,17,117fd67ff8051c1a
203061753176800,0,17,117fd67ff8051c1a
203061753182400,0,17,117fd67ff8051c1a
203061753188000,0,17,117fd68008051c1a
203061753193300,0,17,117fd67ff8051c1a
203061753198700,0,17,117fd67ff8051c1a
203061753204100,0,17,117fd67fe8041c1a
203061753209600,0,17,117fd67ff8041c1a
203061753215000,0,17,117fd67ff8041c1a
203061753220300,0,17,117fd67ff8051c1a
203061753225800,0,17,117fd67ff8051c1a
203061753232600,0,17,117fd67ff8051c1a
203061753238300,0,17,117fd67fe8051c1a
203061753243500,0,17,117fd67ff8051c1a
203061753249200,0,17,117fd67fe8051c1a
203061753254600,0,17,117fd67ff8051c1a
203061753260100,0,17,117fd68008061c1a
203061753265500,0,17,117fd68008051c1a
203061753270900,0,17,117fd67ff8041c1a
203061753277300,0,17,117fd67fe8041c1a
203061753283300,0,17,117fd67fe8051c1a
203061753289000,0,17,117fd67ff8051c1a
203061753294500,0,17,117fd68008061c1a
203061753300000,0,17,117fd67ff8051c1a
203061753305900,0,17,117fd67ff8041c1a
203061753311400,0,17,117fd67ff8041c1a
203061753316700,0,17,117fd67ff8051c1a
203061753326500,0,17,117fd67fe8051c1a
203061753332100,0,17,117fd67ff8051c1a
203061753337900,0,17,117fd68008051c1a
203061753343400,0,17,117fd68008051c1a
203061753350000,0,17,117fd67ff8051c1a
203061753355600,0,17,117fd68008061c1a
203061753361100,0,17,117fd67fe8051c1a
203061753366700,0,17,117fd67fe8061c1a
203061753372200,0,17,117fd67ff8061c1a
203061864044800,0,17,117fd68008061c1a
203061864241300,0,17,117fd67ff8051c1a
203061864258300,0,17,117fd67ff8051c1a
203061864268000,0,17,117fd67ff8051c1a
203061864274900,0,17,117fd67ff8051c1a
203061864280700,0,17,117fd67ff8051c1a
203061864286300,0,17,117fd68008051c1a
203061864292600,0,17,117fd67fe8041c1a
203061864298400,0,17,117fd67ff8041c1a
203061864304300,0,17,117fd67fe8041c1a
203061864310000,0,17,117fd68008051c1a
203061864315700,0,17,117fd67fe8051c1a
203061864321500,0,17,117fd68008031c1a
203061864326900,0,17,117fd67fe8031c1a
203061864332500,0,17,117fd67ff8041c1a
203061864338100,0,17,117fd68008041c1a
203061864343500,0,17,117fd67ff8051c1a
203061864348900,0,17,117fd67fe8051c1a
203061864354300,0,17,117fd68008051c1a
203061864359600,0,17,117fd68008051c1a
203061864369500,0,17,117fd67ff8051c1a
203061864375000,0,17,117fd67fe8051c1a
203061864380700,0,17,117fd67ff8051c1a
203061864386900,0,17,117fd67ff8061c1a
203061864392600,0,17,117fd67fe8051c1a
203061864398000,0,17,117fd68008051c1a
203061864405000,0,17,117fd67ff8051c1a
203061864410500,0,17,117fd67ff8051c1a
203061864416100,0,17,117fd67ff8051c1a
203061864421300,0,17,117fd67ff8051c1a
203061864426800,0,17,117fd67fe8051c1a
203061864432400,0,17,117fd67ff8051c1a
203061864437900,0,17,117fd67ff8051c1a
203061864443300,0,17,117fd67ff8051c1a
203061864448700,0,17,117fd68008051c1a
203061864454200,0,17,117fd67ff8061c1a
203061864460200,0,17,117fd67ff8051c1a
203061864465400,0,17,117fd67fe8051c1a
203061864470800,0,17,117fd67fe8051c1a
203061864476300,0,17,117fd68008051c1a
203061864481800,0,17,117fd67ff8041c1a
203061864487200,0,17,117fd67ff8041c1a
203061864492600,0,17,117fd67fe8041c1a
203061864498000,0,17,117fd68008051c1a
203061864503300,0,17,117fd67fe8041c1a
203061864508700,0,17,117fd67ff8051c1a
203061864514100,0,17,117fd67ff8051c1a
203061864533400,0,17,117fd68008051c1a
203061864540500,0,17,117fd67ff8051c1a
203061864545900,0,17,117fd67fe8051c1a
203061864551300,0,17,117fd67fe8041c1a
203061864556800,0,17,117fd67ff8051c1a
203061864562300,0,17,117fd68008061c1a
203061864574400,0,17,117fd68008051c1a
203061864582800,0,17,117fd67fe8051c1a
203061864588500,0,17,117fd68008051c1a
203061864594200,0,17,117fd67ff8051c1a
203061864599600,0,17,117fd68008051c1a
203061864605300,0,17,117fd67ff8051c1a
203061864611600,0,17,117fd67ff8051c1a
203061864617100,0,17,117fd68008051c1a
203061864622700,0,17,117fd67fe8051c1a
203061864628500,0,17,117fd67fe8061c1a
203061864633900,0,17,117fd67ff8061c1a
203061864648100,0,17,117fd68008061c1a
203061864655100,0,17,117fd67ff8061c1a
203061975993900,0,17,117fd67ff8061c1a
203061976143600,0,17,117fd67fe8051c1a
203061976168800,0,17,117fd67ff8051c1a
203061976192400,0,17,117fd67ff8041c1a
203061976199500,0,17,117fd67ff8041c1a
203061976205900,0,17,117fd67ff8051c1a
203061976220800,0,17,117fd67fe8051c1a
203061976234300,0,17,117fd67ff8051c1a
203061976240500,0,17,117fd67ff8041c1a
203061976246400,0,17,117fd68008041c1a
203061976252000,0,17,117fd67ff8041c1a
203061976257900,0,17,117fd67fd8041c1a
203061976263600,0,17,117fd68008041c1a
203061976269000,0,17,117fd67ff8041c1a
203061976274600,0,17,117fd67ff8041c1a
203061976280200,0,17,117fd67ff8041c1a
203061976287700,0,17,117fd68008051c1a
203061976293800,0,17,117fd67fe8041c1a
203061976310400,0,17,117fd67ff8041c1a
203061976319600,0,17,117fd67ff8051c1a
203061976325600,0,17,117fd67ff8051c1a
203061976332000,0,17,117fd67ff8051c1a
203061976337700,0,17,117fd67ff8041c1a
203061976343100,0,17,117fd67fe8041c1a
203061976348700,0,17,117fd67ff8051c1a
203061976354000,0,17,117fd67ff8051c1a
203061976359700,0,17,117fd67ff8051c1a
203061976365200,0,17,117fd67ff8051c1a
203061976370800,0,17,117fd67ff8051c1a
203061976385800,0,17,117fd67fe8051c1a
203061976391900,0,17,117fd67ff8051c1a
203061976401100,0,17,117fd67ff8051c1a
203061976409200,0,17,117fd67fe8051c1a
203061976416900,0,17,117fd67ff8051c1a
203061976425500,0,17,117fd67ff8061c1a
203061976434500,0,17,117fd68008061c1a
203061976449700,0,17,117fd67ff8061c1a
203061976459000,0,17,117fd68008061c1a
203061976465200,0,17,117fd67ff8061c1a
203061976470700,0,17,117fd67ff8061c1a
203061976476200,0,17,117fd68008051c1a
203061976481700,0,17,117fd68008041c1a
203061976487200,0,17,117fd67ff8041c1a
203061976492700,0,17,117fd67ff8041c1a
203061976498400,0,17,117fd67fe8041c1a
203061976503800,0,17,117fd68008051c1a
203061976509300,0,17,117fd68008051c1a
203061976515000,0,17,117fd67fe8041c1a
203061976520400,0,17,117fd67fe8041c1a
203061976525800,0,17,117fd67ff8051c1a
203061976531500,0,17,117fd68008051c1a
203061976537000,0,17,117fd67ff8041c1a
203061976542400,0,17,117fd67ff8041c1a
203061976547700,0,17,117fd67ff8041c1a
203061976553200,0,17,117fd67fe8041c1a
203061976558600,0,17,117fd67ff8051c1a
203061976564100,0,17,117fd67ff8051c1a
203061976570500,0,17,117fd67ff8061c1a
203061976575900,0,17,117fd67fe8051c1a
203061976581300,0,17,117fd67ff8051c1a
203061976586500,0,17,117fd67fe8051c1a
203061976592300,0,17,117fd67fe8041c1a
203061976598300,0,17,117fd67ff8041c1a
203061976603600,0,17,117fd67ff8051c1a
203061976609000,0,17,117fd67ff8051c1a
203061976614500,0,17,117fd67fe8051c1a
203061976619900,0,17,117fd67ff8051c1a
203061976625500,0,17,117fd77ff8051c1a
203062089314100,0,17,117fd68008041c1a
203062089355300,0,17,117fd67fe8031c1a
203062089381100,0,17,117fd68008041c1a
203062089388900,0,17,117fd67ff8041c1a
203062089404200,0,17,117fd67fe8041c1a
203062089410900,0,17,117fd67ff8051c1a
203062089416800,0,17,117fd67ff8051c1a
203062089434900,0,17,117fd67ff8041c1a
203062089441600,0,17,117fd67ff8041c1a
203062089447300,0,17,117fd67ff8041c1a
203062089453200,0,17,117fd67fe8041c1a
203062089459000,0,17,117fd67ff8041c1a
203062089468000,0,17,117fd67fe8041c1a
203062089474400,0,17,117fd68008041c1a
203062089479900,0,17,117fd67fe8051c1a
203062089485500,0,17,117fd67ff8051c1a
203062089491000,0,17,117fd67fe8051c1a
203062089499400,0,17,117fd67ff8051c1a
203062089507800,0,17,117fd67fe8051c1a
203062089516500,0,17,117fd68008051c1a
203062089522900,0,17,117fd68008051c1a
203062089528500,0,17,117fd68008061c1a
203062089534000,0,17,117fd67fe8061c1a
203062089539800,0,17,117fd67ff8061c1a
203062089545400,0,17,117fd67fe8061c1a
203062089551000,0,17,117fd67ff8061c1a
203062089556600,0,17,117fd67fe8061c1a
203062089562100,0,17,117fd67ff8061c1a
203062089567600,0,17,117fd68008051c1a
203062089572900,0,17,117fd67ff8041c1a
203062089578300,0,17,117fd67ff8041c1a
203062089584100,0,17,117fd67ff8041c1a
203062089589800,0,17,117fd67ff8051c1a
203062089803700,0,17,117fd67ff8051c1a
203062089826600,0,17,117fd67ff8051c1a
203062089835200,0,17,117fd67ff8041c1a
203062089840900,0,17,117fd67ff8051c1a
203062089846400,0,17,117fd67ff8051c1a
203062089859900,0,17,117fd67ff8051c1a
203062089874300,0,17,117fd68008051c1a
203062089880100,0,17,117fd67ff8041c1a
203062089885600,0,17,117fd67ff8051c1a
203062089891200,0,17,117fd67ff8051c1a
203062089896900,0,17,117fd68008051c1a
203062089902300,0,17,117fd67ff8041c1a
203062089909100,0,17,117fd67ff8051c1a
203062089914600,0,17,117fd67ff8051c1a
203062089919900,0,17,117fd67ff8051c1a
203062089925600,0,17,117fd67ff8051c1a
203062089931400,0,17,117fd68008051c1a
203062089936900,0,17,117fd68008051c1a
203062089943600,0,17,117fd67ff8041c1a
203062089949000,0,17,117fd67ff8051c1a
203062089955500,0,17,117fd67fe8051c1a
203062089961000,0,17,117fd67ff8051c1a
203062089966500,0,17,117fd67ff8061c1a
203062089972000,0,17,117fd67fe8051c1a
203062089977500,0,17,117fd67ff8051c1a
203062089983000,0,17,117fd68008051c1a
203062089988800,0,17,117fd67fe8051c1a
203062089994100,0,17,117fd67ff8051c1a
203062089999500,0,17,117fd67ff8051c1a
203062090004900,0,17,117fd68008051c1a
203062090010400,0,17,117fd67fe8051c1a
203062090015900,0,17,117fd67fe8051c1a
203062090021300,0,17,117fd67ff8051c1a
203062090027100,0,17,117fd67ff8051c1a
203062090032500,0,17,117fd67ff8051c1a
203062090037900,0,17,117fd68008051c1a
203062202694500,0,17,117fd67fe8041c1a
203062202721000,0,17,117fd67fe8041c1a
203062202743600,0,17,117fd67fe8041c1a
203062202786300,0,17,117fd68008051c1a
203062202794600,0,17,117fd67ff8051c1a
203062202877200,0,17,117fd68008051c1a
203062202885600,0,17,117fd67ff8041c1a
203062202937300,0,17,117fd67ff8041c1a
203062202946900,0,17,117fd67fe8051c1a
203062202952500,0,17,117fd67ff8061c1a
203062202967700,0,17,117fd68008061c1a
203062202982700,0,17,117fd67ff8051c1a
203062202998900,0,17,117fd67ff8051c1a
203062203005100,0,17,117fd68008051c1a
203062203021500,0,17,117fd67ff8051c1a
203062203027000,0,17,117fd67fe8051c1a
203062203032600,0,17,117fd67ff8051c1a
203062203038000,0,17,117fd67fe8051c1a
203062203044600,0,17,117fd67fe8051c1a
203062203050200,0,17,117fd67ff8061c1a
203062203055500,0,17,117fd68008061c1a
203062203061200,0,17,117fd68008061c1a
203062203066600,0,17,117fd68008061c1a
203062203071900,0,17,117fd67fe8061c1a
203062203077200,0,17,117fd67ff8051c1a
203062203082600,0,17,117fd67ff8051c1a
203062203088200,0,17,117fd67ff8051c1a
203062203093700,0,17,117fd68008051c1a
203062203099400,0,17,117fd67fe8051c1a
203062203105200,0,17,117fd67ff8061c1a
203062203115800,0,17,117fd67ff8051c1a
203062203122200,0,17,117fd67fe8051c1a
203062203127700,0,17,117fd67ff8051c1a
203062203137900,0,17,117fd67ff8051c1a
203062203143500,0,17,117fd67fe8051c1a
203062203149400,0,17,117fd68008051c1a
203062203157500,0,17,117fd67fe8041c1a
203062203166000,0,17,117fd67ff8051c1a
203062203186900,0,17,117fd67ff8051c1a
203062203193500,0,17,117fd68008051c1a
203062203198800,0,17,117fd67ff8051c1a
203062203204200,0,17,117fd67ff8041c1a
203062203209700,0,17,117fd68008041c1a
203062203215300,0,17,117fd67ff8041c1a
203062203220800,0,17,117fd67ff8041c1a
203062203226200,0,17,117fd67fe8041c1a
203062203231700,0,17,117fd67ff8051c1a
203062203238100,0,17,117fd67ff8041c1a
203062203243600,0,17,117fd68008051c1a
203062203249100,0,17,117fd67fe8051c1a
203062203254400,0,17,117fd67ff8051c1a
203062203259700,0,17,117fd67fe8051c1a
203062203265100,0,17,117fd67ff8051c1a
203062203270400,0,17,117fd67ff8051c1a
203062203275700,0,17,117fd67ff8051c1a
203062203281100,0,17,117fd67fe8051c1a
203062203286500,0,17,117fd67ff8051c1a
203062203292100,0,17,117fd67fe8061c1a
203062203297500,0,17,117fd68008091c1a
203062203302900,0,17,117fd780080b1c1a
203062203308300,0,17,117fd780180c1c1a
203062203314600,0,17,117fd780280e1c1a
203062203320000,0,17,117fd780280e1c1a
203062203325400,0,17,117fd880280e1c1a
203062203330900,0,17,117fd880280e1c1a
203062203336200,0,17,117fd880180e1c1a
203062203341600,0,17,117fd880080e1c1a
203062203346900,0,17,117fd88008101c1a
203062203352400,0,17,117fd87ff8101c1a
203062203357600,0,17,117fd88008111c1a
203062315826200,0,17,117fd88008111c1a
203062315962400,0,17,117fd88008111c1a
203062315974700,0,17,117fd87ff8121c1a
203062315981400,0,17,117fd88008121c1a
203062315986800,0,17,117fd98018131c1a
203062315992300,0,17,117fd87ff8131c1a
203062315998700,0,17,117fd98008141c1a
203062316004000,0,17,117fd98008131c1a
203062316009400,0,17,117fd98008131c1a
203062316014800,0,17,117fd87fe8141c1a
203062316020100,0,17,117fd98008131c1a
203062316025300,0,17,117fd98018131c1a
203062316030500,0,17,117fd98008131c1a
203062316035900,0,17,117fd98008131c1a
203062316041100,0,17,117fd98008121c1a
203062316046300,0,17,117fd98008121c1a
203062316051400,0,17,117fda8008121c1a
203062316056600,0,17,117fda8018121c1a
203062316061900,0,17,117fda8008121c1a
203062316067100,0,17,117fda8008111c1a
203062316072500,0,17,117fda8008111c1a
203062316079100,0,17,117fda8008101c1a
203062316084800,0,17,117fda8018111c1a
203062316090100,0,17,117fdb8018101c1a
203062316095600,0,17,117fdb80080f1c1a
203062316101000,0,17,117fdb8018101c1a
203062316108800,0,17,117fdb80180f1c1a
203062316117400,0,17,117fdb80180f1c1a
203062316125400,0,17,117fdb80080f1c1a
203062316133500,0,17,117fdc80180e1c1a
203062316141800,0,17,117fdc80080e1c1a
203062316176300,0,17,117fdc80280d1c1a
203062316199200,0,17,117fdc80180d1c1a
203062316206100,0,17,117fdc80280d1c1a
203062316211900,0,17,117fdc80180c1c1a
203062316217400,0,17,117fdd80180b1c1a
203062316222700,0,17,117fdd80180b1c1a
203062316228000,0,17,117fdd80180a1c1a
203062316233700,0,17,117fdd80180a1c1a
203062316239000,0,17,117fdd8008091c1a
203062316244300,0,17,117fde8028091c1a
203062316250300,0,17,117fde80180a1c1a
203062316255500,0,17,117fde8008091c1a
203062316260800,0,17,117fde80180a1c1a
203062316266200,0,17,117fde80080a1c1a
203062316271600,0,17,117fde80080a1c1a
203062316276900,0,17,117fde80080a1c1a
203062316282200,0,17,117fdf80080a1c1a
203062316287800,0,17,117fdf80180a1c1a
203062316293200,0,17,117fde7ff80a1c1a
203062316298600,0,17,117fdf80080b1c1a
203062316304200,0,17,117fde7ff80b1c1a
203062316309400,0,17,117fde7ff80c1c1a
203062316314600,0,17,117fde7ff80c1c1a
203062316320300,0,17,117fdf7ff80d1c1a
203062316325700,0,17,117fdf80080e1c1a
203062316331000,0,17,117fdf7ff80e1c1a
203062316336500,0,17,117fdf7ff80e1c1a
203062316341800,0,17,117fdf7ff80f1c1a
203062316347900,0,17,117fdf80080e1c1a
203062316353200,0,17,117fde7ff80f1c1a
203062316358300,0,17,117fdf7fe80f1c1a
203062316363700,0,17,117fde7ff80f1c1a
203062316369000,0,17,117fdf7ff80f1c1a
203062316374400,0,17,117fdf7ff8101c1a
203062316380000,0,17,117fdf8008101c1a
203062316385500,0,17,117fde7ff8101c1a
203062316390800,0,17,117fdf7ff8101c1a
203062316396000,0,17,117fdf7fe8101c1a
203062426021500,0,17,117fdf8008111c1a
203062426066100,0,17,117fdf7fe8111c1a
203062426077100,0,17,117fdf8008111c1a
203062426083600,0,17,117fdf7ff8101c1a
203062426111600,0,17,117fdf7ff8111c1a
203062426131600,0,17,117fdf7ff8101c1a
203062426138900,0,17,117fdf7ff8111c1a
203062426145000,0,17,117fdf7ff8101c1a
203062426150600,0,17,117fdf7ff8101c1a
203062426156300,0,17,117fdf7ff8101c1a
203062426161800,0,17,117fdf7fe80f1c1a
203062426167300,0,17,117fdf7ff8101c1a
203062426173100,0,17,117fdf7ff8101c1a
203062426178400,0,17,117fdf8008101c1a
203062426183800,0,17,117fdf7ff8101c1a
203062426189400,0,17,117fde7ff8101c1a
203062426194800,0,17,117fdf7ff8111c1a
203062426207600,0,17,117fdf7fe8101c1a
203062426217500,0,17,117fdf7ff8101c1a
203062426240400,0,17,117fdf7ff8111c1a
203062426260800,0,17,117fdf7ff8101c1a
203062426275800,0,17,117fdf7ff8111c1a
203062426294000,0,17,117fdf7ff8111c1a
203062426300700,0,17,117fdf7ff8111c1a
203062426306700,0,17,117fdf8008101c1a
203062426312400,0,17,117fdf7fe8101c1a
203062426319300,0,17,117fdf7fe8101c1a
203062426380900,0,17,117fdf7ff8111c1a
203062426386700,0,17,117fdf7ff8111c1a
203062426392000,0,17,117fdf7ff8101c1a
203062426398000,0,17,117fdf8008111c1a
203062426408500,0,17,117fdf7ff8111c1a
203062426431000,0,17,117fdf7ff8111c1a
203062426457300,0,17,117fdf7ff8111c1a
203062426464100,0,17,117fdf8008101c1a
203062426469800,0,17,117fdf7ff8101c1a
203062426476700,0,17,117fdf7fe8101c1a
203062426482200,0,17,117fdf7ff8101c1a
203062426487800,0,17,117fdf7ff8101c1a
203062426493200,0,17,117fdf80080f1c1a
203062426498900,0,17,117fdf7ff80f1c1a
203062426504900,0,17,117fdf7ff80f1c1a
203062426510800,0,17,117fdf7ff80f1c1a
203062426516200,0,17,117fdf7ff8101c1a
203062426521700,0,17,117fdf7fe8101c1a
203062426527400,0,17,117fdf8008101c1a
203062426532900,0,17,117fdf7ff80f1c1a
203062426538400,0,17,117fdf7ff80f1c1a
203062426544300,0,17,117fdf7ff8101c1a
203062426550100,0,17,117fdf7fe8101c1a
203062426555700,0,17,117fde7fd8101c1a
203062426561200,0,17,117fdf7ff8101c1a
203062426566800,0,17,117fdf7ff8111c1a
203062426572300,0,17,117fdf7ff8101c1a
203062426577800,0,17,117fdf7ff8111c1a
203062426584100,0,17,117fdf7ff8111c1a
203062426589600,0,17,117fdf7fe8111c1a
203062426595100,0,17,117fdf7ff8111c1a
203062426600600,0,17,117fdf7ff8111c1a
203062426606000,0,17,117fdf8008111c1a
203062426611700,0,17,117fdf7ff8111c1a
203062426617400,0,17,117fdf7ff8111c1a
203062426623200,0,17,117fdf7ff8111c1a
203062426628700,0,17,117fdf8008101c1a
203062426634200,0,17,117fdf7ff8101c1a
203062426640000,0,17,117fdf7ff8101c1a
203062540110300,0,17,117fdf7fe8101c1a
203062540300900,0,17,117fdf8008101c1a
203062540355900,0,17,117fdf7ff8101c1a
203062540381300,0,17,117fdf7ff8101c1a
203062540431500,0,17,117fdf7fe8101c1a
203062540450800,0,17,117fdf8008101c1a
203062540466000,0,17,117fdf7ff8101c1a
203062540480700,0,17,117fdf7ff8101c1a
203062540495400,0,17,117fdf7ff8101c1a
203062540557100,0,17,117fdf7ff8101c1a
203062540582500,0,17,117fdf7ff8101c1a
203062540590100,0,17,117fdf7ff8101c1a
203062540595900,0,17,117fdf7ff8101c1a
203062540601700,0,17,117fdf7ff8111c1a
203062540607500,0,17,117fdf8008111c1a
203062540614300,0,17,117fdf7ff8101c1a
203062540619900,0,17,117fdf7ff8101c1a
203062540625700,0,17,117fdf7ff8101c1a
203062540631100,0,17,117fdf7ff8111c1a
203062540637300,0,17,117fdf7fe8111c1a
203062540642900,0,17,117fdf7fe8111c1a
203062540648700,0,17,117fdf7ff8101c1a
203062540654300,0,17,117fdf7ff8101c1a
203062540659800,0,17,117fdf8008101c1a
203062540665100,0,17,117fdf8008101c1a
203062540674900,0,17,117fdf7ff8101c1a
203062540681400,0,17,117fdf7ff8101c1a
203062540686900,0,17,117fdf7ff8101c1a
203062540692500,0,17,117fdf7fe8101c1a
203062540698100,0,17,117fdf7ff8101c1a
203062540703400,0,17,117fdf7ff8101c1a
203062540708900,0,17,117fdf7ff8101c1a
203062540715100,0,17,117fdf8008101c1a
203062540721000,0,17,117fdf7ff8101c1a
203062540727600,0,17,117fdf7ff8101c1a
203062540733400,0,17,117fdf7ff8101c1a
203062540744000,0,17,117fdf7ff8101c1a
203062540749500,0,17,117fdf7fe8101c1a
203062540755400,0,17,117fdf7ff8111c1a
203062540760800,0,17,117fdf7ff8101c1a
203062540766300,0,17,117fdf7ff8101c1a
203062540771700,0,17,117fdf7ff8101c1a
203062540777100,0,17,117fdf7ff8101c1a
203062540782500,0,17,117fdf7ff8111c1a
203062540788200,0,17,117fdf7ff8111c1a
203062540793500,0,17,117fdf7ff8111c1a
203062540798900,0,17,117fdf7ff8111c1a
203062540804600,0,17,117fdf7fe8101c1a
203062540810100,0,17,117fdf7ff8101c1a
203062540815400,0,17,117fdf7ff8101c1a
203062540821000,0,17,117fdf7fe8101c1a
203062540826400,0,17,117fdf7fe8101c1a
203062540831700,0,17,117fdf7ff8111c1a
203062540837100,0,17,117fdf7ff8111c1a
203062540842500,0,17,117fdf8008101c1a
203062540847800,0,17,117fdf7ff8111c1a
203062540853300,0,17,117fdf7fe8101c1a
203062540858800,0,17,117fdf7ff8101c1a
203062540864200,0,17,117fdf7ff80f1c1a
203062540869700,0,17,117fdf7fe8101c1a
203062540875200,0,17,117fdf7ff8101c1a
203062540880800,0,17,117fdf7ff8101c1a
203062540886300,0,17,117fdf8008101c1a
203062540891900,0,17,117fdf7ff8101c1a
203062540897300,0,17,117fdf7ff8101c1a
203062540902800,0,17,117fdf7ff8101c1a
203062540908200,0,17,117fdf7ff8101c1a
203062540913600,0,17,117fdf8008101c1a
203062540919200,0,17,117fdf7ff80f1c1a
203062540924600,0,17,117fdf7ff80f1c1a
203062655036800,0,17,117fdf7fe80f1c1a
203062655071800,0,17,117fdf7ff80f1c1a
203062655080400,0,17,117fdf8008101c1a
203062655093600,0,17,117fdf7fe8101c1a
203062655102500,0,17,117fdf8008111c1a
203062655108800,0,17,117fdf7fe8101c1a
203062655115200,0,17,117fdf7ff8101c1a
203062655121400,0,17,117fdf7ff8101c1a
203062655127500,0,17,117fdf8008111c1a
203062655134700,0,17,117fdf7ff8101c1a
203062655140900,0,17,117fdf7ff8111c1a
203062655147200,0,17,117fdf8008111c1a
203062655153100,0,17,117fdf7ff8101c1a
203062655159000,0,17,117fdf7ff8101c1a
203062655164900,0,17,117fdf7fe8101c1a
203062655170700,0,17,117fdf7ff8101c1a
203062655176700,0,17,117fdf7ff8101c1a
203062655183000,0,17,117fdf7ff8101c1a
203062655189100,0,17,117fdf7ff80f1c1a
203062655195100,0,17,117fdf7ff80f1c1a
203062655201000,0,17,117fdf7ff8101c1a
203062655206900,0,17,117fdf8008101c1a
203062655212700,0,17,117fdf7ff8101c1a
203062655218800,0,17,117fdf8008101c1a
203062655224600,0,17,117fdf7ff80f1c1a
203062655231100,0,17,117fdf7ff80f1c1a
203062655237700,0,17,117fdf7ff8101c1a
203062655243600,0,17,117fdf7ff8101c1a
203062655249200,0,17,117fdf7ff8101c1a
203062655255200,0,17,117fdf8008101c1a
203062655260700,0,17,117fdf7ff8101c1a
203062655266700,0,17,117fdf7ff8101c1a
203062655272600,0,17,117fdf7ff8101c1a
203062655278600,0,17,117fdf7ff8101c1a
203062655284500,0,17,117fdf7fe80f1c1a
203062655290700,0,17,117fdf8008101c1a
203062655297000,0,17,117fdf7ff8101c1a
203062655302900,0,17,117fdf7ff8101c1a
203062655308700,0,17,117fdf7fe8101c1a
203062655314400,0,17,117fdf8008101c1a
203062655320500,0,17,117fdf7ff8101c1a
203062655326400,0,17,117fdf7ff8101c1a
203062655332500,0,17,117fdf7fe8111c1a
203062655338300,0,17,117fdf8008111c1a
203062655344400,0,17,117fdf7ff8101c1a
203062655350500,0,17,117fde7fe8101c1a
203062655997000,0,17,117fdf7fd8111c1a
203062656019500,0,17,117fde7ff8111c1a
203062656027000,0,17,117fdf8008111c1a
203062656033100,0,17,117fdf7ff8111c1a
203062656039300,0,17,117fdf7ff8111c1a
203062656045500,0,17,117fdf7ff8111c1a
203062656051600,0,17,117fdf8008111c1a
203062656057600,0,17,117fdf7ff8101c1a
203062656063400,0,17,117fdf7ff8101c1a
203062656069700,0,17,117fdf7ff8101c1a
203062656075800,0,17,117fdf7ff8101c1a
203062656082200,0,17,117fdf7ff8101c1a
203062656089500,0,17,117fdf7ff8101c1a
203062656095800,0,17,117fdf7ff8101c1a
203062656101800,0,17,117fdf7ff8111c1a
203062656107700,0,17,117fdf7ff8101c1a
203062656113500,0,17,117fdf7ff8101c1a
203062656118900,0,17,117fdf7ff8101c1a
203062656124400,0,17,117fdf7ff80f1c1a
203062656130000,0,17,117fdf7ff80f1c1a
203062656135400,0,17,117fdf7ff80f1c1a
203062656141000,0,17,117fdf7ff8101c1a
203062656150900,0,17,117fdf7ff8101c1a
203062656156600,0,17,117fdf8008111c1a
203062766637500,0,17,117fdf8008111c1a
203062766682700,0,17,117fdf7ff8101c1a
203062766693800,0,17,117fdf7fe8101c1a
203062766701600,0,17,117fdf7ff8101c1a
203062766707500,0,17,117fdf7ff8101c1a
203062766713500,0,17,117fdf7ff8101c1a
203062766719200,0,17,117fdf7ff8101c1a
203062766724600,0,17,117fdf7ff8101c1a
203062766730200,0,17,117fdf7fe8101c1a
203062766735600,0,17,117fdf7ff8111c1a
203062766741900,0,17,117fdf8008111c1a
203062766747800,0,17,117fdf7fe8101c1a
203062766759700,0,17,117fdf7ff8111c1a
203062766773400,0,17,117fdf8008111c1a
203062766782500,0,17,117fdf7ff8101c1a
203062766788900,0,17,117fdf8008101c1a
203062766795100,0,17,117fdf7fe8101c1a
203062766800900,0,17,117fdf7ff8101c1a
203062766806600,0,17,117fdf7ff8111c1a
203062766812600,0,17,117fdf7ff8101c1a
203062766819900,0,17,117fdf7fe8101c1a
203062766838000,0,17,117fdf8008101c1a
203062766880800,0,17,117fdf7ff8101c1a
203062766892600,0,17,117fdf7ff8101c1a
203062766901400,0,17,117fdf7ff8101c1a
203062766907600,0,17,117fdf7fe8101c1a
203062766913500,0,17,117fdf8008101c1a
203062766919800,0,17,117fdf7ff8101c1a
203062766925600,0,17,117fdf7ff8101c1a
203062766931400,0,17,117fdf7fe8111c1a
203062766937900,0,17,117fdf7ff8111c1a
203062766943800,0,17,117fdf7fe8111c1a
203062766949500,0,17,117fdf8008111c1a
203062766955500,0,17,117fdf7ff8101c1a
203062766961200,0,17,117fdf7ff8101c1a
203062766967100,0,17,117fdf7ff8101c1a
203062766973200,0,17,117fdf7fe8101c1a
203062766979000,0,17,117fdf7ff8101c1a
203062766985100,0,17,117fdf7ff8111c1a
203062766997700,0,17,117fdf7ff8111c1a
203062767012500,0,17,117fdf8008111c1a
203062767019800,0,17,117fdf7ff8111c1a
203062767025600,0,17,117fdf7ff8111c1a
203062767031300,0,17,117fdf7ff8101c1a
203062767037100,0,17,117fdf7fe8101c1a
203062767043000,0,17,117fdf7ff8101c1a
203062767048800,0,17,117fdf7ff8101c1a
203062767054900,0,17,117fdf7ff8101c1a
203062767060600,0,17,117fdf8008101c1a
203062767072400,0,17,117fdf7ff8101c1a
203062767084900,0,17,117fdf7ff8101c1a
203062767093800,0,17,117fdf7ff8101c1a
203062767099900,0,17,117fdf7ff8101c1a
203062767105700,0,17,117fdf7ff8101c1a
203062767111300,0,17,117fdf7ff8101c1a
203062767122000,0,17,117fdf7ff8111c1a
203062767130700,0,17,117fdf7ff8111c1a
203062767139100,0,17,117fdf7ff8111c1a
203062767144800,0,17,117fdf7fe8101c1a
203062767150400,0,17,117fdf7ff8111c1a
203062767156300,0,17,117fdf7ff8111c1a
203062767162200,0,17,117fdf8008121c1a
203062767168200,0,17,117fdf7fe8111c1a
203062767174500,0,17,117fdf8008111c1a
203062767180300,0,17,117fdf8008101c1a
203062877679000,0,17,117fdf7ff8101c1a
203062877758100,0,17,117fdf7fe8101c1a
203062877781600,0,17,117fdf7ff8101c1a
203062877789200,0,17,117fdf7ff8101c1a
203062877795600,0,17,117fdf7fe8101c1a
203062877814900,0,17,117fdf7ff8101c1a
203062877833800,0,17,117fdf7ff8101c1a
203062877895800,0,17,117fdf7ff8101c1a
203062877911100,0,17,117fdf7ff8101c1a
203062877917600,0,17,117fdf7ff80f1c1a
203062877937200,0,17,117fdf7ff8101c1a
203062877944600,0,17,117fdf7fe8101c1a
203062877950700,0,17,117fdf8008101c1a
203062877956800,0,17,117fdf7fe8101c1a
203062877969600,0,17,117fdf8018101c1a
203062877978000,0,17,117fdf7fe80f1c1a
203062877985400,0,17,117fdf7fe80f1c1a
203062877991500,0,17,117fdf7ff8101c1a
203062877997600,0,17,117fdf7ff8101c1a
203062878004600,0,17,117fdf7fe8101c1a
203062878010700,0,17,117fdf8008101c1a
203062878016900,0,17,117fdf7ff8101c1a
203062878022800,0,17,117fdf7fe8101c1a
203062878028800,0,17,117fdf7fe8101c1a
203062878035000,0,17,117fdf7ff8101c1a
203062878040900,0,17,117fdf7ff8101c1a
203062878046700,0,17,117fdf8018111c1a
203062878052800,0,17,117fdf7ff8101c1a
203062878058700,0,17,117fdf7ff8101c1a
203062878065100,0,17,117fdf7ff8101c1a
203062878079500,0,17,117fdf7ff8101c1a
203062878088500,0,17,117fdf8008101c1a
203062878096300,0,17,117fdf7ff8101c1a
203062878106100,0,17,117fdf7ff8111c1a
203062878130100,0,17,117fdf7ff8101c1a
203062878147100,0,17,117fdf7fe8101c1a
203062878154200,0,17,117fdf8008101c1a
203062878160100,0,17,117fdf7ff8101c1a
203062878166100,0,17,117fdf7ff8101c1a
203062878175800,0,17,117fdf7fe8101c1a
203062878182300,0,17,117fde7ff8101c1a
203062878188100,0,17,117fde7ff8101c1a
203062878193600,0,17,117fdf7ff8111c1a
203062878199100,0,17,117fdf8008111c1a
203062878204800,0,17,117fdf7ff8111c1a
203062878210800,0,17,117fdf7fe8111c1a
203062878216300,0,17,117fdf7ff8111c1a
203062878221700,0,17,117fdf7ff8111c1a
203062878227000,0,17,117fdf8008111c1a
203062878232400,0,17,117fdf7fe8111c1a
203062878238300,0,17,117fdf8008111c1a
203062878243700,0,17,117fdf7fe8101c1a
203062878249400,0,17,117fdf7ff8101c1a
203062878254700,0,17,117fdf7ff8111c1a
203062878260500,0,17,117fdf8008101c1a
203062878266300,0,17,117fdf7ff8101c1a
203062878271700,0,17,117fdf80080f1c1a
203062878277100,0,17,117fdf7ff80f1c1a
203062878282400,0,17,117fdf7ff80f1c1a
203062878287700,0,17,117fdf7ff8101c1a
203062878293200,0,17,117fdf7fe8101c1a
203062878298500,0,17,117fdf7ff8101c1a
203062878304200,0,17,117fdf7ff8101c1a
203062878309800,0,17,117fdf7ff8111c1a
203062878315200,0,17,117fdf8008111c1a
203062878320700,0,17,117fdf7ff8111c1a
203062878326500,0,17,117fdf7fe8101c1a
203062878331900,0,17,117fdf7ff8111c1a
203062987913700,0,17,117fdf7ff8111c1a
203062987941800,0,17,117fdf7ff8111c1a
203062987960200,0,17,117fdf7ff8111c1a
203062987966900,0,17,117fdf7ff8101c1a
203062987972700,0,17,117fdf7ff8101c1a
203062987978100,0,17,117fdf7ff8101c1a
203062987983900,0,17,117fdf7ff8101c1a
203062987989300,0,17,117fdf7fe8101c1a
203062987994800,0,17,117fdf7fe8101c1a
203062988029700,0,17,117fdf7fe8111c1a
203062988060200,0,17,117fdf7ff8111c1a
203062988068000,0,17,117fdf7ff8111c1a
203062988074300,0,17,117fdf8008121c1a
203062988079800,0,17,117fdf7ff8111c1a
203062988086500,0,17,117fdf7ff8111c1a
203062988093500,0,17,117fdf8008111c1a
203062988099200,0,17,117fdf7fe8101c1a
203062988135700,0,17,117fdf7ff8111c1a
203062988141400,0,17,117fdf7ff8101c1a
203062988148800,0,17,117fdf8008111c1a
203062988155000,0,17,117fdf8008101c1a
203062988160600,0,17,117fdf7fe8101c1a
203062988166100,0,17,117fdf7ff8101c1a
203062988171700,0,17,117fdf7fe8101c1a
203062988177400,0,17,117fdf7ff8101c1a
203062988183500,0,17,117fdf8008101c1a
203062988189100,0,17,117fdf7ff8101c1a
203062988194900,0,17,117fdf8008101c1a
203062988200400,0,17,117fdf7ff8101c1a
203062988205800,0,17,117fdf7ff8101c1a
203062988224900,0,17,117fdf7ff8101c1a
203062988232100,0,17,117fdf7ff8101c1a
203062988237900,0,17,117fdf7ff80f1c1a
203062988243700,0,17,117fdf7fe8101c1a
203062988249500,0,17,117fdf7fe8101c1a
203062988255000,0,17,117fdf8008101c1a
203062988261100,0,17,117fdf7ff8111c1a
203062988266700,0,17,117fdf7ff8111c1a
203062988272200,0,17,117fdf7ff8111c1a
203062988277600,0,17,117fdf7ff8111c1a
203062988283200,0,17,117fdf8008111c1a
203062988288500,0,17,117fdf7ff8111c1a
203062988302500,0,17,117fdf7ff8101c1a
203062988309700,0,17,117fdf7ff8101c1a
203062988315500,0,17,117fdf7ff8101c1a
203062988320900,0,17,117fde7fe8111c1a
203062988326600,0,17,117fdf7ff8111c1a
203062988332200,0,17,117fdf7ff8111c1a
203062988337700,0,17,117fdf7ff8111c1a
203062988343100,0,17,117fdf7ff8111c1a
203062988349300,0,17,117fdf7ff8101c1a
203062988355000,0,17,117fdf8008101c1a
203062988360700,0,17,117fdf7ff8101c1a
203062988366700,0,17,117fdf7ff8101c1a
203062988372200,0,17,117fdf7ff8101c1a
203062988377900,0,17,117fdf7ff80f1c1a
203062988392200,0,17,117fdf7fe80f1c1a
203062988398300,0,17,117fdf7ff8111c1a
203062988403700,0,17,117fdf8008111c1a
203062988409200,0,17,117fdf7ff8111c1a
203062988414700,0,17,117fdf7fe8111c1a
203062988424700,0,17,117fdf7ff8111c1a
203062988430300,0,17,117fdf7fe8101c1a
203062988435800,0,17,117fdf7ff8101c1a
203062988441100,0,17,117fdf7ff8101c1a
203063100993500,0,17,117fdf7ff8111c1a
203063101017800,0,17,117fdf7ff8111c1a
203063101025300,0,17,117fdf7ff8111c1a
203063101031300,0,17,117fdf8008111c1a
203063101037200,0,17,117fdf7ff8111c1a
203063101043000,0,17,117fdf7ff8111c1a
203063101048500,0,17,117fdf7ff8101c1a
203063101053900,0,17,117fdf7fe8101c1a
203063101059600,0,17,117fdf7ff8101c1a
203063101065100,0,17,117fdf80080f1c1a
203063101070600,0,17,117fdf7ff80f1c1a
203063101076100,0,17,117fdf7ff80f1c1a
203063101081500,0,17,117fdf7ff80f1c1a
203063101089000,0,17,117fdf7ff80f1c1a
203063101094800,0,17,117fdf7ff8101c1a
203063101100400,0,17,117fdf7ff8101c1a
203063101105800,0,17,117fdf7ff8101c1a
203063101111200,0,17,117fdf7ff8101c1a
203063101116900,0,17,117fdf7ff80f1c1a
203063101122600,0,17,117fdf7ff8101c1a
203063101128200,0,17,117fdf7ff8101c1a
203063101133800,0,17,117fdf7fe8101c1a
203063101139100,0,17,117fdf7ff8111c1a
203063101144700,0,17,117fdf7ff8111c1a
203063101150100,0,17,117fdf8008111c1a
203063101155600,0,17,117fdf7ff8111c1a
203063101161000,0,17,117fdf7fe8111c1a
203063101166600,0,17,117fdf7ff8111c1a
203063101172100,0,17,117fdf7ff8111c1a
203063101178100,0,17,117fdf7ff8101c1a
203063101183700,0,17,117fdf7ff8111c1a
203063101189200,0,17,117fdf7fe8101c1a
203063101194600,0,17,117fdf7ff8101c1a
203063101200000,0,17,117fdf7ff8101c1a
203063101205500,0,17,117fdf7ff8101c1a
203063101211100,0,17,117fdf7ff8111c1a
203063101217300,0,17,117fdf7fe8111c1a
203063101222800,0,17,117fdf7ff8111c1a
203063101228400,0,17,117fdf8008111c1a
203063101234100,0,17,117fdf8008111c1a
203063101239500,0,17,117fdf7ff8101c1a
203063101245100,0,17,117fdf7ff8101c1a
203063101250600,0,17,117fdf7fe80f1c1a
203063101256200,0,17,117fdf7fe8101c1a
203063101261600,0,17,117fdf8008101c1a
203063101267000,0,17,117fdf7fe8101c1a
203063101272500,0,17,117fdf8008101c1a
203063101277900,0,17,117fdf7fe8101c1a
203063101283400,0,17,117fdf7fe8101c1a
203063101288700,0,17,117fdf7ff8101c1a
203063101294200,0,17,117fdf8008111c1a
203063101299700,0,17,117fdf7fe8101c1a
203063101305300,0,17,117fdf7ff8101c1a
203063101310900,0,17,117fdf8018101c1a
203063101316400,0,17,117fdf7ff80f1c1a
203063101321900,0,17,117fde7fd8101c1a
203063101327400,0,17,117fdf8008101c1a
203063101333100,0,17,117fdf7ff8101c1a
203063101338700,0,17,117fdf8008101c1a
203063101344300,0,17,117fdf7ff8101c1a
203063101349700,0,17,117fdf7ff80f1c1a
203063101355300,0,17,117fdf7ff8101c1a
203063101360700,0,17,117fdf8018101c1a
203063101366000,0,17,117fdf7ff8101c1a
203063101371300,0,17,117fdf7ff8101c1a
203063101377300,0,17,117fdf7ff8101c1a
203063101382800,0,17,117fdf7ff8101c1a
203063215184000,0,17,117fdf8008101c1a
203063215209100,0,17,117fdf7fe8101c1a
203063215216600,0,17,117fdf7ff8101c1a
203063215222500,0,17,117fdf7ff8101c1a
203063215228300,0,17,117fdf7fe8101c1a
203063215233700,0,17,117fdf7ff8101c1a
203063215239100,0,17,117fdf7ff8101c1a
203063215244500,0,17,117fdf7ff8111c1a
203063215250000,0,17,117fdf7ff8101c1a
203063215255400,0,17,117fdf7ff8101c1a
203063215262700,0,17,117fdf7ff8101c1a
203063215268200,0,17,117fdf7ff8101c1a
203063215273700,0,17,117fdf7ff8101c1a
203063215279400,0,17,117fdf7ff8111c1a
203063215284900,0,17,117fdf7ff8111c1a
203063215290400,0,17,117fde7fe8111c1a
203063215295800,0,17,117fdf7ff8111c1a
203063215301100,0,17,117fdf7ff8111c1a
203063215306500,0,17,117fdf7ff8111c1a
203063215311900,0,17,117fdf7ff8111c1a
203063215318500,0,17,117fdf7ff8111c1a
203063215324000,0,17,117fdf7ff8101c1a
203063215329400,0,17,117fdf8008101c1a
203063215335000,0,17,117fdf7fe80f1c1a
203063215340600,0,17,117fdf7ff80f1c1a
203063215348900,0,17,117fdf7ff80f1c1a
203063215354500,0,17,117fdf7fe8101c1a
203063215359900,0,17,117fdf7ff8101c1a
203063215365300,0,17,117fdf7ff8111c1a
203063215370900,0,17,117fdf8008111c1a
203063215376200,0,17,117fdf7ff8101c1a
203063215381600,0,17,117fdf7ff8101c1a
203063215387100,0,17,117fdf7ff80f1c1a
203063215392700,0,17,117fdf7ff80f1c1a
203063215398000,0,17,117fdf7ff8101c1a
203063215403400,0,17,117fdf7ff8111c1a
203063215409100,0,17,117fdf8008111c1a
203063215414400,0,17,117fdf7ff8101c1a
203063215419900,0,17,117fdf7ff8101c1a
203063215425200,0,17,117fdf7ff8101c1a
203063215430500,0,17,117fdf8008101c1a
203063215435900,0,17,117fdf7ff8101c1a
203063215441300,0,17,117fdf7ff8101c1a
203063215446700,0,17,117fdf7ff8101c1a
203063215452100,0,17,117fdf7ff8101c1a
203063215457800,0,17,117fdf7ff8101c1a
203063215463300,0,17,117fdf7ff8111c1a
203063215468500,0,17,117fdf7fe8111c1a
203063215473800,0,17,117fdf7ff8111c1a
203063215479400,0,17,117fdf7fe8101c1a
203063215484800,0,17,117fdf7ff8111c1a
203063215490700,0,17,117fdf7ff8121c1a
203063215497500,0,17,117fdf7ff8141c1a
203063215503300,0,17,117fdf7ff8151c1a
203063215509100,0,17,117fdf7ff8171c1a
203063215514600,0,17,117fe08018191c1a
203063215520100,0,17,117fe080281a1c1a
203063215525800,0,17,117fe080081a1c1a
203063215531600,0,17,117fe080081b1c1a
203063215537200,0,17,117fe07ff81c1c1a
203063215542600,0,17,117fe07ff81d1c1a
203063215608900,0,17,117fe080081d1c1a
203063215619800,0,17,117fe080081e1c1a
203063215626700,0,17,117fe07ff81e1c1a
203063215632600,0,17,117fe080081e1c1a
203063215638400,0,17,117fe080081e1c1a
203063215649000,0,17,117fe180081e1c1a
203063215655000,0,17,117fe180081f1c1a
203063326820100,0,17,117fe180181f1c1a
203063326847100,0,17,117fe07fe81e1c1a
203063326854600,0,17,117fe180081e1c1a
203063326860900,0,17,117fe180081e1c1a
203063326869200,0,17,117fe17ff81e1c1a
203063326875200,0,17,117fe280181e1c1a
203063326882600,0,17,117fe180081e1c1a
203063326888600,0,17,117fe17ff81d1c1a
203063326894200,0,17,117fe280181d1c1a
203063326900100,0,17,117fe280081d1c1a
203063326905800,0,17,117fe280081d1c1a
203063326911300,0,17,117fe280081d1c1a
203063326917400,0,17,117fe280081d1c1a
203063326923000,0,17,117fe27ff81c1c1a
203063326929000,0,17,117fe27ff81c1c1a
203063326934700,0,17,117fe280081d1c1a
203063326940700,0,17,117fe280081d1c1a
203063326946300,0,17,117fe280081d1c1a
203063326952000,0,17,117fe280081d1c1a
203063326957500,0,17,117fe27ff81d1c1a
203063326963100,0,17,117fe280081d1c1a
203063326968700,0,17,117fe280081e1c1a
203063326974700,0,17,117fe380081e1c1a
203063326980200,0,17,117fe380081d1c1a
203063326989200,0,17,117fe380081d1c1a
203063326994700,0,17,117fe380081d1c1a
203063327000300,0,17,117fe37fe81d1c1a
203063327006100,0,17,117fe380081d1c1a
203063327016900,0,17,117fe37ff81d1c1a
203063327023200,0,17,117fe380081d1c1a
203063327029100,0,17,117fe37ff81e1c1a
203063327034800,0,17,117fe37ff81e1c1a
203063327040700,0,17,117fe37fe81e1c1a
203063327046600,0,17,117fe380081e1c1a
203063327053000,0,17,117fe380081e1c1a
203063327058700,0,17,117fe380081e1c1a
203063327164600,0,17,117fe37ff81e1c1a
203063327173400,0,17,117fe37ff81e1c1a
203063327179900,0,17,117fe37ff81e1c1a
203063327185700,0,17,117fe380081e1c1a
203063327191300,0,17,117fe380081e1c1a
203063327196700,0,17,117fe37ff81e1c1a
203063327202400,0,17,117fe37ff81e1c1a
203063327208200,0,17,117fe380081e1c1a
203063327213500,0,17,117fe37ff81d1c1a
203063327218800,0,17,117fe37ff81e1c1a
203063327224500,0,17,117fe47ff81e1c1a
203063327230000,0,17,117fe47ff81e1c1a
203063327235400,0,17,117fe480081e1c1a
203063327240900,0,17,117fe47ff81e1c1a
203063327246300,0,17,117fe480081e1c1a
203063327251700,0,17,117fe37ff81e1c1a
203063327257200,0,17,117fe480181e1c1a
203063327262600,0,17,117fe480081d1c1a
203063327269200,0,17,117fe47ff81d1c1a
203063327274600,0,17,117fe480081d1c1a
203063327282200,0,17,117fe480081c1c1a
203063327287700,0,17,117fe47ff81c1c1a
203063327293100,0,17,117fe580181c1c1a
203063327298800,0,17,117fe580081b1c1a
203063327304100,0,17,117fe47ff81b1c1a
203063327309600,0,17,117fe580081b1c1a
203063327315400,0,17,117fe57ff81b1c1a
203063327320900,0,17,117fe580081a1c1a
203063327326500,0,17,117fe580081a1c1a
203063327331800,0,17,117fe580081a1c1a
203063327337200,0,17,117fe58018191c1a
203063438859500,0,17,117fe58008181c1a
203063438894000,0,17,117fe68018181c1a
203063438904700,0,17,117fe68008171c1a
203063438912700,0,17,117fe68018171c1a
203063438918700,0,17,117fe68018161c1a
203063438924900,0,17,117fe78018161c1a
203063438941000,0,17,117fe68018151c1a
203063438948200,0,17,117fe78008141c1a
203063438954100,0,17,117fe78018151c1a
203063438959700,0,17,117fe88028141c1a
203063438965500,0,17,117fe88018141c1a
203063438971200,0,17,117fe88028131c1a
203063438976600,0,17,117fe88018121c1a
203063438982100,0,17,117fe88018121c1a
203063438987700,0,17,117fe98028111c1a
203063438993200,0,17,117fe98018111c1a
203063438998700,0,17,117fe98018101c1a
203063439011900,0,17,117fe98018101c1a
203063439017900,0,17,117fe98028101c1a
203063439024700,0,17,117fea8018101c1a
203063439032100,0,17,117fea8018101c1a
203063439042300,0,17,117fea8018111c1a
203063439050900,0,17,117fea8008111c1a
203063439057300,0,17,117fea8008111c1a
203063439064700,0,17,117fea7ff8111c1a
203063439070500,0,17,117fea7ff8121c1a
203063439077400,0,17,117fea7ff8121c1a
203063439082900,0,17,117fea7ff8131c1a
203063439088500,0,17,117fea7ff8141c1a
203063439370400,0,17,117fea7ff8141c1a
203063439393900,0,17,117fea8008151c1a
203063439401400,0,17,117fea8008151c1a
203063439407200,0,17,117fea8008151c1a
203063439413200,0,17,117fea7ff8151c1a
203063439418700,0,17,117fea8008151c1a
203063439425000,0,17,117fea8008151c1a
203063439430800,0,17,117fea7ff8151c1a
203063439436800,0,17,117fea7ff8151c1a
203063439442200,0,17,117fea7ff8151c1a
203063439448100,0,17,117fea7ff8161c1a
203063439453700,0,17,117fea7fe8161c1a
203063439470400,0,17,117fea7fe8171c1a
203063439479100,0,17,117feb8008171c1a
203063439484500,0,17,117feb7ff8171c1a
203063439489800,0,17,117fea8008171c1a
203063439495300,0,17,117fea7ff8161c1a
203063439500800,0,17,117feb7ff8161c1a
203063439507600,0,17,117fea7ff8171c1a
203063439512900,0,17,117fea7fe8171c1a
203063439518300,0,17,117fea7fe8171c1a
203063439523900,0,17,117feb8008171c1a
203063439529400,0,17,117feb7ff8171c1a
203063439534700,0,17,117fea7ff8171c1a
203063439540000,0,17,117fea7ff8171c1a
203063439545300,0,17,117fea7ff8171c1a
203063439551000,0,17,117fea7ff8171c1a
203063439556700,0,17,117fea7fe8171c1a
203063439562300,0,17,117fea8008171c1a
203063439567700,0,17,117fea7ff8171c1a
203063439572900,0,17,117fea7fe8171c1a
203063439578200,0,17,117fea8008171c1a
203063439583900,0,17,117feb7ff8181c1a
203063439593100,0,17,117feb7ff8171c1a
203063439599200,0,17,117feb7ff8171c1a
203063439604600,0,17,117fea7ff8171c1a
203063439610100,0,17,117feb7ff8171c1a
203063439615900,0,17,117fea7ff8171c1a
203063439641900,0,17,117feb7ff8181c1a
203063549162100,0,17,117fea8008181c1a
203063549193500,0,17,117fea7ff8181c1a
203063549201800,0,17,117feb7ff8181c1a
203063549208300,0,17,117fea7ff8181c1a
203063549214400,0,17,117fea7ff8181c1a
203063549220500,0,17,117fea8008181c1a
203063549226600,0,17,117fea7ff8181c1a
203063549232400,0,17,117fea7ff8181c1a
203063549238200,0,17,117feb8008181c1a
203063549244300,0,17,117feb7ff8181c1a
203063549250200,0,17,117fea7fe8171c1a
203063549255900,0,17,117feb8008181c1a
203063549261400,0,17,117feb7fe8181c1a
203063549267200,0,17,117feb8008181c1a
203063549273300,0,17,117feb7ff8171c1a
203063549280100,0,17,117fea7ff8171c1a
203063549286100,0,17,117fea7ff8181c1a
203063549292200,0,17,117fea7fe8171c1a
203063549298100,0,17,117fea7fe8181c1a
203063549304100,0,17,117fea7ff8181c1a
203063549310200,0,17,117fea8008181c1a
203063549317100,0,17,117fea7ff8181c1a
203063549323200,0,17,117fea7fe8191c1a
203063549328900,0,17,117fea7ff8191c1a
203063549334800,0,17,117fea7fe8191c1a
203063549340500,0,17,117fea7ff8191c1a
203063549346300,0,17,117fea7ff8191c1a
203063549352400,0,17,117fea7ff8191c1a
203063549358200,0,17,117fea7ff8181c1a
203063549364100,0,17,117fea7ff8181c1a
203063549369700,0,17,117fea7fe8181c1a
203063549375600,0,17,117fea7fe8171c1a
203063549381200,0,17,117fea7ff8171c1a
203063549386800,0,17,117fea7ff8181c1a
203063549392700,0,17,117fea7ff8181c1a
203063549398300,0,17,117fea7ff8181c1a
203063549404000,0,17,117fea7ff8181c1a
203063549409800,0,17,117fea7ff8181c1a
203063549415500,0,17,117feb8008181c1a
203063549421400,0,17,117fea7ff8181c1a
203063549427300,0,17,117fea8008171c1a
203063549433300,0,17,117feb7ff8171c1a
203063549438900,0,17,117feb7ff8171c1a
203063549444600,0,17,117feb8008161c1a
203063549450500,0,17,117fea7ff8161c1a
203063549456500,0,17,117fea7ff8161c1a
203063549462300,0,17,117fea7ff8171c1a
203063549468500,0,17,117feb7ff8171c1a
203063549474300,0,17,117feb8008171c1a
203063549484400,0,17,117feb7ff8171c1a
203063549489900,0,17,117fea7fe8171c1a
203063549495400,0,17,117feb7ff8171c1a
203063549500800,0,17,117feb8008171c1a
203063549506400,0,17,117feb7ff8171c1a
203063549512000,0,17,117feb7fe8171c1a
203063549517500,0,17,117feb7ff8171c1a
203063549522800,0,17,117feb7ff8171c1a
203063549528300,0,17,117feb8008171c1a
203063549533900,0,17,117fea7fe8161c1a
203063549539400,0,17,117fea7ff8171c1a
203063549544800,0,17,117feb7ff8171c1a
203063549550400,0,17,117feb7ff8171c1a
203063549556600,0,17,117feb7fe8171c1a
203063549564800,0,17,117feb8008171c1a
203063549570200,0,17,117fea7ff8171c1a
203063549577800,0,17,117fea7ff8171c1a
203063549588000,0,17,117feb7ff8171c1a
203063549598200,0,17,117feb7ff8181c1a
203063662109000,0,17,117feb7ff8181c1a
203063662139300,0,17,117fea7ff8181c1a
203063662149600,0,17,117fea7ff8181c1a
203063662158700,0,17,117fea7ff8181c1a
203063662167500,0,17,117feb7ff8181c1a
203063662182800,0,17,117feb8008181c1a
203063662189700,0,17,117fea7fe8181c1a
203063662195100,0,17,117fea7fe8181c1a
203063662200600,0,17,117fea7fe8181c1a
203063662207400,0,17,117feb8008181c1a
203063662212900,0,17,117feb7ff8181c1a
203063662219100,0,17,117fea7ff8181c1a
203063662224400,0,17,117fea7ff8171c1a
203063662240000,0,17,117feb7ff8181c1a
203063662245400,0,17,117feb7ff8181c1a
203063662250700,0,17,117fea7ff8171c1a
203063662256200,0,17,117feb7ff8171c1a
203063662262000,0,17,117fea7ff8181c1a
203063662267400,0,17,117feb7ff8181c1a
203063662273100,0,17,117fea7fe8181c1a
203063662278600,0,17,117fea7ff8181c1a
203063662286200,0,17,117fea7ff8181c1a
203063662294600,0,17,117fea7ff8181c1a
203063662300900,0,17,117fea7fe8181c1a
203063662308400,0,17,117feb7ff8181c1a
203063662317300,0,17,117feb7ff8181c1a
203063662323600,0,17,117feb8008181c1a
203063662329500,0,17,117feb7ff8181c1a
203063662334700,0,17,117fea7ff8171c1a
203063662340300,0,17,117feb7ff8171c1a
203063662345500,0,17,117fea7ff8171c1a
203063662350700,0,17,117feb7ff8171c1a
203063662356000,0,17,117feb7ff8181c1a
203063662361200,0,17,117feb7ff8181c1a
203063662368500,0,17,117fea8008181c1a
203063662375600,0,17,117fea7fe8171c1a
203063662381000,0,17,117fea7fe8181c1a
203063662386300,0,17,117fea7ff8181c1a
203063662404100,0,17,117feb8008171c1a
203063662409500,0,17,117fea7ff8171c1a
203063662414700,0,17,117fea7ff8171c1a
203063662420200,0,17,117fea7ff8171c1a
203063662425700,0,17,117feb7ff8171c1a
203063662431200,0,17,117feb7ff8171c1a
203063662436500,0,17,117feb7ff8181c1a
203063662441800,0,17,117feb8008181c1a
203063662447100,0,17,117fea7fe8171c1a
203063662452300,0,17,117feb7ff8171c1a
203063662459700,0,17,117fea7fe8171c1a
203063662465200,0,17,117feb8008171c1a
203063662470500,0,17,117feb7ff8171c1a
203063662476900,0,17,117fea7fe8171c1a
203063662482200,0,17,117fea7ff8171c1a
203063662487500,0,17,117fea7ff8181c1a
203063662492700,0,17,117fea8008181c1a
203063662498000,0,17,117fea7ff8181c1a
203063662503400,0,17,117feb8008181c1a
203063662508800,0,17,117feb8018181c1a
203063662514000,0,17,117feb7ff8171c1a
203063662519900,0,17,117fea7ff8171c1a
203063662525200,0,17,117fea7fe8171c1a
203063662530600,0,17,117fea7ff8171c1a
203063662535700,0,17,117feb7ff8171c1a
203063662552600,0,17,117fea7ff8181c1a
203063662558300,0,17,117feb7ff8181c1a
203063662563700,0,17,117fea7ff8181c1a
203063775812500,0,17,117fea7fe8181c1a
203063775844800,0,17,117feb7ff8181c1a
203063775852000,0,17,117fea7ff8181c1a
203063775857700,0,17,117fea7ff8181c1a
203063775863300,0,17,117feb7ff8181c1a
203063775868900,0,17,117fea8008181c1a
203063775874400,0,17,117feb8008181c1a
203063775879700,0,17,117feb7ff8171c1a
203063775885100,0,17,117fea7fe8181c1a
203063775891300,0,17,117feb7ff8181c1a
203063775896700,0,17,117feb8008181c1a
203063775902200,0,17,117feb7fe8171c1a
203063775907900,0,17,117feb7ff8181c1a
203063775913400,0,17,117feb7ff8181c1a
203063775919200,0,17,117fea7ff8171c1a
203063775924800,0,17,117feb7ff8171c1a
203063775930200,0,17,117feb7ff8171c1a
203063775935800,0,17,117feb7ff8171c1a
203063775941100,0,17,117fea7fe8181c1a
203063775946500,0,17,117feb7ff8181c1a
203063775951700,0,17,117feb7ff8181c1a
203063775957000,0,17,117fea7ff8181c1a
203063775962300,0,17,117fea7ff8181c1a
203063775967500,0,17,117feb8008181c1a
203063775972800,0,17,117fea7fe8181c1a
203063775978100,0,17,117feb8008181c1a
203063775983400,0,17,117feb7ff8181c1a
203063775990600,0,17,117feb8008171c1a
203063775996000,0,17,117feb8008171c1a
203063776001300,0,17,117fea7fd8161c1a
203063776007200,0,17,117fea7ff8171c1a
203063776041700,0,17,117fea7ff8171c1a
203063776048700,0,17,117fea7ff8181c1a
203063776054100,0,17,117feb7ff8181c1a
203063776059400,0,17,117feb7ff8181c1a
203063776064700,0,17,117feb7ff8171c1a
203063776070200,0,17,117feb7ff8161c1a
203063776075500,0,17,117feb7ff8171c1a
203063776080700,0,17,117feb7ff8171c1a
203063776085900,0,17,117fea8008171c1a
203063776091300,0,17,117feb8008171c1a
203063776096800,0,17,117feb8008171c1a
203063776102200,0,17,117fea7fe8171c1a
203063776108500,0,17,117fea7ff8171c1a
203063776114000,0,17,117feb7ff8171c1a
203063776119300,0,17,117fea7fe8171c1a
203063776124700,0,17,117feb7ff8181c1a
203063776130400,0,17,117feb8008181c1a
203063776135900,0,17,117fea7fe8171c1a
203063776142400,0,17,117feb8008171c1a
203063776147900,0,17,117fea8008171c1a
203063776153300,0,17,117feb7ff8181c1a
203063776158700,0,17,117fea7ff8181c1a
203063776164100,0,17,117feb7ff8181c1a
203063776169500,0,17,117feb7ff8181c1a
203063776174900,0,17,117feb7ff8181c1a
203063776180300,0,17,117feb8008171c1a
203063776186700,0,17,117fea7ff8171c1a
203063776192200,0,17,117fea7ff8171c1a
203063776197400,0,17,117feb8008181c1a
203063776202800,0,17,117fea7fe8171c1a
203063776207900,0,17,117fea7fe8181c1a
203063776213200,0,17,117feb8008171c1a
203063776218400,0,17,117feb7ff8171c1a
203063776223700,0,17,117fea7fd8171c1a
203063776229100,0,17,117feb8008181c1a
203063776234400,0,17,117fea7ff8181c1a
203063776246100,0,17,117feb8008181c1a
203063776252700,0,17,117fea7fe8181c1a
203063888928300,0,17,117fea7ff8171c1a
203063888951400,0,17,117fea7fe8171c1a
203063888958700,0,17,117fea8008181c1a
203063888964400,0,17,117fea7fe8181c1a
203063888971400,0,17,117feb7ff8181c1a
203063888986000,0,17,117fea7ff8181c1a
203063888992500,0,17,117feb7ff8181c1a
203063889000200,0,17,117feb7fe8171c1a
203063889008600,0,17,117fea7ff8171c1a
203063889017200,0,17,117fea7fe8171c1a
203063889025500,0,17,117feb7ff8171c1a
203063889115300,0,17,117feb7ff8171c1a
203063889133100,0,17,117feb7ff8171c1a
203063889147300,0,17,117feb7ff8171c1a
203063889160900,0,17,117feb7fe8171c1a
203063889174300,0,17,117fea8008171c1a
203063889190200,0,17,117fea7fe8171c1a
203063889203500,0,17,117fea7ff8171c1a
203063889216700,0,17,117fea7ff8181c1a
203063889244500,0,17,117feb8008181c1a
203063889258200,0,17,117feb8008171c1a
203063889264200,0,17,117fea7fe8171c1a
203063889269800,0,17,117feb7ff8171c1a
203063889275200,0,17,117feb7ff8171c1a
203063889280900,0,17,117feb7ff8181c1a
203063889286300,0,17,117fea7ff8181c1a
203063889291700,0,17,117feb7ff8181c1a
203063889297000,0,17,117feb7ff8181c1a
203063889302500,0,17,117feb7ff8181c1a
203063889307900,0,17,117fea7ff8181c1a
203063889313500,0,17,117feb7ff8181c1a
203063889325300,0,17,117fea7ff8181c1a
203063889332400,0,17,117fea7ff8181c1a
203063889337900,0,17,117fea8008181c1a
203063889343300,0,17,117feb7ff8181c1a
203063889348800,0,17,117feb7fe8171c1a
203063889354300,0,17,117feb8008181c1a
203063889359600,0,17,117fea7ff8171c1a
203063889365100,0,17,117fea7ff8171c1a
203063889370500,0,17,117feb7ff8181c1a
203063889376000,0,17,117fea7ff8181c1a
203063889381400,0,17,117fea7ff8181c1a
203063889386600,0,17,117fea7ff8181c1a
203063889392000,0,17,117fea7fe8171c1a
203063889397400,0,17,117fea7ff8181c1a
203063889402700,0,17,117fea7ff8181c1a
203063889408100,0,17,117feb8008181c1a
203063889415400,0,17,117feb7ff8181c1a
203063889421000,0,17,117fea7ff8181c1a
203063889426400,0,17,117fea7ff8181c1a
203063889431700,0,17,117feb8008171c1a
203063889437700,0,17,117feb7ff8171c1a
203063889443200,0,17,117feb7ff8171c1a
203063889448400,0,17,117feb7ff8171c1a
203063889453600,0,17,117fea7fe8171c1a
203063889458800,0,17,117fea7ff8171c1a
203063889464000,0,17,117feb7ff8171c1a
203063889469200,0,17,117feb7ff8181c1a
203063889474500,0,17,117fea7ff8171c1a
203063889479900,0,17,117fea7fe8171c1a
203063889485100,0,17,117fea7fe8171c1a
203063889490300,0,17,117feb7ff8181c1a
203063889495500,0,17,117fea7ff8181c1a
203063889500900,0,17,117fea8008181c1a
203063889506100,0,17,117fea7ff8181c1a
203063889511500,0,17,117fea7ff8181c1a
203063889516800,0,17,117feb7ff8181c1a
203063889522500,0,17,117fea8008181c1a
203064000225000,0,17,117feb7ff8181c1a
203064000258600,0,17,117fea8008181c1a
203064000267000,0,17,117fea7fe8181c1a
203064000272700,0,17,117feb7ff8181c1a
203064000278200,0,17,117feb7ff8181c1a
203064000283800,0,17,117feb7ff8171c1a
203064000291400,0,17,117feb7ff8171c1a
203064000297200,0,17,117feb7ff8181c1a
203064000302700,0,17,117fea7fe8171c1a
203064000310800,0,17,117feb7ff8171c1a
203064000319300,0,17,117fea7ff8171c1a
203064000345900,0,17,117feb7ff8181c1a
203064000364100,0,17,117feb7ff8181c1a
203064000383700,0,17,117feb7ff8181c1a
203064000390700,0,17,117feb7ff8181c1a
203064000396400,0,17,117feb7ff8181c1a
203064000402800,0,17,117fea7ff8181c1a
203064000410700,0,17,117feb7ff8181c1a
203064000419000,0,17,117feb7ff8171c1a
203064000427300,0,17,117fea7ff8171c1a
203064000433600,0,17,117feb7fe8171c1a
203064000439000,0,17,117feb7ff8171c1a
203064000444900,0,17,117feb7fe8171c1a
203064000450200,0,17,117feb7ff8181c1a
203064000455500,0,17,117feb8008181c1a
203064000460800,0,17,117feb7fe8171c1a
203064000466200,0,17,117feb7ff8171c1a
203064000471700,0,17,117fea7fe8171c1a
203064000477100,0,17,117feb8008171c1a
203064000482400,0,17,117feb7ff8161c1a
203064000487800,0,17,117feb7fe8161c1a
203064000493200,0,17,117fea7fe8171c1a
203064000498800,0,17,117feb7ff8171c1a
203064000504300,0,17,117fea7ff8171c1a
203064000509800,0,17,117feb8008171c1a
203064000515100,0,17,117fea7fe8181c1a
203064000520300,0,17,117fea7ff8181c1a
203064000525800,0,17,117fea7fe8181c1a
203064000531500,0,17,117fea7fe8181c1a
203064000537000,0,17,117feb7fe8181c1a
203064000542300,0,17,117fea7ff8181c1a
203064000550700,0,17,117fea8008181c1a
203064000556100,0,17,117feb7ff8181c1a
203064000561500,0,17,117feb7ff8171c1a
203064000566900,0,17,117fea7ff8171c1a
203064000572200,0,17,117fea7ff8171c1a
203064000577900,0,17,117feb7ff8171c1a
203064000584200,0,17,117fea7fe8171c1a
203064000589600,0,17,117feb7ff8181c1a
203064000595000,0,17,117fea7ff8181c1a
203064000600400,0,17,117feb7ff8181c1a
203064000606100,0,17,117feb8008171c1a
203064000611400,0,17,117feb7ff8171c1a
203064000616700,0,17,117fea7ff8171c1a
203064000622000,0,17,117feb7fe8171c1a
203064000631900,0,17,117feb8008171c1a
203064000637300,0,17,117fea7ff8171c1a
203064000642800,0,17,117fea7fe8181c1a
203064000648300,0,17,117feb7ff8181c1a
203064000654400,0,17,117fea7ff8181c1a
203064000659900,0,17,117fea8008181c1a
203064000665200,0,17,117fea7fe8181c1a
203064000670600,0,17,117fea7ff8181c1a
203064000676200,0,17,117fea7fe8171c1a
203064000682000,0,17,117feb7ff8181c1a
203064000688000,0,17,117feb7ff8181c1a
203064115193600,0,17,117feb8008181c1a
203064115238900,0,17,117feb7ff8181c1a
203064115250600,0,17,117feb8008181c1a
203064115256600,0,17,117fea7fe8171c1a
203064115262000,0,17,117feb7fe8171c1a
203064115268300,0,17,117feb7ff8171c1a
203064115274100,0,17,117feb7ff8171c1a
203064115279600,0,17,117feb7ff8171c1a
203064115285200,0,17,117fea7fd8181c1a
203064115290700,0,17,117fea7ff8181c1a
203064115296000,0,17,117fea7ff8181c1a
203064115301600,0,17,117feb7ff8181c1a
203064115307300,0,17,117feb7ff8181c1a
203064115312600,0,17,117fea7ff8171c1a
203064115319100,0,17,117fea7ff8171c1a
203064115324400,0,17,117feb7ff8171c1a
203064115329800,0,17,117fea7ff8181c1a
203064115335200,0,17,117fea7fe8171c1a
203064115340500,0,17,117fea7ff8181c1a
203064115345800,0,17,117feb7ff8181c1a
203064115354100,0,17,117feb8008181c1a
203064115360200,0,17,117feb7ff8171c1a
203064115387700,0,17,117fea7fe8171c1a
203064115406500,0,17,117feb7ff8171c1a
203064115415500,0,17,117fea7ff8161c1a
203064115421400,0,17,117fea7ff8171c1a
203064115427200,0,17,117feb7ff8171c1a
203064115434800,0,17,117feb7ff8171c1a
203064115441700,0,17,117fea7ff8171c1a
203064115448100,0,17,117feb8008171c1a
203064115454600,0,17,117fea8008171c1a
203064115459900,0,17,117feb7fe8171c1a
203064115466600,0,17,117fea7ff8171c1a
203064115472700,0,17,117fea7ff8171c1a
203064115479300,0,17,117fea7fe8171c1a
203064115484600,0,17,117fea8008181c1a
203064115490000,0,17,117feb8008181c1a
203064115495500,0,17,117fea7ff8181c1a
203064115501000,0,17,117feb7ff8171c1a
203064115506300,0,17,117feb7ff8171c1a
203064115511600,0,17,117feb8008171c1a
203064115516900,0,17,117feb7fe8171c1a
203064115522200,0,17,117fea7ff8181c1a
203064115527500,0,17,117fea7ff8181c1a
203064115533100,0,17,117fea8008171c1a
203064115539200,0,17,117fea7fe8171c1a
203064115544600,0,17,117feb7fe8171c1a
203064115550000,0,17,117fea7ff8181c1a
203064115555400,0,17,117feb7ff8171c1a
203064115561000,0,17,117fea7ff8171c1a
203064115568900,0,17,117feb7ff8171c1a
203064115574500,0,17,117fea7fe8171c1a
203064115579900,0,17,117fea7fe8171c1a
203064115585500,0,17,117feb7ff8171c1a
203064115591000,0,17,117feb7ff8181c1a
203064115596600,0,17,117feb7ff8171c1a
203064115602300,0,17,117fea8008171c1a
203064115607800,0,17,117fea7fe8171c1a
203064115614600,0,17,117feb8008171c1a
203064115620000,0,17,117feb7ff8171c1a
203064115625300,0,17,117feb7ff8171c1a
203064115630600,0,17,117fea7ff8171c1a
203064115636200,0,17,117fea7ff8171c1a
203064115641400,0,17,117fea7fe8171c1a
203064115647000,0,17,117feb7ff8171c1a
203064115652600,0,17,117feb8008171c1a
203064115658200,0,17,117fea7fe8171c1a
203064115663600,0,17,117fea7ff8181c1a
203064115670600,0,17,117fea7ff8181c1a
203064115676000,0,17,117fea7ff8181c1a
203064228475200,0,17,117feb7ff8181c1a
203064228504400,0,17,117feb7ff8181c1a
203064228515800,0,17,117fea7ff8181c1a
203064228522400,0,17,117feb7ff8181c1a
203064228528000,0,17,117feb8008181c1a
203064228533600,0,17,117feb7fe8171c1a
203064228539100,0,17,117fea7ff8171c1a
203064228544800,0,17,117feb7ff8171c1a
203064228551000,0,17,117feb7ff8171c1a
203064228556300,0,17,117feb7fe8171c1a
203064229434500,0,17,117feb8008181c1a
203064229466600,0,17,117fea7ff8171c1a
203064229473900,0,17,117fea7ff8171c1a
203064229482300,0,17,117feb7fe8171c1a
203064229488300,0,17,117fea7ff8171c1a
203064229494400,0,17,117fea7ff8171c1a
203064229500100,0,17,117fea7fe8181c1a
203064229505500,0,17,117feb7ff8181c1a
203064229511100,0,17,117fea7ff8181c1a
203064229516700,0,17,117feb7ff8181c1a
203064229522300,0,17,117feb7ff8181c1a
203064229529400,0,17,117feb7ff8171c1a
203064229535200,0,17,117fea7ff8171c1a
203064229540800,0,17,117fea8008171c1a
203064229547400,0,17,117feb7ff8171c1a
203064229553300,0,17,117fea8008181c1a
203064229559000,0,17,117feb7ff8181c1a
203064229564700,0,17,117feb7fe8171c1a
203064229570000,0,17,117feb7fe8171c1a
203064229575500,0,17,117fea7ff8181c1a
203064229580900,0,17,117feb8008181c1a
203064229587500,0,17,117feb7ff8181c1a
203064229594700,0,17,117fea7ff8181c1a
203064229600000,0,17,117feb7fe8181c1a
203064229605500,0,17,117fea7ff8171c1a
203064229610900,0,17,117feb7ff8171c1a
203064229616900,0,17,117feb7ff8171c1a
203064229622300,0,17,117feb7ff8171c1a
203064229627900,0,17,117feb7ff8171c1a
203064229634400,0,17,117fea7ff8171c1a
203064229640500,0,17,117fea7ff8171c1a
203064229646100,0,17,117feb8008171c1a
203064229656300,0,17,117feb8008171c1a
203064229661700,0,17,117feb7ff8181c1a
203064229667100,0,17,117feb7fe81b1c1a
203064229672800,0,17,117feb7ff81c1c1a
203064229678200,0,17,117feb80081f1c1a
203064229683400,0,17,117feb8018201c1a
203064229688700,0,17,117feb8018211c1a
203064229694200,0,17,117feb8008221c1a
203064229699600,0,17,117feb7ff8231c1a
203064229704900,0,17,117fec8008241c1a
203064229710300,0,17,117fec8018251c1a
203064229715700,0,17,117fec8008251c1a
203064229721100,0,17,117fec8008251c1a
203064229726400,0,17,117fec8018251c1a
203064229732100,0,17,117fec8008251c1a
203064229737400,0,17,117fec8028251c1a
203064229742900,0,17,117fec7fe8241c1a
203064229748100,0,17,117fec7ff8251c1a
203064229753400,0,17,117fed8008251c1a
203064229758800,0,17,117fed8018241c1a
203064229764200,0,17,117fed8018241c1a
203064229769500,0,17,117fed8008231c1a
203064229775300,0,17,117fed8008231c1a
203064229780600,0,17,117fed8018231c1a
203064229785900,0,17,117fed8018221c1a
203064229791200,0,17,117fee8008221c1a
203064229796400,0,17,117fee8018221c1a
203064229801800,0,17,117fee8018221c1a
203064229807200,0,17,117fee8028221c1a
203064341864100,0,17,117fee8008211c1a
203064341909000,0,17,117fef8008201c1a
203064341918300,0,17,117fef8028201c1a
203064341930800,0,17,117fef8028201c1a
203064341944600,0,17,117fef80181f1c1a
203064341952900,0,17,117fef80181f1c1a
203064341958500,0,17,117ff080281f1c1a
203064341964200,0,17,117ff080281e1c1a
203064341969800,0,17,117ff080181d1c1a
203064341976700,0,17,117ff080081d1c1a
203064341982500,0,17,117ff080281c1c1a
203064341991900,0,17,117ff180181c1c1a
203064342003000,0,17,117ff180181c1c1a
203064342008500,0,17,117ff180281b1c1a
203064342014100,0,17,117ff180181a1c1a
203064342019500,0,17,117ff280181a1c1a
203064342025100,0,17,117ff280181a1c1a
203064342030700,0,17,117ff280281a1c1a
203064342036400,0,17,117ff280281a1c1a
203064342042300,0,17,117ff38018191c1a
203064342047700,0,17,117ff38038191c1a
203064342053000,0,17,117ff38028181c1a
203064342058400,0,17,117ff48028171c1a
203064342064000,0,17,117ff48018171c1a
203064342072000,0,17,117ff48018171c1a
203064342078500,0,17,117ff48018171c1a
203064342083900,0,17,117ff58038161c1a
203064342089300,0,17,117ff58018151c1a
203064342094700,0,17,117ff58028161c1a
203064342100300,0,17,117ff58018161c1a
203064342105900,0,17,117ff58018161c1a
203064342112400,0,17,117ff58018171c1a
203064342117800,0,17,117ff58008171c1a
203064342123300,0,17,117ff58008181c1a
203064342128700,0,17,117ff57ff8191c1a
203064342134100,0,17,117ff57fe81a1c1a
203064342139400,0,17,117ff57ff81b1c1a
203064342144900,0,17,117ff57ff81b1c1a
203064342150100,0,17,117ff680181c1c1a
203064342155500,0,17,117ff67ff81b1c1a
203064342160800,0,17,117ff580081b1c1a
203064342166200,0,17,117ff680081c1c1a
203064342171600,0,17,117ff680081d1c1a
203064342177100,0,17,117ff680081d1c1a
203064342184000,0,17,117ff67ff81c1c1a
203064342189900,0,17,117ff680081d1c1a
203064342195200,0,17,117ff680081c1c1a
203064342200600,0,17,117ff67ff81c1c1a
203064342205900,0,17,117ff67ff81c1c1a
203064342211500,0,17,117ff67fe81d1c1a
203064342218300,0,17,117ff680081d1c1a
203064342223600,0,17,117ff67ff81d1c1a
203064342229100,0,17,117ff680081e1c1a
203064342234500,0,17,117ff67ff81e1c1a
203064342241600,0,17,117ff67ff81e1c1a
203064342247200,0,17,117ff680081e1c1a
203064342252800,0,17,117ff680081e1c1a
203064342258000,0,17,117ff67fe81d1c1a
203064342263300,0,17,117ff680081e1c1a
203064342268900,0,17,117ff67ff81e1c1a
203064342275900,0,17,117ff67ff81e1c1a
203064342281300,0,17,117ff67ff81e1c1a
203064342287400,0,17,117ff67ff81e1c1a
203064342293200,0,17,117ff67fe81d1c1a
203064342298500,0,17,117ff680081f1c1a
203064342303900,0,17,117ff67ff81f1c1a
203064342309400,0,17,117ff67fe81f1c1a
203064342315000,0,17,117ff680081f1c1a
203064342320300,0,17,117ff67fe81f1c1a
203064454487400,0,17,117ff67ff81f1c1a
203064454517900,0,17,117ff680081f1c1a
203064454525600,0,17,117ff67ff81f1c1a
203064454532500,0,17,117ff67fe81e1c1a
203064454538300,0,17,117ff680081e1c1a
203064454544000,0,17,117ff67ff81e1c1a
203064454553600,0,17,117ff680081f1c1a
203064454559000,0,17,117ff67ff81e1c1a
203064454564800,0,17,117ff67fe81e1c1a
203064454570800,0,17,117ff67ff81e1c1a
203064454576600,0,17,117ff67fe81e1c1a
203064454582300,0,17,117ff67ff81f1c1a
203064454589900,0,17,117ff67ff81f1c1a
203064454600200,0,17,117ff67ff81f1c1a
203064454606900,0,17,117ff680081f1c1a
203064454612500,0,17,117ff67ff81e1c1a
203064454618600,0,17,117ff67ff81e1c1a
203064454624500,0,17,117ff67fe81f1c1a
203064454630000,0,17,117ff680081f1c1a
203064454635600,0,17,117ff67fe81f1c1a
203064454641800,0,17,117ff67ff81f1c1a
203064454647600,0,17,117ff680081f1c1a
203064454654600,0,17,117ff67ff81e1c1a
203064454660200,0,17,117ff67ff81e1c1a
203064454665700,0,17,117ff67ff81e1c1a
203064454671300,0,17,117ff67ff81e1c1a
203064454679700,0,17,117ff67ff81f1c1a
203064454688600,0,17,117ff67fe81f1c1a
203064454694300,0,17,117ff67ff81f1c1a
203064454699700,0,17,117ff680081f1c1a
203064454705100,0,17,117ff67ff81f1c1a
203064454710900,0,17,117ff67ff81f1c1a
203064454716300,0,17,117ff67fe81f1c1a
203064454721700,0,17,117ff680081f1c1a
203064454727000,0,17,117ff67ff81f1c1a
203064454732800,0,17,117ff67ff81f1c1a
203064454738200,0,17,117ff67fe81f1c1a
203064454743600,0,17,117ff67ff8201c1a
203064454749400,0,17,117ff67ff8211c1a
203064454756500,0,17,117ff67fe8201c1a
203064454761900,0,17,117ff67ff8201c1a
203064454767400,0,17,117ff67ff8211c1a
203064454772900,0,17,117ff67ff8201c1a
203064454778200,0,17,117ff67ff8201c1a
203064454784900,0,17,117ff67ff8201c1a
203064454790400,0,17,117ff67ff81f1c1a
203064454796100,0,17,117ff67ff81f1c1a
203064454801500,0,17,117ff67fe81f1c1a
203064454807200,0,17,117ff67ff81f1c1a
203064454812500,0,17,117ff67ff81f1c1a
203064454818000,0,17,117ff67fe81f1c1a
203064454823500,0,17,117ff68008201c1a
203064454829000,0,17,117ff67ff81f1c1a
203064454834500,0,17,117ff680081f1c1a
203064454840000,0,17,117ff680081e1c1a
203064454845600,0,17,117ff67ff81e1c1a
203064454850900,0,17,117ff67ff81e1c1a
203064454856300,0,17,117ff67ff81e1c1a
203064454861700,0,17,117ff67ff81e1c1a
203064454877700,0,17,117ff67ff81f1c1a
203064454894800,0,17,117ff67ff81e1c1a
203064454903700,0,17,117ff680081e1c1a
203064454911800,0,17,117ff67ff81e1c1a
203064454918000,0,17,117ff67ff81e1c1a
203064454923400,0,17,117ff680081e1c1a
203064454928900,0,17,117ff67ff81d1c1a
203064454934200,0,17,117ff67fe81e1c1a
203064454939400,0,17,117ff67ff81e1c1a
203064563408000,0,17,117ff67ff81e1c1a
203064563435600,0,17,117ff77ff81e1c1a
203064563446900,0,17,117ff67ff81e1c1a
203064563454100,0,17,117ff680081e1c1a
203064563459700,0,17,117ff67ff81e1c1a
203064563468100,0,17,117ff67fe81e1c1a
203064563476900,0,17,117ff67fe81e1c1a
203064563485400,0,17,117ff67ff81f1c1a
203064563492600,0,17,117ff67fe81f1c1a
203064563498200,0,17,117ff67ff8201c1a
203064563503600,0,17,117ff68008201c1a
203064563509300,0,17,117ff680081f1c1a
203064563515000,0,17,117ff67ff81f1c1a
203064563521000,0,17,117ff67ff81e1c1a
203064563528800,0,17,117ff680081e1c1a
203064563534500,0,17,117ff67fe81e1c1a
203064563540300,0,17,117ff67ff81d1c1a
203064563545800,0,17,117ff680081d1c1a
203064563551300,0,17,117ff680081e1c1a
203064563556600,0,17,117ff67fe81e1c1a
203064563563400,0,17,117ff67ff81e1c1a
203064563569000,0,17,117ff67ff81f1c1a
203064563575600,0,17,117ff67fe81f1c1a
203064563582800,0,17,117ff67ff81f1c1a
203064563588400,0,17,117ff67ff81f1c1a
203064563593800,0,17,117ff67ff81f1c1a
203064563599300,0,17,117ff67ff81f1c1a
203064563607100,0,17,117ff67ff81f1c1a
203064563612600,0,17,117ff67ff81f1c1a
203064563618000,0,17,117ff67ff81e1c1a
203064563623400,0,17,117ff67fe81f1c1a
203064563629200,0,17,117ff68008201c1a
203064563636400,0,17,117ff67ff81f1c1a
203064563641900,0,17,117ff67ff81f1c1a
203064563647300,0,17,117ff67fe81e1c1a
203064563652800,0,17,117ff67ff81f1c1a
203064563658300,0,17,117ff67ff81f1c1a
203064563663700,0,17,117ff67ff81f1c1a
203064563670500,0,17,117ff680081f1c1a
203064563675900,0,17,117ff67ff81f1c1a
203064563681600,0,17,117ff780081e1c1a
203064563686900,0,17,117ff67ff81e1c1a
203064563693900,0,17,117ff67fe81e1c1a
203064563699700,0,17,117ff67fe81e1c1a
203064563706400,0,17,117ff680081f1c1a
203064563711800,0,17,117ff67ff81f1c1a
203064563717700,0,17,117ff67ff81f1c1a
203064563723400,0,17,117ff67ff81f1c1a
203064563728800,0,17,117ff67ff81f1c1a
203064563734300,0,17,117ff67fe81f1c1a
203064563739900,0,17,117ff67ff81f1c1a
203064563745300,0,17,117ff67ff81f1c1a
203064563750600,0,17,117ff680081f1c1a
203064563755900,0,17,117ff67ff81f1c1a
203064563761200,0,17,117ff67ff81f1c1a
203064563766500,0,17,117ff680081f1c1a
203064563771900,0,17,117ff67fe81f1c1a
203064563777300,0,17,117ff67ff8201c1a
203064563782600,0,17,117ff68008201c1a
203064563788000,0,17,117ff67ff8201c1a
203064563793200,0,17,117ff67ff81f1c1a
203064563798500,0,17,117ff67ff81f1c1a
203064563803700,0,17,117ff67ff81f1c1a
203064563809000,0,17,117ff67ff81f1c1a
203064563816400,0,17,117ff67ff81f1c1a
203064563821700,0,17,117ff67fe81f1c1a
203064563827000,0,17,117ff67ff8201c1a
203064678034700,0,17,117ff67ff8201c1a
203064678061200,0,17,117ff67ff8201c1a
203064678069000,0,17,117ff67ff81f1c1a
203064678075200,0,17,117ff680081f1c1a
203064678081300,0,17,117ff67fe81f1c1a
203064678088200,0,17,117ff67fe81f1c1a
203064678094300,0,17,117ff67ff81f1c1a
203064678110000,0,17,117ff680081f1c1a
203064678117800,0,17,117ff67ff81f1c1a
203064678124100,0,17,117ff67fe81f1c1a
203064678130000,0,17,117ff67ff81f1c1a
203064678135500,0,17,117ff67ff8201c1a
203064678142500,0,17,117ff77ff81f1c1a
203064678148300,0,17,117ff67ff81f1c1a
203064678153900,0,17,117ff67fe81f1c1a
203064678159500,0,17,117ff67ff81e1c1a
203064678165500,0,17,117ff67fe81e1c1a
203064678171100,0,17,117ff67ff81e1c1a
203064678177000,0,17,117ff67ff81f1c1a
203064678183800,0,17,117ff680081f1c1a
203064678189700,0,17,117ff67ff81f1c1a
203064678198000,0,17,117ff780081f1c1a
203064678203700,0,17,117ff67ff81f1c1a
203064678209600,0,17,117ff67ff81e1c1a
203064678215300,0,17,117ff67fe81e1c1a
203064678221200,0,17,117ff67ff81e1c1a
203064678226800,0,17,117ff67fe81f1c1a
203064678232500,0,17,117ff780081f1c1a
203064678238200,0,17,117ff67fe81f1c1a
203064678244300,0,17,117ff67fe81f1c1a
203064678249900,0,17,117ff680081f1c1a
203064678255800,0,17,117ff67ff81f1c1a
203064678261500,0,17,117ff67ff81f1c1a
203064678267300,0,17,117ff67ff81f1c1a
203064678281400,0,17,117ff680081f1c1a
203064678289000,0,17,117ff67ff81f1c1a
203064678294800,0,17,117ff680081f1c1a
203064678300800,0,17,117ff67ff81f1c1a
203064678306600,0,17,117ff67ff81f1c1a
203064678313900,0,17,117ff67fd81f1c1a
203064678320700,0,17,117ff67ff81f1c1a
203064678326800,0,17,117ff67ff81f1c1a
203064678332800,0,17,117ff680181f1c1a
203064678338600,0,17,117ff680081f1c1a
203064678344900,0,17,117ff67fe81f1c1a
203064678355900,0,17,117ff680081f1c1a
203064678362700,0,17,117ff67fe81f1c1a
203064678368800,0,17,117ff680081f1c1a
203064678378900,0,17,117ff67ff81f1c1a
203064678384600,0,17,117ff67ff81f1c1a
203064678390400,0,17,117ff780081f1c1a
203064678396100,0,17,117ff680081f1c1a
203064678402000,0,17,117ff67fe81f1c1a
203064678407800,0,17,117ff67fe81f1c1a
203064678413600,0,17,117ff67ff81f1c1a
203064678425600,0,17,117ff77ff81f1c1a
203064678438000,0,17,117ff67ff81f1c1a
203064678444100,0,17,117ff67ff81f1c1a
203064678449900,0,17,117ff67ff81f1c1a
203064678455700,0,17,117ff67fe81f1c1a
203064678461500,0,17,117ff67ff81f1c1a
203064678467500,0,17,117ff67ff81f1c1a
203064678474100,0,17,117ff680081f1c1a
203064678480000,0,17,117ff780081f1c1a
203064678485600,0,17,117ff67ff81e1c1a
203064678491300,0,17,117ff77ff81e1c1a
203064678497200,0,17,117ff67fe81e1c1a
203064678503000,0,17,117ff67ff81f1c1a
203064678508700,0,17,117ff67ff81f1c1a
203064678514700,0,17,117ff67fe81f1c1a
203064789077100,0,17,117ff680081f1c1a
203064789105400,0,17,117ff67ff81f1c1a
203064789113500,0,17,117ff67ff81f1c1a
203064789120100,0,17,117ff67ff81f1c1a
203064789138000,0,17,117ff67ff8201c1a
203064789149500,0,17,117ff68008201c1a
203064789156300,0,17,117ff780081f1c1a
203064789162500,0,17,117ff67ff81f1c1a
203064789168500,0,17,117ff67fe81e1c1a
203064789174300,0,17,117ff77ff81f1c1a
203064789180200,0,17,117ff67ff81e1c1a
203064789186100,0,17,117ff67ff81e1c1a
203064789193900,0,17,117ff67ff81e1c1a
203064789199600,0,17,117ff67ff81f1c1a
203064789205500,0,17,117ff67fe81f1c1a
203064789212100,0,17,117ff680081f1c1a
203064789217800,0,17,117ff67ff81f1c1a
203064789224700,0,17,117ff67fe81f1c1a
203064789230500,0,17,117ff67ff81f1c1a
203064789236300,0,17,117ff68008201c1a
203064789246800,0,17,117ff68008201c1a
203064789266800,0,17,117ff67ff8201c1a
203064789272900,0,17,117ff680081f1c1a
203064789278400,0,17,117ff67ff81f1c1a
203064789283800,0,17,117ff67ff81f1c1a
203064789289600,0,17,117ff67ff81f1c1a
203064789295100,0,17,117ff67ff81f1c1a
203064789300600,0,17,117ff67fe81e1c1a
203064789308600,0,17,117ff67ff81f1c1a
203064789314900,0,17,117ff67ff81f1c1a
203064789320400,0,17,117ff67ff8201c1a
203064789326000,0,17,117ff67fe8201c1a
203064789331400,0,17,117ff67ff8201c1a
203064789336800,0,17,117ff67ff8201c1a
203064789357200,0,17,117ff67fd81f1c1a
203064789364400,0,17,117ff67ff81f1c1a
203064789369700,0,17,117ff680081f1c1a
203064789375000,0,17,117ff67ff81f1c1a
203064789380400,0,17,117ff67ff81f1c1a
203064789385900,0,17,117ff67fe81e1c1a
203064789393000,0,17,117ff680081f1c1a
203064789398900,0,17,117ff680081e1c1a
203064789404900,0,17,117ff67ff81e1c1a
203064789411400,0,17,117ff67ff81e1c1a
203064789417400,0,17,117ff67fe81f1c1a
203064789423200,0,17,117ff67ff81f1c1a
203064789428900,0,17,117ff67ff81f1c1a
203064789435100,0,17,117ff67ff81f1c1a
203064789440700,0,17,117ff77ff81f1c1a
203064789446300,0,17,117ff680081f1c1a
203064789452000,0,17,117ff67fe81f1c1a
203064789457600,0,17,117ff67ff81f1c1a
203064789464600,0,17,117ff67fe81f1c1a
203064789477800,0,17,117ff67ff81f1c1a
203064789485600,0,17,117ff67fe8201c1a
203064789491500,0,17,117ff67ff81f1c1a
203064789497700,0,17,117ff67ff81f1c1a
203064789503600,0,17,117ff67fe81f1c1a
203064789509300,0,17,117ff680081f1c1a
203064789515300,0,17,117ff67ff81f1c1a
203064789521300,0,17,117ff67fe81e1c1a
203064789527000,0,17,117ff67fe81e1c1a
203064789532800,0,17,117ff67ff8201c1a
203064789540000,0,17,117ff67ff8201c1a
203064789545700,0,17,117ff680081f1c1a
203064789551400,0,17,117ff67ff81f1c1a
203064789557100,0,17,117ff680081f1c1a
203064789562900,0,17,117ff67ff81f1c1a
203064902518400,0,17,117ff67ff81f1c1a
203064902564900,0,17,117ff67ff81f1c1a
203064902577200,0,17,117ff780081f1c1a
203064902584900,0,17,117ff67ff81f1c1a
203064902591200,0,17,117ff67ff81f1c1a
203064902597100,0,17,117ff67ff81f1c1a
203064902603100,0,17,117ff67ff81e1c1a
203064902609800,0,17,117ff67ff81e1c1a
203064902615700,0,17,117ff67ff81f1c1a
203064902621500,0,17,117ff680081f1c1a
203064902629900,0,17,117ff67ff81e1c1a
203064902637700,0,17,117ff67ff81e1c1a
203064902686000,0,17,117ff67ff81e1c1a
203064902706400,0,17,117ff67ff81e1c1a
203064902713800,0,17,117ff680081e1c1a
203064902723200,0,17,117ff67ff81e1c1a
203064902729200,0,17,117ff67ff81e1c1a
203064902736800,0,17,117ff67fe81e1c1a
203064902746300,0,17,117ff680081f1c1a
203064902764100,0,17,117ff67ff81f1c1a
203064902773600,0,17,117ff67ff81e1c1a
203064902782700,0,17,117ff680081e1c1a
203064902793900,0,17,117ff67fe81f1c1a
203064902802900,0,17,117ff67fe81f1c1a
203064902811500,0,17,117ff67ff81f1c1a
203064902819200,0,17,117ff67ff81f1c1a
203064902827500,0,17,117ff680081f1c1a
203064902833800,0,17,117ff67ff81e1c1a
203064902839200,0,17,117ff680081e1c1a
203064902844800,0,17,117ff67fe81e1c1a
203064902850100,0,17,117ff67ff81f1c1a
203064902856200,0,17,117ff67ff81f1c1a
203064902861500,0,17,117ff67ff81e1c1a
203064902867000,0,17,117ff67ff81e1c1a
203064902872600,0,17,117ff67fe81e1c1a
203064902878300,0,17,117ff780181e1c1a
203064902883700,0,17,117ff67ff81d1c1a
203064902889200,0,17,117ff67fe81e1c1a
203064902894700,0,17,117ff67ff81f1c1a
203064902900400,0,17,117ff680081e1c1a
203064902911100,0,17,117ff67ff81e1c1a
203064902916400,0,17,117ff67ff81f1c1a
203064902921900,0,17,117ff77ff81f1c1a
203064902927500,0,17,117ff67ff81f1c1a
203064902932900,0,17,117ff67ff81f1c1a
203064902938300,0,17,117ff67ff81f1c1a
203064902943500,0,17,117ff67ff81f1c1a
203064902949200,0,17,117ff78008201c1a
203064902954600,0,17,117ff67ff81f1c1a
203064902960000,0,17,117ff67fe81f1c1a
203064902965500,0,17,117ff67fe81f1c1a
203064902970800,0,17,117ff67ff81f1c1a
203064902979100,0,17,117ff680081f1c1a
203064902987800,0,17,117ff680081f1c1a
203064902993900,0,17,117ff67ff81f1c1a
203064902999900,0,17,117ff67ff81f1c1a
203064903005400,0,17,117ff67fe81f1c1a
203064903013400,0,17,117ff67ff81f1c1a
203064903020100,0,17,117ff67fe81f1c1a
203064903028500,0,17,117ff67ff81f1c1a
203064903037100,0,17,117ff67ff81f1c1a
203064903045900,0,17,117ff67ff81f1c1a
203064903054400,0,17,117ff680081f1c1a
203064903062900,0,17,117ff67ff8201c1a
203064903071800,0,17,117ff67ff81f1c1a
203064903080300,0,17,117ff67ff81f1c1a
203064903088800,0,17,117ff67ff81f1c1a
203064903098200,0,17,117ff67fe81f1c1a
203064903106800,0,17,117ff67ff81f1c1a
203064903114800,0,17,117ff67ff81f1c1a
203065016473500,0,17,117ff77ff81e1c1a
203065016505400,0,17,117ff680081e1c1a
203065016512900,0,17,117ff67fe81e1c1a
203065016518700,0,17,117ff67ff81f1c1a
203065016524600,0,17,117ff67fe81e1c1a
203065016531200,0,17,117ff67ff81e1c1a
203065016536700,0,17,117ff680081f1c1a
203065016542700,0,17,117ff680081e1c1a
203065016548800,0,17,117ff67ff81e1c1a
203065016556000,0,17,117ff67ff81e1c1a
203065016561600,0,17,117ff67ff81e1c1a
203065016567500,0,17,117ff67ff81e1c1a
203065016573000,0,17,117ff77ff81e1c1a
203065016582200,0,17,117ff67ff81e1c1a
203065016616400,0,17,117ff67ff81e1c1a
203065016641300,0,17,117ff67fe81e1c1a
203065016647700,0,17,117ff67fe81f1c1a
203065016655900,0,17,117ff67fe81f1c1a
203065016662000,0,17,117ff67ff81f1c1a
203065016673400,0,17,117ff67fe81e1c1a
203065016680300,0,17,117ff67ff81f1c1a
203065016686700,0,17,117ff67fe81f1c1a
203065016692400,0,17,117ff67ff81f1c1a
203065016698200,0,17,117ff68008201c1a
203065016704100,0,17,117ff67ff8201c1a
203065016709600,0,17,117ff77ff81f1c1a
203065016715200,0,17,117ff67ff81e1c1a
203065016720500,0,17,117ff67fe81e1c1a
203065016726000,0,17,117ff67ff81f1c1a
203065016731600,0,17,117ff680081f1c1a
203065016737000,0,17,117ff67ff81f1c1a
203065016742400,0,17,117ff67ff81f1c1a
203065016747800,0,17,117ff67ff81f1c1a
203065016753100,0,17,117ff780081e1c1a
203065016758600,0,17,117ff67fe81f1c1a
203065016763900,0,17,117ff67ff8201c1a
203065016769300,0,17,117ff67ff81f1c1a
203065016775200,0,17,117ff67ff81e1c1a
203065016780800,0,17,117ff67ff81e1c1a
203065016786200,0,17,117ff67ff81e1c1a
203065016791500,0,17,117ff67fe81f1c1a
203065016797000,0,17,117ff67ff81e1c1a
203065016802300,0,17,117ff780081e1c1a
203065016807800,0,17,117ff77ff81f1c1a
203065016813800,0,17,117ff67ff81e1c1a
203065016819500,0,17,117ff67fd81e1c1a
203065016824900,0,17,117ff67fe81e1c1a
203065016830300,0,17,117ff67ff81f1c1a
203065016835800,0,17,117ff67fe81f1c1a
203065016841300,0,17,117ff67ff8201c1a
203065016846800,0,17,117ff67ff81f1c1a
203065016852100,0,17,117ff67ff81f1c1a
203065016857500,0,17,117ff680081f1c1a
203065016863300,0,17,117ff67ff81f1c1a
203065016868700,0,17,117ff680081f1c1a
203065016874000,0,17,117ff67ff81e1c1a
203065016879700,0,17,117ff680081e1c1a
203065016885800,0,17,117ff67fe81e1c1a
203065016892200,0,17,117ff67ff81f1c1a
203065016897600,0,17,117ff67ff81f1c1a
203065016903000,0,17,117ff67fe81f1c1a
203065016908400,0,17,117ff67ff8201c1a
203065016913700,0,17,117ff67ff8201c1a
203065016919000,0,17,117ff67ff81f1c1a
203065016925400,0,17,117ff680081f1c1a
203065016930800,0,17,117ff67ff81f1c1a
203065016937000,0,17,117ff67ff81f1c1a
203065016942500,0,17,117ff680081f1c1a
203065016947900,0,17,117ff680081f1c1a
203065016953600,0,17,117ff67fe81f1c1a
203065126903900,0,17,117ff67fe81f1c1a
203065127030000,0,17,117ff67ff81f1c1a
203065127037900,0,17,117ff67ff81f1c1a
203065127043900,0,17,117ff67ff81f1c1a
203065127049700,0,17,117ff67ff81f1c1a
203065127080900,0,17,117ff67ff81f1c1a
203065127088800,0,17,117ff67ff8201c1a
203065127094700,0,17,117ff67ff81f1c1a
203065127105100,0,17,117ff67fe81f1c1a
203065127110600,0,17,117ff67ff81f1c1a
203065127116200,0,17,117ff67ff81f1c1a
203065127121800,0,17,117ff67ff81f1c1a
203065127127400,0,17,117ff67ff81f1c1a
203065127133000,0,17,117ff67ff81f1c1a
203065127138600,0,17,117ff67ff81f1c1a
203065127145000,0,17,117ff780181f1c1a
203065127150400,0,17,117ff67ff81f1c1a
203065127155700,0,17,117ff67ff81f1c1a
203065127163900,0,17,117ff67ff81e1c1a
203065127171700,0,17,117ff680081f1c1a
203065127180100,0,17,117ff67ff81f1c1a
203065127185800,0,17,117ff67ff8201c1a
203065127191400,0,17,117ff67ff81f1c1a
203065127196800,0,17,117ff67ff81f1c1a
203065127204100,0,17,117ff67fe81f1c1a
203065127209500,0,17,117ff67fe81f1c1a
203065127215000,0,17,117ff680081f1c1a
203065127220900,0,17,117ff67fe81f1c1a
203065127226600,0,17,117ff680081f1c1a
203065127232200,0,17,117ff67ff81f1c1a
203065127237700,0,17,117ff67fe81f1c1a
203065127243300,0,17,117ff680081e1c1a
203065127248800,0,17,117ff67fe81e1c1a
203065127254300,0,17,117ff680081f1c1a
203065127259700,0,17,117ff67ff81f1c1a
203065127267900,0,17,117ff680081f1c1a
203065127273800,0,17,117ff67ff81f1c1a
203065127279300,0,17,117ff67fe81e1c1a
203065127284900,0,17,117ff67fe81e1c1a
203065127291400,0,17,117ff67fe81f1c1a
203065127296700,0,17,117ff67ff81f1c1a
203065127302500,0,17,117ff680081f1c1a
203065127307900,0,17,117ff67ff81f1c1a
203065127313300,0,17,117ff67ff81f1c1a
203065127318900,0,17,117ff67ff81f1c1a
203065127324300,0,17,117ff67ff81f1c1a
203065127329700,0,17,117ff67ff81f1c1a
203065127335300,0,17,117ff67ff81f1c1a
203065127342400,0,17,117ff67ff81e1c1a
203065127351200,0,17,117ff67fe81e1c1a
203065127361400,0,17,117ff67fe81e1c1a
203065127368200,0,17,117ff77ff81e1c1a
203065127373700,0,17,117ff67fe81f1c1a
203065127379000,0,17,117ff67ff81f1c1a
203065127384300,0,17,117ff67ff81f1c1a
203065127389700,0,17,117ff67ff81f1c1a
203065127395100,0,17,117ff67ff81f1c1a
203065127400600,0,17,117ff680081f1c1a
203065127405800,0,17,117ff67ff81f1c1a
203065127412000,0,17,117ff67ff81f1c1a
203065127417300,0,17,117ff67fe81f1c1a
203065127422600,0,17,117ff680081f1c1a
203065127427800,0,17,117ff67fe81e1c1a
203065127433400,0,17,117ff67ff81e1c1a
203065127439100,0,17,117ff67ff81f1c1a
203065127444500,0,17,117ff67ff81f1c1a
203065127449800,0,17,117ff680081f1c1a
203065239371900,0,17,117ff67ff81f1c1a
203065239397300,0,17,117ff67fe81f1c1a
203065239404400,0,17,117ff780081e1c1a
203065239410600,0,17,117ff67ff81e1c1a
203065239416500,0,17,117ff67ff81e1c1a
203065239422000,0,17,117ff67fe81e1c1a
203065239428100,0,17,117ff67fe81e1c1a
203065239433600,0,17,117ff67ff81f1c1a
203065239439500,0,17,117ff67ff81e1c1a
203065239445000,0,17,117ff67ff81f1c1a
203065239450500,0,17,117ff67fe81f1c1a
203065239456100,0,17,117ff680081f1c1a
203065239462300,0,17,117ff67fe81e1c1a
203065239467900,0,17,117ff680081f1c1a
203065239473400,0,17,117ff67fe81e1c1a
203065239478800,0,17,117ff67ff81e1c1a
203065239484300,0,17,117ff67fe81e1c1a
203065239489800,0,17,117ff67fe81f1c1a
203065239495400,0,17,117ff67ff81f1c1a
203065239501200,0,17,117ff67ff8201c1a
203065239530000,0,17,117ff680081f1c1a
203065239539600,0,17,117ff680081f1c1a
203065239553000,0,17,117ff680081f1c1a
203065239569300,0,17,117ff67fe81f1c1a
203065239575600,0,17,117ff67ff81e1c1a
203065239581200,0,17,117ff67ff81e1c1a
203065239586700,0,17,117ff67ff81f1c1a
203065239592300,0,17,117ff67ff81e1c1a
203065239598200,0,17,117ff77fe81f1c1a
203065239603700,0,17,117ff680081f1c1a
203065239608900,0,17,117ff67ff81f1c1a
203065239614200,0,17,117ff67ff81f1c1a
203065239619700,0,17,117ff680081f1c1a
203065239625100,0,17,117ff67ff81f1c1a
203065239631400,0,17,117ff67ff81f1c1a
203065239637100,0,17,117ff67ff81f1c1a
203065239642400,0,17,117ff67fe8211c1a
203065239647700,0,17,117ff77fe8221c1a
203065239653500,0,17,117ff77ff8251c1a
203065239658800,0,17,117ff68008271c1a
203065239664300,0,17,117ff78018291c1a
203065239670100,0,17,117ff780182a1c1a
203065239675600,0,17,117ff780182a1c1a
203065239681000,0,17,117ff780082b1c1a
203065239686700,0,17,117ff780082c1c1a
203065239692300,0,17,117ff880082c1c1a
203065239697900,0,17,117ff880082c1c1a
203065239704700,0,17,117ff880082c1c1a
203065239710000,0,17,117ff880182d1c1a
203065239715500,0,17,117ff880182c1c1a
203065239721500,0,17,117ff880182c1c1a
203065239727200,0,17,117ff980182b1c1a
203065239732800,0,17,117ff980182b1c1a
203065239738300,0,17,117ff980182a1c1a
203065239743600,0,17,117ffa80282a1c1a
203065239749000,0,17,117ffa8018281c1a
203065239757900,0,17,117ffa8018271c1a
203065239764800,0,17,117ffa8028271c1a
203065239770100,0,17,117ffa8018261c1a
203065239778300,0,17,117ffb8028251c1a
203065239784400,0,17,117ffb8038241c1a
203065239791300,0,17,117ffc8028231c1a
203065239796600,0,17,117ffc8038231c1a
203065239803600,0,17,117ffc8028211c1a
203065239809200,0,17,117ffd8038201c1a
203065239814500,0,17,117ffd80281f1c1a
203065239819900,0,17,117ffe80381e1c1a
203065239825500,0,17,117ffe80481d1c1a
203065239830900,0,17,117fff80481b1c1a
203065239836500,0,17,117fff80381a1c1a
203065351921400,0,17,117fff80381a1c1a
203065351958900,0,17,11800080581a1c1a
203065351967400,0,17,1180018058171c1a
203065351973200,0,17,1180018048171c1a
203065351978800,0,17,1180028048151c1a
203065351984700,0,17,1180028058151c1a
203065351991400,0,17,1180038048141c1a
203065351999500,0,17,1180038038131c1a
203065352008200,0,17,1180038038121c1a
203065352016700,0,17,1180048038121c1a
203065352023000,0,17,1180048048131c1a
203065352032600,0,17,1180048038131c1a
203065352038200,0,17,1180058038141c1a
203065352046300,0,17,1180058038131c1a
203065352052900,0,17,1180058028111c1a
203065352060300,0,17,1180068038121c1a
203065352065700,0,17,1180078048111c1a
203065352071000,0,17,11800880580e1c1a
203065352076300,0,17,11800980780c1c1a
203065352083300,0,17,11800a80880a1c1a
203065352088500,0,17,11800b8098091c1a
203065352095300,0,17,11800b8088071c1a
203065352101200,0,17,11800b8068071c1a
203065352106500,0,17,11800b8048071c1a
203065352111800,0,17,11800b8038061c1a
203065352117400,0,17,11800b8018071c1a
203065352124800,0,17,11800b7ff8091c1a
203065352130500,0,17,11800b80080c1c1a
203065352135900,0,17,11800b80080d1c1a
203065352141100,0,17,11800b80080f1c1a
203065352146700,0,17,11800c80180f1c1a
203065352152100,0,17,11800c8018111c1a
203065352157700,0,17,11800c8028111c1a
203065352163100,0,17,11800c8018121c1a
203065352168400,0,17,11800d8028121c1a
203065352173700,0,17,11800d8018121c1a
203065352180900,0,17,11800d8018131c1a
203065352186200,0,17,11800d8008131c1a
203065352191700,0,17,11800d7fe8131c1a
203065352197000,0,17,11800d8018141c1a
203065352202900,0,17,11800d8008141c1a
203065352208300,0,17,11800e8008141c1a
203065352213800,0,17,11800d8008131c1a
203065352219100,0,17,11800e8028121c1a
203065352226100,0,17,11800e8028121c1a
203065352231500,0,17,11800e8018121c1a
203065352238200,0,17,11800e8018121c1a
203065352243600,0,17,11800f8018121c1a
203065352248800,0,17,11800f8028111c1a
203065352254300,0,17,11800f8018111c1a
203065352260200,0,17,11800f8028111c1a
203065352266800,0,17,1180108028111c1a
203065352272100,0,17,11800f8008101c1a
203065352277200,0,17,1180108008101c1a
203065352282700,0,17,11801080280f1c1a
203065352290100,0,17,11801180280f1c1a
203065352295400,0,17,11801180280d1c1a
203065352300600,0,17,11801280280a1c1a
203065352305900,0,17,1180138058081c1a
203065352311000,0,17,1180138068061c1a
203065352316200,0,17,1180158088021c1a
203065352321500,0,17,1180168098001c1a
203065352326700,0,17,1180168077ff1c1a
203065352332000,0,17,1180158027fe1c1a
203065352337200,0,17,1180157fe8001c1a
203065352342300,0,17,1180157ff8001c1a
203065352347600,0,17,1180158018011c1a
203065352353300,0,17,1180168028021c1a
203065352360600,0,17,1180168028031c1a
203065465782900,0,17,1180168028041c1a
203065465816700,0,17,1180168018051c1a
203065465824500,0,17,1180167ff8061c1a
203065465836900,0,17,1180168008081c1a
203065465845500,0,17,1180168008081c1a
203065465872500,0,17,1180168008091c1a
203065465878200,0,17,1180168008091c1a
203065465883600,0,17,11801680180a1c1a
203065465892700,0,17,11801780080a1c1a
203065465898100,0,17,11801780180a1c1a
203065465903600,0,17,11801780180b1c1a
203065465909000,0,17,11801780080b1c1a
203065465914700,0,17,1180177ff80b1c1a
203065465920200,0,17,11801780080b1c1a
203065465927100,0,17,1180177ff80c1c1a
203065465936800,0,17,11801780080b1c1a
203065465949700,0,17,11801780080c1c1a
203065465958300,0,17,11801780080c1c1a
203065465963600,0,17,11801780080c1c1a
203065465969400,0,17,1180177ff80d1c1a
203065465974900,0,17,1180177ff80d1c1a
203065465980300,0,17,11801780180d1c1a
203065465985600,0,17,11801880080c1c1a
203065465991000,0,17,1180177ff80c1c1a
203065465996400,0,17,1180177ff80d1c1a
203065466002100,0,17,1180177ff80d1c1a
203065466013800,0,17,11801880080e1c1a
203065466021500,0,17,1180187ff80d1c1a
203065466027800,0,17,1180187ff80e1c1a
203065466034600,0,17,1180187ff80e1c1a
203065466040100,0,17,11801880080f1c1a
203065466045700,0,17,1180177ff80f1c1a
203065466051300,0,17,1180177ff8101c1a
203065466056900,0,17,1180188008101c1a
203065466062400,0,17,1180177fe8101c1a
203065466068000,0,17,1180178008101c1a
203065466073400,0,17,1180177fe8101c1a
203065466078700,0,17,1180177fe8101c1a
203065466089700,0,17,1180177fe8101c1a
203065466095400,0,17,1180177ff8101c1a
203065466100900,0,17,1180178008101c1a
203065466108500,0,17,1180188008111c1a
203065466114300,0,17,1180188008101c1a
203065466119800,0,17,1180177ff80f1c1a
203065466128800,0,17,1180177ff80f1c1a
203065466134500,0,17,1180177ff80f1c1a
203065466141500,0,17,1180177ff80f1c1a
203065466146900,0,17,1180177fe80f1c1a
203065466152600,0,17,1180187ff80f1c1a
203065466158400,0,17,1180177ff8101c1a
203065466165300,0,17,1180177ff8101c1a
203065466170700,0,17,1180178008101c1a
203065466177500,0,17,1180188008101c1a
203065466182800,0,17,1180177ff8101c1a
203065466188400,0,17,1180177ff80f1c1a
203065466210900,0,17,1180178008101c1a
203065466219000,0,17,1180177fe8101c1a
203065466224500,0,17,1180187ff8101c1a
203065466229900,0,17,1180188008101c1a
203065466235600,0,17,11801780080f1c1a
203065466272000,0,17,1180177ff80f1c1a
203065466279600,0,17,1180177ff8101c1a
203065466285300,0,17,1180187ff80f1c1a
203065466290800,0,17,1180177ff8101c1a
203065466296300,0,17,1180177ff8101c1a
203065466301900,0,17,1180177ff8101c1a
203065466307300,0,17,1180177ff8101c1a
203065466312800,0,17,1180178008111c1a
203065466318200,0,17,1180187ff8101c1a
203065575724800,0,17,1180177ff8101c1a
203065575762900,0,17,1180177ff8101c1a
203065575772300,0,17,1180177ff8101c1a
203065575779300,0,17,1180178008101c1a
203065575785100,0,17,1180187ff8101c1a
203065575791000,0,17,1180187ff8101c1a
203065575796600,0,17,1180177ff80f1c1a
203065575804400,0,17,1180177ff80f1c1a
203065575813100,0,17,1180177ff80f1c1a
203065575819300,0,17,1180177fe80f1c1a
203065575824900,0,17,1180187ff80f1c1a
203065575830600,0,17,1180177fe8101c1a
203065575836800,0,17,1180177fe8101c1a
203065575842300,0,17,1180188008101c1a
203065575847800,0,17,1180177fe80f1c1a
203065575853300,0,17,1180177ff80f1c1a
203065575858800,0,17,1180177ff8101c1a
203065575864400,0,17,11801880080f1c1a
203065575869800,0,17,11801880080e1c1a
203065575878700,0,17,11801780080f1c1a
203065575884400,0,17,1180187ff80e1c1a
203065575892400,0,17,1180177ff80e1c1a
203065575898900,0,17,1180187fe80f1c1a
203065575904900,0,17,11801780080f1c1a
203065575910300,0,17,1180177ff80f1c1a
203065575915800,0,17,1180177ff80f1c1a
203065575921400,0,17,1180177fe80f1c1a
203065575927000,0,17,1180187ff8101c1a
203065575932600,0,17,1180177fe8101c1a
203065575938000,0,17,1180177ff8101c1a
203065575943500,0,17,1180177ff8101c1a
203065575948800,0,17,1180187ff80f1c1a
203065575954300,0,17,1180188008101c1a
203065575959700,0,17,11801780080f1c1a
203065575965100,0,17,1180177fe80f1c1a
203065575970700,0,17,1180177ff80f1c1a
203065575976700,0,17,11801880080e1c1a
203065575982400,0,17,1180177ff80e1c1a
203065575987800,0,17,1180177ff80f1c1a
203065575993900,0,17,1180177fe80f1c1a
203065575999300,0,17,1180177ff80f1c1a
203065576004700,0,17,1180177ff8101c1a
203065576010200,0,17,1180187fe8101c1a
203065576015700,0,17,1180177ff8101c1a
203065576021100,0,17,1180187ff80f1c1a
203065576026500,0,17,1180188008101c1a
203065576031800,0,17,11801880080f1c1a
203065576037500,0,17,1180177ff80f1c1a
203065576042900,0,17,1180177fe80f1c1a
203065576048400,0,17,1180177fe80f1c1a
203065576055400,0,17,1180177ff8101c1a
203065576060800,0,17,1180177ff8101c1a
203065576066200,0,17,1180177ff80f1c1a
203065576071800,0,17,1180177ff80e1c1a
203065576078800,0,17,1180177ff80f1c1a
203065576085600,0,17,1180177ff80f1c1a
203065576091100,0,17,1180177ff80f1c1a
203065576096800,0,17,1180177ff80f1c1a
203065576102100,0,17,1180177ff80f1c1a
203065576107600,0,17,1180177ff80f1c1a
203065576113300,0,17,11801780080f1c1a
203065576120300,0,17,1180187ff8101c1a
203065576126000,0,17,1180177ff80f1c1a
203065576132800,0,17,1180177fe80f1c1a
203065576138600,0,17,1180177ff80f1c1a
203065576145500,0,17,1180178008101c1a
203065576151000,0,17,1180177fe80f1c1a
203065576156700,0,17,1180187ff8101c1a
203065688812900,0,17,1180177ff80f1c1a
203065688873900,0,17,1180177fe80f1c1a
203065688886500,0,17,1180177ff80f1c1a
203065688896700,0,17,11801880080f1c1a
203065688908400,0,17,1180177ff80f1c1a
203065688925100,0,17,1180187fe80f1c1a
203065688930600,0,17,1180177ff8101c1a
203065688936600,0,17,11801880080f1c1a
203065688942900,0,17,1180177ff80f1c1a
203065688948800,0,17,1180187ff80f1c1a
203065688954200,0,17,11801780080f1c1a
203065688959800,0,17,1180177fe80f1c1a
203065688967300,0,17,1180177ff80f1c1a
203065688975700,0,17,1180177ff80f1c1a
203065688984400,0,17,1180187ff8101c1a
203065688991200,0,17,1180177ff8101c1a
203065688996800,0,17,1180177ff8101c1a
203065689002600,0,17,1180187ff8101c1a
203065689008400,0,17,1180177fe8111c1a
203065689013900,0,17,1180188008101c1a
203065689023800,0,17,1180177fe80f1c1a
203065689029100,0,17,1180177fe80f1c1a
203065689034900,0,17,1180177ff8101c1a
203065689040600,0,17,1180177ff8101c1a
203065689046300,0,17,1180177ff8101c1a
203065689051700,0,17,1180188008101c1a
203065689057100,0,17,1180177fe8101c1a
203065689062500,0,17,1180187ff80f1c1a
203065689067800,0,17,1180177ff80f1c1a
203065689073200,0,17,1180177ff80f1c1a
203065689078600,0,17,1180177fe80f1c1a
203065689084400,0,17,1180177ff80f1c1a
203065689091400,0,17,1180177fe80f1c1a
203065689096900,0,17,1180177ff8101c1a
203065689102200,0,17,1180177ff8101c1a
203065689109000,0,17,1180177ff8101c1a
203065689114400,0,17,1180177ff8101c1a
203065689120000,0,17,1180177ff8101c1a
203065689125400,0,17,1180177ff8101c1a
203065689132000,0,17,1180187ff8101c1a
203065689137500,0,17,1180177ff8101c1a
203065689142900,0,17,1180177ff8101c1a
203065689148400,0,17,1180187ff80f1c1a
203065689153900,0,17,1180177ff8101c1a
203065689159500,0,17,1180178008101c1a
203065689169300,0,17,11801880080f1c1a
203065689174900,0,17,1180177ff80f1c1a
203065689180300,0,17,1180178008101c1a
203065689185800,0,17,1180177fe80f1c1a
203065689191400,0,17,1180177ff80f1c1a
203065689196700,0,17,11801880080f1c1a
203065689202200,0,17,1180187ff80f1c1a
203065689207800,0,17,1180177ff80f1c1a
203065689214000,0,17,11801880080f1c1a
203065689219300,0,17,1180177ff80f1c1a
203065689224600,0,17,1180177ff80f1c1a
203065689230000,0,17,1180177ff80e1c1a
203065689235300,0,17,1180177fe80e1c1a
203065689240700,0,17,11801780080f1c1a
203065689246100,0,17,1180177ff80f1c1a
203065689251400,0,17,1180177ff80f1c1a
203065689256700,0,17,1180177ff80f1c1a
203065689262200,0,17,1180187ff80f1c1a
203065689267500,0,17,1180177ff80f1c1a
203065689273000,0,17,1180177ff80e1c1a
203065689278400,0,17,1180177fe80e1c1a
203065689283900,0,17,1180177ff80f1c1a
203065689290200,0,17,1180177ff80f1c1a
203065800459000,0,17,1180177ff80e1c1a
203065800489200,0,17,11801880080f1c1a
203065800497000,0,17,1180177ff80f1c1a
203065800503100,0,17,1180187ff80f1c1a
203065800510200,0,17,1180177ff80f1c1a
203065800515900,0,17,1180177ff80f1c1a
203065800522400,0,17,1180177fe80f1c1a
203065800528200,0,17,11801880080f1c1a
203065800533800,0,17,1180177fe80e1c1a
203065800539400,0,17,1180177ff80e1c1a
203065800545500,0,17,11801880080e1c1a
203065800551200,0,17,11801780080e1c1a
203065800556700,0,17,11801880080e1c1a
203065800562400,0,17,1180177fe80e1c1a
203065800568000,0,17,1180187ff80f1c1a
203065800573900,0,17,1180187ff80f1c1a
203065800584400,0,17,1180177ff80f1c1a
203065800592700,0,17,1180187fe80f1c1a
203065800601000,0,17,1180177ff8101c1a
203065800609300,0,17,1180187ff8101c1a
203065800617900,0,17,1180177ff80f1c1a
203065800637600,0,17,1180177ff80f1c1a
203065800650700,0,17,1180177ff80f1c1a
203065800659100,0,17,1180177ff8101c1a
203065800667700,0,17,1180187ff8101c1a
203065800676000,0,17,1180177ff8101c1a
203065800684300,0,17,1180187ff8101c1a
203065800693100,0,17,1180177fe8101c1a
203065800703100,0,17,1180178008101c1a
203065800768700,0,17,1180187fe8101c1a
203065800784800,0,17,1180187ff80f1c1a
203065800793100,0,17,11801880080f1c1a
203065800798700,0,17,1180177fd80f1c1a
203065800807300,0,17,1180177fe8101c1a
203065800837000,0,17,1180188008101c1a
203065800847100,0,17,1180187ff8101c1a
203065800854500,0,17,1180188008101c1a
203065800860400,0,17,1180177ff80f1c1a
203065800866000,0,17,1180187ff8101c1a
203065800871700,0,17,1180177ff8101c1a
203065800877600,0,17,1180188008101c1a
203065800883000,0,17,11801880080f1c1a
203065800888500,0,17,11801880080f1c1a
203065800898300,0,17,1180187ff80f1c1a
203065801040500,0,17,1180177fe80f1c1a
203065801057900,0,17,1180177fe80f1c1a
203065801066300,0,17,1180177ff80f1c1a
203065801084100,0,17,1180188008101c1a
203065801090500,0,17,1180187ff8101c1a
203065801103900,0,17,1180187ff80f1c1a
203065801111100,0,17,1180177ff80f1c1a
203065801127500,0,17,1180187fe80f1c1a
203065801146000,0,17,1180187ff80f1c1a
203065801154800,0,17,1180177ff8101c1a
203065801162300,0,17,1180187ff8101c1a
203065801168000,0,17,1180187ff80f1c1a
203065801173500,0,17,1180177ff80f1c1a
203065801179300,0,17,1180177ff80f1c1a
203065801185300,0,17,1180177ff80e1c1a
203065801190800,0,17,1180177fe80f1c1a
203065801196300,0,17,1180177ff80f1c1a
203065801202100,0,17,11801880080f1c1a
203065801207500,0,17,1180177ff80f1c1a
203065801213000,0,17,1180177ff8101c1a
203065801218800,0,17,1180187ff8101c1a
203065801224100,0,17,1180177ff8101c1a
203065801229700,0,17,1180187ff8101c1a
203065912021700,0,17,11801780080f1c1a
203065912050000,0,17,1180187ff80f1c1a
203065912057500,0,17,1180177ff80f1c1a
203065912071200,0,17,1180187ff8101c1a
203065912077200,0,17,1180187ff8101c1a
203065912083000,0,17,1180178008101c1a
203065912088600,0,17,1180177ff8101c1a
203065912094300,0,17,1180177fe8101c1a
203065912099700,0,17,1180177ff8101c1a
203065912105100,0,17,1180187ff8101c1a
203065912110500,0,17,1180177ff8101c1a
203065912117400,0,17,1180177ff80f1c1a
203065912139600,0,17,1180177ff8101c1a
203065912146600,0,17,1180177ff8101c1a
203065912152100,0,17,1180177ff8111c1a
203065912157600,0,17,1180188008111c1a
203065912163300,0,17,1180177ff8101c1a
203065912169000,0,17,1180177ff8101c1a
203065912174500,0,17,1180177fe8101c1a
203065912182900,0,17,1180188008101c1a
203065912188600,0,17,1180177ff80f1c1a
203065912194200,0,17,1180187ff80f1c1a
203065912199600,0,17,1180177ff80f1c1a
203065912212200,0,17,1180177ff80f1c1a
203065912218500,0,17,1180177fe80f1c1a
203065912224000,0,17,1180177fe80f1c1a
203065912229600,0,17,1180187ff80f1c1a
203065912237800,0,17,11801880080f1c1a
203065912243300,0,17,1180187ff80f1c1a
203065912248900,0,17,1180187ff80f1c1a
203065912254600,0,17,1180187ff80f1c1a
203065912260000,0,17,1180177ff8101c1a
203065912265600,0,17,1180177fe8101c1a
203065912271400,0,17,1180177ff8101c1a
203065912276800,0,17,1180177ff8101c1a
203065912282100,0,17,1180177ff8111c1a
203065912287400,0,17,1180187ff8111c1a
203065912292800,0,17,1180177ff8101c1a
203065912298100,0,17,1180177ff8101c1a
203065912303800,0,17,1180177fe8101c1a
203065912309200,0,17,1180178008101c1a
203065912314500,0,17,1180177ff8101c1a
203065912320100,0,17,1180177ff8101c1a
203065912325400,0,17,1180177fd8101c1a
203065912331100,0,17,1180188018101c1a
203065912337000,0,17,1180177fe8101c1a
203065912342300,0,17,1180177ff8101c1a
203065912347700,0,17,1180188008101c1a
203065912353200,0,17,1180177ff80f1c1a
203065912359600,0,17,1180187ff80f1c1a
203065912365600,0,17,1180177fd80f1c1a
203065912372900,0,17,1180188008101c1a
203065912378400,0,17,1180187ff80f1c1a
203065912384000,0,17,1180177ff8101c1a
203065912389500,0,17,1180177ff8101c1a
203065912394900,0,17,1180187fe8101c1a
203065912400300,0,17,1180188008111c1a
203065912405700,0,17,1180178008111c1a
203065912411100,0,17,1180177fe8101c1a
203065912421000,0,17,1180178008101c1a
203065912429300,0,17,1180177fe80f1c1a
203065912437500,0,17,1180177ff8101c1a
203065912446100,0,17,1180177ff8111c1a
203065912455700,0,17,1180177ff8101c1a
203065912464400,0,17,1180177ff8101c1a
203065912503800,0,17,1180177fe8101c1a
203065912535200,0,17,1180177ff8111c1a
203066023758200,0,17,1180177ff8101c1a
203066023783000,0,17,1180188008101c1a
203066023790500,0,17,1180178018101c1a
203066023796200,0,17,1180177ff80f1c1a
203066023801700,0,17,1180177ff80f1c1a
203066023807500,0,17,1180177fe80f1c1a
203066023813500,0,17,1180177fe80f1c1a
203066023819100,0,17,11801880080f1c1a
203066023857700,0,17,1180187ff80f1c1a
203066023934400,0,17,1180177ff80f1c1a
203066023950800,0,17,11801880080f1c1a
203066023957400,0,17,1180187ff80f1c1a
203066023963300,0,17,1180177ff80f1c1a
203066023969200,0,17,1180187ff80f1c1a
203066023985400,0,17,1180187ff80f1c1a
203066023995100,0,17,1180177fe80f1c1a
203066024008500,0,17,1180177ff80f1c1a
203066024017300,0,17,1180177ff80f1c1a
203066024027600,0,17,1180177ff80f1c1a
203066024037200,0,17,1180177ff80f1c1a
203066024045700,0,17,1180177ff80f1c1a
203066024058500,0,17,1180177fe8101c1a
203066024072100,0,17,1180177ff8101c1a
203066024082400,0,17,1180187ff8101c1a
203066024088300,0,17,1180177fe8101c1a
203066024094300,0,17,1180187fe8101c1a
203066024100000,0,17,1180177ff8101c1a
203066024105500,0,17,1180177ff8101c1a
203066024111100,0,17,1180177ff80f1c1a
203066024119500,0,17,1180177ff80f1c1a
203066024125700,0,17,1180187ff80f1c1a
203066024137000,0,17,1180177fe80f1c1a
203066024146100,0,17,1180187ff80f1c1a
203066024170400,0,17,1180187ff8101c1a
203066024177500,0,17,1180187ff8101c1a
203066024183300,0,17,1180177ff80f1c1a
203066024189000,0,17,1180177ff8101c1a
203066024194500,0,17,1180177ff80f1c1a
203066024200800,0,17,1180187ff80f1c1a
203066024206500,0,17,1180177ff80f1c1a
203066024212600,0,17,1180187ff80f1c1a
203066024217800,0,17,1180177fe80f1c1a
203066024223200,0,17,11801880080f1c1a
203066024233100,0,17,1180177ff80f1c1a
203066024238600,0,17,1180177fe80f1c1a
203066024244100,0,17,1180177ff80f1c1a
203066024249700,0,17,11801780080f1c1a
203066024255000,0,17,1180177fe8101c1a
203066024260600,0,17,1180187ff80f1c1a
203066024265800,0,17,1180177ff80f1c1a
203066024271400,0,17,1180177ff80f1c1a
203066024277000,0,17,1180177ff80f1c1a
203066024282700,0,17,1180177ff8101c1a
203066024288300,0,17,1180177ff80f1c1a
203066024293900,0,17,1180187ff8101c1a
203066024300100,0,17,11801780080f1c1a
203066024305600,0,17,1180177ff80f1c1a
203066024311000,0,17,1180177ff80f1c1a
203066024316300,0,17,1180177fe8101c1a
203066024321900,0,17,1180177ff8101c1a
203066024327200,0,17,1180177ff8101c1a
203066024332500,0,17,11801780080f1c1a
203066024338100,0,17,1180187fe80f1c1a
203066024343400,0,17,1180177ff80f1c1a
203066024348800,0,17,1180177ff8101c1a
203066024354100,0,17,1180177ff80f1c1a
203066136267600,0,17,1180177ff8101c1a
203066136291000,0,17,1180187ff8101c1a
203066136298000,0,17,1180187ff8101c1a
203066136304000,0,17,1180178008101c1a
203066136312900,0,17,1180177fe80f1c1a
203066136321500,0,17,11801780080f1c1a
203066136337500,0,17,1180177ff80f1c1a
203066136346600,0,17,1180177ff80f1c1a
203066136353100,0,17,1180177fe8101c1a
203066136361800,0,17,1180177ff8101c1a
203066136367300,0,17,1180187ff8101c1a
203066136372700,0,17,1180178008101c1a
203066136379600,0,17,1180177fe8101c1a
203066136385100,0,17,1180177ff80f1c1a
203066136390700,0,17,1180177ff80f1c1a
203066136396300,0,17,1180187ff80f1c1a
203066136402000,0,17,1180177fe80f1c1a
203066136409700,0,17,1180177ff80f1c1a
203066136418100,0,17,1180177fe80f1c1a
203066136424800,0,17,1180188008101c1a
203066136430400,0,17,1180177fe8101c1a
203066136437500,0,17,1180177ff8101c1a
203066136444000,0,17,1180177ff8101c1a
203066136450100,0,17,1180187ff8101c1a
203066136455600,0,17,1180177ff8101c1a
203066136461200,0,17,1180177fe8101c1a
203066136467000,0,17,1180177fe8101c1a
203066136472500,0,17,1180177ff8101c1a
203066136478000,0,17,1180177ff8101c1a
203066136483200,0,17,1180188008101c1a
203066136488600,0,17,1180177ff8101c1a
203066136493900,0,17,1180178008101c1a
203066136499200,0,17,1180177ff8101c1a
203066136504300,0,17,1180177ff8101c1a
203066136509600,0,17,1180188008101c1a
203066136515300,0,17,1180187ff80f1c1a
203066136520600,0,17,1180177ff80f1c1a
203066136526000,0,17,1180187fe80f1c1a
203066136531300,0,17,11801880080f1c1a
203066136536600,0,17,11801880080f1c1a
203066136542800,0,17,1180177ff80f1c1a
203066136548300,0,17,11801880080f1c1a
203066136553700,0,17,1180177ff80f1c1a
203066136559100,0,17,1180177ff80f1c1a
203066136564700,0,17,1180177fe80f1c1a
203066136570000,0,17,1180177ff80f1c1a
203066136575300,0,17,1180177fe8101c1a
203066136580800,0,17,1180177ff8111c1a
203066136586300,0,17,1180177ff8111c1a
203066136591800,0,17,1180177ff8101c1a
203066136597200,0,17,1180177ff8101c1a
203066136602500,0,17,1180188008101c1a
203066136607700,0,17,1180188008101c1a
203066136613100,0,17,1180187ff80f1c1a
203066136622900,0,17,1180177ff80f1c1a
203066136628300,0,17,1180177ff80f1c1a
203066136633700,0,17,1180188008101c1a
203066136639000,0,17,1180177ff80f1c1a
203066136644600,0,17,1180187ff80f1c1a
203066136650100,0,17,1180177ff80f1c1a
203066136655800,0,17,1180177ff80f1c1a
203066136661200,0,17,1180177fe80f1c1a
203066136666600,0,17,11801880080f1c1a
203066136671800,0,17,1180177ff80f1c1a
203066136685300,0,17,1180177fe80f1c1a
203066136692100,0,17,11801780080f1c1a
203066136697500,0,17,11801780080f1c1a
203066136703000,0,17,1180177ff80f1c1a
203066248663200,0,17,1180177fe8101c1a
203066248691900,0,17,1180188008101c1a
203066248702300,0,17,11801880080f1c1a
203066248715900,0,17,1180177ff8101c1a
203066248722300,0,17,1180187ff8101c1a
203066248727900,0,17,1180177fe80e1c1a
203066248733300,0,17,11801880080f1c1a
203066248739400,0,17,1180177ff80e1c1a
203066248746100,0,17,1180177ff80f1c1a
203066248752100,0,17,1180187ff80f1c1a
203066248757700,0,17,1180177fe80f1c1a
203066248763200,0,17,1180177ff80e1c1a
203066248769000,0,17,1180177ff80f1c1a
203066248774600,0,17,1180187ff80f1c1a
203066248780900,0,17,1180177fe80f1c1a
203066248786500,0,17,1180187ff80f1c1a
203066248792000,0,17,1180188008101c1a
203066248798400,0,17,1180187ff80f1c1a
203066248804000,0,17,1180177ff80f1c1a
203066248809600,0,17,1180177ff80e1c1a
203066248815300,0,17,1180187ff80f1c1a
203066248821000,0,17,1180177fe80f1c1a
203066248826500,0,17,11801780080f1c1a
203066248832100,0,17,1180177ff80f1c1a
203066248837900,0,17,1180177ff80f1c1a
203066248843600,0,17,1180177ff8101c1a
203066248849500,0,17,1180187ff8111c1a
203066248854900,0,17,1180177ff8111c1a
203066248860800,0,17,1180187ff8101c1a
203066248866200,0,17,1180177fe80e1c1a
203066248871500,0,17,11801780080a1c1a
203066248877100,0,17,1180177fe8041c1a
203066248882900,0,17,1180167fd8011c1a
203066248888500,0,17,1180167fb7fc1c1a
203066248894100,0,17,1180167fc7f91c1a
203066248899900,0,17,1180167fb7f81c1a
203066248905500,0,17,1180157fb7f61c1a
203066248911200,0,17,1180157fd7f31c1a
203066248916800,0,17,1180157fd7f01c1a
203066248922600,0,17,1180157fc7ee1c1a
203066248928500,0,17,1180157fe7ec1c1a
203066248934100,0,17,1180157fe7ea1c1a
203066248939600,0,17,1180157ff7e81c1a
203066248945300,0,17,1180157fe7e71c1a
203066248950700,0,17,1180147fe7e41c1a
203066248956400,0,17,1180147fe7e21c1a
203066248961800,0,17,1180147fc7e11c1a
203066248967300,0,17,1180147fc7e01c1a
203066248973200,0,17,1180137fb7df1c1a
203066248981500,0,17,1180137fb7df1c1a
203066248987200,0,17,1180137fc7df1c1a
203066248992900,0,17,1180127fd7de1c1a
203066248999100,0,17,1180127fd7dc1c1a
203066249004500,0,17,1180127fd7dc1c1a
203066249010100,0,17,1180117fc7dc1c1a
203066249015500,0,17,1180117fc7db1c1a
203066249021100,0,17,1180107fa7dc1c1a
203066249026500,0,17,1180107fa7dd1c1a
203066249032100,0,17,11800f7f97dd1c1a
203066249037500,0,17,11800e7f77de1c1a
203066249043000,0,17,11800c7f67df1c1a
203066249048300,0,17,11800c7f67e01c1a
203066249053800,0,17,11800c7f87e11c1a
203066249059500,0,17,11800b7f97e01c1a
203066249065200,0,17,11800b7fa7e11c1a
203066249071500,0,17,11800b7fb7e11c1a
203066249078200,0,17,11800a7fa7e01c1a
203066362584000,0,17,1180097f87df1c1a
203066362658100,0,17,1180087f97de1c1a
203066362669400,0,17,1180087fb7de1c1a
203066362675700,0,17,1180087fa7dd1c1a
203066362681600,0,17,1180077fa7dc1c1a
203066362691400,0,17,1180077fa7db1c1a
203066362714200,0,17,1180067f97da1c1a
203066362736100,0,17,1180057f97d91c1a
203066362742900,0,17,1180047f77d91c1a
203066362748400,0,17,1180037f67da1c1a
203066362753800,0,17,1180027f57dc1c1a
203066362759200,0,17,1180017f57dd1c1a
203066362764500,0,17,1180007f57de1c1a
203066362770100,0,17,1180007f67df1c1a
203066362775900,0,17,117ffe7f57de1c1a
203066362782700,0,17,117ffe7f67df1c1a
203066362788300,0,17,117ffd7f77df1c1a
203066362793800,0,17,117ffc7f77e01c1a
203066362799200,0,17,117ffc7f77e01c1a
203066362804600,0,17,117ffb7f77df1c1a
203066362822200,0,17,117ffa7f67e01c1a
203066362828800,0,17,117ff87f47e01c1a
203066362834200,0,17,117ff67f17e21c1a
203066362839700,0,17,117ff57f07e41c1a
203066362845000,0,17,117ff47f27e51c1a
203066362850500,0,17,117ff37f37e51c1a
203066362856100,0,17,117ff27f47e61c1a
203066362861600,0,17,117ff27f57e61c1a
203066362867200,0,17,117ff17f67e61c1a
203066362872800,0,17,117ff07f77e61c1a
203066362878100,0,17,117fef7f57e51c1a
203066362883600,0,17,117fed7f07e61c1a
203066362889000,0,17,117feb7f07e81c1a
203066362894500,0,17,117fe97ed7ea1c1a
203066362899700,0,17,117fe87f07eb1c1a
203066362905500,0,17,117fe77f17eb1c1a
203066362910900,0,17,117fe77f57eb1c1a
203066362916700,0,17,117fe67f67ea1c1a
203066362922200,0,17,117fe67f67e91c1a
203066362927400,0,17,117fe57f77e71c1a
203066362932900,0,17,117fe37f47e61c1a
203066362938200,0,17,117fe17f27e71c1a
203066362943500,0,17,117fdf7ee7ea1c1a
203066362948900,0,17,117fde7ee7ec1c1a
203066362954100,0,17,117fdc7ee7ee1c1a
203066362959500,0,17,117fdb7f07ef1c1a
203066362964900,0,17,117fda7f17ef1c1a
203066362970300,0,17,117fd97f27ef1c1a
203066362975600,0,17,117fd77f27ef1c1a
203066362981000,0,17,117fd67f17f01c1a
203066362986300,0,17,117fd47f07f11c1a
203066362992000,0,17,117fd37f17f11c1a
203066362997300,0,17,117fd27f27f21c1a
203066363002600,0,17,117fd27f37f11c1a
203066363008000,0,17,117fd17f57ee1c1a
203066363013300,0,17,117fd17f77eb1c1a
203066363018900,0,17,117fd07f87e81c1a
203066363024200,0,17,117fd07f87e31c1a
203066363030500,0,17,117fd07fa7e01c1a
203066363035800,0,17,117fce7f87de1c1a
203066363041000,0,17,117fcd7f67dc1c1a
203066363046400,0,17,117fca7f17de1c1a
203066363051800,0,17,117fc97ef7e01c1a
203066363057200,0,17,117fc77ee7e41c1a
203066363062800,0,17,117fc57ef7e71c1a
203066363068100,0,17,117fc47ef7e91c1a
203066363073400,0,17,117fc17eb7ed1c1a
203066363078600,0,17,117fbf7eb7ef1c1a
203066363083900,0,17,117fbe7ea7f41c1a
203066363089400,0,17,117fbd7ef7f61c1a
203066363094700,0,17,117fbc7f07f71c1a
203066476800400,0,17,117fbc7f57f51c1a
203066476852200,0,17,117fbb7f77f11c1a
203066476881800,0,17,117fbb7f77ef1c1a
203066476889600,0,17,117fba7f87eb1c1a
203066476895500,0,17,117fb97f77e91c1a
203066476901400,0,17,117fb77f37e61c1a
203066476907100,0,17,117fb57ef7e71c1a
203066476917000,0,17,117fb37ef7e91c1a
203066476923600,0,17,117fb17ed7ec1c1a
203066476929100,0,17,117fb07ed7ee1c1a
203066476937300,0,17,117faf7ef7ee1c1a
203066476943100,0,17,117fad7ef7ee1c1a
203066476948500,0,17,117fac7f27ee1c1a
203066476953900,0,17,117fab7f27ef1c1a
203066476960500,0,17,117fa97f17f11c1a
203066476966600,0,17,117fa87f17f21c1a
203066476972000,0,17,117fa77f17f21c1a
203066476977300,0,17,117fa77f47f11c1a
203066476982600,0,17,117fa67f47ef1c1a
203066476990700,0,17,117fa57f47ec1c1a
203066476999600,0,17,117fa37f27ea1c1a
203066477006400,0,17,117fa17f37e91c1a
203066477011800,0,17,117fa07f07ea1c1a
203066477017200,0,17,117f9e7ef7eb1c1a
203066477022800,0,17,117f9d7ef7ed1c1a
203066477028200,0,17,117f9c7f27ed1c1a
203066477034000,0,17,117f9b7f27ed1c1a
203066477039400,0,17,117f9a7f47eb1c1a
203066477044800,0,17,117f997f47e81c1a
203066477050300,0,17,117f987f47e81c1a
203066477055800,0,17,117f977f47e61c1a
203066477061200,0,17,117f957f27e61c1a
203066477066500,0,17,117f947f17e61c1a
203066477072000,0,17,117f937f17e91c1a
203066477077300,0,17,117f927f27ea1c1a
203066477082600,0,17,117f917f27ea1c1a
203066477087800,0,17,117f907f47e81c1a
203066477093100,0,17,117f8f7f47e51c1a
203066477099200,0,17,117f8e7f57e51c1a
203066477104700,0,17,117f8d7f47e41c1a
203066477110000,0,17,117f8b7f27e31c1a
203066477115300,0,17,117f897f17e41c1a
203066477120700,0,17,117f887f17e61c1a
203066477126100,0,17,117f877f27e61c1a
203066477131600,0,17,117f877f47e81c1a
203066477137200,0,17,117f867f47e61c1a
203066477142800,0,17,117f847f47e51c1a
203066477148000,0,17,117f837f47e21c1a
203066477153200,0,17,117f827f37e11c1a
203066477158500,0,17,117f817f27e11c1a
203066477163800,0,17,117f7f7f17e21c1a
203066477169100,0,17,117f7e7f07e41c1a
203066477174400,0,17,117f7d7f17e61c1a
203066477179600,0,17,117f7c7f37e61c1a
203066477185600,0,17,117f7c7f47e41c1a
203066477190900,0,17,117f7b7f57e21c1a
203066477196200,0,17,117f7a7f67e11c1a
203066477201700,0,17,117f787f47e01c1a
203066477207100,0,17,117f777f37e01c1a
203066477212300,0,17,117f757ef7e01c1a
203066477217800,0,17,117f737ef7e31c1a
203066477223400,0,17,117f727f07e51c1a
203066477228900,0,17,117f717f27e51c1a
203066477234100,0,17,117f717f47e51c1a
203066477239400,0,17,117f6f7f37e41c1a
203066477244700,0,17,117f6e7f47e41c1a
203066477250300,0,17,117f6d7f47e31c1a
203066477255700,0,17,117f6b7f17e31c1a
203066477261000,0,17,117f697ef7e61c1a
203066477266300,0,17,117f687ee7e71c1a
203066588562500,0,17,117f677f17ea1c1a
203066588587600,0,17,117f667f27e91c1a
203066588617700,0,17,117f657f37e91c1a
203066588633500,0,17,117f647f37e71c1a
203066588643100,0,17,117f637f47e61c1a
203066588651700,0,17,117f627f37e51c1a
203066588660900,0,17,117f607f07e61c1a
203066588666400,0,17,117f5f7f07e61c1a
203066588672900,0,17,117f5d7f07e91c1a
203066588678400,0,17,117f5c7f17ea1c1a
203066588684900,0,17,117f5b7f07ea1c1a
203066588690700,0,17,117f597ef7e91c1a
203066588699200,0,17,117f587f27e71c1a
203066588718600,0,17,117f577f27e71c1a
203066588725700,0,17,117f567f27e71c1a
203066588731200,0,17,117f557f27e71c1a
203066588736800,0,17,117f537f17e81c1a
203066588744200,0,17,117f537f37ea1c1a
203066588752800,0,17,117f517f37e91c1a
203066588760400,0,17,117f507f17e91c1a
203066588766100,0,17,117f4e7f27e71c1a
203066588771900,0,17,117f4d7f27e61c1a
203066588777200,0,17,117f4c7f17e51c1a
203066588784100,0,17,117f4b7f17e41c1a
203066588789800,0,17,117f4a7f17e51c1a
203066588795200,0,17,117f487f27e71c1a
203066588800600,0,17,117f477f27e71c1a
203066588805900,0,17,117f467f37e81c1a
203066588811500,0,17,117f457f27e61c1a
203066588817200,0,17,117f447f27e51c1a
203066588825000,0,17,117f437f37e31c1a
203066588831400,0,17,117f427f37e21c1a
203066588836900,0,17,117f417f27e11c1a
203066588842600,0,17,117f407f37e21c1a
203066588847900,0,17,117f3e7f27e31c1a
203066588853300,0,17,117f3d7f17e41c1a
203066588858900,0,17,117f3c7f27e41c1a
203066588864300,0,17,117f3b7f27e31c1a
203066588869700,0,17,117f3a7f47e21c1a
203066588875900,0,17,117f397f47e01c1a
203066588881900,0,17,117f387f37df1c1a
203066588887900,0,17,117f367f37e01c1a
203066588894300,0,17,117f357f07e11c1a
203066588900600,0,17,117f337f17e11c1a
203066588906400,0,17,117f327f17e41c1a
203066588911900,0,17,117f317f27e51c1a
203066588917400,0,17,117f307f07e51c1a
203066588922800,0,17,117f2f7f27e41c1a
203066588928300,0,17,117f2d7f07e41c1a
203066588933600,0,17,117f2c7f37e51c1a
203066588938900,0,17,117f2b7f17e41c1a
203066588944300,0,17,117f297f17e51c1a
203066588949600,0,17,117f287f17e71c1a
203066588955000,0,17,117f277f17e81c1a
203066588960500,0,17,117f257f27e81c1a
203066588966300,0,17,117f247f07e61c1a
203066588976600,0,17,117f237f27e61c1a
203066588982200,0,17,117f227f27e51c1a
203066588987500,0,17,117f207f27e51c1a
203066588992800,0,17,117f1f7f27e51c1a
203066588998400,0,17,117f1e7f17e51c1a
203066589003900,0,17,117f1d7f17e61c1a
203066589009600,0,17,117f1b7f17e81c1a
203066589015400,0,17,117f1a7ef7e71c1a
203066589020800,0,17,117f187ef7e71c1a
203066589026900,0,17,117f177f17e61c1a
203066589032300,0,17,117f167f27e51c1a
203066589037800,0,17,117f167f37e51c1a
203066589043200,0,17,117f167f37e51c1a
203066589049200,0,17,117f157f57e01c1a
203066589054700,0,17,117f147f47dd1c1a
203066701475100,0,17,117f127f37d81c1a
203066701501800,0,17,117f117f27d71c1a
203066701512500,0,17,117f0e7f07d41c1a
203066701518600,0,17,117f0c7eb7d01c1a
203066701526400,0,17,117f0b7eb7ce1c1a
203066701532000,0,17,117f0a7ef7cf1c1a
203066701537900,0,17,117f097f07cf1c1a
203066701543600,0,17,117f077f07d01c1a
203066701550500,0,17,117f067f17d21c1a
203066701556000,0,17,117f057f17d21c1a
203066701561700,0,17,117f037ef7d31c1a
203066701567500,0,17,117f017ef7d31c1a
203066701573100,0,17,117f007f07d41c1a
203066701578500,0,17,117eff7f27d51c1a
203066701588200,0,17,117efe7f17d61c1a
203066701597000,0,17,117efc7ef7d91c1a
203066701626800,0,17,117efa7ee7dc1c1a
203066701644100,0,17,117ef87ee7dd1c1a
203066701650800,0,17,117ef77ef7dd1c1a
203066701656700,0,17,117ef67f07dd1c1a
203066701665900,0,17,117ef57f17df1c1a
203066701672600,0,17,117ef47f17e11c1a
203066701678000,0,17,117ef27f07e31c1a
203066701683400,0,17,117ef07ee7e61c1a
203066701688800,0,17,117eee7ed7e81c1a
203066701694100,0,17,117eed7ed7ea1c1a
203066701699800,0,17,117eec7ef7eb1c1a
203066701705500,0,17,117eea7f17eb1c1a
203066701710900,0,17,117eea7f17ec1c1a
203066701716700,0,17,117ee87f27ed1c1a
203066701722900,0,17,117ee77f27ef1c1a
203066701730600,0,17,117ee57f07f11c1a
203066701736100,0,17,117ee37ed7f31c1a
203066701741800,0,17,117ee27f07f41c1a
203066701747300,0,17,117ee17f07f41c1a
203066701758900,0,17,117ee07f17f51c1a
203066701772500,0,17,117edf7f27f41c1a
203066701779700,0,17,117ede7f37f41c1a
203066701786200,0,17,117edd7f37f51c1a
203066701792200,0,17,117edb7f37f51c1a
203066701797800,0,17,117eda7f17f71c1a
203066701803200,0,17,117ed97f17f91c1a
203066701811100,0,17,117ed77f27f91c1a
203066701818500,0,17,117ed77f37f91c1a
203066701825600,0,17,117ed67f47f91c1a
203066701831000,0,17,117ed57f67f71c1a
203066701836500,0,17,117ed57f87f41c1a
203066701842000,0,17,117ed57f97f21c1a
203066701847500,0,17,117ed47f97f01c1a
203066701853300,0,17,117ed47fa7ee1c1a
203066701859800,0,17,117ed37f97ed1c1a
203066701866600,0,17,117ed27f87ed1c1a
203066701872000,0,17,117ed07f57ee1c1a
203066701879100,0,17,117ecf7f37ef1c1a
203066701884800,0,17,117ece7f27f21c1a
203066701890400,0,17,117ecd7f27f31c1a
203066701895900,0,17,117ecc7f67f51c1a
203066701902900,0,17,117ecc7f67f41c1a
203066701909800,0,17,117ecc7f97f21c1a
203066701917100,0,17,117ecc7fc7f01c1a
203066701924100,0,17,117ecc7fe7ef1c1a
203066701929600,0,17,117ecc7fd7ed1c1a
203066701936400,0,17,117ecb7fc7eb1c1a
203066701942500,0,17,117ecb7fb7ea1c1a
203066701947800,0,17,117eca7fa7e81c1a
203066701953300,0,17,117ec97f87e81c1a
203066701958600,0,17,117ec97f97e81c1a
203066701964100,0,17,117ec97fa7e71c1a
203066701969300,0,17,117ec87f97e71c1a
203066701974800,0,17,117ec77f87e81c1a
203066813766700,0,17,117ec67f97ea1c1a
203066813799000,0,17,117ec67f77eb1c1a
203066813806400,0,17,117ec57f87ee1c1a
203066813812500,0,17,117ec47f67ef1c1a
203066813818200,0,17,117ec37f77f11c1a
203066813823800,0,17,117ec37f87f11c1a
203066813829800,0,17,117ec37fb7f11c1a
203066813835700,0,17,117ec37fd7ef1c1a
203066813841500,0,17,117ec47fe7ee1c1a
203066813847000,0,17,117ec47ff7ec1c1a
203066813852900,0,17,117ec37fe7ea1c1a
203066813863800,0,17,117ec37fd7e81c1a
203066813870400,0,17,117ec37fe7e61c1a
203066813879300,0,17,117ec37fe7e41c1a
203066813885100,0,17,117ec37ff7e31c1a
203066813890900,0,17,117ec37fe7e21c1a
203066813896500,0,17,117ec37fe7e21c1a
203066813902000,0,17,117ec37ff7e11c1a
203066813907600,0,17,117ec37ff7e01c1a
203066813913900,0,17,117ec37ff7de1c1a
203066813920000,0,17,117ec37ff7dd1c1a
203066813925500,0,17,117ec37fe7dc1c1a
203066813932500,0,17,117ec37ff7dc1c1a
203066813938400,0,17,117ec37fe7dc1c1a
203066813944200,0,17,117ec38007dc1c1a
203066814001700,0,17,117ec27fe7dc1c1a
203066814031900,0,17,117ec27ff7dc1c1a
203066814040800,0,17,117ec37ff7db1c1a
203066814047600,0,17,117ec27ff7db1c1a
203066814053600,0,17,117ec27fe7db1c1a
203066814059200,0,17,117ec27ff7dc1c1a
203066814064600,0,17,117ec27ff7db1c1a
203066814070300,0,17,117ec27ff7dc1c1a
203066814075900,0,17,117ec27fe7db1c1a
203066814081400,0,17,117ec27ff7db1c1a
203066814086800,0,17,117ec27ff7db1c1a
203066814092100,0,17,117ec27ff7dc1c1a
203066814097600,0,17,117ec27ff7db1c1a
203066814103000,0,17,117ec27ff7db1c1a
203066814108500,0,17,117ec28007dc1c1a
203066814113900,0,17,117ec27fe7db1c1a
203066814119600,0,17,117ec27ff7db1c1a
203066814125400,0,17,117ec28007dc1c1a
203066814131200,0,17,117ec27ff7dc1c1a
203066814136700,0,17,117ec27ff7db1c1a
203066814142000,0,17,117ec27ff7db1c1a
203066814147400,0,17,117ec27ff7db1c1a
203066814159100,0,17,117ec27ff7db1c1a
203066814166100,0,17,117ec27fe7da1c1a
203066814207600,0,17,117ec27ff7db1c1a
203066814215600,0,17,117ec27ff7db1c1a
203066814221400,0,17,117ec27ff7db1c1a
203066814232900,0,17,117ec27ff7da1c1a
203066814240000,0,17,117ec27ff7da1c1a
203066814245800,0,17,117ec27ff7da1c1a
203066814251500,0,17,117ec27ff7d91c1a
203066814257100,0,17,117ec27ff7da1c1a
203066814262500,0,17,117ec27ff7da1c1a
203066814566200,0,17,117ec27fe7da1c1a
203066814587900,0,17,117ec27ff7db1c1a
203066814736700,0,17,117ec27ff7db1c1a
203066814841200,0,17,117ec27ff7da1c1a
203066814854500,0,17,117ec27ff7da1c1a
203066814860900,0,17,117ec27ff7da1c1a
203066814866600,0,17,117ec27ff7da1c1a
203066814872200,0,17,117ec27ff7d91c1a
203066814877700,0,17,117ec28007d91c1a
203066925265500,0,17,117ec28007d91c1a
203066925292500,0,17,117ec27fe7d91c1a
203066925300300,0,17,117ec27ff7da1c1a
203066925306100,0,17,117ec27ff7da1c1a
203066925334800,0,17,117ec27ff7da1c1a
203066925396700,0,17,117ec27ff7db1c1a
203066925418700,0,17,117ec28007da1c1a
203066925427400,0,17,117ec27ff7d91c1a
203066925434300,0,17,117ec28007da1c1a
203066925439700,0,17,117ec27ff7d91c1a
203066925445200,0,17,117ec27fe7da1c1a
203066925450800,0,17,117ec27fe7da1c1a
203066925499500,0,17,117ec27ff7db1c1a
203066925567700,0,17,117ec28007da1c1a
203066925574300,0,17,117ec27fe7da1c1a
203066925580100,0,17,117ec27ff7da1c1a
203066925586000,0,17,117ec27ff7db1c1a
203066925593300,0,17,117ec27ff7db1c1a
203066925598800,0,17,117ec27ff7db1c1a
203066925604200,0,17,117ec27ff7db1c1a
203066925609600,0,17,117ec27ff7dc1c1a
203066925615000,0,17,117ec27ff7db1c1a
203066925620500,0,17,117ec28007db1c1a
203066925626000,0,17,117ec27ff7da1c1a
203066925631900,0,17,117ec27ff7db1c1a
203066925637300,0,17,117ec27ff7db1c1a
203066925642700,0,17,117ec27ff7db1c1a
203066925648100,0,17,117ec27ff7dc1c1a
203066925653700,0,17,117ec27ff7dc1c1a
203066925659000,0,17,117ec27fe7db1c1a
203066925664600,0,17,117ec27fe7db1c1a
203066925670100,0,17,117ec28007db1c1a
203066925675700,0,17,117ec27ff7da1c1a
203066925681000,0,17,117ec27ff7db1c1a
203066925686400,0,17,117ec27ff7da1c1a
203066925691900,0,17,117ec27ff7da1c1a
203066925697800,0,17,117ec27ff7d91c1a
203066925703100,0,17,117ec27ff7da1c1a
203066925710600,0,17,117ec27ff7d91c1a
203066925749300,0,17,117ec27ff7d91c1a
203066925756100,0,17,117ec27fe7da1c1a
203066925765900,0,17,117ec27ff7db1c1a
203066925772000,0,17,117ec27ff7db1c1a
203066925777900,0,17,117ec28007db1c1a
203066925783300,0,17,117ec27ff7da1c1a
203066925789100,0,17,117ec27ff7da1c1a
203066925794600,0,17,117ec27ff7da1c1a
203066925801300,0,17,117ec27fe7db1c1a
203066925808700,0,17,117ec27ff7db1c1a
203066925814200,0,17,117ec28007db1c1a
203066925819800,0,17,117ec27fe7db1c1a
203066925825300,0,17,117ec27ff7da1c1a
203066925887700,0,17,117ec28007db1c1a
203066925895000,0,17,117ec27ff7db1c1a
203066925900800,0,17,117ec27ff7da1c1a
203066925906400,0,17,117ec27ff7d91c1a
203066925911900,0,17,117ec27ff7d91c1a
203066925917600,0,17,117ec27ff7d91c1a
203066925924400,0,17,117ec27ff7da1c1a
203066925929900,0,17,117ec27ff7da1c1a
203066925935400,0,17,117ec27ff7da1c1a
203066925941100,0,17,117ec27ff7da1c1a
203066925946600,0,17,117ec27ff7da1c1a
203066925952100,0,17,117ec27ff7da1c1a
203066925957400,0,17,117ec27ff7da1c1a
203066925962700,0,17,117ec27ff7da1c1a
203067037453700,0,17,117ec27ff7da1c1a
203067037496500,0,17,117ec27ff7db1c1a
203067037514300,0,17,117ec27ff7dc1c1a
203067037521100,0,17,117ec27ff7dc1c1a
203067037531200,0,17,117ec27ff7db1c1a
203067037537500,0,17,117ec27ff7db1c1a
203067037544500,0,17,117ec27ff7db1c1a
203067037550600,0,17,117ec27ff7db1c1a
203067037556200,0,17,117ec27ff7db1c1a
203067037561600,0,17,117ec27ff7db1c1a
203067037567100,0,17,117ec27ff7db1c1a
203067037572600,0,17,117ec27ff7dc1c1a
203067037578000,0,17,117ec27ff7db1c1a
203067037583300,0,17,117ec27ff7db1c1a
203067037588800,0,17,117ec27ff7db1c1a
203067037594200,0,17,117ec27ff7da1c1a
203067037599500,0,17,117ec27ff7db1c1a
203067037605200,0,17,117ec27ff7da1c1a
203067037610800,0,17,117ec27ff7da1c1a
203067037616100,0,17,117ec27ff7da1c1a
203067037621800,0,17,117ec27ff7da1c1a
203067037627100,0,17,117ec27ff7d91c1a
203067037632700,0,17,117ec27ff7da1c1a
203067037638200,0,17,117ec28007da1c1a
203067037643700,0,17,117ec27fe7da1c1a
203067037651500,0,17,117ec27ff7da1c1a
203067037656900,0,17,117ec27ff7da1c1a
203067037662400,0,17,117ec27ff7da1c1a
203067037667900,0,17,117ec27ff7da1c1a
203067037673300,0,17,117ec27fe7da1c1a
203067037678600,0,17,117ec27ff7da1c1a
203067037683900,0,17,117ec27ff7da1c1a
203067037689400,0,17,117ec27fe7da1c1a
203067037694800,0,17,117ec27fe7da1c1a
203067037700100,0,17,117ec27ff7da1c1a
203067037706900,0,17,117ec27ff7da1c1a
203067037713100,0,17,117ec28007da1c1a
203067037718600,0,17,117ec27ff7db1c1a
203067037724500,0,17,117ec27ff7da1c1a
203067037730100,0,17,117ec27ff7da1c1a
203067037735400,0,17,117ec27fe7da1c1a
203067037740700,0,17,117ec27ff7db1c1a
203067037747700,0,17,117ec28007db1c1a
203067037753100,0,17,117ec28007db1c1a
203067037758700,0,17,117ec27ff7db1c1a
203067037764700,0,17,117ec27ff7da1c1a
203067037770100,0,17,117ec27ff7da1c1a
203067037775500,0,17,117ec27ff7d91c1a
203067037780900,0,17,117ec28007da1c1a
203067037787900,0,17,117ec27ff7da1c1a
203067037793400,0,17,117ec27ff7d91c1a
203067037798800,0,17,117ec27ff7da1c1a
203067037804200,0,17,117ec27ff7db1c1a
203067037809800,0,17,117ec27ff7da1c1a
203067037819000,0,17,117ec28007db1c1a
203067037825500,0,17,117ec27ff7db1c1a
203067037832300,0,17,117ec27ff7db1c1a
203067037837700,0,17,117ec27ff7da1c1a
203067037843100,0,17,117ec27ff7da1c1a
203067037848300,0,17,117ec27ff7da1c1a
203067037855900,0,17,117ec27ff7db1c1a
203067037864300,0,17,117ec27ff7da1c1a
203067037872600,0,17,117ec27ff7db1c1a
203067037915000,0,17,117ec27ff7db1c1a
203067037920700,0,17,117ec27ff7da1c1a
203067037926300,0,17,117ec28007db1c1a
203067037931600,0,17,117ec28007da1c1a
203067037937100,0,17,117ec27ff7d91c1a
203067150841700,0,17,117ec27ff7d91c1a
203067150864600,0,17,117ec27ff7d91c1a
203067150873200,0,17,117ec27ff7d91c1a
203067150879500,0,17,117ec27fe7da1c1a
203067150885300,0,17,117ec27ff7da1c1a
203067150891000,0,17,117ec28007db1c1a
203067150896600,0,17,117ec27ff7db1c1a
203067150902700,0,17,117ec27ff7db1c1a
203067150924500,0,17,117ec27fe7da1c1a
203067150957000,0,17,117ec27fe7da1c1a
203067150969100,0,17,117ec27fe7da1c1a
203067150975900,0,17,117ec27ff7da1c1a
203067150985700,0,17,117ec28007da1c1a
203067150994500,0,17,117ec27fe7da1c1a
203067151003000,0,17,117ec27ff7da1c1a
203067151015500,0,17,117ec28007db1c1a
203067151042600,0,17,117ec27ff7da1c1a
203067151050800,0,17,117ec27ff7da1c1a
203067151057300,0,17,117ec27ff7da1c1a
203067151063000,0,17,117ec27fe7d91c1a
203067151068600,0,17,117ec27ff7da1c1a
203067151074200,0,17,117ec27ff7da1c1a
203067151079600,0,17,117ec27ff7da1c1a
203067151085100,0,17,117ec27ff7da1c1a
203067151090600,0,17,117ec27ff7db1c1a
203067151096200,0,17,117ec28007db1c1a
203067151101700,0,17,117ec27ff7db1c1a
203067151107100,0,17,117ec27ff7db1c1a
203067151112900,0,17,117ec28007db1c1a
203067151118800,0,17,117ec27fe7da1c1a
203067151128800,0,17,117ec27ff7da1c1a
203067151134400,0,17,117ec27ff7da1c1a
203067151140100,0,17,117ec27ff7da1c1a
203067151145600,0,17,117ec27ff7db1c1a
203067151152500,0,17,117ec27ff7da1c1a
203067151157900,0,17,117ec27ff7db1c1a
203067151163400,0,17,117ec28007db1c1a
203067151168900,0,17,117ec27ff7db1c1a
203067151174400,0,17,117ec27ff7db1c1a
203067151179800,0,17,117ec27ff7db1c1a
203067151185200,0,17,117ec27ff7db1c1a
203067151191300,0,17,117ec27ff7da1c1a
203067151197800,0,17,117ec27ff7db1c1a
203067151203300,0,17,117ec27ff7da1c1a
203067151208800,0,17,117ec27ff7db1c1a
203067151214400,0,17,117ec27ff7db1c1a
203067151220100,0,17,117ec27fe7db1c1a
203067151225500,0,17,117ec28007db1c1a
203067151231000,0,17,117ec27fe7da1c1a
203067151237100,0,17,117ec27ff7da1c1a
203067151242600,0,17,117ec28007da1c1a
203067151247800,0,17,117ec27ff7da1c1a
203067151253400,0,17,117ec27ff7da1c1a
203067151258800,0,17,117ec27ff7da1c1a
203067151264100,0,17,117ec27ff7da1c1a
203067151269500,0,17,117ec27ff7db1c1a
203067151274800,0,17,117ec27ff7da1c1a
203067151280300,0,17,117ec27ff7da1c1a
203067151285600,0,17,117ec27fe7db1c1a
203067151291100,0,17,117ec27ff7da1c1a
203067151296500,0,17,117ec27ff7db1c1a
203067151301800,0,17,117ec27ff7da1c1a
203067151307500,0,17,117ec27ff7da1c1a
203067151313700,0,17,117ec27ff7da1c1a
203067151319600,0,17,117ec27ff7da1c1a
203067151325400,0,17,117ec27ff7db1c1a
203067151331000,0,17,117ec27ff7da1c1a
203067151336600,0,17,117ec27ff7da1c1a
203067151342300,0,17,117ec27ff7db1c1a
203067151347900,0,17,117ec27fe7da1c1a
203067264412700,0,17,117ec27ff7db1c1a
203067264438100,0,17,117ec27fe7db1c1a
203067264445700,0,17,117ec28007dc1c1a
203067264451500,0,17,117ec28007dd1c1a
203067264457000,0,17,117ec27ff7dc1c1a
203067264462900,0,17,117ec27ff7db1c1a
203067264470200,0,17,117ec27ff7db1c1a
203067264475700,0,17,117ec28007dc1c1a
203067264481100,0,17,117ec27ff7db1c1a
203067264486400,0,17,117ec27fe7db1c1a
203067264492300,0,17,117ec27fe7db1c1a
203067264498000,0,17,117ec28007db1c1a
203067264504000,0,17,117ec27ff7db1c1a
203067264509400,0,17,117ec27fe7db1c1a
203067264514700,0,17,117ec27ff7db1c1a
203067264520200,0,17,117ec27ff7db1c1a
203067264525600,0,17,117ec27ff7da1c1a
203067264531300,0,17,117ec28007da1c1a
203067264536900,0,17,117ec28007d91c1a
203067264542600,0,17,117ec27fe7d91c1a
203067264548000,0,17,117ec27ff7da1c1a
203067264553400,0,17,117ec27ff7d91c1a
203067264559100,0,17,117ec27ff7da1c1a
203067264564900,0,17,117ec27ff7da1c1a
203067264570200,0,17,117ec27fe7db1c1a
203067264575900,0,17,117ec27ff7db1c1a
203067264581600,0,17,117ec27ff7da1c1a
203067264587200,0,17,117ec28007db1c1a
203067264593000,0,17,117ec28007db1c1a
203067264598400,0,17,117ec27ff7db1c1a
203067264604200,0,17,117ec27ff7db1c1a
203067264614000,0,17,117ec27ff7da1c1a
203067264622200,0,17,117ec27fe7db1c1a
203067264646700,0,17,117ec27ff7da1c1a
203067264783200,0,17,117ec28007db1c1a
203067264794200,0,17,117ec27ff7da1c1a
203067264800500,0,17,117ec27ff7da1c1a
203067264807100,0,17,117ec27ff7da1c1a
203067264813200,0,17,117ec27ff7da1c1a
203067264818800,0,17,117ec27ff7da1c1a
203067264824300,0,17,117ec27ff7da1c1a
203067264829700,0,17,117ec27ff7db1c1a
203067264871000,0,17,117ec27ff7db1c1a
203067264879100,0,17,117ec27ff7db1c1a
203067264889400,0,17,117ec28007da1c1a
203067264895100,0,17,117ec27fe7da1c1a
203067264900900,0,17,117ec27ff7da1c1a
203067264993200,0,17,117ec27ff7da1c1a
203067265000900,0,17,117ec27ff7da1c1a
203067265007600,0,17,117ec27ff7da1c1a
203067265013300,0,17,117ec27ff7da1c1a
203067265018800,0,17,117ec27fe7d91c1a
203067265024600,0,17,117ec27ff7d91c1a
203067265030200,0,17,117ec28007d91c1a
203067265035600,0,17,117ec28007da1c1a
203067265040900,0,17,117ec27fe7d91c1a
203067265046300,0,17,117ec27ff7d91c1a
203067265051800,0,17,117ec27ff7d91c1a
203067265057400,0,17,117ec27ff7da1c1a
203067265063400,0,17,117ec27ff7d91c1a
203067265069000,0,17,117ec27ff7da1c1a
203067265074500,0,17,117ec27ff7db1c1a
203067265080300,0,17,117ec27fe7db1c1a
203067265085800,0,17,117ec27ff7db1c1a
203067265091200,0,17,117ec27ff7db1c1a
203067265096900,0,17,117ec27ff7db1c1a
203067265102500,0,17,117ec27ff7db1c1a
203067265109600,0,17,117ec27ff7db1c1a
203067265115200,0,17,117ec27ff7da1c1a
203067378073700,0,17,117ec27ff7da1c1a
203067378122100,0,17,117ec27ff7da1c1a
203067378161500,0,17,117ec27ff7da1c1a
203067378178400,0,17,117ec27ff7da1c1a
203067378188000,0,17,117ec27ff7db1c1a
203067378194900,0,17,117ec27ff7da1c1a
203067378200700,0,17,117ec27fe7da1c1a
203067378207100,0,17,117ec27ff7db1c1a
203067378212700,0,17,117ec27ff7db1c1a
203067378218300,0,17,117ec27ff7db1c1a
203067378224400,0,17,117ec27ff7db1c1a
203067378231400,0,17,117ec27ff7db1c1a
203067378238000,0,17,117ec27fe7db1c1a
203067378304200,0,17,117ec27ff7db1c1a
203067378310200,0,17,117ec27ff7da1c1a
203067378316100,0,17,117ec27ff7da1c1a
203067378321800,0,17,117ec27ff7da1c1a
203067378327200,0,17,117ec27ff7da1c1a
203067378332500,0,17,117ec27ff7db1c1a
203067378337900,0,17,117ec27ff7da1c1a
203067378343500,0,17,117ec27ff7db1c1a
203067378349000,0,17,117ec27ff7db1c1a
203067378354400,0,17,117ec27ff7da1c1a
203067378359900,0,17,117ec27ff7db1c1a
203067378365300,0,17,117ec28007db1c1a
203067378370700,0,17,117ec27ff7db1c1a
203067378376000,0,17,117ec27ff7da1c1a
203067378381700,0,17,117ec27ff7da1c1a
203067378389700,0,17,117ec27ff7da1c1a
203067378395000,0,17,117ec27ff7da1c1a
203067378401100,0,17,117ec27ff7da1c1a
203067378406500,0,17,117ec27ff7d91c1a
203067378412200,0,17,117ec27ff7da1c1a
203067378417500,0,17,117ec27ff7da1c1a
203067378422800,0,17,117ec27ff7db1c1a
203067378428000,0,17,117ec27ff7db1c1a
203067378433300,0,17,117ec27ff7db1c1a
203067378438600,0,17,117ec27ff7da1c1a
203067378444300,0,17,117ec28007da1c1a
203067378449800,0,17,117ec27ff7da1c1a
203067378455300,0,17,117ec27ff7db1c1a
203067378461000,0,17,117ec27ff7db1c1a
203067378466400,0,17,117ec27ff7da1c1a
203067378471800,0,17,117ec27fe7da1c1a
203067378477000,0,17,117ec27ff7da1c1a
203067378482600,0,17,117ec27ff7da1c1a
203067378487900,0,17,117ec27ff7d91c1a
203067378493200,0,17,117ec27ff7d91c1a
203067378499400,0,17,117ec27ff7d91c1a
203067378504700,0,17,117ec27ff7da1c1a
203067378510000,0,17,117ec27ff7da1c1a
203067378515400,0,17,117ec27fe7db1c1a
203067378520900,0,17,117ec27fe7dc1c1a
203067378526200,0,17,117ec27ff7db1c1a
203067378531600,0,17,117ec27ff7db1c1a
203067378537100,0,17,117ec27fe7db1c1a
203067378542400,0,17,117ec28007db1c1a
203067378547800,0,17,117ec27fe7db1c1a
203067378553100,0,17,117ec27ff7db1c1a
203067378558400,0,17,117ec27ff7db1c1a
203067378563800,0,17,117ec28007db1c1a
203067378569200,0,17,117ec28007db1c1a
203067378574500,0,17,117ec27ff7da1c1a
203067378579800,0,17,117ec27ff7da1c1a
203067378585100,0,17,117ec28007da1c1a
203067378590300,0,17,117ec27ff7da1c1a
203067378595600,0,17,117ec27ff7da1c1a
203067378610600,0,17,117ec28007da1c1a
203067378616500,0,17,117ec27ff7da1c1a
203067378621900,0,17,117ec27ff7da1c1a
203067491861300,0,17,117ec28007da1c1a
203067491978500,0,17,117ec27ff7da1c1a
203067492008900,0,17,117ec27ff7da1c1a
203067492020300,0,17,117ec27ff7da1c1a
203067492027900,0,17,117ec27ff7da1c1a
203067492034000,0,17,117ec27ff7da1c1a
203067492039600,0,17,117ec27ff7da1c1a
203067492045100,0,17,117ec27ff7d91c1a
203067492050800,0,17,117ec27ff7da1c1a
203067492056200,0,17,117ec27fe7db1c1a
203067492061900,0,17,117ec27ff7da1c1a
203067492067500,0,17,117ec27ff7da1c1a
203067492073100,0,17,117ec27ff7da1c1a
203067492078700,0,17,117ec27ff7da1c1a
203067492084300,0,17,117ec27ff7da1c1a
203067492089900,0,17,117ec27fe7da1c1a
203067492095300,0,17,117ec27ff7da1c1a
203067492101800,0,17,117ec27fe7da1c1a
203067492110300,0,17,117ec27ff7db1c1a
203067492116200,0,17,117ec27ff7db1c1a
203067492122000,0,17,117ec28007da1c1a
203067492127500,0,17,117ec27ff7db1c1a
203067492133100,0,17,117ec27ff7db1c1a
203067492138600,0,17,117ec27ff7da1c1a
203067492145600,0,17,117ec27ff7da1c1a
203067492153400,0,17,117ec27ff7da1c1a
203067492180100,0,17,117ec27ff7da1c1a
203067492186300,0,17,117ec27ff7d91c1a
203067492191700,0,17,117ec27ff7d91c1a
203067492199700,0,17,117ec27ff7d91c1a
203067492205500,0,17,117ec27ff7da1c1a
203067492211200,0,17,117ec27ff7da1c1a
203067492217100,0,17,117ec27fe7da1c1a
203067492223100,0,17,117ec27fe7db1c1a
203067492228500,0,17,117ec27ff7dc1c1a
203067492234000,0,17,117ec27fe7db1c1a
203067492239400,0,17,117ec28007dc1c1a
203067492244700,0,17,117ec27fe7da1c1a
203067492250500,0,17,117ec28007da1c1a
203067492256100,0,17,117ec27ff7da1c1a
203067492261700,0,17,117ec27ff7da1c1a
203067492267100,0,17,117ec27ff7da1c1a
203067492272500,0,17,117ec27ff7db1c1a
203067492278000,0,17,117ec28007da1c1a
203067492283500,0,17,117ec27ff7da1c1a
203067492289000,0,17,117ec27ff7da1c1a
203067492298700,0,17,117ec28007db1c1a
203067492304000,0,17,117ec27ff7da1c1a
203067492309500,0,17,117ec27ff7db1c1a
203067492315100,0,17,117ec27ff7da1c1a
203067492320300,0,17,117ec27ff7da1c1a
203067492325700,0,17,117ec27fe7da1c1a
203067492330900,0,17,117ec27ff7da1c1a
203067492336200,0,17,117ec27ff7da1c1a
203067492341500,0,17,117ec27fe7da1c1a
203067492346900,0,17,117ec27ff7db1c1a
203067492352300,0,17,117ec27ff7db1c1a
203067492357800,0,17,117ec27ff7db1c1a
203067492363700,0,17,117ec28007db1c1a
203067492369500,0,17,117ec27ff7da1c1a
203067492375000,0,17,117ec27ff7da1c1a
203067492380800,0,17,117ec27ff7da1c1a
203067492386300,0,17,117ec27ff7da1c1a
203067492391800,0,17,117ec27ff7da1c1a
203067492397100,0,17,117ec27ff7db1c1a
203067492402600,0,17,117ec27ff7da1c1a
203067492407900,0,17,117ec27ff7da1c1a
203067492413100,0,17,117ec27ff7da1c1a
203067602855400,0,17,117ec27fe7da1c1a
203067602905800,0,17,117ec27ff7da1c1a
203067602931100,0,17,117ec27ff7db1c1a
203067602952700,0,17,117ec27ff7db1c1a
203067602960100,0,17,117ec27ff7db1c1a
203067602965900,0,17,117ec27fe7db1c1a
203067602971800,0,17,117ec28007db1c1a
203067602977600,0,17,117ec27ff7db1c1a
203067602983200,0,17,117ec28007db1c1a
203067602989400,0,17,117ec27ff7da1c1a
203067602995100,0,17,117ec27ff7d91c1a
203067603000800,0,17,117ec27fd7da1c1a
203067603006700,0,17,117ec27fe7da1c1a
203067603013700,0,17,117ec27ff7da1c1a
203067603020100,0,17,117ec28007db1c1a
203067603028400,0,17,117ec27ff7da1c1a
203067603035100,0,17,117ec27ff7da1c1a
203067603040600,0,17,117ec28007da1c1a
203067603046200,0,17,117ec27ff7da1c1a
203067603052300,0,17,117ec27ff7da1c1a
203067603059300,0,17,117ec27ff7da1c1a
203067603065400,0,17,117ec27ff7da1c1a
203067603071700,0,17,117ec27ff7da1c1a
203067603077300,0,17,117ec27ff7db1c1a
203067603082800,0,17,117ec27ff7db1c1a
203067603088900,0,17,117ec27fe7db1c1a
203067603094500,0,17,117ec28007db1c1a
203067603100000,0,17,117ec27ff7dc1c1a
203067603105900,0,17,117ec27ff7da1c1a
203067603111600,0,17,117ec27ff7da1c1a
203067603117100,0,17,117ec27ff7da1c1a
203067603122500,0,17,117ec27ff7db1c1a
203067603128200,0,17,117ec27ff7db1c1a
203067603134100,0,17,117ec27fe7da1c1a
203067603140000,0,17,117ec27ff7da1c1a
203067603145600,0,17,117ec28007db1c1a
203067603151100,0,17,117ec27ff7db1c1a
203067603156600,0,17,117ec27ff7db1c1a
203067603162600,0,17,117ec28007da1c1a
203067603167900,0,17,117ec27ff7da1c1a
203067603173600,0,17,117ec27fe7da1c1a
203067603179300,0,17,117ec28007da1c1a
203067603184800,0,17,117ec27fe7da1c1a
203067603190300,0,17,117ec27ff7db1c1a
203067603195900,0,17,117ec27ff7da1c1a
203067603201500,0,17,117ec27ff7d91c1a
203067603206800,0,17,117ec27ff7da1c1a
203067603212100,0,17,117ec28007da1c1a
203067603217500,0,17,117ec27ff7da1c1a
203067603223000,0,17,117ec27ff7d91c1a
203067603228400,0,17,117ec27fe7d91c1a
203067603233800,0,17,117ec27ff7d91c1a
203067603239100,0,17,117ec27ff7db1c1a
203067603244500,0,17,117ec27ff7db1c1a
203067603249900,0,17,117ec27ff7db1c1a
203067603255200,0,17,117ec27ff7da1c1a
203067603260600,0,17,117ec27ff7da1c1a
203067603266100,0,17,117ec27ff7da1c1a
203067603271600,0,17,117ec27ff7da1c1a
203067603276900,0,17,117ec27ff7da1c1a
203067603282300,0,17,117ec27fe7db1c1a
203067603288000,0,17,117ec28007dc1c1a
203067603293300,0,17,117ec28007de1c1a
203067603298800,0,17,117ec28007e11c1a
203067603305100,0,17,117ec28007e31c1a
203067603310800,0,17,117ec27ff7e51c1a
203067603320700,0,17,117ec28007e71c1a
203067603326100,0,17,117ec27ff7e71c1a
203067603331600,0,17,117ec27ff7e91c1a
203067603336900,0,17,117ec28007e91c1a
203067717646500,0,17,117ec28007ea1c1a
203067717670200,0,17,117ec27ff7eb1c1a
203067717677400,0,17,117ec27ff7eb1c1a
203067717683300,0,17,117ec27ff7eb1c1a
203067717688900,0,17,117ec38007ec1c1a
203067717694400,0,17,117ec37ff7ec1c1a
203067717700000,0,17,117ec38007ec1c1a
203067717706500,0,17,117ec37ff7ed1c1a
203067717712100,0,17,117ec38007ec1c1a
203067717717600,0,17,117ec37ff7eb1c1a
203067717723100,0,17,117ec38007eb1c1a
203067717728900,0,17,117ec38007ec1c1a
203067717734500,0,17,117ec37ff7ed1c1a
203067717750200,0,17,117ec37ff7ed1c1a
203067717756100,0,17,117ec37ff7ed1c1a
203067717761700,0,17,117ec38007ed1c1a
203067717771500,0,17,117ec37ff7ec1c1a
203067717777000,0,17,117ec37ff7ed1c1a
203067717782500,0,17,117ec37fe7ec1c1a
203067717787900,0,17,117ec38007ed1c1a
203067717799100,0,17,117ec38007ee1c1a
203067717804500,0,17,117ec37ff7ee1c1a
203067717809800,0,17,117ec37ff7ee1c1a
203067717815300,0,17,117ec37fe7ee1c1a
203067717821200,0,17,117ec37ff7ef1c1a
203067717826800,0,17,117ec37ff7ef1c1a
203067717832200,0,17,117ec37ff7f01c1a
203067717837600,0,17,117ec37ff7ef1c1a
203067717843100,0,17,117ec37fe7ef1c1a
203067717848600,0,17,117ec37ff7ef1c1a
203067717853800,0,17,117ec37ff7ee1c1a
203067717859700,0,17,117ec37ff7ee1c1a
203067717865000,0,17,117ec37ff7ee1c1a
203067717870300,0,17,117ec37fe7ee1c1a
203067717879600,0,17,117ec37fe7ef1c1a
203067717885900,0,17,117ec38007ef1c1a
203067717891200,0,17,117ec38007ef1c1a
203067717896700,0,17,117ec37ff7ef1c1a
203067717902200,0,17,117ec37ff7ee1c1a
203067717907900,0,17,117ec37ff7ee1c1a
203067717913300,0,17,117ec37ff7ee1c1a
203067717918700,0,17,117ec37ff7ee1c1a
203067717924200,0,17,117ec37ff7ee1c1a
203067717930000,0,17,117ec37ff7ee1c1a
203067717936200,0,17,117ec37ff7ee1c1a
203067717944600,0,17,117ec37fe7ee1c1a
203067717950200,0,17,117ec37ff7ee1c1a
203067717955800,0,17,117ec37ff7ee1c1a
203067717961100,0,17,117ec37ff7ee1c1a
203067717967000,0,17,117ec37ff7ef1c1a
203067717972600,0,17,117ec37ff7ef1c1a
203067717978000,0,17,117ec37ff7ef1c1a
203067717983300,0,17,117ec37ff7ef1c1a
203067717988600,0,17,117ec37ff7ee1c1a
203067717994200,0,17,117ec37ff7ef1c1a
203067717999700,0,17,117ec37ff7ef1c1a
203067718005100,0,17,117ec37ff7ee1c1a
203067718010400,0,17,117ec38007ee1c1a
203067718016100,0,17,117ec38007ee1c1a
203067718021600,0,17,117ec37ff7ee1c1a
203067718027300,0,17,117ec37ff7ee1c1a
203067718032800,0,17,117ec38007ee1c1a
203067718038900,0,17,117ec37ff7ee1c1a
203067718044400,0,17,117ec37ff7ee1c1a
203067718049600,0,17,117ec37ff7ee1c1a
203067718054800,0,17,117ec37fe7ee1c1a
203067718060500,0,17,117ec37ff7ef1c1a
203067718065900,0,17,117ec38007ef1c1a
203067718071700,0,17,117ec37ff7ef1c1a
203067718077400,0,17,117ec37ff7ef1c1a
203067831756500,0,17,117ec37ff7ef1c1a
203067831810200,0,17,117ec37ff7f01c1a
203067831836900,0,17,117ec37fe7ef1c1a
203067831862700,0,17,117ec37fe7ef1c1a
203067831878400,0,17,117ec37fe7f01c1a
203067831893100,0,17,117ec37ff7f01c1a
203067831900100,0,17,117ec37ff7ef1c1a
203067831910100,0,17,117ec37ff7f01c1a
203067831915800,0,17,117ec37ff7f01c1a
203067831923000,0,17,117ec37ff7f01c1a
203067831928600,0,17,117ec37ff7f01c1a
203067831938900,0,17,117ec37ff7ef1c1a
203067831947300,0,17,117ec37ff7ef1c1a
203067831955700,0,17,117ec38007ee1c1a
203067831961900,0,17,117ec37ff7ee1c1a
203067831967500,0,17,117ec37ff7ee1c1a
203067831973000,0,17,117ec37ff7ee1c1a
203067831979300,0,17,117ec37ff7ee1c1a
203067831984600,0,17,117ec37ff7ee1c1a
203067831990000,0,17,117ec37ff7ee1c1a
203067831995800,0,17,117ec38007ee1c1a
203067832003600,0,17,117ec37ff7ee1c1a
203067832010000,0,17,117ec38007ee1c1a
203067832015400,0,17,117ec38007ee1c1a
203067832020800,0,17,117ec37fe7ee1c1a
203067832028600,0,17,117ec37ff7ee1c1a
203067832034000,0,17,117ec37fe7ef1c1a
203067832039400,0,17,117ec37ff7ef1c1a
203067832044800,0,17,117ec38007ef1c1a
203067832050200,0,17,117ec37fe7ee1c1a
203067832055600,0,17,117ec37ff7ee1c1a
203067832061200,0,17,117ec37ff7ee1c1a
203067832066900,0,17,117ec37fe7ee1c1a
203067832073400,0,17,117ec37ff7ee1c1a
203067832083500,0,17,117ec37ff7ef1c1a
203067832089100,0,17,117ec38007f01c1a
203067832094500,0,17,117ec37ff7ef1c1a
203067832099900,0,17,117ec37ff7ef1c1a
203067832105400,0,17,117ec37ff7ee1c1a
203067832110700,0,17,117ec37ff7ee1c1a
203067832116000,0,17,117ec37fe7ef1c1a
203067832121600,0,17,117ec37ff7ef1c1a
203067832127000,0,17,117ec37ff7ef1c1a
203067832132400,0,17,117ec37ff7ef1c1a
203067832137900,0,17,117ec37ff7ef1c1a
203067832144700,0,17,117ec37ff7ef1c1a
203067832150200,0,17,117ec38007ee1c1a
203067832155800,0,17,117ec37ff7ee1c1a
203067832161300,0,17,117ec37ff7ee1c1a
203067832168300,0,17,117ec37ff7ee1c1a
203067832173600,0,17,117ec27ff7ee1c1a
203067832179000,0,17,117ec37ff7ef1c1a
203067832184500,0,17,117ec37ff7f01c1a
203067832190100,0,17,117ec37ff7ef1c1a
203067832195400,0,17,117ec37ff7f01c1a
203067832201000,0,17,117ec37ff7f01c1a
203067832206100,0,17,117ec37ff7ef1c1a
203067832211300,0,17,117ec38007ee1c1a
203067832216700,0,17,117ec37ff7ee1c1a
203067832222600,0,17,117ec37fe7ee1c1a
203067832228100,0,17,117ec37ff7ee1c1a
203067832233400,0,17,117ec37ff7ee1c1a
203067832239000,0,17,117ec37ff7ee1c1a
203067832244600,0,17,117ec37ff7ee1c1a
203067832249900,0,17,117ec37ff7ee1c1a
203067832255600,0,17,117ec37ff7ef1c1a
203067832261500,0,17,117ec37ff7ef1c1a
203067832267000,0,17,117ec37ff7ee1c1a
203067832272300,0,17,117ec37ff7ef1c1a
203067832277600,0,17,117ec37ff7ef1c1a
203067943543600,0,17,117ec38007ef1c1a
203067943595000,0,17,117ec37ff7ef1c1a
203067943603400,0,17,117ec37ff7ef1c1a
203067943609500,0,17,117ec37ff7ef1c1a
203067943615500,0,17,117ec37ff7ee1c1a
203067943621100,0,17,117ec37ff7ee1c1a
203067943635800,0,17,117ec37ff7ee1c1a
203067943642300,0,17,117ec37ff7ee1c1a
203067943648200,0,17,117ec37ff7ef1c1a
203067943654100,0,17,117ec37ff7ef1c1a
203067943659700,0,17,117ec38007f01c1a
203067943666100,0,17,117ec38007f01c1a
203067943671900,0,17,117ec37ff7ef1c1a
203067943677600,0,17,117ec37ff7ef1c1a
203067943682900,0,17,117ec37ff7ee1c1a
203067943688300,0,17,117ec38007ef1c1a
203067943694000,0,17,117ec37ff7ee1c1a
203067943719100,0,17,117ec37fe7ee1c1a
203067943726700,0,17,117ec37ff7ee1c1a
203067943732600,0,17,117ec37ff7ef1c1a
203067943737900,0,17,117ec37fe7ef1c1a
203067943743500,0,17,117ec37fe7ef1c1a
203067943749300,0,17,117ec37ff7ef1c1a
203067943754900,0,17,117ec37ff7ef1c1a
203067943760500,0,17,117ec37ff7ee1c1a
203067943766000,0,17,117ec37ff7ee1c1a
203067943771800,0,17,117ec37ff7ed1c1a
203067943777700,0,17,117ec38007ee1c1a
203067943783400,0,17,117ec37ff7ed1c1a
203067943789100,0,17,117ec37ff7ee1c1a
203067943794500,0,17,117ec38007ed1c1a
203067943799900,0,17,117ec37ff7ee1c1a
203067943805600,0,17,117ec37ff7ee1c1a
203067943811500,0,17,117ec37fe7ee1c1a
203067943816900,0,17,117ec37ff7ef1c1a
203067943822400,0,17,117ec37ff7ef1c1a
203067943836900,0,17,117ec37ff7ef1c1a
203067943843200,0,17,117ec37ff7ef1c1a
203067943848800,0,17,117ec37ff7ee1c1a
203067943858300,0,17,117ec37ff7ee1c1a
203067943864600,0,17,117ec37fe7ee1c1a
203067943870000,0,17,117ec37fe7ee1c1a
203067943875600,0,17,117ec37ff7ee1c1a
203067943881300,0,17,117ec38007ee1c1a
203067943891000,0,17,117ec38017ef1c1a
203067943896700,0,17,117ec37ff7ef1c1a
203067944137500,0,17,117ec37ff7ee1c1a
203067944145100,0,17,117ec37ff7ee1c1a
203067944151000,0,17,117ec37ff7ef1c1a
203067944157100,0,17,117ec37ff7ee1c1a
203067944162600,0,17,117ec37ff7ee1c1a
203067944168400,0,17,117ec37ff7ee1c1a
203067944174200,0,17,117ec37ff7ee1c1a
203067944179800,0,17,117ec37ff7ee1c1a
203067944185600,0,17,117ec37fe7ee1c1a
203067944191300,0,17,117ec37ff7ee1c1a
203067944197000,0,17,117ec37ff7ef1c1a
203067944202700,0,17,117ec37ff7ef1c1a
203067944209900,0,17,117ec37ff7ee1c1a
203067944215900,0,17,117ec37ff7ee1c1a
203067944221300,0,17,117ec38007ee1c1a
203067944226800,0,17,117ec37ff7ef1c1a
203067944232100,0,17,117ec37ff7ef1c1a
203067944237400,0,17,117ec37ff7ef1c1a
203067944257700,0,17,117ec37ff7ef1c1a
203068054626300,0,17,117ec37ff7ee1c1a
203068054670200,0,17,117ec37ff7ee1c1a
203068054684900,0,17,117ec37ff7ee1c1a
203068054696300,0,17,117ec37ff7ee1c1a
203068054705000,0,17,117ec37ff7ee1c1a
203068054711400,0,17,117ec37ff7ee1c1a
203068054717000,0,17,117ec37fe7ee1c1a
203068054722700,0,17,117ec38007ee1c1a
203068054728200,0,17,117ec37ff7ed1c1a
203068054733700,0,17,117ec38007ed1c1a
203068054742200,0,17,117ec37fe7ee1c1a
203068054750900,0,17,117ec37fe7ee1c1a
203068054757500,0,17,117ec37fd7ee1c1a
203068054765200,0,17,117ec37ff7ee1c1a
203068054780800,0,17,117ec37ff7ee1c1a
203068054787900,0,17,117ec37fe7ee1c1a
203068054793700,0,17,117ec37ff7ef1c1a
203068054799400,0,17,117ec37ff7f01c1a
203068054804800,0,17,117ec37ff7ef1c1a
203068054810400,0,17,117ec38007ee1c1a
203068054815900,0,17,117ec37ff7ee1c1a
203068054821400,0,17,117ec37ff7ed1c1a
203068054827300,0,17,117ec37ff7ee1c1a
203068054832700,0,17,117ec37ff7ee1c1a
203068054838200,0,17,117ec37ff7ee1c1a
203068054843600,0,17,117ec37ff7ee1c1a
203068054849800,0,17,117ec37ff7ef1c1a
203068054855200,0,17,117ec37ff7ef1c1a
203068054860600,0,17,117ec37ff7ef1c1a
203068054866300,0,17,117ec37ff7ee1c1a
203068054872100,0,17,117ec37ff7ef1c1a
203068054880300,0,17,117ec38007ee1c1a
203068054886500,0,17,117ec37ff7ee1c1a
203068054891800,0,17,117ec37ff7ee1c1a
203068054897400,0,17,117ec37fe7ed1c1a
203068054902700,0,17,117ec37ff7ee1c1a
203068054908100,0,17,117ec37ff7ee1c1a
203068054913400,0,17,117ec37ff7ee1c1a
203068054918700,0,17,117ec37ff7ee1c1a
203068054924100,0,17,117ec37fe7ee1c1a
203068054929600,0,17,117ec37ff7ee1c1a
203068054934800,0,17,117ec37ff7ee1c1a
203068054940300,0,17,117ec37ff7ee1c1a
203068054946600,0,17,117ec37fe7ee1c1a
203068054952200,0,17,117ec37ff7ef1c1a
203068054957600,0,17,117ec37ff7ef1c1a
203068054962900,0,17,117ec38007ef1c1a
203068054968400,0,17,117ec37fe7ee1c1a
203068054974000,0,17,117ec37ff7ef1c1a
203068054979300,0,17,117ec37ff7ef1c1a
203068054985000,0,17,117ec37fe7ef1c1a
203068054990600,0,17,117ec37ff7f01c1a
203068054995900,0,17,117ec37ff7ef1c1a
203068055001400,0,17,117ec37ff7ef1c1a
203068055006900,0,17,117ec37ff7ef1c1a
203068055012500,0,17,117ec37ff7ee1c1a
203068055018000,0,17,117ec37ff7ef1c1a
203068055023300,0,17,117ec37fe7ef1c1a
203068055028900,0,17,117ec37ff7ef1c1a
203068055034400,0,17,117ec37ff7ef1c1a
203068055039700,0,17,117ec37fe7ef1c1a
203068055045000,0,17,117ec37ff7f01c1a
203068055050300,0,17,117ec37ff7f01c1a
203068055056500,0,17,117ec37ff7ef1c1a
203068055062100,0,17,117ec37fe7ef1c1a
203068055067400,0,17,117ec37ff7ee1c1a
203068055072700,0,17,117ec37ff7ee1c1a
203068164753300,0,17,117ec37ff7ee1c1a
203068164780400,0,17,117ec37ff7ee1c1a
203068164787900,0,17,117ec37fe7ed1c1a
203068164793600,0,17,117ec38007ed1c1a
203068164799500,0,17,117ec37fe7ed1c1a
203068164805100,0,17,117ec37ff7ee1c1a
203068164816800,0,17,117ec37ff7ee1c1a
203068164834900,0,17,117ec37fe7ee1c1a
203068164842100,0,17,117ec37ff7ee1c1a
203068164847600,0,17,117ec37ff7ee1c1a
203068164853400,0,17,117ec37ff7ee1c1a
203068164859300,0,17,117ec37ff7ee1c1a
203068164864700,0,17,117ec37ff7ee1c1a
203068164870100,0,17,117ec37fe7ee1c1a
203068164875700,0,17,117ec37fe7ee1c1a
203068164881100,0,17,117ec38007ef1c1a
203068164886500,0,17,117ec37ff7ef1c1a
203068164891800,0,17,117ec37fe7ef1c1a
203068164897200,0,17,117ec27fe7ef1c1a
203068164902800,0,17,117ec37ff7f01c1a
203068164908300,0,17,117ec38007ef1c1a
203068164913700,0,17,117ec37ff7ef1c1a
203068164919200,0,17,117ec37ff7ef1c1a
203068164924700,0,17,117ec37ff7ee1c1a
203068164930100,0,17,117ec37ff7ee1c1a
203068164937200,0,17,117ec37ff7ee1c1a
203068164943100,0,17,117ec37ff7ee1c1a
203068164949600,0,17,117ec37ff7ef1c1a
203068164954900,0,17,117ec37ff7ee1c1a
203068164960700,0,17,117ec37ff7ee1c1a
203068164966400,0,17,117ec37ff7ee1c1a
203068164971800,0,17,117ec38007ee1c1a
203068164977000,0,17,117ec37fe7ee1c1a
203068164982400,0,17,117ec38007ed1c1a
203068164987700,0,17,117ec37fe7ed1c1a
203068164993100,0,17,117ec38007ee1c1a
203068164999700,0,17,117ec37fe7ef1c1a
203068165006200,0,17,117ec37ff7ee1c1a
203068165011700,0,17,117ec37ff7ef1c1a
203068165017200,0,17,117ec37ff7ef1c1a
203068165022600,0,17,117ec37ff7ef1c1a
203068165028000,0,17,117ec37ff7ef1c1a
203068165033700,0,17,117ec37ff7ef1c1a
203068165039300,0,17,117ec37ff7ef1c1a
203068165047300,0,17,117ec37ff7ee1c1a
203068165053600,0,17,117ec37ff7ed1c1a
203068165059100,0,17,117ec37ff7ed1c1a
203068165064400,0,17,117ec37ff7ee1c1a
203068165069700,0,17,117ec38007ef1c1a
203068165075000,0,17,117ec37ff7f01c1a
203068165080300,0,17,117ec37ff7ef1c1a
203068165085800,0,17,117ec38007ee1c1a
203068165091300,0,17,117ec37ff7ef1c1a
203068165096700,0,17,117ec37ff7ef1c1a
203068165102300,0,17,117ec37ff7ef1c1a
203068165108100,0,17,117ec37ff7ef1c1a
203068165113400,0,17,117ec38007f01c1a
203068165118800,0,17,117ec37ff7ef1c1a
203068165124000,0,17,117ec37ff7ee1c1a
203068165131800,0,17,117ec37fe7ee1c1a
203068165138800,0,17,117ec37ff7ee1c1a
203068165144300,0,17,117ec37ff7ef1c1a
203068165149800,0,17,117ec37ff7ef1c1a
203068165157400,0,17,117ec37ff7ee1c1a
203068165163900,0,17,117ec37ff7ef1c1a
203068165169700,0,17,117ec37ff7ef1c1a
203068278209400,0,17,117ec37ff7ef1c1a
203068278233000,0,17,117ec27ff7f01c1a
203068278240400,0,17,117ec37ff7f01c1a
203068278248400,0,17,117ec37fe7ef1c1a
203068278254600,0,17,117ec37fe7ef1c1a
203068278261100,0,17,117ec37ff7ee1c1a
203068278266700,0,17,117ec37ff7ee1c1a
203068278272500,0,17,117ec38007ef1c1a
203068278278400,0,17,117ec37ff7ee1c1a
203068278283700,0,17,117ec37fe7ef1c1a
203068278289200,0,17,117ec37ff7ef1c1a
203068278294700,0,17,117ec37ff7ee1c1a
203068278300000,0,17,117ec37ff7ee1c1a
203068278305500,0,17,117ec37ff7ee1c1a
203068278310800,0,17,117ec37ff7ee1c1a
203068278316200,0,17,117ec37ff7ee1c1a
203068278321700,0,17,117ec38007ee1c1a
203068278327200,0,17,117ec37ff7ee1c1a
203068278332800,0,17,117ec37ff7ee1c1a
203068278338300,0,17,117ec37ff7ee1c1a
203068278343900,0,17,117ec38007ee1c1a
203068278349800,0,17,117ec37ff7ee1c1a
203068278355400,0,17,117ec37ff7ee1c1a
203068278361100,0,17,117ec37ff7ee1c1a
203068278366500,0,17,117ec37ff7ef1c1a
203068278372000,0,17,117ec37ff7ef1c1a
203068278377400,0,17,117ec37ff7ee1c1a
203068278383000,0,17,117ec37ff7ee1c1a
203068278388500,0,17,117ec37ff7ee1c1a
203068278393900,0,17,117ec37ff7ee1c1a
203068278399500,0,17,117ec37fe7ee1c1a
203068278405200,0,17,117ec37ff7ee1c1a
203068278410700,0,17,117ec37ff7ef1c1a
203068278416300,0,17,117ec37ff7ee1c1a
203068278421800,0,17,117ec37ff7f01c1a
203068278427200,0,17,117ec37ff7ef1c1a
203068278432700,0,17,117ec37ff7ef1c1a
203068278438100,0,17,117ec37ff7ee1c1a
203068278443400,0,17,117ec38007ef1c1a
203068278449200,0,17,117ec37ff7ee1c1a
203068278454500,0,17,117ec37fe7ef1c1a
203068278459900,0,17,117ec38007ef1c1a
203068278465500,0,17,117ec37ff7ee1c1a
203068278470900,0,17,117ec37ff7ef1c1a
203068278476300,0,17,117ec37ff7ee1c1a
203068278481600,0,17,117ec37ff7ef1c1a
203068278487300,0,17,117ec38007ef1c1a
203068278492600,0,17,117ec37fe7ef1c1a
203068278498200,0,17,117ec38007ef1c1a
203068278503700,0,17,117ec38007ef1c1a
203068278509100,0,17,117ec27fe7ef1c1a
203068278514600,0,17,117ec37fe7ee1c1a
203068278520000,0,17,117ec38007ef1c1a
203068278525600,0,17,117ec37ff7ee1c1a
203068278531000,0,17,117ec37ff7ed1c1a
203068278537500,0,17,117ec37ff7ed1c1a
203068278543300,0,17,117ec37fe7ee1c1a
203068278549300,0,17,117ec37ff7ed1c1a
203068278555000,0,17,117ec37ff7ee1c1a
203068278560400,0,17,117ec37ff7ee1c1a
203068278565700,0,17,117ec37ff7ee1c1a
203068278570900,0,17,117ec37ff7ee1c1a
203068278576400,0,17,117ec37ff7ef1c1a
203068278581900,0,17,117ec37ff7ef1c1a
203068278587900,0,17,117ec37fe7ef1c1a
203068278593300,0,17,117ec37ff7ef1c1a
203068390595100,0,17,117ec37ff7ef1c1a
203068390623800,0,17,117ec38007ef1c1a
203068390631600,0,17,117ec37ff7ef1c1a
203068390638300,0,17,117ec37ff7ef1c1a
203068390644300,0,17,117ec37ff7ee1c1a
203068390650100,0,17,117ec37ff7ef1c1a
203068390666300,0,17,117ec37fe7ef1c1a
203068390676700,0,17,117ec37ff7ef1c1a
203068390684500,0,17,117ec37ff7ef1c1a
203068390691700,0,17,117ec37ff7f01c1a
203068390697600,0,17,117ec37ff7ef1c1a
203068390703600,0,17,117ec38007f01c1a
203068390709200,0,17,117ec37ff7f01c1a
203068390714800,0,17,117ec37ff7ef1c1a
203068390727300,0,17,117ec37ff7ef1c1a
203068390734700,0,17,117ec37ff7ee1c1a
203068390740500,0,17,117ec37ff7ee1c1a
203068390784400,0,17,117ec37ff7ee1c1a
203068390793800,0,17,117ec37ff7ee1c1a
203068390801300,0,17,117ec37ff7ee1c1a
203068390882200,0,17,117ec37fe7ee1c1a
203068390892300,0,17,117ec37ff7ef1c1a
203068390898600,0,17,117ec37ff7ef1c1a
203068390904200,0,17,117ec37ff7ef1c1a
203068390910000,0,17,117ec37ff7f01c1a
203068390915700,0,17,117ec37ff7ef1c1a
203068390921500,0,17,117ec38007ef1c1a
203068390927300,0,17,117ec38007ef1c1a
203068390933000,0,17,117ec37ff7ee1c1a
203068390938700,0,17,117ec37ff7ee1c1a
203068390944800,0,17,117ec37ff7ee1c1a
203068390950500,0,17,117ec37ff7ee1c1a
203068390956100,0,17,117ec37ff7ee1c1a
203068390964500,0,17,117ec37fe7ed1c1a
203068390970400,0,17,117ec37ff7ee1c1a
203068390976300,0,17,117ec37ff7ee1c1a
203068390981800,0,17,117ec37ff7ee1c1a
203068390987200,0,17,117ec37ff7ef1c1a
203068390993100,0,17,117ec37ff7ee1c1a
203068390998500,0,17,117ec38007ee1c1a
203068391008300,0,17,117ec37ff7ee1c1a
203068391013800,0,17,117ec38007ee1c1a
203068391019300,0,17,117ec37fe7ed1c1a
203068391024900,0,17,117ec37fe7ee1c1a
203068391030500,0,17,117ec37ff7ef1c1a
203068391036200,0,17,117ec37ff7ef1c1a
203068391041500,0,17,117ec38007ee1c1a
203068391046800,0,17,117ec37ff7ed1c1a
203068391053600,0,17,117ec37ff7ee1c1a
203068391059000,0,17,117ec37ff7ee1c1a
203068391064800,0,17,117ec37ff7ef1c1a
203068391070500,0,17,117ec37ff7ee1c1a
203068391075900,0,17,117ec37ff7ee1c1a
203068391081300,0,17,117ec37fe7ee1c1a
203068391087000,0,17,117ec37ff7ee1c1a
203068391092600,0,17,117ec38007ef1c1a
203068391099100,0,17,117ec37fe7ef1c1a
203068391244100,0,17,117ec37ff7ee1c1a
203068391319100,0,17,117ec37ff7ef1c1a
203068391327200,0,17,117ec37ff7ef1c1a
203068391333600,0,17,117ec38007ef1c1a
203068391339900,0,17,117ec37ff7ef1c1a
203068391345800,0,17,117ec37ff7ef1c1a
203068391351400,0,17,117ec37ff7ef1c1a
203068391356700,0,17,117ec37ff7ef1c1a
203068391362100,0,17,117ec37ff7ef1c1a
203068391367800,0,17,117ec37ff7ee1c1a
203068391373500,0,17,117ec37ff7ed1c1a
203068391379000,0,17,117ec37ff7ee1c1a
203068391384400,0,17,117ec38007ee1c1a
203068503575000,0,17,117ec37ff7ee1c1a
203068503625800,0,17,117ec37ff7ee1c1a
203068503644600,0,17,117ec37ff7ef1c1a
203068503652500,0,17,117ec37ff7ef1c1a
203068503658200,0,17,117ec37ff7ef1c1a
203068503663700,0,17,117ec37ff7ef1c1a
203068503669700,0,17,117ec37ff7ef1c1a
203068503675200,0,17,117ec37ff7ef1c1a
203068503680700,0,17,117ec37ff7ef1c1a
203068503688700,0,17,117ec38007ef1c1a
203068503697200,0,17,117ec37ff7ee1c1a
203068503705400,0,17,117ec37ff7ef1c1a
203068503711800,0,17,117ec37ff7ef1c1a
203068503718100,0,17,117ec38007ef1c1a
203068503727700,0,17,117ec37fe7ef1c1a
203068503733100,0,17,117ec37ff7f01c1a
203068503738300,0,17,117ec37ff7ef1c1a
203068503748600,0,17,117ec37ff7ef1c1a
203068503755300,0,17,117ec37ff7ef1c1a
203068503764800,0,17,117ec37ff7ee1c1a
203068503771000,0,17,117ec37ff7ee1c1a
203068503776500,0,17,117ec37fe7ee1c1a
203068503781900,0,17,117ec37ff7ee1c1a
203068503787300,0,17,117ec38007ef1c1a
203068503792900,0,17,117ec37ff7ef1c1a
203068503798300,0,17,117ec37ff7ee1c1a
203068503804800,0,17,117ec37ff7ee1c1a
203068503812100,0,17,117ec37ff7ef1c1a
203068503817400,0,17,117ec37ff7ef1c1a
203068503824700,0,17,117ec37ff7ef1c1a
203068503830100,0,17,117ec37ff7ef1c1a
203068503835500,0,17,117ec37fe7ee1c1a
203068503841100,0,17,117ec37ff7ef1c1a
203068503846400,0,17,117ec37ff7ef1c1a
203068503851900,0,17,117ec37ff7ee1c1a
203068503857300,0,17,117ec37ff7ee1c1a
203068503862700,0,17,117ec37ff7ee1c1a
203068503868000,0,17,117ec37ff7ee1c1a
203068503873700,0,17,117ec37ff7ee1c1a
203068503879200,0,17,117ec37ff7ef1c1a
203068503884600,0,17,117ec37ff7ef1c1a
203068503889900,0,17,117ec37ff7ef1c1a
203068503896700,0,17,117ec37ff7ef1c1a
203068503902000,0,17,117ec37ff7ef1c1a
203068503907400,0,17,117ec37ff7ef1c1a
203068503913100,0,17,117ec37ff7ef1c1a
203068503918300,0,17,117ec37ff7ef1c1a
203068503923800,0,17,117ec37ff7ef1c1a
203068503929300,0,17,117ec37ff7ef1c1a
203068503935700,0,17,117ec38007ef1c1a
203068503941100,0,17,117ec37ff7ef1c1a
203068503946400,0,17,117ec37ff7ef1c1a
203068503951600,0,17,117ec37ff7ee1c1a
203068503957000,0,17,117ec37ff7ee1c1a
203068503962300,0,17,117ec37ff7ed1c1a
203068503967700,0,17,117ec37ff7ee1c1a
203068503973400,0,17,117ec37ff7ee1c1a
203068503979400,0,17,117ec37ff7ee1c1a
203068503984700,0,17,117ec38007ee1c1a
203068503990100,0,17,117ec37ff7ee1c1a
203068503995300,0,17,117ec37ff7ee1c1a
203068504000800,0,17,117ec38007ee1c1a
203068504007600,0,17,117ec37ff7ed1c1a
203068504012800,0,17,117ec37fe7ee1c1a
203068504018000,0,17,117ec37ff7ed1c1a
203068504023300,0,17,117ec37ff7ed1c1a
203068504030400,0,17,117ec37ff7ed1c1a
203068504035800,0,17,117ec37ff7ee1c1a
203068504041100,0,17,117ec37ff7ee1c1a
203068504046300,0,17,117ec37ff7ee1c1a
203068614368700,0,17,117ec37ff7ee1c1a
203068614439000,0,17,117ec37ff7ed1c1a
203068614460300,0,17,117ec37ff7ed1c1a
203068614468300,0,17,117ec37ff7ed1c1a
203068614474300,0,17,117ec37fe7ee1c1a
203068614480600,0,17,117ec37ff7ee1c1a
203068614486400,0,17,117ec37ff7ef1c1a
203068614493600,0,17,117ec37ff7ef1c1a
203068614508900,0,17,117ec37ff7ee1c1a
203068614516600,0,17,117ec37fe7ee1c1a
203068614522300,0,17,117ec37ff7ee1c1a
203068614528200,0,17,117ec37ff7ee1c1a
203068614533900,0,17,117ec37ff7ee1c1a
203068614542800,0,17,117ec37ff7ee1c1a
203068614548600,0,17,117ec37ff7ee1c1a
203068614555900,0,17,117ec37ff7ee1c1a
203068614561900,0,17,117ec37fe7ee1c1a
203068614568000,0,17,117ec37fe7ee1c1a
203068614573600,0,17,117ec37ff7ef1c1a
203068614579500,0,17,117ec37ff7ef1c1a
203068614653600,0,17,117ec37ff7ef1c1a
203068614667400,0,17,117ec37ff7ef1c1a
203068614674200,0,17,117ec37ff7ef1c1a
203068614681400,0,17,117ec37ff7ef1c1a
203068614687200,0,17,117ec37fe7ef1c1a
203068614693100,0,17,117ec37ff7ef1c1a
203068614699000,0,17,117ec37ff7ef1c1a
203068614704700,0,17,117ec37ff7ef1c1a
203068614710400,0,17,117ec37ff7ef1c1a
203068614716300,0,17,117ec37ff7ef1c1a
203068614723800,0,17,117ec37ff7ee1c1a
203068614730000,0,17,117ec37ff7ef1c1a
203068614736200,0,17,117ec37ff7ef1c1a
203068614742200,0,17,117ec37ff7ee1c1a
203068614748400,0,17,117ec37ff7ee1c1a
203068615306800,0,17,117ec37ff7ee1c1a
203068615314400,0,17,117ec37ff7ef1c1a
203068615320700,0,17,117ec37ff7ee1c1a
203068615327000,0,17,117ec37ff7ee1c1a
203068615333500,0,17,117ec37ff7ee1c1a
203068615339400,0,17,117ec37ff7ef1c1a
203068615345400,0,17,117ec37ff7ee1c1a
203068615351100,0,17,117ec37ff7ee1c1a
203068615358200,0,17,117ec37ff7ee1c1a
203068615364000,0,17,117ec37ff7ee1c1a
203068615370000,0,17,117ec37ff7ef1c1a
203068615375900,0,17,117ec38007ef1c1a
203068615386000,0,17,117ec37ff7ef1c1a
203068615391400,0,17,117ec37fe7ee1c1a
203068615397300,0,17,117ec37ff7ee1c1a
203068615402900,0,17,117ec37ff7ef1c1a
203068615408600,0,17,117ec37ff7ef1c1a
203068615414200,0,17,117ec37ff7ef1c1a
203068615420200,0,17,117ec38007ef1c1a
203068615425900,0,17,117ec37ff7f11c1a
203068615431700,0,17,117ec37ff7f41c1a
203068615437400,0,17,117ec38007f61c1a
203068615443100,0,17,117ec37ff7f81c1a
203068615448700,0,17,117ec37ff7fb1c1a
203068615454500,0,17,117ec37ff7fc1c1a
203068615460200,0,17,117ec38007fd1c1a
203068615467700,0,17,117ec37ff7fe1c1a
203068615474400,0,17,117ec38007fe1c1a
203068615480400,0,17,117ec38007ff1c1a
203068615485900,0,17,117ec38007ff1c1a
203068615491400,0,17,117ec48007fe1c1a
203068615497100,0,17,117ec47ff7ff1c1a
203068615502900,0,17,117ec48007fe1c1a
203068615508600,0,17,117ec48007fe1c1a
203068726541200,0,17,117ec48007fe1c1a
203068726597300,0,17,117ec48007fe1c1a
203068726618900,0,17,117ec48017fe1c1a
203068726626700,0,17,117ec48007fe1c1a
203068726633200,0,17,117ec47ff7fe1c1a
203068726639600,0,17,117ec48007fe1c1a
203068726645500,0,17,117ec47ff7fe1c1a
203068726651400,0,17,117ec58007fd1c1a
203068726657600,0,17,117ec57ff7fd1c1a
203068726663500,0,17,117ec58007fd1c1a
203068726669900,0,17,117ec57ff7fd1c1a
203068726676000,0,17,117ec47ff7fd1c1a
203068726681900,0,17,117ec47ff7fd1c1a
203068726687800,0,17,117ec57ff7fe1c1a
203068726696800,0,17,117ec57ff7fe1c1a
203068726703000,0,17,117ec57ff7ff1c1a
203068726708900,0,17,117ec57fe7ff1c1a
203068726715500,0,17,117ec57ff8001c1a
203068726721700,0,17,117ec57ff8011c1a
203068726727700,0,17,117ec57ff8001c1a
203068726733600,0,17,117ec57ff8001c1a
203068726739500,0,17,117ec58008001c1a
203068726745200,0,17,117ec57ff7ff1c1a
203068726751300,0,17,117ec47fe7ff1c1a
203068726757200,0,17,117ec57fe7ff1c1a
203068726763200,0,17,117ec47fe8001c1a
203068726769300,0,17,117ec58008001c1a
203068726775700,0,17,117ec47ff8001c1a
203068726781700,0,17,117ec47ff8001c1a
203068726787600,0,17,117ec47ff8001c1a
203068726793300,0,17,117ec47fe8001c1a
203068726799000,0,17,117ec47ff8001c1a
203068726804500,0,17,117ec47fe8001c1a
203068726809800,0,17,117ec48008011c1a
203068726815300,0,17,117ec57ff8011c1a
203068726820900,0,17,117ec47ff8011c1a
203068726826200,0,17,117ec47fe8011c1a
203068726831700,0,17,117ec47ff8011c1a
203068726842300,0,17,117ec47fe8011c1a
203068726847600,0,17,117ec57fe8011c1a
203068726852900,0,17,117ec58008011c1a
203068726858100,0,17,117ec57fe8011c1a
203068726863400,0,17,117ec58008001c1a
203068726869900,0,17,117ec47ff8001c1a
203068726875600,0,17,117ec58008001c1a
203068726881300,0,17,117ec57fe8001c1a
203068726887000,0,17,117ec48008011c1a
203068726893000,0,17,117ec57fe8011c1a
203068726898700,0,17,117ec58008011c1a
203068726904300,0,17,117ec47fe8011c1a
203068726910200,0,17,117ec47ff8011c1a
203068726915900,0,17,117ec57ff8011c1a
203068726921600,0,17,117ec58008011c1a
203068726927200,0,17,117ec47ff8011c1a
203068726932900,0,17,117ec57ff8011c1a
203068726938800,0,17,117ec58008011c1a
203068726944500,0,17,117ec47ff8001c1a
203068726950100,0,17,117ec47fe8011c1a
203068726956000,0,17,117ec57fe8001c1a
203068726961900,0,17,117ec57ff8011c1a
203068726967900,0,17,117ec47ff8011c1a
203068726973800,0,17,117ec47ff8011c1a
203068726979700,0,17,117ec47fe8021c1a
203068726985400,0,17,117ec57ff8011c1a
203068726991300,0,17,117ec57ff8011c1a
203068726997100,0,17,117ec57ff8001c1a
203068727003100,0,17,117ec47fe8001c1a
203068839843800,0,17,117ec57ff8011c1a
203068839877800,0,17,117ec57ff8011c1a
203068839890700,0,17,117ec47ff8001c1a
203068839899400,0,17,117ec47ff8001c1a
203068839910200,0,17,117ec48008011c1a
203068839919400,0,17,117ec57fe8001c1a
203068839929900,0,17,117ec57ff8001c1a
203068839938800,0,17,117ec58007ff1c1a
203068839948600,0,17,117ec47fd7ff1c1a
203068839957200,0,17,117ec57fe8001c1a
203068839966000,0,17,117ec58008001c1a
203068839974100,0,17,117ec47ff8001c1a
203068839981700,0,17,117ec57ff8001c1a
203068839990500,0,17,117ec58008001c1a
203068839996500,0,17,117ec57ff8001c1a
203068840003200,0,17,117ec47ff8001c1a
203068840009000,0,17,117ec57ff8011c1a
203068840014700,0,17,117ec47ff8011c1a
203068840022000,0,17,117ec47ff8011c1a
203068840027900,0,17,117ec47ff8011c1a
203068840033500,0,17,117ec57ff8001c1a
203068840039500,0,17,117ec57ff8011d1a
203068840047600,0,17,117ec47ff8011d1a
203068840054800,0,17,117ec47ff8001c1a
203068840060700,0,17,117ec58008011c1a
203068840066800,0,17,117ec47ff8011c1a
203068840072500,0,17,117ec47ff8011c1a
203068840078100,0,17,117ec47ff8011c1a
203068840083800,0,17,117ec47ff8011c1a
203068840089600,0,17,117ec47ff8011c1a
203068840095700,0,17,117ec48008011c1a
203068840101900,0,17,117ec57ff8011c1a
203068840107600,0,17,117ec47fe8011c1a
203068840113800,0,17,117ec47ff8001c1a
203068840164500,0,17,117ec58008001c1a
203068840172300,0,17,117ec57ff8011c1a
203068840177900,0,17,117ec47fe8001c1a
203068840183500,0,17,117ec47ff8011c1a
203068840193600,0,17,117ec57fe8001c1a
203068840199200,0,17,117ec57ff8011c1a
203068840204800,0,17,117ec47ff8001c1a
203068840210700,0,17,117ec47fe8011c1a
203068840216600,0,17,117ec58008011c1a
203068840222300,0,17,117ec58008021c1a
203068840228000,0,17,117ec47fe8011c1a
203068840234000,0,17,117ec47ff8001c1a
203068840240200,0,17,117ec47ff8001c1a
203068840246200,0,17,117ec47fe8001c1a
203068840251900,0,17,117ec58008001c1a
203068840257500,0,17,117ec48008001c1a
203068840263200,0,17,117ec57ff8001c1a
203068840269000,0,17,117ec57fe8011c1a
203068840274700,0,17,117ec47ff8011c1a
203068840280600,0,17,117ec57ff8001c1a
203068840286500,0,17,117ec48008001c1a
203068840292400,0,17,117ec47ff8001d1a
203068840298200,0,17,117ec57ff8001c1a
203068840340700,0,17,117ec58008001c1a
203068840348400,0,17,117ec57fe8001c1a
203068840354400,0,17,117ec47fe8001c1a
203068840360200,0,17,117ec47ff8011c1a
203068840365900,0,17,117ec57ff8011c1a
203068840371700,0,17,117ec47ff8011c1a
203068840377500,0,17,117ec47ff8021c1a
203068840383100,0,17,117ec47ff8011c1a
203068840388900,0,17,117ec47ff8021c1a
203068840394500,0,17,117ec57ff8011c1a
203068840400200,0,17,117ec47fe8011c1a
203068954079600,0,17,117ec47ff8021c1a
203068954108100,0,17,117ec57ff8021c1a
203068954115600,0,17,117ec58008021c1a
203068954122100,0,17,117ec47ff8001c1a
203068954127900,0,17,117ec57ff8001c1a
203068954155100,0,17,117ec47ff8001c1a
203068954167300,0,17,117ec47ff8001c1a
203068954173600,0,17,117ec57ff8001c1a
203068954179200,0,17,117ec47fe8011c1a
203068954184800,0,17,117ec57ff8011c1a
203068954191700,0,17,117ec58008011c1a
203068954198200,0,17,117ec47ff8001c1a
203068954204000,0,17,117ec47fe8001c1a
203068954209800,0,17,117ec47ff8001c1a
203068954215300,0,17,117ec58008001d1a
203068954220800,0,17,117ec57ff8001c1a
203068954226600,0,17,117ec47fe8011c1a
203068954232500,0,17,117ec57ff8011c1a
203068954237900,0,17,117ec47ff8011c1a
203068954243200,0,17,117ec47ff8021c1a
203068954248600,0,17,117ec57ff8021c1a
203068954254400,0,17,117ec57ff8011c1a
203068954259700,0,17,117ec57ff8011c1a
203068954265200,0,17,117ec47ff8011c1a
203068954270800,0,17,117ec57fe8011c1a
203068954276400,0,17,117ec47ff8001c1a
203068954281700,0,17,117ec57ff8001c1a
203068954287300,0,17,117ec47ff8001c1a
203068954292800,0,17,117ec57fe8001c1a
203068954298200,0,17,117ec57fe7ff1c1a
203068954304400,0,17,117ec48008001c1a
203068954310500,0,17,117ec57ff8001c1a
203068954315900,0,17,117ec47ff8011c1a
203068954321300,0,17,117ec57ff8011c1a
203068954326800,0,17,117ec47ff8011c1a
203068954332300,0,17,117ec47ff8011c1a
203068954337500,0,17,117ec47fe8011c1a
203068954343000,0,17,117ec47ff8011c1a
203068954348900,0,17,117ec47ff8001c1a
203068954354500,0,17,117ec57ff8001c1a
203068954360100,0,17,117ec57ff8011c1a
203068954365800,0,17,117ec47ff8011c1a
203068954371300,0,17,117ec58018011c1a
203068954376800,0,17,117ec57fe8001c1a
203068954382500,0,17,117ec47ff8001c1a
203068954388000,0,17,117ec57fe7ff1d1a
203068954393600,0,17,117ec47fe7ff1c1a
203068954399400,0,17,117ec47ff8001c1a
203068954405000,0,17,117ec47ff8001c1a
203068954410400,0,17,117ec57ff8011c1a
203068954420400,0,17,117ec58008001c1a
203068954426000,0,17,117ec48008011c1a
203068954431200,0,17,117ec47fe8001c1a
203068954436600,0,17,117ec47fe8001c1a
203068954442200,0,17,117ec47ff8011c1a
203068954447600,0,17,117ec48008011c1a
203068954453100,0,17,117ec47ff8011c1a
203068954458600,0,17,117ec57ff8001c1a
203068954464300,0,17,117ec47ff8011c1a
203068954469800,0,17,117ec58008011c1a
203068954479500,0,17,117ec47ff8001c1a
203068954484900,0,17,117ec57ff8001c1a
203068954491100,0,17,117ec47ff8011c1a
203068954496500,0,17,117ec47ff8011c1a
203068954501900,0,17,117ec47fe8011c1a
203068954507300,0,17,117ec58008011c1a
203068954512800,0,17,117ec47ff8011c1a
203068954518100,0,17,117ec47ff8021c1a
203068954523500,0,17,117ec58008011c1a
203068954528800,0,17,117ec47ff8001c1a
203069067654300,0,17,117ec47ff8001c1a
203069067690200,0,17,117ec47ff8001c1a
203069067698400,0,17,117ec57ff8011c1a
203069067704800,0,17,117ec57ff8011c1a
203069067710800,0,17,117ec57ff8001c1a
203069067717000,0,17,117ec57ff8001c1a
203069067722700,0,17,117ec47ff8001c1a
203069067728500,0,17,117ec47ff8001c1a
203069067734000,0,17,117ec47ff8001c1a
203069067739800,0,17,117ec47ff8001c1a
203069067745600,0,17,117ec58008011c1a
203069067751500,0,17,117ec57ff8001c1a
203069067756900,0,17,117ec57ff8001c1a
203069067762500,0,17,117ec47fe8001c1a
203069067768100,0,17,117ec58008011c1a
203069067773700,0,17,117ec58008001c1a
203069067779200,0,17,117ec57ff8001c1a
203069067784700,0,17,117ec47fe8011c1a
203069067790200,0,17,117ec47fe8021c1a
203069067795700,0,17,117ec47ff8021c1a
203069067801200,0,17,117ec47fe8011c1a
203069067806800,0,17,117ec57ff8021c1a
203069067812200,0,17,117ec58008021c1a
203069067819200,0,17,117ec47ff8011c1a
203069067824600,0,17,117ec47fe8021c1a
203069067829900,0,17,117ec47ff8031c1a
203069067835300,0,17,117ec57ff8021c1a
203069067841000,0,17,117ec47ff8021c1a
203069067846700,0,17,117ec47ff8021c1a
203069067852500,0,17,117ec47fe8011c1a
203069067857900,0,17,117ec58008011c1a
203069067863400,0,17,117ec47ff8001c1a
203069067868700,0,17,117ec57ff7ff1c1a
203069067874900,0,17,117ec57ff7ff1c1a
203069067880700,0,17,117ec47ff7ff1c1a
203069067886600,0,17,117ec47fe7ff1c1a
203069067892000,0,17,117ec58007ff1c1a
203069067897500,0,17,117ec47ff7ff1c1a
203069067902800,0,17,117ec47fe7ff1c1a
203069067908300,0,17,117ec48008001c1a
203069067913600,0,17,117ec47ff8001c1a
203069067919100,0,17,117ec47ff8001c1a
203069067924500,0,17,117ec47ff8001c1a
203069067929900,0,17,117ec47ff8011c1a
203069067935600,0,17,117ec47ff8011c1a
203069067941300,0,17,117ec47fe8011c1a
203069067946700,0,17,117ec47fe8011c1a
203069067951900,0,17,117ec58008021c1a
203069067960400,0,17,117ec47ff8011c1a
203069067966100,0,17,117ec47ff8011c1a
203069068019300,0,17,117ec57ff8001c1a
203069068027900,0,17,117ec47fe8011c1a
203069068037800,0,17,117ec57ff8011c1a
203069068043500,0,17,117ec57ff8011c1a
203069068049000,0,17,117ec57ff8001c1a
203069068054200,0,17,117ec48008001c1a
203069068059600,0,17,117ec47ff8001c1a
203069068065000,0,17,117ec57ff8001c1a
203069068070500,0,17,117ec58018001c1a
203069068075700,0,17,117ec48007ff1c1a
203069068081100,0,17,117ec57fe7fe1c1a
203069068087100,0,17,117ec47fe7ff1c1a
203069068092400,0,17,117ec47ff8001c1a
203069068097900,0,17,117ec47ff8001c1a
203069068103900,0,17,117ec47ff8011c1a
203069068110200,0,17,117ec47fe8011c1a
203069068115800,0,17,117ec57ff8011c1a
203069068121400,0,17,117ec47ff8011c1a
203069068127200,0,17,117ec47ff8011c1a
203069179247100,0,17,117ec47ff8011c1a
203069179272400,0,17,117ec48008011c1a
203069179283700,0,17,117ec47ff8011c1a
203069179298000,0,17,117ec57ff8001c1a
203069179305000,0,17,117ec57ff8001c1a
203069179310700,0,17,117ec47ff8011c1a
203069179316400,0,17,117ec47ff8011c1a
203069179322300,0,17,117ec57ff8011c1a
203069179330500,0,17,117ec58008001c1a
203069179336900,0,17,117ec47fe8001c1a
203069179342500,0,17,117ec47ff8001c1a
203069179348100,0,17,117ec47ff8011c1a
203069179353500,0,17,117ec47ff8011c1a
203069179358800,0,17,117ec47ff8011c1a
203069179364200,0,17,117ec47fe8011c1a
203069179372400,0,17,117ec57fe8021c1a
203069179378800,0,17,117ec57fe8011c1a
203069179386100,0,17,117ec58008021c1a
203069179391500,0,17,117ec48008021c1a
203069179398400,0,17,117ec48008001c1a
203069179404200,0,17,117ec47ff8001c1a
203069179412100,0,17,117ec57fe8001c1a
203069179418700,0,17,117ec57ff8011c1a
203069179424100,0,17,117ec47ff8011c1a
203069179432300,0,17,117ec58008011c1a
203069179439500,0,17,117ec57ff8011c1a
203069179444900,0,17,117ec57ff8001c1a
203069179450500,0,17,117ec47ff8001c1a
203069179456200,0,17,117ec57ff8001c1a
203069179461500,0,17,117ec58008001c1a
203069179466800,0,17,117ec57ff8001c1a
203069179472500,0,17,117ec47ff8001c1a
203069179478100,0,17,117ec47ff8001c1a
203069179485400,0,17,117ec47ff8001c1a
203069179491100,0,17,117ec47ff8011c1a
203069179496800,0,17,117ec47fe8011c1a
203069179502500,0,17,117ec47ff8011c1a
203069179507900,0,17,117ec57ff8021c1a
203069179513200,0,17,117ec47ff8021c1a
203069179518700,0,17,117ec47ff8021c1a
203069179524100,0,17,117ec47ff8021d1a
203069179529400,0,17,117ec47ff8011c1a
203069179534700,0,17,117ec48008011c1a
203069179540000,0,17,117ec47ff8011c1a
203069179545500,0,17,117ec57ff8011c1a
203069179550700,0,17,117ec47ff8011c1a
203069179556000,0,17,117ec48008001c1a
203069179561400,0,17,117ec47ff8001c1a
203069179567900,0,17,117ec58008011c1a
203069179573300,0,17,117ec57ff8001c1a
203069179578700,0,17,117ec57ff7ff1c1a
203069179584200,0,17,117ec47fe8001c1a
203069179589700,0,17,117ec57fe8001c1a
203069179595000,0,17,117ec47ff8001c1a
203069179600500,0,17,117ec47ff8001c1a
203069179605900,0,17,117ec47fe8001c1a
203069179611300,0,17,117ec47ff8011c1a
203069179616600,0,17,117ec47ff8011c1a
203069179622000,0,17,117ec57ff8021c1a
203069179627400,0,17,117ec57ff8021c1a
203069179632800,0,17,117ec47fe8021c1a
203069179638200,0,17,117ec58008021c1a
203069179643500,0,17,117ec48008011c1a
203069179648800,0,17,117ec47fe8011c1a
203069179654100,0,17,117ec57ff8011c1a
203069179659700,0,17,117ec47fe8011c1a
203069179665000,0,17,117ec47fe8011c1a
203069179670400,0,17,117ec47fe8011c1a
203069179675800,0,17,117ec47ff8011c1a
203069293270000,0,17,117ec47ff8011c1a
203069293380300,0,17,117ec48008011c1a
203069293485900,0,17,117ec48008011c1a
203069293502100,0,17,117ec57ff8001c1a
203069293511600,0,17,117ec47ff8001c1a
203069293558800,0,17,117ec57ff8001c1a
203069293574700,0,17,117ec57ff8001c1a
203069293585100,0,17,117ec47fe7ff1c1a
203069293594200,0,17,117ec47ff8001c1a
203069293603400,0,17,117ec57ff8001c1a
203069293612200,0,17,117ec47ff8011c1a
203069293622800,0,17,117ec57ff8011c1a
203069293632300,0,17,117ec47ff8021c1a
203069293640900,0,17,117ec57ff8011c1a
203069293651200,0,17,117ec57ff8011c1a
203069293664600,0,17,117ec47ff8011c1a
203069293673400,0,17,117ec47fe8011c1a
203069293684900,0,17,117ec48008011c1a
203069293693900,0,17,117ec58008011c1a
203069293702900,0,17,117ec47fe8011c1a
203069293711700,0,17,117ec47fe8011c1a
203069293745400,0,17,117ec58008011c1a
203069293786500,0,17,117ec57ff8001c1a
203069293801900,0,17,117ec47ff8011c1a
203069293811200,0,17,117ec57ff8011c1a
203069293820200,0,17,117ec57ff8011c1a
203069293828700,0,17,117ec57ff8001c1a
203069293838200,0,17,117ec47fe8011c1a
203069293846500,0,17,117ec57ff8011c1a
203069293856500,0,17,117ec47fe8011c1a
203069293864900,0,17,117ec58008021c1a
203069293873400,0,17,117ec57ff8011c1a
203069293882000,0,17,117ec57ff8011c1a
203069293890500,0,17,117ec57ff8011c1a
203069293899000,0,17,117ec57ff8011c1a
203069293907500,0,17,117ec57ff8001c1a
203069293916000,0,17,117ec47ff8021c1a
203069293924800,0,17,117ec47ff8021c1a
203069293933600,0,17,117ec47fe8021c1a
203069293942000,0,17,117ec47ff8021c1a
203069293951200,0,17,117ec57ff8021c1a
203069293959700,0,17,117ec47fe8011c1a
203069293968400,0,17,117ec47ff8011d1a
203069294040100,0,17,117ec47ff8021c1a
203069294070800,0,17,117ec57ff8021c1a
203069294088100,0,17,117ec57ff8021c1a
203069294103600,0,17,117ec48008011c1a
203069294118400,0,17,117ec47fe8001c1a
203069294132400,0,17,117ec58008001c1a
203069294146900,0,17,117ec57ff7ff1c1a
203069294160900,0,17,117ec57ff7ff1c1a
203069294174600,0,17,117ec47ff8001c1a
203069294188900,0,17,117ec47ff7ff1c1a
203069294202800,0,17,117ec47ff7ff1c1a
203069294216800,0,17,117ec47ff7ff1c1a
203069294231000,0,17,117ec47fe8001c1a
203069294245000,0,17,117ec58008011c1a
203069294259200,0,17,117ec58008011c1a
203069294275900,0,17,117ec57ff8011c1a
203069294290500,0,17,117ec58008001c1a
203069294304600,0,17,117ec47fe8001c1a
203069294318700,0,17,117ec47fe8011c1a
203069294333100,0,17,117ec47ff8011c1a
203069294347600,0,17,117ec57fe8011c1a
203069294362000,0,17,117ec57ff8011c1a
203069294376400,0,17,117ec57fe8011c1a
203069294390200,0,17,117ec57ff8011c1a
203069405770200,0,17,117ec58008011c1a
203069405803600,0,17,117ec47ff8001c1a
203069405811800,0,17,117ec57fe8001c1a
203069405863300,0,17,117ec47fe8001c1a
203069405869800,0,17,117ec47ff8001d1a
203069405875600,0,17,117ec48008011c1a
203069405881200,0,17,117ec58008011c1a
203069405886700,0,17,117ec58008011c1a
203069405894700,0,17,117ec47fe8011c1a
203069405900600,0,17,117ec47ff8011c1a
203069405906900,0,17,117ec58008001c1a
203069405912500,0,17,117ec57fe8001c1a
203069405918500,0,17,117ec47ff8001c1a
203069405924200,0,17,117ec47ff8001c1a
203069405929600,0,17,117ec57ff7ff1c1a
203069405935000,0,17,117ec47ff7ff1c1a
203069405940400,0,17,117ec57ff8001c1a
203069405945800,0,17,117ec57ff8001c1a
203069405951400,0,17,117ec57ff8001c1a
203069405957000,0,17,117ec57ff7ff1c1a
203069405962400,0,17,117ec47ff8001c1a
203069405967900,0,17,117ec47ff8001c1a
203069405973200,0,17,117ec47fe8001c1a
203069405978700,0,17,117ec47ff8001c1a
203069405984200,0,17,117ec57fe8001c1a
203069405990000,0,17,117ec47ff8011c1a
203069405995600,0,17,117ec47ff8011c1a
203069406001000,0,17,117ec58008011c1a
203069406006500,0,17,117ec57ff8001c1a
203069406011900,0,17,117ec57ff8001c1a
203069406017500,0,17,117ec57ff8001c1a
203069406022900,0,17,117ec57ff7ff1c1a
203069406028700,0,17,117ec58007ff1c1a
203069406034200,0,17,117ec57ff7ff1c1a
203069406039600,0,17,117ec57ff7ff1c1a
203069406045100,0,17,117ec57fe7ff1c1a
203069406050600,0,17,117ec57ff8001c1a
203069406056300,0,17,117ec57ff8001c1a
203069406062100,0,17,117ec47fe8011c1a
203069406067700,0,17,117ec57ff8001c1a
203069406073400,0,17,117ec57fe8011c1a
203069406079600,0,17,117ec58008011c1a
203069406085200,0,17,117ec47fe8011c1a
203069406090800,0,17,117ec47ff8011c1a
203069406096300,0,17,117ec47ff8011c1a
203069406101700,0,17,117ec58008021c1a
203069406107300,0,17,117ec57ff8011c1a
203069406112700,0,17,117ec47fe8011c1a
203069406118200,0,17,117ec57fe8021c1a
203069406123600,0,17,117ec57ff8011d1a
203069406129100,0,17,117ec47ff8011c1a
203069406134400,0,17,117ec47ff8011c1a
203069406140000,0,17,117ec47ff8021c1a
203069406145900,0,17,117ec47ff8011c1a
203069406151500,0,17,117ec47ff8011c1a
203069406157200,0,17,117ec58008011c1a
203069406162800,0,17,117ec58008001c1a
203069406168100,0,17,117ec57ff8001c1a
203069406174000,0,17,117ec47ff8001c1a
203069406179800,0,17,117ec47fe8001c1a
203069406185000,0,17,117ec58008021c1a
203069406190400,0,17,117ec48008011c1a
203069406195800,0,17,117ec57ff8011d1a
203069406201300,0,17,117ec47ff8011c1a
203069406206800,0,17,117ec57fe8011c1a
203069406212200,0,17,117ec47ff8011c1a
203069406217600,0,17,117ec47ff8011c1a
203069406223000,0,17,117ec57ff8011c1a
203069406228800,0,17,117ec47fe8011c1a
203069518095700,0,17,117ec47ff8011c1a
203069518122300,0,17,117ec57ff8011c1a
203069518129900,0,17,117ec57ff8011c1a
203069518139600,0,17,117ec58008011c1a
203069518146600,0,17,117ec47ff8001c1a
203069518152300,0,17,117ec57ff8001c1a
203069518157900,0,17,117ec48007ff1c1a
203069518163300,0,17,117ec47fe7ff1c1a
203069518169200,0,17,117ec47fe8001c1a
203069518174600,0,17,117ec47ff8001c1a
203069518180200,0,17,117ec57ff8011c1a
203069518185900,0,17,117ec47ff8011c1a
203069518191500,0,17,117ec47fe8011c1a
203069518197100,0,17,117ec58018011c1a
203069518203200,0,17,117ec58008001c1a
203069518210700,0,17,117ec57ff7ff1c1a
203069518216100,0,17,117ec48008001c1a
203069518221600,0,17,117ec47fe8001c1a
203069518227400,0,17,117ec47ff8001c1a
203069518232900,0,17,117ec58008011c1a
203069518238500,0,17,117ec47fe8011d1a
203069518243800,0,17,117ec57ff8011c1a
203069518249200,0,17,117ec58008011c1a
203069518256600,0,17,117ec57ff8011c1a
203069518262000,0,17,117ec57ff8011c1a
203069518267500,0,17,117ec47ff8011c1a
203069518272700,0,17,117ec47fe8021c1a
203069518277900,0,17,117ec47ff8031c1a
203069518283500,0,17,117ec48008031c1a
203069518289100,0,17,117ec47ff8031c1a
203069518294600,0,17,117ec47fe8031c1a
203069518300000,0,17,117ec47ff8031c1a
203069518305600,0,17,117ec57ff8021c1a
203069518311000,0,17,117ec48008021c1a
203069518316300,0,17,117ec47ff8021c1a
203069518322200,0,17,117ec57ff8021c1a
203069518327700,0,17,117ec58008011c1a
203069518333100,0,17,117ec47ff8011c1a
203069518338500,0,17,117ec47fe8011c1a
203069518343900,0,17,117ec47ff8011c1a
203069518349200,0,17,117ec58008011c1a
203069518355100,0,17,117ec57fe8011c1a
203069518360500,0,17,117ec57ff8011c1a
203069518365800,0,17,117ec57ff8001c1a
203069518371100,0,17,117ec47fe8001c1a
203069518376400,0,17,117ec47ff8001c1a
203069518381800,0,17,117ec57ff8011c1a
203069518388600,0,17,117ec47ff8011c1a
203069518395200,0,17,117ec57ff8021c1a
203069518400900,0,17,117ec47ff8011c1a
203069518406100,0,17,117ec47ff8021c1a
203069518411600,0,17,117ec57fe8011c1a
203069518416900,0,17,117ec57ff8011d1a
203069518422100,0,17,117ec57ff8011c1a
203069518427300,0,17,117ec58008011c1a
203069518432600,0,17,117ec58008001c1a
203069518438200,0,17,117ec48008001c1a
203069518445000,0,17,117ec58007ff1c1a
203069518450400,0,17,117ec47ff8001c1a
203069518455800,0,17,117ec47fe7ff1c1a
203069518461200,0,17,117ec58008001c1a
203069518466600,0,17,117ec57ff8001c1a
203069518472300,0,17,117ec47fe8001c1a
203069518479100,0,17,117ec47fe8011c1a
203069518484500,0,17,117ec47ff8011c1a
203069518490500,0,17,117ec48008011c1a
203069518495800,0,17,117ec58008021c1a
203069628590600,0,17,117ec58008011d1a
203069628775300,0,17,117ec57fe8001c1a
203069628786400,0,17,117ec57fe8001c1a
203069628792900,0,17,117ec57ff8001c1a
203069628798700,0,17,117ec47ff8011c1a
203069628804000,0,17,117ec58008011c1a
203069628809500,0,17,117ec57ff8001c1a
203069628815400,0,17,117ec47ff8001c1a
203069628821100,0,17,117ec57ff8001c1a
203069628826500,0,17,117ec47ff8011c1a
203069628832100,0,17,117ec57ff8011c1a
203069628837800,0,17,117ec47ff8011c1a
203069628843700,0,17,117ec57ff8011c1a
203069628849500,0,17,117ec57ff8011c1a
203069628880000,0,17,117ec57ff8001c1a
203069628888100,0,17,117ec47ff8011c1a
203069628895000,0,17,117ec58008001c1a
203069628910500,0,17,117ec57ff8001c1a
203069628917200,0,17,117ec57fe7ff1c1a
203069628922700,0,17,117ec47ff7ff1c1a
203069628928200,0,17,117ec47fe7ff1c1a
203069628933800,0,17,117ec47ff8001c1a
203069628939500,0,17,117ec58008021c1a
203069628945000,0,17,117ec47ff8021c1a
203069628950700,0,17,117ec58008011c1a
203069628956100,0,17,117ec47ff8001c1a
203069628961800,0,17,117ec47ff8001c1a
203069628967700,0,17,117ec47ff8001c1a
203069628977300,0,17,117ec57ff8001c1a
203069628986300,0,17,117ec47ff8001c1a
203069629006100,0,17,117ec47ff7ff1c1a
203069629013000,0,17,117ec47fe8001c1a
203069629018600,0,17,117ec57ff8001c1a
203069629024100,0,17,117ec47ff8011c1a
203069629029600,0,17,117ec58008011c1a
203069629035400,0,17,117ec58008001c1a
203069629040800,0,17,117ec47ff8001c1a
203069629046200,0,17,117ec57ff8001c1a
203069629051800,0,17,117ec57ff8001c1a
203069629057400,0,17,117ec47ff7ff1c1a
203069629065200,0,17,117ec57ff8001c1a
203069629076200,0,17,117ec57ff8001c1a
203069629081500,0,17,117ec57ff8001c1a
203069629087000,0,17,117ec57ff8001c1a
203069629094700,0,17,117ec47ff8001c1a
203069629100200,0,17,117ec57ff8001c1a
203069629105500,0,17,117ec47ff8021c1a
203069629111100,0,17,117ec57ff8051c1a
203069629116400,0,17,117ec58008071c1a
203069629121700,0,17,117ec57ff8081c1a
203069629127200,0,17,117ec580080a1c1a
203069629132600,0,17,117ec580080a1c1a
203069629137900,0,17,117ec57ff80d1c1a
203069629143300,0,17,117ec57ff80e1c1a
203069629148900,0,17,117ec580080f1c1a
203069629154200,0,17,117ec58008101c1a
203069629161300,0,17,117ec58008101c1a
203069629166500,0,17,117ec680180f1c1a
203069629171900,0,17,117ec680080f1c1a
203069629178800,0,17,117ec680080f1c1a
203069629184400,0,17,117ec680080f1c1a
203069629189900,0,17,117ec680080e1c1a
203069629195300,0,17,117ec680080d1c1a
203069629200700,0,17,117ec780280d1c1a
203069629208000,0,17,117ec780180d1c1a
203069629213800,0,17,117ec780180c1c1a
203069629220100,0,17,117ec780180b1c1a
203069629225500,0,17,117ec780080b1c1a
203069629231000,0,17,117ec780180a1c1a
203069629236300,0,17,117ec88018091c1a
203069741126300,0,17,117ec88028091c1a
203069741152000,0,17,117ec98038091c1a
203069741159600,0,17,117ec98048071d1a
203069741165400,0,17,117eca8038041c1a
203069741182700,0,17,117ec98028041c1a
203069741188600,0,17,117eca8028021c1a
203069741194100,0,17,117ecb8048011c1a
203069741199600,0,17,117ecb8037ff1c1a
203069741204900,0,17,117ecc8047fd1c1a
203069741210400,0,17,117ecc8057fb1c1a
203069741240600,0,17,117ecd8057fa1c1a
203069741253500,0,17,117ece8057f91c1a
203069741260200,0,17,117ece8057f81c1a
203069741266100,0,17,117ecf8057f71c1a
203069741271900,0,17,117ecf8037f81c1a
203069741277400,0,17,117ece8017f81c1a
203069741283200,0,17,117ece8007f81c1a
203069741288700,0,17,117ece7ff7f91c1a
203069741294100,0,17,117ece8007fb1c1a
203069741299400,0,17,117ecf8017fc1c1a
203069741305000,0,17,117ecf8027fc1c1a
203069741310300,0,17,117ed08017fc1c1a
203069741315800,0,17,117ed08037fd1c1a
203069741321000,0,17,117ed08037fd1c1a
203069741326400,0,17,117ed18037fd1c1a
203069741332000,0,17,117ed18027fb1d1a
203069741337600,0,17,117ed18027fb1c1a
203069741343000,0,17,117ed28037fa1c1a
203069741348700,0,17,117ed28017fa1c1a
203069741354000,0,17,117ed28037f91c1a
203069741360600,0,17,117ed28027f91c1a
203069741370200,0,17,117ed38027f81c1a
203069741379000,0,17,117ed38037f91c1a
203069741411400,0,17,117ed38027f81c1a
203069741417900,0,17,117ed38027f81c1a
203069741423500,0,17,117ed48017f81c1a
203069741429200,0,17,117ed48027f81c1a
203069741435100,0,17,117ed48007f81c1a
203069741440600,0,17,117ed48017f81c1a
203069741446300,0,17,117ed48017f81c1a
203069741451800,0,17,117ed48017f81c1a
203069741457200,0,17,117ed58017f91c1a
203069741462800,0,17,117ed58007f91c1a
203069741468500,0,17,117ed58017fa1c1a
203069741474200,0,17,117ed58007fb1c1a
203069741480100,0,17,117ed58007fb1c1a
203069741485500,0,17,117ed57ff7fb1c1a
203069741493700,0,17,117ed68017fb1c1a
203069741499100,0,17,117ed68017fb1c1a
203069741504600,0,17,117ed68007fb1c1a
203069741510200,0,17,117ed68007fb1c1a
203069741515500,0,17,117ed68007fb1c1a
203069741521200,0,17,117ed67ff7fb1c1a
203069741526700,0,17,117ed68017fc1c1a
203069741531900,0,17,117ed68007fb1c1a
203069741537300,0,17,117ed78007fb1c1a
203069741542700,0,17,117ed78017fb1c1a
203069741548000,0,17,117ed77ff7fb1c1a
203069741553700,0,17,117ed78017fb1c1a
203069741560500,0,17,117ed78007fb1c1a
203069741566000,0,17,117ed78007fb1c1a
203069741571500,0,17,117ed78007fb1c1a
203069741576800,0,17,117ed78017fb1c1a
203069741582000,0,17,117ed78007fb1c1a
203069741589000,0,17,117ed77ff7fb1c1a
203069741594300,0,17,117ed88007fc1c1a
203069741599900,0,17,117ed88007fb1c1a
203069741606000,0,17,117ed88007fb1c1a
203069741611300,0,17,117ed88007fb1c1a
203069852061000,0,17,117ed87ff7fc1c1a
203069852101300,0,17,117ed88007fb1c1a
203069852109700,0,17,117ed88007fb1c1a
203069852115800,0,17,117ed88017fb1c1a
203069852121800,0,17,117ed88007fb1c1a
203069852131200,0,17,117ed88007fb1c1a
203069852137800,0,17,117ed88007fb1c1a
203069852143800,0,17,117ed87ff7fc1c1a
203069852151700,0,17,117ed88007fc1c1a
203069852158200,0,17,117ed98007fc1c1a
203069852163700,0,17,117ed87ff7fc1c1a
203069852169700,0,17,117ed97fe7fc1c1a
203069852176900,0,17,117ed97ff7fd1c1a
203069852182400,0,17,117ed87ff7fd1c1a
203069852190400,0,17,117ed87ff7fe1c1a
203069852196000,0,17,117ed87ff7fe1c1a
203069852214500,0,17,117ed87ff7fe1c1a
203069852223900,0,17,117ed87ff7ff1c1a
203069852230300,0,17,117ed87ff7ff1c1a
203069852235800,0,17,117ed87ff7fe1c1a
203069852241400,0,17,117ed88007fe1c1a
203069852247500,0,17,117ed87ff7fe1c1a
203069852252900,0,17,117ed87fe7fe1c1a
203069852258200,0,17,117ed87ff7ff1c1a
203069852263900,0,17,117ed87fe7ff1c1a
203069852269300,0,17,117ed87ff7ff1c1a
203069852274800,0,17,117ed87fe7ff1c1a
203069852280200,0,17,117ed87ff7ff1c1a
203069852285700,0,17,117ed87ff8001c1a
203069852291300,0,17,117ed87ff8001c1a
203069852296700,0,17,117ed87ff8001c1a
203069852302100,0,17,117ed87fe8001c1a
203069852307700,0,17,117ed87ff8001c1a
203069852313200,0,17,117ed87fe7ff1c1a
203069852318800,0,17,117ed87ff7ff1c1a
203069852324400,0,17,117ed87ff7ff1c1a
203069852329800,0,17,117ed87ff7ff1c1a
203069852335900,0,17,117ed87ff7ff1c1a
203069852341400,0,17,117ed87ff7ff1c1a
203069852346800,0,17,117ed87fe7ff1c1a
203069852352300,0,17,117ed87fe7ff1c1a
203069852357800,0,17,117ed88007ff1c1a
203069852366200,0,17,117ed87ff7ff1c1a
203069852375200,0,17,117ed88007ff1c1a
203069852381700,0,17,117ed88007ff1c1a
203069852387300,0,17,117ed87ff7ff1c1a
203069852392900,0,17,117ed87ff7fe1c1a
203069852401200,0,17,117ed88007ff1c1a
203069852406900,0,17,117ed98007fe1c1a
203069852412600,0,17,117ed87ff7fe1c1a
203069852418100,0,17,117ed87ff7ff1c1a
203069852423500,0,17,117ed87ff7fe1c1a
203069852429500,0,17,117ed87ff7ff1c1a
203069852435400,0,17,117ed87ff7fe1c1a
203069852441600,0,17,117ed87ff7ff1c1a
203069852447300,0,17,117ed87ff7ff1c1a
203069852454200,0,17,117ed87ff7ff1c1a
203069852462800,0,17,117ed87fe7ff1c1a
203069852479100,0,17,117ed97ff7ff1c1a
203069852485300,0,17,117ed87fd7fe1c1a
203069852490800,0,17,117ed87fe7ff1c1a
203069852496200,0,17,117ed87ff7ff1c1a
203069852501800,0,17,117ed87ff8001c1a
203069852507300,0,17,117ed87ff8001c1a
203069852513000,0,17,117ed87fe8001c1a
203069852518600,0,17,117ed87ff8001c1a
203069852524200,0,17,117ed87ff8001c1a
203069852540000,0,17,117ed87fe8001c1a
203069967125000,0,17,117ed87ff8001c1a
203069967151600,0,17,117ed87ff7ff1c1a
203069967159400,0,17,117ed97ff7ff1c1a
203069967165500,0,17,117ed87ff7ff1c1a
203069967171500,0,17,117ed87ff7ff1c1a
203069967177200,0,17,117ed87ff7ff1c1a
203069967182900,0,17,117ed87ff7ff1c1a
203069967188300,0,17,117ed87ff7ff1c1a
203069967194000,0,17,117ed87ff7ff1c1a
203069967199600,0,17,117ed87ff7ff1c1a
203069967205100,0,17,117ed88007ff1c1a
203069967210900,0,17,117ed87ff7ff1c1a
203069967216600,0,17,117ed87ff7ff1c1a
203069967222300,0,17,117ed87ff7ff1c1a
203069967227500,0,17,117ed88007ff1c1a
203069967233000,0,17,117ed87ff7ff1c1a
203069967238700,0,17,117ed88007fe1c1a
203069967245200,0,17,117ed87fe7fe1c1a
203069967250700,0,17,117ed87ff7fe1c1a
203069967256400,0,17,117ed88007fe1c1a
203069967264500,0,17,117ed87ff7fe1c1a
203069967270000,0,17,117ed87fe7fe1c1a
203069967275600,0,17,117ed87fe7ff1c1a
203069967281000,0,17,117ed87ff7ff1d1a
203069967288300,0,17,117ed88008001c1a
203069967294100,0,17,117ed87fe7ff1c1a
203069967299800,0,17,117ed88007ff1c1a
203069967305100,0,17,117ed87ff7ff1c1a
203069967310700,0,17,117ed87ff8001c1a
203069967316500,0,17,117ed87fe7ff1c1a
203069967321900,0,17,117ed87fe8001c1a
203069967327500,0,17,117ed87ff8001c1a
203069967333100,0,17,117ed98008001c1a
203069967339100,0,17,117ed88007ff1c1a
203069967344400,0,17,117ed87fe7ff1c1a
203069967349700,0,17,117ed87ff7ff1c1a
203069967354900,0,17,117ed87ff7ff1c1a
203069967363100,0,17,117ed87ff7ff1c1a
203069967368800,0,17,117ed87fe7ff1c1a
203069967374100,0,17,117ed88007ff1c1a
203069967379500,0,17,117ed87ff7ff1c1a
203069967384900,0,17,117ed88007ff1d1a
203069967390300,0,17,117ed87fe7fe1c1a
203069967395600,0,17,117ed87fe7fe1c1a
203069967401300,0,17,117ed87ff7fe1c1a
203069967407000,0,17,117ed87ff7fe1c1a
203069967412300,0,17,117ed87ff7ff1c1a
203069967418600,0,17,117ed87ff7ff1c1a
203069967424100,0,17,117ed87ff7ff1c1a
203069967430500,0,17,117ed87ff7ff1c1a
203069967435900,0,17,117ed87ff7ff1c1a
203069967441300,0,17,117ed87ff7ff1c1a
203069967446700,0,17,117ed87ff7ff1c1a
203069967456600,0,17,117ed87ff7ff1c1a
203069967462500,0,17,117ed88007ff1c1a
203069967468200,0,17,117ed87ff7fe1c1a
203069967473800,0,17,117ed88007fe1c1a
203069967479300,0,17,117ed87fe7fe1c1a
203069967484500,0,17,117ed87fe7ff1c1a
203069967490000,0,17,117ed88007ff1c1a
203069967495300,0,17,117ed87ff7ff1c1a
203069967531000,0,17,117ed87ff7ff1c1a
203069967548600,0,17,117ed87ff7ff1c1a
203069967555700,0,17,117ed87ff7ff1c1a
203069967561600,0,17,117ed88017ff1c1a
203069967567500,0,17,117ed87ff7fe1c1a
203069967573200,0,17,117ed87fe7fe1c1a
203069967578700,0,17,117ed87ff7ff1c1a
203069967586900,0,17,117ed87ff7fe1c1a
203070079714500,0,17,117ed87ff7ff1c1a
203070079750200,0,17,117ed87ff7ff1c1a
203070079790000,0,17,117ed87ff7ff1c1a
203070079800500,0,17,117ed87ff7ff1c1a
203070079807100,0,17,117ed87ff7ff1c1a
203070079813100,0,17,117ed88008001c1a
203070079818800,0,17,117ed87ff7ff1c1a
203070079824400,0,17,117ed88007ff1c1a
203070079829900,0,17,117ed87ff7ff1c1a
203070079835700,0,17,117ed87ff7ff1c1a
203070079841000,0,17,117ed87ff7ff1c1a
203070079849900,0,17,117ed87fe7ff1c1a
203070079856000,0,17,117ed87ff7ff1c1a
203070079863600,0,17,117ed87ff7ff1c1a
203070079868900,0,17,117ed87fe7ff1c1a
203070079874400,0,17,117ed87fe7ff1c1a
203070079880000,0,17,117ed87ff8001c1a
203070079887100,0,17,117ed88008001c1a
203070079892900,0,17,117ed87ff8001c1a
203070079898400,0,17,117ed87ff8001c1a
203070079903800,0,17,117ed98008001c1a
203070079909500,0,17,117ed87fe7ff1c1a
203070079914900,0,17,117ed87fe7ff1c1a
203070079921800,0,17,117ed87ff7ff1c1a
203070079927300,0,17,117ed87ff7ff1c1a
203070079932600,0,17,117ed87ff7ff1c1a
203070079938100,0,17,117ed88007ff1c1a
203070079943600,0,17,117ed87fe7fe1c1a
203070079949100,0,17,117ed87ff7fe1c1a
203070079954500,0,17,117ed87ff7ff1c1a
203070079959900,0,17,117ed87ff7ff1c1a
203070079966800,0,17,117ed87ff8001c1a
203070079972100,0,17,117ed87ff7ff1c1a
203070079977500,0,17,117ed87fe8001c1a
203070079982800,0,17,117ed87ff8001c1a
203070079988000,0,17,117ed87ff8001c1a
203070079993600,0,17,117ed87ff8001c1a
203070080002000,0,17,117ed87ff7ff1c1a
203070080007500,0,17,117ed88008001c1a
203070080012800,0,17,117ed87ff7ff1c1a
203070080018600,0,17,117ed88007ff1c1a
203070080023900,0,17,117ed87fe7ff1c1a
203070080029200,0,17,117ed87ff7ff1c1a
203070080034800,0,17,117ed87fe7ff1c1a
203070080040900,0,17,117ed98007ff1c1a
203070080047400,0,17,117ed87ff7ff1c1a
203070080056600,0,17,117ed87ff7ff1c1a
203070080065600,0,17,117ed87ff7fe1c1a
203070080074200,0,17,117ed87ff7fe1c1a
203070080080800,0,17,117ed87ff7fe1c1a
203070080086400,0,17,117ed87fe7fe1c1a
203070080092000,0,17,117ed87ff7ff1c1a
203070080097700,0,17,117ed87ff8001c1a
203070080103500,0,17,117ed87ff7ff1c1a
203070080108900,0,17,117ed88007ff1c1a
203070080114400,0,17,117ed88007ff1c1a
203070080120000,0,17,117ed87fe7fe1c1a
203070080125800,0,17,117ed87ff7ff1c1a
203070080131200,0,17,117ed87ff7ff1c1a
203070080136600,0,17,117ed87ff7ff1c1a
203070080142100,0,17,117ed87ff7ff1c1a
203070080147600,0,17,117ed87ff7ff1c1a
203070080153100,0,17,117ed87ff8001c1a
203070080160200,0,17,117ed87fe8001c1a
203070080166000,0,17,117ed87ff8001c1a
203070080171400,0,17,117ed87ff8001c1a
203070080177000,0,17,117ed88008001c1a
203070080182900,0,17,117ed87fe7fe1c1a
203070080188200,0,17,117ed88007fe1c1a
203070193086700,0,17,117ed87ff7ff1c1a
203070193110800,0,17,117ed88007ff1c1a
203070193118200,0,17,117ed87fe7ff1c1a
203070193124000,0,17,117ed88007ff1c1a
203070193132300,0,17,117ed87ff7fe1c1a
203070193138000,0,17,117ed87fe7fe1c1a
203070193143700,0,17,117ed87ff7ff1c1a
203070193149600,0,17,117ed88007ff1c1a
203070193155300,0,17,117ed87ff7ff1c1a
203070193162600,0,17,117ed87ff7ff1c1a
203070193178600,0,17,117ed87ff7ff1c1a
203070193184500,0,17,117ed87fe7fe1c1a
203070193190200,0,17,117ed87ff7fe1c1a
203070193195900,0,17,117ed88007ff1c1a
203070193201300,0,17,117ed87ff7fe1c1a
203070193207100,0,17,117ed87fe7fe1c1a
203070193212600,0,17,117ed87ff7ff1c1a
203070193219700,0,17,117ed87ff7ff1c1a
203070193225400,0,17,117ed87ff8001c1a
203070193230900,0,17,117ed88008001c1a
203070193236300,0,17,117ed88007ff1c1a
203070193241800,0,17,117ed87fe7fe1c1a
203070193247400,0,17,117ed87ff7ff1c1a
203070193253000,0,17,117ed87fe7ff1c1a
203070193258400,0,17,117ed88008001c1a
203070193263800,0,17,117ed87ff8001c1a
203070193269200,0,17,117ed87fe8001c1a
203070193274700,0,17,117ed87ff8001c1a
203070193280100,0,17,117ed87ff7ff1c1a
203070193285600,0,17,117ed88008001c1a
203070193291000,0,17,117ed87ff8001c1a
203070193296600,0,17,117ed88007ff1c1a
203070193302000,0,17,117ed87ff7ff1c1a
203070193307500,0,17,117ed87fe7ff1c1a
203070193312800,0,17,117ed87ff7ff1c1a
203070193318200,0,17,117ed87ff7ff1c1a
203070193323800,0,17,117ed98007ff1c1a
203070193329200,0,17,117ed87fe7ff1c1a
203070193335800,0,17,117ed87fe7ff1c1a
203070193341300,0,17,117ed87ff7ff1c1a
203070193346600,0,17,117ed87ff7ff1c1a
203070193352300,0,17,117ed88008001c1a
203070193357700,0,17,117ed87ff8001c1a
203070193363000,0,17,117ed87ff7ff1c1a
203070193370000,0,17,117ed87ff7fe1c1a
203070193375500,0,17,117ed87fe7fe1c1a
203070193384500,0,17,117ed87ff7fe1c1a
203070193586700,0,17,117ed87fe7fe1c1a
203070193594500,0,17,117ed87ff7ff1c1a
203070193600000,0,17,117ed87ff7ff1c1a
203070193606700,0,17,117ed87ff7ff1c1a
203070193612000,0,17,117ed87ff7ff1c1a
203070193617700,0,17,117ed87ff7ff1c1a
203070193623100,0,17,117ed87ff7ff1c1a
203070193628500,0,17,117ed87ff7ff1c1a
203070193633900,0,17,117ed88007fe1c1a
203070193639300,0,17,117ed87fe7fe1c1a
203070193644600,0,17,117ed87fe7fe1c1a
203070193654400,0,17,117ed87ff7fe1c1a
203070193659800,0,17,117ed87ff7ff1c1a
203070193665400,0,17,117ed88007ff1c1a
203070193670700,0,17,117ed88007ff1c1a
203070193676000,0,17,117ed88007ff1c1a
203070193681300,0,17,117ed87ff7ff1c1a
203070193686900,0,17,117ed87fe7fe1c1a
203070193692300,0,17,117ed87fe7fe1c1a
203070193698200,0,17,117ed87ff7ff1c1a
203070193703700,0,17,117ed87ff7ff1c1a
203070193709000,0,17,117ed87fe7ff1c1a
203070193714400,0,17,117ed87fe7ff1c1a
203070306596100,0,17,117ed87fe7ff1c1a
203070306625000,0,17,117ed87ff7ff1c1a
203070306632800,0,17,117ed87ff7ff1c1a
203070306639000,0,17,117ed87ff8001c1a
203070306645600,0,17,117ed87ff7ff1c1a
203070306651400,0,17,117ed87ff7ff1c1a
203070306656900,0,17,117ed87ff7ff1c1a
203070306662300,0,17,117ed87ff7ff1c1a
203070306667700,0,17,117ed88007ff1c1a
203070306673300,0,17,117ed87ff7ff1c1a
203070306679200,0,17,117ed87ff7ff1c1a
203070306684800,0,17,117ed88007ff1c1a
203070306690500,0,17,117ed87ff7fe1c1a
203070306696100,0,17,117ed87ff7fe1c1a
203070306701900,0,17,117ed87ff7fe1c1a
203070306707600,0,17,117ed87fe7fe1c1a
203070306713100,0,17,117ed87ff7ff1c1a
203070306718900,0,17,117ed87ff7ff1c1a
203070306724500,0,17,117ed88008001c1a
203070306730100,0,17,117ed87ff8001c1a
203070306735400,0,17,117ed87ff8001c1a
203070306741100,0,17,117ed87ff7ff1c1a
203070306746600,0,17,117ed87ff7ff1c1a
203070306752300,0,17,117ed88007ff1c1a
203070306757600,0,17,117ed88007ff1c1a
203070306763300,0,17,117ed87ff7ff1c1a
203070306768500,0,17,117ed87ff7ff1c1a
203070306774300,0,17,117ed87ff7ff1c1a
203070306780000,0,17,117ed87fe7ff1c1a
203070306785700,0,17,117ed87ff7ff1c1a
203070306791200,0,17,117ed87ff7ff1c1a
203070306796800,0,17,117ed87ff7ff1c1a
203070306804000,0,17,117ed87ff7ff1c1a
203070306809600,0,17,117ed87ff7ff1c1a
203070306815100,0,17,117ed87fe7ff1c1a
203070306820600,0,17,117ed87ff7ff1c1a
203070306858600,0,17,117ed87ff7fe1c1a
203070306882500,0,17,117ed87ff7ff1c1a
203070306891000,0,17,117ed87ff7ff1c1a
203070306898300,0,17,117ed87ff7ff1c1a
203070306908900,0,17,117ed87ff7ff1c1a
203070306915900,0,17,117ed87ff7ff1c1a
203070306921900,0,17,117ed87fe7ff1c1a
203070306929400,0,17,117ed87ff7ff1c1a
203070306935300,0,17,117ed87fe7ff1c1a
203070307037400,0,17,117ed87ff8001c1a
203070307053300,0,17,117ed87ff8001c1a
203070307061100,0,17,117ed87ff7ff1c1a
203070307073000,0,17,117ed88007ff1c1a
203070307080300,0,17,117ed87fe7ff1c1a
203070307085800,0,17,117ed87ff7fe1c1a
203070307091500,0,17,117ed87fe7ff1c1a
203070307097000,0,17,117ed88007ff1c1a
203070307102400,0,17,117ed88007ff1c1a
203070307108200,0,17,117ed87ff7ff1c1a
203070307113500,0,17,117ed87ff7ff1c1a
203070307118900,0,17,117ed87ff7ff1c1a
203070307152600,0,17,117ed87ff7ff1c1a
203070307162000,0,17,117ed88007ff1c1a
203070307167800,0,17,117ed87ff7ff1d1a
203070307173300,0,17,117ed87ff7ff1d1a
203070307179300,0,17,117ed87fe8001c1a
203070307185000,0,17,117ed87fe8001c1a
203070307190300,0,17,117ed87ff8001c1a
203070307195800,0,17,117ed87fe8001c1a
203070307204800,0,17,117ed87ff8011c1a
203070420182600,0,17,117ed87ff8001c1a
203070420210200,0,17,117ed87fe7ff1d1a
203070420217500,0,17,117ed87ff7fe1c1a
203070420223500,0,17,117ed88007ff1c1a
203070420241900,0,17,117ed87fe7fe1c1a
203070420248300,0,17,117ed87ff7fe1d1a
203070420254100,0,17,117ed87ff7ff1c1a
203070420260000,0,17,117ed87fe7ff1c1a
203070420265900,0,17,117ed87ff8001c1a
203070420271600,0,17,117ed88008001c1a
203070420277400,0,17,117ed98007ff1c1a
203070420291300,0,17,117ed87fe7ff1c1a
203070420297700,0,17,117ed87fe7ff1c1a
203070420303600,0,17,117ed87fe7ff1c1a
203070420309400,0,17,117ed88007ff1c1a
203070420315500,0,17,117ed87fe7ff1d1a
203070420321200,0,17,117ed87fe7ff1c1a
203070420327200,0,17,117ed88007ff1c1a
203070420332900,0,17,117ed87ff7ff1c1a
203070420338900,0,17,117ed88007fe1c1a
203070420344400,0,17,117ed87ff7fe1c1a
203070420366900,0,17,117ed88007fe1c1a
203070420374300,0,17,117ed87ff7fe1c1a
203070420384400,0,17,117ed88007fe1c1a
203070420392900,0,17,117ed87ff7fe1c1a
203070420399600,0,17,117ed87ff7fe1c1a
203070420405200,0,17,117ed87fe7ff1c1a
203070420414400,0,17,117ed88007fe1c1a
203070420422700,0,17,117ed87ff7ff1c1a
203070420431300,0,17,117ed87fe7ff1c1a
203070420440800,0,17,117ed87ff7ff1c1a
203070420446500,0,17,117ed87fe7ff1c1a
203070420461500,0,17,117ed87ff7ff1c1a
203070420469900,0,17,117ed87ff7ff1c1a
203070420697300,0,17,117ed87ff7ff1c1a
203070420707700,0,17,117ed87ff7ff1c1a
203070420714500,0,17,117ed87fe7ff1d1a
203070420723600,0,17,117ed88007ff1c1a
203070420729400,0,17,117ed87ff7ff1c1a
203070420736900,0,17,117ed88007ff1c1a
203070420742600,0,17,117ed87ff7ff1d1a
203070420748100,0,17,117ed87ff7ff1c1a
203070420755800,0,17,117ed87fe7ff1c1a
203070420761700,0,17,117ed87ff7ff1c1a
203070420767400,0,17,117ed87ff7ff1c1a
203070420773000,0,17,117ed87ff7ff1c1a
203070420778400,0,17,117ed88007ff1c1a
203070420784100,0,17,117ed87fe7ff1c1a
203070420791300,0,17,117ed87ff7ff1c1a
203070420796800,0,17,117ed88007fe1c1a
203070420802300,0,17,117ed87ff7fe1c1a
203070420809300,0,17,117ed87fe7fe1c1a
203070420815400,0,17,117ed87ff7fe1c1a
203070420821000,0,17,117ed87ff7ff1c1a
203070420826500,0,17,117ed87ff7ff1c1a
203070420832000,0,17,117ed87ff7ff1c1a
203070420837400,0,17,117ed87ff7ff1c1a
203070420842900,0,17,117ed87ff7ff1c1a
203070420848200,0,17,117ed87ff7ff1c1a
203070420853600,0,17,117ed87ff7ff1c1a
203070420859100,0,17,117ed87ff7ff1c1a
203070420864600,0,17,117ed88007ff1c1a
203070420877000,0,17,117ed87ff7ff1c1a
203070420883500,0,17,117ed87ff7ff1c1a
203070420888800,0,17,117ed87ff7ff1c1a
203070420895700,0,17,117ed87ff7ff1c1a
203070420901600,0,17,117ed87fe7ff1c1a
203070420907400,0,17,117ed88008001c1a
203070420913000,0,17,117ed88007ff1c1a
203070533919700,0,17,117ed88007ff1c1a
203070533957200,0,17,117ed87ff7ff1c1a
203070533965900,0,17,117ed87fe7ff1c1a
203070533972100,0,17,117ed87ff7ff1c1a
203070533978300,0,17,117ed87ff8001c1a
203070533984300,0,17,117ed87ff7ff1c1a
203070533990000,0,17,117ed88007ff1c1a
203070533995700,0,17,117ed87fe7ff1c1a
203070534001200,0,17,117ed87ff7ff1c1a
203070534019400,0,17,117ed87ff7ff1c1a
203070534025700,0,17,117ed87ff7ff1c1a
203070534031300,0,17,117ed88007ff1c1a
203070534037200,0,17,117ed87fe7fe1c1a
203070534043000,0,17,117ed87fe7ff1c1a
203070534048500,0,17,117ed87ff8001c1a
203070534054000,0,17,117ed87ff7ff1c1a
203070534060000,0,17,117ed88007ff1c1a
203070534066000,0,17,117ed87fe7ff1c1a
203070534071600,0,17,117ed87ff7fe1c1a
203070534077400,0,17,117ed87ff7ff1c1a
203070534083100,0,17,117ed87ff7ff1c1a
203070534088600,0,17,117ed87ff7ff1c1a
203070534094000,0,17,117ed88007fe1c1a
203070534102700,0,17,117ed87fe7fe1c1a
203070534108300,0,17,117ed87fe7ff1c1a
203070534123200,0,17,117ed87fe7fe1c1a
203070534130100,0,17,117ed87fe7ff1d1a
203070534136200,0,17,117ed88007ff1c1a
203070534141900,0,17,117ed87ff7ff1c1a
203070534147300,0,17,117ed87ff7ff1c1a
203070534152600,0,17,117ed87ff7ff1c1a
203070534158400,0,17,117ed87ff7fe1c1a
203070534166400,0,17,117ed87ff7fe1c1a
203070534171800,0,17,117ed87ff7fe1c1a
203070534177400,0,17,117ed87fe7ff1c1a
203070534182900,0,17,117ed88007ff1c1a
203070534190200,0,17,117ed87ff7ff1c1a
203070534195700,0,17,117ed88007ff1c1a
203070534201300,0,17,117ed87fe7fe1c1a
203070534206700,0,17,117ed87ff7fe1c1a
203070534212300,0,17,117ed87ff7ff1c1a
203070534217800,0,17,117ed87ff7ff1c1a
203070534223700,0,17,117ed87ff7ff1c1a
203070534229400,0,17,117ed87ff7ff1c1a
203070534235100,0,17,117ed87ff7ff1c1a
203070534240700,0,17,117ed88007ff1c1a
203070534246400,0,17,117ed87ff7ff1c1a
203070534268800,0,17,117ed87ff7fe1c1a
203070534295300,0,17,117ed87ff7fe1c1a
203070534305000,0,17,117ed87fe7ff1c1a
203070534311300,0,17,117ed87ff7ff1c1a
203070534316900,0,17,117ed87ff7ff1c1a
203070534322400,0,17,117ed87ff8001c1a
203070534328100,0,17,117ed87ff7ff1c1a
203070534333800,0,17,117ed87fe7ff1c1a
203070534341200,0,17,117ed87fe7ff1c1a
203070534346700,0,17,117ed87ff7ff1c1a
203070534352100,0,17,117ed87ff7ff1c1a
203070534358500,0,17,117ed87ff8001c1a
203070534364000,0,17,117ed88008001c1a
203070534370700,0,17,117ed87ff7ff1c1a
203070534376200,0,17,117ed87ff7ff1c1a
203070534381500,0,17,117ed88007fe1c1a
203070534386900,0,17,117ed87fe7fe1c1a
203070534392400,0,17,117ed87ff7fe1c1a
203070534397900,0,17,117ed87ff7fe1c1a
203070534403500,0,17,117ed87fe7fe1c1a
203070534408900,0,17,117ed87fe7fe1c1a
203070534414100,0,17,117ed87ff7ff1c1a
203070645748100,0,17,117ed87ff7ff1c1a
203070645774500,0,17,117ed87ff7ff1c1a
203070645781900,0,17,117ed88008001c1a
203070645801400,0,17,117ed88008001c1a
203070645809600,0,17,117ed87ff7ff1c1a
203070645872400,0,17,117ed87ff7ff1c1a
203070645879600,0,17,117ed87ff7ff1c1a
203070645886000,0,17,117ed87ff7ff1c1a
203070645891900,0,17,117ed87ff7ff1c1a
203070645898700,0,17,117ed87ff7ff1c1a
203070645905900,0,17,117ed88007ff1c1a
203070645912000,0,17,117ed87ff7ff1c1a
203070645917600,0,17,117ed87fe7fe1c1a
203070645923200,0,17,117ed87fe7fe1c1a
203070645930600,0,17,117ed87ff7fe1c1a
203070645936200,0,17,117ed87ff7fe1c1a
203070645942000,0,17,117ed88007ff1c1a
203070645981500,0,17,117ed87ff7ff1c1a
203070645989700,0,17,117ed87ff7fe1c1a
203070645996800,0,17,117ed87fe7fe1c1a
203070646002900,0,17,117ed87ff7fe1c1a
203070646008900,0,17,117ed88007fe1c1a
203070646014300,0,17,117ed87ff7ff1c1a
203070646019700,0,17,117ed87ff7ff1c1a
203070646025200,0,17,117ed87ff7ff1c1a
203070646030700,0,17,117ed87ff7ff1c1a
203070646041600,0,17,117ed87ff7ff1c1a
203070646047800,0,17,117ed88008001c1a
203070646054100,0,17,117ed87ff8001c1a
203070646105400,0,17,117ed87fe8001c1a
203070646110900,0,17,117ed87ff7ff1c1a
203070646118900,0,17,117ed87fe7ff1c1a
203070646124200,0,17,117ed88008001c1a
203070646130100,0,17,117ed88008001c1a
203070646135900,0,17,117ed87ff7ff1d1a
203070646141400,0,17,117ed87ff7ff1c1a
203070646147000,0,17,117ed87ff7ff1c1a
203070646155100,0,17,117ed87ff8001c1a
203070646160500,0,17,117ed87ff8031c1a
203070646166000,0,17,117ed88008061c1a
203070646171300,0,17,117ed87ff8081c1a
203070646176800,0,17,117ed980080a1c1a
203070646182400,0,17,117ed980080b1c1a
203070646189100,0,17,117ed980080c1d1a
203070646195000,0,17,117ed980180d1c1a
203070646200700,0,17,117ed97ff80e1c1a
203070646206100,0,17,117ed980080e1c1a
203070646211400,0,17,117ed97ff80f1c1a
203070646216800,0,17,117ed980080f1c1a
203070646224900,0,17,117ed980080f1c1a
203070646247100,0,17,117ed980080f1c1a
203070646282800,0,17,117ed98008101c1a
203070646290600,0,17,117ed98018101c1a
203070646297000,0,17,117ed98008101c1a
203070646302900,0,17,117eda8008101c1a
203070646309900,0,17,117eda80080f1c1a
203070646315500,0,17,117eda7ff80f1c1a
203070646321300,0,17,117eda80080f1c1a
203070646326800,0,17,117eda80080f1c1a
203070646332500,0,17,117eda80080f1c1a
203070646337800,0,17,117eda7ff80f1c1a
203070646343300,0,17,117eda7ff80f1c1a
203070646348800,0,17,117eda7ff80f1c1a
203070646354700,0,17,117eda80080f1c1a
203070646360600,0,17,117eda80080f1c1a
203070646366900,0,17,117eda80080f1c1a
203070646372500,0,17,117eda80080f1c1a
203070646378200,0,17,117edb7ff80f1c1a
203070646383600,0,17,117eda7ff80f1c1a
203070646389500,0,17,117edb7ff80f1c1a
203070761301900,0,17,117edb8008101c1a
203070761334700,0,17,117edb7ff80f1c1a
203070761342400,0,17,117edb7ff80f1c1a
203070761348700,0,17,117edb7ff80f1c1a
203070761354500,0,17,117eda7fe80f1c1a
203070761360200,0,17,117eda7fe80f1c1a
203070761368400,0,17,117edb7ff8111c1a
203070761374400,0,17,117edb7ff8101c1a
203070761380100,0,17,117eda7fe8101c1a
203070761385900,0,17,117eda7fe8101c1a
203070761391500,0,17,117edb8008111c1a
203070761397100,0,17,117eda7ff8111c1a
203070761402900,0,17,117eda7fe8111c1a
203070761410000,0,17,117eda7ff8121c1a
203070761415700,0,17,117eda7fe8121c1a
203070761422200,0,17,117eda7ff8121c1a
203070761428000,0,17,117eda7fd8121c1a
203070761435800,0,17,117eda7ff8131c1a
203070761441500,0,17,117eda8008121c1a
203070761447100,0,17,117eda7ff8121c1a
203070761452800,0,17,117eda7ff8121c1a
203070761458400,0,17,117eda7ff8111c1a
203070761464200,0,17,117eda7ff8121c1a
203070761472300,0,17,117eda7ff8121c1a
203070761478600,0,17,117edb7ff8121c1a
203070761484400,0,17,117eda7ff8121c1a
203070761490400,0,17,117edb8008121c1a
203070761496700,0,17,117eda7fe8121c1a
203070761502600,0,17,117eda7fe8121c1a
203070761508300,0,17,117edb8008121c1a
203070761514100,0,17,117eda7ff8131c1a
203070761520200,0,17,117eda7ff8121c1a
203070761526300,0,17,117eda7ff8121c1a
203070761532500,0,17,117eda8008121c1a
203070761538400,0,17,117eda7fe8111c1a
203070761544200,0,17,117eda7ff8111c1a
203070761550700,0,17,117edb7ff8111c1a
203070761556900,0,17,117edb7ff8121c1a
203070761562700,0,17,117edb8008111c1a
203070761568700,0,17,117eda7fe8111c1a
203070761574500,0,17,117eda7fe8111c1a
203070761580200,0,17,117eda7fe8111c1a
203070761586200,0,17,117edb8008121c1a
203070761592100,0,17,117edb7ff8111c1a
203070761600400,0,17,117eda7ff8101c1a
203070761606400,0,17,117eda7ff8111c1a
203070761612500,0,17,117eda8008111c1a
203070761618300,0,17,117eda7ff8111c1a
203070761624400,0,17,117eda7ff8111c1a
203070761630100,0,17,117eda7ff8111c1a
203070761635900,0,17,117eda7fe8111c1a
203070761641600,0,17,117edb7ff8111c1a
203070761648900,0,17,117edb7ff8121c1a
203070761654600,0,17,117eda7fe8121c1a
203070761660600,0,17,117eda7ff8121c1a
203070761666100,0,17,117eda7fe8121c1a
203070761671800,0,17,117edb7ff8131c1a
203070761677400,0,17,117eda7ff8121c1a
203070761683000,0,17,117eda7fe8121c1a
203070761688800,0,17,117eda7ff8121c1a
203070761694400,0,17,117eda8008121c1a
203070761700100,0,17,117eda7ff8121c1a
203070761705800,0,17,117eda7fd8111c1a
203070761711700,0,17,117eda7ff8121c1a
203070761717300,0,17,117edb8008121c1a
203070761723500,0,17,117eda8008111c1a
203070761729000,0,17,117eda8008111c1a
203070761808400,0,17,117eda7ff8101c1a
203070761836800,0,17,117eda7fe8111c1a
203070872613600,0,17,117eda7ff8121c1a
203070872641000,0,17,117eda8008121c1a
203070872648400,0,17,117eda7ff8121c1a
203070872665200,0,17,117eda7fe8121c1a
203070872671600,0,17,117eda7ff8121c1a
203070872678600,0,17,117eda8008111c1a
203070872684100,0,17,117eda8008111c1a
203070872689800,0,17,117eda7fe8111c1a
203070872696300,0,17,117eda7ff8121c1a
203070872702400,0,17,117eda7fe8121c1a
203070872709500,0,17,117eda7ff8121c1a
203070872723300,0,17,117eda7ff8121c1a
203070872729500,0,17,117eda8008121c1a
203070872735000,0,17,117eda7ff8121d1a
203070872741000,0,17,117edb7fe8121c1a
203070872751600,0,17,117eda7ff8121c1a
203070872762500,0,17,117eda7ff8121c1a
203070872787200,0,17,117eda7ff8121c1a
203070872823700,0,17,117eda7ff8121c1a
203070872833900,0,17,117eda7ff8121c1a
203070872840000,0,17,117eda7ff8121c1a
203070872848000,0,17,117eda7fe8121c1a
203070872853600,0,17,117eda7fe8121c1a
203070872859300,0,17,117eda8008121c1a
203070872864900,0,17,117eda7fe8111c1a
203070872870400,0,17,117edb7ff8121c1a
203070872876400,0,17,117eda7ff8121c1a
203070872882300,0,17,117eda7ff8121c1a
203070872887700,0,17,117edb7ff8121c1a
203070872893100,0,17,117eda7ff8111c1a
203070872898900,0,17,117eda7fe8111c1a
203070872904300,0,17,117eda8008111c1a
203070872909700,0,17,117edb8008111c1a
203070872915100,0,17,117eda7ff8111c1a
203070872920500,0,17,117eda7fe8111c1a
203070872925900,0,17,117eda7fe8121c1a
203070872931400,0,17,117edb8008121c1a
203070872937100,0,17,117eda8008121c1a
203070872942500,0,17,117edb7fe8111c1a
203070872947900,0,17,117eda7ff8121c1a
203070872953700,0,17,117edb7ff8121c1a
203070872959700,0,17,117edb7ff8121c1a
203070872965400,0,17,117eda8008111c1a
203070872970800,0,17,117eda7fe8111c1a
203070872976600,0,17,117edb7ff8111c1a
203070872982200,0,17,117eda7ff8111c1a
203070872988000,0,17,117eda7ff8111c1a
203070872995100,0,17,117edb7ff8111c1a
203070873000800,0,17,117eda7fe8111c1a
203070873006400,0,17,117eda7ff8111c1a
203070873011800,0,17,117eda7fe8121c1a
203070873017200,0,17,117eda7ff8121c1a
203070873022700,0,17,117eda7fe8121c1a
203070873028100,0,17,117eda8008121c1a
203070873033500,0,17,117edb7ff8121c1a
203070873039100,0,17,117eda7fe8121c1a
203070873045100,0,17,117eda7ff8121c1a
203070873050500,0,17,117eda7ff8121c1a
203070873056200,0,17,117edb7ff8121c1a
203070873061600,0,17,117eda8008121c1a
203070873067100,0,17,117eda7ff8121c1a
203070873072600,0,17,117eda7ff8121c1a
203070873078000,0,17,117eda7ff8121c1a
203070873083500,0,17,117edb7ff8121c1a
203070873088900,0,17,117eda7ff8121c1a
203070873097700,0,17,117eda7ff8111c1a
203070873103100,0,17,117eda7fe8111c1a
203070873108600,0,17,117eda7ff8111c1a
203070985426500,0,17,117eda7fd8121c1a
203070985452600,0,17,117eda7fe8121c1a
203070985460700,0,17,117edb8008121c1a
203070985466800,0,17,117edb8018111c1a
203070985474400,0,17,117eda7ff8121c1a
203070985490100,0,17,117edb7ff8111c1a
203070985497400,0,17,117eda7ff8111c1a
203070985503500,0,17,117edb7fe8111c1a
203070985509200,0,17,117eda7ff8111c1a
203070985514800,0,17,117eda7fe8111c1a
203070985520700,0,17,117eda7ff8111c1a
203070985526400,0,17,117eda7ff8121c1a
203070985532100,0,17,117eda7ff8121c1a
203070985537700,0,17,117eda7fe8121c1a
203070985543700,0,17,117eda7fe8121c1a
203070985549600,0,17,117edb7ff8131c1a
203070985555200,0,17,117eda7ff8121c1a
203070985567500,0,17,117eda7ff8121c1a
203070985578200,0,17,117eda7ff8121c1a
203070985602600,0,17,117eda7ff8111c1a
203070985641000,0,17,117edb7fe8111c1a
203070985649000,0,17,117eda7fd8111c1a
203070985655500,0,17,117eda7fe8121c1a
203070985661300,0,17,117eda8008121c1a
203070985667200,0,17,117eda7ff8121c1a
203070985672800,0,17,117edb7ff8121c1a
203070985678400,0,17,117eda7ff8121c1a
203070985684300,0,17,117eda7ff8121c1a
203070985690000,0,17,117eda7fe8121c1a
203070985698800,0,17,117edb7ff8121c1a
203070985704300,0,17,117eda7ff8111c1a
203070985710000,0,17,117eda7ff8121c1a
203070985715500,0,17,117eda7ff8121c1a
203070985721300,0,17,117edb8008111c1a
203070985727000,0,17,117eda7ff8111c1a
203070985732600,0,17,117edb7ff8111c1a
203070985738400,0,17,117eda7ff8111c1a
203070985744300,0,17,117eda7fe8111c1a
203070985749900,0,17,117eda8008111c1a
203070985755500,0,17,117edb8008111c1a
203070985761400,0,17,117eda7fe8111c1a
203070985766900,0,17,117eda7fe8111c1a
203070985772300,0,17,117edb8008111c1a
203070985778100,0,17,117eda7fe8111c1a
203070985783600,0,17,117eda8008121c1a
203070985789000,0,17,117eda7ff8121c1a
203070985794500,0,17,117eda7fe8121c1a
203070985800000,0,17,117eda8008121c1a
203070985805400,0,17,117eda7ff8111c1a
203070985820100,0,17,117eda7fe8111c1a
203070985826600,0,17,117eda7ff8121c1a
203070985832300,0,17,117eda7ff8121c1a
203070985838100,0,17,117eda7ff8131c1a
203070985843400,0,17,117eda7ff8121c1a
203070985849100,0,17,117edb8008131c1a
203070985854500,0,17,117eda7ff8121c1a
203070985860000,0,17,117eda7fe8121c1a
203070985865700,0,17,117edb7fe8121c1a
203070985875700,0,17,117edb7ff8121c1a
203070985883300,0,17,117eda8008121c1a
203070985889000,0,17,117eda7ff8111c1a
203070985894700,0,17,117eda7ff8111c1a
203070985900300,0,17,117eda8008111c1a
203070985905800,0,17,117eda7fe8121c1a
203070985911300,0,17,117eda7ff8121c1a
203070985916800,0,17,117eda7fe8121c1a
203070985922300,0,17,117eda7ff8121c1a
203070985928100,0,17,117eda7ff8121c1a
203071098272000,0,17,117eda7ff8121c1a
203071098337500,0,17,117edb8008121c1a
203071098347000,0,17,117eda7fe8121c1a
203071098353200,0,17,117eda7ff8121c1a
203071098359300,0,17,117edb7ff8121c1a
203071098367100,0,17,117eda7fe8121c1a
203071098416300,0,17,117eda7ff8121c1a
203071098426300,0,17,117eda7ff8121c1a
203071098432400,0,17,117edb7ff8121c1a
203071098438100,0,17,117eda7ff8121c1a
203071098444200,0,17,117eda7ff8121c1a
203071098466600,0,17,117eda7ff8121c1a
203071098476700,0,17,117edb7fe8121c1a
203071098482800,0,17,117eda7ff8121c1a
203071098488300,0,17,117eda8008131c1a
203071098494000,0,17,117eda7ff8121c1a
203071098499600,0,17,117eda7ff8121c1a
203071098505200,0,17,117eda7ff8121c1a
203071098511000,0,17,117eda7ff8121c1a
203071098516800,0,17,117eda7ff8121c1a
203071098522400,0,17,117eda7ff8121c1a
203071098527900,0,17,117eda7ff8121c1a
203071098533900,0,17,117eda7ff8111c1a
203071098539300,0,17,117eda7fe8111c1a
203071098544800,0,17,117eda7ff8121c1a
203071098550400,0,17,117eda7ff8121c1a
203071098556000,0,17,117edb7ff8121c1a
203071098562000,0,17,117eda7ff8121c1a
203071098567800,0,17,117eda7ff8121c1a
203071098573400,0,17,117eda7ff8121c1a
203071098579100,0,17,117eda7fe8121c1a
203071098585900,0,17,117eda7ff8121c1a
203071098591600,0,17,117eda7fe8121c1a
203071098597100,0,17,117edb8008121c1a
203071098602700,0,17,117eda7ff8121c1a
203071098608100,0,17,117eda7fe8121c1a
203071098613400,0,17,117eda8008121c1a
203071098618900,0,17,117eda7fe8121c1a
203071098627100,0,17,117eda7ff8121c1a
203071098632700,0,17,117eda7ff8121c1a
203071098638300,0,17,117edb8008121c1a
203071098643700,0,17,117eda7ff8121c1a
203071098649100,0,17,117edb8008121c1a
203071098654800,0,17,117eda7ff8121c1a
203071098660100,0,17,117eda7fe8121c1a
203071098665600,0,17,117eda7ff8121c1a
203071098671300,0,17,117edb7ff8111c1a
203071098676700,0,17,117eda7ff8111c1a
203071098682100,0,17,117eda7ff8111c1a
203071098687400,0,17,117eda8008111c1a
203071098693600,0,17,117eda7ff8101c1a
203071098700100,0,17,117eda8008111c1a
203071098706000,0,17,117edb8008111c1a
203071098711900,0,17,117eda7fe8111c1a
203071098717400,0,17,117eda7ff8121c1a
203071098723000,0,17,117eda7ff8121c1a
203071098728600,0,17,117eda8008121c1a
203071098734100,0,17,117eda7fe8121c1a
203071098739600,0,17,117eda8018121c1a
203071098745400,0,17,117eda7ff8111c1a
203071098751000,0,17,117eda7ff8111c1a
203071098756600,0,17,117eda8008111c1a
203071098762000,0,17,117edb7fe8111c1a
203071098767400,0,17,117eda7fe8111c1a
203071098773700,0,17,117eda8008111c1a
203071098779200,0,17,117eda7ff8111c1a
203071098784800,0,17,117eda7ff8111c1a
203071098790500,0,17,117eda7fe8111c1a
203071098801600,0,17,117eda8008111c1a
203071210035000,0,17,117edb7ff8111c1a
203071210065200,0,17,117eda7ff8111c1a
203071210073300,0,17,117eda7fd8111c1a
203071210088500,0,17,117edb7fe8121c1a
203071210097200,0,17,117eda8008111c1a
203071210103000,0,17,117eda7ff8111c1a
203071210108800,0,17,117eda7ff8111c1a
203071210114700,0,17,117edb7ff8111c1a
203071210155800,0,17,117eda7fe8121c1a
203071210162200,0,17,117eda7ff8121c1a
203071210168100,0,17,117edb7ff8121c1a
203071210197000,0,17,117eda7ff8121c1a
203071210205400,0,17,117eda7ff8121c1a
203071210221900,0,17,117eda7ff8131c1a
203071210229200,0,17,117eda7ff8131c1a
203071210247500,0,17,117edb7ff8121c1a
203071210255000,0,17,117eda7ff8121c1a
203071210260500,0,17,117eda7fe8111c1a
203071210266200,0,17,117eda7ff8121c1a
203071210272000,0,17,117eda7ff8121c1a
203071210277700,0,17,117eda7ff8121c1a
203071210283300,0,17,117eda7ff8121c1a
203071210288700,0,17,117eda7ff8121c1a
203071210295400,0,17,117edb8008121c1a
203071210301000,0,17,117eda7ff8121c1a
203071210306700,0,17,117eda8008121c1a
203071210312200,0,17,117eda7fe8111c1a
203071210317600,0,17,117eda8008111c1a
203071210323200,0,17,117eda7ff8111c1a
203071210331900,0,17,117edb8008121c1a
203071210337500,0,17,117edb7ff8121c1a
203071210342900,0,17,117eda7fe8121c1a
203071210349900,0,17,117eda7ff8121c1a
203071210355400,0,17,117edb8008121c1a
203071210360800,0,17,117eda8008121c1a
203071210366500,0,17,117eda7fe8121c1a
203071210376100,0,17,117eda7fe8121c1a
203071210384500,0,17,117eda7fe8131c1a
203071210393200,0,17,117eda7ff8121c1a
203071210401900,0,17,117edb8008121c1a
203071210410400,0,17,117eda7ff8121c1a
203071210426800,0,17,117edb7ff8121c1a
203071210433800,0,17,117eda7fe8121c1a
203071210439400,0,17,117eda7ff8111c1a
203071210446200,0,17,117eda7ff8121c1a
203071210451800,0,17,117eda7ff8111c1a
203071210457100,0,17,117edb8008111c1a
203071210462600,0,17,117eda7fe8111c1a
203071210468000,0,17,117eda7ff8111c1a
203071210473500,0,17,117eda7ff8111c1a
203071210480700,0,17,117eda7ff8111c1a
203071210486100,0,17,117eda7ff8111c1a
203071210491500,0,17,117eda7ff8111c1a
203071210497000,0,17,117eda8008111c1a
203071210502400,0,17,117eda7ff8111c1a
203071210508000,0,17,117eda7fe8111c1a
203071210513300,0,17,117eda8008121c1a
203071210518800,0,17,117eda7ff8121c1a
203071210524500,0,17,117edb8008111c1a
203071210530700,0,17,117eda7ff8111c1a
203071210536100,0,17,117eda7fe8111c1a
203071210541700,0,17,117eda7fe8111c1a
203071210547200,0,17,117eda7ff8111c1a
203071210552500,0,17,117eda7ff8111c1a
203071210558900,0,17,117eda7ff8121c1a
203071210564300,0,17,117eda7ff8121c1a
203071210569600,0,17,117eda7ff8121c1a
203071210575000,0,17,117eda7ff8121c1a
203071210580300,0,17,117eda7ff8121c1a
203071321267400,0,17,117eda7ff8121c1a
203071321298400,0,17,117eda7fe8121c1a
203071321306000,0,17,117edb7ff8121c1a
203071321312500,0,17,117eda7ff8121c1a
203071321318400,0,17,117eda7ff8121d1a
203071321324300,0,17,117eda7ff8111c1a
203071321330100,0,17,117eda8008121c1a
203071321336300,0,17,117edb7ff8111c1a
203071321342900,0,17,117eda7ff8111c1a
203071321351100,0,17,117eda7ff8111c1a
203071321357500,0,17,117edb8008121c1a
203071321364300,0,17,117eda7ff8111c1a
203071321370900,0,17,117eda7ff8121c1a
203071321376700,0,17,117eda7ff8121c1a
203071321382700,0,17,117eda8008121c1a
203071321388700,0,17,117eda7ff8111c1a
203071321394300,0,17,117eda7ff8121c1a
203071321403100,0,17,117eda7ff8121c1a
203071321408800,0,17,117eda7fe8121c1a
203071321414600,0,17,117eda7ff8121c1a
203071321420300,0,17,117edb7ff8121c1a
203071321425900,0,17,117eda8008121c1a
203071321431800,0,17,117eda7fe8111c1a
203071321437600,0,17,117eda7ff8121c1a
203071321443500,0,17,117eda7ff8111c1a
203071321449300,0,17,117eda7ff8111c1a
203071321455000,0,17,117eda7fe8121c1a
203071321460500,0,17,117eda8008121c1a
203071321466000,0,17,117eda7ff8121c1a
203071321471700,0,17,117eda7ff8121c1a
203071321477600,0,17,117eda7fe8121c1a
203071321484600,0,17,117eda7ff8121c1a
203071321490300,0,17,117eda8008121c1a
203071321495900,0,17,117eda7ff8121c1a
203071321501200,0,17,117eda7ff8111c1a
203071321506900,0,17,117edb7ff8111c1a
203071321512400,0,17,117eda7ff8111c1a
203071321517900,0,17,117edb8008111c1a
203071321526500,0,17,117eda7fe8111c1a
203071321532100,0,17,117eda7ff8111c1a
203071321538000,0,17,117eda7fe8111c1a
203071321543700,0,17,117eda7ff8121c1a
203071321549100,0,17,117edb8008121c1a
203071321554800,0,17,117eda7fe8111c1a
203071321560400,0,17,117eda7fe8121c1a
203071321566100,0,17,117edb7ff8121c1a
203071321571600,0,17,117edb8008121c1a
203071321577400,0,17,117edb8008111c1a
203071321583000,0,17,117eda7fe8111c1a
203071321588800,0,17,117eda7ff8121c1a
203071321598200,0,17,117eda7fe8121c1a
203071321673700,0,17,117eda7ff8121c1a
203071321690200,0,17,117edb7ff8121c1a
203071321698300,0,17,117eda7ff8111c1a
203071321704800,0,17,117eda7fe8111c1a
203071321710700,0,17,117eda7ff8121c1a
203071321716600,0,17,117eda7fe8121c1a
203071321722300,0,17,117eda8008121c1a
203071321727500,0,17,117eda7ff8121c1a
203071321732900,0,17,117edb8008121c1a
203071321738200,0,17,117eda7ff8121c1a
203071321743600,0,17,117eda7ff8121c1a
203071321749000,0,17,117eda7ff8121c1a
203071321754400,0,17,117eda7fe8121c1a
203071321759700,0,17,117eda7ff8121c1a
203071321765000,0,17,117edb8008121c1a
203071434678000,0,17,117eda7ff8121c1a
203071434717000,0,17,117eda7ff8121c1a
203071434737200,0,17,117edb7ff8121c1a
203071434744200,0,17,117edb8008121c1a
203071434750700,0,17,117eda7ff8121c1a
203071434756900,0,17,117eda7fe8111c1a
203071434763200,0,17,117eda7ff8111c1a
203071434768900,0,17,117eda7ff8111c1a
203071434774700,0,17,117eda7ff8121c1a
203071434780100,0,17,117eda7ff8121c1a
203071434785800,0,17,117eda7ff8121c1a
203071434791400,0,17,117eda7fe8121c1a
203071434797200,0,17,117edb7ff8121c1a
203071434802800,0,17,117eda8008121c1a
203071434808200,0,17,117eda7ff8121c1a
203071434814100,0,17,117eda7ff8121c1a
203071434819600,0,17,117eda7ff8121c1a
203071434825200,0,17,117eda7fe8121c1a
203071434938100,0,17,117edb8008121c1a
203071434964900,0,17,117edb8008121c1a
203071434976100,0,17,117eda7fe8121c1a
203071434993600,0,17,117eda8008111c1a
203071435004700,0,17,117eda7fe8111c1a
203071435011200,0,17,117edb7ff8111c1a
203071435017400,0,17,117eda7ff8111c1a
203071435023000,0,17,117eda7ff8121c1a
203071435028700,0,17,117eda7fe8121c1a
203071435034200,0,17,117eda8008121c1a
203071435039700,0,17,117eda7fe8121c1a
203071435045200,0,17,117edb7ff8121c1a
203071435050800,0,17,117edb7ff8121c1a
203071435056500,0,17,117eda7ff8121c1a
203071435062300,0,17,117eda8008121c1a
203071435068000,0,17,117eda7fe8121c1a
203071435073600,0,17,117eda7ff8121c1a
203071435079500,0,17,117eda7fe8121c1a
203071435085100,0,17,117eda7fe8121c1a
203071435091100,0,17,117eda7ff8121c1a
203071435101700,0,17,117eda7ff8121c1a
203071435122200,0,17,117edb7ff8121c1a
203071435133900,0,17,117edb7ff8131c1a
203071435140500,0,17,117eda7ff8121c1a
203071435146000,0,17,117edb8008121c1a
203071435151600,0,17,117eda7ff8121c1a
203071435157100,0,17,117eda7ff8121c1a
203071435162600,0,17,117eda7ff8121d1a
203071435167900,0,17,117eda7ff8121c1a
203071435173300,0,17,117eda7ff8121c1a
203071435178800,0,17,117edb7fe8121c1a
203071435184400,0,17,117eda7ff8121c1a
203071435189700,0,17,117eda7ff8121c1a
203071435196400,0,17,117edb7ff8121c1a
203071435201800,0,17,117edb8008111c1a
203071435207200,0,17,117eda7ff8111c1a
203071435212900,0,17,117eda8008111c1a
203071435218300,0,17,117eda7fe8111c1a
203071435223700,0,17,117edb7ff8111c1a
203071435229300,0,17,117eda7fe8111c1a
203071435235100,0,17,117eda7fe8111c1a
203071435240600,0,17,117eda7ff8121c1a
203071435245900,0,17,117eda7ff8121c1a
203071435251200,0,17,117eda7ff8121c1a
203071435256500,0,17,117eda7ff8121c1a
203071435264400,0,17,117eda7ff8121c1a
203071435269800,0,17,117eda8008121c1a
203071435275500,0,17,117eda7fe8121c1a
203071435281500,0,17,117eda7fe8121c1a
203071435287000,0,17,117eda7ff8121c1a
203071435292500,0,17,117edb8008121c1a
203071435298000,0,17,117eda7ff8121c1a
203071545975800,0,17,117edb8008121c1a
203071546006700,0,17,117eda8008111c1a
203071546014200,0,17,117eda7fe8111c1a
203071546021800,0,17,117eda7ff8111c1a
203071546027500,0,17,117edb8008111c1a
203071546033100,0,17,117edb7ff8111c1a
203071546038800,0,17,117eda7ff8111c1a
203071546044400,0,17,117eda7fe8111c1a
203071546050500,0,17,117eda7ff8111c1a
203071546061300,0,17,117eda7ff8121c1a
203071546097000,0,17,117eda7ff8121c1a
203071546122400,0,17,117eda8008121c1a
203071546130100,0,17,117eda7ff8121c1a
203071546136100,0,17,117edb7ff8121c1a
203071546141800,0,17,117eda7ff8121c1a
203071546147500,0,17,117eda7ff8121c1a
203071546153800,0,17,117eda7fe8121c1a
203071546159600,0,17,117edb7ff8131c1a
203071546168100,0,17,117eda7ff8131c1a
203071546173700,0,17,117edb8008121c1a
203071546179400,0,17,117eda7ff8121c1a
203071546184900,0,17,117eda7fe8121c1a
203071546190400,0,17,117edb7ff8121c1a
203071546196000,0,17,117edb7ff8121c1a
203071546201900,0,17,117edb8008121c1a
203071546207600,0,17,117edb8008121c1a
203071546213400,0,17,117eda7fe8111c1a
203071546218900,0,17,117edb8008111c1a
203071546224500,0,17,117eda8008111c1a
203071546230300,0,17,117eda7fe8111c1a
203071546235800,0,17,117eda8008111c1a
203071546241500,0,17,117eda7ff8111c1a
203071546253100,0,17,117eda7fe8111c1a
203071546260400,0,17,117eda7ff8111c1a
203071546267300,0,17,117edb7ff8111c1a
203071546272600,0,17,117eda7ff8121c1a
203071546278100,0,17,117edb8008121c1a
203071546283400,0,17,117edb7ff8121c1a
203071546288800,0,17,117eda7ff8111c1a
203071546294000,0,17,117eda7ff8111c1a
203071546299800,0,17,117eda7ff8111c1a
203071546305900,0,17,117eda8008111c1a
203071546311200,0,17,117eda7ff8111d1a
203071546316700,0,17,117eda7ff8111c1a
203071546322400,0,17,117eda7ff8121c1a
203071546328900,0,17,117edb7ff8121c1a
203071546334300,0,17,117edb7ff8121c1a
203071546339700,0,17,117edb7ff8121c1a
203071546345100,0,17,117eda7ff8121c1a
203071546350400,0,17,117eda7ff8111c1a
203071546355800,0,17,117edb8008111c1a
203071546361100,0,17,117eda7ff8111c1a
203071546366500,0,17,117eda7ff8111c1a
203071546372100,0,17,117edb7ff8111c1a
203071546377700,0,17,117eda7fe8111c1a
203071546383200,0,17,117eda7fe8111c1a
203071546388600,0,17,117edb8008121c1a
203071546395500,0,17,117eda7ff8111c1a
203071546400900,0,17,117eda7fe8111c1a
203071546406300,0,17,117eda7ff8111c1a
203071546411600,0,17,117eda7fe8121c1a
203071546417200,0,17,117eda7ff8121c1a
203071546422900,0,17,117eda7fe8111c1a
203071546429400,0,17,117eda8008111c1a
203071658321700,0,17,117eda8008111c1a
203071658348300,0,17,117edb7ff8121c1a
203071658355600,0,17,117eda7ff8121c1a
203071658361400,0,17,117eda7fe8121c1a
203071658367300,0,17,117eda7ff8121c1a
203071658373000,0,17,117eda7ff8121c1a
203071658378300,0,17,117eda7fe8121c1a
203071658383700,0,17,117eda7fe8121c1a
203071658391400,0,17,117edb7ff8131c1a
203071658396700,0,17,117eda8008121c1a
203071658401900,0,17,117edb7ff8121c1a
203071658407300,0,17,117eda7ff8111c1a
203071658412600,0,17,117eda7fe8111c1a
203071658418200,0,17,117eda7ff8111c1a
203071658425200,0,17,117eda7fe8111c1a
203071658430500,0,17,117eda7fe8111c1a
203071658438200,0,17,117eda7ff8121d1a
203071658443600,0,17,117edb7ff8121c1a
203071658449000,0,17,117edb7ff8121c1a
203071658454200,0,17,117eda7fd8111c1a
203071658460200,0,17,117eda8008111c1a
203071658465800,0,17,117eda7fe8121c1a
203071658471300,0,17,117eda7ff8121c1a
203071658476700,0,17,117eda7fe8121c1a
203071658482300,0,17,117eda7ff8131c1a
203071658489900,0,17,117eda7ff8121c1a
203071658499300,0,17,117eda7ff8131c1a
203071658530800,0,17,117eda7ff8121c1a
203071658574600,0,17,117eda7ff8121c1a
203071658581500,0,17,117eda7ff80f1c1a
203071658637100,0,17,117eda7fd80c1c1a
203071658646900,0,17,117eda7fe8051c1a
203071658653900,0,17,117eda7fe8011c1a
203071658660000,0,17,117eda7fd7ff1c1a
203071658665800,0,17,117eda7ff7fb1c1a
203071658671800,0,17,117eda7fe7f91c1a
203071658677200,0,17,117eda7fe7f61d1a
203071658683100,0,17,117eda7fe7f61c1a
203071658724800,0,17,117ed97fe7f51c1a
203071658730400,0,17,117ed97fe7f51c1a
203071658735900,0,17,117ed97fd7f41c1a
203071658741800,0,17,117ed97fe7f51c1a
203071658750200,0,17,117ed97fe7f61c1a
203071658755700,0,17,117ed97fd7f61c1a
203071658783200,0,17,117ed97ff7f71c1a
203071658823500,0,17,117ed87fe7f71c1a
203071658830600,0,17,117ed97ff7f81c1a
203071658836200,0,17,117ed87fe7f71c1a
203071658842200,0,17,117ed87fe7f81c1a
203071658847800,0,17,117ed97ff7f91c1a
203071658853700,0,17,117ed87fe7f91c1a
203071658860600,0,17,117ed97fe7f91c1a
203071658866400,0,17,117ed87fe7fa1c1a
203071658872400,0,17,117ed87ff7fa1c1a
203071658878200,0,17,117ed87ff7fb1c1a
203071658883700,0,17,117ed97ff7fb1d1a
203071658889600,0,17,117ed87ff7fc1d1a
203071658895300,0,17,117ed87ff7fd1c1a
203071658901000,0,17,117ed98007fd1c1a
203071658906500,0,17,117ed98007fe1c1a
203071658911900,0,17,117ed97ff7fe1c1a
203071658917600,0,17,117ed98007fe1c1a
203071658923200,0,17,117ed98007fe1c1a
203071658928700,0,17,117ed97ff7fe1c1a
203071658934200,0,17,117ed98007ff1c1a
203071658944300,0,17,117ed98007ff1c1a
203071658957200,0,17,117ed98007ff1c1a
203071658964100,0,17,117ed97ff7ff1c1a
203071658970400,0,17,117ed98008001d1a
203071772086200,0,17,117ed97ff8011c1a
203071772114800,0,17,117ed97ff8021c1a
203071772122700,0,17,117eda8018021c1a
203071772145800,0,17,117ed97ff8021c1a
203071772153900,0,17,117eda8008031c1a
203071772160000,0,17,117eda8008041c1a
203071772165800,0,17,117eda8008031c1a
203071772171800,0,17,117eda7ff8041c1a
203071772177500,0,17,117eda7ff8051c1a
203071772183400,0,17,117eda8008061c1a
203071772189200,0,17,117eda8008061c1a
203071772196000,0,17,117eda8008071c1a
203071772202500,0,17,117eda7ff8081d1a
203071772208600,0,17,117eda7ff8091c1a
203071772214600,0,17,117eda80080a1c1a
203071772220400,0,17,117eda7ff80a1c1a
203071772235000,0,17,117eda7ff80b1c1a
203071772242200,0,17,117eda7ff80c1c1a
203071772248200,0,17,117eda80080d1c1a
203071772254000,0,17,117eda80080e1c1a
203071772260100,0,17,117eda7ff80e1c1a
203071772268300,0,17,117eda7fe80f1c1a
203071772274300,0,17,117eda7ff8111c1a
203071772282400,0,17,117eda8008111c1a
203071772288300,0,17,117eda7ff8121c1a
203071772294200,0,17,117eda7ff8131c1a
203071772300200,0,17,117eda7ff8131c1a
203071772313900,0,17,117eda7ff8141c1a
203071772319600,0,17,117eda7fe8141c1a
203071772325100,0,17,117eda7ff8151c1a
203071772330600,0,17,117eda8008151c1a
203071772336000,0,17,117eda7ff8161c1a
203071772341500,0,17,117eda7ff8171c1a
203071772347100,0,17,117eda7ff8181c1a
203071772352700,0,17,117eda7ff8181c1a
203071772358300,0,17,117edb8008191c1a
203071772364000,0,17,117edb8008191c1a
203071772375500,0,17,117edb7ff81a1c1a
203071772384400,0,17,117eda7ff81a1c1a
203071772390900,0,17,117edb80081b1c1a
203071772396200,0,17,117edb80081b1d1a
203071772402000,0,17,117edb80081b1c1a
203071772407500,0,17,117edb80181b1c1a
203071772413100,0,17,117edb80081b1c1a
203071772418400,0,17,117edb7ff81c1c1a
203071772423800,0,17,117edc80181d1c1a
203071772434900,0,17,117edc80181d1c1a
203071772440800,0,17,117edc80081d1c1a
203071772446100,0,17,117edc80181e1c1a
203071772452100,0,17,117edc80281e1c1a
203071772491800,0,17,117edd80081e1c1a
203071772513800,0,17,117edd80181e1c1a
203071772521700,0,17,117edd80181e1c1a
203071772528100,0,17,117edd80181e1c1a
203071772534200,0,17,117ede80281e1c1a
203071772540200,0,17,117ede80281e1c1a
203071772546300,0,17,117ede80281e1c1a
203071772551900,0,17,117ede80281d1c1a
203071772557800,0,17,117edf80481b1c1a
203071772564100,0,17,117ee18068191c1a
203071772569900,0,17,117ee28068171c1a
203071772577000,0,17,117ee38088131c1a
203071772588000,0,17,117ee480a80f1c1a
203071772595100,0,17,117ee580980e1c1a
203071772600900,0,17,117ee580880c1c1a
203071772609300,0,17,117ee580680c1c1a
203071772631700,0,17,117ee580380d1c1a
203071772659900,0,17,117ee580180e1c1a
203071884682100,0,17,117ee58008111c1a
203071884708500,0,17,117ee57ff8121c1a
203071884716000,0,17,117ee68028161c1a
203071884722500,0,17,117ee68018181c1a
203071884729000,0,17,117ee68028191c1a
203071884735200,0,17,117ee680181a1c1a
203071884742700,0,17,117ee780281b1c1a
203071884780400,0,17,117ee780481c1c1a
203071884792900,0,17,117ee880581c1c1a
203071884799600,0,17,117ee980481b1c1a
203071885009200,0,17,117ee980481b1c1a
203071885044800,0,17,117eea80581a1c1a
203071885059400,0,17,117eea8058191c1a
203071885066900,0,17,117eeb8068161c1a
203071885073600,0,17,117eec8068151c1a
203071885079800,0,17,117eed8088121c1a
203071885086200,0,17,117eee8088111c1a
203071885092300,0,17,117eef80980f1c1a
203071885102700,0,17,117ef080880c1c1a
203071885126500,0,17,117ef080780c1c1a
203071885138500,0,17,117ef180680c1c1a
203071885144900,0,17,117ef080480d1c1a
203071885150500,0,17,117ef08028101c1a
203071885156300,0,17,117ef07ff8141c1a
203071885174200,0,17,117ef07ff8151c1a
203071885180100,0,17,117ef08008191c1a
203071885185400,0,17,117ef180081a1c1a
203071885191600,0,17,117ef180281c1c1a
203071885206300,0,17,117ef280581c1c1a
203071885216000,0,17,117ef380681c1c1a
203071885222100,0,17,117ef480681a1c1a
203071885228000,0,17,117ef48068191c1a
203071885233800,0,17,117ef58068181c1a
203071885239800,0,17,117ef68078151c1a
203071885247200,0,17,117ef78088121c1a
203071885253100,0,17,117ef88088111c1a
203071885259000,0,17,117efa80a80d1c1a
203071885265600,0,17,117efb80980c1c1a
203071885271300,0,17,117efc80a80a1c1a
203071885277500,0,17,117efd80a8091c1a
203071885283200,0,17,117efd8068081c1a
203071885289200,0,17,117efd8058091c1a
203071885294900,0,17,117efd80380c1c1a
203071885300700,0,17,117efc80180f1c1a
203071885306400,0,17,117efd8008101c1a
203071885312400,0,17,117efd8028121c1a
203071885318100,0,17,117efe8048121c1a
203071885323900,0,17,117eff8068131c1a
203071885330500,0,17,117f018088121c1a
203071885336100,0,17,117f028098101c1a
203071885341800,0,17,117f0880b8011c1a
203071885349900,0,17,117f088098001c1a
203071885355700,0,17,117f088068011c1a
203071885361600,0,17,117f088038021c1a
203071885367400,0,17,117f088028071c1a
203071885378300,0,17,117f0880180c1c1a
203071885393100,0,17,117f0880080e1c1a
203071885417900,0,17,117f0880080f1c1a
203071885424800,0,17,117f098038111c1a
203071885430400,0,17,117f0a8048121c1a
203071885438800,0,17,117f0c8088111c1a
203071885447400,0,17,117f0d80b80f1c1a
203071885456000,0,17,117f0f80c80c1c1a
203071885466100,0,17,117f118108061c1a
203071885476200,0,17,117f128108001c1a
203071885482400,0,17,117f1380d7fd1c1a
203071995268500,0,17,117f1480b7fc1c1a
203071995293400,0,17,117f148077fc1c1a
203071995300800,0,17,117f148047ff1c1a
203071995306700,0,17,117f148038001c1a
203071995312400,0,17,117f148018051c1a
203071995318900,0,17,117f1380080a1c1a
203071995324600,0,17,117f1480180e1c1a
203071995329900,0,17,117f1480180f1c1a
203071995335500,0,17,117f168068111c1a
203071995340900,0,17,117f178088101c1a
203071995346300,0,17,117f1980c80c1c1a
203071995352000,0,17,117f1b80f8081c1a
203071995357800,0,17,117f1d80d8051c1a
203071995363300,0,17,117f1e80d8011c1a
203071995368800,0,17,117f1e80b7ff1c1a
203071995374200,0,17,117f1e8087ff1c1a
203071995379600,0,17,117f1e8048011c1a
203071995384900,0,17,117f1e8038031c1a
203071995390300,0,17,117f1d8008081c1a
203071995395900,0,17,117f1d80080a1c1a
203071995401500,0,17,117f1e80180b1c1a
203071995407000,0,17,117f1f80580d1c1a
203071995412700,0,17,117f2080680d1c1a
203071995418200,0,17,117f2280880d1c1a
203071995423500,0,17,117f2480c80a1c1a
203071995429200,0,17,117f2580c8081c1a
203071995434500,0,17,117f2680d8041c1a
203071995440100,0,17,117f2780a8011c1a
203071995445800,0,17,117f278098011c1a
203071995451200,0,17,117f278048021c1a
203071995456500,0,17,117f268018061c1a
203071995462400,0,17,117f268018081c1a
203071995470900,0,17,117f278008091c1a
203071995476500,0,17,117f2880380b1c1a
203071995486300,0,17,117f2980580d1c1a
203071995491600,0,17,117f2980580e1c1a
203071995497100,0,17,117f2a8058101c1a
203071995503400,0,17,117f2a8058111c1a
203071995511000,0,17,117f2b8058111c1a
203071995516500,0,17,117f2b8048111c1a
203071995522000,0,17,117f2c8058111c1a
203071995527300,0,17,117f2d8058101c1a
203071995532700,0,17,117f2e80780f1c1a
203071995538200,0,17,117f2e80680e1c1a
203071995544500,0,17,117f2f80880d1c1a
203071995550100,0,17,117f3080880c1c1a
203071995555500,0,17,117f3180780b1c1a
203071995560900,0,17,117f3180580b1c1a
203071995567700,0,17,117f3180480c1c1a
203071995574700,0,17,117f3180380d1c1a
203071995580000,0,17,117f3280380f1c1a
203071995585400,0,17,117f3280380f1c1a
203071995590800,0,17,117f338038111c1a
203071995596200,0,17,117f338038131c1a
203071995601600,0,17,117f338038141c1a
203071995606900,0,17,117f348038161c1a
203071995612400,0,17,117f348028171c1a
203071995617800,0,17,117f358038171c1a
203071995623200,0,17,117f368058171c1a
203071995628600,0,17,117f378068171c1a
203071995633900,0,17,117f378068161c1a
203071995639100,0,17,117f388078151c1a
203071995644500,0,17,117f398098131c1a
203071995650000,0,17,117f3b80a80f1c1a
203071995655400,0,17,117f3c80b80d1c1a
203071995660800,0,17,117f3c80b80d1c1a
203072108439800,0,17,117f3c8088051c1a
203072108471300,0,17,117f3c8068001c1a
203072108478600,0,17,117f3c8037fb1c1a
203072108506400,0,17,117f3c8027fa1c1a
203072108523800,0,17,117f3b7fe7f91c1a
203072108533900,0,17,117f3b7fc7f91c1a
203072108540900,0,17,117f3b7fd7f71c1a
203072108546600,0,17,117f3b8007f51c1a
203072108552200,0,17,117f3c8017f51c1a
203072108557700,0,17,117f3c8017f61c1a
203072108563300,0,17,117f3c8027f71c1a
203072108579400,0,17,117f3c8017f71c1a
203072108584900,0,17,117f3c8017f71c1a
203072108592800,0,17,117f3c7ff7f71c1a
203072108632000,0,17,117f3c8007f61d1a
203072108650900,0,17,117f3c8007f71c1a
203072108657700,0,17,117f3d8017f71c1a
203072108663400,0,17,117f3d8007f81c1a
203072108669200,0,17,117f3d7ff7f91c1a
203072108678400,0,17,117f3c7ff7f81c1a
203072108684000,0,17,117f3c7fe7f81c1a
203072108690000,0,17,117f3c7ff7f91c1a
203072108695800,0,17,117f3c7ff7fb1c1a
203072108701700,0,17,117f3c7ff7fc1c1a
203072108707600,0,17,117f3c7fe7fd1c1a
203072108713200,0,17,117f3c7fe7fd1c1a
203072108718900,0,17,117f3c7ff7fd1c1a
203072108724400,0,17,117f3c7fe7fe1c1a
203072108730000,0,17,117f3c7ff7fe1c1a
203072108735400,0,17,117f3c7fe7ff1c1a
203072108745500,0,17,117f3b7ff7ff1c1a
203072108752600,0,17,117f3b7ff8001c1a
203072108770900,0,17,117f3c7ff8001c1a
203072108784900,0,17,117f3b7fe8001c1a
203072108791200,0,17,117f3b7fe8001c1a
203072108797700,0,17,117f3c7ff7ff1c1a
203072108803600,0,17,117f3b7ff7fd1c1a
203072108810700,0,17,117f3b7ff7fd1c1a
203072108816300,0,17,117f3b7fe7fd1c1a
203072108821800,0,17,117f3b7fe7fe1c1a
203072108827400,0,17,117f3b7fe7fe1c1a
203072108833000,0,17,117f3b8007fe1c1a
203072108838400,0,17,117f3b7ff7fe1c1a
203072108843800,0,17,117f3b7ff7fe1c1a
203072108849600,0,17,117f3b7ff7ff1c1a
203072108855100,0,17,117f3b8007fe1c1a
203072108860600,0,17,117f3b7fe7fd1d1a
203072108866300,0,17,117f3b8007fd1c1a
203072108871700,0,17,117f3b7ff7fd1c1a
203072108877200,0,17,117f3b8007fc1c1a
203072108882900,0,17,117f3b7fe7fc1c1a
203072108888900,0,17,117f3b7ff7fc1c1a
203072108894500,0,17,117f3b7ff7fc1c1a
203072108899900,0,17,117f3b7fe7fd1c1a
203072108905300,0,17,117f3b7ff7fd1c1a
203072108911100,0,17,117f3b7ff7fe1c1a
203072108916600,0,17,117f3b7ff7fe1c1a
203072108922200,0,17,117f3b7fe7fd1c1a
203072108927700,0,17,117f3b8007fd1c1a
203072108933200,0,17,117f3b7ff7fc1c1a
203072108938600,0,17,117f3b8007fc1c1a
203072108944300,0,17,117f3c7ff7fc1c1a
203072108950300,0,17,117f3c8007fc1c1a
203072108955700,0,17,117f3b7ff7fb1c1a
203072108961100,0,17,117f3b7ff7fb1c1a
203072108966400,0,17,117f3c7ff7fb1c1a
203072108971700,0,17,117f3c7ff7fb1c1a
203072108977300,0,17,117f3c7ff7fc1c1a
203072108982700,0,17,117f3c8007fb1c1a
203072221189600,0,17,117f3c7fe7fa1c1a
203072221216700,0,17,117f3c7ff7fb1c1a
203072221224200,0,17,117f3c7ff7fb1c1a
203072221230200,0,17,117f3c7ff7fb1c1a
203072221235800,0,17,117f3c8007fb1c1a
203072221241800,0,17,117f3c7ff7fc1c1a
203072221247500,0,17,117f3c7ff7fc1c1a
203072221252900,0,17,117f3c7ff7fb1c1a
203072221258600,0,17,117f3c8007fb1c1a
203072221264000,0,17,117f3c7ff7fb1c1a
203072221271400,0,17,117f3c7fe7fc1c1a
203072221276900,0,17,117f3c8007fb1c1a
203072221282700,0,17,117f3c7fe7fc1c1a
203072221288700,0,17,117f3c7ff7fc1c1a
203072221294800,0,17,117f3b7ff7fc1c1a
203072221300300,0,17,117f3b7fe7fd1c1a
203072221305900,0,17,117f3c8007fd1c1a
203072221311300,0,17,117f3b7fe7fe1c1a
203072221316900,0,17,117f3c7ff7fd1c1a
203072221322400,0,17,117f3b7fe7fd1c1a
203072221327900,0,17,117f3b7ff7fd1c1a
203072221333300,0,17,117f3c8007fd1c1a
203072221338800,0,17,117f3b7ff7fc1d1a
203072221367400,0,17,117f3b7ff7fc1c1a
203072221374500,0,17,117f3c8007fd1c1a
203072221381100,0,17,117f3b7ff7fc1c1a
203072221386500,0,17,117f3b7fe7fd1c1a
203072221392300,0,17,117f3b7ff7fd1c1a
203072221397700,0,17,117f3b7ff7fd1c1a
203072221403900,0,17,117f3b7fe7fd1c1a
203072221409800,0,17,117f3c8007fd1c1a
203072221415400,0,17,117f3c8007fd1c1a
203072221420900,0,17,117f3b7ff7fc1c1a
203072221426300,0,17,117f3c7ff7fb1c1a
203072221431900,0,17,117f3b7ff7fb1c1a
203072221437400,0,17,117f3b7ff7fb1d1a
203072221442700,0,17,117f3c8017fb1c1a
203072221448100,0,17,117f3b7fe7fb1c1a
203072221453500,0,17,117f3b7ff7fc1c1a
203072221471000,0,17,117f3c7ff7fc1c1a
203072221511000,0,17,117f3c8007fc1c1a
203072221517600,0,17,117f3c7ff7fc1c1a
203072221523400,0,17,117f3c7fe7fc1c1a
203072221529000,0,17,117f3c7fe7fc1c1a
203072221534400,0,17,117f3c8007fb1c1a
203072221540000,0,17,117f3c7ff7fb1c1a
203072221545800,0,17,117f3b7fe7fb1c1a
203072221551200,0,17,117f3c7ff7fb1c1a
203072221556600,0,17,117f3b7ff7fc1c1a
203072221562000,0,17,117f3c7ff7fd1c1a
203072221572400,0,17,117f3c7ff7fd1c1a
203072221577900,0,17,117f3b7ff7fd1d1a
203072221614800,0,17,117f3c7ff7fd1c1a
203072221623300,0,17,117f3c8007fc1c1a
203072221628700,0,17,117f3b7fe7fc1c1a
203072221634100,0,17,117f3b8007fc1c1a
203072221639400,0,17,117f3c8007fb1c1a
203072221644800,0,17,117f3b7fe7fc1c1a
203072221650100,0,17,117f3c7ff7fc1c1a
203072221655400,0,17,117f3b7ff7fd1c1a
203072221660800,0,17,117f3c7ff7fc1d1a
203072221667200,0,17,117f3b7ff7fd1c1a
203072221672900,0,17,117f3c7ff7fe1c1a
203072221678300,0,17,117f3c7ff7fd1c1a
203072221683700,0,17,117f3b7ff7fc1c1a
203072221689100,0,17,117f3c7ff7fc1c1a
203072334151000,0,17,117f3c7fe7fb1c1a
203072334194800,0,17,117f3b7ff7fb1c1a
203072334203200,0,17,117f3b7fe7fc1c1a
203072334223600,0,17,117f3b8007fd1c1a
203072334230400,0,17,117f3c8007fd1c1a
203072334236400,0,17,117f3b7ff7fc1c1a
203072334242300,0,17,117f3c7ff7fc1c1a
203072334275700,0,17,117f3c8007fc1c1a
203072334296100,0,17,117f3b7ff7fc1c1a
203072334307600,0,17,117f3c7ff7fc1c1a
203072334319000,0,17,117f3b7ff7fc1c1a
203072334325600,0,17,117f3c7ff7fc1c1a
203072334332200,0,17,117f3c8007fc1c1a
203072334337700,0,17,117f3c7fe7fb1c1a
203072334343300,0,17,117f3c7ff7fb1c1a
203072334369400,0,17,117f3b7fe7fc1c1a
203072334379300,0,17,117f3b7ff7fd1c1a
203072334385000,0,17,117f3c7ff7fc1c1a
203072334390900,0,17,117f3c7ff7fc1c1a
203072334396300,0,17,117f3c7ff7fc1c1a
203072334402000,0,17,117f3c8007fc1c1a
203072334407500,0,17,117f3c7ff7fc1c1a
203072334414800,0,17,117f3c7fe7fc1c1a
203072334424600,0,17,117f3b7ff7fd1c1a
203072334444100,0,17,117f3b7ff7fd1c1a
203072334461400,0,17,117f3c8007fd1c1a
203072334467400,0,17,117f3c7ff7fd1c1a
203072334473200,0,17,117f3c8007fd1c1a
203072334478900,0,17,117f3c7fe7fd1c1a
203072334484400,0,17,117f3c7ff7fc1c1a
203072334489800,0,17,117f3c7fe7fc1c1a
203072334495000,0,17,117f3c7ff7fc1c1a
203072334500500,0,17,117f3c7fe7fd1c1a
203072334506000,0,17,117f3c7ff7fd1c1a
203072334511400,0,17,117f3c7ff7fd1c1a
203072334516700,0,17,117f3c7ff7fd1c1a
203072334522300,0,17,117f3b7ff7fd1c1a
203072334528000,0,17,117f3b7ff7fd1c1a
203072334533500,0,17,117f3c7ff7fd1c1a
203072334538900,0,17,117f3c8007fd1c1a
203072334544600,0,17,117f3c8007fc1c1a
203072334550000,0,17,117f3c8007fc1c1a
203072334555400,0,17,117f3c7ff7fc1c1a
203072334560800,0,17,117f3b7ff7fc1c1a
203072334566100,0,17,117f3b7ff7fb1c1a
203072334571500,0,17,117f3c7ff7fc1c1a
203072334577200,0,17,117f3c7ff7fc1c1a
203072334582700,0,17,117f3b7ff7fc1c1a
203072334588000,0,17,117f3c7ff7fc1c1a
203072334593600,0,17,117f3b7fe7fc1c1a
203072334599400,0,17,117f3b7ff7fc1c1a
203072334604700,0,17,117f3b7ff7fd1c1a
203072334610100,0,17,117f3c7ff7fc1c1a
203072334615300,0,17,117f3c7ff7fd1c1a
203072334620600,0,17,117f3b7ff7fc1c1a
203072334626100,0,17,117f3c7ff7fc1c1a
203072334633000,0,17,117f3c7ff7fc1c1a
203072334638400,0,17,117f3c7ff7fc1c1a
203072334643800,0,17,117f3b7ff7fc1c1a
203072334649100,0,17,117f3b7ff7fb1c1a
203072334655200,0,17,117f3c7ff7fb1c1a
203072334660600,0,17,117f3c8007fc1c1a
203072334666000,0,17,117f3c7ff7fc1c1a
203072334671700,0,17,117f3c7ff7fb1c1a
203072334677000,0,17,117f3c7ff7fb1c1a
203072334682400,0,17,117f3b7fe7fc1c1a
203072334687800,0,17,117f3c8007fc1c1a
203072334693200,0,17,117f3c8007fc1c1a
203072334698800,0,17,117f3c7ff7fc1c1a
203072446009700,0,17,117f3b7fe7fc1c1a
203072446079700,0,17,117f3b8007fc1c1a
203072446088200,0,17,117f3b7fe7fd1c1a
203072446094000,0,17,117f3c7ff7fd1c1a
203072446128100,0,17,117f3c7ff7fd1c1a
203072446138700,0,17,117f3b7ff7fe1c1a
203072446145500,0,17,117f3c7ff7fd1c1a
203072446152300,0,17,117f3c7ff7fc1c1a
203072446183600,0,17,117f3c7ff7fc1c1a
203072446217300,0,17,117f3c7fe7fc1c1a
203072446227500,0,17,117f3c8007fc1c1a
203072446239900,0,17,117f3c7ff7fd1c1a
203072446246000,0,17,117f3b7ff7fd1c1a
203072446252100,0,17,117f3b7ff7fd1c1a
203072446257800,0,17,117f3c7ff7fc1c1a
203072446282100,0,17,117f3c8007fc1c1a
203072446289500,0,17,117f3b7fe7fb1c1a
203072446297000,0,17,117f3c7ff7fc1c1a
203072446302600,0,17,117f3b7fe7fd1c1a
203072446308300,0,17,117f3b7ff7fd1c1a
203072446314000,0,17,117f3c8007fc1c1a
203072446320400,0,17,117f3b7fe7fc1c1a
203072446346300,0,17,117f3c7ff7fc1c1a
203072446352800,0,17,117f3b7ff7fc1c1a
203072446358500,0,17,117f3c8007fb1c1a
203072446364500,0,17,117f3c7fe7fb1c1a
203072446370100,0,17,117f3c8007fc1c1a
203072446375900,0,17,117f3c7ff7fc1c1a
203072446384500,0,17,117f3c7ff7fc1c1a
203072446390800,0,17,117f3b7fe7fc1c1a
203072446432000,0,17,117f3b7fe7fc1c1a
203072446440800,0,17,117f3b7ff7fd1c1a
203072446446500,0,17,117f3c8007fd1c1a
203072446452300,0,17,117f3c7ff7fc1c1a
203072446465500,0,17,117f3c7ff7fc1c1a
203072446472200,0,17,117f3c7ff7fc1c1a
203072446477600,0,17,117f3c8007fc1c1a
203072446483100,0,17,117f3c8007fc1c1a
203072446488700,0,17,117f3b7fe7fc1c1a
203072446522400,0,17,117f3c7ff7fd1c1a
203072446533000,0,17,117f3b7ff7fd1c1a
203072446538700,0,17,117f3b8007fd1c1a
203072446544400,0,17,117f3c8007fd1c1a
203072446549900,0,17,117f3c8007fd1c1a
203072446555400,0,17,117f3b7ff7fd1c1a
203072446560800,0,17,117f3c7fe7fc1c1a
203072446566300,0,17,117f3b7ff7fc1c1a
203072446571700,0,17,117f3b7ff7fd1c1a
203072446577400,0,17,117f3c8007fc1c1a
203072446583200,0,17,117f3b7fe7fc1c1a
203072446588900,0,17,117f3b7ff7fd1c1a
203072446594400,0,17,117f3c8007fd1c1a
203072446599700,0,17,117f3c7ff7fd1c1a
203072446605000,0,17,117f3c7ff7fd1c1a
203072446610500,0,17,117f3c7fe7fd1c1a
203072446616100,0,17,117f3c7ff7fd1c1a
203072446621600,0,17,117f3c8007fc1c1a
203072446627300,0,17,117f3c7ff7fc1c1a
203072446633100,0,17,117f3b7fe7fb1c1a
203072446638700,0,17,117f3b7ff7fc1c1a
203072446644100,0,17,117f3c7ff7fc1c1a
203072446649800,0,17,117f3c7ff7fc1c1a
203072446656800,0,17,117f3c7ff7fc1c1a
203072446662300,0,17,117f3b7fe7fc1c1a
203072446669400,0,17,117f3c7ff7fd1c1a
203072446675000,0,17,117f3c8007fd1c1a
203072446680500,0,17,117f3c7ff7fd1c1a
203072557650300,0,17,117f3c7ff7fc1c1a
203072557682800,0,17,117f3c7ff7fc1c1a
203072557691000,0,17,117f3c8007fb1c1a
203072557700000,0,17,117f3c7fe7fb1c1a
203072557706600,0,17,117f3c7ff7fb1c1a
203072557712200,0,17,117f3c8007fc1c1a
203072557718100,0,17,117f3b7ff7fc1c1a
203072557723800,0,17,117f3c7ff7fc1c1a
203072557729300,0,17,117f3b7fe7fc1c1a
203072557735200,0,17,117f3c7ff7fd1c1a
203072557740600,0,17,117f3b7ff7fd1c1a
203072557746000,0,17,117f3c7ff7fd1c1a
203072557753100,0,17,117f3c8007fd1c1a
203072557758500,0,17,117f3b8007fd1c1a
203072557764800,0,17,117f3b7fe7fd1c1a
203072557770100,0,17,117f3c7ff7fc1c1a
203072557776000,0,17,117f3b8007fc1c1a
203072557781800,0,17,117f3c7ff7fd1c1a
203072557791800,0,17,117f3c7ff7fc1c1a
203072557797400,0,17,117f3c7ff7fc1c1a
203072557805600,0,17,117f3c7ff7fc1c1a
203072557812400,0,17,117f3c7ff7fc1c1a
203072557818000,0,17,117f3c7ff7fc1c1a
203072557836800,0,17,117f3c7fe7fc1c1a
203072557856800,0,17,117f3c7ff7fd1c1a
203072557863900,0,17,117f3c7ff7fd1c1a
203072557877500,0,17,117f3c7ff7fd1c1a
203072557937000,0,17,117f3c8007fd1c1a
203072557945900,0,17,117f3c8007fc1c1a
203072557952300,0,17,117f3c7fe7fc1c1a
203072557958200,0,17,117f3c7ff7fc1c1a
203072557964100,0,17,117f3c7ff7fc1c1a
203072557969600,0,17,117f3b7ff7fc1c1a
203072557975000,0,17,117f3c7ff7fc1c1a
203072557980600,0,17,117f3c7ff7fd1c1a
203072557986100,0,17,117f3c7fe7fd1c1a
203072557991700,0,17,117f3c8007fc1c1a
203072557997100,0,17,117f3c8007fc1c1a
203072558002500,0,17,117f3b7ff7fd1c1a
203072558007900,0,17,117f3b7fe7fc1c1a
203072558013200,0,17,117f3b7ff7fd1c1a
203072558018900,0,17,117f3b7ff7fd1c1a
203072558024200,0,17,117f3c7fe7fd1c1a
203072558029500,0,17,117f3b7ff7fd1c1a
203072558034900,0,17,117f3c7ff7fe1c1a
203072558040500,0,17,117f3b7ff7fe1c1a
203072558045700,0,17,117f3b7ff7fd1c1a
203072558051100,0,17,117f3c7fe7fd1c1a
203072558056500,0,17,117f3c8007fd1c1a
203072558062000,0,17,117f3b7fe7fd1c1a
203072558067600,0,17,117f3b8007fd1c1a
203072558073400,0,17,117f3b7ff7fc1c1a
203072558079300,0,17,117f3c7ff7fc1c1a
203072558085100,0,17,117f3b7ff7fc1c1a
203072558090700,0,17,117f3c7ff7fc1c1a
203072558096200,0,17,117f3c7ff7fc1c1a
203072558101600,0,17,117f3c8007fb1c1a
203072558107100,0,17,117f3b7ff7fc1c1a
203072558112600,0,17,117f3b7fe7fc1c1a
203072558118000,0,17,117f3c7ff7fc1c1a
203072558123400,0,17,117f3c7ff7fc1c1a
203072558128800,0,17,117f3c7ff7fc1c1a
203072558134200,0,17,117f3c7ff7fc1c1a
203072558139700,0,17,117f3c7ff7fc1c1a
203072558145200,0,17,117f3c7fe7fc1c1a
203072558150600,0,17,117f3b7ff7fd1c1a
203072558156100,0,17,117f3b7fe7fd1c1a
203072558161500,0,17,117f3c8007fd1c1a
203072670236100,0,17,117f3c7ff7fd1c1a
203072670264700,0,17,117f3c7ff7fd1c1a
203072670272400,0,17,117f3c7ff7fd1c1a
203072670278500,0,17,117f3c7ff7fd1c1a
203072670284500,0,17,117f3b7ff7fc1c1a
203072670290100,0,17,117f3c8007fc1c1a
203072670295800,0,17,117f3b7fe7fc1c1a
203072670301600,0,17,117f3c7ff7fc1c1a
203072670307300,0,17,117f3c7ff7fb1c1a
203072670312900,0,17,117f3b7ff7fb1c1a
203072670320800,0,17,117f3b7ff7fd1c1a
203072670326400,0,17,117f3b7ff7fc1c1a
203072670344400,0,17,117f3c7ff7fc1c1a
203072670372900,0,17,117f3c7ff7fb1c1a
203072670389000,0,17,117f3b7ff7fc1c1a
203072670395400,0,17,117f3c7ff7fd1c1a
203072670402100,0,17,117f3c8007fd1c1a
203072670407900,0,17,117f3c7ff7fd1c1a
203072670413700,0,17,117f3b7ff7fc1c1a
203072670420000,0,17,117f3b7ff7fc1c1a
203072670425500,0,17,117f3c7ff7fd1c1a
203072670430900,0,17,117f3c7ff7fd1c1a
203072670436300,0,17,117f3c7ff7fd1c1a
203072670441600,0,17,117f3c7ff7fd1c1a
203072670446800,0,17,117f3c7ff7fd1c1a
203072670452400,0,17,117f3c7ff7fc1c1a
203072670457700,0,17,117f3c7ff7fc1c1a
203072670463400,0,17,117f3c7ff7fc1c1a
203072670469000,0,17,117f3c7ff7fb1c1a
203072670474600,0,17,117f3c7fe7fb1c1a
203072670480100,0,17,117f3c7ff7fc1c1a
203072670485700,0,17,117f3b7fe7fc1c1a
203072670491400,0,17,117f3c7ff7fc1c1a
203072670496800,0,17,117f3c8007fc1c1a
203072670502200,0,17,117f3b7ff7fc1c1a
203072670507600,0,17,117f3c7ff7fc1c1a
203072670512900,0,17,117f3c7ff7fc1d1a
203072670518400,0,17,117f3c7ff7fc1c1a
203072670523800,0,17,117f3b7fe7fc1c1a
203072670529100,0,17,117f3c7ff7fb1c1a
203072670534500,0,17,117f3c7ff7fb1c1a
203072670539800,0,17,117f3b7ff7fb1c1a
203072670545500,0,17,117f3b8007fc1c1a
203072670551000,0,17,117f3c7ff7fc1c1a
203072670556400,0,17,117f3c8007fd1c1a
203072670562000,0,17,117f3b7ff7fc1c1a
203072670567300,0,17,117f3b7fe7fc1c1a
203072670581900,0,17,117f3b7ff7fc1c1a
203072670589000,0,17,117f3c7ff7fc1c1a
203072670594400,0,17,117f3c7ff7fd1c1a
203072670604200,0,17,117f3c7ff7fc1c1a
203072670651500,0,17,117f3b7fe7fd1c1a
203072670689500,0,17,117f3b7ff7fd1c1a
203072670696200,0,17,117f3c7ff7fd1c1a
203072670702000,0,17,117f3c7ff7fd1c1a
203072670707500,0,17,117f3c7ff7fd1c1a
203072670713500,0,17,117f3c8007fd1c1a
203072670719300,0,17,117f3c7ff7fc1c1a
203072670725100,0,17,117f3c8007fc1c1a
203072670730800,0,17,117f3c7fe7fc1c1a
203072670736300,0,17,117f3c7ff7fc1c1a
203072670741900,0,17,117f3c7ff7fc1c1a
203072670747600,0,17,117f3b7ff7fc1c1a
203072670753200,0,17,117f3b7ff7fc1c1a
203072670759000,0,17,117f3c8007fd1c1a
203072782223600,0,17,117f3b7fd7fc1c1a
203072782251000,0,17,117f3c7ff7fd1c1a
203072782258400,0,17,117f3b8007fd1c1a
203072782265200,0,17,117f3c7ff7fd1c1a
203072782271300,0,17,117f3c7fe7fc1c1a
203072782277100,0,17,117f3c8007fc1c1a
203072782283000,0,17,117f3c7ff7fc1c1a
203072782289000,0,17,117f3b7ff7fc1c1a
203072782295200,0,17,117f3c7ff7fb1c1a
203072782302700,0,17,117f3b8007fc1c1a
203072782308700,0,17,117f3b7fe7fc1c1a
203072782314800,0,17,117f3b8007fd1c1a
203072782320700,0,17,117f3c7fe7fc1c1a
203072782326600,0,17,117f3c7ff7fd1c1a
203072782332400,0,17,117f3b7ff7fc1c1a
203072782339500,0,17,117f3c7ff7fc1c1a
203072782345600,0,17,117f3c8007fc1c1a
203072782351400,0,17,117f3c7ff7fc1c1a
203072782357200,0,17,117f3c8007fc1c1a
203072782362800,0,17,117f3c7ff7fb1c1a
203072782368700,0,17,117f3b7ff7fb1c1a
203072782374500,0,17,117f3b7fe7fc1c1a
203072782388700,0,17,117f3c8007fd1c1a
203072782394800,0,17,117f3c8007fd1c1a
203072782400500,0,17,117f3b7fe7fd1c1a
203072782410400,0,17,117f3c7fe7fe1c1a
203072782419200,0,17,117f3c7ff7fd1c1a
203072782428000,0,17,117f3c8007fc1c1a
203072782434500,0,17,117f3c8007fc1c1a
203072782440600,0,17,117f3b7ff7fc1c1a
203072782446500,0,17,117f3c8007fd1c1a
203072782452800,0,17,117f3c8007fd1c1a
203072782458400,0,17,117f3b7fe7fd1c1a
203072782464000,0,17,117f3c7ff7fd1c1a
203072782469900,0,17,117f3c7ff7fd1c1a
203072782475600,0,17,117f3b7ff7fd1c1a
203072782481300,0,17,117f3b7ff7fd1c1a
203072782487300,0,17,117f3c7ff7fd1c1a
203072782493200,0,17,117f3c7ff7fd1c1a
203072782498900,0,17,117f3b7ff7fd1c1a
203072782505000,0,17,117f3b7fe7fd1c1a
203072782511600,0,17,117f3b7ff7fd1c1a
203072782517200,0,17,117f3b7ff7fd1c1a
203072782527600,0,17,117f3c7ff7fd1c1a
203072782534200,0,17,117f3b7fe7fc1c1a
203072782540000,0,17,117f3b7ff7fd1c1a
203072782545500,0,17,117f3b8007fd1c1a
203072782551200,0,17,117f3b7ff7fc1c1a
203072782556700,0,17,117f3b7ff7fc1c1a
203072782562100,0,17,117f3c7ff7fc1c1a
203072782567600,0,17,117f3c7ff7fc1c1a
203072782573100,0,17,117f3b7fe7fc1c1a
203072782578400,0,17,117f3c7ff7fc1c1a
203072782583900,0,17,117f3c7ff7fc1d1a
203072782589300,0,17,117f3b7fe7fd1c1a
203072782594600,0,17,117f3c8007fd1c1a
203072782600000,0,17,117f3c8007fc1c1a
203072782605600,0,17,117f3c7ff7fb1c1a
203072782611100,0,17,117f3b7ff7fb1c1a
203072782616400,0,17,117f3b7fe7fb1c1a
203072782621800,0,17,117f3c8007fb1c1a
203072782630100,0,17,117f3b7ff7fb1c1a
203072782636000,0,17,117f3c7fe7fc1c1a
203072782641700,0,17,117f3c7ff7fb1c1a
203072782647100,0,17,117f3c7ff7fb1c1a
203072782652500,0,17,117f3c7fe7fb1c1a
203072782658000,0,17,117f3b7ff7fc1c1a
203072782664000,0,17,117f3b7ff7fc1c1a
