t,target_sim,sim_off,sim_vel,tau,err
2.00001522898674e-07,0.23174650815427456,0.23174639505607786,0.010989010989007397,-0.024420024420024333,1
0.001000199990812689,0.23231198644918297,0.23174639505607786,0.010989010989007397,-0.024420024420024333,1
0.0020001999801024795,0.2328774145049946,0.23174639505607786,0.010989010989007397,-0.024420024420024333,1
0.00300019996939227,0.2334427420971213,0.23174639505607786,0.010989010989007397,-0.024420024420024333,1
0.00400019995868206,0.23400791900989856,0.23174639505607786,0.010989010989007397,-0.024420024420024333,1
0.005000199947971851,0.23457289504104617,0.23174639505607786,0.010989010989007397,-0.024420024420024333,1
0.006000199937261641,0.23513762000612742,0.23174639505607786,0.010989010989007397,-0.024420024420024333,1
0.007000199926551431,0.23570204374300663,0.23174639505607786,0.010989010989007397,-0.024420024420024333,1
0.008000199915841222,0.23626611611630505,0.23174639505607786,0.010989010989007397,-0.024420024420024333,1
0.009000199905131012,0.23682978702185403,0.23174639505607786,0.010989010989007397,-0.024420024420024333,1
0.010000199894420803,0.23739300639114558,0.23174639505607786,0.010989010989007397,-0.024420024420024333,1
0.011000199883710593,0.23795572419577984,0.23174639505607786,0.010989010989007397,-0.024420024420024333,1
0.012000199873000383,0.23851789045190874,0.23174639505607786,0.010989010989007397,-0.024420024420024333,1
0.013000199862290174,0.239079455224676,0.23174639505607786,0.010989010989007397,-0.024420024420024333,1
0.014000199851579964,0.23964036863265256,0.23174639505607786,0.010989010989007397,-0.024420024420024333,1
0.015000199840869755,0.2402005808522673,0.23174639505607786,0.010989010989007397,-0.024420024420024333,1
0.016000199830159545,0.2407600421222328,0.23174639505607786,0.010989010989007397,-0.024420024420024333,1
0.017000199819449335,0.24131870274796519,0.23174639505607786,0.010989010989007397,-0.024420024420024333,1
0.018000199808739126,0.24187651310599856,0.23174639505607786,0.010989010989007397,-0.024420024420024333,1
0.019000199798028916,0.24243342364839265,0.23174639505607786,0.010989010989007397,-0.024420024420024333,1
0.020000199787318707,0.24298938490713404,0.23174639505607786,0.010989010989007397,-0.024420024420024333,1
0.021000199776608497,0.24354434749853013,0.23174639505607786,0.010989010989007397,-0.024420024420024333,1
0.022000199765898287,0.2440982621275958,0.23174639505607786,0.010989010989007397,-0.024420024420024333,1
0.023000199755188078,0.24465107959243196,0.23174639505607786,0.010989010989007397,-0.024420024420024333,1
0.024000199744477868,0.24520275078859596,0.23174639505607786,0.010989010989007397,-0.024420024420024333,1
0.02500019973376766,0.2457532267134634,0.23174639505607786,0.010989010989007397,-0.024420024420024333,1
0.02600019972305745,0.24630245847058077,0.23174639505607786,0.010989010989007397,-0.024420024420024333,1
0.02700019971234724,0.24685039727400876,0.23174639505607786,0.010989010989007397,-0.024420024420024333,1
0.02800019970163703,0.24739699445265562,0.23174639505607786,0.010989010989007397,-0.024420024420024333,1
0.02900019969092682,0.2479422014546005,0.23174639505607786,0.010989010989007397,-0.024420024420024333,1
0.03000019968021661,0.2484859698514061,0.23174639505607786,0.010989010989007397,-0.024420024420024333,1
0.0310001996695064,0.24902825134242035,0.23174639505607786,0.010989010989007397,-0.024420024420024333,1
0.03200019965879619,0.2495689977590667,0.23174639505607786,0.010989010989007397,-0.024420024420024333,1
0.03300019964808598,0.2501081610691228,0.23174639505607786,0.010989010989007397,-0.024420024420024333,1
0.03400019963737577,0.25064569338098697,0.23174639505607786,0.010989010989007397,-0.024420024420024333,1
0.03500019962666556,0.25118154694793227,0.23174639505607786,0.010989010989007397,-0.024420024420024333,1
0.03600019961595535,0.25171567417234747,0.23174639505607786,0.010989010989007397,-0.024420024420024333,1
0.03700019960524514,0.25224802760996523,0.23174639505607786,0.010989010989007397,-0.024420024420024333,1
0.038000199594534934,0.25277855997407606,0.23174639505607786,0.010989010989007397,-0.024420024420024333,1
0.039000199583824724,0.2533072241397288,0.23174639505607786,0.010989010989007397,-0.024420024420024333,1
0.040000199573114514,0.25383397314791645,0.23174639505607786,0.010989010989007397,-0.024420024420024333,1
0.041000199562404305,0.2543587602097474,0.23174639505607786,0.010989010989007397,-0.024420024420024333,1
0.042000199551694095,0.2548815387106015,0.23174639505607786,0.010989010989007397,-0.024420024420024333,1
0.043000199540983886,0.2554022622142705,0.23174639505607786,0.010989010989007397,-0.024420024420024333,1
0.044000199530273676,0.2559208844670829,0.23174639505607786,0.010989010989007397,-0.024420024420024333,1
0.045000199519563466,0.25643735940201245,0.23174639505607786,0.010989010989007397,-0.024420024420024333,1
0.04600019950885326,0.2569516411427702,0.23174639505607786,0.010989010989007397,-0.024420024420024333,1
0.04700019949814305,0.25746368400787917,0.23174639505607786,0.010989010989007397,-0.024420024420024333,1
0.04800019948743284,0.2579734425147325,0.23174639505607786,0.010989010989007397,-0.024420024420024333,1
0.04900019947672263,0.25848087138363296,0.23174639505607786,0.010989010989007397,-0.024420024420024333,1
0.05000019946601242,0.2589859255418155,0.23174639505607786,0.010989010989007397,-0.024420024420024333,1
0.05100019945530221,0.25948856012745036,0.23174639505607786,0.010989010989007397,-0.024420024420024333,1
0.052000199444592,0.2599887304936284,0.23174639505607786,0.010989010989007397,-0.024420024420024333,1
0.05300019943388179,0.26048639221232667,0.23174639505607786,0.010989010989007397,-0.024420024420024333,1
0.05400019942317158,0.2609815010783546,0.23174639505607786,0.010989010989007397,-0.024420024420024333,1
0.05500019941246137,0.26147401311328095,0.23174639505607786,0.010989010989007397,-0.024420024420024333,1
0.05600019940175116,0.26196388456933994,0.23174639505607786,0.010989010989007397,-0.024420024420024333,1
0.05700019939104095,0.2624510719333173,0.23174639505607786,0.010989010989007397,-0.024420024420024333,1
0.05800019938033074,0.2629355319304153,0.23174639505607786,0.010989010989007397,-0.024420024420024333,1
0.05900019936962053,0.26341722152809677,0.23174639505607786,0.010989010989007397,-0.024420024420024333,1
0.06000019935891032,0.26389609793990737,0.23174639505607786,0.010989010989007397,-0.024420024420024333,1
0.06100019934820011,0.2643721186292762,0.23174639505607786,0.010989010989007397,-0.024420024420024333,1
0.0620001993374899,0.26484524131329407,0.23174639505607786,0.010989010989007397,-0.024420024420024333,1
0.0630001993267797,0.2653154239664695,0.23174639505607786,0.010989010989007397,-0.024420024420024333,1
0.06400019931606948,0.2657826248244615,0.23174639505607786,0.010989010989007397,-0.024420024420024333,1
0.06500019930535927,0.26624680238778936,0.23174639505607786,0.010989010989007397,-0.024420024420024333,1
0.06600019929464906,0.2667079154255188,0.23174639505607786,0.010989010989007397,-0.024420024420024333,1
0.06700019928393885,0.26716592297892455,0.23174639505607786,0.010989010989007397,-0.024420024420024333,1
0.06800019927322865,0.2676207843651284,0.23174639505607786,0.010989010989007397,-0.024420024420024333,1
0.06900019926251844,0.26807245918071265,0.23174639505607786,0.010989010989007397,-0.024420024420024333,1
0.07000019925180823,0.26852090730530953,0.23174639505607786,0.010989010989007397,-0.024420024420024333,1
0.07100019924109802,0.2689660889051645,0.23174639505607786,0.010989010989007397,-0.024420024420024333,1
0.0720001992303878,0.2694079644366746,0.23174639505607786,0.010989010989007397,-0.024420024420024333,1
0.0730001992196776,0.26984649464990096,0.23174639505607786,0.010989010989007397,-0.024420024420024333,1
0.07400019920896739,0.27028164059205534,0.23174639505607786,0.010989010989007397,-0.024420024420024333,1
0.07500019919825718,0.2707133636109599,0.23174639505607786,0.010989010989007397,-0.024420024420024333,1
0.07600019918754697,0.2711416253584806,0.23174639505607786,0.010989010989007397,-0.024420024420024333,1
0.07700019917683676,0.2715663877939336,0.23174639505607786,0.010989010989007397,-0.024420024420024333,1
0.07800019916612655,0.2719876131874642,0.23174639505607786,0.010989010989007397,-0.024420024420024333,1
0.07900019915541634,0.27240526412339816,0.23174639505607786,0.010989010989007397,-0.024420024420024333,1
0.08000019914470613,0.2728193035035653,0.23174639505607786,0.010989010989007397,-0.024420024420024333,1
0.08100019913399592,0.2732296945505946,0.23174639505607786,0.010989010989007397,-0.024420024420024333,1
0.08200019912328571,0.27363640081118107,0.23174639505607786,0.010989010989007397,-0.024420024420024333,1
0.0830001991125755,0.2740393861593239,0.23174639505607786,0.010989010989007397,-0.024420024420024333,1
0.08400019910186529,0.2744386147995351,0.23174639505607786,0.010989010989007397,-0.024420024420024333,1
0.08500019909115508,0.2748340512700192,0.23174639505607786,0.010989010989007397,-0.024420024420024333,1
0.08600019908044487,0.2752256604458232,0.23174639505607786,0.010989010989007397,-0.024420024420024333,1
0.08700019906973466,0.2756134075419565,0.23174639505607786,0.010989010989007397,-0.024420024420024333,1
0.08800019905902445,0.27599725811648085,0.23174639505607786,0.010989010989007397,-0.024420024420024333,1
0.08900019904831424,0.27637717807356943,0.23174639505607786,0.010989010989007397,-0.024420024420024333,1
0.09000019903760403,0.27675313366653564,0.23174639505607786,0.010989010989007397,-0.024420024420024333,1
0.09100019902689382,0.2771250915008306,0.23174639505607786,0.010989010989007397,-0.024420024420024333,1
0.09200019901618361,0.27749301853700953,0.23174639505607786,0.010989010989007397,-0.024420024420024333,1
0.0930001990054734,0.2778568820936663,0.23174639505607786,0.010989010989007397,-0.024420024420024333,1
0.0940001989947632,0.27821664985033673,0.23174639505607786,0.010989010989007397,-0.024420024420024333,1
0.09500019898405299,0.2785722898503691,0.23174639505607786,0.010989010989007397,-0.024420024420024333,1
0.09600019897334278,0.2789237705037628,0.23174639505607786,0.010989010989007397,-0.024420024420024333,1
0.09700019896263257,0.27927106058997475,0.23174639505607786,0.010989010989007397,-0.024420024420024333,1
0.09800019895192236,0.279614129260692,0.23174639505607786,0.010989010989007397,-0.024420024420024333,1
0.09900019894121215,0.27995294604257226,0.23174639505607786,0.010989010989007397,-0.024420024420024333,1
0.10000019893050194,0.2802874808399505,0.23174639505607786,0.010989010989007397,-0.024420024420024333,1
0.10100019891979173,0.2806177039375123,0.23174639505607786,0.010989010989007397,-0.024420024420024333,1
0.10200019890908152,0.2809435860029334,0.23174639505607786,0.010989010989007397,-0.024420024420024333,1
0.10300019889837131,0.2812650980894852,0.23174639505607786,0.010989010989007397,-0.024420024420024333,1
0.1040001988876611,0.2815822116386056,0.23174639505607786,0.010989010989007397,-0.024420024420024333,1
0.10500019887695089,0.2818948984824363,0.23174639505607786,0.010989010989007397,-0.024420024420024333,1
0.10600019886624068,0.2822031308463244,0.23174639505607786,0.010989010989007397,-0.024420024420024333,1
0.10700019885553047,0.2825068813512897,0.23174639505607786,0.010989010989007397,-0.024420024420024333,1
0.10800019884482026,0.28280612301645663,0.23174639505607786,0.010989010989007397,-0.024420024420024333,1
0.10900019883411005,0.28310082926145075,0.23174639505607786,0.010989010989007397,-0.024420024420024333,1
0.11000019882339984,0.28339097390876,0.23174639505607786,0.010989010989007397,-0.024420024420024333,1
0.11100019881268963,0.2836765311860597,0.23136491950866045,-0.010989010989007397,-0.024420024420024333,1
0.11200019880197942,0.28395747572850183,0.23136491950866045,0.010989010989007397,-0.073260073260073,1
0.11300019879126921,0.2842337825809683,0.23174639505607786,0.0329670329670364,-0.1025641025641022,1
0.114000198780559,0.2845054272002873,0.23174639505607786,0.0329670329670364,-0.20024420024419953,1
0.1150001987698488,0.2847723854574137,0.23212787060349527,0.0329670329670364,-0.3076923076923066,1
0.11600019875913858,0.2850346336395719,0.23250934615091268,0.0549450549450512,-0.39560439560439775,1
0.11700019874842837,0.2852921484523625,0.23289082169833009,0.0769230769230802,-0.45421245421245615,1
0.11800019873771816,0.28554490702183144,0.2336537727931649,0.098901098901095,-0.5225885225885243,1
0.11900019872700796,0.28579288689650156,0.23479819943541713,0.1648351648351678,-0.571428571428573,1
0.12000019871629775,0.286036066049367,0.23556115053025195,0.1428571428571388,-0.5616605616605632,1
0.12100019870558754,0.2862744228798498,0.23670557717250418,0.1428571428571388,-0.6300366300366314,1
0.12200019869487733,0.28650793621571846,0.23861295490959122,0.2087912087912116,-0.6691086691086703,1
0.12300019868416712,0.2867365853149688,0.24013885709926086,0.2307692307692264,-0.6007326007326022,1
0.12400019867345691,0.2869603498676662,0.24242771038376532,0.2307692307692264,-0.6300366300366314,1
0.1250001986627467,0.28717920999774965,0.24929427023727868,0.340659340659343,-0.4932844932844951,1
0.1260001986520365,0.28739314626479734,0.24929427023727868,0.340659340659343,-0.4932844932844951,1
0.12700019864132628,0.28760213966575343,0.24929427023727868,0.340659340659343,-0.4932844932844951,1
0.12800019863061607,0.2878061716366161,0.24929427023727868,0.340659340659343,-0.4932844932844951,1
0.12900019861990586,0.28800522405408624,0.24929427023727868,0.340659340659343,-0.4932844932844951,1
0.13000019860919565,0.28819927923717764,0.24929427023727868,0.340659340659343,-0.4932844932844951,1
0.13100019859848544,0.2883883199487873,0.24929427023727868,0.340659340659343,-0.4932844932844951,1
0.13200019858777523,0.2885723293972264,0.24929427023727868,0.340659340659343,-0.4932844932844951,1
0.13300019857706502,0.28875129123771215,0.24929427023727868,0.340659340659343,-0.4932844932844951,1
0.1340001985663548,0.2889251895738195,0.24929427023727868,0.340659340659343,-0.4932844932844951,1
0.1350001985556446,0.2890940089588931,0.24929427023727868,0.340659340659343,-0.4932844932844951,1
0.1360001985449344,0.28925773439741925,0.24929427023727868,0.340659340659343,-0.4932844932844951,1
0.13700019853422418,0.28941635134635824,0.24929427023727868,0.340659340659343,-0.4932844932844951,1
0.13800019852351397,0.28956984571643574,0.24929427023727868,0.340659340659343,-0.4932844932844951,1
0.13900019851280376,0.28971820387339464,0.24929427023727868,0.340659340659343,-0.4932844932844951,1
0.14000019850209355,0.28986141263920584,0.24929427023727868,0.340659340659343,-0.4932844932844951,1
0.14100019849138334,0.289999459293239,0.24929427023727868,0.340659340659343,-0.4932844932844951,1
0.14200019848067313,0.2901323315733924,0.24929427023727868,0.340659340659343,-0.4932844932844951,1
0.14300019846996292,0.2902600176771821,0.24929427023727868,0.340659340659343,-0.4932844932844951,1
0.14400019845925272,0.2903825062627903,0.24929427023727868,0.340659340659343,-0.4932844932844951,1
0.1450001984485425,0.29049978645007274,0.24929427023727868,0.340659340659343,-0.4932844932844951,1
0.1460001984378323,0.2906118478215254,0.24929427023727868,0.340659340659343,-0.4932844932844951,1
0.1470001984271221,0.2907186804232094,0.24929427023727868,0.340659340659343,-0.4932844932844951,1
0.14800019841641188,0.2908202747656357,0.24929427023727868,0.340659340659343,-0.4932844932844951,1
0.14900019840570167,0.2909166218246075,0.24929427023727868,0.340659340659343,-0.4932844932844951,1
0.15000019839499146,0.29100771304202205,0.24929427023727868,0.340659340659343,-0.4932844932844951,1
0.15100019838428125,0.29109354032663104,0.24929427023727868,0.340659340659343,-0.4932844932844951,1
0.15200019837357104,0.29117409605475875,0.24929427023727868,0.340659340659343,-0.4932844932844951,1
0.15300019836286083,0.29124937307098,0.24929427023727868,0.340659340659343,-0.4932844932844951,1
0.15400019835215062,0.2913193646887549,0.24929427023727868,0.340659340659343,-0.4932844932844951,1
0.1550001983414404,0.29138406469102357,0.24929427023727868,0.340659340659343,-0.4932844932844951,1
0.1560001983307302,0.2914434673307577,0.24929427023727868,0.340659340659343,-0.4932844932844951,1
0.15700019832002,0.2914975673314715,0.24929427023727868,0.340659340659343,-0.4932844932844951,1
0.15800019830930978,0.29154635988769023,0.24929427023727868,0.340659340659343,-0.4932844932844951,1
0.15900019829859957,0.29158984066537696,0.24929427023727868,0.340659340659343,-0.4932844932844951,1
0.16000019828788936,0.2916280058023178,0.24929427023727868,0.340659340659343,-0.4932844932844951,1
0.16100019827717915,0.2916608519084645,0.24929427023727868,0.340659340659343,-0.4932844932844951,1
0.16200019826646894,0.29168837606623627,0.24929427023727868,0.340659340659343,-0.4932844932844951,1
0.16300019825575873,0.2917105758307782,0.24929427023727868,0.340659340659343,-0.4932844932844951,1
0.16400019824504852,0.29172744923017885,0.24929427023727868,0.340659340659343,-0.4932844932844951,1
0.1650001982343383,0.2917389947656454,0.24929427023727868,0.340659340659343,-0.4932844932844951,1
0.1660001982236281,0.29174521141163673,0.24929427023727868,0.340659340659343,-0.4932844932844951,1
0.1670001982129179,0.2917460986159543,0.24929427023727868,0.340659340659343,-0.4932844932844951,1
0.16800019820220768,0.2917416562997915,0.24929427023727868,0.340659340659343,-0.4932844932844951,1
0.16900019819149747,0.2917318848577406,0.24929427023727868,0.340659340659343,-0.4932844932844951,1
0.17000019818078727,0.2917167851577575,0.24929427023727868,0.340659340659343,-0.4932844932844951,1
0.17100019817007706,0.2916963585410849,0.24929427023727868,0.340659340659343,-0.4932844932844951,1
0.17200019815936685,0.29167060682213286,0.24929427023727868,0.340659340659343,-0.4932844932844951,1
0.17300019814865664,0.291639532288318,0.24929427023727868,0.340659340659343,-0.4932844932844951,1
0.17400019813794643,0.29160313769986,0.24929427023727868,0.340659340659343,-0.4932844932844951,1
0.17500019812723622,0.2915614262895366,0.24929427023727868,0.340659340659343,-0.4932844932844951,1
0.176000198116526,0.2915144017623963,0.24929427023727868,0.340659340659343,-0.4932844932844951,1
0.1770001981058158,0.2914620682954294,0.24929427023727868,0.340659340659343,-0.4932844932844951,1
0.1780001980951056,0.29140443053719706,0.24929427023727868,0.340659340659343,-0.4932844932844951,1
0.17900019808439538,0.291341493607418,0.24929427023727868,0.340659340659343,-0.4932844932844951,1
0.18000019807368517,0.2912732630965142,0.24929427023727868,0.340659340659343,-0.4932844932844951,1
0.18100019806297496,0.291199745065114,0.24929427023727868,0.340659340659343,-0.4932844932844951,1
0.18200019805226475,0.2911209460435138,0.24929427023727868,0.340659340659343,-0.4932844932844951,1
0.18300019804155454,0.29103687303109826,0.24929427023727868,0.340659340659343,-0.4932844932844951,1
0.18400019803084433,0.29094753349571834,0.24929427023727868,0.340659340659343,-0.4932844932844951,1
0.18500019802013412,0.2908529353730279,0.24929427023727868,0.340659340659343,-0.4932844932844951,1
0.1860001980094239,0.29075308706577907,0.24929427023727868,0.340659340659343,-0.4932844932844951,1
0.1870001979987137,0.29064799744307557,0.24929427023727868,0.340659340659343,-0.4932844932844951,1
0.1880001979880035,0.2905376758395851,0.24929427023727868,0.340659340659343,-0.4932844932844951,1
0.18900019797729328,0.29042213205471024,0.24929427023727868,0.340659340659343,-0.4932844932844951,1
0.19000019796658307,0.2903013763517178,0.24929427023727868,0.340659340659343,-0.4932844932844951,1
0.19100019795587286,0.29017541945682734,0.24929427023727868,0.340659340659343,-0.4932844932844951,1
0.19200019794516265,0.29004427255825826,0.24929427023727868,0.340659340659343,-0.4932844932844951,1
0.19300019793445244,0.2899079473052362,0.24929427023727868,0.340659340659343,-0.4932844932844951,1
0.19400019792374223,0.2897664558069581,0.24929427023727868,0.340659340659343,-0.4932844932844951,1
0.19500019791303203,0.28961981063151665,0.24929427023727868,0.340659340659343,-0.4932844932844951,1
0.19600019790232182,0.289468024804784,0.24929427023727868,0.340659340659343,-0.4932844932844951,1
0.1970001978916116,0.2893111118092547,0.24929427023727868,0.340659340659343,-0.4932844932844951,1
0.1980001978809014,0.2891490855828479,0.24929427023727868,0.340659340659343,-0.4932844932844951,1
0.1990001978701912,0.2889819605176696,0.24929427023727868,0.340659340659343,-0.4932844932844951,1
0.20000019785948098,0.2888097514587341,0.24929427023727868,0.340659340659343,-0.4932844932844951,1
0.20100019784877077,0.2886324737026455,0.24929427023727868,0.340659340659343,-0.4932844932844951,1
0.20200019783806056,0.2884501429962387,0.24929427023727868,0.340659340659343,-0.4932844932844951,1
0.20300019782735035,0.288262775535181,0.24929427023727868,0.340659340659343,-0.4932844932844951,1
0.20400019781664014,0.28807038796253326,0.24929427023727868,0.340659340659343,-0.4932844932844951,1
0.20500019780592993,0.28787299736727173,0.24929427023727868,0.340659340659343,-0.4932844932844951,1
0.20600019779521972,0.2876706212827701,0.24929427023727868,0.340659340659343,-0.4932844932844951,1
0.2070001977845095,0.28746327768524194,0.24929427023727868,0.340659340659343,-0.4932844932844951,1
0.2080001977737993,0.287250984992144,0.24929427023727868,0.340659340659343,-0.4932844932844951,1
0.2090001977630891,0.2870337620605405,0.24929427023727868,0.340659340659343,-0.4932844932844951,1
0.21000019775237888,0.2868116281854277,0.24929427023727868,0.340659340659343,-0.4932844932844951,1
0.21100019774166867,0.2865846030980205,0.24929427023727868,0.340659340659343,-0.4932844932844951,1
0.21200019773095846,0.2863527069639993,0.24929427023727868,0.340659340659343,-0.4932844932844951,1
0.21300019772024825,0.2861159603817191,0.24929427023727868,0.340659340659343,-0.4932844932844951,1
0.21400019770953804,0.2858743843803799,0.24929427023727868,0.340659340659343,-0.4932844932844951,1
0.21500019769882783,0.2856280004181584,0.24929427023727868,0.340659340659343,-0.4932844932844951,1
0.21600019768811762,0.28537683038030226,0.24929427023727868,0.340659340659343,-0.4932844932844951,1
0.2170001976774074,0.2851208965771862,0.24929427023727868,0.340659340659343,-0.4932844932844951,1
0.2180001976666972,0.28486022174232983,0.24929427023727868,0.340659340659343,-0.4932844932844951,1
0.219000197655987,0.28459482903037875,0.24929427023727868,0.340659340659343,-0.4932844932844951,1
0.22000019764527678,0.28432474201504765,0.24929427023727868,0.340659340659343,-0.4932844932844951,1
0.22100019763456658,0.28404998468702647,0.24929427023727868,0.340659340659343,-0.4932844932844951,1
0.22200019762385637,0.2837705814518492,0.24929427023727868,0.340659340659343,-0.4932844932844951,1
0.22300019761314616,0.2834865571277261,0.24929427023727868,0.340659340659343,-0.4932844932844951,1
0.22400019760243595,0.28319793694333945,0.24929427023727868,0.340659340659343,-0.4932844932844951,1
0.22500019759172574,0.2829047465356023,0.24929427023727868,0.340659340659343,-0.4932844932844951,1
0.22600019758101553,0.28260701194738136,0.24929427023727868,0.340659340659343,-0.4932844932844951,1
0.22700019757030532,0.2823047596251837,0.24929427023727868,0.340659340659343,-0.4932844932844951,1
0.2280001975595951,0.28199801641680766,0.24929427023727868,0.340659340659343,-0.4932844932844951,1
0.2290001975488849,0.2816868095689581,0.24929427023727868,0.340659340659343,-0.4932844932844951,1
0.2300001975381747,0.281371166724826,0.24929427023727868,0.340659340659343,-0.4932844932844951,1
0.23100019752746448,0.2810511159216333,0.24929427023727868,0.340659340659343,-0.4932844932844951,1
0.23200019751675427,0.2807266855881423,0.24929427023727868,0.340659340659343,-0.4932844932844951,1
0.23300019750604406,0.2803979045421304,0.24929427023727868,0.340659340659343,-0.4932844932844951,1
0.23400019749533385,0.2800648019878307,0.24929427023727868,0.340659340659343,-0.4932844932844951,1
0.23500019748462364,0.27972740751333736,0.25158312352178314,0.2747252747252702,-0.4932844932844951,1
0.23600019747391343,0.27938575108797775,0.2534905012588702,0.340659340659343,-0.4346764346764367,1
0.23700019746320322,0.27903986305965056,0.2592126344701313,0.3846153846153868,-0.33699633699633935,1
0.238000197452493,0.2786897741521297,0.26073853665980096,0.2967032967032992,-0.3076923076923066,1
0.2390001974417828,0.2783355154623355,0.2634088654917228,0.318681318681314,-0.28815628815628713,1
0.2400001974310726,0.2779771184575725,0.26417181658655764,0.2307692307692264,-0.28815628815628713,1
0.24100019742036238,0.2776146149727342,0.2656977187762273,0.2747252747252702,-0.26862026862026767,1
0.24200019740965217,0.2772480372074756,0.2676050965133143,0.2527472527472554,-0.2490842490842482,1
0.24300019739894196,0.2768774177233526,0.26836804760814914,0.1648351648351678,-0.25885225885225793,1
0.24400019738823175,0.27650278944093004,0.27332722972457546,0.010989010989007397,-0.1611721611721606,1
0.24500019737752154,0.2761241856368574,0.27332722972457546,0.010989010989007397,-0.1611721611721606,1
0.24600019736681134,0.27574163994091305,0.27332722972457546,0.010989010989007397,-0.1611721611721606,1
0.24700019735610113,0.2753551863330167,0.27332722972457546,0.010989010989007397,-0.1611721611721606,1
0.24800019734539092,0.2749648591402118,0.27332722972457546,0.010989010989007397,-0.1611721611721606,1
0.2490001973346807,0.2745706930336156,0.27332722972457546,0.010989010989007397,-0.1611721611721606,1
0.2500001973239705,0.2741727230253402,0.27332722972457546,0.010989010989007397,-0.1611721611721606,1
0.2510001973132603,0.27377098446538195,0.27332722972457546,0.010989010989007397,-0.1611721611721606,1
0.2520001973025501,0.27336551303848194,0.27332722972457546,0.010989010989007397,-0.1611721611721606,1
0.25300019729183987,0.27295634476095604,0.27332722972457546,0.010989010989007397,-0.1611721611721606,1
0.25400019728112966,0.27254351597749565,0.27332722972457546,0.010989010989007397,-0.1611721611721606,1
0.25500019727041945,0.2721270633579396,0.27332722972457546,0.010989010989007397,-0.1611721611721606,1
0.25600019725970924,0.27170702389401674,0.27332722972457546,0.010989010989007397,-0.1611721611721606,1
0.25700019724899903,0.27128343489606016,0.27332722972457546,0.010989010989007397,-0.1611721611721606,1
0.2580001972382888,0.2708563339896931,0.27332722972457546,0.010989010989007397,-0.1611721611721606,1
0.2590001972275786,0.27042575911248673,0.27332722972457546,0.010989010989007397,-0.1611721611721606,1
0.2600001972168684,0.26999174851059055,0.27332722972457546,0.010989010989007397,-0.1611721611721606,1
0.2610001972061582,0.2695543407353348,0.27332722972457546,0.010989010989007397,-0.1611721611721606,1
0.262000197195448,0.26911357463980645,0.27332722972457546,0.010989010989007397,-0.1611721611721606,1
0.26300019718473777,0.26866948937539775,0.27332722972457546,0.010989010989007397,-0.1611721611721606,1
0.26400019717402756,0.2682221243883288,0.27332722972457546,0.010989010989007397,-0.1611721611721606,1
0.26500019716331735,0.26777151941614374,0.27332722972457546,0.010989010989007397,-0.1611721611721606,1
0.26600019715260714,0.2673177144841806,0.27332722972457546,0.010989010989007397,-0.1611721611721606,1
0.26700019714189693,0.2668607499020166,0.27332722972457546,0.010989010989007397,-0.1611721611721606,1
0.2680001971311867,0.2664006662598873,0.27332722972457546,0.010989010989007397,-0.1611721611721606,1
0.2690001971204765,0.26593750442508113,0.27332722972457546,0.010989010989007397,-0.1611721611721606,1
0.2700001971097663,0.2654713055383094,0.27332722972457546,0.010989010989007397,-0.1611721611721606,1
0.2710001970990561,0.265002111010052,0.27332722972457546,0.010989010989007397,-0.1611721611721606,1
0.2720001970883459,0.26452996251687894,0.27332722972457546,0.010989010989007397,-0.1611721611721606,1
0.2730001970776357,0.26405490199774856,0.27332722972457546,0.010989010989007397,-0.1611721611721606,1
0.27400019706692547,0.26357697165028204,0.27332722972457546,0.010989010989007397,-0.1611721611721606,1
0.27500019705621526,0.2630962139270154,0.27332722972457546,0.010989010989007397,-0.1611721611721606,1
0.27600019704550505,0.2626126715316285,0.27332722972457546,0.010989010989007397,-0.1611721611721606,1
0.27700019703479484,0.2621263874151518,0.27332722972457546,0.010989010989007397,-0.1611721611721606,1
0.2780001970240846,0.2616374047721514,0.27332722972457546,0.010989010989007397,-0.1611721611721606,1
0.2790001970133744,0.2611457670368922,0.27332722972457546,0.010989010989007397,-0.1611721611721606,1
0.2800001970026642,0.2606515178794794,0.27332722972457546,0.010989010989007397,-0.1611721611721606,1
0.281000196991954,0.2601547012019801,0.27332722972457546,0.010989010989007397,-0.1611721611721606,1
0.2820001969812438,0.25965536113452325,0.27332722972457546,0.010989010989007397,-0.1611721611721606,1
0.2830001969705336,0.25915354203138,0.27332722972457546,0.010989010989007397,-0.1611721611721606,1
0.28400019695982337,0.25864928846702373,0.27332722972457546,0.010989010989007397,-0.1611721611721606,1
0.28500019694911316,0.2581426452321706,0.27332722972457546,0.010989010989007397,-0.1611721611721606,1
0.28600019693840295,0.25763365732980137,0.27332722972457546,0.010989010989007397,-0.1611721611721606,1
0.28700019692769274,0.2571223699711634,0.27332722972457546,0.010989010989007397,-0.1611721611721606,1
0.28800019691698253,0.2566088285717553,0.27332722972457546,0.010989010989007397,-0.1611721611721606,1
0.2890001969062723,0.25609307874729265,0.27332722972457546,0.010989010989007397,-0.1611721611721606,1
0.2900001968955621,0.2555751663096558,0.27332722972457546,0.010989010989007397,-0.1611721611721606,1
0.2910001968848519,0.2550551372628213,0.27332722972457546,0.010989010989007397,-0.1611721611721606,1
0.2920001968741417,0.2545330377987748,0.27332722972457546,0.010989010989007397,-0.1611721611721606,1
0.2930001968634315,0.2540089142934086,0.27332722972457546,0.010989010989007397,-0.1611721611721606,1
0.2940001968527213,0.253482813302402,0.27332722972457546,0.010989010989007397,-0.1611721611721606,1
0.29500019684201106,0.25295478155708595,0.27332722972457546,0.010989010989007397,-0.1611721611721606,1
0.29600019683130085,0.2524248659602922,0.27332722972457546,0.010989010989007397,-0.1611721611721606,1
0.29700019682059065,0.25189311358218713,0.27332722972457546,0.010989010989007397,-0.1611721611721606,1
0.29800019680988044,0.2513595716560905,0.27332722972457546,0.010989010989007397,-0.1611721611721606,1
0.2990001967991702,0.25082428757428027,0.27332722972457546,0.010989010989007397,-0.1611721611721606,1
0.30000019678846,0.25028730888378253,0.27332722972457546,0.010989010989007397,-0.1611721611721606,1
0.3010001967777498,0.2497486832821485,0.27332722972457546,0.010989010989007397,-0.1611721611721606,1
0.3020001967670396,0.24920845861321744,0.27332722972457546,0.010989010989007397,-0.1611721611721606,1
0.3030001967563294,0.24866668286286703,0.27332722972457546,0.010989010989007397,-0.1611721611721606,1
0.3040001967456192,0.24812340415475106,0.27332722972457546,0.010989010989007397,-0.1611721611721606,1
0.30500019673490897,0.24757867074602455,0.27332722972457546,0.010989010989007397,-0.1611721611721606,1
0.30600019672419876,0.24703253102305758,0.27332722972457546,0.010989010989007397,-0.1611721611721606,1
0.30700019671348855,0.24648503349713716,0.27332722972457546,0.010989010989007397,-0.1611721611721606,1
0.30800019670277834,0.24593622680015814,0.27332722972457546,0.010989010989007397,-0.1611721611721606,1
0.30900019669206813,0.24538615968030358,0.27332722972457546,0.010989010989007397,-0.1611721611721606,1
0.3100001966813579,0.24483488099771458,0.27332722972457546,0.010989010989007397,-0.1611721611721606,1
0.3110001966706477,0.24428243972015018,0.27332722972457546,0.010989010989007397,-0.1611721611721606,1
0.3120001966599375,0.24372888491863795,0.27332722972457546,0.010989010989007397,-0.1611721611721606,1
0.3130001966492273,0.2431742657631149,0.27332722972457546,0.010989010989007397,-0.1611721611721606,1
0.3140001966385171,0.24261863151806035,0.27332722972457546,0.010989010989007397,-0.1611721611721606,1
0.31500019662780687,0.24206203153811956,0.27332722972457546,0.010989010989007397,-0.1611721611721606,1
0.31600019661709666,0.24150451526372,0.27332722972457546,0.010989010989007397,-0.1611721611721606,1
0.31700019660638645,0.24094613221667974,0.27332722972457546,0.010989010989007397,-0.1611721611721606,1
0.31800019659567624,0.24038693199580857,0.27332722972457546,0.010989010989007397,-0.1611721611721606,1
0.31900019658496603,0.23982696427250239,0.27332722972457546,0.010989010989007397,-0.1611721611721606,1
0.3200001965742558,0.23926627878633117,0.27332722972457546,0.010989010989007397,-0.1611721611721606,1
0.3210001965635456,0.23870492534062054,0.27332722972457546,0.010989010989007397,-0.1611721611721606,1
0.3220001965528354,0.2381429537980284,0.27332722972457546,0.010989010989007397,-0.1611721611721606,1
0.3230001965421252,0.23758041407611544,0.27332722972457546,0.010989010989007397,-0.1611721611721606,1
0.324000196531415,0.2370173561429113,0.27332722972457546,0.010989010989007397,-0.1611721611721606,1
0.3250001965207048,0.23645383001247627,0.27332722972457546,0.010989010989007397,-0.1611721611721606,1
0.32600019650999457,0.2358898857404585,0.27332722972457546,0.010989010989007397,-0.1611721611721606,1
0.32700019649928436,0.2353255734196479,0.27332722972457546,0.010989010989007397,-0.1611721611721606,1
0.32800019648857415,0.23476094317552676,0.27332722972457546,0.010989010989007397,-0.1611721611721606,1
0.32900019647786394,0.2341960451618169,0.27332722972457546,0.010989010989007397,-0.1611721611721606,1
0.33000019646715373,0.23363092955602524,0.27332722972457546,0.010989010989007397,-0.1611721611721606,1
0.3310001964564435,0.23306564655498627,0.27332722972457546,0.010989010989007397,-0.1611721611721606,1
0.3320001964457333,0.23250024637040365,0.27332722972457546,0.010989010989007397,-0.1611721611721606,1
0.3330001964350231,0.2319347792243899,0.27332722972457546,0.010989010989007397,-0.1611721611721606,1
0.3340001964243129,0.2313692953450054,0.27332722972457546,0.010989010989007397,-0.1611721611721606,1
0.3350001964136027,0.23080384496179698,0.27332722972457546,0.010989010989007397,-0.1611721611721606,1
0.33600019640289247,0.230238478301336,0.27332722972457546,0.010989010989007397,-0.1611721611721606,1
0.33700019639218226,0.22967324558275728,0.27332722972457546,0.010989010989007397,-0.1611721611721606,1
0.33800019638147205,0.229108197013298,0.27332722972457546,0.010989010989007397,-0.1611721611721606,1
0.33900019637076184,0.22854338278383815,0.27332722972457546,0.010989010989007397,-0.1611721611721606,1
0.34000019636005163,0.22797885306444238,0.27332722972457546,0.010989010989007397,-0.1611721611721606,1
0.3410001963493414,0.22741465799990346,0.27332722972457546,0.010989010989007397,-0.1611721611721606,1
0.3420001963386312,0.22685084770528813,0.27332722972457546,0.010989010989007397,-0.1611721611721606,1
0.343000196327921,0.22628747226148577,0.27332722972457546,0.010989010989007397,-0.1611721611721606,1
0.3440001963172108,0.22572458171075965,0.27332722972457546,0.010989010989007397,-0.1611721611721606,1
0.3450001963065006,0.22516222605230213,0.27332722972457546,0.010989010989007397,-0.1611721611721606,1
0.3460001962957904,0.22460045523779337,0.27332722972457546,0.010989010989007397,-0.1611721611721606,1
0.34700019628508016,0.22403931916696418,0.27332722972457546,0.010989010989007397,-0.1611721611721606,1
0.34800019627436996,0.22347886768316388,0.27332722972457546,0.010989010989007397,-0.1611721611721606,1
0.34900019626365975,0.2229191505689328,0.27332722972457546,0.010989010989007397,-0.1611721611721606,1
0.35000019625294954,0.22236021754158025,0.27332722972457546,0.010989010989007397,-0.1611721611721606,1
0.3510001962422393,0.22180211824876855,0.27332722972457546,0.010989010989007397,-0.1611721611721606,1
0.3520001962315291,0.22124490226410273,0.27332722972457546,0.010989010989007397,-0.1611721611721606,1
0.3530001962208189,0.22068861908272744,0.27332722972457546,0.010989010989007397,-0.1611721611721606,1
0.3540001962101087,0.22013331811693018,0.27332722972457546,0.010989010989007397,-0.1611721611721606,1
0.3550001961993985,0.21957904869175254,0.27332722972457546,0.010989010989007397,-0.1611721611721606,1
0.3560001961886883,0.2190258600406087,0.27332722972457546,0.010989010989007397,-0.1611721611721606,1
0.35700019617797807,0.21847380130091207,0.27370870527199287,0.0329670329670364,-0.15140415140415087,1
0.35800019616726786,0.21792292150971102,0.27332722972457546,-0.010989010989007397,-0.09279609279609247,1
0.35900019615655765,0.21737326959933279,0.27332722972457546,0.010989010989007397,-0.024420024420024333,1
0.36000019614584744,0.21682489439303712,0.27294575417715805,-0.0329670329670364,0.03418803418803407,1
0.36100019613513723,0.2162778446006796,0.27256427862974064,-0.0329670329670364,0.08302808302808273,1
0.362000196124427,0.21573216881438473,0.2714198519874884,-0.120879120879124,0.11233211233211193,1
0.3630001961137168,0.21518791550423008,0.26913099870298396,-0.098901098901095,0.1025641025641022,1
0.3640001961030066,0.21464513301394053,0.26913099870298396,-0.0549450549450512,0.20024420024419953,1
0.3650001960922964,0.21410386955659422,0.2676050965133143,-0.1428571428571388,0.2783882783882774,1
0.3660001960815862,0.21356417321034007,0.26379034103914023,-0.340659340659343,0.12210012210012167,1
0.367000196070876,0.21302609191412708,0.2615014877546358,-0.2967032967032992,0.1318681318681314,1
0.36800019606016576,0.21248967346344622,0.25997558556496614,-0.2087912087912116,0.20024420024419953,1
0.36900019604945555,0.2119549655060849,0.25577935454337464,-0.2967032967032992,0.219780219780219,1
0.37000019603874534,0.21142201553789453,0.25234607461661795,-0.3626373626373578,0.219780219780219,1
0.37100019602803513,0.21089087089857192,0.24891279468986127,-0.4285714285714306,0.22954822954822873,1
0.3720001960173249,0.21036157876745407,0.24891279468986127,-0.4285714285714306,0.22954822954822873,1
0.3730001960066147,0.2098341861593274,0.24891279468986127,-0.4285714285714306,0.22954822954822873,1
0.3740001959959045,0.20930873992025187,0.24891279468986127,-0.4285714285714306,0.22954822954822873,1
0.3750001959851943,0.20878528672339955,0.24891279468986127,-0.4285714285714306,0.22954822954822873,1
0.3760001959744841,0.2082638730649091,0.24891279468986127,-0.4285714285714306,0.22954822954822873,1
0.3770001959637739,0.20774454525975555,0.24891279468986127,-0.4285714285714306,0.22954822954822873,1
0.37800019595306367,0.20722734943763632,0.24891279468986127,-0.4285714285714306,0.22954822954822873,1
0.37900019594235346,0.20671233153887386,0.24891279468986127,-0.4285714285714306,0.22954822954822873,1
0.38000019593164325,0.20619953731033483,0.24891279468986127,-0.4285714285714306,0.22954822954822873,1
0.38100019592093304,0.20568901230136666,0.24891279468986127,-0.4285714285714306,0.22954822954822873,1
0.38200019591022283,0.2051808018597516,0.24891279468986127,-0.4285714285714306,0.22954822954822873,1
0.3830001958995126,0.2046749511276786,0.24891279468986127,-0.4285714285714306,0.22954822954822873,1
0.3840001958888024,0.20417150503773365,0.24891279468986127,-0.4285714285714306,0.22954822954822873,1
0.3850001958780922,0.20367050830890843,0.24891279468986127,-0.4285714285714306,0.22954822954822873,1
0.386000195867382,0.20317200544262826,0.24891279468986127,-0.4285714285714306,0.22954822954822873,1
0.3870001958566718,0.20267604071879922,0.24891279468986127,-0.4285714285714306,0.22954822954822873,1
0.38800019584596157,0.20218265819187475,0.24891279468986127,-0.4285714285714306,0.22954822954822873,1
0.38900019583525136,0.20169190168694284,0.24891279468986127,-0.4285714285714306,0.22954822954822873,1
0.39000019582454115,0.20120381479583288,0.24891279468986127,-0.4285714285714306,0.22954822954822873,1
0.39100019581383094,0.2007184408732438,0.24891279468986127,-0.4285714285714306,0.22954822954822873,1
0.39200019580312073,0.20023582303289295,0.24891279468986127,-0.4285714285714306,0.22954822954822873,1
0.3930001957924105,0.19975600414368652,0.24891279468986127,-0.4285714285714306,0.22954822954822873,1
0.3940001957817003,0.1992790268259117,0.24891279468986127,-0.4285714285714306,0.22954822954822873,1
0.3950001957709901,0.19880493344745093,0.24891279468986127,-0.4285714285714306,0.22954822954822873,1
0.3960001957602799,0.19833376612001838,0.24891279468986127,-0.4285714285714306,0.22954822954822873,1
0.3970001957495697,0.19786556669541955,0.24891279468986127,-0.4285714285714306,0.22954822954822873,1
0.3980001957388595,0.19740037676183356,0.24891279468986127,-0.4285714285714306,0.22954822954822873,1
0.39900019572814927,0.19693823764011925,0.24891279468986127,-0.4285714285714306,0.22954822954822873,1
0.40000019571743906,0.1964791903801447,0.24891279468986127,-0.4285714285714306,0.22954822954822873,1
0.40100019570672885,0.19602327575714085,0.24891279468986127,-0.4285714285714306,0.22954822954822873,1
0.40200019569601864,0.1955705342680798,0.24891279468986127,-0.4285714285714306,0.22954822954822873,1
0.4030001956853084,0.19512100612807762,0.24891279468986127,-0.4285714285714306,0.22954822954822873,1
0.4040001956745982,0.19467473126682197,0.24891279468986127,-0.4285714285714306,0.22954822954822873,1
0.405000195663888,0.19423174932502565,0.24891279468986127,-0.4285714285714306,0.22954822954822873,1
0.4060001956531778,0.19379209965090524,0.24891279468986127,-0.4285714285714306,0.22954822954822873,1
0.4070001956424676,0.19335582129668602,0.24891279468986127,-0.4285714285714306,0.22954822954822873,1
0.4080001956317574,0.19292295301513324,0.24891279468986127,-0.4285714285714306,0.22954822954822873,1
0.40900019562104717,0.1924935332561097,0.24891279468986127,-0.4285714285714306,0.22954822954822873,1
0.41000019561033696,0.19206760016316055,0.24891279468986127,-0.4285714285714306,0.22954822954822873,1
0.41100019559962675,0.19164519157012505,0.24891279468986127,-0.4285714285714306,0.22954822954822873,1
0.41200019558891654,0.19122634499777605,0.24891279468986127,-0.4285714285714306,0.22954822954822873,1
0.41300019557820633,0.19081109765048715,0.24891279468986127,-0.4285714285714306,0.22954822954822873,1
0.4140001955674961,0.19039948641292792,0.24891279468986127,-0.4285714285714306,0.22954822954822873,1
0.4150001955567859,0.18999154784678768,0.24891279468986127,-0.4285714285714306,0.22954822954822873,1
0.4160001955460757,0.18958731818752783,0.24891279468986127,-0.4285714285714306,0.22954822954822873,1
0.4170001955353655,0.18918683334116326,0.24891279468986127,-0.4285714285714306,0.22954822954822873,1
0.4180001955246553,0.1887901288810729,0.24891279468986127,-0.4285714285714306,0.22954822954822873,1
0.4190001955139451,0.18839724004483988,0.24891279468986127,-0.4285714285714306,0.22954822954822873,1
0.42000019550323486,0.18800820173112168,0.24891279468986127,-0.4285714285714306,0.22954822954822873,1
0.42100019549252465,0.18762304849655,0.24891279468986127,-0.4285714285714306,0.22954822954822873,1
0.42200019548181444,0.1872418145526614,0.24891279468986127,-0.4285714285714306,0.22954822954822873,1
0.42300019547110423,0.1868645337628584,0.24891279468986127,-0.4285714285714306,0.22954822954822873,1
0.424000195460394,0.18649123963940145,0.24891279468986127,-0.4285714285714306,0.22954822954822873,1
0.4250001954496838,0.1861219653404324,0.24891279468986127,-0.4285714285714306,0.22954822954822873,1
0.4260001954389736,0.1857567436670289,0.24891279468986127,-0.4285714285714306,0.22954822954822873,1
0.4270001954282634,0.18539560706029107,0.24891279468986127,-0.4285714285714306,0.22954822954822873,1
0.4280001954175532,0.1850385875984597,0.24891279468986127,-0.4285714285714306,0.22954822954822873,1
0.429000195406843,0.18468571699406713,0.24891279468986127,-0.4285714285714306,0.22954822954822873,1
0.43000019539613277,0.18433702659112006,0.24891279468986127,-0.4285714285714306,0.22954822954822873,1
0.43100019538542256,0.18399254736231552,0.24891279468986127,-0.4285714285714306,0.22954822954822873,1
0.43200019537471235,0.18365230990628986,0.24891279468986127,-0.4285714285714306,0.22954822954822873,1
0.43300019536400214,0.1833163444449005,0.24891279468986127,-0.4285714285714306,0.22954822954822873,1
0.43400019535329193,0.1829846808205417,0.24891279468986127,-0.4285714285714306,0.22954822954822873,1
0.4350001953425817,0.18265734849349366,0.24891279468986127,-0.4285714285714306,0.22954822954822873,1
0.4360001953318715,0.1823343765393057,0.24891279468986127,-0.4285714285714306,0.22954822954822873,1
0.4370001953211613,0.18201579364621362,0.24891279468986127,-0.4285714285714306,0.22954822954822873,1
0.4380001953104511,0.1817016281125915,0.24891279468986127,-0.4285714285714306,0.22954822954822873,1
0.4390001952997409,0.18139190784443793,0.24891279468986127,-0.4285714285714306,0.22954822954822873,1
0.44000019528903067,0.1810866603528974,0.24891279468986127,-0.4285714285714306,0.22954822954822873,1
0.44100019527832046,0.1807859127518165,0.24891279468986127,-0.4285714285714306,0.22954822954822873,1
0.44200019526761025,0.18048969175533547,0.24891279468986127,-0.4285714285714306,0.22954822954822873,1
0.44300019525690004,0.18019802367551552,0.24891279468986127,-0.4285714285714306,0.22954822954822873,1
0.44400019524618983,0.1799109344200014,0.24891279468986127,-0.4285714285714306,0.22954822954822873,1
0.4450001952354796,0.17962844948972018,0.24891279468986127,-0.4285714285714306,0.22954822954822873,1
0.4460001952247694,0.17935059397661618,0.24891279468986127,-0.4285714285714306,0.22954822954822873,1
0.4470001952140592,0.17907739256142213,0.24891279468986127,-0.4285714285714306,0.22954822954822873,1
0.448000195203349,0.17880886951146693,0.24891279468986127,-0.4285714285714306,0.22954822954822873,1
0.4490001951926388,0.17854504867851995,0.24891279468986127,-0.4285714285714306,0.22954822954822873,1
0.4500001951819286,0.17828595349667256,0.24891279468986127,-0.4285714285714306,0.22954822954822873,1
0.45100019517121837,0.17803160698025636,0.24891279468986127,-0.4285714285714306,0.22954822954822873,1
0.45200019516050816,0.17778203172179916,0.24891279468986127,-0.4285714285714306,0.22954822954822873,1
0.45300019514979795,0.177537249890018,0.24891279468986127,-0.4285714285714306,0.22954822954822873,1
0.45400019513908774,0.17729728322785007,0.24891279468986127,-0.4285714285714306,0.22954822954822873,1
0.4550001951283775,0.17706215305052136,0.24891279468986127,-0.4285714285714306,0.22954822954822873,1
0.4560001951176673,0.17683188024365332,0.24891279468986127,-0.4285714285714306,0.22954822954822873,1
0.4570001951069571,0.17660648526140765,0.24891279468986127,-0.4285714285714306,0.22954822954822873,1
0.4580001950962469,0.17638598812466955,0.24891279468986127,-0.4285714285714306,0.22954822954822873,1
0.4590001950855367,0.17617040841926918,0.24891279468986127,-0.4285714285714306,0.22954822954822873,1
0.4600001950748265,0.17595976529424207,0.24891279468986127,-0.4285714285714306,0.22954822954822873,1
0.46100019506411627,0.17575407746012817,0.24891279468986127,-0.4285714285714306,0.22954822954822873,1
0.46200019505340606,0.1755533631873098,0.24891279468986127,-0.4285714285714306,0.22954822954822873,1
0.46300019504269585,0.17535764030438886,0.24891279468986127,-0.4285714285714306,0.22954822954822873,1
0.46400019503198564,0.17516692619660312,0.24891279468986127,-0.4285714285714306,0.22954822954822873,1
0.46500019502127543,0.17498123780428199,0.24891279468986127,-0.4285714285714306,0.22954822954822873,1
0.4660001950105652,0.1748005916213418,0.24891279468986127,-0.4285714285714306,0.22954822954822873,1
0.467000194999855,0.17462500369382067,0.24891279468986127,-0.4285714285714306,0.22954822954822873,1
0.4680001949891448,0.17445448961845328,0.24891279468986127,-0.4285714285714306,0.22954822954822873,1
0.4690001949784346,0.1742890645412854,0.24891279468986127,-0.4285714285714306,0.22954822954822873,1
0.4700001949677244,0.17412874315632856,0.24891279468986127,-0.4285714285714306,0.22954822954822873,1
0.4710001949570142,0.17397353970425491,0.24891279468986127,-0.4285714285714306,0.22954822954822873,1
0.47200019494630396,0.17382346797113213,0.24891279468986127,-0.4285714285714306,0.22954822954822873,1
0.47300019493559375,0.17367854128719898,0.24891279468986127,-0.4285714285714306,0.22954822954822873,1
0.47400019492488354,0.17353877252568128,0.24891279468986127,-0.4285714285714306,0.22954822954822873,1
0.47500019491417333,0.17340417410164827,0.24891279468986127,-0.4285714285714306,0.22954822954822873,1
0.4760001949034631,0.17327475797091005,0.24891279468986127,-0.4285714285714306,0.22954822954822873,1
0.4770001948927529,0.17315053562895533,0.24891279468986127,-0.4285714285714306,0.22954822954822873,1
0.4780001948820427,0.17303151810993056,0.24891279468986127,-0.4285714285714306,0.22954822954822873,1
0.4790001948713325,0.17291771598565978,0.24891279468986127,-0.4285714285714306,0.22954822954822873,1
0.4800001948606223,0.1728091393647054,0.24891279468986127,-0.4285714285714306,0.22954822954822873,1
0.4810001948499121,0.17270579789147053,0.2412832837415131,-0.4285714285714306,0.1318681318681314,1
0.48200019483920187,0.17260770074534215,0.2378500038147564,-0.4725274725274744,0.09279609279609247,1
0.48300019482849166,0.1725148566398758,0.23556115053025195,-0.4945054945054892,0.06349206349206327,1
0.48400019481778145,0.17242727382202158,0.21076523994812035,-0.4285714285714306,-0.08302808302808273,1
0.48500019480707124,0.1723449600713916,0.20618753337911144,-0.4285714285714306,-0.08302808302808273,1
0.48600019479636103,0.17226792269956903,0.2046616311894418,-0.3846153846153868,-0.06349206349206327,1
0.4870001947856508,0.17219616854945846,0.20275425345235476,-0.4505494505494454,-0.08302808302808273,1
0.4880001947749406,0.1721297039946783,0.19779507133592844,-0.340659340659343,-0.073260073260073,1
0.4890001947642304,0.1720685349389945,0.19703212024109362,-0.2967032967032992,-0.0439560439560438,1
0.4900001947535202,0.1720126668157961,0.19550621805142399,-0.3626373626373578,-0.0439560439560438,1
0.49100019474281,0.17196210458761277,0.19550621805142399,-0.3626373626373578,-0.0439560439560438,1
0.49200019473209977,0.17191685274567386,0.19550621805142399,-0.3626373626373578,-0.0439560439560438,1
0.49300019472138956,0.17187691530950958,0.19550621805142399,-0.3626373626373578,-0.0439560439560438,1
0.49400019471067935,0.17184229582659377,0.19550621805142399,-0.3626373626373578,-0.0439560439560438,1
0.49500019469996914,0.1718129973720291,0.19550621805142399,-0.3626373626373578,-0.0439560439560438,1
0.49600019468925893,0.1717890225482736,0.19550621805142399,-0.3626373626373578,-0.0439560439560438,1
0.4970001946785487,0.1717703734849097,0.19550621805142399,-0.3626373626373578,-0.0439560439560438,1
0.4980001946678385,0.17175705183845505,0.19550621805142399,-0.3626373626373578,-0.0439560439560438,1
0.4990001946571283,0.17174905879221522,0.19550621805142399,-0.3626373626373578,-0.0439560439560438,1
0.5000001946464181,0.17174639505617884,0.19550621805142399,-0.3626373626373578,-0.0439560439560438,1
0.5010001946357079,0.1717490608669543,0.19550621805142399,-0.3626373626373578,-0.0439560439560438,1
0.5020001946249977,0.17175705598774887,0.19550621805142399,-0.3626373626373578,-0.0439560439560438,1
0.5030001946142875,0.17177037970838974,0.19550621805142399,-0.3626373626373578,-0.0439560439560438,1
0.5040001946035773,0.17178903084538702,0.19550621805142399,-0.3626373626373578,-0.0439560439560438,1
0.505000194592867,0.17181300774203895,0.19550621805142399,-0.3626373626373578,-0.0439560439560438,1
0.5060001945821568,0.17184230826857888,0.19550621805142399,-0.3626373626373578,-0.0439560439560438,1
0.5070001945714466,0.17187692982236477,0.19550621805142399,-0.3626373626373578,-0.0439560439560438,1
0.5080001945607364,0.17191686932811007,0.19550621805142399,-0.3626373626373578,-0.0439560439560438,1
0.5090001945500262,0.17196212323815702,0.19550621805142399,-0.3626373626373578,-0.0439560439560438,1
0.510000194539316,0.17201268753279175,0.19550621805142399,-0.3626373626373578,-0.0439560439560438,1
0.5110001945286058,0.1720685577206013,0.19550621805142399,-0.3626373626373578,-0.0439560439560438,1
0.5120001945178956,0.17212972883887273,0.19550621805142399,-0.3626373626373578,-0.0439560439560438,1
0.5130001945071854,0.1721961954540337,0.19550621805142399,-0.3626373626373578,-0.0439560439560438,1
0.5140001944964752,0.1722679516621352,0.19550621805142399,-0.3626373626373578,-0.0439560439560438,1
0.515000194485765,0.17234499108937615,0.19550621805142399,-0.3626373626373578,-0.0439560439560438,1
0.5160001944750547,0.17242730689266927,0.19550621805142399,-0.3626373626373578,-0.0439560439560438,1
0.5170001944643445,0.17251489176024912,0.19550621805142399,-0.3626373626373578,-0.0439560439560438,1
0.5180001944536343,0.1726077379123215,0.19550621805142399,-0.3626373626373578,-0.0439560439560438,1
0.5190001944429241,0.17270583710175452,0.19550621805142399,-0.3626373626373578,-0.0439560439560438,1
0.5200001944322139,0.17280918061481118,0.19550621805142399,-0.3626373626373578,-0.0439560439560438,1
0.5210001944215037,0.17291775927192324,0.19550621805142399,-0.3626373626373578,-0.0439560439560438,1
0.5220001944107935,0.17303156342850678,0.19550621805142399,-0.3626373626373578,-0.0439560439560438,1
0.5230001944000833,0.1731505829758188,0.19550621805142399,-0.3626373626373578,-0.0439560439560438,1
0.5240001943893731,0.1732748073418552,0.19550621805142399,-0.3626373626373578,-0.0439560439560438,1
0.5250001943786629,0.17340422549228973,0.19550621805142399,-0.3626373626373578,-0.0439560439560438,1
0.5260001943679526,0.17353882593145417,0.19550621805142399,-0.3626373626373578,-0.0439560439560438,1
0.5270001943572424,0.1736785967033595,0.19550621805142399,-0.3626373626373578,-0.0439560439560438,1
0.5280001943465322,0.1738235253927579,0.19550621805142399,-0.3626373626373578,-0.0439560439560438,1
0.529000194335822,0.17397359912624544,0.19550621805142399,-0.3626373626373578,-0.0439560439560438,1
0.5300001943251118,0.17412880457340563,0.19550621805142399,-0.3626373626373578,-0.0439560439560438,1
0.5310001943144016,0.17428912794799356,0.19550621805142399,-0.3626373626373578,-0.0439560439560438,1
0.5320001943036914,0.1744545550091604,0.19550621805142399,-0.3626373626373578,-0.0439560439560438,1
0.5330001942929812,0.17462507106271835,0.19550621805142399,-0.3626373626373578,-0.0439560439560438,1
0.534000194282271,0.17480066096244595,0.19550621805142399,-0.3626373626373578,-0.0439560439560438,1
0.5350001942715608,0.17498130911143336,0.19550621805142399,-0.3626373626373578,-0.0439560439560438,1
0.5360001942608505,0.17516699946346778,0.19550621805142399,-0.3626373626373578,-0.0439560439560438,1
0.5370001942501403,0.17535771552445883,0.19550621805142399,-0.3626373626373578,-0.0439560439560438,1
0.5380001942394301,0.1755534403539036,0.19550621805142399,-0.3626373626373578,-0.0439560439560438,1
0.5390001942287199,0.1757541565663914,0.19550621805142399,-0.3626373626373578,-0.0439560439560438,1
0.5400001942180097,0.1759598463331481,0.19550621805142399,-0.3626373626373578,-0.0439560439560438,1
0.5410001942072995,0.1761704913836196,0.19550621805142399,-0.3626373626373578,-0.0439560439560438,1
0.5420001941965893,0.17638607300709502,0.19550621805142399,-0.3626373626373578,-0.0439560439560438,1
0.5430001941858791,0.17660657205436842,0.19550621805142399,-0.3626373626373578,-0.0439560439560438,1
0.5440001941751689,0.17683196893943992,0.19550621805142399,-0.3626373626373578,-0.0439560439560438,1
0.5450001941644587,0.17706224364125536,0.19550621805142399,-0.3626373626373578,-0.0439560439560438,1
0.5460001941537485,0.17729737570548468,0.19550621805142399,-0.3626373626373578,-0.0439560439560438,1
0.5470001941430382,0.1775373442463388,0.19550621805142399,-0.3626373626373578,-0.0439560439560438,1
0.548000194132328,0.17778212794842485,0.19550621805142399,-0.3626373626373578,-0.0439560439560438,1
0.5490001941216178,0.17803170506863955,0.19550621805142399,-0.3626373626373578,-0.0439560439560438,1
0.5500001941109076,0.17828605343810047,0.19550621805142399,-0.3626373626373578,-0.0439560439560438,1
0.5510001941001974,0.17854515046411523,0.19550621805142399,-0.3626373626373578,-0.0439560439560438,1
0.5520001940894872,0.17880897313218838,0.19550621805142399,-0.3626373626373578,-0.0439560439560438,1
0.553000194078777,0.17907749800806558,0.19550621805142399,-0.3626373626373578,-0.0439560439560438,1
0.5540001940680668,0.17935070123981517,0.19550621805142399,-0.3626373626373578,-0.0439560439560438,1
0.5550001940573566,0.17962855855994703,0.19550621805142399,-0.3626373626373578,-0.0439560439560438,1
0.5560001940466464,0.1799110452875679,0.19550621805142399,-0.3626373626373578,-0.0439560439560438,1
0.5570001940359361,0.18019813633057374,0.19550621805142399,-0.3626373626373578,-0.0439560439560438,1
0.5580001940252259,0.18048980618787874,0.19550621805142399,-0.3626373626373578,-0.0439560439560438,1
0.5590001940145157,0.18078602895168017,0.19550621805142399,-0.3626373626373578,-0.0439560439560438,1
0.5600001940038055,0.18108677830976005,0.19550621805142399,-0.3626373626373578,-0.0439560439560438,1
0.5610001939930953,0.1813920275478219,0.19550621805142399,-0.3626373626373578,-0.0439560439560438,1
0.5620001939823851,0.18170174955186408,0.19550621805142399,-0.3626373626373578,-0.0439560439560438,1
0.5630001939716749,0.18201591681058785,0.19550621805142399,-0.3626373626373578,-0.0439560439560438,1
0.5640001939609647,0.18233450141784135,0.19550621805142399,-0.3626373626373578,-0.0439560439560438,1
0.5650001939502545,0.18265747507509836,0.19550621805142399,-0.3626373626373578,-0.0439560439560438,1
0.5660001939395443,0.18298480909397175,0.19550621805142399,-0.3626373626373578,-0.0439560439560438,1
0.567000193928834,0.1833164743987619,0.19550621805142399,-0.3626373626373578,-0.0439560439560438,1
0.5680001939181238,0.18365244152903934,0.19550621805142399,-0.3626373626373578,-0.0439560439560438,1
0.5690001939074136,0.18399268064226157,0.19550621805142399,-0.3626373626373578,-0.0439560439560438,1
0.5700001938967034,0.184337161516424,0.19550621805142399,-0.3626373626373578,-0.0439560439560438,1
0.5710001938859932,0.18468585355274414,0.19550621805142399,-0.3626373626373578,-0.0439560439560438,1
0.572000193875283,0.18503872577837988,0.19550621805142399,-0.3626373626373578,-0.0439560439560438,1
0.5730001938645728,0.1853957468491804,0.19550621805142399,-0.3626373626373578,-0.0439560439560438,1
0.5740001938538626,0.18575688505247054,0.19550621805142399,-0.3626373626373578,-0.0439560439560438,1
0.5750001938431524,0.1861221083098677,0.19550621805142399,-0.3626373626373578,-0.0439560439560438,1
0.5760001938324422,0.18649138418013103,0.19550621805142399,-0.3626373626373578,-0.0439560439560438,1
0.577000193821732,0.1868646798620433,0.19550621805142399,-0.3626373626373578,-0.0439560439560438,1
0.5780001938110217,0.1872419621973243,0.19550621805142399,-0.3626373626373578,-0.0439560439560438,1
0.5790001938003115,0.18762319767357616,0.19550621805142399,-0.3626373626373578,-0.0439560439560438,1
0.5800001937896013,0.1880083524272604,0.19550621805142399,-0.3626373626373578,-0.0439560439560438,1
0.5810001937788911,0.1883973922467055,0.19550621805142399,-0.3626373626373578,-0.0439560439560438,1
0.5820001937681809,0.18879028257514588,0.19550621805142399,-0.3626373626373578,-0.0439560439560438,1
0.5830001937574707,0.18918698851379165,0.19550621805142399,-0.3626373626373578,-0.0439560439560438,1
0.5840001937467605,0.1895874748249283,0.19550621805142399,-0.3626373626373578,-0.0439560439560438,1
0.5850001937360503,0.18999170593504675,0.19550621805142399,-0.3626373626373578,-0.0439560439560438,1
0.5860001937253401,0.1903996459380033,0.19550621805142399,-0.3626373626373578,-0.0439560439560438,1
0.5870001937146299,0.1908112585982089,0.19550621805142399,-0.3626373626373578,-0.0439560439560438,1
0.5880001937039196,0.1912265073538479,0.19550621805142399,-0.3626373626373578,-0.0439560439560438,1
0.5890001936932094,0.19164535532012555,0.19550621805142399,-0.3626373626373578,-0.0439560439560438,1
0.5900001936824992,0.19206776529254446,0.19550621805142399,-0.3626373626373578,-0.0439560439560438,1
0.591000193671789,0.19249369975020936,0.19550621805142399,-0.3626373626373578,-0.0439560439560438,1
0.5920001936610788,0.1929231208591596,0.19550621805142399,-0.3626373626373578,-0.0439560439560438,1
0.5930001936503686,0.19335599047573027,0.19550621805142399,-0.3626373626373578,-0.0439560439560438,1
0.5940001936396584,0.19379227014993985,0.19550621805142399,-0.3626373626373578,-0.0439560439560438,1
0.5950001936289482,0.19423192112890594,0.19550621805142399,-0.3626373626373578,-0.0439560439560438,1
0.596000193618238,0.19467490436028734,0.19550621805142399,-0.3626373626373578,-0.0439560439560438,1
0.5970001936075278,0.1951211804957529,0.19550621805142399,-0.3626373626373578,-0.0439560439560438,1
0.5980001935968176,0.19557070989447667,0.19550621805142399,-0.3626373626373578,-0.0439560439560438,1
0.5990001935861073,0.1960234526266591,0.19550621805142399,-0.3626373626373578,-0.0439560439560438,1
0.6000001935753971,0.19647936847707376,0.19550621805142399,-0.3626373626373578,-0.0439560439560438,1
0.6010001935646869,0.19693841694863956,0.19550621805142399,-0.3626373626373578,-0.0439560439560438,1
0.6020001935539767,0.1974005572660179,0.19550621805142399,-0.3626373626373578,-0.0439560439560438,1
0.6030001935432665,0.19786574837923446,0.19550621805142399,-0.3626373626373578,-0.0439560439560438,1
0.6040001935325563,0.1983339489673257,0.1821545738918129,-0.0769230769230802,-0.15140415140415087,1
0.6050001935218461,0.19880511744200907,0.18177309834439548,-0.0549450549450512,-0.09279609279609247,1
0.6060001935111359,0.19927921195137724,0.18177309834439548,0.010989010989007397,-0.09279609279609247,1
0.6070001935004257,0.1997561903836155,0.18177309834439548,0.0329670329670364,-0.08302808302808273,1
0.6080001934897155,0.20023601037074248,0.1825360494392303,0.0549450549450512,-0.11233211233211193,1
0.6090001934790052,0.20071862929237347,0.1825360494392303,0.0549450549450512,-0.1318681318681314,1
0.610000193468295,0.20120400427950616,0.1829175249866477,0.0549450549450512,-0.1611721611721606,1
0.6110001934575848,0.20169209221832873,0.18329900053406512,0.0549450549450512,-0.22954822954822873,1
0.6120001934468746,0.20218284975404918,0.18368047608148252,0.098901098901095,-0.2783882783882774,1
0.6130001934361644,0.2026762332947465,0.18406195162889993,0.0769230769230802,-0.29792429792429687,1
0.6140001934254542,0.2031721990152427,0.18406195162889993,0.0769230769230802,-0.29792429792429687,1
0.615000193414744,0.20367070286099573,0.18406195162889993,0.0769230769230802,-0.29792429792429687,1
0.6160001934040338,0.2041717005520126,0.18406195162889993,0.0769230769230802,-0.29792429792429687,1
0.6170001933933236,0.20467514758678257,0.18406195162889993,0.0769230769230802,-0.29792429792429687,1
0.6180001933826134,0.20518099924622987,0.18406195162889993,0.0769230769230802,-0.29792429792429687,1
0.6190001933719032,0.20568921059768625,0.18406195162889993,0.0769230769230802,-0.29792429792429687,1
0.6200001933611929,0.2061997364988819,0.18406195162889993,0.0769230769230802,-0.29792429792429687,1
0.6210001933504827,0.20671253160195532,0.18406195162889993,0.0769230769230802,-0.29792429792429687,1
0.6220001933397725,0.20722755035748144,0.18406195162889993,0.0769230769230802,-0.29792429792429687,1
0.6230001933290623,0.20774474701851747,0.18406195162889993,0.0769230769230802,-0.29792429792429687,1
0.6240001933183521,0.20826407564466645,0.18406195162889993,0.0769230769230802,-0.29792429792429687,1
0.6250001933076419,0.20878549010615802,0.18406195162889993,0.0769230769230802,-0.29792429792429687,1
0.6260001932969317,0.20930894408794573,0.18406195162889993,0.0769230769230802,-0.29792429792429687,1
0.6270001932862215,0.2098343910938214,0.18406195162889993,0.0769230769230802,-0.29792429792429687,1
0.6280001932755113,0.21036178445054474,0.18406195162889993,0.0769230769230802,-0.29792429792429687,1
0.629000193264801,0.2108910773119893,0.18406195162889993,0.0769230769230802,-0.29792429792429687,1
0.6300001932540908,0.21142222266330377,0.18406195162889993,0.0769230769230802,-0.29792429792429687,1
0.6310001932433806,0.21195517332508784,0.18406195162889993,0.0769230769230802,-0.29792429792429687,1
0.6320001932326704,0.2124898819575833,0.18406195162889993,0.0769230769230802,-0.29792429792429687,1
0.6330001932219602,0.2130263010648786,0.18406195162889993,0.0769230769230802,-0.29792429792429687,1
0.63400019321125,0.21356438299912808,0.18406195162889993,0.0769230769230802,-0.29792429792429687,1
0.6350001932005398,0.21410407996478403,0.18406195162889993,0.0769230769230802,-0.29792429792429687,1
0.6360001931898296,0.21464534402284247,0.18406195162889993,0.0769230769230802,-0.29792429792429687,1
0.6370001931791194,0.21518812709510113,0.18406195162889993,0.0769230769230802,-0.29792429792429687,1
0.6380001931684092,0.21573238096843017,0.18406195162889993,0.0769230769230802,-0.29792429792429687,1
0.639000193157699,0.21627805729905464,0.18406195162889993,0.0769230769230802,-0.29792429792429687,1
0.6400001931469887,0.21682510761684876,0.18406195162889993,0.0769230769230802,-0.29792429792429687,1
0.6410001931362785,0.21737348332964115,0.18406195162889993,0.0769230769230802,-0.29792429792429687,1
0.6420001931255683,0.21792313572753141,0.18406195162889993,0.0769230769230802,-0.29792429792429687,1
0.6430001931148581,0.21847401598721639,0.18406195162889993,0.0769230769230802,-0.29792429792429687,1
0.6440001931041479,0.21902607517632727,0.18406195162889993,0.0769230769230802,-0.29792429792429687,1
0.6450001930934377,0.2195792642577758,0.18406195162889993,0.0769230769230802,-0.29792429792429687,1
0.6460001930827275,0.22013353409411024,0.18406195162889993,0.0769230769230802,-0.29792429792429687,1
0.6470001930720173,0.22068883545187998,0.18406195162889993,0.0769230769230802,-0.29792429792429687,1
0.6480001930613071,0.22124511900600866,0.18406195162889993,0.0769230769230802,-0.29792429792429687,1
0.6490001930505969,0.22180233534417554,0.18406195162889993,0.0769230769230802,-0.29792429792429687,1
0.6500001930398867,0.2223604349712047,0.18406195162889993,0.0769230769230802,-0.29792429792429687,1
0.6510001930291764,0.22291936831346126,0.18406195162889993,0.0769230769230802,-0.29792429792429687,1
0.6520001930184662,0.22347908572325503,0.18406195162889993,0.0769230769230802,-0.29792429792429687,1
0.653000193007756,0.22403953748325048,0.18406195162889993,0.0769230769230802,-0.29792429792429687,1
0.6540001929970458,0.2246006738108827,0.18406195162889993,0.0769230769230802,-0.29792429792429687,1
0.6550001929863356,0.2251624448627796,0.18406195162889993,0.0769230769230802,-0.29792429792429687,1
0.6560001929756254,0.2257248007391892,0.18406195162889993,0.0769230769230802,-0.29792429792429687,1
0.6570001929649152,0.226287691488412,0.18406195162889993,0.0769230769230802,-0.29792429792429687,1
0.658000192954205,0.2268510671112381,0.18406195162889993,0.0769230769230802,-0.29792429792429687,1
0.6590001929434948,0.22741487756538822,0.18406195162889993,0.0769230769230802,-0.29792429792429687,1
0.6600001929327846,0.22797907276995888,0.18406195162889993,0.0769230769230802,-0.29792429792429687,1
0.6610001929220743,0.2285436026098709,0.18406195162889993,0.0769230769230802,-0.29792429792429687,1
0.6620001929113641,0.22910841694032066,0.18406195162889993,0.0769230769230802,-0.29792429792429687,1
0.6630001929006539,0.2296734655912348,0.18406195162889993,0.0769230769230802,-0.29792429792429687,1
0.6640001928899437,0.23023869837172592,0.18406195162889993,0.0769230769230802,-0.29792429792429687,1
0.6650001928792335,0.23080406507455134,0.18406195162889993,0.0769230769230802,-0.29792429792429687,1
0.6660001928685233,0.23136951548057258,0.18406195162889993,0.0769230769230802,-0.29792429792429687,1
0.6670001928578131,0.23193499936321607,0.18406195162889993,0.0769230769230802,-0.29792429792429687,1
0.6680001928471029,0.23250046649293493,0.18406195162889993,0.0769230769230802,-0.29792429792429687,1
0.6690001928363927,0.23306586664167006,0.18406195162889993,0.0769230769230802,-0.29792429792429687,1
0.6700001928256825,0.23363114958731215,0.18406195162889993,0.0769230769230802,-0.29792429792429687,1
0.6710001928149723,0.23419626511816252,0.18406195162889993,0.0769230769230802,-0.29792429792429687,1
0.672000192804262,0.2347611630373932,0.18406195162889993,0.0769230769230802,-0.29792429792429687,1
0.6730001927935518,0.23532579316750588,0.18406195162889993,0.0769230769230802,-0.29792429792429687,1
0.6740001927828416,0.23589010535478866,0.18406195162889993,0.0769230769230802,-0.29792429792429687,1
0.6750001927721314,0.23645404947377124,0.18406195162889993,0.0769230769230802,-0.29792429792429687,1
0.6760001927614212,0.23701757543167729,0.18406195162889993,0.0769230769230802,-0.29792429792429687,1
0.677000192750711,0.23758063317287384,0.18406195162889993,0.0769230769230802,-0.29792429792429687,1
0.6780001927400008,0.23814317268331786,0.18406195162889993,0.0769230769230802,-0.29792429792429687,1
0.6790001927292906,0.2387051439949984,0.18406195162889993,0.0769230769230802,-0.29792429792429687,1
0.6800001927185804,0.23926649719037524,0.18406195162889993,0.0769230769230802,-0.29792429792429687,1
0.6810001927078702,0.23982718240681283,0.18406195162889993,0.0769230769230802,-0.29792429792429687,1
0.68200019269716,0.24038714984100937,0.18406195162889993,0.0769230769230802,-0.29792429792429687,1
0.6830001926864497,0.2409463497534206,0.18406195162889993,0.0769230769230802,-0.29792429792429687,1
0.6840001926757395,0.24150473247267812,0.18406195162889993,0.0769230769230802,-0.29792429792429687,1
0.6850001926650293,0.24206224840000115,0.18406195162889993,0.0769230769230802,-0.29792429792429687,1
0.6860001926543191,0.24261884801360253,0.18406195162889993,0.0769230769230802,-0.29792429792429687,1
0.6870001926436089,0.24317448187308727,0.18406195162889993,0.0769230769230802,-0.29792429792429687,1
0.6880001926328987,0.24372910062384429,0.18406195162889993,0.0769230769230802,-0.29792429792429687,1
0.6890001926221885,0.24428265500143043,0.18406195162889993,0.0769230769230802,-0.29792429792429687,1
0.6900001926114783,0.24483509583594612,0.18406195162889993,0.0769230769230802,-0.29792429792429687,1
0.6910001926007681,0.2453863740564033,0.18406195162889993,0.0769230769230802,-0.29792429792429687,1
0.6920001925900578,0.24593644069508389,0.18406195162889993,0.0769230769230802,-0.29792429792429687,1
0.6930001925793476,0.2464852468918895,0.18406195162889993,0.0769230769230802,-0.29792429792429687,1
0.6940001925686374,0.24703274389868163,0.18406195162889993,0.0769230769230802,-0.29792429792429687,1
0.6950001925579272,0.24757888308361142,0.18406195162889993,0.0769230769230802,-0.29792429792429687,1
0.696000192547217,0.24812361593543975,0.18406195162889993,0.0769230769230802,-0.29792429792429687,1
0.6970001925365068,0.24866689406784595,0.18406195162889993,0.0769230769230802,-0.29792429792429687,1
0.6980001925257966,0.24920866922372606,0.18406195162889993,0.0769230769230802,-0.29792429792429687,1
0.6990001925150864,0.24974889327947924,0.18406195162889993,0.0769230769230802,-0.29792429792429687,1
0.7000001925043762,0.25028751824928225,0.18406195162889993,0.0769230769230802,-0.29792429792429687,1
0.701000192493666,0.25082449628935183,0.18406195162889993,0.0769230769230802,-0.29792429792429687,1
0.7020001924829558,0.2513597797021947,0.18406195162889993,0.0769230769230802,-0.29792429792429687,1
0.7030001924722455,0.25189332094084405,0.18406195162889993,0.0769230769230802,-0.29792429792429687,1
0.7040001924615353,0.2524250726130831,0.18406195162889993,0.0769230769230802,-0.29792429792429687,1
0.7050001924508251,0.2529549874856547,0.18406195162889993,0.0769230769230802,-0.29792429792429687,1
0.7060001924401149,0.25348301848845683,0.18406195162889993,0.0769230769230802,-0.29792429792429687,1
0.7070001924294047,0.2540091187187238,0.18406195162889993,0.0769230769230802,-0.29792429792429687,1
0.7080001924186945,0.25453324144519196,0.18406195162889993,0.0769230769230802,-0.29792429792429687,1
0.7090001924079843,0.25505534011225145,0.18406195162889993,0.0769230769230802,-0.29792429792429687,1
0.7100001923972741,0.25557536834408073,0.18406195162889993,0.0769230769230802,-0.29792429792429687,1
0.7110001923865639,0.2560932799487664,0.18406195162889993,0.0769230769230802,-0.29792429792429687,1
0.7120001923758537,0.2566090289224061,0.18406195162889993,0.0769230769230802,-0.29792429792429687,1
0.7130001923651434,0.25712256945319484,0.18406195162889993,0.0769230769230802,-0.29792429792429687,1
0.7140001923544332,0.25763385592549426,0.18406195162889993,0.0769230769230802,-0.29792429792429687,1
0.715000192343723,0.25814284292388473,0.18406195162889993,0.0769230769230802,-0.29792429792429687,1
0.7160001923330128,0.25864948523719883,0.18406195162889993,0.0769230769230802,-0.29792429792429687,1
0.7170001923223026,0.25915373786253787,0.18406195162889993,0.0769230769230802,-0.29792429792429687,1
0.7180001923115924,0.259655556009269,0.18406195162889993,0.0769230769230802,-0.29792429792429687,1
0.7190001923008822,0.26015489510300377,0.18406195162889993,0.0769230769230802,-0.29792429792429687,1
0.720000192290172,0.2606517107895576,0.18406195162889993,0.0769230769230802,-0.29792429792429687,1
0.7210001922794618,0.26114595893888964,0.18406195162889993,0.0769230769230802,-0.29792429792429687,1
0.7220001922687516,0.2616375956490222,0.18406195162889993,0.0769230769230802,-0.29792429792429687,1
0.7230001922580414,0.26212657724994115,0.18406195162889993,0.0769230769230802,-0.29792429792429687,1
0.7240001922473311,0.2626128603074741,0.18406195162889993,0.0769230769230802,-0.29792429792429687,1
0.7250001922366209,0.2630964016271492,0.18482490272373475,0.098901098901095,-0.33699633699633935,1
0.7260001922259107,0.2635771582580314,0.18596932936598698,0.120879120879124,-0.385836385836388,1
0.7270001922152005,0.26405508749653794,0.1863508049134044,0.098901098901095,-0.4737484737484756,1
0.7280001922044903,0.26453014689023124,0.18825818265049143,0.1648351648351678,-0.6202686202686216,1
0.7290001921937801,0.26500229424159005,0.1909285114824133,0.2087912087912116,-0.5811965811965827,1
0.7300001921830699,0.26547148761175754,0.19359884031433516,0.2747252747252702,-0.6691086691086703,1
0.7310001921723597,0.26593768532426654,0.1951247425040048,0.2967032967032992,-0.5909645909645924,1
0.7320001921616495,0.26640084596874153,0.1951247425040048,0.2747252747252702,-0.5909645909645924,1
0.7330001921509393,0.26686092840457687,0.19779507133592844,0.340659340659343,-0.6495726495726508,1
0.734000192140229,0.2673178917645912,0.20084687571526771,0.3626373626373578,-0.6007326007326022,1
0.7350001921295188,0.26777169545865764,0.20237277790493735,0.4065934065934016,-0.5811965811965827,1
0.7360001921188086,0.26822229917730894,0.20618753337911144,0.4505494505494454,-0.5616605616605632,1
0.7370001921080984,0.2686696628953183,0.2080949111161985,0.4065934065934016,-0.5030525030525048,1
0.7380001920973882,0.26911374687525436,0.21038376440070294,0.5164835164835182,-0.5225885225885243,1
0.739000192086678,0.26955451167101113,0.21152819104295517,0.4725274725274744,-0.4737484737484756,1
0.7400001920759678,0.2699919181313118,0.21457999542229445,0.538461538461533,-0.4639804639804659,1
0.7410001920652576,0.2704259274031863,0.21877622644388595,0.5164835164835182,-0.4346764346764367,1
0.7420001920545474,0.2708565009354223,0.22297245746547745,0.560439560439562,-0.39560439560439775,1
0.7430001920438372,0.27128360048198996,0.22297245746547745,0.560439560439562,-0.39560439560439775,1
0.744000192033127,0.27170718810543887,0.22297245746547745,0.560439560439562,-0.39560439560439775,1
0.7450001920224167,0.2721272261802678,0.22297245746547745,0.560439560439562,-0.39560439560439775,1
0.7460001920117065,0.27254367739626717,0.22297245746547745,0.560439560439562,-0.39560439560439775,1
0.7470001920009963,0.27295650476183264,0.22297245746547745,0.560439560439562,-0.39560439560439775,1
0.7480001919902861,0.2733656716072515,0.22297245746547745,0.560439560439562,-0.39560439560439775,1
0.7490001919795759,0.27377114158795945,0.22297245746547745,0.560439560439562,-0.39560439560439775,1
0.7500001919688657,0.2741728786877691,0.22297245746547745,0.560439560439562,-0.39560439560439775,1
0.7510001919581555,0.2745708472220691,0.22297245746547745,0.560439560439562,-0.39560439560439775,1
0.7520001919474453,0.2749650118409939,0.22297245746547745,0.560439560439562,-0.39560439560439775,1
0.7530001919367351,0.27535533753256375,0.22297245746547745,0.560439560439562,-0.39560439560439775,1
0.7540001919260249,0.2757417896257945,0.22297245746547745,0.560439560439562,-0.39560439560439775,1
0.7550001919153146,0.2761243337937775,0.22297245746547745,0.560439560439562,-0.39560439560439775,1
0.7560001919046044,0.27650293605672854,0.22297245746547745,0.560439560439562,-0.39560439560439775,1
0.7570001918938942,0.27687756278500625,0.22297245746547745,0.560439560439562,-0.39560439560439775,1
0.758000191883184,0.2772481807020992,0.22297245746547745,0.560439560439562,-0.39560439560439775,1
0.7590001918724738,0.2776147568875818,0.22297245746547745,0.560439560439562,-0.39560439560439775,1
0.7600001918617636,0.27797725878003826,0.22297245746547745,0.560439560439562,-0.39560439560439775,1
0.7610001918510534,0.2783356541799553,0.22297245746547745,0.560439560439562,-0.39560439560439775,1
0.7620001918403432,0.2786899112525818,0.22297245746547745,0.560439560439562,-0.39560439560439775,1
0.763000191829633,0.2790399985307569,0.22297245746547745,0.560439560439562,-0.39560439560439775,1
0.7640001918189228,0.279385884917705,0.22297245746547745,0.560439560439562,-0.39560439560439775,1
0.7650001918082125,0.2797275396897979,0.22297245746547745,0.560439560439562,-0.39560439560439775,1
0.7660001917975023,0.280064932499284,0.22297245746547745,0.560439560439562,-0.39560439560439775,1
0.7670001917867921,0.28039803337698366,0.22297245746547745,0.560439560439562,-0.39560439560439775,1
0.7680001917760819,0.28072681273495154,0.22297245746547745,0.560439560439562,-0.39560439560439775,1
0.7690001917653717,0.2810512413691047,0.22297245746547745,0.560439560439562,-0.39560439560439775,1
0.7700001917546615,0.2813712904618166,0.22297245746547745,0.560439560439562,-0.39560439560439775,1
0.7710001917439513,0.28168693158447683,0.22297245746547745,0.560439560439562,-0.39560439560439775,1
0.7720001917332411,0.28199813670001644,0.22297245746547745,0.560439560439562,-0.39560439560439775,1
0.7730001917225309,0.28230487816539823,0.22297245746547745,0.560439560439562,-0.39560439560439775,1
0.7740001917118207,0.28260712873407223,0.22297245746547745,0.560439560439562,-0.39560439560439775,1
0.7750001917011105,0.2829048615583959,0.22297245746547745,0.560439560439562,-0.39560439560439775,1
0.7760001916904002,0.2831980501920187,0.22297245746547745,0.560439560439562,-0.39560439560439775,1
0.77700019167969,0.2834866685922316,0.22297245746547745,0.560439560439562,-0.39560439560439775,1
0.7780001916689798,0.28377069112228004,0.22297245746547745,0.560439560439562,-0.39560439560439775,1
0.7790001916582696,0.28405009255364116,0.22297245746547745,0.560439560439562,-0.39560439560439775,1
0.7800001916475594,0.2843248480682648,0.22297245746547745,0.560439560439562,-0.39560439560439775,1
0.7810001916368492,0.28459493326077806,0.22297245746547745,0.560439560439562,-0.39560439560439775,1
0.782000191626139,0.284860324140653,0.22297245746547745,0.560439560439562,-0.39560439560439775,1
0.7830001916154288,0.28512099713433764,0.22297245746547745,0.560439560439562,-0.39560439560439775,1
0.7840001916047186,0.2853769290873499,0.22297245746547745,0.560439560439562,-0.39560439560439775,1
0.7850001915940084,0.2856280972663344,0.22297245746547745,0.560439560439562,-0.39560439560439775,1
0.7860001915832981,0.28587447936108173,0.22297245746547745,0.560439560439562,-0.39560439560439775,1
0.7870001915725879,0.2861160534865101,0.22297245746547745,0.560439560439562,-0.39560439560439775,1
0.7880001915618777,0.28635279818460924,0.22297245746547745,0.560439560439562,-0.39560439560439775,1
0.7890001915511675,0.2865846924263467,0.22297245746547745,0.560439560439562,-0.39560439560439775,1
0.7900001915404573,0.2868117156135356,0.22297245746547745,0.560439560439562,-0.39560439560439775,1
0.7910001915297471,0.287033847580664,0.22297245746547745,0.560439560439562,-0.39560439560439775,1
0.7920001915190369,0.2872510685966869,0.22297245746547745,0.560439560439562,-0.39560439560439775,1
0.7930001915083267,0.2874633593667779,0.22297245746547745,0.560439560439562,-0.39560439560439775,1
0.7940001914976165,0.28767070103404374,0.22297245746547745,0.560439560439562,-0.39560439560439775,1
0.7950001914869063,0.2878730751811991,0.22297245746547745,0.560439560439562,-0.39560439560439775,1
0.796000191476196,0.28807046383220236,0.22297245746547745,0.560439560439562,-0.39560439560439775,1
0.7970001914654858,0.2882628494538527,0.22297245746547745,0.560439560439562,-0.39560439560439775,1
0.7980001914547756,0.28845021495734724,0.22297245746547745,0.560439560439562,-0.39560439560439775,1
0.7990001914440654,0.2886325436997988,0.22297245746547745,0.560439560439562,-0.39560439560439775,1
0.8000001914333552,0.2888098194857146,0.22297245746547745,0.560439560439562,-0.39560439560439775,1
0.801000191422645,0.2889820265684347,0.22297245746547745,0.560439560439562,-0.39560439560439775,1
0.8020001914119348,0.2891491496515306,0.22297245746547745,0.560439560439562,-0.39560439560439775,1
0.8030001914012246,0.2893111738901641,0.22297245746547745,0.560439560439562,-0.39560439560439775,1
0.8040001913905144,0.2894680848924057,0.22297245746547745,0.560439560439562,-0.39560439560439775,1
0.8050001913798042,0.2896198687205133,0.22297245746547745,0.560439560439562,-0.39560439560439775,1
0.806000191369094,0.28976651189216995,0.22297245746547745,0.560439560439562,-0.39560439560439775,1
0.8070001913583837,0.2899080013816814,0.22297245746547745,0.560439560439562,-0.39560439560439775,1
0.8080001913476735,0.29004432462113344,0.22297245746547745,0.560439560439562,-0.39560439560439775,1
0.8090001913369633,0.29017546950150797,0.22297245746547745,0.560439560439562,-0.39560439560439775,1
0.8100001913262531,0.2903014243737586,0.22297245746547745,0.560439560439562,-0.39560439560439775,1
0.8110001913155429,0.29042217804984566,0.22297245746547745,0.560439560439562,-0.39560439560439775,1
0.8120001913048327,0.29053771980372955,0.22297245746547745,0.560439560439562,-0.39560439560439775,1
0.8130001912941225,0.29064803937232386,0.22297245746547745,0.560439560439562,-0.39560439560439775,1
0.8140001912834123,0.29075312695640687,0.22297245746547745,0.560439560439562,-0.39560439560439775,1
0.8150001912727021,0.29085297322149195,0.22297245746547745,0.560439560439562,-0.39560439560439775,1
0.8160001912619919,0.2909475692986566,0.22297245746547745,0.560439560439562,-0.39560439560439775,1
0.8170001912512816,0.29103690678533056,0.22297245746547745,0.560439560439562,-0.39560439560439775,1
0.8180001912405714,0.29112097774604184,0.22297245746547745,0.560439560439562,-0.39560439560439775,1
0.8190001912298612,0.2911997747131218,0.22297245746547745,0.560439560439562,-0.39560439560439775,1
0.820000191219151,0.29127329068736835,0.22297245746547745,0.560439560439562,-0.39560439560439775,1
0.8210001912084408,0.2913415191386677,0.22297245746547745,0.560439560439562,-0.39560439560439775,1
0.8220001911977306,0.29140445400657433,0.22297245746547745,0.560439560439562,-0.39560439560439775,1
0.8230001911870204,0.2914620897008497,0.22297245746547745,0.560439560439562,-0.39560439560439775,1
0.8240001911763102,0.29151442110195813,0.22297245746547745,0.560439560439562,-0.39560439560439775,1
0.8250001911656,0.29156144356152225,0.22297245746547745,0.560439560439562,-0.39560439560439775,1
0.8260001911548898,0.29160315290273525,0.22297245746547745,0.560439560439562,-0.39560439560439775,1
0.8270001911441796,0.2916395454207324,0.22297245746547745,0.560439560439562,-0.39560439560439775,1
0.8280001911334693,0.2916706178829199,0.22297245746547745,0.560439560439562,-0.39560439560439775,1
0.8290001911227591,0.29169636752926215,0.22297245746547745,0.560439560439562,-0.39560439560439775,1
0.8300001911120489,0.2917167920725266,0.22297245746547745,0.560439560439562,-0.39560439560439775,1
0.8310001911013387,0.2917318896984873,0.22297245746547745,0.560439560439562,-0.39560439560439775,1
0.8320001910906285,0.2917416590660858,0.22297245746547745,0.560439560439562,-0.39560439560439775,1
0.8330001910799183,0.29174609930755047,0.22297245746547745,0.560439560439562,-0.39560439560439775,1
0.8340001910692081,0.29174521002847337,0.22297245746547745,0.560439560439562,-0.39560439560439775,1
0.8350001910584979,0.2917389913078454,0.22297245746547745,0.560439560439562,-0.39560439560439775,1
0.8360001910477877,0.2917274436980493,0.22297245746547745,0.560439560439562,-0.39560439560439775,1
0.8370001910370775,0.2917105682248105,0.22297245746547745,0.560439560439562,-0.39560439560439775,1
0.8380001910263672,0.29168836638710605,0.22297245746547745,0.560439560439562,-0.39560439560439775,1
0.839000191015657,0.29166084015703153,0.22297245746547745,0.560439560439562,-0.39560439560439775,1
0.8400001910049468,0.29162799197962586,0.22297245746547745,0.560439560439562,-0.39560439560439775,1
0.8410001909942366,0.29158982477265394,0.22297245746547745,0.560439560439562,-0.39560439560439775,1
0.8420001909835264,0.2915463419263477,0.22297245746547745,0.560439560439562,-0.39560439560439775,1
0.8430001909728162,0.29149754730310495,0.22297245746547745,0.560439560439562,-0.39560439560439775,1
0.844000190962106,0.29144344523714616,0.22297245746547745,0.560439560439562,-0.39560439560439775,1
0.8450001909513958,0.29138404053412953,0.22297245746547745,0.560439560439562,-0.39560439560439775,1
0.8460001909406856,0.29131933847072417,0.22297245746547745,0.560439560439562,-0.39560439560439775,1
0.8470001909299754,0.29124934479414133,0.22297245746547745,0.560439560439562,-0.39560439560439775,1
0.8480001909192652,0.2911740657216239,0.22297245746547745,0.560439560439562,-0.39560439560439775,1
0.8490001909085549,0.2910935079398943,0.22297245746547745,0.560439560439562,-0.39560439560439775,1
0.8500001908978447,0.2910076786045603,0.22297245746547745,0.560439560439562,-0.39560439560439775,1
0.8510001908871345,0.2909165853394796,0.22297245746547745,0.560439560439562,-0.39560439560439775,1
0.8520001908764243,0.29082023623608255,0.22297245746547745,0.560439560439562,-0.39560439560439775,1
0.8530001908657141,0.29071863985265334,0.22297245746547745,0.560439560439562,-0.39560439560439775,1
0.8540001908550039,0.2906118052135701,0.22297245746547745,0.560439560439562,-0.39560439560439775,1
0.8550001908442937,0.29049974180850296,0.22297245746547745,0.560439560439562,-0.39560439560439775,1
0.8560001908335835,0.2903824595915714,0.22297245746547745,0.560439560439562,-0.39560439560439775,1
0.8570001908228733,0.29025996898045964,0.22297245746547745,0.560439560439562,-0.39560439560439775,1
0.858000190812163,0.2901322808554919,0.22297245746547745,0.560439560439562,-0.39560439560439775,1
0.8590001908014528,0.2899994065586655,0.22297245746547745,0.560439560439562,-0.39560439560439775,1
0.8600001907907426,0.28986135789264356,0.22297245746547745,0.560439560439562,-0.39560439560439775,1
0.8610001907800324,0.28971814711970645,0.22640573739223413,0.538461538461533,-0.3760683760683783,1
0.8620001907693222,0.28956978696066293,0.23174639505607786,0.5164835164835182,-0.3174603174603199,1
0.863000190758612,0.2894162905937197,0.23250934615091268,0.4505494505494454,-0.3076923076923066,1
0.8640001907479018,0.2892576716533115,0.23670557717250418,0.4505494505494454,-0.29792429792429687,1
0.8650001907371916,0.28909394422888934,0.23975738155184345,0.538461538461533,-0.3076923076923066,1
0.8660001907264814,0.2889251228636695,0.24242771038376532,0.4725274725274744,-0.29792429792429687,1
0.8670001907157712,0.28875122255334146,0.2454795147631046,0.4065934065934016,-0.2783882783882774,1
0.868000190705061,0.2885722587447359,0.24853131914244386,0.4285714285714306,-0.26862026862026767,1
0.8690001906943507,0.28838824733445284,0.2504386968795309,0.4505494505494454,-0.25885225885225793,1
0.8700001906836405,0.28819920466744925,0.2508201724269483,0.4505494505494454,-0.26862026862026767,1
0.8710001906729303,0.2880051475355876,0.25234607461661795,0.4065934065934016,-0.26862026862026767,1
0.8720001906622201,0.28780609317614403,0.2550164034485398,0.4725274725274744,-0.25885225885225793,1
0.8730001906515099,0.28760205927027727,0.2576867322804617,0.340659340659343,-0.23931623931623847,1
0.8740001906407997,0.2873930639414582,0.26455329213397505,0.2527472527472554,-0.22954822954822873,1
0.8750001906300895,0.28717912575386,0.2672236209658969,0.340659340659343,-0.23931623931623847,1
0.8760001906193793,0.2869602637107091,0.26798657206073173,0.340659340659343,-0.219780219780219,1
0.8770001906086691,0.2867364972525972,0.2698939497978188,0.2087912087912116,-0.219780219780219,1
0.8780001905979589,0.28650784625575454,0.2706569008926536,0.2967032967032992,-0.21001221001220927,1
0.8790001905872487,0.2862743310302843,0.271038376440071,0.098901098901095,-0.21001221001220927,1
0.8800001905765384,0.2860359723183586,0.2714198519874884,0.0549450549450512,-0.26862026862026767,1
0.8810001905658282,0.285792791292376,0.2718013275349058,0.0769230769230802,-0.28815628815628713,1
0.882000190555118,0.2855448095530808,0.2718013275349058,0.0769230769230802,-0.28815628815628713,1
0.8830001905444078,0.2852920491276445,0.2718013275349058,0.0769230769230802,-0.28815628815628713,1
0.8840001905336976,0.2850345324677091,0.2718013275349058,0.0769230769230802,-0.28815628815628713,1
0.8850001905229874,0.28477228244739283,0.2718013275349058,0.0769230769230802,-0.28815628815628713,1
0.8860001905122772,0.28450532236125836,0.2718013275349058,0.0769230769230802,-0.28815628815628713,1
0.887000190501567,0.28423367592224363,0.2718013275349058,0.0769230769230802,-0.28815628815628713,1
0.8880001904908568,0.28395736725955545,0.2718013275349058,0.0769230769230802,-0.28815628815628713,1
0.8890001904801466,0.2836764209165265,0.2718013275349058,0.0769230769230802,-0.28815628815628713,1
0.8900001904694363,0.2833908618484347,0.2718013275349058,0.0769230769230802,-0.28815628815628713,1
0.8910001904587261,0.28310071542028725,0.2718013275349058,0.0769230769230802,-0.28815628815628713,1
0.8920001904480159,0.28280600740456696,0.2718013275349058,0.0769230769230802,-0.28815628815628713,1
0.8930001904373057,0.28250676397894314,0.2718013275349058,0.0769230769230802,-0.28815628815628713,1
0.8940001904265955,0.2822030117239467,0.2718013275349058,0.0769230769230802,-0.28815628815628713,1
0.8950001904158853,0.2818947776206085,0.2718013275349058,0.0769230769230802,-0.28815628815628713,1
0.8960001904051751,0.28158208904806337,0.2718013275349058,0.0769230769230802,-0.28815628815628713,1
0.8970001903944649,0.2812649737811178,0.2718013275349058,0.0769230769230802,-0.28815628815628713,1
0.8980001903837547,0.2809434599877826,0.2718013275349058,0.0769230769230802,-0.28815628815628713,1
0.8990001903730445,0.28061757622677147,0.2718013275349058,0.0769230769230802,-0.28815628815628713,1
0.9000001903623343,0.2802873514449636,0.2718013275349058,0.0769230769230802,-0.28815628815628713,1
0.901000190351624,0.279952814974833,0.2718013275349058,0.0769230769230802,-0.28815628815628713,1
0.9020001903409138,0.2796139965318426,0.2718013275349058,0.0769230769230802,-0.28815628815628713,1
0.9030001903302036,0.2792709262118048,0.2718013275349058,0.0769230769230802,-0.28815628815628713,1
0.9040001903194934,0.2789236344882087,0.2718013275349058,0.0769230769230802,-0.28815628815628713,1
0.9050001903087832,0.27857215220951237,0.2718013275349058,0.0769230769230802,-0.28815628815628713,1
0.906000190298073,0.2782165105964036,0.2718013275349058,0.0769230769230802,-0.28815628815628713,1
0.9070001902873628,0.2778567412390261,0.2718013275349058,0.0769230769230802,-0.28815628815628713,1
0.9080001902766526,0.27749287609417367,0.2718013275349058,0.0769230769230802,-0.28815628815628713,1
0.9090001902659424,0.27712494748245176,0.2718013275349058,0.0769230769230802,-0.28815628815628713,1
0.9100001902552322,0.27675298808540627,0.2718013275349058,0.0769230769230802,-0.28815628815628713,1
0.911000190244522,0.27637703094262095,0.2718013275349058,0.0769230769230802,-0.28815628815628713,1
0.9120001902338117,0.2759971094487823,0.2718013275349058,0.0769230769230802,-0.28815628815628713,1
0.9130001902231015,0.2756132573507134,0.2718013275349058,0.0769230769230802,-0.28815628815628713,1
0.9140001902123913,0.27522550874437635,0.2718013275349058,0.0769230769230802,-0.28815628815628713,1
0.9150001902016811,0.2748338980718436,0.2718013275349058,0.0769230769230802,-0.28815628815628713,1
0.9160001901909709,0.27443846011823875,0.2718013275349058,0.0769230769230802,-0.28815628815628713,1
0.9170001901802607,0.27403923000864655,0.2718013275349058,0.0769230769230802,-0.28815628815628713,1
0.9180001901695505,0.2736362432049928,0.2718013275349058,0.0769230769230802,-0.28815628815628713,1
0.9190001901588403,0.2732295355028949,0.2718013275349058,0.0769230769230802,-0.28815628815628713,1
0.9200001901481301,0.27281914302848176,0.2718013275349058,0.0769230769230802,-0.28815628815628713,1
0.9210001901374198,0.27240510223518516,0.2718013275349058,0.0769230769230802,-0.28815628815628713,1
0.9220001901267096,0.27198744990050144,0.2718013275349058,0.0769230769230802,-0.28815628815628713,1
0.9230001901159994,0.27156622312272527,0.2718013275349058,0.0769230769230802,-0.28815628815628713,1
0.9240001901052892,0.27114145931765377,0.2718013275349058,0.0769230769230802,-0.28815628815628713,1
0.925000190094579,0.2707131962152632,0.2718013275349058,0.0769230769230802,-0.28815628815628713,1
0.9260001900838688,0.2702814718563579,0.2718013275349058,0.0769230769230802,-0.28815628815628713,1
0.9270001900731586,0.26984632458919083,0.2718013275349058,0.0769230769230802,-0.28815628815628713,1
0.9280001900624484,0.26940779306605755,0.2718013275349058,0.0769230769230802,-0.28815628815628713,1
0.9290001900517382,0.2689659162398627,0.2718013275349058,0.0769230769230802,-0.28815628815628713,1
0.930000190041028,0.26852073336066,0.2718013275349058,0.0769230769230802,-0.28815628815628713,1
0.9310001900303178,0.26807228397216626,0.2718013275349058,0.0769230769230802,-0.28815628815628713,1
0.9320001900196075,0.2676206079082481,0.2718013275349058,0.0769230769230802,-0.28815628815628713,1
0.9330001900088973,0.2671657452893844,0.2718013275349058,0.0769230769230802,-0.28815628815628713,1
0.9340001899981871,0.2667077365191022,0.2718013275349058,0.0769230769230802,-0.28815628815628713,1
0.9350001899874769,0.26624662228038765,0.2718013275349058,0.0769230769230802,-0.28815628815628713,1
0.9360001899767667,0.26578244353207303,0.2718013275349058,0.0769230769230802,-0.28815628815628713,1
0.9370001899660565,0.26531524150519753,0.2718013275349058,0.0769230769230802,-0.28815628815628713,1
0.9380001899553463,0.26484505769934596,0.2718013275349058,0.0769230769230802,-0.28815628815628713,1
0.9390001899446361,0.26437193387896163,0.2718013275349058,0.0769230769230802,-0.28815628815628713,1
0.9400001899339259,0.2638959120696369,0.2718013275349058,0.0769230769230802,-0.28815628815628713,1
0.9410001899232157,0.26341703455438054,0.2718013275349058,0.0769230769230802,-0.28815628815628713,1
0.9420001899125054,0.2629353438698613,0.2718013275349058,0.0769230769230802,-0.28815628815628713,1
0.9430001899017952,0.2624508828026302,0.2718013275349058,0.0769230769230802,-0.28815628815628713,1
0.944000189891085,0.2619636943853194,0.2718013275349058,0.0769230769230802,-0.28815628815628713,1
0.9450001898803748,0.2614738218928202,0.2718013275349058,0.0769230769230802,-0.28815628815628713,1
0.9460001898696646,0.260981308838439,0.2718013275349058,0.0769230769230802,-0.28815628815628713,1
0.9470001898589544,0.260486198970032,0.2718013275349058,0.0769230769230802,-0.28815628815628713,1
0.9480001898482442,0.2599885362661197,0.2718013275349058,0.0769230769230802,-0.28815628815628713,1
0.949000189837534,0.25948836493197996,0.2718013275349058,0.0769230769230802,-0.28815628815628713,1
0.9500001898268238,0.2589857293957217,0.2718013275349058,0.0769230769230802,-0.28815628815628713,1
0.9510001898161136,0.2584806743043387,0.2718013275349058,0.0769230769230802,-0.28815628815628713,1
0.9520001898054034,0.2579732445197434,0.2718013275349058,0.0769230769230802,-0.28815628815628713,1
0.9530001897946931,0.25746348511478245,0.2718013275349058,0.0769230769230802,-0.28815628815628713,1
0.9540001897839829,0.2569514413692326,0.2718013275349058,0.0769230769230802,-0.28815628815628713,1
0.9550001897732727,0.256437158765779,0.2718013275349058,0.0769230769230802,-0.28815628815628713,1
0.9560001897625625,0.25592068298597526,0.2718013275349058,0.0769230769230802,-0.28815628815628713,1
0.9570001897518523,0.25540205990618536,0.2718013275349058,0.0769230769230802,-0.28815628815628713,1
0.9580001897411421,0.2548813355935091,0.2718013275349058,0.0769230769230802,-0.28815628815628713,1
0.9590001897304319,0.25435855630168985,0.2718013275349058,0.0769230769230802,-0.28815628815628713,1
0.9600001897197217,0.2538337684670059,0.2718013275349058,0.0769230769230802,-0.28815628815628713,1
0.9610001897090115,0.25330701870414624,0.2718013275349058,0.0769230769230802,-0.28815628815628713,1
0.9620001896983013,0.2527783538020694,0.2718013275349058,0.0769230769230802,-0.28815628815628713,1
0.963000189687591,0.252247820719848,0.2718013275349058,0.0769230769230802,-0.28815628815628713,1
0.9640001896768808,0.2517154665824969,0.2718013275349058,0.0769230769230802,-0.28815628815628713,1
0.9650001896661706,0.25118133867678744,0.2718013275349058,0.0769230769230802,-0.28815628815628713,1
0.9660001896554604,0.25064548444704793,0.2718013275349058,0.0769230769230802,-0.28815628815628713,1
0.9670001896447502,0.2501079514909481,0.2718013275349058,0.0769230769230802,-0.28815628815628713,1
0.96800018963404,0.24956878755527243,0.2718013275349058,0.0769230769230802,-0.28815628815628713,1
0.9690001896233298,0.249028040531678,0.2718013275349058,0.0769230769230802,-0.28815628815628713,1
0.9700001896126196,0.24848575845244103,0.2718013275349058,0.0769230769230802,-0.28815628815628713,1
0.9710001896019094,0.24794198948619045,0.2718013275349058,0.0769230769230802,-0.28815628815628713,1
0.9720001895911992,0.24739678193362877,0.2718013275349058,0.0769230769230802,-0.28815628815628713,1
0.973000189580489,0.24685018422324237,0.2718013275349058,0.0769230769230802,-0.28815628815628713,1
0.9740001895697787,0.24630224490699926,0.2718013275349058,0.0769230769230802,-0.28815628815628713,1
0.9750001895590685,0.2457530126560366,0.2718013275349058,0.0769230769230802,-0.28815628815628713,1
0.9760001895483583,0.2452025362563378,0.2718013275349058,0.0769230769230802,-0.28815628815628713,1
0.9770001895376481,0.24465086460439833,0.2718013275349058,0.0769230769230802,-0.28815628815628713,1
0.9780001895269379,0.24409804670288332,0.2718013275349058,0.0769230769230802,-0.28815628815628713,1
0.9790001895162277,0.24354413165627403,0.2718013275349058,0.0769230769230802,-0.28815628815628713,1
0.9800001895055175,0.24298916866650655,0.2718013275349058,0.0769230769230802,-0.28815628815628713,1
0.9810001894948073,0.24243320702860166,0.27256427862974064,0.1648351648351678,-0.23931623931623847,1
0.9820001894840971,0.24187629612628536,0.27332722972457546,0.1648351648351678,-0.18070818070818007,1
0.9830001894733869,0.24131848542760329,0.27370870527199287,0.1648351648351678,-0.17094017094017033,1
0.9840001894626766,0.24075982448052574,0.27332722972457546,0.0549450549450512,-0.1611721611721606,1
0.9850001894519664,0.2402003629085474,0.27370870527199287,0.0549450549450512,-0.14163614163614113,1
0.9860001894412562,0.2396401504062788,0.27370870527199287,0.0329670329670364,-0.11233211233211193,1
0.987000189430546,0.23907923673503242,0.27332722972457546,-0.010989010989007397,-0.0146520146520146,1
0.9880001894198358,0.23851767171840296,0.27370870527199287,-0.010989010989007397,-0.0146520146520146,1
0.9890001894091256,0.23795550523784093,0.27294575417715805,-0.0329670329670364,0.05372405372405353,1
0.9900001893984154,0.23739278722822277,0.27218280308232323,-0.0769230769230802,0.12210012210012167,1
0.9910001893877052,0.23682956767341462,0.26951247425040137,-0.2307692307692264,0.0439560439560438,1
0.992000189376995,0.23626589660183275,0.26951247425040137,-0.1868131868131826,0.05372405372405353,1
0.9930001893662848,0.23570182408200008,0.26913099870298396,-0.0329670329670364,0.20024420024419953,1
0.9940001893555745,0.23513740021809806,0.2660791943236447,-0.2967032967032992,0.25885225885225793,1
0.9950001893448643,0.23457267514551697,0.26417181658655764,-0.2967032967032992,0.12210012210012167,1
0.9960001893341541,0.2340076990264019,0.26379034103914023,-0.1428571428571388,0.14163614163614113,1
0.9970001893234439,0.23344252204519728,0.26379034103914023,-0.1428571428571388,0.14163614163614113,1
0.9980001893127337,0.23287719440418964,0.26379034103914023,-0.1428571428571388,0.14163614163614113,1
0.9990001893020235,0.23231176631904754,0.26379034103914023,-0.1428571428571388,0.14163614163614113,1
1.0000001892913133,0.231746288014362,0.26379034103914023,-0.1428571428571388,0.14163614163614113,1
1.001000189280603,0.23118080971918456,0.26379034103914023,-0.1428571428571388,0.14163614163614113,1
1.0020001892698929,0.23061538166256582,0.26379034103914023,-0.1428571428571388,0.14163614163614113,1
1.0030001892591827,0.2300500540690943,0.26379034103914023,-0.1428571428571388,0.14163614163614113,1
1.0040001892484725,0.22948487715443427,0.26379034103914023,-0.1428571428571388,0.14163614163614113,1
1.0050001892377622,0.22891990112086644,0.26379034103914023,-0.1428571428571388,0.14163614163614113,1
1.006000189227052,0.2283551761528276,0.26379034103914023,-0.1428571428571388,0.14163614163614113,1
1.0070001892163418,0.22779075241245356,0.26379034103914023,-0.1428571428571388,0.14163614163614113,1
1.0080001892056316,0.22722668003512364,0.26379034103914023,-0.1428571428571388,0.14163614163614113,1
1.0090001891949214,0.22666300912500661,0.26379034103914023,-0.1428571428571388,0.14163614163614113,1
1.0100001891842112,0.22609978975061107,0.26379034103914023,-0.1428571428571388,0.14163614163614113,1
1.011000189173501,0.22553707194033726,0.26379034103914023,-0.1428571428571388,0.14163614163614113,1
1.0120001891627908,0.2249749056780336,0.26379034103914023,-0.1428571428571388,0.14163614163614113,1
1.0130001891520806,0.22441334089855713,0.26379034103914023,-0.1428571428571388,0.14163614163614113,1
1.0140001891413704,0.22385242748333736,0.26379034103914023,-0.1428571428571388,0.14163614163614113,1
1.0150001891306601,0.22329221525594617,0.26379034103914023,-0.1428571428571388,0.14163614163614113,1
1.01600018911995,0.22273275397767167,0.26379034103914023,-0.1428571428571388,0.14163614163614113,1
1.0170001891092397,0.2221740933430983,0.26379034103914023,-0.1428571428571388,0.14163614163614113,1
1.0180001890985295,0.22161628297569294,0.26379034103914023,-0.1428571428571388,0.14163614163614113,1
1.0190001890878193,0.22105937242339652,0.26379034103914023,-0.1428571428571388,0.14163614163614113,1
1.020000189077109,0.22050341115422356,0.26379034103914023,-0.1428571428571388,0.14163614163614113,1
1.0210001890663989,0.2199484485518674,0.26379034103914023,-0.1428571428571388,0.14163614163614113,1
1.0220001890556887,0.21939453391131414,0.26379034103914023,-0.1428571428571388,0.14163614163614113,1
1.0230001890449785,0.21884171643446404,0.26379034103914023,-0.1428571428571388,0.14163614163614113,1
1.0240001890342683,0.2182900452257606,0.26379034103914023,-0.1428571428571388,0.14163614163614113,1
1.025000189023558,0.21773956928782956,0.26379034103914023,-0.1428571428571388,0.14163614163614113,1
1.0260001890128478,0.21719033751712546,0.26379034103914023,-0.1428571428571388,0.14163614163614113,1
1.0270001890021376,0.2166423986995888,0.26379034103914023,-0.1428571428571388,0.14163614163614113,1
1.0280001889914274,0.21609580150631266,0.26379034103914023,-0.1428571428571388,0.14163614163614113,1
1.0290001889807172,0.21555059448921907,0.26379034103914023,-0.1428571428571388,0.14163614163614113,1
1.030000188970007,0.21500682607674684,0.26379034103914023,-0.1428571428571388,0.14163614163614113,1
1.0310001889592968,0.2144645445695494,0.26379034103914023,-0.1428571428571388,0.14163614163614113,1
1.0320001889485866,0.21392379813620455,0.26379034103914023,-0.1428571428571388,0.14163614163614113,1
1.0330001889378764,0.21338463480893638,0.26379034103914023,-0.1428571428571388,0.14163614163614113,1
1.0340001889271662,0.21284710247934785,0.26379034103914023,-0.1428571428571388,0.14163614163614113,1
1.035000188916456,0.21231124889416775,0.26379034103914023,-0.1428571428571388,0.14163614163614113,1
1.0360001889057457,0.21177712165100873,0.26379034103914023,-0.1428571428571388,0.14163614163614113,1
1.0370001888950355,0.2112447681941398,0.26379034103914023,-0.1428571428571388,0.14163614163614113,1
1.0380001888843253,0.2107142358102723,0.26379034103914023,-0.1428571428571388,0.14163614163614113,1
1.0390001888736151,0.21018557162435894,0.26379034103914023,-0.1428571428571388,0.14163614163614113,1
1.040000188862905,0.20965882259540872,0.26379034103914023,-0.1428571428571388,0.14163614163614113,1
1.0410001888521947,0.209134035512315,0.26379034103914023,-0.1428571428571388,0.14163614163614113,1
1.0420001888414845,0.20861125698969976,0.26379034103914023,-0.1428571428571388,0.14163614163614113,1
1.0430001888307743,0.20809053346377335,0.26379034103914023,-0.1428571428571388,0.14163614163614113,1
1.044000188820064,0.207571911188209,0.26379034103914023,-0.1428571428571388,0.14163614163614113,1
1.0450001888093539,0.20705543623003522,0.26379034103914023,-0.1428571428571388,0.14163614163614113,1
1.0460001887986436,0.2065411544655429,0.26379034103914023,-0.1428571428571388,0.14163614163614113,1
1.0470001887879334,0.20602911157621118,0.26379034103914023,-0.1428571428571388,0.14163614163614113,1
1.0480001887772232,0.20551935304464913,0.26379034103914023,-0.1428571428571388,0.14163614163614113,1
1.049000188766513,0.20501192415055594,0.26379034103914023,-0.1428571428571388,0.14163614163614113,1
1.0500001887558028,0.2045068699666992,0.26379034103914023,-0.1428571428571388,0.14163614163614113,1
1.0510001887450926,0.20400423535491063,0.26379034103914023,-0.1428571428571388,0.14163614163614113,1
1.0520001887343824,0.203504064962102,0.26379034103914023,-0.1428571428571388,0.14163614163614113,1
1.0530001887236722,0.20300640321629854,0.26379034103914023,-0.1428571428571388,0.14163614163614113,1
1.054000188712962,0.20251129432269305,0.26379034103914023,-0.1428571428571388,0.14163614163614113,1
1.0550001887022518,0.20201878225971945,0.26379034103914023,-0.1428571428571388,0.14163614163614113,1
1.0560001886915416,0.20152891077514581,0.26379034103914023,-0.1428571428571388,0.14163614163614113,1
1.0570001886808313,0.20104172338218915,0.26379034103914023,-0.1428571428571388,0.14163614163614113,1
1.0580001886701211,0.2005572633556496,0.26379034103914023,-0.1428571428571388,0.14163614163614113,1
1.059000188659411,0.20007557372806695,0.26379034103914023,-0.1428571428571388,0.14163614163614113,1
1.0600001886487007,0.19959669728589838,0.26379034103914023,-0.1428571428571388,0.14163614163614113,1
1.0610001886379905,0.19912067656571725,0.26379034103914023,-0.1428571428571388,0.14163614163614113,1
1.0620001886272803,0.19864755385043564,0.26379034103914023,-0.1428571428571388,0.14163614163614113,1
1.06300018861657,0.19817737116554773,0.26379034103914023,-0.1428571428571388,0.14163614163614113,1
1.0640001886058599,0.19771017027539733,0.26379034103914023,-0.1428571428571388,0.14163614163614113,1
1.0650001885951497,0.19724599267946813,0.26379034103914023,-0.1428571428571388,0.14163614163614113,1
1.0660001885844395,0.19678487960869706,0.26379034103914023,-0.1428571428571388,0.14163614163614113,1
1.0670001885737292,0.1963268720218126,0.26379034103914023,-0.1428571428571388,0.14163614163614113,1
1.068000188563019,0.1958720106016959,0.26379034103914023,-0.1428571428571388,0.14163614163614113,1
1.0690001885523088,0.19542033575176737,0.26379034103914023,-0.1428571428571388,0.14163614163614113,1
1.0700001885415986,0.19497188759239814,0.26379034103914023,-0.1428571428571388,0.14163614163614113,1
1.0710001885308884,0.1945267059573457,0.26379034103914023,-0.1428571428571388,0.14163614163614113,1
1.0720001885201782,0.19408483039021623,0.26379034103914023,-0.1428571428571388,0.14163614163614113,1
1.073000188509468,0.1936463001409517,0.26379034103914023,-0.1428571428571388,0.14163614163614113,1
1.0740001884987578,0.19321115416234347,0.26379034103914023,-0.1428571428571388,0.14163614163614113,1
1.0750001884880476,0.19277943110657286,0.26379034103914023,-0.1428571428571388,0.14163614163614113,1
1.0760001884773374,0.19235116932177693,0.26379034103914023,-0.1428571428571388,0.14163614163614113,1
1.0770001884666272,0.19192640684864298,0.26379034103914023,-0.1428571428571388,0.14163614163614113,1
1.078000188455917,0.191505181417029,0.26379034103914023,-0.1428571428571388,0.14163614163614113,1
1.0790001884452067,0.19108753044261256,0.26379034103914023,-0.1428571428571388,0.14163614163614113,1
1.0800001884344965,0.19067349102356743,0.26379034103914023,-0.1428571428571388,0.14163614163614113,1
1.0810001884237863,0.1902630999372679,0.26379034103914023,-0.1428571428571388,0.14163614163614113,1
1.082000188413076,0.18985639363702253,0.26379034103914023,-0.1428571428571388,0.14163614163614113,1
1.083000188402366,0.18945340824883572,0.26379034103914023,-0.1428571428571388,0.14163614163614113,1
1.0840001883916557,0.18905417956819887,0.26379034103914023,-0.1428571428571388,0.14163614163614113,1
1.0850001883809455,0.18865874305691116,0.26379034103914023,-0.1428571428571388,0.14163614163614113,1
1.0860001883702353,0.1882671338399291,0.26379034103914023,-0.1428571428571388,0.14163614163614113,1
1.087000188359525,0.18787938670224705,0.26379034103914023,-0.1428571428571388,0.14163614163614113,1
1.0880001883488148,0.18749553608580696,0.26379034103914023,-0.1428571428571388,0.14163614163614113,1
1.0890001883381046,0.18711561608643928,0.26379034103914023,-0.1428571428571388,0.14163614163614113,1
1.0900001883273944,0.18673966045083445,0.26379034103914023,-0.1428571428571388,0.14163614163614113,1
1.0910001883166842,0.18636770257354507,0.26379034103914023,-0.1428571428571388,0.14163614163614113,1
1.092000188305974,0.1859997754940198,0.26379034103914023,-0.1428571428571388,0.14163614163614113,1
1.0930001882952638,0.18563591189366857,0.26379034103914023,-0.1428571428571388,0.14163614163614113,1
1.0940001882845536,0.18527614409295948,0.26379034103914023,-0.1428571428571388,0.14163614163614113,1
1.0950001882738434,0.18492050404854823,0.26379034103914023,-0.1428571428571388,0.14163614163614113,1
1.0960001882631332,0.18456902335043912,0.26379034103914023,-0.1428571428571388,0.14163614163614113,1
1.097000188252423,0.18422173321917948,0.26379034103914023,-0.1428571428571388,0.14163614163614113,1
1.0980001882417127,0.18387866450308615,0.26379034103914023,-0.1428571428571388,0.14163614163614113,1
1.0990001882310025,0.1835398476755054,0.26379034103914023,-0.1428571428571388,0.14163614163614113,1
1.1000001882202923,0.18320531283210648,0.26379034103914023,-0.1428571428571388,0.14163614163614113,1
1.1010001882095821,0.18287508968820765,0.26379034103914023,-0.1428571428571388,0.14163614163614113,1
1.102000188198872,0.18254920757613746,0.26379034103914023,-0.1428571428571388,0.14163614163614113,1
1.1030001881881617,0.18222769544262873,0.26379034103914023,-0.1428571428571388,0.14163614163614113,1
1.1040001881774515,0.18191058184624745,0.26379034103914023,-0.1428571428571388,0.14163614163614113,1
1.1050001881667413,0.1815978949548564,0.26379034103914023,-0.1428571428571388,0.14163614163614113,1
1.106000188156031,0.18128966254311252,0.26379034103914023,-0.1428571428571388,0.14163614163614113,1
1.1070001881453209,0.1809859119900004,0.26379034103914023,-0.1428571428571388,0.14163614163614113,1
1.1080001881346107,0.18068667027639984,0.26379034103914023,-0.1428571428571388,0.14163614163614113,1
1.1090001881239004,0.18039196398268945,0.25997558556496614,-0.2527472527472554,0.18070818070818007,1
1.1100001881131902,0.1801018192863858,0.2580682078278791,-0.2747252747252702,0.21001221001220927,1
1.11100018810248,0.17981626195981784,0.25577935454337464,-0.318681318681314,0.21001221001220927,1
1.1120001880917698,0.17953531736783798,0.254253452353705,-0.2967032967032992,0.22954822954822873,1
1.1130001880810596,0.1792590104655687,0.2508201724269483,-0.318681318681314,0.22954822954822873,1
1.1140001880703494,0.17898736579618624,0.24891279468986127,-0.4505494505494454,0.219780219780219,1
1.1150001880596392,0.17872040748874027,0.2462424658579394,-0.4285714285714306,0.1611721611721606,1
1.116000188048929,0.17845815925601066,0.24280918593118272,-0.3846153846153868,0.11233211233211193,1
1.1170001880382188,0.1782006443924014,0.23823147936217381,-0.4505494505494454,0.08302808302808273,1
1.1180001880275086,0.1779478857718711,0.23479819943541713,-0.4285714285714306,0.06349206349206327,1
1.1190001880167983,0.17769990584590148,0.23098344396124304,-0.3846153846153868,0.12210012210012167,1
1.1200001880060881,0.1774567266415029,0.229076066224156,-0.4065934065934016,0.15140415140415087,1
1.121000187995378,0.17721836975925787,0.22640573739223413,-0.4065934065934016,0.12210012210012167,1
1.1220001879846677,0.1769848563714025,0.22335393301289486,-0.560439560439562,0.073260073260073,1
1.1230001879739575,0.1767562072199456,0.21915770199130336,-0.4725274725274744,-0.03418803418803407,1
1.1240001879632473,0.17653244261482648,0.2172503242542163,-0.3846153846153868,-0.03418803418803407,1
1.125000187952537,0.1763135824321108,0.21190966659037258,-0.5164835164835182,-0.073260073260073,1
1.1260001879418269,0.1760996461122249,0.20771343556878108,-0.538461538461533,-0.073260073260073,1
1.1270001879311167,0.17589065265822948,0.20656900892652885,-0.4725274725274744,-0.09279609279609247,1
1.1280001879204065,0.175686620634131,0.20656900892652885,-0.4725274725274744,-0.09279609279609247,1
1.1290001879096963,0.17548756816323335,0.20656900892652885,-0.4725274725274744,-0.09279609279609247,1
1.130000187898986,0.17529351292652742,0.20656900892652885,-0.4725274725274744,-0.09279609279609247,1
1.1310001878882758,0.17510447216112104,0.20656900892652885,-0.4725274725274744,-0.09279609279609247,1
1.1320001878775656,0.17492046265870775,0.20656900892652885,-0.4725274725274744,-0.09279609279609247,1
1.1330001878668554,0.17474150076407508,0.20656900892652885,-0.4725274725274744,-0.09279609279609247,1
1.1340001878561452,0.17456760237365299,0.20656900892652885,-0.4725274725274744,-0.09279609279609247,1
1.135000187845435,0.1743987829341017,0.20656900892652885,-0.4725274725274744,-0.09279609279609247,1
1.1360001878347248,0.1742350574409396,0.20656900892652885,-0.4725274725274744,-0.09279609279609247,1
1.1370001878240146,0.17407644043721138,0.20656900892652885,-0.4725274725274744,-0.09279609279609247,1
1.1380001878133044,0.17392294601219613,0.20656900892652885,-0.4725274725274744,-0.09279609279609247,1
1.1390001878025942,0.17377458780015598,0.20656900892652885,-0.4725274725274744,-0.09279609279609247,1
1.140000187791884,0.17363137897912478,0.20656900892652885,-0.4725274725274744,-0.09279609279609247,1
1.1410001877811737,0.1734933322697378,0.20656900892652885,-0.4725274725274744,-0.09279609279609247,1
1.1420001877704635,0.17336045993410173,0.20656900892652885,-0.4725274725274744,-0.09279609279609247,1
1.1430001877597533,0.17323277377470545,0.20656900892652885,-0.4725274725274744,-0.09279609279609247,1
1.144000187749043,0.17311028513337168,0.20656900892652885,-0.4725274725274744,-0.09279609279609247,1
1.145000187738333,0.17299300489024957,0.20656900892652885,-0.4725274725274744,-0.09279609279609247,1
1.1460001877276227,0.17288094346284816,0.20656900892652885,-0.4725274725274744,-0.09279609279609247,1
1.1470001877169125,0.17277411080511126,0.20656900892652885,-0.4725274725274744,-0.09279609279609247,1
1.1480001877062023,0.17267251640653294,0.20656900892652885,-0.4725274725274744,-0.09279609279609247,1
1.149000187695492,0.17257616929131503,0.20656900892652885,-0.4725274725274744,-0.09279609279609247,1
1.1500001876847818,0.17248507801756513,0.20656900892652885,-0.4725274725274744,-0.09279609279609247,1
1.1510001876740716,0.1723992506765367,0.20656900892652885,-0.4725274725274744,-0.09279609279609247,1
1.1520001876633614,0.1723186948919103,0.20656900892652885,-0.4725274725274744,-0.09279609279609247,1
1.1530001876526512,0.1722434178191163,0.20656900892652885,-0.4725274725274744,-0.09279609279609247,1
1.154000187641941,0.17217342614469952,0.20656900892652885,-0.4725274725274744,-0.09279609279609247,1
1.1550001876312308,0.17210872608572497,0.20656900892652885,-0.4725274725274744,-0.09279609279609247,1
1.1560001876205206,0.17204932338922588,0.20656900892652885,-0.4725274725274744,-0.09279609279609247,1
1.1570001876098104,0.17199522333169312,0.20656900892652885,-0.4725274725274744,-0.09279609279609247,1
1.1580001875991002,0.1719464307186065,0.20656900892652885,-0.4725274725274744,-0.09279609279609247,1
1.15900018758839,0.17190294988400795,0.20656900892652885,-0.4725274725274744,-0.09279609279609247,1
1.1600001875776798,0.1718647846901165,0.20656900892652885,-0.4725274725274744,-0.09279609279609247,1
1.1610001875669695,0.17183193852698536,0.20656900892652885,-0.4725274725274744,-0.09279609279609247,1
1.1620001875562593,0.1718044143122005,0.20656900892652885,-0.4725274725274744,-0.09279609279609247,1
1.1630001875455491,0.17178221449062184,0.20656900892652885,-0.4725274725274744,-0.09279609279609247,1
1.164000187534839,0.1717653410341658,0.20656900892652885,-0.4725274725274744,-0.09279609279609247,1
1.1650001875241287,0.17175379544163036,0.20656900892652885,-0.4725274725274744,-0.09279609279609247,1
1.1660001875134185,0.17174757873856172,0.20656900892652885,-0.4725274725274744,-0.09279609279609247,1
1.1670001875027083,0.17174669147716348,0.20656900892652885,-0.4725274725274744,-0.09279609279609247,1
1.168000187491998,0.17175113373624723,0.20656900892652885,-0.4725274725274744,-0.09279609279609247,1
1.1690001874812879,0.17176090512122588,0.20656900892652885,-0.4725274725274744,-0.09279609279609247,1
1.1700001874705777,0.17177600476414856,0.20656900892652885,-0.4725274725274744,-0.09279609279609247,1
1.1710001874598674,0.17179643132377764,0.20656900892652885,-0.4725274725274744,-0.09279609279609247,1
1.1720001874491572,0.17182218298570812,0.20656900892652885,-0.4725274725274744,-0.09279609279609247,1
1.173000187438447,0.17185325746252844,0.20656900892652885,-0.4725274725274744,-0.09279609279609247,1
1.1740001874277368,0.171889651994024,0.20656900892652885,-0.4725274725274744,-0.09279609279609247,1
1.1750001874170266,0.17193136334742218,0.20656900892652885,-0.4725274725274744,-0.09279609279609247,1
1.1760001874063164,0.1719783878176794,0.20656900892652885,-0.4725274725274744,-0.09279609279609247,1
1.1770001873956062,0.17203072122781043,0.20656900892652885,-0.4725274725274744,-0.09279609279609247,1
1.178000187384896,0.1720883589292593,0.20656900892652885,-0.4725274725274744,-0.09279609279609247,1
1.1790001873741858,0.1721512958023122,0.20656900892652885,-0.4725274725274744,-0.09279609279609247,1
1.1800001873634756,0.1722195262565523,0.20656900892652885,-0.4725274725274744,-0.09279609279609247,1
1.1810001873527654,0.1722930442313562,0.20656900892652885,-0.4725274725274744,-0.09279609279609247,1
1.1820001873420551,0.17237184319643248,0.20656900892652885,-0.4725274725274744,-0.09279609279609247,1
1.183000187331345,0.1724559161524016,0.20656900892652885,-0.4725274725274744,-0.09279609279609247,1
1.1840001873206347,0.17254525563141762,0.20656900892652885,-0.4725274725274744,-0.09279609279609247,1
1.1850001873099245,0.17263985369783164,0.20656900892652885,-0.4725274725274744,-0.09279609279609247,1
1.1860001872992143,0.1727397019488966,0.20656900892652885,-0.4725274725274744,-0.09279609279609247,1
1.187000187288504,0.17284479151551368,0.20656900892652885,-0.4725274725274744,-0.09279609279609247,1
1.1880001872777939,0.17295511306302017,0.20656900892652885,-0.4725274725274744,-0.09279609279609247,1
1.1890001872670837,0.1730706567920185,0.20656900892652885,-0.4725274725274744,-0.09279609279609247,1
1.1900001872563735,0.1731914124392468,0.20656900892652885,-0.4725274725274744,-0.09279609279609247,1
1.1910001872456633,0.1733173692784905,0.20656900892652885,-0.4725274725274744,-0.09279609279609247,1
1.192000187234953,0.1734485161215351,0.20656900892652885,-0.4725274725274744,-0.09279609279609247,1
1.1930001872242428,0.17358484131915997,0.20656900892652885,-0.4725274725274744,-0.09279609279609247,1
1.1940001872135326,0.17372633276217297,0.20656900892652885,-0.4725274725274744,-0.09279609279609247,1
1.1950001872028224,0.1738729778824864,0.20656900892652885,-0.4725274725274744,-0.09279609279609247,1
1.1960001871921122,0.17402476365423294,0.20656900892652885,-0.4725274725274744,-0.09279609279609247,1
1.197000187181402,0.17418167659492304,0.20656900892652885,-0.4725274725274744,-0.09279609279609247,1
1.1980001871706918,0.17434370276664235,0.20656900892652885,-0.4725274725274744,-0.09279609279609247,1
1.1990001871599816,0.17451082777728966,0.20656900892652885,-0.4725274725274744,-0.09279609279609247,1
1.2000001871492714,0.17468303678185562,0.20656900892652885,-0.4725274725274744,-0.09279609279609247,1
1.2010001871385612,0.17486031448374095,0.20656900892652885,-0.4725274725274744,-0.09279609279609247,1
1.202000187127851,0.17504264513611553,0.20656900892652885,-0.4725274725274744,-0.09279609279609247,1
1.2030001871171407,0.17523001254331688,0.20656900892652885,-0.4725274725274744,-0.09279609279609247,1
1.2040001871064305,0.17542240006228887,0.20656900892652885,-0.4725274725274744,-0.09279609279609247,1
1.2050001870957203,0.17561979060406008,0.20656900892652885,-0.4725274725274744,-0.09279609279609247,1
1.2060001870850101,0.17582216663526154,0.20656900892652885,-0.4725274725274744,-0.09279609279609247,1
1.2070001870743,0.17602951017968443,0.20656900892652885,-0.4725274725274744,-0.09279609279609247,1
1.2080001870635897,0.1762418028198767,0.20656900892652885,-0.4725274725274744,-0.09279609279609247,1
1.2090001870528795,0.17645902569877886,0.20656900892652885,-0.4725274725274744,-0.09279609279609247,1
1.2100001870421693,0.17668115952139932,0.20656900892652885,-0.4725274725274744,-0.09279609279609247,1
1.211000187031459,0.17690818455652785,0.20656900892652885,-0.4725274725274744,-0.09279609279609247,1
1.2120001870207489,0.17714008063848868,0.20656900892652885,-0.4725274725274744,-0.09279609279609247,1
1.2130001870100386,0.17737682716893138,0.20656900892652885,-0.4725274725274744,-0.09279609279609247,1
1.2140001869993284,0.17761840311866064,0.20656900892652885,-0.4725274725274744,-0.09279609279609247,1
1.2150001869886182,0.17786478702950434,0.20656900892652885,-0.4725274725274744,-0.09279609279609247,1
1.216000186977908,0.17811595701621924,0.20656900892652885,-0.4725274725274744,-0.09279609279609247,1
1.2170001869671978,0.17837189076843538,0.20656900892652885,-0.4725274725274744,-0.09279609279609247,1
1.2180001869564876,0.1786325655526376,0.20656900892652885,-0.4725274725274744,-0.09279609279609247,1
1.2190001869457774,0.1788979582141847,0.20656900892652885,-0.4725274725274744,-0.09279609279609247,1
1.2200001869350672,0.17916804517936652,0.20656900892652885,-0.4725274725274744,-0.09279609279609247,1
1.221000186924357,0.17944280245749764,0.20656900892652885,-0.4725274725274744,-0.09279609279609247,1
1.2220001869136468,0.17972220564304844,0.20656900892652885,-0.4725274725274744,-0.09279609279609247,1
1.2230001869029365,0.1800062299178131,0.20656900892652885,-0.4725274725274744,-0.09279609279609247,1
1.2240001868922263,0.18029485005311363,0.20656900892652885,-0.4725274725274744,-0.09279609279609247,1
1.2250001868815161,0.18058804041204152,0.20656900892652885,-0.4725274725274744,-0.09279609279609247,1
1.226000186870806,0.18088577495173422,0.20656900892652885,-0.4725274725274744,-0.09279609279609247,1
1.2270001868600957,0.18118802722568902,0.20656900892652885,-0.4725274725274744,-0.09279609279609247,1
1.2280001868493855,0.18149477038611195,0.20656900892652885,-0.4725274725274744,-0.09279609279609247,1
1.2290001868386753,0.18180597718630231,0.20656900892652885,-0.4725274725274744,-0.09279609279609247,1
1.230000186827965,0.18212161998307344,0.20656900892652885,-0.4725274725274744,-0.09279609279609247,1
1.2310001868172549,0.1824416707392075,0.20656900892652885,-0.4725274725274744,-0.09279609279609247,1
1.2320001868065447,0.18276610102594643,0.20656900892652885,-0.4725274725274744,-0.09279609279609247,1
1.2330001867958345,0.183094882025517,0.20580605783169403,-0.3846153846153868,-0.08302808302808273,1
1.2340001867851242,0.1834279845336902,0.20237277790493735,-0.4065934065934016,-0.09279609279609247,1
1.235000186774414,0.18376537896237605,0.19893949797818067,-0.4505494505494454,-0.073260073260073,1
1.2360001867637038,0.184107035342251,0.1951247425040048,-0.4065934065934016,-0.05372405372405353,1
1.2370001867529936,0.18445292332542076,0.19398031586175257,-0.340659340659343,-0.08302808302808273,1
1.2380001867422834,0.18480301218811518,0.1909285114824133,-0.3626373626373578,-0.08302808302808273,1
1.2390001867315732,0.18515727083341796,0.18978408484016107,-0.2087912087912116,-0.1025641025641022,1
1.240000186720863,0.18551566779402862,0.1867322804608218,-0.3626373626373578,-0.11233211233211193,1
1.2410001867101528,0.18587817123505734,0.1863508049134044,-0.1428571428571388,-0.1318681318681314,1
1.2420001866994426,0.18624474895685333,0.18329900053406512,-0.2747252747252702,-0.14163614163614113,1
1.2430001866887324,0.1866153683978643,0.1825360494392303,-0.1428571428571388,-0.1904761904761898,1
1.2440001866780221,0.18698999663752933,0.18139162279697807,-0.010989010989007397,-0.08302808302808273,1
1.245000186667312,0.18736860039920278,0.18139162279697807,-0.010989010989007397,-0.08302808302808273,1
1.2460001866566017,0.18775114605311002,0.18177309834439548,0.0549450549450512,-0.09279609279609247,1
1.2470001866458915,0.18813759961933502,0.1821545738918129,0.0549450549450512,-0.09279609279609247,1
1.2480001866351813,0.18852792677083807,0.1821545738918129,0.0549450549450512,-0.08302808302808273,1
1.249000186624471,0.18892209283650552,0.1821545738918129,0.0549450549450512,-0.08302808302808273,1
1.2500001866137609,0.1893200628042291,0.1821545738918129,0.0549450549450512,-0.08302808302808273,1
1.2510001866030507,0.18972180132401584,0.1821545738918129,0.0549450549450512,-0.08302808302808273,1
1.2520001865923405,0.1901272727111284,0.1821545738918129,0.0549450549450512,-0.08302808302808273,1
1.2530001865816303,0.19053644094925426,0.1821545738918129,0.0549450549450512,-0.08302808302808273,1
1.25400018657092,0.19094926969370563,0.1821545738918129,0.0549450549450512,-0.08302808302808273,1
1.2550001865602098,0.19136572227464718,0.1821545738918129,0.0549450549450512,-0.08302808302808273,1
1.2560001865494996,0.19178576170035339,0.1821545738918129,0.0549450549450512,-0.08302808302808273,1
1.2570001865387894,0.1922093506604947,0.1821545738918129,0.0549450549450512,-0.08302808302808273,1
1.2580001865280792,0.19263645152945108,0.1821545738918129,0.0549450549450512,-0.08302808302808273,1
1.259000186517369,0.19306702636965467,0.1821545738918129,0.0549450549450512,-0.08302808302808273,1
1.2600001865066588,0.19350103693495949,0.1821545738918129,0.0549450549450512,-0.08302808302808273,1
1.2610001864959486,0.19393844467403829,0.1821545738918129,0.0549450549450512,-0.08302808302808273,1
1.2620001864852384,0.1943792107338075,0.1821545738918129,0.0549450549450512,-0.08302808302808273,1
1.2630001864745282,0.1948232959628779,0.1821545738918129,0.0549450549450512,-0.08302808302808273,1
1.264000186463818,0.19527066091503253,0.1821545738918129,0.0549450549450512,-0.08302808302808273,1
1.2650001864531077,0.19572126585273059,0.1821545738918129,0.0549450549450512,-0.08302808302808273,1
1.2660001864423975,0.1961750707506368,0.1821545738918129,0.0549450549450512,-0.08302808302808273,1
1.2670001864316873,0.1966320352991772,0.1821545738918129,0.0549450549450512,-0.08302808302808273,1
1.2680001864209771,0.19709211890811906,0.1821545738918129,0.0549450549450512,-0.08302808302808273,1
1.269000186410267,0.19755528071017694,0.1821545738918129,0.0549450549450512,-0.08302808302808273,1
1.2700001863995567,0.1980214795646425,0.1821545738918129,0.0549450549450512,-0.08302808302808273,1
1.2710001863888465,0.19849067406103862,0.1821545738918129,0.0549450549450512,-0.08302808302808273,1
1.2720001863781363,0.19896282252279826,0.1821545738918129,0.0549450549450512,-0.08302808302808273,1
1.273000186367426,0.19943788301096574,0.1821545738918129,0.0549450549450512,-0.08302808302808273,1
1.2740001863567159,0.19991581332792263,0.1821545738918129,0.0549450549450512,-0.08302808302808273,1
1.2750001863460056,0.20039657102113578,0.1821545738918129,0.0549450549450512,-0.08302808302808273,1
1.2760001863352954,0.20088011338692782,0.1821545738918129,0.0549450549450512,-0.08302808302808273,1
1.2770001863245852,0.201366397474271,0.1821545738918129,0.0549450549450512,-0.08302808302808273,1
1.278000186313875,0.2018553800886017,0.1821545738918129,0.0549450549450512,-0.08302808302808273,1
1.2790001863031648,0.20234701779565778,0.1821545738918129,0.0549450549450512,-0.08302808302808273,1
1.2800001862924546,0.20284126692533644,0.1821545738918129,0.0549450549450512,-0.08302808302808273,1
1.2810001862817444,0.20333808357557293,0.1821545738918129,0.0549450549450512,-0.08302808302808273,1
1.2820001862710342,0.20383742361624088,0.1821545738918129,0.0549450549450512,-0.08302808302808273,1
1.283000186260324,0.2043392426930714,0.1821545738918129,0.0549450549450512,-0.08302808302808273,1
1.2840001862496138,0.20484349623159354,0.1821545738918129,0.0549450549450512,-0.08302808302808273,1
1.2850001862389036,0.20535013944109345,0.1821545738918129,0.0549450549450512,-0.08302808302808273,1
1.2860001862281933,0.20585912731859257,0.1821545738918129,0.0549450549450512,-0.08302808302808273,1
1.2870001862174831,0.20637041465284575,0.1821545738918129,0.0549450549450512,-0.08302808302808273,1
1.288000186206773,0.20688395602835644,0.1821545738918129,0.0549450549450512,-0.08302808302808273,1
1.2890001861960627,0.2073997058294114,0.1821545738918129,0.0549450549450512,-0.08302808302808273,1
1.2900001861853525,0.2079176182441322,0.1821545738918129,0.0549450549450512,-0.08302808302808273,1
1.2910001861746423,0.2084376472685444,0.1821545738918129,0.0549450549450512,-0.08302808302808273,1
1.292000186163932,0.20895974671066436,0.1821545738918129,0.0549450549450512,-0.08302808302808273,1
1.2930001861532219,0.20948387019460163,0.1821545738918129,0.0549450549450512,-0.08302808302808273,1
1.2940001861425117,0.21000997116467884,0.1821545738918129,0.0549450549450512,-0.08302808302808273,1
1.2950001861318015,0.21053800288956703,0.1821545738918129,0.0549450549450512,-0.08302808302808273,1
1.2960001861210912,0.21106791846643605,0.1821545738918129,0.0549450549450512,-0.08302808302808273,1
1.297000186110381,0.21159967082512154,0.1821545738918129,0.0549450549450512,-0.08302808302808273,1
1.2980001860996708,0.2121332127323052,0.1821545738918129,0.0549450549450512,-0.08302808302808273,1
1.2990001860889606,0.2126684967957109,0.1821545738918129,0.0549450549450512,-0.08302808302808273,1
1.3000001860782504,0.21320547546831423,0.1821545738918129,0.0549450549450512,-0.08302808302808273,1
1.3010001860675402,0.21374410105256542,0.1821545738918129,0.0549450549450512,-0.08302808302808273,1
1.30200018605683,0.2142843257046269,0.1821545738918129,0.0549450549450512,-0.08302808302808273,1
1.3030001860461198,0.2148261014386223,0.1821545738918129,0.0549450549450512,-0.08302808302808273,1
1.3040001860354096,0.21536938013089957,0.1821545738918129,0.0549450549450512,-0.08302808302808273,1
1.3050001860246994,0.21591411352430473,0.1821545738918129,0.0549450549450512,-0.08302808302808273,1
1.3060001860139892,0.21646025323246929,0.1821545738918129,0.0549450549450512,-0.08302808302808273,1
1.307000186003279,0.21700775074410766,0.1821545738918129,0.0549450549450512,-0.08302808302808273,1
1.3080001859925687,0.21755655742732596,0.1821545738918129,0.0549450549450512,-0.08302808302808273,1
1.3090001859818585,0.21810662453394264,0.1821545738918129,0.0549450549450512,-0.08302808302808273,1
1.3100001859711483,0.21865790320381756,0.1821545738918129,0.0549450549450512,-0.08302808302808273,1
1.311000185960438,0.21921034446919285,0.1821545738918129,0.0549450549450512,-0.08302808302808273,1
1.312000185949728,0.21976389925904224,0.1821545738918129,0.0549450549450512,-0.08302808302808273,1
1.3130001859390177,0.22031851840342942,0.1821545738918129,0.0549450549450512,-0.08302808302808273,1
1.3140001859283075,0.22087415263787638,0.1821545738918129,0.0549450549450512,-0.08302808302808273,1
1.3150001859175973,0.2214307526077385,0.1821545738918129,0.0549450549450512,-0.08302808302808273,1
1.316000185906887,0.22198826887258938,0.1821545738918129,0.0549450549450512,-0.08302808302808273,1
1.3170001858961768,0.22254665191061185,0.1821545738918129,0.0549450549450512,-0.08302808302808273,1
1.3180001858854666,0.22310585212299672,0.1821545738918129,0.0549450549450512,-0.08302808302808273,1
1.3190001858747564,0.2236658198383491,0.1821545738918129,0.0549450549450512,-0.08302808302808273,1
1.3200001858640462,0.2242265053170995,0.1821545738918129,0.0549450549450512,-0.08302808302808273,1
1.321000185853336,0.22478785875592297,0.1821545738918129,0.0549450549450512,-0.08302808302808273,1
1.3220001858426258,0.22534983029216243,0.1821545738918129,0.0549450549450512,-0.08302808302808273,1
1.3230001858319156,0.22591237000825756,0.1821545738918129,0.0549450549450512,-0.08302808302808273,1
1.3240001858212054,0.22647542793617934,0.1821545738918129,0.0549450549450512,-0.08302808302808273,1
1.3250001858104952,0.22703895406186783,0.1821545738918129,0.0549450549450512,-0.08302808302808273,1
1.326000185799785,0.22760289832967537,0.1821545738918129,0.0549450549450512,-0.08302808302808273,1
1.3270001857890747,0.2281672106468125,0.1821545738918129,0.0549450549450512,-0.08302808302808273,1
1.3280001857783645,0.22873184088779713,0.1821545738918129,0.0549450549450512,-0.08302808302808273,1
1.3290001857676543,0.22929673889890784,0.1821545738918129,0.0549450549450512,-0.08302808302808273,1
1.3300001857569441,0.22986185450263777,0.1821545738918129,0.0549450549450512,-0.08302808302808273,1
1.331000185746234,0.2304271375021527,0.1821545738918129,0.0549450549450512,-0.08302808302808273,1
1.3320001857355237,0.23099253768574926,0.1821545738918129,0.0549450549450512,-0.08302808302808273,1
1.3330001857248135,0.23155800483131478,0.1821545738918129,0.0549450549450512,-0.08302808302808273,1
1.3340001857141033,0.2321234887107891,0.1821545738918129,0.0549450549450512,-0.08302808302808273,1
1.335000185703393,0.23268893909462524,0.1821545738918129,0.0549450549450512,-0.08302808302808273,1
1.3360001856926829,0.23325430575625178,0.1821545738918129,0.0549450549450512,-0.08302808302808273,1
1.3370001856819727,0.233819538476534,0.1821545738918129,0.0549450549450512,-0.08302808302808273,1
1.3380001856712624,0.23438458704823434,0.1821545738918129,0.0549450549450512,-0.08302808302808273,1
1.3390001856605522,0.23494940128047276,0.1821545738918129,0.0549450549450512,-0.08302808302808273,1
1.340000185649842,0.23551393100318424,0.1821545738918129,0.0549450549450512,-0.08302808302808273,1
1.3410001856391318,0.23607812607157577,0.1821545738918129,0.0549450549450512,-0.08302808302808273,1
1.3420001856284216,0.23664193637058034,0.1821545738918129,0.0549450549450512,-0.08302808302808273,1
1.3430001856177114,0.2372053118193081,0.1821545738918129,0.0549450549450512,-0.08302808302808273,1
1.3440001856070012,0.2377682023754954,0.1821545738918129,0.0549450549450512,-0.08302808302808273,1
1.345000185596291,0.23833055803994924,0.1821545738918129,0.0549450549450512,-0.08302808302808273,1
1.3460001855855808,0.2388923288609891,0.1821545738918129,0.0549450549450512,-0.08302808302808273,1
1.3470001855748706,0.23945346493888361,0.1821545738918129,0.0549450549450512,-0.08302808302808273,1
1.3480001855641603,0.24001391643028264,0.1821545738918129,0.0549450549450512,-0.08302808302808273,1
1.3490001855534501,0.24057363355264538,0.1821545738918129,0.0549450549450512,-0.08302808302808273,1
1.35000018554274,0.2411325665886616,0.1821545738918129,0.0549450549450512,-0.08302808302808273,1
1.3510001855320297,0.24169066589066837,0.1821545738918129,0.0549450549450512,-0.08302808302808273,1
1.3520001855213195,0.24224788188505986,0.1821545738918129,0.0549450549450512,-0.08302808302808273,1
1.3530001855106093,0.2428041650766904,0.1821545738918129,0.0549450549450512,-0.08302808302808273,1
1.354000185499899,0.24335946605327174,0.1821545738918129,0.0549450549450512,-0.08302808302808273,1
1.3550001854891889,0.24391373548976114,0.1821545738918129,0.0549450549450512,-0.08302808302808273,1
1.3560001854784787,0.2444669241527436,0.1821545738918129,0.0549450549450512,-0.09279609279609247,1
1.3570001854677685,0.24501898290480462,0.1825360494392303,0.0549450549450512,-0.12210012210012167,1
1.3580001854570583,0.24556986270889464,0.1829175249866477,0.0549450549450512,-0.18070818070818007,1
1.359000185446348,0.24611951463268547,0.18368047608148252,0.0549450549450512,-0.2783882783882774,1
1.3600001854356378,0.2466678898529159,0.18406195162889993,0.120879120879124,-0.3076923076923066,1
1.3610001854249276,0.24721493965972932,0.18520637827115216,0.1428571428571388,-0.36630036630036855,1
1.3620001854142174,0.24776061546099987,0.1863508049134044,0.120879120879124,-0.4053724053724075,1
1.3630001854035072,0.24830486878664862,0.1867322804608218,0.098901098901095,-0.532356532356534,1
1.364000185392797,0.24884765129294945,0.1951247425040048,0.2747252747252702,-0.5909645909645924,1
1.3650001853820868,0.24938891476682257,0.19703212024109362,0.2747252747252702,-0.6398046398046411,1
1.3660001853713766,0.24992861113011786,0.19932097352559808,0.318681318681314,-0.571428571428573,1
1.3670001853606664,0.25046669244388453,0.20275425345235476,0.4065934065934016,-0.5616605616605632,1
1.3680001853499562,0.25100311091263017,0.203898680094607,0.3846153846153868,-0.5225885225885243,1
1.369000185339246,0.25153781888856597,0.203898680094607,0.3846153846153868,-0.5225885225885243,1
1.3700001853285357,0.25207076887583846,0.203898680094607,0.3846153846153868,-0.5225885225885243,1
1.3710001853178255,0.25260191353474953,0.203898680094607,0.3846153846153868,-0.5225885225885243,1
1.3720001853071153,0.25313120568596015,0.203898680094607,0.3846153846153868,-0.5225885225885243,1
1.373000185296405,0.25365859831468224,0.203898680094607,0.3846153846153868,-0.5225885225885243,1
1.374000185285695,0.2541840445748541,0.203898680094607,0.3846153846153868,-0.5225885225885243,1
1.3750001852749847,0.2547074977933016,0.203898680094607,0.3846153846153868,-0.5225885225885243,1
1.3760001852642745,0.2552289114738843,0.203898680094607,0.3846153846153868,-0.5225885225885243,1
1.3770001852535643,0.25574823930162516,0.203898680094607,0.3846153846153868,-0.5225885225885243,1
1.378000185242854,0.25626543514682465,0.203898680094607,0.3846153846153868,-0.5225885225885243,1
1.3790001852321438,0.25678045306915853,0.203898680094607,0.3846153846153868,-0.5225885225885243,1
1.3800001852214336,0.2572932473217578,0.203898680094607,0.3846153846153868,-0.5225885225885243,1
1.3810001852107234,0.257803772355273,0.203898680094607,0.3846153846153868,-0.5225885225885243,1
1.3820001852000132,0.25831198282191964,0.203898680094607,0.3846153846153868,-0.5225885225885243,1
1.383000185189303,0.25881783357950655,0.203898680094607,0.3846153846153868,-0.5225885225885243,1
1.3840001851785928,0.25932127969544566,0.203898680094607,0.3846153846153868,-0.5225885225885243,1
1.3850001851678826,0.25982227645074274,0.203898680094607,0.3846153846153868,-0.5225885225885243,1
1.3860001851571724,0.26032077934397024,0.203898680094607,0.3846153846153868,-0.5225885225885243,1
1.3870001851464622,0.26081674409521965,0.203898680094607,0.3846153846153868,-0.5225885225885243,1
1.388000185135752,0.261310126650035,0.203898680094607,0.3846153846153868,-0.5225885225885243,1
1.3890001851250418,0.2618008831833261,0.203898680094607,0.3846153846153868,-0.5225885225885243,1
1.3900001851143315,0.26228897010326074,0.203898680094607,0.3846153846153868,-0.5225885225885243,1
1.3910001851036213,0.26277434405513767,0.203898680094607,0.3846153846153868,-0.5225885225885243,1
1.3920001850929111,0.2632569619252367,0.203898680094607,0.3846153846153868,-0.5225885225885243,1
1.393000185082201,0.26373678084464913,0.203898680094607,0.3846153846153868,-0.5225885225885243,1
1.3940001850714907,0.2642137581930851,0.203898680094607,0.3846153846153868,-0.5225885225885243,1
1.3950001850607805,0.26468785160265945,0.203898680094607,0.3846153846153868,-0.5225885225885243,1
1.3960001850500703,0.2651590189616553,0.203898680094607,0.3846153846153868,-0.5225885225885243,1
1.39700018503936,0.2656272184182641,0.203898680094607,0.3846153846153868,-0.5225885225885243,1
1.3980001850286499,0.2660924083843041,0.203898680094607,0.3846153846153868,-0.5225885225885243,1
1.3990001850179397,0.26655454753891356,0.203898680094607,0.3846153846153868,-0.5225885225885243,1
1.4000001850072294,0.2670135948322215,0.203898680094607,0.3846153846153868,-0.5225885225885243,1
1.4010001849965192,0.2674695094889939,0.203898680094607,0.3846153846153868,-0.5225885225885243,1
1.402000184985809,0.2679222510122557,0.203898680094607,0.3846153846153868,-0.5225885225885243,1
1.4030001849750988,0.26837177918688787,0.203898680094607,0.3846153846153868,-0.5225885225885243,1
1.4040001849643886,0.26881805408319964,0.203898680094607,0.3846153846153868,-0.5225885225885243,1
1.4050001849536784,0.269261036060475,0.203898680094607,0.3846153846153868,-0.5225885225885243,1
1.4060001849429682,0.26970068577049444,0.203898680094607,0.3846153846153868,-0.5225885225885243,1
1.407000184932258,0.27013696416102917,0.203898680094607,0.3846153846153868,-0.5225885225885243,1
1.4080001849215478,0.270569832479311,0.203898680094607,0.3846153846153868,-0.5225885225885243,1
1.4090001849108376,0.2709992522754738,0.203898680094607,0.3846153846153868,-0.5225885225885243,1
1.4100001849001274,0.271425185405969,0.203898680094607,0.3846153846153868,-0.5225885225885243,1
1.4110001848894171,0.27184759403695413,0.203898680094607,0.3846153846153868,-0.5225885225885243,1
1.412000184878707,0.27226644064765293,0.203898680094607,0.3846153846153868,-0.5225885225885243,1
1.4130001848679967,0.2726816880336883,0.203898680094607,0.3846153846153868,-0.5225885225885243,1
1.4140001848572865,0.27309329931038745,0.203898680094607,0.3846153846153868,-0.5225885225885243,1
1.4150001848465763,0.2735012379160574,0.203898680094607,0.3846153846153868,-0.5225885225885243,1
1.416000184835866,0.2739054676152333,0.203898680094607,0.3846153846153868,-0.5225885225885243,1
1.4170001848251559,0.27430595250189665,0.203898680094607,0.3846153846153868,-0.5225885225885243,1
1.4180001848144457,0.27470265700266505,0.203898680094607,0.3846153846153868,-0.5225885225885243,1
1.4190001848037355,0.2750955458799517,0.203898680094607,0.3846153846153868,-0.5225885225885243,1
1.4200001847930253,0.2754845842350955,0.203898680094607,0.3846153846153868,-0.5225885225885243,1
1.421000184782315,0.27586973751146104,0.203898680094607,0.3846153846153868,-0.5225885225885243,1
1.4220001847716048,0.276250971497508,0.203898680094607,0.3846153846153868,-0.5225885225885243,1
1.4230001847608946,0.2766282523298302,0.203898680094607,0.3846153846153868,-0.5225885225885243,1
1.4240001847501844,0.2770015464961634,0.203898680094607,0.3846153846153868,-0.5225885225885243,1
1.4250001847394742,0.27737082083836184,0.203898680094607,0.3846153846153868,-0.5225885225885243,1
1.426000184728764,0.27773604255534423,0.203898680094607,0.3846153846153868,-0.5225885225885243,1
1.4270001847180538,0.2780971792060064,0.203898680094607,0.3846153846153868,-0.5225885225885243,1
1.4280001847073436,0.27845419871210375,0.203898680094607,0.3846153846153868,-0.5225885225885243,1
1.4290001846966334,0.27880706936109995,0.203898680094607,0.3846153846153868,-0.5225885225885243,1
1.4300001846859232,0.2791557598089844,0.203898680094607,0.3846153846153868,-0.5225885225885243,1
1.431000184675213,0.279500239083056,0.203898680094607,0.3846153846153868,-0.5225885225885243,1
1.4320001846645027,0.2798404765846745,0.203898680094607,0.3846153846153868,-0.5225885225885243,1
1.4330001846537925,0.2801764420919783,0.203898680094607,0.3846153846153868,-0.5225885225885243,1
1.4340001846430823,0.28050810576256907,0.203898680094607,0.3846153846153868,-0.5225885225885243,1
1.4350001846323721,0.28083543813616263,0.203898680094607,0.3846153846153868,-0.5225885225885243,1
1.436000184621662,0.28115841013720544,0.203898680094607,0.3846153846153868,-0.5225885225885243,1
1.4370001846109517,0.2814769930774575,0.203898680094607,0.3846153846153868,-0.5225885225885243,1
1.4380001846002415,0.28179115865854065,0.203898680094607,0.3846153846153868,-0.5225885225885243,1
1.4390001845895313,0.2821008789744519,0.203898680094607,0.3846153846153868,-0.5225885225885243,1
1.440000184578821,0.28240612651404273,0.203898680094607,0.3846153846153868,-0.5225885225885243,1
1.4410001845681109,0.28270687416346224,0.203898680094607,0.3846153846153868,-0.5225885225885243,1
1.4420001845574006,0.2830030952085657,0.203898680094607,0.3846153846153868,-0.5225885225885243,1
1.4430001845466904,0.2832947633372878,0.203898680094607,0.3846153846153868,-0.5225885225885243,1
1.4440001845359802,0.2835818526419794,0.203898680094607,0.3846153846153868,-0.5225885225885243,1
1.44500018452527,0.283864337621709,0.203898680094607,0.3846153846153868,-0.5225885225885243,1
1.4460001845145598,0.28414219318452794,0.203898680094607,0.3846153846153868,-0.5225885225885243,1
1.4470001845038496,0.284415394649699,0.203898680094607,0.3846153846153868,-0.5225885225885243,1
1.4480001844931394,0.284683917749889,0.203898680094607,0.3846153846153868,-0.5225885225885243,1
1.4490001844824292,0.2849477386333239,0.203898680094607,0.3846153846153868,-0.5225885225885243,1
1.450000184471719,0.28520683386590806,0.203898680094607,0.3846153846153868,-0.5225885225885243,1
1.4510001844610088,0.2854611804333052,0.203898680094607,0.3846153846153868,-0.5225885225885243,1
1.4520001844502985,0.285710755742983,0.203898680094607,0.3846153846153868,-0.5225885225885243,1
1.4530001844395883,0.28595553762622,0.203898680094607,0.3846153846153868,-0.5225885225885243,1
1.4540001844288781,0.2861955043400743,0.203898680094607,0.3846153846153868,-0.5225885225885243,1
1.455000184418168,0.2864306345693154,0.203898680094607,0.3846153846153868,-0.5225885225885243,1
1.4560001844074577,0.2866609074283172,0.203898680094607,0.3846153846153868,-0.5225885225885243,1
1.4570001843967475,0.28688630246291336,0.203898680094607,0.3846153846153868,-0.5225885225885243,1
1.4580001843860373,0.28710679965221414,0.203898680094607,0.3846153846153868,-0.5225885225885243,1
1.459000184375327,0.2873223794103845,0.203898680094607,0.3846153846153868,-0.5225885225885243,1
1.4600001843646169,0.28753302258838437,0.203898680094607,0.3846153846153868,-0.5225885225885243,1
1.4610001843539067,0.2877387104756691,0.203898680094607,0.3846153846153868,-0.5225885225885243,1
1.4620001843431965,0.28793942480185164,0.203898680094607,0.3846153846153868,-0.5225885225885243,1
1.4630001843324862,0.2881351477383253,0.203898680094607,0.3846153846153868,-0.5225885225885243,1
1.464000184321776,0.2883258618998476,0.203898680094607,0.3846153846153868,-0.5225885225885243,1
1.4650001843110658,0.28851155034608433,0.203898680094607,0.3846153846153868,-0.5225885225885243,1
1.4660001843003556,0.2886921965831144,0.203898680094607,0.3846153846153868,-0.5225885225885243,1
1.4670001842896454,0.2888677845648948,0.203898680094607,0.3846153846153868,-0.5225885225885243,1
1.4680001842789352,0.2890382986946861,0.203898680094607,0.3846153846153868,-0.5225885225885243,1
1.469000184268225,0.2892037238264377,0.203898680094607,0.3846153846153868,-0.5225885225885243,1
1.4700001842575148,0.28936404526613324,0.203898680094607,0.3846153846153868,-0.5225885225885243,1
1.4710001842468046,0.28951924877309565,0.203898680094607,0.3846153846153868,-0.5225885225885243,1
1.4720001842360944,0.28966932056125244,0.203898680094607,0.3846153846153868,-0.5225885225885243,1
1.4730001842253841,0.28981424730035993,0.203898680094607,0.3846153846153868,-0.5225885225885243,1
1.474000184214674,0.28995401611718735,0.203898680094607,0.3846153846153868,-0.5225885225885243,1
1.4750001842039637,0.2900886145966606,0.203898680094607,0.3846153846153868,-0.5225885225885243,1
1.4760001841932535,0.29021803078296465,0.203898680094607,0.3846153846153868,-0.5225885225885243,1
1.4770001841825433,0.29034225318060586,0.203898680094607,0.3846153846153868,-0.5225885225885243,1
1.478000184171833,0.2904612707554328,0.203898680094607,0.3846153846153868,-0.5225885225885243,1
1.4790001841611229,0.2905750729356165,0.20580605783169403,0.4285714285714306,-0.5518925518925535,1
1.4800001841504127,0.2906836496125896,0.20656900892652885,0.4505494505494454,-0.5225885225885243,1
1.4810001841397025,0.29078699114194395,0.2080949111161985,0.4065934065934016,-0.48351648351648535,1
1.4820001841289923,0.2908850883442877,0.21114671549553776,0.4505494505494454,-0.4737484737484756,1
1.483000184118282,0.2909779325060602,0.21496147096971185,0.5164835164835182,-0.45421245421245615,1
1.4840001841075718,0.29106551538030645,0.21572442206454667,0.4725274725274744,-0.42490842490842695,1
1.4850001840968616,0.2911478291874092,0.21992065308613817,0.4725274725274744,-0.39560439560439775,1
1.4860001840861514,0.2912248666157804,0.22335393301289486,0.5164835164835182,-0.385836385836388,1
1.4870001840754412,0.29129662082251034,0.23479819943541713,0.5164835164835182,-0.33699633699633935,1
1.488000184064731,0.2913630854339756,0.23632410162508677,0.4725274725274744,-0.29792429792429687,1
1.4890001840540208,0.2914242545464053,0.24242771038376532,0.4725274725274744,-0.3076923076923066,1
1.4900001840433106,0.29148012272640517,0.24433508812085236,0.4505494505494454,-0.2783882783882774,1
1.4910001840326004,0.29153068501144064,0.24814984359502645,0.4285714285714306,-0.26862026862026767,1
1.4920001840218902,0.2915759369102773,0.25158312352178314,0.4285714285714306,-0.2783882783882774,1
1.49300018401118,0.2916158744033798,0.2534905012588702,0.4285714285714306,-0.25885225885225793,1
1.4940001840004697,0.2916504939432693,0.2550164034485398,0.4505494505494454,-0.25885225885225793,1
1.4950001839897595,0.2916797924548381,0.25692378118562686,0.3626373626373578,-0.22954822954822873,1
1.4960001839790493,0.29170376733562303,0.26035706111238355,0.340659340659343,-0.22954822954822873,1
1.4970001839683391,0.29172241645603664,0.2615014877546358,0.340659340659343,-0.21001221001220927,1
1.498000183957629,0.2917357381595563,0.2615014877546358,0.340659340659343,-0.21001221001220927,1
1.4990001839469187,0.2917437312628712,0.2615014877546358,0.340659340659343,-0.21001221001220927,1
1.5000001839362085,0.2917463950559877,0.2615014877546358,0.340659340659343,-0.21001221001220927,1
1.5010001839254983,0.29174372930229237,0.2615014877546358,0.340659340659343,-0.21001221001220927,1
1.502000183914788,0.29173573423857285,0.2615014877546358,0.340659340659343,-0.21001221001220927,1
1.5030001839040779,0.2917224105749969,0.2615014877546358,0.340659340659343,-0.21001221001220927,1
1.5040001838933676,0.29170375949504934,0.2615014877546358,0.340659340659343,-0.21001221001220927,1
1.5050001838826574,0.2916797826554269,0.2615014877546358,0.340659340659343,-0.21001221001220927,1
1.5060001838719472,0.291650482185891,0.2615014877546358,0.340659340659343,-0.21001221001220927,1
1.507000183861237,0.29161586068907885,0.2615014877546358,0.340659340659343,-0.21001221001220927,1
1.5080001838505268,0.29157592124027176,0.2615014877546358,0.340659340659343,-0.21001221001220927,1
1.5090001838398166,0.2915306673871225,0.2615014877546358,0.340659340659343,-0.21001221001220927,1
1.5100001838291064,0.2914801031493399,0.2615014877546358,0.340659340659343,-0.21001221001220927,1
1.5110001838183962,0.29142423301833187,0.2615014877546358,0.340659340659343,-0.21001221001220927,1
1.512000183807686,0.2913630619568062,0.2615014877546358,0.340659340659343,-0.21001221001220927,1
1.5130001837969758,0.2912965953983304,0.2615014877546358,0.340659340659343,-0.21001221001220927,1
1.5140001837862656,0.2912248392468482,0.2615014877546358,0.340659340659343,-0.21001221001220927,1
1.5150001837755553,0.29114779987615585,0.2615014877546358,0.340659340659343,-0.21001221001220927,1
1.5160001837648451,0.2910654841293355,0.2615014877546358,0.340659340659343,-0.21001221001220927,1
1.517000183754135,0.29097789931814766,0.2615014877546358,0.340659340659343,-0.21001221001220927,1
1.5180001837434247,0.29088505322238134,0.2615014877546358,0.340659340659343,-0.21001221001220927,1
1.5190001837327145,0.29078695408916366,0.2615014877546358,0.340659340659343,-0.21001221001220927,1
1.5200001837220043,0.2906836106322265,0.2615014877546358,0.340659340659343,-0.21001221001220927,1
1.521000183711294,0.2905750320311331,0.2615014877546358,0.340659340659343,-0.21001221001220927,1
1.5220001837005839,0.2904612279304625,0.2615014877546358,0.340659340659343,-0.21001221001220927,1
1.5230001836898737,0.29034220843895253,0.2615014877546358,0.340659340659343,-0.21001221001220927,1
1.5240001836791635,0.2902179841286026,0.2615014877546358,0.340659340659343,-0.21001221001220927,1
1.5250001836684532,0.29008856603373384,0.2615014877546358,0.340659340659343,-0.21001221001220927,1
1.526000183657743,0.28995396565000964,0.2615014877546358,0.340659340659343,-0.21001221001220927,1
1.5270001836470328,0.289814194933414,0.2615014877546358,0.340659340659343,-0.21001221001220927,1
1.5280001836363226,0.2896692662991898,0.2615014877546358,0.340659340659343,-0.21001221001220927,1
1.5290001836256124,0.2895191926207362,0.2615014877546358,0.340659340659343,-0.21001221001220927,1
1.5300001836149022,0.28936398722846474,0.2615014877546358,0.340659340659343,-0.21001221001220927,1
1.531000183604192,0.28920366390861546,0.2615014877546358,0.340659340659343,-0.21001221001220927,1
1.5320001835934818,0.2890382369020323,0.2615014877546358,0.340659340659343,-0.21001221001220927,1
1.5330001835827716,0.2888677209028982,0.2615014877546358,0.340659340659343,-0.21001221001220927,1
1.5340001835720614,0.28869213105742986,0.2615014877546358,0.340659340659343,-0.21001221001220927,1
1.5350001835613512,0.2885114829625322,0.2615014877546358,0.340659340659343,-0.21001221001220927,1
1.536000183550641,0.28832579266441327,0.2615014877546358,0.340659340659343,-0.21001221001220927,1
1.5370001835399307,0.28813507665715876,0.2615014877546358,0.340659340659343,-0.21001221001220927,1
1.5380001835292205,0.2879393518812666,0.2615014877546358,0.340659340659343,-0.21001221001220927,1
1.5390001835185103,0.28773863572214287,0.2615014877546358,0.340659340659343,-0.21001221001220927,1
1.5400001835078,0.28753294600855694,0.2615014877546358,0.340659340659343,-0.21001221001220927,1
1.54100018349709,0.28732230101105816,0.2615014877546358,0.340659340659343,-0.21001221001220927,1
1.5420001834863797,0.2871067194403527,0.2615014877546358,0.340659340659343,-0.21001221001220927,1
1.5430001834756695,0.2868862204456418,0.2615014877546358,0.340659340659343,-0.21001221001220927,1
1.5440001834649593,0.2866608236129208,0.2615014877546358,0.340659340659343,-0.21001221001220927,1
1.545000183454249,0.286430548963239,0.2615014877546358,0.340659340659343,-0.21001221001220927,1
1.5460001834435388,0.286195416950922,0.2615014877546358,0.340659340659343,-0.21001221001220927,1
1.5470001834328286,0.28595544846175425,0.2615014877546358,0.340659340659343,-0.21001221001220927,1
1.5480001834221184,0.28571066481112384,0.2615014877546358,0.340659340659343,-0.21001221001220927,1
1.5490001834114082,0.2854610877421297,0.2615014877546358,0.340659340659343,-0.21001221001220927,1
1.550000183400698,0.2852067394236496,0.2615014877546358,0.340659340659343,-0.21001221001220927,1
1.5510001833899878,0.28494764244837145,0.2615014877546358,0.340659340659343,-0.21001221001220927,1
1.5520001833792776,0.2846838198307862,0.2615014877546358,0.340659340659343,-0.21001221001220927,1
1.5530001833685674,0.2844152950051437,0.2615014877546358,0.340659340659343,-0.21001221001220927,1
1.5540001833578572,0.284142091823371,0.2615014877546358,0.340659340659343,-0.21001221001220927,1
1.555000183347147,0.28386423455295395,0.2615014877546358,0.340659340659343,-0.21001221001220927,1
1.5560001833364367,0.2835817478747814,0.2615014877546358,0.340659340659343,-0.21001221001220927,1
1.5570001833257265,0.2832946568809529,0.2615014877546358,0.340659340659343,-0.21001221001220927,1
1.5580001833150163,0.28300298707255,0.2615014877546358,0.340659340659343,-0.21001221001220927,1
1.5590001833043061,0.2827067643573709,0.2615014877546358,0.340659340659343,-0.21001221001220927,1
1.560000183293596,0.28240601504762947,0.2615014877546358,0.340659340659343,-0.21001221001220927,1
1.5610001832828857,0.2821007658576178,0.2615014877546358,0.340659340659343,-0.21001221001220927,1
1.5620001832721755,0.28179104390133325,0.2615014877546358,0.340659340659343,-0.21001221001220927,1
1.5630001832614653,0.2814768766900704,0.2615014877546358,0.340659340659343,-0.21001221001220927,1
1.564000183250755,0.2811582921299768,0.2615014877546358,0.340659340659343,-0.21001221001220927,1
1.5650001832400449,0.28083531851957444,0.2615014877546358,0.340659340659343,-0.21001221001220927,1
1.5660001832293347,0.28050798454724646,0.2615014877546358,0.340659340659343,-0.21001221001220927,1
1.5670001832186244,0.2801763192886882,0.2615014877546358,0.340659340659343,-0.21001221001220927,1
1.5680001832079142,0.2798403522043251,0.2615014877546358,0.340659340659343,-0.21001221001220927,1
1.569000183197204,0.27950011313669554,0.2615014877546358,0.340659340659343,-0.21001221001220927,1
1.5700001831864938,0.27915563230780005,0.2615014877546358,0.340659340659343,-0.21001221001220927,1
1.5710001831757836,0.2788069403164172,0.2615014877546358,0.340659340659343,-0.21001221001220927,1
1.5720001831650734,0.2784540681353849,0.2615014877546358,0.340659340659343,-0.21001221001220927,1
1.5730001831543632,0.27809704710885025,0.2615014877546358,0.340659340659343,-0.21001221001220927,1
1.574000183143653,0.27773590894948436,0.2615014877546358,0.340659340659343,-0.21001221001220927,1
1.5750001831329428,0.27737068573566587,0.2615014877546358,0.340659340659343,-0.21001221001220927,1
1.5760001831222326,0.27700140990863187,0.2615014877546358,0.340659340659343,-0.21001221001220927,1
1.5770001831115223,0.27662811426959566,0.2615014877546358,0.340659340659343,-0.21001221001220927,1
1.5780001831008121,0.27625083197683376,0.2615014877546358,0.340659340659343,-0.21001221001220927,1
1.579000183090102,0.2758695965427401,0.2615014877546358,0.340659340659343,-0.21001221001220927,1
1.5800001830793917,0.2754844418308496,0.2615014877546358,0.340659340659343,-0.21001221001220927,1
1.5810001830686815,0.27509540205283,0.2615014877546358,0.340659340659343,-0.21001221001220927,1
1.5820001830579713,0.274702511765443,0.2615014877546358,0.340659340659343,-0.21001221001220927,1
1.583000183047261,0.27430580586747516,0.2615014877546358,0.340659340659343,-0.21001221001220927,1
1.5840001830365509,0.2739053195966372,0.2615014877546358,0.340659340659343,-0.21001221001220927,1
1.5850001830258407,0.2735010885264346,0.2615014877546358,0.340659340659343,-0.21001221001220927,1
1.5860001830151305,0.27309314856300765,0.2615014877546358,0.340659340659343,-0.21001221001220927,1
1.5870001830044203,0.2726815359419417,0.2615014877546358,0.340659340659343,-0.21001221001220927,1
1.58800018299371,0.27226628722504914,0.2615014877546358,0.340659340659343,-0.21001221001220927,1
1.5890001829829998,0.2718474392971212,0.2615014877546358,0.340659340659343,-0.21001221001220927,1
1.5900001829722896,0.27142502936265167,0.2615014877546358,0.340659340659343,-0.21001221001220927,1
1.5910001829615794,0.27099909494253277,0.2615014877546358,0.340659340659343,-0.21001221001220927,1
1.5920001829508692,0.2705696738707215,0.2615014877546358,0.340659340659343,-0.21001221001220927,1
1.593000182940159,0.2701368042908798,0.2615014877546358,0.340659340659343,-0.21001221001220927,1
1.5940001829294488,0.26970052465298566,0.2615014877546358,0.340659340659343,-0.21001221001220927,1
1.5950001829187386,0.2692608737099183,0.2615014877546358,0.340659340659343,-0.21001221001220927,1
1.5960001829080284,0.2688178905140159,0.2615014877546358,0.340659340659343,-0.21001221001220927,1
1.5970001828973182,0.26837161441360624,0.2615014877546358,0.340659340659343,-0.21001221001220927,1
1.598000182886608,0.2679220850495123,0.2615014877546358,0.340659340659343,-0.21001221001220927,1
1.5990001828758977,0.2674693423515305,0.2615014877546358,0.340659340659343,-0.21001221001220927,1
1.6000001828651875,0.2670134265348842,0.2615014877546358,0.340659340659343,-0.21001221001220927,1
1.6010001828544773,0.2665543780966516,0.2615014877546358,0.340659340659343,-0.21001221001220927,1
1.602000182843767,0.2660922378121682,0.2615014877546358,0.340659340659343,-0.21001221001220927,1
1.603000182833057,0.2656270467314055,0.2615014877546358,0.340659340659343,-0.21001221001220927,1
1.6040001828223467,0.2651588461753242,0.26417181658655764,0.2747252747252702,-0.219780219780219,1
1.6050001828116365,0.2646876777322038,0.26531624322880987,0.2747252747252702,-0.22954822954822873,1
1.6060001828009263,0.26421358325394906,0.2664606698710621,0.340659340659343,-0.22954822954822873,1
1.607000182790216,0.26373660485237177,0.26798657206073173,0.2307692307692264,-0.21001221001220927,1
1.6080001827795058,0.2632567848954507,0.271038376440071,0.0769230769230802,-0.22954822954822873,1
1.6090001827687956,0.2627741660035678,0.2718013275349058,0.0769230769230802,-0.26862026862026767,1
1.6100001827580854,0.2622887910457226,0.27256427862974064,0.1428571428571388,-0.23931623931623847,1
1.6110001827473752,0.2618007031357246,0.27332722972457546,0.0769230769230802,-0.17094017094017033,1
1.612000182736665,0.26130994562836307,0.27370870527199287,0.0549450549450512,-0.14163614163614113,1
1.6130001827259548,0.2608165621155566,0.27370870527199287,0.010989010989007397,-0.12210012210012167,1
1.6140001827152446,0.2603205964224806,0.27370870527199287,-0.010989010989007397,-0.09279609279609247,1
1.6150001827045344,0.2598220926036746,0.27370870527199287,0.010989010989007397,-0.05372405372405353,1
1.6160001826938242,0.25932109493912947,0.27332722972457546,-0.010989010989007397,-0.004884004884004867,1
1.617000182683114,0.2588176479303534,0.27332722972457546,-0.0329670329670364,0.0146520146520146,1
1.6180001826724038,0.25831179629641987,0.27294575417715805,-0.0549450549450512,0.08302808302808273,1
1.6190001826616935,0.2578035849699949,0.27294575417715805,-0.0329670329670364,0.1025641025641022,1
1.6200001826509833,0.2572930590933461,0.27218280308232323,-0.0769230769230802,0.12210012210012167,1
1.6210001826402731,0.2567802640143328,0.27218280308232323,-0.0769230769230802,0.12210012210012167,1
1.622000182629563,0.25626524528237776,0.27218280308232323,-0.0769230769230802,0.12210012210012167,1
1.6230001826188527,0.25574804864442197,0.27218280308232323,-0.0769230769230802,0.12210012210012167,1
1.6240001826081425,0.25522872004086,0.27218280308232323,-0.0769230769230802,0.12210012210012167,1
1.6250001825974323,0.25470730560146054,0.27218280308232323,-0.0769230769230802,0.12210012210012167,1
1.626000182586722,0.25418385164126783,0.27218280308232323,-0.0769230769230802,0.12210012210012167,1
1.6270001825760119,0.2536584046564882,0.27218280308232323,-0.0769230769230802,0.12210012210012167,1
1.6280001825653017,0.2531310113203602,0.27218280308232323,-0.0769230769230802,0.12210012210012167,1
1.6290001825545914,0.2526017184790082,0.27218280308232323,-0.0769230769230802,0.12210012210012167,1
1.6300001825438812,0.252070573147282,0.27218280308232323,-0.0769230769230802,0.12210012210012167,1
1.631000182533171,0.2515376225045799,0.27218280308232323,-0.0769230769230802,0.12210012210012167,1
1.6320001825224608,0.2510029138906586,0.27218280308232323,-0.0769230769230802,0.12210012210012167,1
1.6330001825117506,0.25046649480142796,0.27218280308232323,-0.0769230769230802,0.12210012210012167,1
1.6340001825010404,0.249928412884732,0.27218280308232323,-0.0769230769230802,0.12210012210012167,1
1.6350001824903302,0.24938871593611694,0.27218280308232323,-0.0769230769230802,0.12210012210012167,1
1.63600018247962,0.2488474518945852,0.27218280308232323,-0.0769230769230802,0.12210012210012167,1
1.6370001824689098,0.2483046688383375,0.27218280308232323,-0.0769230769230802,0.12210012210012167,1
1.6380001824581996,0.24776041498050244,0.27218280308232323,-0.0769230769230802,0.12210012210012167,1
1.6390001824474894,0.24721473866485338,0.27218280308232323,-0.0769230769230802,0.12210012210012167,1
1.6400001824367791,0.24666768836151504,0.27218280308232323,-0.0769230769230802,0.12210012210012167,1
1.641000182426069,0.24611931266265727,0.27218280308232323,-0.0769230769230802,0.12210012210012167,1
1.6420001824153587,0.24556966027817925,0.27218280308232323,-0.0769230769230802,0.12210012210012167,1
1.6430001824046485,0.24501878003138314,0.27218280308232323,-0.0769230769230802,0.12210012210012167,1
1.6440001823939383,0.2444667208546364,0.27218280308232323,-0.0769230769230802,0.12210012210012167,1
1.645000182383228,0.2439135317850263,0.27218280308232323,-0.0769230769230802,0.12210012210012167,1
1.6460001823725179,0.24335926196000351,0.27218280308232323,-0.0769230769230802,0.12210012210012167,1
1.6470001823618077,0.24280396061301757,0.27218280308232323,-0.0769230769230802,0.12210012210012167,1
1.6480001823510975,0.24224767706914402,0.27218280308232323,-0.0769230769230802,0.12210012210012167,1
1.6490001823403873,0.24169046074070247,0.27218280308232323,-0.0769230769230802,0.12210012210012167,1
1.650000182329677,0.24113236112286826,0.27218280308232323,-0.0769230769230802,0.12210012210012167,1
1.6510001823189668,0.24057342778927526,0.27218280308232323,-0.0769230769230802,0.12210012210012167,1
1.6520001823082566,0.2400137103876128,0.27218280308232323,-0.0769230769230802,0.12210012210012167,1
1.6530001822975464,0.239453258635216,0.27218280308232323,-0.0769230769230802,0.12210012210012167,1
1.6540001822868362,0.23889212231464876,0.27218280308232323,-0.0769230769230802,0.12210012210012167,1
1.655000182276126,0.23833035126928281,0.27218280308232323,-0.0769230769230802,0.12210012210012167,1
1.6560001822654158,0.23776799539886945,0.27218280308232323,-0.0769230769230802,0.12210012210012167,1
1.6570001822547056,0.2372051046551075,0.27218280308232323,-0.0769230769230802,0.12210012210012167,1
1.6580001822439954,0.23664172903720665,0.27218280308232323,-0.0769230769230802,0.12210012210012167,1
1.6590001822332852,0.23607791858744548,0.27218280308232323,-0.0769230769230802,0.12210012210012167,1
1.660000182222575,0.2355137233867273,0.27218280308232323,-0.0769230769230802,0.12210012210012167,1
1.6610001822118647,0.23494919355013089,0.27218280308232323,-0.0769230769230802,0.12210012210012167,1
1.6620001822011545,0.23438437922245933,0.27218280308232323,-0.0769230769230802,0.12210012210012167,1
1.6630001821904443,0.23381933057378615,0.27218280308232323,-0.0769230769230802,0.12210012210012167,1
1.664000182179734,0.2332540977949982,0.27218280308232323,-0.0769230769230802,0.12210012210012167,1
1.665000182169024,0.23268873109333826,0.27218280308232323,-0.0769230769230802,0.12210012210012167,1
1.6660001821583137,0.2321232806879446,0.27218280308232323,-0.0769230769230802,0.12210012210012167,1
1.6670001821476035,0.23155779680539054,0.27218280308232323,-0.0769230769230802,0.12210012210012167,1
1.6680001821368933,0.23099232967522335,0.27218280308232323,-0.0769230769230802,0.12210012210012167,1
1.669000182126183,0.23042692952550184,0.27218280308232323,-0.0769230769230802,0.12210012210012167,1
1.6700001821154729,0.2298616465783356,0.27218280308232323,-0.0769230769230802,0.12210012210012167,1
1.6710001821047626,0.2292965310454234,0.27218280308232323,-0.0769230769230802,0.12210012210012167,1
1.6720001820940524,0.2287316331235932,0.27218280308232323,-0.0769230769230802,0.12210012210012167,1
1.6730001820833422,0.2281670029903439,0.27218280308232323,-0.0769230769230802,0.12210012210012167,1
1.674000182072632,0.22760269079938736,0.27218280308232323,-0.0769230769230802,0.12210012210012167,1
1.6750001820619218,0.22703874667619442,0.27218280308232323,-0.0769230769230802,0.12210012210012167,1
1.6760001820512116,0.2264752207135417,0.27218280308232323,-0.0769230769230802,0.12210012210012167,1
1.6770001820405014,0.22591216296706246,0.27218280308232323,-0.0769230769230802,0.12210012210012167,1
1.6780001820297912,0.22534962345080045,0.27218280308232323,-0.0769230769230802,0.12210012210012167,1
1.679000182019081,0.2247876521327669,0.27218280308232323,-0.0769230769230802,0.12210012210012167,1
1.6800001820083708,0.22422629893050286,0.27218280308232323,-0.0769230769230802,0.12210012210012167,1
1.6810001819976605,0.2236656137066443,0.27218280308232323,-0.0769230769230802,0.12210012210012167,1
1.6820001819869503,0.22310564626449364,0.27218280308232323,-0.0769230769230802,0.12210012210012167,1
1.6830001819762401,0.22254644634359597,0.27218280308232323,-0.0769230769230802,0.12210012210012167,1
1.68400018196553,0.22198806361532036,0.27218280308232323,-0.0769230769230802,0.12210012210012167,1
1.6850001819548197,0.22143054767844852,0.27218280308232323,-0.0769230769230802,0.12210012210012167,1
1.6860001819441095,0.2208739480547683,0.27218280308232323,-0.0769230769230802,0.12210012210012167,1
1.6870001819333993,0.2203183141846757,0.27218280308232323,-0.0769230769230802,0.12210012210012167,1
1.688000181922689,0.21976369542278268,0.27218280308232323,-0.0769230769230802,0.12210012210012167,1
1.6890001819119789,0.21921014103353337,0.27218280308232323,-0.0769230769230802,0.12210012210012167,1
1.6900001819012687,0.21865770018682848,0.27218280308232323,-0.0769230769230802,0.12210012210012167,1
1.6910001818905585,0.21810642195365698,0.27218280308232323,-0.0769230769230802,0.12210012210012167,1
1.6920001818798482,0.2175563553017383,0.27218280308232323,-0.0769230769230802,0.12210012210012167,1
1.693000181869138,0.21700754909117187,0.27218280308232323,-0.0769230769230802,0.12210012210012167,1
1.6940001818584278,0.21646005207009733,0.27218280308232323,-0.0769230769230802,0.12210012210012167,1
1.6950001818477176,0.21591391287036502,0.27218280308232323,-0.0769230769230802,0.12210012210012167,1
1.6960001818370074,0.21536918000321523,0.27218280308232323,-0.0769230769230802,0.12210012210012167,1
1.6970001818262972,0.21482590185497005,0.27218280308232323,-0.0769230769230802,0.12210012210012167,1
1.698000181815587,0.21428412668273472,0.27218280308232323,-0.0769230769230802,0.12210012210012167,1
1.6990001818048768,0.21374390261011175,0.27218280308232323,-0.0769230769230802,0.12210012210012167,1
1.7000001817941666,0.2132052776229258,0.27218280308232323,-0.0769230769230802,0.12210012210012167,1
1.7010001817834564,0.21266829956496158,0.27218280308232323,-0.0769230769230802,0.12210012210012167,1
1.7020001817727461,0.21213301613371408,0.27218280308232323,-0.0769230769230802,0.12210012210012167,1
1.703000181762036,0.21159947487615144,0.27218280308232323,-0.0769230769230802,0.12210012210012167,1
1.7040001817513257,0.21106772318449257,0.27218280308232323,-0.0769230769230802,0.12210012210012167,1
1.7050001817406155,0.21053780829199614,0.27218280308232323,-0.0769230769230802,0.12210012210012167,1
1.7060001817299053,0.21000977726876593,0.27218280308232323,-0.0769230769230802,0.12210012210012167,1
1.707000181719195,0.20948367701756954,0.27218280308232323,-0.0769230769230802,0.12210012210012167,1
1.7080001817084849,0.20895955426967203,0.27218280308232323,-0.0769230769230802,0.12210012210012167,1
1.7090001816977747,0.20843745558068583,0.27218280308232323,-0.0769230769230802,0.12210012210012167,1
1.7100001816870645,0.2079174273264341,0.27218280308232323,-0.0769230769230802,0.12210012210012167,1
1.7110001816763543,0.20739951569883225,0.27218280308232323,-0.0769230769230802,0.12210012210012167,1
1.712000181665644,0.2068837667017847,0.27218280308232323,-0.0769230769230802,0.12210012210012167,1
1.7130001816549338,0.2063702261470983,0.27218280308232323,-0.0769230769230802,0.12210012210012167,1
1.7140001816442236,0.20585893965041385,0.27218280308232323,-0.0769230769230802,0.12210012210012167,1
1.7150001816335134,0.20534995262715316,0.27218280308232323,-0.0769230769230802,0.12210012210012167,1
1.7160001816228032,0.20484331028848565,0.27218280308232323,-0.0769230769230802,0.12210012210012167,1
1.717000181612093,0.20433905763731214,0.27218280308232323,-0.0769230769230802,0.12210012210012167,1
1.7180001816013828,0.2038372394642682,0.27218280308232323,-0.0769230769230802,0.12210012210012167,1
1.7190001815906726,0.20333790034374438,0.27218280308232323,-0.0769230769230802,0.12210012210012167,1
1.7200001815799624,0.20284108462992761,0.27218280308232323,-0.0769230769230802,0.12210012210012167,1
1.7210001815692522,0.20234683645286128,0.27218280308232323,-0.0769230769230802,0.12210012210012167,1
1.722000181558542,0.2018551997145252,0.27218280308232323,-0.0769230769230802,0.12210012210012167,1
1.7230001815478317,0.20136621808493654,0.27218280308232323,-0.0769230769230802,0.12210012210012167,1
1.7240001815371215,0.2008799349982699,0.27218280308232323,-0.0769230769230802,0.12210012210012167,1
1.7250001815264113,0.2003963936489998,0.27218280308232323,-0.0769230769230802,0.12210012210012167,1
1.7260001815157011,0.19991563698806392,0.27218280308232323,-0.0769230769230802,0.12210012210012167,1
1.727000181504991,0.1994377077190475,0.27218280308232323,-0.0769230769230802,0.12210012210012167,1
1.7280001814942807,0.19896264829439117,0.27218280308232323,-0.0769230769230802,0.12210012210012167,1
1.7290001814835705,0.19849050091161874,0.27218280308232323,-0.0769230769230802,0.12210012210012167,1
1.7300001814728603,0.19802130750958988,0.27218280308232323,-0.0769230769230802,0.12210012210012167,1
1.73100018146215,0.19755510976477456,0.2714198519874884,-0.1428571428571388,0.12210012210012167,1
1.7320001814514399,0.197091949087551,0.2698939497978188,-0.2527472527472554,0.05372405372405353,1
1.7330001814407296,0.19663186661852813,0.26913099870298396,-0.0549450549450512,0.26862026862026767,1
1.7340001814300194,0.19617490322488998,0.2664606698710621,-0.2967032967032992,0.26862026862026767,1
1.7350001814193092,0.19572109949676653,0.26417181658655764,-0.2747252747252702,0.14163614163614113,1
1.736000181408599,0.19527049574362798,0.2634088654917228,-0.1648351648351678,0.1611721611721606,1
1.7370001813978888,0.19482313199070414,0.26035706111238355,-0.2747252747252702,0.18070818070818007,1
1.7380001813871786,0.19437904797542965,0.25692378118562686,-0.3846153846153868,0.1904761904761898,1
1.7390001813764684,0.19393828314391354,0.2546349279011224,-0.2967032967032992,0.2490842490842482,1
1.7400001813657582,0.19350087664743584,0.2496757457846961,-0.4285714285714306,0.22954822954822873,1
1.741000181355048,0.19306686733896983,0.24509803921568718,-0.5164835164835182,0.14163614163614113,1
1.7420001813443378,0.19263629376973085,0.24242771038376532,-0.4065934065934016,0.09279609279609247,1
1.7430001813336276,0.19220919418575236,0.24052033264667827,-0.5164835164835182,0.08302808302808273,1
1.7440001813229173,0.19178560652448803,0.24052033264667827,-0.5164835164835182,0.08302808302808273,1
1.7450001813122071,0.1913655684114423,0.2378500038147564,-0.4505494505494454,0.073260073260073,1
1.746000181301497,0.19094911715682836,0.2340352483405823,-0.4065934065934016,0.09279609279609247,1
1.7470001812907867,0.1905362897522536,0.23250934615091268,-0.4725274725274744,0.1025641025641022,1
1.7480001812800765,0.1901271228674346,0.23060196841382563,-0.3846153846153868,0.1318681318681314,1
1.7490001812693663,0.18972165284693904,0.22869459067673858,-0.4725274725274744,0.14163614163614113,1
1.750000181258656,0.18931991570695783,0.22869459067673858,-0.4725274725274744,0.14163614163614113,1
1.7510001812479459,0.18892194713210583,0.22869459067673858,-0.4725274725274744,0.14163614163614113,1
1.7520001812372357,0.18852778247225205,0.22869459067673858,-0.4725274725274744,0.14163614163614113,1
1.7530001812265255,0.18813745673938026,0.22869459067673858,-0.4725274725274744,0.14163614163614113,1
1.7540001812158152,0.18775100460447805,0.22869459067673858,-0.4725274725274744,0.14163614163614113,1
1.755000181205105,0.1873684603944578,0.22869459067673858,-0.4725274725274744,0.14163614163614113,1
1.7560001811943948,0.18698985808910742,0.22869459067673858,-0.4725274725274744,0.14163614163614113,1
1.7570001811836846,0.18661523131807195,0.22869459067673858,-0.4725274725274744,0.14163614163614113,1
1.7580001811729744,0.18624461335786685,0.22869459067673858,-0.4725274725274744,0.14163614163614113,1
1.7590001811622642,0.18587803712892154,0.22869459067673858,-0.4725274725274744,0.14163614163614113,1
1.760000181151554,0.18551553519265546,0.22869459067673858,-0.4725274725274744,0.14163614163614113,1
1.7610001811408438,0.18515713974858594,0.22869459067673858,-0.4725274725274744,0.14163614163614113,1
1.7620001811301336,0.18480288263146782,0.22869459067673858,-0.4725274725274744,0.14163614163614113,1
1.7630001811194234,0.1844527953084662,0.22869459067673858,-0.4725274725274744,0.14163614163614113,1
1.7640001811087132,0.18410690887636047,0.22869459067673858,-0.4725274725274744,0.14163614163614113,1
1.765000181098003,0.1837652540587829,0.22869459067673858,-0.4725274725274744,0.14163614163614113,1
1.7660001810872927,0.1834278612034892,0.22869459067673858,-0.4725274725274744,0.14163614163614113,1
1.7670001810765825,0.18309476027966282,0.22869459067673858,-0.4725274725274744,0.14163614163614113,1
1.7680001810658723,0.18276598087525348,0.22869459067673858,-0.4725274725274744,0.14163614163614113,1
1.769000181055162,0.18244155219434816,0.22869459067673858,-0.4725274725274744,0.14163614163614113,1
1.770000181044452,0.18212150305457758,0.22869459067673858,-0.4725274725274744,0.14163614163614113,1
1.7710001810337417,0.18180586188455622,0.22869459067673858,-0.4725274725274744,0.14163614163614113,1
1.7720001810230315,0.18149465672135723,0.22869459067673858,-0.4725274725274744,0.14163614163614113,1
1.7730001810123213,0.1811879152080222,0.22869459067673858,-0.4725274725274744,0.14163614163614113,1
1.774000181001611,0.1808856645911053,0.22869459067673858,-0.4725274725274744,0.14163614163614113,1
1.7750001809909008,0.18058793171825338,0.22869459067673858,-0.4725274725274744,0.14163614163614113,1
1.7760001809801906,0.18029474303582116,0.22869459067673858,-0.4725274725274744,0.14163614163614113,1
1.7770001809694804,0.18000612458652196,0.22869459067673858,-0.4725274725274744,0.14163614163614113,1
1.7780001809587702,0.179722102007115,0.22869459067673858,-0.4725274725274744,0.14163614163614113,1
1.77900018094806,0.17944270052612732,0.22869459067673858,-0.4725274725274744,0.14163614163614113,1
1.7800001809373498,0.1791679449616135,0.22869459067673858,-0.4725274725274744,0.14163614163614113,1
1.7810001809266396,0.17889785971895095,0.22869459067673858,-0.4725274725274744,0.14163614163614113,1
1.7820001809159294,0.17863246878867187,0.22869459067673858,-0.4725274725274744,0.14163614163614113,1
1.7830001809052192,0.17837179574433298,0.22869459067673858,-0.4725274725274744,0.14163614163614113,1
1.784000180894509,0.17811586374042068,0.22869459067673858,-0.4725274725274744,0.14163614163614113,1
1.7850001808837987,0.17786469551029493,0.22869459067673858,-0.4725274725274744,0.14163614163614113,1
1.7860001808730885,0.1776183133641697,0.22869459067673858,-0.4725274725274744,0.14163614163614113,1
1.7870001808623783,0.17737673918713126,0.22869459067673858,-0.4725274725274744,0.14163614163614113,1
1.7880001808516681,0.17713999443719458,0.22869459067673858,-0.4725274725274744,0.14163614163614113,1
1.789000180840958,0.17690810014339664,0.22869459067673858,-0.4725274725274744,0.14163614163614113,1
1.7900001808302477,0.17668107690392904,0.22869459067673858,-0.4725274725274744,0.14163614163614113,1
1.7910001808195375,0.1764589448843081,0.22869459067673858,-0.4725274725274744,0.14163614163614113,1
1.7920001808088273,0.17624172381558378,0.22869459067673858,-0.4725274725274744,0.14163614163614113,1
1.793000180798117,0.17602943299258708,0.22869459067673858,-0.4725274725274744,0.14163614163614113,1
1.7940001807874069,0.1758220912722159,0.22869459067673858,-0.4725274725274744,0.14163614163614113,1
1.7950001807766967,0.17561971707176036,0.22869459067673858,-0.4725274725274744,0.14163614163614113,1
1.7960001807659864,0.17542232836726668,0.22869459067673858,-0.4725274725274744,0.14163614163614113,1
1.7970001807552762,0.17522994269194045,0.22869459067673858,-0.4725274725274744,0.14163614163614113,1
1.798000180744566,0.17504257713458954,0.22869459067673858,-0.4725274725274744,0.14163614163614113,1
1.7990001807338558,0.1748602483381057,0.22869459067673858,-0.4725274725274744,0.14163614163614113,1
1.8000001807231456,0.17468297249798653,0.22869459067673858,-0.4725274725274744,0.14163614163614113,1
1.8010001807124354,0.17451076536089685,0.22869459067673858,-0.4725274725274744,0.14163614163614113,1
1.8020001807017252,0.17434364222326987,0.22869459067673858,-0.4725274725274744,0.14163614163614113,1
1.803000180691015,0.17418161792994885,0.22869459067673858,-0.4725274725274744,0.14163614163614113,1
1.8040001806803048,0.17402470687286792,0.22869459067673858,-0.4725274725274744,0.14163614163614113,1
1.8050001806695946,0.17387292298977425,0.22869459067673858,-0.4725274725274744,0.14163614163614113,1
1.8060001806588843,0.17372627976298957,0.22869459067673858,-0.4725274725274744,0.14163614163614113,1
1.8070001806481741,0.1735847902182129,0.22869459067673858,-0.4725274725274744,0.14163614163614113,1
1.808000180637464,0.1734484669233636,0.22869459067673858,-0.4725274725274744,0.14163614163614113,1
1.8090001806267537,0.17331732198746458,0.22869459067673858,-0.4725274725274744,0.14163614163614113,1
1.8100001806160435,0.17319136705956711,0.22869459067673858,-0.4725274725274744,0.14163614163614113,1
1.8110001806053333,0.17307061332771592,0.22869459067673858,-0.4725274725274744,0.14163614163614113,1
1.812000180594623,0.17295507151795542,0.22869459067673858,-0.4725274725274744,0.14163614163614113,1
1.8130001805839129,0.1728447518933771,0.22869459067673858,-0.4725274725274744,0.14163614163614113,1
1.8140001805732027,0.17273966425320764,0.22869459067673858,-0.4725274725274744,0.14163614163614113,1
1.8150001805624925,0.17263981793193867,0.22869459067673858,-0.4725274725274744,0.14163614163614113,1
1.8160001805517823,0.17254522179849752,0.22869459067673858,-0.4725274725274744,0.14163614163614113,1
1.817000180541072,0.1724558842554596,0.22869459067673858,-0.4725274725274744,0.14163614163614113,1
1.8180001805303618,0.1723718132383019,0.22869459067673858,-0.4725274725274744,0.14163614163614113,1
1.8190001805196516,0.17229301621469806,0.22869459067673858,-0.4725274725274744,0.14163614163614113,1
1.8200001805089414,0.1722195001838552,0.22869459067673858,-0.4725274725274744,0.14163614163614113,1
1.8210001804982312,0.17215127167589211,0.22869459067673858,-0.4725274725274744,0.14163614163614113,1
1.822000180487521,0.17208833675125923,0.22869459067673858,-0.4725274725274744,0.14163614163614113,1
1.8230001804768108,0.17203070100020038,0.22869459067673858,-0.4725274725274744,0.14163614163614113,1
1.8240001804661006,0.1719783695422561,0.22869459067673858,-0.4725274725274744,0.14163614163614113,1
1.8250001804553904,0.17193134702580892,0.22869459067673858,-0.4725274725274744,0.14163614163614113,1
1.8260001804446802,0.17188963762767062,0.22869459067673858,-0.4725274725274744,0.14163614163614113,1
1.82700018043397,0.171853245052711,0.22869459067673858,-0.4725274725274744,0.14163614163614113,1
1.8280001804232597,0.17182217253352894,0.22869459067673858,-0.4725274725274744,0.14163614163614113,1
1.8290001804125495,0.17179642283016516,0.22869459067673858,-0.4725274725274744,0.14163614163614113,1
1.8300001804018393,0.1717759982298572,0.22869459067673858,-0.4725274725274744,0.14163614163614113,1
1.831000180391129,0.17176090054683607,0.22869459067673858,-0.4725274725274744,0.14163614163614113,1
1.832000180380419,0.17175113112216528,0.22869459067673858,-0.4725274725274744,0.14163614163614113,1
1.8330001803697087,0.1717466908236216,0.22869459067673858,-0.4725274725274744,0.14163614163614113,1
1.8340001803589985,0.17174758004561802,0.22869459067673858,-0.4725274725274744,0.14163614163614113,1
1.8350001803482883,0.17175379870916863,0.22869459067673858,-0.4725274725274744,0.14163614163614113,1
1.836000180337578,0.17176534626189588,0.22869459067673858,-0.4725274725274744,0.14163614163614113,1
1.8370001803268678,0.17178222167807936,0.22869459067673858,-0.4725274725274744,0.14163614163614113,1
1.8380001803161576,0.17180442345874702,0.22869459067673858,-0.4725274725274744,0.14163614163614113,1
1.8390001803054474,0.1718319496318084,0.22869459067673858,-0.4725274725274744,0.14163614163614113,1
1.8400001802947372,0.1718647977522297,0.22869459067673858,-0.4725274725274744,0.14163614163614113,1
1.841000180284027,0.17190296490225104,0.22869459067673858,-0.4725274725274744,0.14163614163614113,1
1.8420001802733168,0.17194644769164547,0.22869459067673858,-0.4725274725274744,0.14163614163614113,1
1.8430001802626066,0.17199524225802035,0.22869459067673858,-0.4725274725274744,0.14163614163614113,1
1.8440001802518964,0.1720493442671602,0.22869459067673858,-0.4725274725274744,0.14163614163614113,1
1.8450001802411862,0.17210874891341188,0.22869459067673858,-0.4725274725274744,0.14163614163614113,1
1.846000180230476,0.17217345092011138,0.22869459067673858,-0.4725274725274744,0.14163614163614113,1
1.8470001802197658,0.17224344454005242,0.22869459067673858,-0.4725274725274744,0.14163614163614113,1
1.8480001802090555,0.17231872355599706,0.22869459067673858,-0.4725274725274744,0.14163614163614113,1
1.8490001801983453,0.17239928128122808,0.22869459067673858,-0.4725274725274744,0.14163614163614113,1
1.8500001801876351,0.1724851105601426,0.22869459067673858,-0.4725274725274744,0.14163614163614113,1
1.851000180176925,0.17257620376888805,0.22869459067673858,-0.4725274725274744,0.14163614163614113,1
1.8520001801662147,0.17267255281603897,0.22869459067673858,-0.4725274725274744,0.14163614163614113,1
1.8530001801555045,0.17277414914331615,0.22869459067673858,-0.4725274725274744,0.14163614163614113,1
1.8540001801447943,0.17288098372634655,0.22869459067673858,-0.4725274725274744,0.14163614163614113,1
1.855000180134084,0.17299304707546495,0.22640573739223413,-0.4285714285714306,0.11233211233211193,1
1.8560001801233739,0.17311032923655703,0.22411688410772967,-0.560439560439562,0.073260073260073,1
1.8570001801126637,0.1732328197919432,0.22259098191806004,-0.4725274725274744,0.024420024420024333,1
1.8580001801019534,0.17336050786130436,0.22182803082322522,-0.4945054945054892,0.024420024420024333,1
1.8590001800912432,0.1734933821026481,0.21610589761196408,-0.5164835164835182,-0.06349206349206327,1
1.860000180080533,0.17363143071331633,0.21190966659037258,-0.5164835164835182,-0.073260073260073,1
1.8610001800698228,0.17377464143103352,0.20923933775845072,-0.4285714285714306,-0.06349206349206327,1
1.8620001800591126,0.17392300153499585,0.20618753337911144,-0.340659340659343,-0.073260073260073,1
1.8630001800484024,0.17407649784700133,0.20237277790493735,-0.3626373626373578,-0.08302808302808273,1
1.8640001800376922,0.17423511673262035,0.2000839246204329,-0.4065934065934016,-0.03418803418803407,1
1.865000180026982,0.1743988441024066,0.19741359578851103,-0.2967032967032992,-0.05372405372405353,1
1.8660001800162718,0.17456766541314883,0.1947432669565874,-0.3846153846153868,-0.08302808302808273,1
1.8670001800055616,0.1747415656691622,0.19398031586175257,-0.318681318681314,-0.09279609279609247,1
1.8680001799948514,0.17492052942362096,0.1909285114824133,-0.3846153846153868,-0.11233211233211193,1
1.8690001799841411,0.17510454077992987,0.18978408484016107,-0.2307692307692264,-0.1025641025641022,1
1.870000179973431,0.17529358339313675,0.18825818265049143,-0.2967032967032992,-0.073260073260073,1
1.8710001799627207,0.17548764047138402,0.1863508049134044,-0.2307692307692264,-0.15140415140415087,1
1.8720001799520105,0.17568669477740012,0.18596932936598698,-0.098901098901095,-0.12210012210012167,1
1.8730001799413003,0.17589072863003113,0.18444342717631734,-0.2307692307692264,-0.1025641025641022,1
1.87400017993059,0.1760997239058109,0.1829175249866477,-0.2527472527472554,-0.1611721611721606,1
1.8750001799198799,0.17631366204057103,0.1829175249866477,-0.120879120879124,-0.1904761904761898,1
1.8760001799091697,0.1765325240310898,0.1829175249866477,-0.120879120879124,-0.1904761904761898,1
1.8770001798984595,0.17675629043678004,0.1829175249866477,-0.120879120879124,-0.1904761904761898,1
1.8780001798877493,0.1769849413814162,0.1829175249866477,-0.120879120879124,-0.1904761904761898,1
1.879000179877039,0.17721845655489982,0.1829175249866477,-0.120879120879124,-0.1904761904761898,1
1.8800001798663288,0.17745681521506335,0.1829175249866477,-0.120879120879124,-0.1904761904761898,1
1.8810001798556186,0.177699996189513,0.1829175249866477,-0.120879120879124,-0.1904761904761898,1
1.8820001798449084,0.1779479778775087,0.1829175249866477,-0.120879120879124,-0.1904761904761898,1
1.8830001798341982,0.1782007382518837,0.1829175249866477,-0.120879120879124,-0.1904761904761898,1
1.884000179823488,0.17845825486100056,0.1829175249866477,-0.120879120879124,-0.1904761904761898,1
1.8850001798127778,0.17872050483074553,0.1829175249866477,-0.120879120879124,-0.1904761904761898,1
1.8860001798020676,0.17898746486656053,0.1829175249866477,-0.120879120879124,-0.1904761904761898,1
1.8870001797913574,0.17925911125551192,0.1829175249866477,-0.120879120879124,-0.1904761904761898,1
1.8880001797806472,0.17953541986839733,0.1829175249866477,-0.120879120879124,-0.1904761904761898,1
1.889000179769937,0.17981636616188867,0.1829175249866477,-0.120879120879124,-0.1904761904761898,1
1.8900001797592267,0.18010192518071225,0.1829175249866477,-0.120879120879124,-0.1904761904761898,1
1.8910001797485165,0.1803920715598655,0.1829175249866477,-0.120879120879124,-0.1904761904761898,1
1.8920001797378063,0.18068677952686973,0.1829175249866477,-0.120879120879124,-0.1904761904761898,1
1.893000179727096,0.18098602290405993,0.1829175249866477,-0.120879120879124,-0.1904761904761898,1
1.894000179716386,0.18128977511090966,0.1829175249866477,-0.120879120879124,-0.1904761904761898,1
1.8950001797056757,0.18159800916639215,0.1829175249866477,-0.120879120879124,-0.1904761904761898,1
1.8960001796949655,0.18191069769137708,0.1829175249866477,-0.120879120879124,-0.1904761904761898,1
1.8970001796842553,0.182227812911062,0.1829175249866477,-0.120879120879124,-0.1904761904761898,1
1.898000179673545,0.18254932665744023,0.1829175249866477,-0.120879120879124,-0.1904761904761898,1
1.8990001796628349,0.18287521037180243,0.1829175249866477,-0.120879120879124,-0.1904761904761898,1
1.9000001796521246,0.18320543510727338,0.1829175249866477,-0.120879120879124,-0.1904761904761898,1
1.9010001796414144,0.18353997153138346,0.1829175249866477,-0.120879120879124,-0.1904761904761898,1
1.9020001796307042,0.18387878992867351,0.1829175249866477,-0.120879120879124,-0.1904761904761898,1
1.903000179619994,0.18422186020333522,0.1829175249866477,-0.120879120879124,-0.1904761904761898,1
1.9040001796092838,0.18456915188188378,0.1829175249866477,-0.120879120879124,-0.1904761904761898,1
1.9050001795985736,0.18492063411586485,0.1829175249866477,-0.120879120879124,-0.1904761904761898,1
1.9060001795878634,0.1852762756845949,0.1829175249866477,-0.120879120879124,-0.1904761904761898,1
1.9070001795771532,0.18563604499793387,0.1829175249866477,-0.120879120879124,-0.1904761904761898,1
1.908000179566443,0.18599991009909198,0.1829175249866477,-0.120879120879124,-0.1904761904761898,1
1.9090001795557328,0.18636783866746764,0.1829175249866477,-0.120879120879124,-0.1904761904761898,1
1.9100001795450225,0.1867397980215188,0.1829175249866477,-0.120879120879124,-0.1904761904761898,1
1.9110001795343123,0.18711575512166576,0.1829175249866477,-0.120879120879124,-0.1904761904761898,1
1.9120001795236021,0.18749567657322544,0.1829175249866477,-0.120879120879124,-0.1904761904761898,1
1.913000179512892,0.18787952862937868,0.1829175249866477,-0.120879120879124,-0.1904761904761898,1
1.9140001795021817,0.1882672771941671,0.1829175249866477,-0.120879120879124,-0.1904761904761898,1
1.9150001794914715,0.18865888782552193,0.1829175249866477,-0.120879120879124,-0.1904761904761898,1
1.9160001794807613,0.18905432573832343,0.1829175249866477,-0.120879120879124,-0.1904761904761898,1
1.917000179470051,0.18945355580749015,0.1829175249866477,-0.120879120879124,-0.1904761904761898,1
1.9180001794593409,0.18985654257109993,0.1829175249866477,-0.120879120879124,-0.1904761904761898,1
1.9190001794486307,0.19026325023353907,0.1829175249866477,-0.120879120879124,-0.1904761904761898,1
1.9200001794379205,0.1906736426686821,0.1829175249866477,-0.120879120879124,-0.1904761904761898,1
1.9210001794272102,0.19108768342310095,0.1829175249866477,-0.120879120879124,-0.1904761904761898,1
1.9220001794165,0.19150533571930234,0.1829175249866477,-0.120879120879124,-0.1904761904761898,1
1.9230001794057898,0.19192656245899525,0.1829175249866477,-0.120879120879124,-0.1904761904761898,1
1.9240001793950796,0.19235132622638595,0.1829175249866477,-0.120879120879124,-0.1904761904761898,1
1.9250001793843694,0.19277958929150138,0.1829175249866477,-0.120879120879124,-0.1904761904761898,1
1.9260001793736592,0.19321131361354082,0.1829175249866477,-0.120879120879124,-0.1904761904761898,1
1.927000179362949,0.19364646084425424,0.1829175249866477,-0.120879120879124,-0.1904761904761898,1
1.9280001793522388,0.1940849923313495,0.1829175249866477,-0.120879120879124,-0.1904761904761898,1
1.9290001793415286,0.19452686912192513,0.1829175249866477,-0.120879120879124,-0.1904761904761898,1
1.9300001793308184,0.19497205196593043,0.1829175249866477,-0.120879120879124,-0.1904761904761898,1
1.9310001793201081,0.19542050131965213,0.1829175249866477,-0.120879120879124,-0.1904761904761898,1
1.932000179309398,0.19587217734922618,0.1829175249866477,-0.120879120879124,-0.1904761904761898,1
1.9330001792986877,0.19632703993417705,0.1829175249866477,-0.120879120879124,-0.1904761904761898,1
1.9340001792879775,0.1967850486709807,0.1829175249866477,-0.120879120879124,-0.1904761904761898,1
1.9350001792772673,0.1972461628766538,0.1829175249866477,-0.120879120879124,-0.1904761904761898,1
1.936000179266557,0.1977103415923674,0.1829175249866477,-0.120879120879124,-0.1904761904761898,1
1.9370001792558469,0.19817754358708456,0.1829175249866477,-0.120879120879124,-0.1904761904761898,1
1.9380001792451367,0.19864772736122382,0.1829175249866477,-0.120879120879124,-0.1904761904761898,1
1.9390001792344265,0.19912085115034459,0.1829175249866477,-0.120879120879124,-0.1904761904761898,1
1.9400001792237163,0.19959687292885714,0.1829175249866477,-0.120879120879124,-0.1904761904761898,1
1.941000179213006,0.2000757504137558,0.1829175249866477,-0.120879120879124,-0.1904761904761898,1
1.9420001792022958,0.20055744106837403,0.1829175249866477,-0.120879120879124,-0.1904761904761898,1
1.9430001791915856,0.20104190210616377,0.1829175249866477,-0.120879120879124,-0.1904761904761898,1
1.9440001791808754,0.20152909049449533,0.1829175249866477,-0.120879120879124,-0.1904761904761898,1
1.9450001791701652,0.20201896295848004,0.1829175249866477,-0.120879120879124,-0.1904761904761898,1
1.946000179159455,0.2025114759848143,0.1829175249866477,-0.120879120879124,-0.1904761904761898,1
1.9470001791487448,0.2030065858256439,0.1829175249866477,-0.120879120879124,-0.1904761904761898,1
1.9480001791380346,0.2035042485024511,0.1829175249866477,-0.120879120879124,-0.1904761904761898,1
1.9490001791273244,0.20400441980996042,0.1829175249866477,-0.120879120879124,-0.1904761904761898,1
1.9500001791166142,0.2045070553200652,0.1829175249866477,-0.120879120879124,-0.1904761904761898,1
1.951000179105904,0.20501211038577424,0.1829175249866477,-0.120879120879124,-0.1904761904761898,1
1.9520001790951937,0.205519540145177,0.1829175249866477,-0.120879120879124,-0.1904761904761898,1
1.9530001790844835,0.20602929952542934,0.1829175249866477,-0.120879120879124,-0.1904761904761898,1
1.9540001790737733,0.20654134324675663,0.1829175249866477,-0.120879120879124,-0.1904761904761898,1
1.9550001790630631,0.2070556258264758,0.1829175249866477,-0.120879120879124,-0.1904761904761898,1
1.956000179052353,0.20757210158303563,0.1829175249866477,-0.120879120879124,-0.1904761904761898,1
1.9570001790416427,0.20809072464007378,0.1829175249866477,-0.120879120879124,-0.1904761904761898,1
1.9580001790309325,0.20861144893049272,0.1829175249866477,-0.120879120879124,-0.1904761904761898,1
1.9590001790202223,0.20913422820055108,0.1829175249866477,-0.120879120879124,-0.1904761904761898,1
1.960000179009512,0.20965901601397235,0.1829175249866477,-0.120879120879124,-0.1904761904761898,1
1.9610001789988019,0.21018576575606976,0.1829175249866477,-0.120879120879124,-0.1904761904761898,1
1.9620001789880916,0.2107144306378861,0.1829175249866477,-0.120879120879124,-0.1904761904761898,1
1.9630001789773814,0.21124496370035098,0.1829175249866477,-0.120879120879124,-0.1904761904761898,1
1.9640001789666712,0.2117773178184512,0.1829175249866477,-0.120879120879124,-0.1904761904761898,1
1.965000178955961,0.21231144570541688,0.1829175249866477,-0.120879120879124,-0.1904761904761898,1
1.9660001789452508,0.21284729991692192,0.1829175249866477,-0.120879120879124,-0.1904761904761898,1
1.9670001789345406,0.21338483285529755,0.1829175249866477,-0.120879120879124,-0.1904761904761898,1
1.9680001789238304,0.2139239967737613,0.1829175249866477,-0.120879120879124,-0.1904761904761898,1
1.9690001789131202,0.21446474378065747,0.1829175249866477,-0.120879120879124,-0.1904761904761898,1
1.97000017890241,0.2150070258437115,0.1829175249866477,-0.120879120879124,-0.1904761904761898,1
1.9710001788916998,0.21555079479429562,0.1829175249866477,-0.120879120879124,-0.1904761904761898,1
1.9720001788809896,0.21609600233170878,0.1829175249866477,-0.120879120879124,-0.1904761904761898,1
1.9730001788702793,0.21664260002746605,0.1829175249866477,-0.120879120879124,-0.1904761904761898,1
1.9740001788595691,0.2171905393296007,0.1829175249866477,-0.120879120879124,-0.1904761904761898,1
1.975000178848859,0.2177397715669769,0.1829175249866477,-0.120879120879124,-0.1904761904761898,1
1.9760001788381487,0.21829024795361227,0.1829175249866477,-0.120879120879124,-0.1904761904761898,1
1.9770001788274385,0.21884191959301247,0.1829175249866477,-0.120879120879124,-0.1904761904761898,1
1.9780001788167283,0.2193947374825137,0.1829175249866477,-0.120879120879124,-0.1904761904761898,1
1.979000178806018,0.21994865251763565,0.18177309834439548,-0.0329670329670364,-0.11233211233211193,1
1.9800001787953079,0.22050361549644334,0.18177309834439548,-0.0329670329670364,-0.09279609279609247,1
1.9810001787845977,0.2210595771239168,0.18177309834439548,0.010989010989007397,-0.09279609279609247,1
1.9820001787738875,0.22161648801633094,0.1821545738918129,0.0769230769230802,-0.08302808302808273,1
1.9830001787631772,0.2221742987056412,0.1825360494392303,0.0549450549450512,-0.15140415140415087,1
1.984000178752467,0.2227329596438779,0.1829175249866477,0.0549450549450512,-0.22954822954822873,1
1.9850001787417568,0.22329242120754758,0.18406195162889993,0.098901098901095,-0.3272283272283296,1
1.9860001787310466,0.22385263370203992,0.18558785381856957,0.120879120879124,-0.385836385836388,1
1.9870001787203364,0.22441354736604321,0.1867322804608218,0.098901098901095,-0.5030525030525048,1
1.9880001787096262,0.22497511237596365,0.1867322804608218,0.098901098901095,-0.5518925518925535,1
1.989000178698916,0.22553727885035108,0.1871137560082392,0.120879120879124,-0.5811965811965827,1
1.9900001786882058,0.22609999685433005,0.18825818265049143,0.1868131868131826,-0.6300366300366314,1
1.9910001786774956,0.22666321640403436,0.18863965819790884,0.2307692307692264,-0.6300366300366314,1
1.9920001786667854,0.22722688747104836,0.18978408484016107,0.2527472527472554,-0.5811965811965827,1
1.9930001786560751,0.22779095998684967,0.1905470359349959,0.2087912087912116,-0.5616605616605632,1
1.994000178645365,0.22835538384725704,0.1905470359349959,0.2087912087912116,-0.5616605616605632,1
1.9950001786346547,0.22892010891688092,0.1905470359349959,0.2087912087912116,-0.5616605616605632,1
1.9960001786239445,0.22948508503357595,0.1905470359349959,0.2087912087912116,-0.5616605616605632,1
1.9970001786132343,0.230050262012898,0.1905470359349959,0.2087912087912116,-0.5616605616605632,1
1.998000178602524,0.23061558965256093,0.1905470359349959,0.2087912087912116,-0.5616605616605632,1
1.999000178591814,0.2311810177368961,0.1905470359349959,0.2087912087912116,-0.5616605616605632,1
2.0000001785811037,0.23174649604131292,0.1905470359349959,0.2087912087912116,-0.5616605616605632,1
2.0010001785703935,0.23231197433675946,0.1905470359349959,0.2087912087912116,-0.5616605616605632,1
2.0020001785596833,0.23287740239418514,0.1905470359349959,0.2087912087912116,-0.5616605616605632,1
2.003000178548973,0.2334427299890016,0.1905470359349959,0.2087912087912116,-0.5616605616605632,1
2.004000178538263,0.23400790690554413,0.1905470359349959,0.2087912087912116,-0.5616605616605632,1
2.0050001785275526,0.23457288294153245,0.1905470359349959,0.2087912087912116,-0.5616605616605632,1
2.0060001785168424,0.2351376079125289,0.1905470359349959,0.2087912087912116,-0.5616605616605632,1
2.007000178506132,0.23570203165639758,0.1905470359349959,0.2087912087912116,-0.5616605616605632,1
2.008000178495422,0.23626610403775905,0.1905470359349959,0.2087912087912116,-0.5616605616605632,1
2.009000178484712,0.23682977495244395,0.1905470359349959,0.2087912087912116,-0.5616605616605632,1
2.0100001784740016,0.23739299433194372,0.1905470359349959,0.2087912087912116,-0.5616605616605632,1
2.0110001784632914,0.23795571214785716,0.1905470359349959,0.2087912087912116,-0.5616605616605632,1
2.012000178452581,0.2385178784163354,0.1905470359349959,0.2087912087912116,-0.5616605616605632,1
2.013000178441871,0.23907944320252106,0.1905470359349959,0.2087912087912116,-0.5616605616605632,1
2.0140001784311607,0.23964035662498392,0.1905470359349959,0.2087912087912116,-0.5616605616605632,1
2.0150001784204505,0.24020056886015176,0.1905470359349959,0.2087912087912116,-0.5616605616605632,1
2.0160001784097403,0.24076003014673533,0.1905470359349959,0.2087912087912116,-0.5616605616605632,1
2.01700017839903,0.24131869079014953,0.1905470359349959,0.2087912087912116,-0.5616605616605632,1
2.01800017838832,0.24187650116692688,0.1905470359349959,0.2087912087912116,-0.5616605616605632,1
2.0190001783776097,0.24243341172912547,0.1905470359349959,0.2087912087912116,-0.5616605616605632,1
2.0200001783668995,0.24298937300873028,0.1905470359349959,0.2087912087912116,-0.5616605616605632,1
2.0210001783561893,0.2435443356220465,0.1905470359349959,0.2087912087912116,-0.5616605616605632,1
2.022000178345479,0.24409825027408721,0.1905470359349959,0.2087912087912116,-0.5616605616605632,1
2.023000178334769,0.24465106776295129,0.1905470359349959,0.2087912087912116,-0.5616605616605632,1
2.0240001783240587,0.24520273898419398,0.1905470359349959,0.2087912087912116,-0.5616605616605632,1
2.0250001783133484,0.24575321493518887,0.1905470359349959,0.2087912087912116,-0.5616605616605632,1
2.0260001783026382,0.2463024467194797,0.1905470359349959,0.2087912087912116,-0.5616605616605632,1
2.027000178291928,0.24685038555112493,0.1905470359349959,0.2087912087912116,-0.5616605616605632,1
2.028000178281218,0.24739698275903033,0.1905470359349959,0.2087912087912116,-0.5616605616605632,1
2.0290001782705076,0.24794218979127247,0.1905470359349959,0.2087912087912116,-0.5616605616605632,1
2.0300001782597974,0.24848595821941155,0.1905470359349959,0.2087912087912116,-0.5616605616605632,1
2.031000178249087,0.24902823974279226,0.1905470359349959,0.2087912087912116,-0.5616605616605632,1
2.032000178238377,0.2495689861928354,0.1905470359349959,0.2087912087912116,-0.5616605616605632,1
2.0330001782276668,0.2501081495373157,0.1905470359349959,0.2087912087912116,-0.5616605616605632,1
2.0340001782169566,0.2506456818846284,0.1905470359349959,0.2087912087912116,-0.5616605616605632,1
2.0350001782062463,0.25118153548804356,0.1905470359349959,0.2087912087912116,-0.5616605616605632,1
2.036000178195536,0.25171566274994644,0.1905470359349959,0.2087912087912116,-0.5616605616605632,1
2.037000178184826,0.2522480162260664,0.1905470359349959,0.2087912087912116,-0.5616605616605632,1
2.0380001781741157,0.2527785486296906,0.1905470359349959,0.2087912087912116,-0.5616605616605632,1
2.0390001781634055,0.25330721283586444,0.1905470359349959,0.2087912087912116,-0.5616605616605632,1
2.0400001781526953,0.25383396188557744,0.1905470359349959,0.2087912087912116,-0.5616605616605632,1
2.041000178141985,0.25435874898993394,0.1905470359349959,0.2087912087912116,-0.5616605616605632,1
2.042000178131275,0.2548815275343102,0.1905470359349959,0.2087912087912116,-0.5616605616605632,1
2.0430001781205647,0.25540225108249404,0.1905470359349959,0.2087912087912116,-0.5616605616605632,1
2.0440001781098545,0.25592087338081015,0.1905470359349959,0.2087912087912116,-0.5616605616605632,1
2.0450001780991443,0.25643734836222837,0.1905470359349959,0.2087912087912116,-0.5616605616605632,1
2.046000178088434,0.25695163015045513,0.1905470359349959,0.2087912087912116,-0.5616605616605632,1
2.047000178077724,0.2574636730640096,0.1905470359349959,0.2087912087912116,-0.5616605616605632,1
2.0480001780670136,0.2579734316202804,0.1905470359349959,0.2087912087912116,-0.5616605616605632,1
2.0490001780563034,0.2584808605395662,0.1905470359349959,0.2087912087912116,-0.5616605616605632,1
2.050000178045593,0.2589859147490974,0.1905470359349959,0.2087912087912116,-0.5616605616605632,1
2.051000178034883,0.25948854938703947,0.1905470359349959,0.2087912087912116,-0.5616605616605632,1
2.052000178024173,0.2599887198064787,0.1905470359349959,0.2087912087912116,-0.5616605616605632,1
2.0530001780134626,0.2604863815793874,0.1905470359349959,0.2087912087912116,-0.5616605616605632,1
2.0540001780027524,0.2609814905005703,0.1905470359349959,0.2087912087912116,-0.5616605616605632,1
2.055000177992042,0.26147400259159137,0.1905470359349959,0.2087912087912116,-0.5616605616605632,1
2.056000177981332,0.26196387410467953,0.1905470359349959,0.2087912087912116,-0.5616605616605632,1
2.0570001779706217,0.2624510615266155,0.1905470359349959,0.2087912087912116,-0.5616605616605632,1
2.0580001779599115,0.2629355215825966,0.1905470359349959,0.2087912087912116,-0.5616605616605632,1
2.0590001779492013,0.2634172112400803,0.1905470359349959,0.2087912087912116,-0.5616605616605632,1
2.060000177938491,0.2638960877126071,0.1905470359349959,0.2087912087912116,-0.5616605616605632,1
2.061000177927781,0.2643721084636004,0.1905470359349959,0.2087912087912116,-0.5616605616605632,1
2.0620001779170707,0.26484523121014575,0.1905470359349959,0.2087912087912116,-0.5616605616605632,1
2.0630001779063605,0.2653154139267461,0.1905470359349959,0.2087912087912116,-0.5616605616605632,1
2.0640001778956503,0.2657826148490548,0.1905470359349959,0.2087912087912116,-0.5616605616605632,1
2.06500017788494,0.2662467924775856,0.1905470359349959,0.2087912087912116,-0.5616605616605632,1
2.06600017787423,0.26670790558139806,0.1905470359349959,0.2087912087912116,-0.5616605616605632,1
2.0670001778635196,0.26716591320176125,0.1905470359349959,0.2087912087912116,-0.5616605616605632,1
2.0680001778528094,0.2676207746557909,0.1905470359349959,0.2087912087912116,-0.5616605616605632,1
2.069000177842099,0.2680724495400636,0.1905470359349959,0.2087912087912116,-0.5616605616605632,1
2.070000177831389,0.26852089773420534,0.1905470359349959,0.2087912087912116,-0.5616605616605632,1
2.071000177820679,0.26896607940445516,0.1905470359349959,0.2087912087912116,-0.5616605616605632,1
2.0720001778099686,0.269407955007204,0.1905470359349959,0.2087912087912116,-0.5616605616605632,1
2.0730001777992584,0.26984648529250677,0.1905470359349959,0.2087912087912116,-0.5616605616605632,1
2.074000177788548,0.2702816313075686,0.1905470359349959,0.2087912087912116,-0.5616605616605632,1
2.075000177777838,0.2707133544002055,0.1905470359349959,0.2087912087912116,-0.5616605616605632,1
2.0760001777671278,0.2711416162222766,0.1905470359349959,0.2087912087912116,-0.5616605616605632,1
2.0770001777564175,0.27156637873309153,0.1905470359349959,0.2087912087912116,-0.5616605616605632,1
2.0780001777457073,0.27198760420278884,0.1905470359349959,0.2087912087912116,-0.5616605616605632,1
2.079000177734997,0.27240525521568765,0.1905470359349959,0.2087912087912116,-0.5616605616605632,1
2.080000177724287,0.272819294673611,0.1905470359349959,0.2087912087912116,-0.5616605616605632,1
2.0810001777135767,0.2732296857991806,0.1905470359349959,0.2087912087912116,-0.5616605616605632,1
2.0820001777028665,0.27363639213908486,0.1905470359349959,0.2087912087912116,-0.5616605616605632,1
2.0830001776921563,0.2740393775673157,0.1905470359349959,0.2087912087912116,-0.5616605616605632,1
2.084000177681446,0.27443860628837813,0.1905470359349959,0.2087912087912116,-0.5616605616605632,1
2.085000177670736,0.2748340428404696,0.1905470359349959,0.2087912087912116,-0.5616605616605632,1
2.0860001776600257,0.2752256520986296,0.1905470359349959,0.2087912087912116,-0.5616605616605632,1
2.0870001776493154,0.2756133992778604,0.1905470359349959,0.2087912087912116,-0.5616605616605632,1
2.0880001776386052,0.2759972499362162,0.1905470359349959,0.2087912087912116,-0.5616605616605632,1
2.089000177627895,0.2763771699778629,0.1905470359349959,0.2087912087912116,-0.5616605616605632,1
2.090000177617185,0.2767531256561065,0.1905470359349959,0.2087912087912116,-0.5616605616605632,1
2.0910001776064746,0.2771250835763902,0.1905470359349959,0.2087912087912116,-0.5616605616605632,1
2.0920001775957644,0.2774930106992618,0.1905470359349959,0.2087912087912116,-0.5616605616605632,1
2.093000177585054,0.27785687434330747,0.1905470359349959,0.2087912087912116,-0.5616605616605632,1
2.094000177574344,0.27821664218805514,0.1905470359349959,0.2087912087912116,-0.5616605616605632,1
2.0950001775636338,0.2785722822768455,0.1905470359349959,0.2087912087912116,-0.5616605616605632,1
2.0960001775529236,0.27892376301966987,0.1905470359349959,0.2087912087912116,-0.5616605616605632,1
2.0970001775422134,0.2792710531959772,0.1905470359349959,0.2087912087912116,-0.5616605616605632,1
2.098000177531503,0.2796141219574466,0.1905470359349959,0.2087912087912116,-0.5616605616605632,1
2.099000177520793,0.2799529388307279,0.1905470359349959,0.2087912087912116,-0.5616605616605632,1
2.1000001775100827,0.2802874737201476,0.19703212024109362,0.318681318681314,-0.6300366300366314,1
2.1010001774993725,0.28061769691038335,0.1997024490730155,0.3626373626373578,-0.571428571428573,1
2.1020001774886623,0.2809435790691026,0.20199130235751994,0.3846153846153868,-0.571428571428573,1
2.103000177477952,0.28126509124956833,0.20618753337911144,0.4285714285714306,-0.5421245421245438,1
2.104000177467242,0.28158220489321045,0.22373540856031227,0.4725274725274744,-0.3565323565323588,1
2.1050001774565317,0.2818948918321619,0.2332722972457475,0.4725274725274744,-0.3076923076923066,1
2.1060001774458215,0.2822031242917614,0.23861295490959122,0.538461538461533,-0.3076923076923066,1
2.1070001774351113,0.2825068748930204,0.23861295490959122,0.538461538461533,-0.3076923076923066,1
2.108000177424401,0.2828061166550547,0.23861295490959122,0.538461538461533,-0.3076923076923066,1
2.109000177413691,0.2831008229974813,0.23861295490959122,0.538461538461533,-0.3076923076923066,1
2.1100001774029806,0.28339096774277933,0.23861295490959122,0.538461538461533,-0.3076923076923066,1
2.1110001773922704,0.2836765251186155,0.23861295490959122,0.538461538461533,-0.3076923076923066,1
2.11200017738156,0.2839574697601331,0.23861295490959122,0.538461538461533,-0.3076923076923066,1
2.11300017737085,0.2842337767122051,0.23861295490959122,0.538461538461533,-0.3076923076923066,1
2.11400017736014,0.28450542143165114,0.23861295490959122,0.538461538461533,-0.3076923076923066,1
2.1150001773494296,0.2847723797894167,0.23861295490959122,0.538461538461533,-0.3076923076923066,1
2.1160001773387194,0.2850346280727177,0.23861295490959122,0.538461538461533,-0.3076923076923066,1
2.117000177328009,0.28529214298714556,0.23861295490959122,0.538461538461533,-0.3076923076923066,1
2.118000177317299,0.28554490165873714,0.23861295490959122,0.538461538461533,-0.3076923076923066,1
2.1190001773065887,0.2857928816360064,0.23861295490959122,0.538461538461533,-0.3076923076923066,1
2.1200001772958785,0.28603606089193817,0.23861295490959122,0.538461538461533,-0.3076923076923066,1
2.1210001772851683,0.28627441782594537,0.23861295490959122,0.538461538461533,-0.3076923076923066,1
2.122000177274458,0.28650793126578744,0.23861295490959122,0.538461538461533,-0.3076923076923066,1
2.123000177263748,0.28673658046945083,0.23861295490959122,0.538461538461533,-0.3076923076923066,1
2.1240001772530377,0.28696034512699176,0.23861295490959122,0.538461538461533,-0.3076923076923066,1
2.1250001772423275,0.2871792053623397,0.23861295490959122,0.538461538461533,-0.3076923076923066,1
2.1260001772316173,0.2873931417350637,0.23861295490959122,0.538461538461533,-0.3076923076923066,1
2.127000177220907,0.28760213524209843,0.23861295490959122,0.538461538461533,-0.3076923076923066,1
2.128000177210197,0.28780616731943265,0.23861295490959122,0.538461538461533,-0.3076923076923066,1
2.1290001771994866,0.28800521984375793,0.23861295490959122,0.538461538461533,-0.3076923076923066,1
2.1300001771887764,0.2881992751340784,0.23861295490959122,0.538461538461533,-0.3076923076923066,1
2.1310001771780662,0.2883883159532815,0.23861295490959122,0.538461538461533,-0.3076923076923066,1
2.132000177167356,0.288572325509669,0.23861295490959122,0.538461538461533,-0.3076923076923066,1
2.133000177156646,0.2887512874584485,0.23861295490959122,0.538461538461533,-0.3076923076923066,1
2.1340001771459356,0.2889251859031854,0.23861295490959122,0.538461538461533,-0.3076923076923066,1
2.1350001771352254,0.2890940053972144,0.23861295490959122,0.538461538461533,-0.3076923076923066,1
2.136000177124515,0.2892577309450124,0.23861295490959122,0.538461538461533,-0.3076923076923066,1
2.137000177113805,0.2894163480035299,0.23861295490959122,0.538461538461533,-0.3076923076923066,1
2.1380001771030948,0.2895698424834828,0.23861295490959122,0.538461538461533,-0.3076923076923066,1
2.1390001770923845,0.28971820075060434,0.23861295490959122,0.538461538461533,-0.3076923076923066,1
2.1400001770816743,0.2898614096268555,0.23861295490959122,0.538461538461533,-0.3076923076923066,1
2.141000177070964,0.28999945639159624,0.23861295490959122,0.538461538461533,-0.3076923076923066,1
2.142000177060254,0.29013232878271494,0.23861295490959122,0.538461538461533,-0.3076923076923066,1
2.1430001770495437,0.2902600149977178,0.23861295490959122,0.538461538461533,-0.3076923076923066,1
2.1440001770388335,0.29038250369477725,0.23861295490959122,0.538461538461533,-0.3076923076923066,1
2.1450001770281233,0.290499783993739,0.23861295490959122,0.538461538461533,-0.3076923076923066,1
2.146000177017413,0.2906118454770891,0.23861295490959122,0.538461538461533,-0.3076923076923066,1
2.147000177006703,0.2907186781908789,0.23861295490959122,0.538461538461533,-0.3076923076923066,1
2.1480001769959927,0.29082027264560917,0.23861295490959122,0.538461538461533,-0.3076923076923066,1
2.1490001769852825,0.29091661981707334,0.23861295490959122,0.538461538461533,-0.3076923076923066,1
2.1500001769745722,0.29100771114715857,0.23861295490959122,0.538461538461533,-0.3076923076923066,1
2.151000176963862,0.29109353854460646,0.23861295490959122,0.538461538461533,-0.3076923076923066,1
2.152000176953152,0.2911740943857315,0.23861295490959122,0.538461538461533,-0.3076923076923066,1
2.1530001769424416,0.29124937151509817,0.23861295490959122,0.538461538461533,-0.3076923076923066,1
2.1540001769317314,0.29131936324615687,0.23861295490959122,0.538461538461533,-0.3076923076923066,1
2.155000176921021,0.29138406336183736,0.23861295490959122,0.538461538461533,-0.3076923076923066,1
2.156000176910311,0.2914434661151014,0.23861295490959122,0.538461538461533,-0.3076923076923066,1
2.1570001768996008,0.2914975662294531,0.23861295490959122,0.538461538461533,-0.3076923076923066,1
2.1580001768888906,0.2915463588994076,0.23861295490959122,0.538461538461533,-0.3076923076923066,1
2.1590001768781804,0.29158983979091796,0.23861295490959122,0.538461538461533,-0.3076923076923066,1
2.16000017686747,0.29162800504176,0.23861295490959122,0.538461538461533,-0.3076923076923066,1
2.16100017685676,0.2916608512618756,0.23861295490959122,0.538461538461533,-0.3076923076923066,1
2.1620001768460497,0.29168837553367355,0.23861295490959122,0.538461538461533,-0.3076923076923066,1
2.1630001768353395,0.29171057541228895,0.23861295490959122,0.538461538461533,-0.3076923076923066,1
2.1640001768246293,0.2917274489258004,0.23861295490959122,0.538461538461533,-0.3076923076923066,1
2.165000176813919,0.2917389945754047,0.23861295490959122,0.538461538461533,-0.3076923076923066,1
2.166000176803209,0.29174521133555065,0.23861295490959122,0.538461538461533,-0.3076923076923066,1
2.1670001767924987,0.2917460986540296,0.23861295490959122,0.538461538461533,-0.3076923076923066,1
2.1680001767817885,0.2917416564520249,0.23861295490959122,0.538461538461533,-0.3076923076923066,1
2.1690001767710783,0.29173188512411846,0.23861295490959122,0.538461538461533,-0.3076923076923066,1
2.170000176760368,0.2917167855382562,0.23861295490959122,0.538461538461533,-0.3076923076923066,1
2.171000176749658,0.29169635903567065,0.23861295490959122,0.538461538461533,-0.3076923076923066,1
2.1720001767389476,0.29167060743076173,0.23861295490959122,0.538461538461533,-0.3076923076923066,1
2.1730001767282374,0.2916395330109359,0.23861295490959122,0.538461538461533,-0.3076923076923066,1
2.174000176717527,0.2916031385364028,0.23861295490959122,0.538461538461533,-0.3076923076923066,1
2.175000176706817,0.2915614272399299,0.23861295490959122,0.538461538461533,-0.3076923076923066,1
2.176000176696107,0.2915144028265558,0.23861295490959122,0.538461538461533,-0.3076923076923066,1
2.1770001766853966,0.29146206947326053,0.23861295490959122,0.538461538461533,-0.3076923076923066,1
2.1780001766746864,0.29140443182859516,0.23861295490959122,0.538461538461533,-0.3076923076923066,1
2.179000176663976,0.2913414950122684,0.23861295490959122,0.538461538461533,-0.3076923076923066,1
2.180000176653266,0.29127326461469205,0.23861295490959122,0.538461538461533,-0.3076923076923066,1
2.1810001766425557,0.2911997466964845,0.23861295490959122,0.538461538461533,-0.3076923076923066,1
2.1820001766318455,0.29112094778793207,0.23861295490959122,0.538461538461533,-0.3076923076923066,1
2.1830001766211353,0.29103687488840935,0.23861295490959122,0.538461538461533,-0.3076923076923066,1
2.184000176610425,0.2909475354657572,0.23861295490959122,0.538461538461533,-0.3076923076923066,1
2.185000176599715,0.29085293745561963,0.23861295490959122,0.538461538461533,-0.3076923076923066,1
2.1860001765890047,0.29075308926073856,0.23861295490959122,0.538461538461533,-0.3076923076923066,1
2.1870001765782945,0.29064799975020794,0.23861295490959122,0.538461538461533,-0.3076923076923066,1
2.1880001765675843,0.29053767825868543,0.23861295490959122,0.538461538461533,-0.3076923076923066,1
2.189000176556874,0.2904221345855636,0.23861295490959122,0.538461538461533,-0.3076923076923066,1
2.190000176546164,0.2903013789940994,0.23861295490959122,0.538461538461533,-0.3076923076923066,1
2.1910001765354536,0.29017542221050246,0.23861295490959122,0.538461538461533,-0.3076923076923066,1
2.1920001765247434,0.29004427542298233,0.23861295490959122,0.538461538461533,-0.3076923076923066,1
2.1930001765140332,0.2899079502807548,0.23861295490959122,0.538461538461533,-0.3076923076923066,1
2.194000176503323,0.2897664588930068,0.23861295490959122,0.538461538461533,-0.3076923076923066,1
2.195000176492613,0.2896198138278214,0.23861295490959122,0.538461538461533,-0.3076923076923066,1
2.1960001764819026,0.2894680281110609,0.23861295490959122,0.538461538461533,-0.3076923076923066,1
2.1970001764711924,0.2893111152252101,0.23861295490959122,0.538461538461533,-0.3076923076923066,1
2.198000176460482,0.2891490891081783,0.23861295490959122,0.538461538461533,-0.3076923076923066,1
2.199000176449772,0.2889819641520619,0.23861295490959122,0.538461538461533,-0.3076923076923066,1
2.2000001764390618,0.28880975520186547,0.23861295490959122,0.538461538461533,-0.3076923076923066,1
2.2010001764283516,0.2886324775541834,0.23861295490959122,0.538461538461533,-0.3076923076923066,1
2.2020001764176413,0.2884501469558411,0.23861295490959122,0.538461538461533,-0.3076923076923066,1
2.203000176406931,0.28826277960249613,0.23861295490959122,0.538461538461533,-0.3076923076923066,1
2.204000176396221,0.2880703921371998,0.23861295490959122,0.538461538461533,-0.3076923076923066,1
2.2050001763855107,0.287873001648919,0.23861295490959122,0.538461538461533,-0.3076923076923066,1
2.2060001763748005,0.2876706256710177,0.23861295490959122,0.538461538461533,-0.3076923076923066,1
2.2070001763640903,0.2874632821797001,0.23861295490959122,0.538461538461533,-0.3076923076923066,1
2.20800017635338,0.28725098959241346,0.23861295490959122,0.538461538461533,-0.3076923076923066,1
2.20900017634267,0.28703376676621256,0.23861295490959122,0.538461538461533,-0.3076923076923066,1
2.2100001763319597,0.28681163299608453,0.23861295490959122,0.538461538461533,-0.3076923076923066,1
2.2110001763212495,0.2865846080132347,0.23861295490959122,0.538461538461533,-0.3076923076923066,1
2.2120001763105392,0.2863527119833343,0.23861295490959122,0.538461538461533,-0.3076923076923066,1
2.213000176299829,0.28611596550472906,0.23861295490959122,0.538461538461533,-0.3076923076923066,1
2.214000176289119,0.28587438960660966,0.23861295490959122,0.538461538461533,-0.3076923076923066,1
2.2150001762784086,0.28562800574714386,0.23861295490959122,0.538461538461533,-0.3076923076923066,1
2.2160001762676984,0.28537683581157014,0.23861295490959122,0.538461538461533,-0.3076923076923066,1
2.217000176256988,0.2851209021102539,0.23861295490959122,0.538461538461533,-0.3076923076923066,1
2.218000176246278,0.28486022737670597,0.23861295490959122,0.538461538461533,-0.3076923076923066,1
2.219000176235568,0.28459483476556274,0.23861295490959122,0.538461538461533,-0.3076923076923066,1
2.2200001762248576,0.2843247478505302,0.23975738155184345,0.4725274725274744,-0.29792429792429687,1
2.2210001762141474,0.28404999062228914,0.24319066147860013,0.4945054945054892,-0.3076923076923066,1
2.222000176203437,0.2837705874863648,0.24738689250019164,0.4725274725274744,-0.28815628815628713,1
2.223000176192727,0.2834865632609586,0.24853131914244386,0.3846153846153868,-0.26862026862026767,1
2.2240001761820167,0.2831979431747441,0.25272755016403536,0.3846153846153868,-0.25885225885225793,1
2.2250001761713065,0.28290475286462563,0.2550164034485398,0.4505494505494454,-0.26862026862026767,1
2.2260001761605963,0.28260701837346114,0.2584496833752965,0.4065934065934016,-0.22954822954822873,1
2.227000176149886,0.28230476614774913,0.26073853665980096,0.318681318681314,-0.21001221001220927,1
2.228000176139176,0.2819980230352793,0.26379034103914023,0.318681318681314,-0.219780219780219,1
2.2290001761284657,0.2816868162827481,0.26417181658655764,0.2967032967032992,-0.21001221001220927,1
2.2300001761177555,0.28137117353333807,0.26531624322880987,0.2747252747252702,-0.219780219780219,1
2.2310001761070453,0.28105112282426264,0.26798657206073173,0.2307692307692264,-0.21001221001220927,1
2.232000176096335,0.2807266925842758,0.26913099870298396,0.1868131868131826,-0.21001221001220927,1
2.233000176085625,0.2803979116311465,0.271038376440071,0.0329670329670364,-0.22954822954822873,1
2.2340001760749146,0.2800648091690998,0.2714198519874884,0.0549450549450512,-0.2783882783882774,1
2.2350001760642044,0.2797274147862216,0.27218280308232323,0.120879120879124,-0.26862026862026767,1
2.236000176053494,0.27938575845183117,0.27370870527199287,0.1648351648351678,-0.17094017094017033,1
2.237000176042784,0.27903987051381896,0.27370870527199287,0.0549450549450512,-0.15140415140415087,1
2.238000176032074,0.2786897816959509,0.27370870527199287,0.0769230769230802,-0.14163614163614113,1
2.2390001760213636,0.2783355230951395,0.27370870527199287,0.0769230769230802,-0.14163614163614113,1
2.2400001760106534,0.2779771261786813,0.27370870527199287,0.0769230769230802,-0.14163614163614113,1
2.241000175999943,0.27761462278146204,0.27370870527199287,0.0769230769230802,-0.14163614163614113,1
2.242000175989233,0.2772480451031288,0.27370870527199287,0.0769230769230802,-0.14163614163614113,1
2.2430001759785227,0.27687742570522966,0.27370870527199287,0.0769230769230802,-0.14163614163614113,1
2.2440001759678125,0.2765027975083222,0.27370870527199287,0.0769230769230802,-0.14163614163614113,1
2.2450001759571023,0.276124193789048,0.27370870527199287,0.0769230769230802,-0.14163614163614113,1
2.246000175946392,0.27574164817717794,0.27370870527199287,0.0769230769230802,-0.14163614163614113,1
2.247000175935682,0.27535519465262437,0.27370870527199287,0.0769230769230802,-0.14163614163614113,1
2.2480001759249717,0.274964867542423,0.27370870527199287,0.0769230769230802,-0.14163614163614113,1
2.2490001759142615,0.27457070151768426,0.27370870527199287,0.0769230769230802,-0.14163614163614113,1
2.2500001759035513,0.27417273159051264,0.27370870527199287,0.0769230769230802,-0.14163614163614113,1
2.251000175892841,0.27377099311089736,0.27370870527199287,0.0769230769230802,-0.14163614163614113,1
2.252000175882131,0.2733655217635724,0.27370870527199287,0.0769230769230802,-0.14163614163614113,1
2.2530001758714207,0.2729563535648464,0.27370870527199287,0.0769230769230802,-0.14163614163614113,1
2.2540001758607104,0.27254352485940403,0.27370870527199287,0.0769230769230802,-0.14163614163614113,1
2.2550001758500002,0.27212707231707706,0.27370870527199287,0.0769230769230802,-0.14163614163614113,1
2.25600017583929,0.2717070329295875,0.27370870527199287,0.0769230769230802,-0.14163614163614113,1
2.25700017582858,0.2712834440072616,0.27370870527199287,0.0769230769230802,-0.14163614163614113,1
2.2580001758178696,0.2708563431757158,0.27370870527199287,0.0769230769230802,-0.14163614163614113,1
2.2590001758071594,0.27042576837251486,0.27370870527199287,0.0769230769230802,-0.14163614163614113,1
2.260000175796449,0.2699917578438015,0.27370870527199287,0.0769230769230802,-0.14163614163614113,1
2.261000175785739,0.2695543501408997,0.27370870527199287,0.0769230769230802,-0.14163614163614113,1
2.2620001757750288,0.2691135841168897,0.27370870527199287,0.0769230769230802,-0.14163614163614113,1
2.2630001757643186,0.26866949892315745,0.27370870527199287,0.0769230769230802,-0.14163614163614113,1
2.2640001757536083,0.2682221340059171,0.27370870527199287,0.0769230769230802,-0.14163614163614113,1
2.265000175742898,0.2677715291027062,0.27370870527199287,0.0769230769230802,-0.14163614163614113,1
2.266000175732188,0.26731772423885686,0.27370870527199287,0.0769230769230802,-0.14163614163614113,1
2.2670001757214777,0.2668607597239402,0.27370870527199287,0.0769230769230802,-0.14163614163614113,1
2.2680001757107675,0.26640067614818563,0.27370870527199287,0.0769230769230802,-0.14163614163614113,1
2.2690001757000573,0.265937514378876,0.27370870527199287,0.0769230769230802,-0.14163614163614113,1
2.270000175689347,0.2654713155567167,0.27370870527199287,0.0769230769230802,-0.14163614163614113,1
2.271000175678637,0.2650021210921818,0.27370870527199287,0.0769230769230802,-0.14163614163614113,1
2.2720001756679267,0.26452997266183575,0.27370870527199287,0.0769230769230802,-0.14163614163614113,1
2.2730001756572165,0.264054912204631,0.27370870527199287,0.0769230769230802,-0.14163614163614113,1
2.2740001756465062,0.2635769819181837,0.27370870527199287,0.0769230769230802,-0.14163614163614113,1
2.275000175635796,0.26309622425502416,0.27370870527199287,0.0769230769230802,-0.14163614163614113,1
2.276000175625086,0.26261268191882703,0.27370870527199287,0.0769230769230802,-0.14163614163614113,1
2.2770001756143756,0.2621263978606175,0.27370870527199287,0.0769230769230802,-0.14163614163614113,1
2.2780001756036654,0.2616374152749562,0.27370870527199287,0.0769230769230802,-0.14163614163614113,1
2.279000175592955,0.2611457775961033,0.27370870527199287,0.0769230769230802,-0.14163614163614113,1
2.280000175582245,0.2606515284941589,0.27370870527199287,0.0769230769230802,-0.14163614163614113,1
2.281000175571535,0.26015471187118516,0.27370870527199287,0.0769230769230802,-0.14163614163614113,1
2.2820001755608246,0.25965537185730625,0.27370870527199287,0.0769230769230802,-0.14163614163614113,1
2.2830001755501144,0.25915355280678826,0.27370870527199287,0.0769230769230802,-0.14163614163614113,1
2.284000175539404,0.2586492992941002,0.27370870527199287,0.0769230769230802,-0.14163614163614113,1
2.285000175528694,0.2581426561099536,0.27370870527199287,0.0769230769230802,-0.14163614163614113,1
2.2860001755179837,0.2576336682573247,0.27370870527199287,0.0769230769230802,-0.14163614163614113,1
2.2870001755072735,0.25712238094745643,0.27370870527199287,0.0769230769230802,-0.14163614163614113,1
2.2880001754965633,0.25660883959584285,0.27370870527199287,0.0769230769230802,-0.14163614163614113,1
2.289000175485853,0.2560930898181957,0.27370870527199287,0.0769230769230802,-0.14163614163614113,1
2.290000175475143,0.25557517742639096,0.27370870527199287,0.0769230769230802,-0.14163614163614113,1
2.2910001754644327,0.2550551484244011,0.27370870527199287,0.0769230769230802,-0.14163614163614113,1
2.2920001754537225,0.25453304900420776,0.27370870527199287,0.0769230769230802,-0.14163614163614113,1
2.2930001754430123,0.2540089255416993,0.27370870527199287,0.0769230769230802,-0.14163614163614113,1
2.294000175432302,0.2534828245925514,0.27370870527199287,0.0769230769230802,-0.14163614163614113,1
2.295000175421592,0.2529547928880912,0.27370870527199287,0.0769230769230802,-0.14163614163614113,1
2.2960001754108816,0.2524248773311469,0.27370870527199287,0.0769230769230802,-0.14163614163614113,1
2.2970001754001714,0.25189312499188116,0.27370870527199287,0.0769230769230802,-0.14163614163614113,1
2.298000175389461,0.25135958310361023,0.27370870527199287,0.0769230769230802,-0.14163614163614113,1
2.299000175378751,0.25082429905860903,0.27370870527199287,0.0769230769230802,-0.14163614163614113,1
2.300000175368041,0.2502873204039003,0.27370870527199287,0.0769230769230802,-0.14163614163614113,1
2.3010001753573306,0.24974869483703194,0.27370870527199287,0.0769230769230802,-0.14163614163614113,1
2.3020001753466204,0.24920847020184017,0.27370870527199287,0.0769230769230802,-0.14163614163614113,1
2.30300017533591,0.2486666944841995,0.27370870527199287,0.0769230769230802,-0.14163614163614113,1
2.3040001753252,0.24812341580776118,0.27370870527199287,0.0769230769230802,-0.14163614163614113,1
2.3050001753144898,0.24757868242967726,0.27370870527199287,0.0769230769230802,-0.14163614163614113,1
2.3060001753037795,0.24703254273631509,0.27370870527199287,0.0769230769230802,-0.14163614163614113,1
2.3070001752930693,0.24648504523895898,0.27370870527199287,0.0769230769230802,-0.14163614163614113,1
2.308000175282359,0.24593623856950111,0.27370870527199287,0.0769230769230802,-0.14163614163614113,1
2.309000175271649,0.2453861714761225,0.27370870527199287,0.0769230769230802,-0.14163614163614113,1
2.3100001752609387,0.24483489281896162,0.27370870527199287,0.0769230769230802,-0.14163614163614113,1
2.3110001752502285,0.24428245156577535,0.27370870527199287,0.0769230769230802,-0.14163614163614113,1
2.3120001752395183,0.24372889678758902,0.27370870527199287,0.0769230769230802,-0.14163614163614113,1
2.313000175228808,0.24317427765433747,0.27370870527199287,0.0769230769230802,-0.14163614163614113,1
2.314000175218098,0.2426186434304983,0.27370870527199287,0.0769230769230802,-0.14163614163614113,1
2.3150001752073877,0.24206204347071478,0.27370870527199287,0.0769230769230802,-0.14163614163614113,1
2.3160001751966774,0.24150452721541257,0.27370870527199287,0.0769230769230802,-0.14163614163614113,1
2.3170001751859672,0.24094614418640806,0.27370870527199287,0.0769230769230802,-0.14163614163614113,1
2.318000175175257,0.2403869439825092,0.27370870527199287,0.0769230769230802,-0.14163614163614113,1
2.319000175164547,0.23982697627511085,0.27370870527199287,0.0769230769230802,-0.14163614163614113,1
2.3200001751538366,0.23926629080378123,0.27370870527199287,0.0769230769230802,-0.14163614163614113,1
2.3210001751431264,0.23870493737184484,0.27370870527199287,0.0769230769230802,-0.14163614163614113,1
2.322000175132416,0.2381429658419582,0.27370870527199287,0.0769230769230802,-0.14163614163614113,1
2.323000175121706,0.2375804261316807,0.27370870527199287,0.0769230769230802,-0.14163614163614113,1
2.3240001751109958,0.23701736820904146,0.27370870527199287,0.0769230769230802,-0.14163614163614113,1
2.3250001751002856,0.23645384208809947,0.27370870527199287,0.0769230769230802,-0.14163614163614113,1
2.3260001750895754,0.23588989782450212,0.27370870527199287,0.0769230769230802,-0.14163614163614113,1
2.327000175078865,0.23532558551103863,0.27370870527199287,0.0769230769230802,-0.14163614163614113,1
2.328000175068155,0.23476095527319027,0.27370870527199287,0.0769230769230802,-0.14163614163614113,1
2.3290001750574447,0.2341960572646789,0.27370870527199287,0.0769230769230802,-0.14163614163614113,1
2.3300001750467345,0.23363094166301063,0.27370870527199287,0.0769230769230802,-0.14163614163614113,1
2.3310001750360243,0.2330656586650197,0.27370870527199287,0.0769230769230802,-0.14163614163614113,1
2.332000175025314,0.23250025848240938,0.27370870527199287,0.0769230769230802,-0.14163614163614113,1
2.333000175014604,0.23193479133729186,0.27370870527199287,0.0769230769230802,-0.14163614163614113,1
2.3340001750038937,0.23136930745772788,0.27370870527199287,0.0769230769230802,-0.14163614163614113,1
2.3350001749931835,0.23080385707326403,0.27370870527199287,0.0769230769230802,-0.14163614163614113,1
2.3360001749824733,0.23023849041047187,0.27370870527199287,0.0769230769230802,-0.14163614163614113,1
2.337000174971763,0.22967325768848632,0.27370870527199287,0.0769230769230802,-0.14163614163614113,1
2.338000174961053,0.2291082091145447,0.27370870527199287,0.0769230769230802,-0.14163614163614113,1
2.3390001749503426,0.22854339487952785,0.27370870527199287,0.0769230769230802,-0.14163614163614113,1
2.3400001749396324,0.22797886515350066,0.27370870527199287,0.0769230769230802,-0.14163614163614113,1
2.341000174928922,0.22741467008125646,0.27370870527199287,0.0769230769230802,-0.14163614163614113,1
2.342000174918212,0.22685085977786276,0.27370870527199287,0.0769230769230802,-0.14163614163614113,1
2.343000174907502,0.22628748432420945,0.27370870527199287,0.0769230769230802,-0.14163614163614113,1
2.3440001748967916,0.2257245937625611,0.27370870527199287,0.0769230769230802,-0.14163614163614113,1
2.3450001748860814,0.22516223809211086,0.27370870527199287,0.0769230769230802,-0.14163614163614113,1
2.346000174875371,0.22460046726453992,0.27370870527199287,0.0769230769230802,-0.14163614163614113,1
2.347000174864661,0.22403933117958025,0.27370870527199287,0.0769230769230802,-0.14163614163614113,1
2.3480001748539507,0.22347887968058225,0.27370870527199287,0.0769230769230802,-0.14163614163614113,1
2.3490001748432405,0.22291916255008798,0.2740901808194103,0.0329670329670364,-0.14163614163614113,1
2.3500001748325303,0.22236022950540807,0.2740901808194103,0.0329670329670364,-0.12210012210012167,1
2.35100017482182,0.22180213019420622,0.27370870527199287,-0.010989010989007397,-0.1025641025641022,1
2.35200017481111,0.22124491419008904,0.27370870527199287,-0.010989010989007397,-0.05372405372405353,1
2.3530001748003997,0.2206886309882032,0.27370870527199287,-0.0329670329670364,-0.0439560439560438,1
2.3540001747896895,0.22013333000083796,0.27332722972457546,-0.010989010989007397,0.0439560439560438,1
2.3550001747789793,0.21957906055303672,0.27294575417715805,-0.0329670329670364,0.09279609279609247,1
2.356000174768269,0.21902587187821565,0.2718013275349058,-0.120879120879124,0.11233211233211193,1
2.357000174757559,0.21847381311379016,0.26951247425040137,-0.2087912087912116,0.05372405372405353,1
2.3580001747468486,0.21792293329681114,0.26913099870298396,-0.0549450549450512,0.1318681318681314,1
2.3590001747361384,0.21737328135960793,0.26874952315556655,-0.0769230769230802,0.2783882783882774,1
2.3600001747254282,0.21682490612544267,0.26493476768139246,-0.4285714285714306,0.1611721611721606,1
2.361000174714718,0.21627785630417337,0.2634088654917228,-0.1648351648351678,0.1611721611721606,1
2.362000174704008,0.21573218048792703,0.26035706111238355,-0.318681318681314,0.17094017094017033,1
2.3630001746932976,0.21518792714678417,0.25692378118562686,-0.4065934065934016,0.20024420024419953,1
2.3640001746825874,0.21464514462447223,0.25654230563820946,-0.3626373626373578,0.20024420024419953,1
2.365000174671877,0.21410388113407225,0.2538719768062876,-0.340659340659343,0.2490842490842482,1
2.366000174661167,0.213564184753736,0.25158312352178314,-0.340659340659343,0.23931623931623847,1
2.3670001746504568,0.21302610342241543,0.25158312352178314,-0.340659340659343,0.23931623931623847,1
2.3680001746397465,0.2124896849356049,0.25158312352178314,-0.340659340659343,0.23931623931623847,1
2.3690001746290363,0.21195497694109489,0.25158312352178314,-0.340659340659343,0.23931623931623847,1
2.370000174618326,0.21142202693474016,0.25158312352178314,-0.340659340659343,0.23931623931623847,1
2.371000174607616,0.21089088225624084,0.25158312352178314,-0.340659340659343,0.23931623931623847,1
2.3720001745969057,0.21036159008493716,0.25158312352178314,-0.340659340659343,0.23931623931623847,1
2.3730001745861955,0.20983419743561965,0.25158312352178314,-0.340659340659343,0.23931623931623847,1
2.3740001745754853,0.2093087511543516,0.25158312352178314,-0.340659340659343,0.23931623931623847,1
2.375000174564775,0.20878529791430891,0.25158312352178314,-0.340659340659343,0.23931623931623847,1
2.376000174554065,0.20826388421163405,0.25158312352178314,-0.340659340659343,0.23931623931623847,1
2.3770001745433547,0.20774455636130576,0.25158312352178314,-0.340659340659343,0.23931623931623847,1
2.3780001745326445,0.2072273604930259,0.25158312352178314,-0.340659340659343,0.23931623931623847,1
2.3790001745219342,0.20671234254712081,0.25158312352178314,-0.340659340659343,0.23931623931623847,1
2.380000174511224,0.20619954827046133,0.25158312352178314,-0.340659340659343,0.23931623931623847,1
2.381000174500514,0.20568902321239915,0.25158312352178314,-0.340659340659343,0.23931623931623847,1
2.3820001744898036,0.20518081272072072,0.25158312352178314,-0.340659340659343,0.23931623931623847,1
2.3830001744790934,0.20467496193761983,0.25158312352178314,-0.340659340659343,0.23931623931623847,1
2.384000174468383,0.20417151579568676,0.25158312352178314,-0.340659340659343,0.23931623931623847,1
2.385000174457673,0.20367051901391783,0.25158312352178314,-0.340659340659343,0.23931623931623847,1
2.3860001744469628,0.2031720160937431,0.25158312352178314,-0.340659340659343,0.23931623931623847,1
2.3870001744362526,0.20267605131507316,0.25158312352178314,-0.340659340659343,0.23931623931623847,1
2.3880001744255424,0.20218266873236684,0.25158312352178314,-0.340659340659343,0.23931623931623847,1
2.389000174414832,0.20169191217071675,0.25158312352178314,-0.340659340659343,0.23931623931623847,1
2.390000174404122,0.2012038252219574,0.25158312352178314,-0.340659340659343,0.23931623931623847,1
2.3910001743934117,0.20071845124079282,0.25158312352178314,-0.340659340659343,0.23931623931623847,1
2.3920001743827015,0.20023583334094536,0.25158312352178314,-0.340659340659343,0.23931623931623847,1
2.3930001743719913,0.1997560143913269,0.25158312352178314,-0.340659340659343,0.23931623931623847,1
2.394000174361281,0.19927903701222982,0.25158312352178314,-0.340659340659343,0.23931623931623847,1
2.395000174350571,0.19880494357154194,0.25158312352178314,-0.340659340659343,0.23931623931623847,1
2.3960001743398607,0.19833377618098302,0.25158312352178314,-0.340659340659343,0.23931623931623847,1
2.3970001743291505,0.19786557669236396,0.25158312352178314,-0.340659340659343,0.23931623931623847,1
2.3980001743184403,0.19740038669386994,0.25158312352178314,-0.340659340659343,0.23931623931623847,1
2.39900017430773,0.1969382475063654,0.25158312352178314,-0.340659340659343,0.23931623931623847,1
2.40000017429702,0.1964792001797242,0.25158312352178314,-0.340659340659343,0.23931623931623847,1
2.4010001742863096,0.19602328548918327,0.25158312352178314,-0.340659340659343,0.23931623931623847,1
2.4020001742755994,0.19557054393172052,0.25158312352178314,-0.340659340659343,0.23931623931623847,1
2.403000174264889,0.1951210157224584,0.25158312352178314,-0.340659340659343,0.23931623931623847,1
2.404000174254179,0.19467474079109062,0.25158312352178314,-0.340659340659343,0.23931623931623847,1
2.405000174243469,0.19423175877833615,0.25158312352178314,-0.340659340659343,0.23931623931623847,1
2.4060001742327586,0.19379210903241786,0.25158312352178314,-0.340659340659343,0.23931623931623847,1
2.4070001742220484,0.19335583060556732,0.25158312352178314,-0.340659340659343,0.23931623931623847,1
2.408000174211338,0.19292296225055652,0.25158312352178314,-0.340659340659343,0.23931623931623847,1
2.409000174200628,0.19249354241725458,0.25158312352178314,-0.340659340659343,0.23931623931623847,1
2.4100001741899177,0.1920676092492133,0.25158312352178314,-0.340659340659343,0.23931623931623847,1
2.4110001741792075,0.19164520058027862,0.25158312352178314,-0.340659340659343,0.23931623931623847,1
2.4120001741684973,0.19122635393122991,0.25158312352178314,-0.340659340659343,0.23931623931623847,1
2.413000174157787,0.19081110650644795,0.25158312352178314,-0.340659340659343,0.23931623931623847,1
2.414000174147077,0.190399495190609,0.25158312352178314,-0.340659340659343,0.23931623931623847,1
2.4150001741363667,0.1899915565454094,0.25158312352178314,-0.340659340659343,0.23931623931623847,1
2.4160001741256565,0.1895873268063175,0.25158312352178314,-0.340659340659343,0.23931623931623847,1
2.4170001741149463,0.18918684187935517,0.25158312352178314,-0.340659340659343,0.23931623931623847,1
2.418000174104236,0.18879013733790878,0.25158312352178314,-0.340659340659343,0.23931623931623847,1
2.419000174093526,0.18839724841956856,0.25158312352178314,-0.340659340659343,0.23931623931623847,1
2.4200001740828156,0.18800821002299922,0.25158312352178314,-0.340659340659343,0.23931623931623847,1
2.4210001740721054,0.18762305670483992,0.25158312352178314,-0.340659340659343,0.23931623931623847,1
2.4220001740613952,0.18724182267663442,0.25158312352178314,-0.340659340659343,0.23931623931623847,1
2.423000174050685,0.18686454180179304,0.25158312352178314,-0.340659340659343,0.23931623931623847,1
2.424000174039975,0.1864912475925837,0.25158312352178314,-0.340659340659343,0.23931623931623847,1
2.4250001740292646,0.18612197320715576,0.25158312352178314,-0.340659340659343,0.23931623931623847,1
2.4260001740185544,0.18575675144659462,0.25158312352178314,-0.340659340659343,0.23931623931623847,1
2.427000174007844,0.18539561475200797,0.25158312352178314,-0.340659340659343,0.23931623931623847,1
2.428000173997134,0.18503859520164473,0.25158312352178314,-0.340659340659343,0.23931623931623847,1
2.4290001739864238,0.18468572450804488,0.25158312352178314,-0.340659340659343,0.23931623931623847,1
2.4300001739757136,0.1843370340152231,0.25158312352178314,-0.340659340659343,0.23931623931623847,1
2.4310001739650033,0.18399255469588444,0.25158312352178314,-0.340659340659343,0.23931623931623847,1
2.432000173954293,0.18365231714867308,0.25158312352178314,-0.340659340659343,0.23931623931623847,1
2.433000173943583,0.18331635159545487,0.25158312352178314,-0.340659340659343,0.23931623931623847,1
2.4340001739328727,0.18298468787863206,0.25158312352178314,-0.340659340659343,0.23931623931623847,1
2.4350001739221625,0.18265735545849307,0.25158312352178314,-0.340659340659343,0.23931623931623847,1
2.4360001739114523,0.18233438341059546,0.25158312352178314,-0.340659340659343,0.23931623931623847,1
2.437000173900742,0.1820158004231833,0.25158312352178314,-0.340659340659343,0.23931623931623847,1
2.438000173890032,0.18170163479463922,0.25158312352178314,-0.340659340659343,0.23931623931623847,1
2.4390001738793217,0.18139191443097016,0.25158312352178314,-0.340659340659343,0.23931623931623847,1
2.4400001738686115,0.18108666684332908,0.25158312352178314,-0.340659340659343,0.23931623931623847,1
2.4410001738579012,0.18078591914557113,0.25158312352178314,-0.340659340659343,0.23931623931623847,1
2.442000173847191,0.18048969805184503,0.25158312352178314,-0.340659340659343,0.23931623931623847,1
2.443000173836481,0.1801980298742208,0.25158312352178314,-0.340659340659343,0.23931623931623847,1
2.4440001738257706,0.17991094052035178,0.25158312352178314,-0.340659340659343,0.23931623931623847,1
2.4450001738150604,0.1796284554911738,0.25158312352178314,-0.340659340659343,0.23931623931623847,1
2.44600017380435,0.17935059987863994,0.25158312352178314,-0.340659340659343,0.23931623931623847,1
2.44700017379364,0.17907739836349174,0.25158312352178314,-0.340659340659343,0.23931623931623847,1
2.44800017378293,0.17880887521306704,0.25158312352178314,-0.340659340659343,0.23931623931623847,1
2.4490001737722196,0.1785450542791442,0.25158312352178314,-0.340659340659343,0.23931623931623847,1
2.4500001737615094,0.17828595899582336,0.25158312352178314,-0.340659340659343,0.23931623931623847,1
2.451000173750799,0.1780316123774453,0.25158312352178314,-0.340659340659343,0.23931623931623847,1
2.452000173740089,0.17778203701654677,0.25158312352178314,-0.340659340659343,0.23931623931623847,1
2.4530001737293787,0.17753725508185403,0.25158312352178314,-0.340659340659343,0.23931623931623847,1
2.4540001737186685,0.17729728831631333,0.25158312352178314,-0.340659340659343,0.23931623931623847,1
2.4550001737079583,0.17706215803515987,0.25158312352178314,-0.340659340659343,0.23931623931623847,1
2.456000173697248,0.1768318851240243,0.25158312352178314,-0.340659340659343,0.23931623931623847,1
2.457000173686538,0.17660649003707757,0.25158312352178314,-0.340659340659343,0.23931623931623847,1
2.4580001736758277,0.17638599279521425,0.25158312352178314,-0.340659340659343,0.23931623931623847,1
2.4590001736651175,0.1761704129842738,0.25158312352178314,-0.340659340659343,0.23931623931623847,1
2.4600001736544073,0.17595976975330113,0.25158312352178314,-0.340659340659343,0.23931623931623847,1
2.461000173643697,0.1757540818128456,0.25158312352178314,-0.340659340659343,0.23931623931623847,1
2.462000173632987,0.17555336743329888,0.25158312352178314,-0.340659340659343,0.23931623931623847,1
2.4630001736222766,0.1753576444432725,0.25158312352178314,-0.340659340659343,0.23931623931623847,1
2.4640001736115664,0.1751669302280137,0.25158312352178314,-0.340659340659343,0.23931623931623847,1
2.465000173600856,0.1749812417278614,0.25158312352178314,-0.340659340659343,0.23931623931623847,1
2.466000173590146,0.1748005954367415,0.25158312352178314,-0.340659340659343,0.23931623931623847,1
2.467000173579436,0.17462500740070175,0.25158312352178314,-0.340659340659343,0.23931623931623847,1
2.4680001735687256,0.17445449321648648,0.2500572213321135,-0.3846153846153868,0.22954822954822873,1
2.4690001735580154,0.17428906803015118,0.24738689250019164,-0.3846153846153868,0.17094017094017033,1
2.470000173547305,0.174128746535717,0.24509803921568718,-0.5164835164835182,0.1318681318681314,1
2.471000173536595,0.1739735429738658,0.2420462348363479,-0.4285714285714306,0.09279609279609247,1
2.4720001735258847,0.17382347113067498,0.237468528267339,-0.4725274725274744,0.073260073260073,1
2.4730001735151745,0.17367854433639324,0.2332722972457475,-0.4285714285714306,0.11233211233211193,1
2.4740001735044643,0.17353877546425608,0.2332722972457475,-0.4285714285714306,0.11233211233211193,1
2.475000173493754,0.17340417692934262,0.2298390173189908,-0.4065934065934016,0.15140415140415087,1
2.476000173483044,0.17327476068747272,0.22678721293965154,-0.4065934065934016,0.11233211233211193,1
2.4770001734723337,0.173150538234145,0.21992065308613817,-0.560439560439562,-0.024420024420024333,1
2.4780001734616235,0.1730315206035159,0.21610589761196408,-0.538461538461533,-0.05372405372405353,1
2.4790001734509133,0.17291771836741923,0.20923933775845072,-0.4065934065934016,-0.05372405372405353,1
2.480000173440203,0.17280914163442745,0.2080949111161985,-0.4945054945054892,-0.073260073260073,1
2.481000173429493,0.17270580004895353,0.20695048447394626,-0.4945054945054892,-0.09279609279609247,1
2.4820001734187827,0.17260770279039447,0.20618753337911144,-0.4065934065934016,-0.08302808302808273,1
2.4830001734080724,0.1725148585723158,0.20351720454718958,-0.4725274725274744,-0.073260073260073,1
2.4840001733973622,0.17242727564167762,0.20160982681010253,-0.340659340659343,-0.06349206349206327,1
2.485000173386652,0.17234496177810205,0.19817654688334585,-0.340659340659343,-0.08302808302808273,1
2.486000173375942,0.17226792429318222,0.19741359578851103,-0.2967032967032992,-0.0439560439560438,1
2.4870001733652316,0.1721961700298329,0.19741359578851103,-0.2967032967032992,-0.0439560439560438,1
2.4880001733545214,0.17212970536168248,0.19741359578851103,-0.2967032967032992,-0.0439560439560438,1
2.489000173343811,0.172068536192507,0.19741359578851103,-0.2967032967032992,-0.0439560439560438,1
2.490000173333101,0.17201266795570558,0.19741359578851103,-0.2967032967032992,-0.0439560439560438,1
2.4910001733223908,0.17196210561381797,0.19741359578851103,-0.2967032967032992,-0.0439560439560438,1
2.4920001733116806,0.17191685365808362,0.19741359578851103,-0.2967032967032992,-0.0439560439560438,1
2.4930001733009703,0.17187691610804284,0.19741359578851103,-0.2967032967032992,-0.0439560439560438,1
2.49400017329026,0.17184229651117966,0.19741359578851103,-0.2967032967032992,-0.0439560439560438,1
2.49500017327955,0.17181299794260677,0.19741359578851103,-0.2967032967032992,-0.0439560439560438,1
2.4960001732688397,0.17178902300479235,0.19741359578851103,-0.2967032967032992,-0.0439560439560438,1
2.4970001732581295,0.17177037382732901,0.19741359578851103,-0.2967032967032992,-0.0439560439560438,1
2.4980001732474193,0.17175705206674446,0.19741359578851103,-0.2967032967032992,-0.0439560439560438,1
2.499000173236709,0.1717490589063545,0.19741359578851103,-0.2967032967032992,-0.0439560439560438,1
2.500000173225999,0.17174639505615782,0.19741359578851103,-0.2967032967032992,-0.0439560439560438,1
2.5010001732152887,0.171749060752773,0.19741359578851103,-0.2967032967032992,-0.0439560439560438,1
2.5020001732045785,0.17175705575941744,0.19741359578851103,-0.2967032967032992,-0.0439560439560438,1
2.5030001731938682,0.17177037936592846,0.19741359578851103,-0.2967032967032992,-0.0439560439560438,1
2.504000173183158,0.1717890303888263,0.19741359578851103,-0.2967032967032992,-0.0439560439560438,1
2.505000173172448,0.1718130071714193,0.19741359578851103,-0.2967032967032992,-0.0439560439560438,1
2.5060001731617376,0.17184230758395108,0.19741359578851103,-0.2967032967032992,-0.0439560439560438,1
2.5070001731510274,0.1718769290237896,0.19741359578851103,-0.2967032967032992,-0.0439560439560438,1
2.508000173140317,0.17191686841565842,0.19741359578851103,-0.2967032967032992,-0.0439560439560438,1
2.509000173129607,0.17196212221190998,0.19741359578851103,-0.2967032967032992,-0.0439560439560438,1
2.510000173118897,0.17201268639284045,0.19741359578851103,-0.2967032967032992,-0.0439560439560438,1
2.5110001731081866,0.17206855646704705,0.19741359578851103,-0.2967032967032992,-0.0439560439560438,1
2.5120001730974764,0.1721297274718268,0.19741359578851103,-0.2967032967032992,-0.0439560439560438,1
2.513000173086766,0.17219619397361755,0.19741359578851103,-0.2967032967032992,-0.0439560439560438,1
2.514000173076056,0.17226795006848036,0.19741359578851103,-0.2967032967032992,-0.0439560439560438,1
2.5150001730653457,0.17234498938262413,0.19741359578851103,-0.2967032967032992,-0.0439560439560438,1
2.5160001730546355,0.17242730507297174,0.19741359578851103,-0.2967032967032992,-0.0439560439560438,1
2.5170001730439253,0.17251488982776766,0.19741359578851103,-0.2967032967032992,-0.0439560439560438,1
2.518000173033215,0.17260773586722777,0.19741359578851103,-0.2967032967032992,-0.0439560439560438,1
2.519000173022505,0.1727058349442302,0.19741359578851103,-0.2967032967032992,-0.0439560439560438,1
2.5200001730117947,0.17280917834504786,0.19741359578851103,-0.2967032967032992,-0.0439560439560438,1
2.5210001730010845,0.1729177568901226,0.19741359578851103,-0.2967032967032992,-0.0439560439560438,1
2.5220001729903743,0.17303156093488037,0.19741359578851103,-0.2967032967032992,-0.0439560439560438,1
2.523000172979664,0.17315058037058811,0.19741359578851103,-0.2967032967032992,-0.0439560439560438,1
2.524000172968954,0.17327480462525163,0.19741359578851103,-0.2967032967032992,-0.0439560439560438,1
2.5250001729582436,0.17340422266455455,0.19741359578851103,-0.2967032967032992,-0.0439560439560438,1
2.5260001729475334,0.17353882299283865,0.19741359578851103,-0.2967032967032992,-0.0439560439560438,1
2.527000172936823,0.1736785936541246,0.19741359578851103,-0.2967032967032992,-0.0439560439560438,1
2.528000172926113,0.1738235222331745,0.19741359578851103,-0.2967032967032992,-0.0439560439560438,1
2.529000172915403,0.17397359585659414,0.19741359578851103,-0.2967032967032992,-0.0439560439560438,1
2.5300001729046926,0.1741288011939769,0.19741359578851103,-0.2967032967032992,-0.0439560439560438,1
2.5310001728939824,0.17428912445908762,0.19741359578851103,-0.2967032967032992,-0.0439560439560438,1
2.532000172883272,0.17445455141108707,0.19741359578851103,-0.2967032967032992,-0.0439560439560438,1
2.533000172872562,0.17462506735579728,0.19741359578851103,-0.2967032967032992,-0.0439560439560438,1
2.5340001728618518,0.1748006571470064,0.19741359578851103,-0.2967032967032992,-0.0439560439560438,1
2.5350001728511415,0.1749813051878142,0.19741359578851103,-0.2967032967032992,-0.0439560439560438,1
2.5360001728404313,0.17516699543201764,0.19741359578851103,-0.2967032967032992,-0.0439560439560438,1
2.537000172829721,0.17535771138553574,0.19741359578851103,-0.2967032967032992,-0.0439560439560438,1
2.538000172819011,0.17555343610787516,0.19741359578851103,-0.2967032967032992,-0.0439560439560438,1
2.5390001728083007,0.1757541522136348,0.19741359578851103,-0.2967032967032992,-0.0439560439560438,1
2.5400001727975905,0.17595984187404995,0.19741359578851103,-0.2967032967032992,-0.0439560439560438,1
2.5410001727868803,0.1761704868185761,0.19741359578851103,-0.2967032967032992,-0.0439560439560438,1
2.54200017277617,0.17638606833651155,0.19741359578851103,-0.2967032967032992,-0.0439560439560438,1
2.54300017276546,0.1766065672786599,0.19741359578851103,-0.2967032967032992,-0.0439560439560438,1
2.5440001727547497,0.1768319640590305,0.19741359578851103,-0.2967032967032992,-0.0439560439560438,1
2.5450001727440394,0.17706223865657855,0.19741359578851103,-0.2967032967032992,-0.0439560439560438,1
2.5460001727333292,0.17729737061698334,0.19741359578851103,-0.2967032967032992,-0.0439560439560438,1
2.547000172722619,0.17753733905446484,0.19741359578851103,-0.2967032967032992,-0.0439560439560438,1
2.548000172711909,0.17778212265363946,0.19741359578851103,-0.2967032967032992,-0.0439560439560438,1
2.5490001727011986,0.17803169967141302,0.19741359578851103,-0.2967032967032992,-0.0439560439560438,1
2.5500001726904884,0.17828604793891223,0.19741359578851103,-0.2967032967032992,-0.0439560439560438,1
2.551000172679778,0.17854514486345383,0.19741359578851103,-0.2967032967032992,-0.0439560439560438,1
2.552000172669068,0.1788089674305512,0.19741359578851103,-0.2967032967032992,-0.0439560439560438,1
2.5530001726583578,0.1790774922059591,0.19741359578851103,-0.2967032967032992,-0.0439560439560438,1
2.5540001726476476,0.17935069533775475,0.19741359578851103,-0.2967032967032992,-0.0439560439560438,1
2.5550001726369374,0.17962855255845692,0.19741359578851103,-0.2967032967032992,-0.0439560439560438,1
2.556000172626227,0.17991103918718127,0.19741359578851103,-0.2967032967032992,-0.0439560439560438,1
2.557000172615517,0.1801981301318324,0.19741359578851103,-0.2967032967032992,-0.0439560439560438,1
2.5580001726048067,0.18048979989133326,0.19741359578851103,-0.2967032967032992,-0.0439560439560438,1
2.5590001725940965,0.1807860225578899,0.19741359578851103,-0.2967032967032992,-0.0439560439560438,1
2.5600001725833863,0.18108677181929286,0.19741359578851103,-0.2967032967032992,-0.0439560439560438,1
2.561000172572676,0.18139202096125448,0.19741359578851103,-0.2967032967032992,-0.0439560439560438,1
2.562000172561966,0.1817017428697813,0.19741359578851103,-0.2967032967032992,-0.0439560439560438,1
2.5630001725512557,0.1820159100335833,0.19741359578851103,-0.2967032967032992,-0.0439560439560438,1
2.5640001725405455,0.18233449454651704,0.19741359578851103,-0.2967032967032992,-0.0439560439560438,1
2.5650001725298353,0.18265746811006459,0.19741359578851103,-0.2967032967032992,-0.0439560439560438,1
2.566000172519125,0.1829848020358473,0.19741359578851103,-0.2967032967032992,-0.0439560439560438,1
2.567000172508415,0.1833164672481736,0.19741359578851103,-0.2967032967032992,-0.0439560439560438,1
2.5680001724977046,0.18365243428662237,0.19741359578851103,-0.2967032967032992,-0.0439560439560438,1
2.5690001724869944,0.18399267330865926,0.19741359578851103,-0.2967032967032992,-0.0439560439560438,1
2.570000172476284,0.18433715409228774,0.19741359578851103,-0.2967032967032992,-0.0439560439560438,1
2.571000172465574,0.1846858460387335,0.19741359578851103,-0.2967032967032992,-0.0439560439560438,1
2.572000172454864,0.18503871817516215,0.19741359578851103,-0.2967032967032992,-0.0439560439560438,1
2.5730001724441536,0.185395739157431,0.19741359578851103,-0.2967032967032992,-0.0439560439560438,1
2.5740001724334434,0.18575687727287268,0.19741359578851103,-0.2967032967032992,-0.0439560439560438,1
2.575000172422733,0.18612210044311236,0.19741359578851103,-0.2967032967032992,-0.0439560439560438,1
2.576000172412023,0.1864913762269172,0.19741359578851103,-0.2967032967032992,-0.0439560439560438,1
2.5770001724013127,0.1868646718230772,0.19741359578851103,-0.2967032967032992,-0.0439560439560438,1
2.5780001723906025,0.18724195407332003,0.19741359578851103,-0.2967032967032992,-0.0439560439560438,1
2.5790001723798923,0.1876231894652554,0.19741359578851103,-0.2967032967032992,-0.0439560439560438,1
2.580000172369182,0.18800834413535222,0.19741359578851103,-0.2967032967032992,-0.0439560439560438,1
2.581000172358472,0.18839738387194652,0.19741359578851103,-0.2967032967032992,-0.0439560439560438,1
2.5820001723477617,0.18879027411827992,0.19741359578851103,-0.2967032967032992,-0.0439560439560438,1
2.5830001723370515,0.18918697997556988,0.19741359578851103,-0.2967032967032992,-0.0439560439560438,1
2.5840001723263413,0.1895874662061091,0.19741359578851103,-0.2967032967032992,-0.0439560439560438,1
2.585000172315631,0.18999169723639578,0.19741359578851103,-0.2967032967032992,-0.0439560439560438,1
2.586000172304921,0.19039963716029332,0.19741359578851103,-0.2967032967032992,-0.0439560439560438,1
2.5870001722942106,0.19081124974221947,0.19741359578851103,-0.2967032967032992,-0.0439560439560438,1
2.5880001722835004,0.1912264984203656,0.19741359578851103,-0.2967032967032992,-0.0439560439560438,1
2.5890001722727902,0.19164534630994395,0.19741359578851103,-0.2967032967032992,-0.0439560439560438,1
2.59000017226208,0.1920677562064639,0.1966506446936762,-0.340659340659343,-0.03418803418803407,1
2.59100017225137,0.19249369058903704,0.19207293812466553,-0.340659340659343,-0.08302808302808273,1
2.5920001722406596,0.19292311162370915,0.18940260929274366,-0.1868131868131826,-0.08302808302808273,1
2.5930001722299494,0.193355981166822,0.18482490272373475,-0.2087912087912116,-0.09279609279609247,1
2.594000172219239,0.19379226076840067,0.1821545738918129,-0.0549450549450512,-0.1318681318681314,1
2.595000172208529,0.19423191167556914,0.18177309834439548,-0.010989010989007397,-0.09279609279609247,1
2.5960001721978188,0.1946748948359928,0.18177309834439548,0.0549450549450512,-0.073260073260073,1
2.5970001721871085,0.19512117090134642,0.1825360494392303,0.0329670329670364,-0.11233211233211193,1
2.5980001721763983,0.19557070023081052,0.1825360494392303,0.0549450549450512,-0.14163614163614113,1
2.599000172165688,0.19602344289459167,0.1829175249866477,0.0769230769230802,-0.1904761904761898,1
2.600000172154978,0.19647935867746952,0.1829175249866477,0.0769230769230802,-0.1904761904761898,1
2.6010001721442677,0.19693840708236912,0.1829175249866477,0.0769230769230802,-0.1904761904761898,1
2.6020001721335575,0.19740054733395745,0.1829175249866477,0.0769230769230802,-0.1904761904761898,1
2.6030001721228473,0.19786573838226623,0.1829175249866477,0.0769230769230802,-0.1904761904761898,1
2.604000172112137,0.19833393890633766,0.1829175249866477,0.0769230769230802,-0.1904761904761898,1
2.605000172101427,0.1988051073178951,0.1829175249866477,0.0769230769230802,-0.1904761904761898,1
2.6060001720907167,0.19927920176503644,0.1829175249866477,0.0769230769230802,-0.1904761904761898,1
2.6070001720800065,0.1997561801359527,0.1829175249866477,0.0769230769230802,-0.1904761904761898,1
2.6080001720692962,0.2002360000626679,0.1829175249866477,0.0769230769230802,-0.1904761904761898,1
2.609000172058586,0.20071861892480275,0.1829175249866477,0.0769230769230802,-0.1904761904761898,1
2.610000172047876,0.2012039938533604,0.1829175249866477,0.0769230769230802,-0.1904761904761898,1
2.6110001720371656,0.20169208173453387,0.1829175249866477,0.0769230769230802,-0.1904761904761898,1
2.6120001720264554,0.20218283921353639,0.1829175249866477,0.0769230769230802,-0.1904761904761898,1
2.613000172015745,0.20267622269845206,0.1829175249866477,0.0769230769230802,-0.1904761904761898,1
2.614000172005035,0.2031721883641079,0.1829175249866477,0.0769230769230802,-0.1904761904761898,1
2.6150001719943248,0.2036706921559668,0.1829175249866477,0.0769230769230802,-0.1904761904761898,1
2.6160001719836146,0.20417168979404027,0.1829175249866477,0.0769230769230802,-0.1904761904761898,1
2.6170001719729044,0.20467513677682236,0.1829175249866477,0.0769230769230802,-0.1904761904761898,1
2.618000171962194,0.20518098838524204,0.1829175249866477,0.0769230769230802,-0.1904761904761898,1
2.619000171951484,0.20568919968663552,0.1829175249866477,0.0769230769230802,-0.1904761904761898,1
2.6200001719407737,0.20619972553873764,0.1829175249866477,0.0769230769230802,-0.1904761904761898,1
2.6210001719300635,0.2067125205936909,0.1829175249866477,0.0769230769230802,-0.1904761904761898,1
2.6220001719193533,0.20722753930207466,0.1829175249866477,0.0769230769230802,-0.1904761904761898,1
2.623000171908643,0.2077447359169503,0.1829175249866477,0.0769230769230802,-0.1904761904761898,1
2.624000171897933,0.20826406449792506,0.1829175249866477,0.0769230769230802,-0.1904761904761898,1
2.6250001718872227,0.20878547891523266,0.1829175249866477,0.0769230769230802,-0.1904761904761898,1
2.6260001718765125,0.20930893285383034,0.1829175249866477,0.0769230769230802,-0.1904761904761898,1
2.6270001718658023,0.20983437981751382,0.1829175249866477,0.0769230769230802,-0.1904761904761898,1
2.628000171855092,0.21036177313304655,0.1829175249866477,0.0769230769230802,-0.1904761904761898,1
2.629000171844382,0.21089106595430582,0.1829175249866477,0.0769230769230802,-0.1904761904761898,1
2.6300001718336716,0.21142221126644403,0.1829175249866477,0.0769230769230802,-0.1904761904761898,1
2.6310001718229614,0.21195516189006405,0.1829175249866477,0.0769230769230802,-0.1904761904761898,1
2.632000171812251,0.2124898704854111,0.1829175249866477,0.0769230769230802,-0.1904761904761898,1
2.633000171801541,0.21302628955657704,0.1829175249866477,0.0769230769230802,-0.1904761904761898,1
2.634000171790831,0.21356437145571938,0.1829175249866477,0.0769230769230802,-0.1904761904761898,1
2.6350001717801206,0.2141040683872938,0.1829175249866477,0.0769230769230802,-0.1904761904761898,1
2.6360001717694104,0.21464533241229883,0.1829175249866477,0.0769230769230802,-0.1904761904761898,1
2.6370001717587,0.21518811545253544,0.1829175249866477,0.0769230769230802,-0.1904761904761898,1
2.63800017174799,0.21573236929487655,0.1829175249866477,0.0769230769230802,-0.1904761904761898,1
2.6390001717372797,0.21627804559555,0.1829175249866477,0.0769230769230802,-0.1904761904761898,1
2.6400001717265695,0.21682509588443288,0.1829175249866477,0.0769230769230802,-0.1904761904761898,1
2.6410001717158593,0.21737347156935602,0.1829175249866477,0.0769230769230802,-0.1904761904761898,1
2.642000171705149,0.2179231239404216,0.1829175249866477,0.0769230769230802,-0.1904761904761898,1
2.643000171694439,0.2184740041743289,0.1829175249866477,0.0769230769230802,-0.1904761904761898,1
2.6440001716837287,0.21902606333871139,0.1829175249866477,0.0769230769230802,-0.1904761904761898,1
2.6450001716730185,0.2195792523964832,0.1829175249866477,0.0769230769230802,-0.1904761904761898,1
2.6460001716623083,0.2201335222101944,0.1829175249866477,0.0769230769230802,-0.1904761904761898,1
2.647000171651598,0.2206888235463964,0.1829175249866477,0.0769230769230802,-0.1904761904761898,1
2.648000171640888,0.22124510708001488,0.1829175249866477,0.0769230769230802,-0.1904761904761898,1
2.6490001716301776,0.22180232339873088,0.1829175249866477,0.0769230769230802,-0.1904761904761898,1
2.6500001716194674,0.2223604230073704,0.1829175249866477,0.0769230769230802,-0.1904761904761898,1
2.6510001716087572,0.2229193563322999,0.1829175249866477,0.0769230769230802,-0.1904761904761898,1
2.652000171598047,0.22347907372583084,0.1829175249866477,0.0769230769230802,-0.1904761904761898,1
2.653000171587337,0.22403952547062908,0.1829175249866477,0.0769230769230802,-0.1904761904761898,1
2.6540001715766266,0.22460066178413113,0.1829175249866477,0.0769230769230802,-0.1904761904761898,1
2.6550001715659164,0.22516243282296636,0.1829175249866477,0.0769230769230802,-0.1904761904761898,1
2.656000171555206,0.22572478868738352,0.1829175249866477,0.0769230769230802,-0.1904761904761898,1
2.657000171544496,0.22628767942568445,0.1829175249866477,0.0769230769230802,-0.1904761904761898,1
2.6580001715337858,0.2268510550386601,0.1829175249866477,0.0769230769230802,-0.1904761904761898,1
2.6590001715230756,0.22741486548403214,0.1829175249866477,0.0769230769230802,-0.1904761904761898,1
2.6600001715123653,0.22797906068089807,0.1829175249866477,0.0769230769230802,-0.1904761904761898,1
2.661000171501655,0.22854359051417894,0.1829175249866477,0.0769230769230802,-0.1904761904761898,1
2.662000171490945,0.22910840483907208,0.1829175249866477,0.0769230769230802,-0.1904761904761898,1
2.6630001714802347,0.22967345348550436,0.1829175249866477,0.0769230769230802,-0.1904761904761898,1
2.6640001714695245,0.23023868626258898,0.1829175249866477,0.0769230769230802,-0.1904761904761898,1
2.6650001714588143,0.2308040529630837,0.1829175249866477,0.0769230769230802,-0.1904761904761898,1
2.666000171448104,0.2313695033678498,0.1829175249866477,0.0769230769230802,-0.1904761904761898,1
2.667000171437394,0.2319349872503142,0.1829175249866477,0.0769230769230802,-0.1904761904761898,1
2.6680001714266837,0.2325004543809298,0.1829175249866477,0.0769230769230802,-0.1904761904761898,1
2.6690001714159735,0.23306585453163756,0.1829175249866477,0.0769230769230802,-0.1904761904761898,1
2.6700001714052632,0.23363113748032815,0.1829175249866477,0.0769230769230802,-0.1904761904761898,1
2.671000171394553,0.23419625301530222,0.1829175249866477,0.0769230769230802,-0.1904761904761898,1
2.672000171383843,0.2347611509397317,0.1829175249866477,0.0769230769230802,-0.1904761904761898,1
2.6730001713731326,0.23532578107611773,0.1829175249866477,0.0769230769230802,-0.1904761904761898,1
2.6740001713624224,0.2358900932707479,0.1829175249866477,0.0769230769230802,-0.1904761904761898,1
2.675000171351712,0.23645403739815143,0.1829175249866477,0.0769230769230802,-0.1904761904761898,1
2.676000171341002,0.23701756336555083,0.1829175249866477,0.0769230769230802,-0.1904761904761898,1
2.6770001713302918,0.2375806211173126,0.1829175249866477,0.0769230769230802,-0.1904761904761898,1
2.6780001713195816,0.23814316063939261,0.1829175249866477,0.0769230769230802,-0.1904761904761898,1
2.6790001713088714,0.23870513196377896,0.1829175249866477,0.0769230769230802,-0.1904761904761898,1
2.680000171298161,0.2392664851729305,0.1829175249866477,0.0769230769230802,-0.1904761904761898,1
2.681000171287451,0.23982717040421003,0.1829175249866477,0.0769230769230802,-0.1904761904761898,1
2.6820001712767407,0.24038713785431468,0.1829175249866477,0.0769230769230802,-0.1904761904761898,1
2.6830001712660305,0.24094633778369878,0.1829175249866477,0.0769230769230802,-0.1904761904761898,1
2.6840001712553203,0.2415047205209923,0.1829175249866477,0.0769230769230802,-0.1904761904761898,1
2.68500017124461,0.24206223646741323,0.1829175249866477,0.0769230769230802,-0.1904761904761898,1
2.6860001712339,0.24261883610117216,0.1829175249866477,0.0769230769230802,-0.1904761904761898,1
2.6870001712231897,0.24317446998187264,0.1829175249866477,0.0769230769230802,-0.1904761904761898,1
2.6880001712124795,0.24372908875490165,0.1829175249866477,0.0769230769230802,-0.1904761904761898,1
2.6890001712017693,0.244282643155814,0.1829175249866477,0.0769230769230802,-0.1904761904761898,1
2.690000171191059,0.24483508401470833,0.1829175249866477,0.0769230769230802,-0.1904761904761898,1
2.691000171180349,0.24538636226059396,0.1829175249866477,0.0769230769230802,-0.1904761904761898,1
2.6920001711696386,0.24593642892575077,0.1829175249866477,0.0769230769230802,-0.1904761904761898,1
2.6930001711589284,0.24648523515007806,0.1829175249866477,0.0769230769230802,-0.1904761904761898,1
2.694000171148218,0.2470327321854348,0.1829175249866477,0.0769230769230802,-0.1904761904761898,1
2.695000171137508,0.24757887139996987,0.1829175249866477,0.0769230769230802,-0.1904761904761898,1
2.696000171126798,0.24812360428244104,0.1829175249866477,0.0769230769230802,-0.1904761904761898,1
2.6970001711160876,0.2486668824465252,0.1829175249866477,0.0769230769230802,-0.1904761904761898,1
2.6980001711053774,0.24920865763511557,0.1829175249866477,0.0769230769230802,-0.1904761904761898,1
2.699000171094667,0.24974888172460835,0.1829175249866477,0.0769230769230802,-0.1904761904761898,1
2.700000171083957,0.25028750672917754,0.1829175249866477,0.0769230769230802,-0.1904761904761898,1
2.7010001710732467,0.2508244848050364,0.18368047608148252,0.098901098901095,-0.25885225885225793,1
2.7020001710625365,0.2513597682546886,0.18444342717631734,0.120879120879124,-0.3076923076923066,1
2.7030001710518263,0.2518933095311641,0.18482490272373475,0.120879120879124,-0.33699633699633935,1
2.704000171041116,0.25242506124224284,0.18596932936598698,0.120879120879124,-0.385836385836388,1
2.705000171030406,0.25295497615466433,0.1871137560082392,0.098901098901095,-0.5518925518925535,1
2.7060001710196957,0.2534830071983227,0.1905470359349959,0.2087912087912116,-0.5518925518925535,1
2.7070001710089855,0.2540091074704486,0.1909285114824133,0.1868131868131826,-0.5811965811965827,1
2.7080001709982753,0.254533230239775,0.19283588921950034,0.2747252747252702,-0.6593406593406606,1
2.709000170987565,0.25505532895068794,0.19550621805142399,0.2527472527472554,-0.5909645909645924,1
2.710000170976855,0.25557535722736235,0.19703212024109362,0.318681318681314,-0.6398046398046411,1
2.7110001709661447,0.2560932688778804,0.20275425345235476,0.4065934065934016,-0.5616605616605632,1
2.7120001709554344,0.25660901789833584,0.20656900892652885,0.4285714285714306,-0.532356532356534,1
2.7130001709447242,0.25712255847691956,0.2088578622110333,0.4725274725274744,-0.4932844932844951,1
2.714000170934014,0.257633844997989,0.2088578622110333,0.4725274725274744,-0.4932844932844951,1
2.715000170923304,0.2581428320461202,0.2088578622110333,0.4725274725274744,-0.4932844932844951,1
2.7160001709125936,0.2586494744101412,0.2088578622110333,0.4725274725274744,-0.4932844932844951,1
2.7170001709018834,0.2591537270871488,0.2088578622110333,0.4725274725274744,-0.4932844932844951,1
2.718000170891173,0.2596555452865056,0.2088578622110333,0.4725274725274744,-0.4932844932844951,1
2.719000170880463,0.2601548844338185,0.2088578622110333,0.4725274725274744,-0.4932844932844951,1
2.7200001708697528,0.2606517001748984,0.2088578622110333,0.4725274725274744,-0.4932844932844951,1
2.7210001708590426,0.26114594837969907,0.2088578622110333,0.4725274725274744,-0.4932844932844951,1
2.7220001708483323,0.2616375851462383,0.2088578622110333,0.4725274725274744,-0.4932844932844951,1
2.723000170837622,0.26212656680449675,0.2088578622110333,0.4725274725274744,-0.4932844932844951,1
2.724000170826912,0.2626128499202971,0.2088578622110333,0.4725274725274744,-0.4932844932844951,1
2.7250001708162017,0.2630963912991624,0.2088578622110333,0.4725274725274744,-0.4932844932844951,1
2.7260001708054915,0.263577147990152,0.2088578622110333,0.4725274725274744,-0.4932844932844951,1
2.7270001707947813,0.264055077289678,0.2088578622110333,0.4725274725274744,-0.4932844932844951,1
2.728000170784071,0.26453013674529735,0.2088578622110333,0.4725274725274744,-0.4932844932844951,1
2.729000170773361,0.26500228415948346,0.2088578622110333,0.4725274725274744,-0.4932844932844951,1
2.7300001707626507,0.2654714775933739,0.2088578622110333,0.4725274725274744,-0.4932844932844951,1
2.7310001707519405,0.26593767537049556,0.2088578622110333,0.4725274725274744,-0.4932844932844951,1
2.7320001707412302,0.2664008360804674,0.2088578622110333,0.4725274725274744,-0.4932844932844951,1
2.73300017073052,0.26686091858267785,0.2088578622110333,0.4725274725274744,-0.4932844932844951,1
2.73400017071981,0.26731788200994,0.2088578622110333,0.4725274725274744,-0.4932844932844951,1
2.7350001707090996,0.26777168577212046,0.2088578622110333,0.4725274725274744,-0.4932844932844951,1
2.7360001706983894,0.26822228955974625,0.2088578622110333,0.4725274725274744,-0.4932844932844951,1
2.737000170687679,0.26866965334758436,0.2088578622110333,0.4725274725274744,-0.4932844932844951,1
2.738000170676969,0.2691137373981972,0.2088578622110333,0.4725274725274744,-0.4932844932844951,1
2.739000170666259,0.26955450226547284,0.2088578622110333,0.4725274725274744,-0.4932844932844951,1
2.7400001706555486,0.2699919087981276,0.2088578622110333,0.4725274725274744,-0.4932844932844951,1
2.7410001706448384,0.27042591814318523,0.2088578622110333,0.4725274725274744,-0.4932844932844951,1
2.742000170634128,0.2708564917494269,0.2088578622110333,0.4725274725274744,-0.4932844932844951,1
2.743000170623418,0.2712835913708162,0.2088578622110333,0.4725274725274744,-0.4932844932844951,1
2.7440001706127077,0.27170717906989617,0.2088578622110333,0.4725274725274744,-0.4932844932844951,1
2.7450001706019975,0.2721272172211586,0.2088578622110333,0.4725274725274744,-0.4932844932844951,1
2.7460001705912873,0.27254366851438727,0.2088578622110333,0.4725274725274744,-0.4932844932844951,1
2.747000170580577,0.27295649595797106,0.2088578622110333,0.4725274725274744,-0.4932844932844951,1
2.748000170569867,0.27336566288219016,0.2088578622110333,0.4725274725274744,-0.4932844932844951,1
2.7490001705591567,0.2737711329424735,0.2088578622110333,0.4725274725274744,-0.4932844932844951,1
2.7500001705484465,0.27417287012262637,0.2088578622110333,0.4725274725274744,-0.4932844932844951,1
2.7510001705377363,0.2745708387380304,0.2088578622110333,0.4725274725274744,-0.4932844932844951,1
2.752000170527026,0.2749650034388128,0.2088578622110333,0.4725274725274744,-0.4932844932844951,1
2.753000170516316,0.2753553292129866,0.2088578622110333,0.4725274725274744,-0.4932844932844951,1
2.7540001705056056,0.27574178138956046,0.2088578622110333,0.4725274725274744,-0.4932844932844951,1
2.7550001704948954,0.276124325641618,0.2088578622110333,0.4725274725274744,-0.4932844932844951,1
2.756000170484185,0.2765029279893677,0.2088578622110333,0.4725274725274744,-0.4932844932844951,1
2.757000170473475,0.2768775548031607,0.2088578622110333,0.4725274725274744,-0.4932844932844951,1
2.758000170462765,0.2772481728064779,0.2088578622110333,0.4725274725274744,-0.4932844932844951,1
2.7590001704520546,0.27761474907888617,0.2088578622110333,0.4725274725274744,-0.4932844932844951,1
2.7600001704413444,0.27797725105896187,0.2088578622110333,0.4725274725274744,-0.4932844932844951,1
2.761000170430634,0.2783356465471839,0.2088578622110333,0.4725274725274744,-0.4932844932844951,1
2.762000170419924,0.2786899037087934,0.2088578622110333,0.4725274725274744,-0.4932844932844951,1
2.7630001704092138,0.2790399910766216,0.2088578622110333,0.4725274725274744,-0.4932844932844951,1
2.7640001703985035,0.27938587755388505,0.2088578622110333,0.4725274725274744,-0.4932844932844951,1
2.7650001703877933,0.27972753241694726,0.2088578622110333,0.4725274725274744,-0.4932844932844951,1
2.766000170377083,0.28006492531804866,0.2088578622110333,0.4725274725274744,-0.4932844932844951,1
2.767000170366373,0.28039802628800153,0.2088578622110333,0.4725274725274744,-0.4932844932844951,1
2.7680001703556627,0.28072680573885234,0.2088578622110333,0.4725274725274744,-0.4932844932844951,1
2.7690001703449525,0.2810512344665099,0.2088578622110333,0.4725274725274744,-0.4932844932844951,1
2.7700001703342423,0.28137128365333924,0.2088578622110333,0.4725274725274744,-0.4932844932844951,1
2.771000170323532,0.2816869248707217,0.2088578622110333,0.4725274725274744,-0.4932844932844951,1
2.772000170312822,0.2819981300815799,0.2088578622110333,0.4725274725274744,-0.4932844932844951,1
2.7730001703021117,0.28230487164286816,0.2088578622110333,0.4725274725274744,-0.4932844932844951,1
2.7740001702914014,0.28260712230802815,0.2088578622110333,0.4725274725274744,-0.4932844932844951,1
2.7750001702806912,0.2829048552294084,0.2088578622110333,0.4725274725274744,-0.4932844932844951,1
2.776000170269981,0.28319804396065,0.2088578622110333,0.4725274725274744,-0.4932844932844951,1
2.777000170259271,0.28348666245903525,0.2088578622110333,0.4725274725274744,-0.4932844932844951,1
2.7780001702485606,0.2837706850878008,0.2088578622110333,0.4725274725274744,-0.4932844932844951,1
2.7790001702378504,0.28405008661841513,0.2088578622110333,0.4725274725274744,-0.4932844932844951,1
2.78000017022714,0.2843248422328191,0.2088578622110333,0.4725274725274744,-0.4932844932844951,1
2.78100017021643,0.28459492752563104,0.2088578622110333,0.4725274725274744,-0.4932844932844951,1
2.7820001702057198,0.28486031850631405,0.2088578622110333,0.4725274725274744,-0.4932844932844951,1
2.7830001701950096,0.28512099160130727,0.2088578622110333,0.4725274725274744,-0.4932844932844951,1
2.7840001701842993,0.28537692365611966,0.2088578622110333,0.4725274725274744,-0.4932844932844951,1
2.785000170173589,0.2856280919373867,0.2088578622110333,0.4725274725274744,-0.4932844932844951,1
2.786000170162879,0.2858744741348898,0.2088578622110333,0.4725274725274744,-0.4932844932844951,1
2.7870001701521687,0.2861160483635382,0.2088578622110333,0.4725274725274744,-0.4932844932844951,1
2.7880001701414585,0.2863527931653124,0.2088578622110333,0.4725274725274744,-0.4932844932844951,1
2.7890001701307483,0.28658468751117094,0.2088578622110333,0.4725274725274744,-0.4932844932844951,1
2.790000170120038,0.28681171080291734,0.2088578622110333,0.4725274725274744,-0.4932844932844951,1
2.791000170109328,0.28703384287503064,0.2088578622110333,0.4725274725274744,-0.4932844932844951,1
2.7920001700986177,0.28725106399645634,0.2088578622110333,0.4725274725274744,-0.4932844932844951,1
2.7930001700879075,0.28746335487235875,0.2088578622110333,0.4725274725274744,-0.4932844932844951,1
2.7940001700771973,0.28767069664583533,0.2088578622110333,0.4725274725274744,-0.4932844932844951,1
2.795000170066487,0.28787307089959113,0.2088578622110333,0.4725274725274744,-0.4932844932844951,1
2.796000170055777,0.2880704596575752,0.2088578622110333,0.4725274725274744,-0.4932844932844951,1
2.7970001700450666,0.28826284538657715,0.2088578622110333,0.4725274725274744,-0.4932844932844951,1
2.7980001700343564,0.2884502109977845,0.2088578622110333,0.4725274725274744,-0.4932844932844951,1
2.799000170023646,0.2886325398483007,0.2088578622110333,0.4725274725274744,-0.4932844932844951,1
2.800000170012936,0.2888098157426232,0.2088578622110333,0.4725274725274744,-0.4932844932844951,1
2.801000170002226,0.2889820229340825,0.2088578622110333,0.4725274725274744,-0.4932844932844951,1
2.8020001699915156,0.28914914612624043,0.2088578622110333,0.4725274725274744,-0.4932844932844951,1
2.8030001699808054,0.28931117047424904,0.2088578622110333,0.4725274725274744,-0.4932844932844951,1
2.804000169970095,0.28946808158616927,0.2088578622110333,0.4725274725274744,-0.4932844932844951,1
2.805000169959385,0.28961986552424906,0.2088578622110333,0.4725274725274744,-0.4932844932844951,1
2.8060001699486747,0.28976650880616184,0.2088578622110333,0.4725274725274744,-0.4932844932844951,1
2.8070001699379645,0.28990799840620357,0.2088578622110333,0.4725274725274744,-0.4932844932844951,1
2.8080001699272543,0.2900443217564502,0.2088578622110333,0.4725274725274744,-0.4932844932844951,1
2.809000169916544,0.29017546674787376,0.2088578622110333,0.4725274725274744,-0.4932844932844951,1
2.810000169905834,0.29030142173141804,0.2088578622110333,0.4725274725274744,-0.4932844932844951,1
2.8110001698951237,0.2904221755190334,0.2088578622110333,0.4725274725274744,-0.4932844932844951,1
2.8120001698844135,0.2905377173846704,0.2088578622110333,0.4725274725274744,-0.4932844932844951,1
2.8130001698737033,0.29064803706523273,0.2088578622110333,0.4725274725274744,-0.4932844932844951,1
2.814000169862993,0.2907531247614887,0.2088578622110333,0.4725274725274744,-0.4932844932844951,1
2.815000169852283,0.2908529711389416,0.2088578622110333,0.4725274725274744,-0.4932844932844951,1
2.8160001698415726,0.2909475673286592,0.2088578622110333,0.4725274725274744,-0.4932844932844951,1
2.8170001698308624,0.291036904928061,0.2088578622110333,0.4725274725274744,-0.4932844932844951,1
2.8180001698201522,0.29112097600166514,0.2088578622110333,0.4725274725274744,-0.4932844932844951,1
2.819000169809442,0.2911997730817929,0.2088578622110333,0.4725274725274744,-0.4932844932844951,1
2.820000169798732,0.2912732891692321,0.2088578622110333,0.4725274725274744,-0.4932844932844951,1
2.8210001697880216,0.29134151773385897,0.2088578622110333,0.4725274725274744,-0.4932844932844951,1
2.8220001697773114,0.291404452715218,0.2088578622110333,0.4725274725274744,-0.4932844932844951,1
2.823000169766601,0.2914620885230604,0.2088578622110333,0.4725274725274744,-0.4932844932844951,1
2.824000169755891,0.2915144200378405,0.2088578622110333,0.4725274725274744,-0.4932844932844951,1
2.8250001697451808,0.29156144261117073,0.21152819104295517,0.4065934065934016,-0.45421245421245615,1
2.8260001697344705,0.29160315206623433,0.21496147096971185,0.5164835164835182,-0.4639804639804659,1
2.8270001697237603,0.2916395446981564,0.2168688487067989,0.4725274725274744,-0.4346764346764367,1
2.82800016971305,0.291670617274333,0.2214465552758078,0.538461538461533,-0.4053724053724075,1
2.82900016970234,0.29169636703471835,0.22602426184481672,0.5164835164835182,-0.36630036630036855,1
2.8300001696916297,0.2917167916920699,0.229076066224156,0.538461538461533,-0.33699633699633935,1
2.8310001696809195,0.2917318894321514,0.2332722972457475,0.4505494505494454,-0.3174603174603199,1
2.8320001696702093,0.2917416589138944,0.2378500038147564,0.5164835164835182,-0.3174603174603199,1
2.833000169659499,0.2917460992695171,0.2420462348363479,0.4725274725274744,-0.3076923076923066,1
2.834000169648789,0.2917452101046014,0.24891279468986127,0.4285714285714306,-0.25885225885225793,1
2.8350001696380787,0.2917389914981281,0.2531090257114528,0.3846153846153868,-0.2490842490842482,1
2.8360001696273685,0.29172744400246975,0.25616083009079205,0.3846153846153868,-0.23931623931623847,1
2.8370001696166582,0.29171056864334166,0.25997558556496614,0.4065934065934016,-0.23931623931623847,1
2.838000169605948,0.2916883669197108,0.26073853665980096,0.318681318681314,-0.219780219780219,1
2.839000169595238,0.29166084080366245,0.26417181658655764,0.2967032967032992,-0.22954822954822873,1
2.8400001695845276,0.29162799274022555,0.26417181658655764,0.2967032967032992,-0.22954822954822873,1
2.8410001695738174,0.29158982564715485,0.26417181658655764,0.2967032967032992,-0.22954822954822873,1
2.842000169563107,0.2915463429146722,0.26417181658655764,0.2967032967032992,-0.22954822954822873,1
2.843000169552397,0.2914975484051652,0.26417181658655764,0.2967032967032992,-0.22954822954822873,1
2.8440001695416868,0.29144344645284426,0.26417181658655764,0.2967032967032992,-0.22954822954822873,1
2.8450001695309766,0.2913840418633575,0.26417181658655764,0.2967032967032992,-0.22954822954822873,1
2.8460001695202664,0.29131933991336395,0.26417181658655764,0.2967032967032992,-0.22954822954822873,1
2.847000169509556,0.2912493463500647,0.26417181658655764,0.2967032967032992,-0.22954822954822873,1
2.848000169498846,0.2911740673906928,0.26417181658655764,0.2967032967032992,-0.22954822954822873,1
2.8490001694881357,0.29109350972196035,0.26417181658655764,0.2967032967032992,-0.22954822954822873,1
2.8500001694774255,0.2910076804994653,0.26417181658655764,0.2967032967032992,-0.22954822954822873,1
2.8510001694667153,0.29091658734705517,0.26417181658655764,0.2967032967032992,-0.22954822954822873,1
2.852000169456005,0.2908202383561504,0.26417181658655764,0.2967032967032992,-0.22954822954822873,1
2.853000169445295,0.2907186420850252,0.26417181658655764,0.2967032967032992,-0.22954822954822873,1
2.8540001694345847,0.2906118075580476,0.26417181658655764,0.2967032967032992,-0.22954822954822873,1
2.8550001694238745,0.2904997442648779,0.26417181658655764,0.2967032967032992,-0.22954822954822873,1
2.8560001694131643,0.2903824621596255,0.26417181658655764,0.2967032967032992,-0.22954822954822873,1
2.857000169402454,0.29025997165996487,0.26417181658655764,0.2967032967032992,-0.22954822954822873,1
2.858000169391744,0.29013228364621024,0.26417181658655764,0.2967032967032992,-0.22954822954822873,1
2.8590001693810336,0.289999409460349,0.26417181658655764,0.2967032967032992,-0.22954822954822873,1
2.8600001693703234,0.28986136090503456,0.26417181658655764,0.2967032967032992,-0.22954822954822873,1
2.861000169359613,0.2897181502425374,0.26417181658655764,0.2967032967032992,-0.22954822954822873,1
2.862000169348903,0.2895697901936563,0.26417181658655764,0.2967032967032992,-0.22954822954822873,1
2.863000169338193,0.2894162939365884,0.26417181658655764,0.2967032967032992,-0.22954822954822873,1
2.8640001693274826,0.2892576751057586,0.26417181658655764,0.2967032967032992,-0.22954822954822873,1
2.8650001693167724,0.2890939477906082,0.26417181658655764,0.2967032967032992,-0.22954822954822873,1
2.866000169306062,0.28892512653434377,0.26417181658655764,0.2967032967032992,-0.22954822954822873,1
2.867000169295352,0.288751226332645,0.26417181658655764,0.2967032967032992,-0.22954822954822873,1
2.8680001692846417,0.28857226263233304,0.26417181658655764,0.2967032967032992,-0.22954822954822873,1
2.8690001692739315,0.28838825132999824,0.26417181658655764,0.2967032967032992,-0.22954822954822873,1
2.8700001692632213,0.288199208770588,0.26417181658655764,0.2967032967032992,-0.22954822954822873,1
2.871000169252511,0.2880051517459553,0.26417181658655764,0.2967032967032992,-0.22954822954822873,1
2.872000169241801,0.28780609749336666,0.26417181658655764,0.2967032967032992,-0.22954822954822873,1
2.8730001692310907,0.2876020636939713,0.26417181658655764,0.2967032967032992,-0.22954822954822873,1
2.8740001692203805,0.2873930684712308,0.26417181658655764,0.2967032967032992,-0.22954822954822873,1
2.8750001692096703,0.28717913038930876,0.26417181658655764,0.2967032967032992,-0.22954822954822873,1
2.87600016919896,0.28696026845142225,0.26417181658655764,0.2967032967032992,-0.22954822954822873,1
2.87700016918825,0.2867365020981537,0.26417181658655764,0.2967032967032992,-0.22954822954822873,1
2.8780001691775396,0.28650785120572386,0.26417181658655764,0.2967032967032992,-0.22954822954822873,1
2.8790001691668294,0.28627433608422687,0.26417181658655764,0.2967032967032992,-0.22954822954822873,1
2.8800001691561192,0.2860359774758255,0.26417181658655764,0.2967032967032992,-0.22954822954822873,1
2.881000169145409,0.285792796552909,0.26417181658655764,0.2967032967032992,-0.22954822954822873,1
2.882000169134699,0.28554481491621275,0.26417181658655764,0.2967032967032992,-0.22954822954822873,1
2.8830001691239886,0.2852920545928989,0.26417181658655764,0.2967032967032992,-0.22954822954822873,1
2.8840001691132784,0.2850345380346006,0.26417181658655764,0.2967032967032992,-0.22954822954822873,1
2.885000169102568,0.28477228811542693,0.26417181658655764,0.2967032967032992,-0.22954822954822873,1
2.886000169091858,0.28450532812993157,0.26417181658655764,0.2967032967032992,-0.22954822954822873,1
2.8870001690811478,0.2842336817910436,0.26417181658655764,0.2967032967032992,-0.22954822954822873,1
2.8880001690704376,0.2839573732279607,0.26417181658655764,0.2967032967032992,-0.22954822954822873,1
2.8890001690597273,0.283676426984007,0.26417181658655764,0.2967032967032992,-0.22954822954822873,1
2.890000169049017,0.28339086801445157,0.26417181658655764,0.2967032967032992,-0.22954822954822873,1
2.891000169038307,0.28310072168429273,0.26417181658655764,0.2967032967032992,-0.22954822954822873,1
2.8920001690275967,0.2828060137660046,0.26417181658655764,0.2967032967032992,-0.22954822954822873,1
2.8930001690168865,0.28250677043724787,0.26417181658655764,0.2967032967032992,-0.22954822954822873,1
2.8940001690061763,0.2822030182785449,0.26417181658655764,0.2967032967032992,-0.22954822954822873,1
2.895000168995466,0.281894784270918,0.26417181658655764,0.2967032967032992,-0.22954822954822873,1
2.896000168984756,0.28158209579349347,0.26417181658655764,0.2967032967032992,-0.22954822954822873,1
2.8970001689740457,0.28126498062106925,0.26417181658655764,0.2967032967032992,-0.22954822954822873,1
2.8980001689633355,0.2809434669216478,0.26417181658655764,0.2967032967032992,-0.22954822954822873,1
2.8990001689526252,0.2806175832539346,0.26417181658655764,0.2967032967032992,-0.22954822954822873,1
2.900000168941915,0.28028735856480047,0.26417181658655764,0.2967032967032992,-0.22954822954822873,1
2.901000168931205,0.27995282218671114,0.26417181658655764,0.2967032967032992,-0.22954822954822873,1
2.9020001689204946,0.2796140038351214,0.26417181658655764,0.2967032967032992,-0.22954822954822873,1
2.9030001689097844,0.2792709336058356,0.26417181658655764,0.2967032967032992,-0.22954822954822873,1
2.904000168899074,0.27892364197233466,0.26417181658655764,0.2967032967032992,-0.22954822954822873,1
2.905000168888364,0.27857215978306876,0.26417181658655764,0.2967032967032992,-0.22954822954822873,1
2.9060001688776538,0.2782165182587177,0.26417181658655764,0.2967032967032992,-0.22954822954822873,1
2.9070001688669436,0.27785674898941726,0.26417181658655764,0.2967032967032992,-0.22954822954822873,1
2.9080001688562334,0.2774928839319533,0.26417181658655764,0.2967032967032992,-0.22954822954822873,1
2.909000168845523,0.27712495540692383,0.26417181658655764,0.2967032967032992,-0.22954822954822873,1
2.910000168834813,0.27675299609586695,0.26417181658655764,0.2967032967032992,-0.22954822954822873,1
2.9110001688241027,0.27637703903835864,0.26417181658655764,0.2967032967032992,-0.22954822954822873,1
2.9120001688133925,0.2759971176290779,0.26417181658655764,0.2967032967032992,-0.22954822954822873,1
2.9130001688026823,0.2756132656148402,0.26417181658655764,0.2967032967032992,-0.22954822954822873,1
2.914000168791972,0.27522551709160037,0.26417181658655764,0.2967032967032992,-0.22954822954822873,1
2.915000168781262,0.2748339065014234,0.26417181658655764,0.2967032967032992,-0.22954822954822873,1
2.9160001687705517,0.27443846862942556,0.26417181658655764,0.2967032967032992,-0.22954822954822873,1
2.9170001687598415,0.2740392386006843,0.26417181658655764,0.2967032967032992,-0.22954822954822873,1
2.9180001687491313,0.27363625187711826,0.26417181658655764,0.2967032967032992,-0.22954822954822873,1
2.919000168738421,0.2732295442543379,0.26417181658655764,0.2967032967032992,-0.22954822954822873,1
2.920000168727711,0.2728191518584649,0.26417181658655764,0.2967032967032992,-0.22954822954822873,1
2.9210001687170006,0.2724051111429241,0.26417181658655764,0.2967032967032992,-0.22954822954822873,1
2.9220001687062904,0.27198745888520504,0.26417181658655764,0.2967032967032992,-0.22954822954822873,1
2.92300016869558,0.27156623218359516,0.26417181658655764,0.2967032967032992,-0.22954822954822873,1
2.92400016868487,0.2711414684538853,0.26417181658655764,0.2967032967032992,-0.22954822954822873,1
2.92500016867416,0.2707132054260449,0.26417181658655764,0.2967032967032992,-0.22954822954822873,1
2.9260001686634496,0.2702814811408716,0.26417181658655764,0.2967032967032992,-0.22954822954822873,1
2.9270001686527394,0.26984633394661184,0.26417181658655764,0.2967032967032992,-0.22954822954822873,1
2.928000168642029,0.2694078024955544,0.26417181658655764,0.2967032967032992,-0.22954822954822873,1
2.929000168631319,0.2689659257405981,0.26417181658655764,0.2967032967032992,-0.22954822954822873,1
2.9300001686206087,0.26852074293179,0.26417181658655764,0.2967032967032992,-0.22954822954822873,1
2.9310001686098985,0.2680722936128407,0.26417181658655764,0.2967032967032992,-0.22954822954822873,1
2.9320001685991883,0.2676206176176107,0.26417181658655764,0.2967032967032992,-0.22954822954822873,1
2.933000168588478,0.2671657550665725,0.26417181658655764,0.2967032967032992,-0.22954822954822873,1
2.934000168577768,0.26670774636324734,0.26417181658655764,0.2967032967032992,-0.22954822954822873,1
2.9350001685670577,0.2662466321906157,0.26417181658655764,0.2967032967032992,-0.22954822954822873,1
2.9360001685563475,0.2657824535075035,0.26417181658655764,0.2967032967032992,-0.22954822954822873,1
2.9370001685456373,0.2653152515449445,0.26417181658655764,0.2967032967032992,-0.22954822954822873,1
2.938000168534927,0.2648450678025174,0.26417181658655764,0.2967032967032992,-0.22954822954822873,1
2.939000168524217,0.2643719440446602,0.26417181658655764,0.2967032967032992,-0.22954822954822873,1
2.9400001685135067,0.26389592229695974,0.26417181658655764,0.2967032967032992,-0.22954822954822873,1
2.9410001685027964,0.2634170448424191,0.26417181658655764,0.2967032967032992,-0.22954822954822873,1
2.9420001684920862,0.26293535421770187,0.26417181658655764,0.2967032967032992,-0.22954822954822873,1
2.943000168481376,0.26245089320935333,0.26417181658655764,0.2967032967032992,-0.22954822954822873,1
2.944000168470666,0.261963704850001,0.26417181658655764,0.2967032967032992,-0.22954822954822873,1
2.9450001684599556,0.26147383241453065,0.26417181658655764,0.2967032967032992,-0.22954822954822873,1
2.9460001684492454,0.2609813194162437,0.26417181658655764,0.2967032967032992,-0.22954822954822873,1
2.947000168438535,0.26048620960299146,0.26417181658655764,0.2967032967032992,-0.22954822954822873,1
2.948000168427825,0.2599885469532891,0.26417181658655764,0.2967032967032992,-0.22954822954822873,1
2.9490001684171148,0.2594883756724103,0.26417181658655764,0.2967032967032992,-0.22954822954822873,1
2.9500001684064046,0.25898574018845893,0.26417181658655764,0.2967032967032992,-0.22954822954822873,1
2.9510001683956943,0.25848068514842415,0.26417181658655764,0.2967032967032992,-0.22954822954822873,1
2.952000168384984,0.25797325541421384,0.26417181658655764,0.2967032967032992,-0.22954822954822873,1
2.953000168374274,0.2574634960586699,0.26417181658655764,0.2967032967032992,-0.22954822954822873,1
2.9540001683635637,0.25695145236156525,0.26417181658655764,0.2967032967032992,-0.22954822954822873,1
2.9550001683528535,0.25643716980558046,0.26417181658655764,0.2967032967032992,-0.22954822954822873,1
2.9560001683421433,0.2559206940722648,0.26417181658655764,0.2967032967032992,-0.22954822954822873,1
2.957000168331433,0.2554020710379784,0.26417181658655764,0.2967032967032992,-0.22954822954822873,1
2.958000168320723,0.25488134676981655,0.26417181658655764,0.2967032967032992,-0.22954822954822873,1
2.9590001683100127,0.2543585675215191,0.26417181658655764,0.2967032967032992,-0.22954822954822873,1
2.9600001682993025,0.25383377972936044,0.26531624322880987,0.2747252747252702,-0.22954822954822873,1
2.9610001682885922,0.2533070300080256,0.2702754253452362,-0.2307692307692264,0.1025641025641022,1
2.962000168277882,0.2527783651464697,0.2702754253452362,-0.2307692307692264,0.1025641025641022,1
2.963000168267172,0.2522478321037611,0.2702754253452362,-0.2307692307692264,0.1025641025641022,1
2.9640001682564616,0.2517154780049119,0.2702754253452362,-0.2307692307692264,0.1025641025641022,1
2.9650001682457514,0.25118135013668985,0.2702754253452362,-0.2307692307692264,0.1025641025641022,1
2.966000168235041,0.25064549594341967,0.2702754253452362,-0.2307692307692264,0.1025641025641022,1
2.967000168224331,0.25010796302276816,0.2702754253452362,-0.2307692307692264,0.1025641025641022,1
2.968000168213621,0.2495687991215161,0.2702754253452362,-0.2307692307692264,0.1025641025641022,1
2.9690001682029106,0.24902805213131818,0.2702754253452362,-0.2307692307692264,0.1025641025641022,1
2.9700001681922004,0.24848577008444744,0.2702754253452362,-0.2307692307692264,0.1025641025641022,1
2.97100016818149,0.24794200114952977,0.2702754253452362,-0.2307692307692264,0.1025641025641022,1
2.97200016817078,0.24739679362726508,0.2702754253452362,-0.2307692307692264,0.1025641025641022,1
2.9730001681600697,0.2468501959461367,0.2702754253452362,-0.2307692307692264,0.1025641025641022,1
2.9740001681493595,0.2463022566581105,0.2702754253452362,-0.2307692307692264,0.1025641025641022,1
2.9750001681386493,0.24575302443432107,0.2702754253452362,-0.2307692307692264,0.1025641025641022,1
2.976000168127939,0.24520254806074915,0.2702754253452362,-0.2307692307692264,0.1025641025641022,1
2.977000168117229,0.24465087643388814,0.2702754253452362,-0.2307692307692264,0.1025641025641022,1
2.9780001681065187,0.2440980585564005,0.2702754253452362,-0.2307692307692264,0.1025641025641022,1
2.9790001680958085,0.2435441435327659,0.2702754253452362,-0.2307692307692264,0.1025641025641022,1
2.9800001680850983,0.2429891805649183,0.2702754253452362,-0.2307692307692264,0.1025641025641022,1
2.981000168074388,0.24243321894787626,0.2702754253452362,-0.2307692307692264,0.1025641025641022,1
2.982000168063678,0.2418763080653642,0.2702754253452362,-0.2307692307692264,0.1025641025641022,1
2.9830001680529676,0.24131849738542555,0.2702754253452362,-0.2307692307692264,0.1025641025641022,1
2.9840001680422574,0.24075983645602958,0.2702754253452362,-0.2307692307692264,0.1025641025641022,1
2.985000168031547,0.24020037490066898,0.2702754253452362,-0.2307692307692264,0.1025641025641022,1
2.986000168020837,0.23964016241395292,0.2702754253452362,-0.2307692307692264,0.1025641025641022,1
2.987000168010127,0.2390792487571924,0.2702754253452362,-0.2307692307692264,0.1025641025641022,1
2.9880001679994166,0.238517683753981,0.2702754253452362,-0.2307692307692264,0.1025641025641022,1
2.9890001679887064,0.23795551728576805,0.2702754253452362,-0.2307692307692264,0.1025641025641022,1
2.990000167977996,0.2373927992874287,0.2702754253452362,-0.2307692307692264,0.1025641025641022,1
2.991000167967286,0.23682957974282823,0.2702754253452362,-0.2307692307692264,0.1025641025641022,1
2.9920001679565758,0.23626590868038183,0.2702754253452362,-0.2307692307692264,0.1025641025641022,1
2.9930001679458655,0.23570183616861184,0.2702754253452362,-0.2307692307692264,0.1025641025641022,1
2.9940001679351553,0.23513741231169902,0.2702754253452362,-0.2307692307692264,0.1025641025641022,1
2.995000167924445,0.2345726872450328,0.2702754253452362,-0.2307692307692264,0.1025641025641022,1
2.996000167913735,0.23400771113075783,0.2702754253452362,-0.2307692307692264,0.1025641025641022,1
2.9970001679030247,0.23344253415331806,0.2702754253452362,-0.2307692307692264,0.1025641025641022,1
2.9980001678923145,0.23287720651499982,0.2702754253452362,-0.2307692307692264,0.1025641025641022,1
2.9990001678816043,0.23231177843147152,0.2702754253452362,-0.2307692307692264,0.1025641025641022,1
3.000000167870894,0.23174630012732378,0.2702754253452362,-0.2307692307692264,0.1025641025641022,1
3.001000167860184,0.23118082183160818,0.2702754253452362,-0.2307692307692264,0.1025641025641022,1
3.0020001678494737,0.23061539377337525,0.2702754253452362,-0.2307692307692264,0.1025641025641022,1
3.0030001678387634,0.2300500661772139,0.2702754253452362,-0.2307692307692264,0.1025641025641022,1
3.0040001678280532,0.22948488925878868,0.2702754253452362,-0.2307692307692264,0.1025641025641022,1
3.005000167817343,0.22891991322038033,0.2702754253452362,-0.2307692307692264,0.1025641025641022,1
3.006000167806633,0.22835518824642626,0.2702754253452362,-0.2307692307692264,0.1025641025641022,1
3.0070001677959226,0.22779076449906263,0.2702754253452362,-0.2307692307692264,0.1025641025641022,1
3.0080001677852124,0.22722669211366964,0.2702754253452362,-0.2307692307692264,0.1025641025641022,1
3.009000167774502,0.22666302119441675,0.2702754253452362,-0.2307692307692264,0.1025641025641022,1
3.010000167763792,0.22609980180981318,0.2702754253452362,-0.2307692307692264,0.1025641025641022,1
3.0110001677530818,0.22553708398826017,0.2702754253452362,-0.2307692307692264,0.1025641025641022,1
3.0120001677423716,0.224974917713607,0.2702754253452362,-0.2307692307692264,0.1025641025641022,1
3.0130001677316613,0.22441335292071213,0.2702754253452362,-0.2307692307692264,0.1025641025641022,1
3.014000167720951,0.2238524394910061,0.2702754253452362,-0.2307692307692264,0.1025641025641022,1
3.015000167710241,0.22329222724806203,0.2702754253452362,-0.2307692307692264,0.1025641025641022,1
3.0160001676995307,0.2227327659531694,0.2702754253452362,-0.2307692307692264,0.1025641025641022,1
3.0170001676888205,0.22217410530091405,0.2702754253452362,-0.2307692307692264,0.1025641025641022,1
3.0180001676781103,0.2216162949147647,0.2702754253452362,-0.2307692307692264,0.1025641025641022,1
3.0190001676674,0.22105938434266387,0.2702754253452362,-0.2307692307692264,0.1025641025641022,1
3.02000016765669,0.22050342305262766,0.2702754253452362,-0.2307692307692264,0.1025641025641022,1
3.0210001676459797,0.21994846042835137,0.2702754253452362,-0.2307692307692264,0.1025641025641022,1
3.0220001676352695,0.21939454576482292,0.2702754253452362,-0.2307692307692264,0.1025641025641022,1
3.0230001676245593,0.21884172826394485,0.2702754253452362,-0.2307692307692264,0.1025641025641022,1
3.024000167613849,0.21829005703016277,0.2702754253452362,-0.2307692307692264,0.1025641025641022,1
3.025000167603139,0.21773958106610447,0.2702754253452362,-0.2307692307692264,0.1025641025641022,1
3.0260001675924286,0.21719034926822692,0.2702754253452362,-0.2307692307692264,0.1025641025641022,1
3.0270001675817184,0.21664241042247284,0.2702754253452362,-0.2307692307692264,0.1025641025641022,1
3.028000167571008,0.21609581319993815,0.2702754253452362,-0.2307692307692264,0.1025641025641022,1
3.029000167560298,0.21555060615254737,0.2702754253452362,-0.2307692307692264,0.1025641025641022,1
3.030000167549588,0.21500683770874188,0.2702754253452362,-0.2307692307692264,0.1025641025641022,1
3.0310001675388776,0.21446455616917792,0.2702754253452362,-0.2307692307692264,0.1025641025641022,1
3.0320001675281674,0.21392380970243613,0.2702754253452362,-0.2307692307692264,0.1025641025641022,1
3.033000167517457,0.21338464634074372,0.2702754253452362,-0.2307692307692264,0.1025641025641022,1
3.034000167506747,0.21284711397570677,0.2702754253452362,-0.2307692307692264,0.1025641025641022,1
3.0350001674960367,0.21231126035405695,0.2702754253452362,-0.2307692307692264,0.1025641025641022,1
3.0360001674853265,0.21177713307341026,0.2702754253452362,-0.2307692307692264,0.1025641025641022,1
3.0370001674746163,0.21124477957803897,0.2702754253452362,-0.2307692307692264,0.1025641025641022,1
3.038000167463906,0.21071424715465803,0.2702754253452362,-0.2307692307692264,0.1025641025641022,1
3.039000167453196,0.21018558292822367,0.2702754253452362,-0.2307692307692264,0.1025641025641022,1
3.0400001674424857,0.20965883385774828,0.2702754253452362,-0.2307692307692264,0.1025641025641022,1
3.0410001674317755,0.20913404673212896,0.2702754253452362,-0.2307692307692264,0.1025641025641022,1
3.0420001674210653,0.20861126816599143,0.2702754253452362,-0.2307692307692264,0.1025641025641022,1
3.043000167410355,0.2080905445955501,0.2702754253452362,-0.2307692307692264,0.1025641025641022,1
3.044000167399645,0.20757192227448215,0.2702754253452362,-0.2307692307692264,0.1025641025641022,1
3.0450001673889346,0.2070554472698199,0.2702754253452362,-0.2307692307692264,0.1025641025641022,1
3.0460001673782244,0.20654116545785858,0.2702754253452362,-0.2307692307692264,0.1025641025641022,1
3.0470001673675142,0.2060291225200812,0.2702754253452362,-0.2307692307692264,0.1025641025641022,1
3.048000167356804,0.20551936393910158,0.2702754253452362,-0.2307692307692264,0.1025641025641022,1
3.049000167346094,0.2050119349946232,0.2702754253452362,-0.2307692307692264,0.1025641025641022,1
3.0500001673353836,0.20450688075941792,0.2702754253452362,-0.2307692307692264,0.1025641025641022,1
3.0510001673246734,0.20400424609532228,0.2702754253452362,-0.2307692307692264,0.1025641025641022,1
3.052000167313963,0.20350407564925221,0.2702754253452362,-0.2307692307692264,0.1025641025641022,1
3.053000167303253,0.2030064138492383,0.2702754253452362,-0.2307692307692264,0.1025641025641022,1
3.0540001672925428,0.2025113049004779,0.2702754253452362,-0.2307692307692264,0.1025641025641022,1
3.0550001672818325,0.20201879278140972,0.2702754253452362,-0.2307692307692264,0.1025641025641022,1
3.0560001672711223,0.201528921239807,0.2702754253452362,-0.2307692307692264,0.1025641025641022,1
3.057000167260412,0.20104173378889145,0.2702754253452362,-0.2307692307692264,0.1025641025641022,1
3.058000167249702,0.20055727370346882,0.2702754253452362,-0.2307692307692264,0.1025641025641022,1
3.0590001672389917,0.20007558401608405,0.2702754253452362,-0.2307692307692264,0.1025641025641022,1
3.0600001672282815,0.19959670751319936,0.2702754253452362,-0.2307692307692264,0.1025641025641022,1
3.0610001672175713,0.19912068673139383,0.2702754253452362,-0.2307692307692264,0.1025641025641022,1
3.062000167206861,0.19864756395358452,0.2702754253452362,-0.2307692307692264,0.1025641025641022,1
3.063000167196151,0.19817738120527173,0.2702754253452362,-0.2307692307692264,0.1025641025641022,1
3.0640001671854407,0.19771018025080467,0.2702754253452362,-0.2307692307692264,0.1025641025641022,1
3.0650001671747304,0.1972460025896727,0.2702754253452362,-0.2307692307692264,0.1025641025641022,1
3.0660001671640202,0.19678488945281866,0.2702754253452362,-0.2307692307692264,0.1025641025641022,1
3.06700016715331,0.19632688179897656,0.2702754253452362,-0.2307692307692264,0.1025641025641022,1
3.0680001671426,0.1958720203110339,0.2702754253452362,-0.2307692307692264,0.1025641025641022,1
3.0690001671318896,0.1954203453924171,0.2702754253452362,-0.2307692307692264,0.1025641025641022,1
3.0700001671211794,0.19497189716350316,0.2702754253452362,-0.2307692307692264,0.1025641025641022,1
3.071000167110469,0.19452671545805592,0.2702754253452362,-0.2307692307692264,0.1025641025641022,1
3.072000167099759,0.1940848398196875,0.2702754253452362,-0.2307692307692264,0.1025641025641022,1
3.0730001670890488,0.1936463094983466,0.2702754253452362,-0.2307692307692264,0.1025641025641022,1
3.0740001670783386,0.19321116344683092,0.2702754253452362,-0.2307692307692264,0.1025641025641022,1
3.0750001670676284,0.19277944031732808,0.2702754253452362,-0.2307692307692264,0.1025641025641022,1
3.076000167056918,0.19235117845798183,0.2702754253452362,-0.2307692307692264,0.1025641025641022,1
3.077000167046208,0.19192641590948578,0.2702754253452362,-0.2307692307692264,0.1025641025641022,1
3.0780001670354977,0.19150519040170505,0.2702754253452362,-0.2307692307692264,0.1025641025641022,1
3.0790001670247875,0.19108753935032385,0.2702754253452362,-0.2307692307692264,0.1025641025641022,1
3.0800001670140773,0.19067349985352267,0.2702754253452362,-0.2307692307692264,0.1025641025641022,1
3.081000167003367,0.1902631086886828,0.2702754253452362,-0.2307692307692264,0.1025641025641022,1
3.082000166992657,0.18985640230911954,0.26951247425040137,-0.2307692307692264,0.0439560439560438,1
3.0830001669819467,0.18945341684084466,0.26951247425040137,-0.0549450549450512,0.1318681318681314,1
3.0840001669712365,0.18905418807935664,0.26913099870298396,-0.0769230769230802,0.25885225885225793,1
3.0850001669605263,0.1886587514864617,0.26531624322880987,-0.4505494505494454,0.20024420024419953,1
3.086000166949816,0.18826714218712368,0.26379034103914023,-0.1648351648351678,0.15140415140415087,1
3.087000166939106,0.18787939496634404,0.26073853665980096,-0.3846153846153868,0.18070818070818007,1
3.0880001669283956,0.18749554426607243,0.2584496833752965,-0.318681318681314,0.1904761904761898,1
3.0890001669176854,0.18711562418214667,0.25577935454337464,-0.2527472527472554,0.219780219780219,1
3.090000166906975,0.1867396684612646,0.25272755016403536,-0.4065934065934016,0.25885225885225793,1
3.091000166896265,0.18636771049798648,0.24853131914244386,-0.4945054945054892,0.20024420024419953,1
3.092000166885555,0.18599978333176842,0.24433508812085236,-0.5164835164835182,0.1025641025641022,1
3.0930001668748446,0.1856359196440283,0.24013885709926086,-0.5164835164835182,0.05372405372405353,1
3.0940001668641344,0.18527615175524198,0.23594262607766936,-0.4725274725274744,0.0439560439560438,1
3.095000166853424,0.1849205116220728,0.23479819943541713,-0.3846153846153868,0.06349206349206327,1
3.096000166842714,0.1845690308345331,0.23250934615091268,-0.4505494505494454,0.1025641025641022,1
3.0970001668320037,0.18422174061317792,0.22831311512932118,-0.4945054945054892,0.1318681318681314,1
3.0980001668212935,0.1838786718063324,0.22030212863355558,-0.560439560439562,-0.004884004884004867,1
3.0990001668105833,0.18353985488735083,0.22030212863355558,-0.560439560439562,-0.004884004884004867,1
3.100000166799873,0.18320531995191036,0.22030212863355558,-0.560439560439562,-0.004884004884004867,1
3.101000166789163,0.18287509671533766,0.22030212863355558,-0.560439560439562,-0.004884004884004867,1
3.1020001667784527,0.18254921450996925,0.22030212863355558,-0.560439560439562,-0.004884004884004867,1
3.1030001667677425,0.18222770228254648,0.22030212863355558,-0.560439560439562,-0.004884004884004867,1
3.1040001667570323,0.1819105885916437,0.22030212863355558,-0.560439560439562,-0.004884004884004867,1
3.105000166746322,0.18159790160513187,0.22030212863355558,-0.560439560439562,-0.004884004884004867,1
3.106000166735612,0.18128966909767658,0.22030212863355558,-0.560439560439562,-0.004884004884004867,1
3.1070001667249016,0.18098591844827067,0.22030212863355558,-0.560439560439562,-0.004884004884004867,1
3.1080001667141914,0.18068667663780275,0.22030212863355558,-0.560439560439562,-0.004884004884004867,1
3.1090001667034812,0.18039197024666,0.22030212863355558,-0.560439560439562,-0.004884004884004867,1
3.110000166692771,0.18010182545236758,0.22030212863355558,-0.560439560439562,-0.004884004884004867,1
3.111000166682061,0.1798162680272632,0.22030212863355558,-0.560439560439562,-0.004884004884004867,1
3.1120001666713506,0.17953532333620775,0.22030212863355558,-0.560439560439562,-0.004884004884004867,1
3.1130001666606404,0.17925901633433294,0.22030212863355558,-0.560439560439562,-0.004884004884004867,1
3.11400016664993,0.17898737156482358,0.22030212863355558,-0.560439560439562,-0.004884004884004867,1
3.11500016663922,0.17872041315673834,0.22030212863355558,-0.560439560439562,-0.004884004884004867,1
3.1160001666285098,0.17845816482286592,0.22030212863355558,-0.560439560439562,-0.004884004884004867,1
3.1170001666177996,0.17820064985761944,0.22030212863355558,-0.560439560439562,-0.004884004884004867,1
3.1180001666070893,0.17794789113496648,0.22030212863355558,-0.560439560439562,-0.004884004884004867,1
3.119000166596379,0.17769991110639777,0.22030212863355558,-0.560439560439562,-0.004884004884004867,1
3.120000166585669,0.17745673179893284,0.22030212863355558,-0.560439560439562,-0.004884004884004867,1
3.1210001665749587,0.17721837481316333,0.22030212863355558,-0.560439560439562,-0.004884004884004867,1
3.1220001665642485,0.1769848613213346,0.22030212863355558,-0.560439560439562,-0.004884004884004867,1
3.1230001665535383,0.17675621206546469,0.22030212863355558,-0.560439560439562,-0.004884004884004867,1
3.124000166542828,0.17653244735550214,0.22030212863355558,-0.560439560439562,-0.004884004884004867,1
3.125000166532118,0.17631358706752187,0.22030212863355558,-0.560439560439562,-0.004884004884004867,1
3.1260001665214077,0.17609965064195968,0.22030212863355558,-0.560439560439562,-0.004884004884004867,1
3.1270001665106975,0.1758906570818856,0.22030212863355558,-0.560439560439562,-0.004884004884004867,1
3.1280001664999872,0.1756866249513156,0.22030212863355558,-0.560439560439562,-0.004884004884004867,1
3.129000166489277,0.17548757237356283,0.22030212863355558,-0.560439560439562,-0.004884004884004867,1
3.130000166478567,0.17529351702962787,0.22030212863355558,-0.560439560439562,-0.004884004884004867,1
3.1310001664678566,0.17510447615662794,0.22030212863355558,-0.560439560439562,-0.004884004884004867,1
3.1320001664571464,0.17492046654626622,0.22030212863355558,-0.560439560439562,-0.004884004884004867,1
3.133000166446436,0.17474150454333984,0.22030212863355558,-0.560439560439562,-0.004884004884004867,1
3.134000166435726,0.17456760604428834,0.22030212863355558,-0.560439560439562,-0.004884004884004867,1
3.1350001664250158,0.17439878649578158,0.22030212863355558,-0.560439560439562,-0.004884004884004867,1
3.1360001664143056,0.17423506089334762,0.22030212863355558,-0.560439560439562,-0.004884004884004867,1
3.1370001664035954,0.1740764437800409,0.22030212863355558,-0.560439560439562,-0.004884004884004867,1
3.138000166392885,0.17392294924515023,0.22030212863355558,-0.560439560439562,-0.004884004884004867,1
3.139000166382175,0.17377459092294748,0.22030212863355558,-0.560439560439562,-0.004884004884004867,1
3.1400001663714647,0.1736313819914763,0.22030212863355558,-0.560439560439562,-0.004884004884004867,1
3.1410001663607545,0.1734933351713817,0.22030212863355558,-0.560439560439562,-0.004884004884004867,1
3.1420001663500443,0.17336046272478037,0.22030212863355558,-0.560439560439562,-0.004884004884004867,1
3.143000166339334,0.1732327764541709,0.22030212863355558,-0.560439560439562,-0.004884004884004867,1
3.144000166328624,0.17311028770138595,0.22030212863355558,-0.560439560439562,-0.004884004884004867,1
3.1450001663179137,0.17299300734658454,0.22030212863355558,-0.560439560439562,-0.004884004884004867,1
3.1460001663072035,0.17288094580728564,0.22030212863355558,-0.560439560439562,-0.004884004884004867,1
3.1470001662964933,0.17277411303744297,0.22030212863355558,-0.560439560439562,-0.004884004884004867,1
3.148000166285783,0.17267251852656068,0.22030212863355558,-0.560439560439562,-0.004884004884004867,1
3.149000166275073,0.17257617129885042,0.22030212863355558,-0.560439560439562,-0.004884004884004867,1
3.1500001662643626,0.17248507991242984,0.22030212863355558,-0.560439560439562,-0.004884004884004867,1
3.1510001662536524,0.17239925245856244,0.22030212863355558,-0.560439560439562,-0.004884004884004867,1
3.152000166242942,0.1723186965609388,0.22030212863355558,-0.560439560439562,-0.004884004884004867,1
3.153000166232232,0.17224341937499932,0.22030212863355558,-0.560439560439562,-0.004884004884004867,1
3.154000166221522,0.1721734275872988,0.22030212863355558,-0.560439560439562,-0.004884004884004867,1
3.1550001662108116,0.1721087274149124,0.22030212863355558,-0.560439560439562,-0.004884004884004867,1
3.1560001662001014,0.17204932460488337,0.22030212863355558,-0.560439560439562,-0.004884004884004867,1
3.157000166189391,0.17199522443371273,0.22030212863355558,-0.560439560439562,-0.004884004884004867,1
3.158000166178681,0.17194643170689033,0.22030212863355558,-0.560439560439562,-0.004884004884004867,1
3.1590001661679707,0.1719029507584682,0.22030212863355558,-0.560439560439562,-0.004884004884004867,1
3.1600001661572605,0.17186478545067554,0.22030212863355558,-0.560439560439562,-0.004884004884004867,1
3.1610001661465503,0.17183193917357556,0.22030212863355558,-0.560439560439562,-0.004884004884004867,1
3.16200016613584,0.17180441484476447,0.22030212863355558,-0.560439560439562,-0.004884004884004867,1
3.16300016612513,0.17178221490911227,0.22030212863355558,-0.560439560439562,-0.004884004884004867,1
3.1640001661144197,0.1717653413385455,0.22030212863355558,-0.560439560439562,-0.004884004884004867,1
3.1650001661037095,0.1717537956318723,0.22030212863355558,-0.560439560439562,-0.004884004884004867,1
3.1660001660929993,0.17174757881464903,0.22030212863355558,-0.560439560439562,-0.004884004884004867,1
3.167000166082289,0.17174669143908936,0.22030212863355558,-0.560439560439562,-0.004884004884004867,1
3.168000166071579,0.1717511335840151,0.22030212863355558,-0.560439560439562,-0.004884004884004867,1
3.1690001660608687,0.17176090485484924,0.22030212863355558,-0.560439560439562,-0.004884004884004867,1
3.1700001660501584,0.17177600438365107,0.22030212863355558,-0.560439560439562,-0.004884004884004867,1
3.1710001660394482,0.1717964308291931,0.22030212863355558,-0.560439560439562,-0.004884004884004867,1
3.172000166028738,0.17182218237708047,0.22030212863355558,-0.560439560439562,-0.004884004884004867,1
3.173000166018028,0.17185325673991173,0.22030212863355558,-0.560439560439562,-0.004884004884004867,1
3.1740001660073176,0.17188965115748245,0.22030212863355558,-0.560439560439562,-0.004884004884004867,1
3.1750001659966074,0.17193136239703002,0.22030212863355558,-0.560439560439562,-0.004884004884004867,1
3.176000165985897,0.17197838675352112,0.22030212863355558,-0.560439560439562,-0.004884004884004867,1
3.177000165975187,0.17203072004998055,0.22030212863355558,-0.560439560439562,-0.004884004884004867,1
3.1780001659644768,0.17208835763786243,0.22030212863355558,-0.560439560439562,-0.004884004884004867,1
3.1790001659537666,0.17215129439746302,0.22030212863355558,-0.560439560439562,-0.004884004884004867,1
3.1800001659430563,0.1722195247383756,0.22030212863355558,-0.560439560439562,-0.004884004884004867,1
3.181000165932346,0.1722930425999869,0.22030212863355558,-0.560439560439562,-0.004884004884004867,1
3.182000165921636,0.17237184145201542,0.22030212863355558,-0.560439560439562,-0.004884004884004867,1
3.1830001659109257,0.17245591429509174,0.22030212863355558,-0.560439560439562,-0.004884004884004867,1
3.1840001659002155,0.17254525366137996,0.22030212863355558,-0.560439560439562,-0.004884004884004867,1
3.1850001658895053,0.17263985161524115,0.22030212863355558,-0.560439560439562,-0.004884004884004867,1
3.186000165878795,0.1727396997539383,0.22030212863355558,-0.560439560439562,-0.004884004884004867,1
3.187000165868085,0.1728447892083825,0.22030212863355558,-0.560439560439562,-0.004884004884004867,1
3.1880001658573747,0.17295511064392105,0.22030212863355558,-0.560439560439562,-0.004884004884004867,1
3.1890001658466645,0.1730706542611663,0.22030212863355558,-0.560439560439562,-0.004884004884004867,1
3.1900001658359542,0.17319140979686637,0.22030212863355558,-0.560439560439562,-0.004884004884004867,1
3.191000165825244,0.17331736652481658,0.22030212863355558,-0.560439560439562,-0.004884004884004867,1
3.192000165814534,0.17344851325681224,0.22030212863355558,-0.560439560439562,-0.004884004884004867,1
3.1930001658038236,0.17358483834364258,0.22030212863355558,-0.560439560439562,-0.004884004884004867,1
3.1940001657931134,0.17372632967612542,0.22030212863355558,-0.560439560439562,-0.004884004884004867,1
3.195000165782403,0.17387297468618276,0.22030212863355558,-0.560439560439562,-0.004884004884004867,1
3.196000165771693,0.17402476034795722,0.22030212863355558,-0.560439560439562,-0.004884004884004867,1
3.197000165760983,0.17418167317896888,0.22030212863355558,-0.560439560439562,-0.004884004884004867,1
3.1980001657502726,0.1743436992413131,0.22030212863355558,-0.560439560439562,-0.004884004884004867,1
3.1990001657395624,0.17451082414289854,0.22030212863355558,-0.560439560439562,-0.004884004884004867,1
3.200000165728852,0.1746830330387254,0.22030212863355558,-0.560439560439562,-0.004884004884004867,1
3.201000165718142,0.17486031063220422,0.22030212863355558,-0.560439560439562,-0.004884004884004867,1
3.2020001657074317,0.1750426411765143,0.22030212863355558,-0.560439560439562,-0.004884004884004867,1
3.2030001656967215,0.1752300084760029,0.22030212863355558,-0.560439560439562,-0.004884004884004867,1
3.2040001656860113,0.17542239588762343,0.22030212863355558,-0.560439560439562,-0.004884004884004867,1
3.205000165675301,0.17561978632241393,0.22030212863355558,-0.560439560439562,-0.004884004884004867,1
3.206000165664591,0.17582216224701513,0.22030212863355558,-0.560439560439562,-0.004884004884004867,1
3.2070001656538807,0.17602950568522752,0.22030212863355558,-0.560439560439562,-0.004884004884004867,1
3.2080001656431705,0.17624179821960842,0.22030212863355558,-0.560439560439562,-0.004884004884004867,1
3.2090001656324603,0.1764590209931079,0.21839475089646854,-0.4065934065934016,-0.024420024420024333,1
3.21000016562175,0.17668115471074358,0.21572442206454667,-0.560439560439562,-0.0439560439560438,1
3.21100016561104,0.1769081796413148,0.21152819104295517,-0.4725274725274744,-0.08302808302808273,1
3.2120001656003296,0.17714007561915482,0.20923933775845072,-0.4285714285714306,-0.05372405372405353,1
3.2130001655896194,0.17737682204592253,0.20542458228427662,-0.3846153846153868,-0.05372405372405353,1
3.214000165578909,0.17761839789243192,0.20313572899977217,-0.4725274725274744,-0.08302808302808273,1
3.215000165568199,0.17786478170051986,0.1997024490730155,-0.4285714285714306,-0.06349206349206327,1
3.216000165557489,0.17811595158495255,0.19741359578851103,-0.318681318681314,-0.05372405372405353,1
3.2170001655467786,0.17837188523536882,0.19436179140916998,-0.3626373626373578,-0.1025641025641022,1
3.2180001655360684,0.17863255991826255,0.19169146257724812,-0.340659340659343,-0.08302808302808273,1
3.219000165525358,0.1788979524790017,0.18940260929274366,-0.1868131868131826,-0.08302808302808273,1
3.220000165514648,0.179168039343885,0.1863508049134044,-0.318681318681314,-0.15140415140415087,1
3.2210001655039378,0.17944279652223608,0.18558785381856957,-0.1428571428571388,-0.11233211233211193,1
3.2220001654932275,0.17972219960853392,0.1829175249866477,-0.2307692307692264,-0.17094017094017033,1
3.2230001654825173,0.1800062237845816,0.1821545738918129,-0.098901098901095,-0.17094017094017033,1
3.224000165471807,0.18029484382171,0.1821545738918129,-0.0769230769230802,-0.14163614163614113,1
3.225000165461097,0.18058803408301916,0.18177309834439548,-0.0329670329670364,-0.12210012210012167,1
3.2260001654503867,0.18088576852565552,0.18177309834439548,-0.0329670329670364,-0.09279609279609247,1
3.2270001654396765,0.18118802070312467,0.18139162279697807,-0.0329670329670364,-0.09279609279609247,1
3.2280001654289663,0.1814947637676413,0.18139162279697807,-0.0329670329670364,-0.09279609279609247,1
3.229000165418256,0.18180597047251326,0.18139162279697807,-0.0329670329670364,-0.09279609279609247,1
3.230000165407546,0.1821216131745623,0.18139162279697807,-0.0329670329670364,-0.09279609279609247,1
3.2310001653968357,0.1824416638365792,0.18139162279697807,-0.0329670329670364,-0.09279609279609247,1
3.2320001653861254,0.182766094029814,0.18139162279697807,-0.0329670329670364,-0.09279609279609247,1
3.2330001653754152,0.18309487493650178,0.18139162279697807,-0.0329670329670364,-0.09279609279609247,1
3.234000165364705,0.183427977352422,0.18139162279697807,-0.0329670329670364,-0.09279609279609247,1
3.235000165353995,0.18376537168949264,0.18139162279697807,-0.0329670329670364,-0.09279609279609247,1
3.2360001653432846,0.18410702797839867,0.18139162279697807,-0.0329670329670364,-0.09279609279609247,1
3.2370001653325744,0.18445291587125334,0.18139162279697807,-0.0329670329670364,-0.09279609279609247,1
3.238000165321864,0.1848030046442949,0.18139162279697807,-0.0329670329670364,-0.09279609279609247,1
3.239000165311154,0.18515726320061485,0.18139162279697807,-0.0329670329670364,-0.09279609279609247,1
3.2400001653004438,0.18551566007292075,0.18139162279697807,-0.0329670329670364,-0.09279609279609247,1
3.2410001652897336,0.18587816342633054,0.18139162279697807,-0.0329670329670364,-0.09279609279609247,1
3.2420001652790233,0.18624474106120112,0.18139162279697807,-0.0329670329670364,-0.09279609279609247,1
3.243000165268313,0.18661536041598809,0.18139162279697807,-0.0329670329670364,-0.09279609279609247,1
3.244000165257603,0.18698998857013804,0.18139162279697807,-0.0329670329670364,-0.09279609279609247,1
3.2450001652468927,0.18736859224701316,0.18139162279697807,-0.0329670329670364,-0.09279609279609247,1
3.2460001652361825,0.18775113781684608,0.18139162279697807,-0.0329670329670364,-0.09279609279609247,1
3.2470001652254723,0.1881375912997283,0.18139162279697807,-0.0329670329670364,-0.09279609279609247,1
3.248000165214762,0.18852791836862762,0.18139162279697807,-0.0329670329670364,-0.09279609279609247,1
3.249000165204052,0.18892208435243768,0.18139162279697807,-0.0329670329670364,-0.09279609279609247,1
3.2500001651933417,0.18932005423905757,0.18139162279697807,-0.0329670329670364,-0.09279609279609247,1
3.2510001651826315,0.18972179267850134,0.18139162279697807,-0.0329670329670364,-0.09279609279609247,1
3.2520001651719213,0.19012726398603877,0.18139162279697807,-0.0329670329670364,-0.09279609279609247,1
3.253000165161211,0.19053643214536464,0.18139162279697807,-0.0329670329670364,-0.09279609279609247,1
3.254000165150501,0.190949260811798,0.18139162279697807,-0.0329670329670364,-0.09279609279609247,1
3.2550001651397906,0.19136571331551058,0.18139162279697807,-0.0329670329670364,-0.09279609279609247,1
3.2560001651290804,0.19178575266478354,0.18139162279697807,-0.0329670329670364,-0.09279609279609247,1
3.25700016511837,0.1922093415492941,0.18139162279697807,-0.0329670329670364,-0.09279609279609247,1
3.25800016510766,0.19263644234342908,0.18139162279697807,-0.0329670329670364,-0.09279609279609247,1
3.25900016509695,0.19306701710962731,0.18139162279697807,-0.0329670329670364,-0.09279609279609247,1
3.2600001650862396,0.19350102760174934,0.18139162279697807,-0.0329670329670364,-0.09279609279609247,1
3.2610001650755294,0.19393843526847426,0.18139162279697807,-0.0329670329670364,-0.09279609279609247,1
3.262000165064819,0.19437920125672503,0.18139162279697807,-0.0329670329670364,-0.09279609279609247,1
3.263000165054109,0.1948232864151188,0.18139162279697807,-0.0329670329670364,-0.09279609279609247,1
3.2640001650433987,0.19527065129744497,0.18139162279697807,-0.0329670329670364,-0.09279609279609247,1
3.2650001650326885,0.19572125616616895,0.18139162279697807,-0.0329670329670364,-0.09279609279609247,1
3.2660001650219783,0.19617506099596138,0.18139162279697807,-0.0329670329670364,-0.09279609279609247,1
3.267000165011268,0.19663202547725436,0.18139162279697807,-0.0329670329670364,-0.09279609279609247,1
3.268000165000558,0.19709210901982133,0.18139162279697807,-0.0329670329670364,-0.09279609279609247,1
3.2690001649898477,0.19755527075638268,0.18139162279697807,-0.0329670329670364,-0.09279609279609247,1
3.2700001649791375,0.19802146954623595,0.18139162279697807,-0.0329670329670364,-0.09279609279609247,1
3.2710001649684273,0.19849066397890958,0.18139162279697807,-0.0329670329670364,-0.09279609279609247,1
3.272000164957717,0.19896281237784216,0.18139162279697807,-0.0329670329670364,-0.09279609279609247,1
3.273000164947007,0.19943787280408384,0.18139162279697807,-0.0329670329670364,-0.09279609279609247,1
3.2740001649362966,0.19991580306002157,0.18139162279697807,-0.0329670329670364,-0.09279609279609247,1
3.2750001649255864,0.2003965606931277,0.18139162279697807,-0.0329670329670364,-0.09279609279609247,1
3.2760001649148762,0.20088010299973,0.18139162279697807,-0.0329670329670364,-0.09279609279609247,1
3.277000164904166,0.201366387028806,0.18139162279697807,-0.0329670329670364,-0.09279609279609247,1
3.278000164893456,0.20185536958579745,0.18139162279697807,-0.0329670329670364,-0.09279609279609247,1
3.2790001648827456,0.20234700723644722,0.18139162279697807,-0.0329670329670364,-0.09279609279609247,1
3.2800001648720354,0.20284125631065758,0.18139162279697807,-0.0329670329670364,-0.09279609279609247,1
3.281000164861325,0.20333807290636852,0.18139162279697807,-0.0329670329670364,-0.09279609279609247,1
3.282000164850615,0.20383741289345852,0.18139162279697807,-0.0329670329670364,-0.09279609279609247,1
3.2830001648399048,0.20433923191766365,0.18139162279697807,-0.0329670329670364,-0.09279609279609247,1
3.2840001648291945,0.20484348540451755,0.18139162279697807,-0.0329670329670364,-0.09279609279609247,1
3.2850001648184843,0.20535012856331103,0.18139162279697807,-0.0329670329670364,-0.09279609279609247,1
3.286000164807774,0.20585911639106985,0.18139162279697807,-0.0329670329670364,-0.09279609279609247,1
3.287000164797064,0.2063704036765533,0.18139162279697807,-0.0329670329670364,-0.09279609279609247,1
3.2880001647863537,0.20688394500426932,0.18139162279697807,-0.0329670329670364,-0.09279609279609247,1
3.2890001647756435,0.2073996947585088,0.18139162279697807,-0.0329670329670364,-0.09279609279609247,1
3.2900001647649333,0.20791760712739765,0.18139162279697807,-0.0329670329670364,-0.09279609279609247,1
3.291000164754223,0.20843763610696525,0.18139162279697807,-0.0329670329670364,-0.09279609279609247,1
3.292000164743513,0.20895973550523192,0.18139162279697807,-0.0329670329670364,-0.09279609279609247,1
3.2930001647328027,0.20948385894631133,0.18139162279697807,-0.0329670329670364,-0.09279609279609247,1
3.2940001647220924,0.21000995987452983,0.18139162279697807,-0.0329670329670364,-0.09279609279609247,1
3.2950001647113822,0.2105379915585623,0.18139162279697807,-0.0329670329670364,-0.09279609279609247,1
3.296000164700672,0.21106790709558193,0.18139162279697807,-0.0329670329670364,-0.09279609279609247,1
3.297000164689962,0.21159965941542797,0.18139162279697807,-0.0329670329670364,-0.09279609279609247,1
3.2980001646792516,0.21213320128478574,0.18139162279697807,-0.0329670329670364,-0.09279609279609247,1
3.2990001646685414,0.2126684853113824,0.18139162279697807,-0.0329670329670364,-0.09279609279609247,1
3.300000164657831,0.21320546394819692,0.18139162279697807,-0.0329670329670364,-0.09279609279609247,1
3.301000164647121,0.21374408949768245,0.18139162279697807,-0.0329670329670364,-0.09279609279609247,1
3.3020001646364108,0.21428431411600457,0.18139162279697807,-0.0329670329670364,-0.09279609279609247,1
3.3030001646257006,0.21482608981729007,0.18139162279697807,-0.0329670329670364,-0.09279609279609247,1
3.3040001646149904,0.21536936847788957,0.18139162279697807,-0.0329670329670364,-0.09279609279609247,1
3.30500016460428,0.21591410184065243,0.18139162279697807,-0.0329670329670364,-0.09279609279609247,1
3.30600016459357,0.21646024151921225,0.18139162279697807,-0.0329670329670364,-0.09279609279609247,1
3.3070001645828597,0.2170077390022862,0.18139162279697807,-0.0329670329670364,-0.09279609279609247,1
3.3080001645721495,0.21755654565798319,0.18139162279697807,-0.0329670329670364,-0.09279609279609247,1
3.3090001645614393,0.21810661273812387,0.18139162279697807,-0.0329670329670364,-0.09279609279609247,1
3.310000164550729,0.21865789138257086,0.18139162279697807,-0.0329670329670364,-0.09279609279609247,1
3.311000164540019,0.2192103326235681,0.18139162279697807,-0.0329670329670364,-0.09279609279609247,1
3.3120001645293087,0.21976388739009148,0.18139162279697807,-0.0329670329670364,-0.09279609279609247,1
3.3130001645185985,0.220318506512207,0.18139162279697807,-0.0329670329670364,-0.09279609279609247,1
3.3140001645078883,0.22087414072543848,0.18139162279697807,-0.0329670329670364,-0.09279609279609247,1
3.315000164497178,0.22143074067514357,0.18139162279697807,-0.0329670329670364,-0.09279609279609247,1
3.316000164486468,0.2219882569208971,0.18139162279697807,-0.0329670329670364,-0.09279609279609247,1
3.3170001644757576,0.22254663994088375,0.18139162279697807,-0.0329670329670364,-0.09279609279609247,1
3.3180001644650474,0.22310584013629617,0.18139162279697807,-0.0329670329670364,-0.09279609279609247,1
3.319000164454337,0.22366580783574064,0.18139162279697807,-0.0329670329670364,-0.09279609279609247,1
3.320000164443627,0.22422649329964964,0.18139162279697807,-0.0329670329670364,-0.09279609279609247,1
3.321000164432917,0.22478784672469895,0.18139162279697807,-0.0329670329670364,-0.09279609279609247,1
3.3220001644222066,0.22534981824823286,0.18139162279697807,-0.0329670329670364,-0.09279609279609247,1
3.3230001644114964,0.2259123579526923,0.18139162279697807,-0.0329670329670364,-0.09279609279609247,1
3.324000164400786,0.22647541587004916,0.18139162279697807,-0.0329670329670364,-0.09279609279609247,1
3.325000164390076,0.22703894198624483,0.18139162279697807,-0.0329670329670364,-0.09279609279609247,1
3.3260001643793657,0.22760288624563196,0.18139162279697807,-0.0329670329670364,-0.09279609279609247,1
3.3270001643686555,0.22816719855542192,0.18139162279697807,-0.0329670329670364,-0.09279609279609247,1
3.3280001643579453,0.22873182879013357,0.18139162279697807,-0.0329670329670364,-0.09279609279609247,1
3.329000164347235,0.2292967267960457,0.18139162279697807,-0.0329670329670364,-0.09279609279609247,1
3.330000164336525,0.2298618423956525,0.18139162279697807,-0.0329670329670364,-0.09279609279609247,1
3.3310001643258147,0.23042712539211946,0.18139162279697807,-0.0329670329670364,-0.09279609279609247,1
3.3320001643151045,0.23099252557374364,0.18139162279697807,-0.0329670329670364,-0.09279609279609247,1
3.3330001643043943,0.23155799271841274,0.18139162279697807,-0.0329670329670364,-0.09279609279609247,1
3.334000164293684,0.23212347659806645,0.18139162279697807,-0.0329670329670364,-0.09279609279609247,1
3.335000164282974,0.23268892698315824,0.18139162279697807,-0.0329670329670364,-0.09279609279609247,1
3.3360001642722636,0.233254293647116,0.18139162279697807,-0.0329670329670364,-0.09279609279609247,1
3.3370001642615534,0.23381952637080497,0.18139162279697807,-0.0329670329670364,-0.09279609279609247,1
3.3380001642508432,0.23438457494698747,0.18139162279697807,-0.0329670329670364,-0.09279609279609247,1
3.339000164240133,0.23494938918478284,0.18139162279697807,-0.0329670329670364,-0.09279609279609247,1
3.340000164229423,0.23551391891412599,0.18139162279697807,-0.010989010989007397,-0.08302808302808273,1
3.3410001642187126,0.2360781139902228,0.18177309834439548,0.0329670329670364,-0.09279609279609247,1
3.3420001642080024,0.2366419242980057,0.1821545738918129,0.0549450549450512,-0.08302808302808273,1
3.343000164197292,0.2372052997565842,0.1825360494392303,0.0549450549450512,-0.12210012210012167,1
3.344000164186582,0.23776819032369365,0.1829175249866477,0.0549450549450512,-0.1611721611721606,1
3.3450001641758718,0.23833054600014048,0.18329900053406512,0.098901098901095,-0.23931623931623847,1
3.3460001641651616,0.23889231683424256,0.18406195162889993,0.098901098901095,-0.28815628815628713,1
3.3470001641544513,0.23945345292626746,0.18520637827115216,0.120879120879124,-0.3467643467643491,1
3.348000164143741,0.240013904432864,0.18558785381856957,0.1428571428571388,-0.3760683760683783,1
3.349000164133031,0.24057362157148987,0.1863508049134044,0.120879120879124,-0.42490842490842695,1
3.3500001641223207,0.2411325546248337,0.1871137560082392,0.098901098901095,-0.5518925518925535,1
3.3510001641116105,0.24169065394523062,0.18825818265049143,0.1648351648351678,-0.6202686202686216,1
3.3520001641009003,0.2422478699590732,0.19016556038757848,0.2747252747252702,-0.5616605616605632,1
3.35300016409019,0.2428041531712143,0.1905470359349959,0.2307692307692264,-0.5518925518925535,1
3.35400016407948,0.24335945416936355,0.19321736476691775,0.2747252747252702,-0.6398046398046411,1
3.3550001640687697,0.24391372362847683,0.19741359578851103,0.340659340659343,-0.6495726495726508,1
3.3560001640580595,0.2444669123151365,0.19932097352559808,0.340659340659343,-0.5811965811965827,1
3.3570001640473492,0.24501897109192616,0.19932097352559808,0.340659340659343,-0.5811965811965827,1
3.358000164036639,0.24556985092179417,0.19932097352559808,0.340659340659343,-0.5811965811965827,1
3.359000164025929,0.24611950287240988,0.19932097352559808,0.340659340659343,-0.5811965811965827,1
3.3600001640152186,0.24666787812051016,0.19932097352559808,0.340659340659343,-0.5811965811965827,1
3.3610001640045084,0.24721492795623534,0.19932097352559808,0.340659340659343,-0.5811965811965827,1
3.362000163993798,0.24776060378745712,0.19932097352559808,0.340659340659343,-0.5811965811965827,1
3.363000163983088,0.24830485714409412,0.19932097352559808,0.340659340659343,-0.5811965811965827,1
3.3640001639723778,0.24884763968241724,0.19932097352559808,0.340659340659343,-0.5811965811965827,1
3.3650001639616676,0.24938890318934429,0.19932097352559808,0.340659340659343,-0.5811965811965827,1
3.3660001639509574,0.24992859958672156,0.19932097352559808,0.340659340659343,-0.5811965811965827,1
3.367000163940247,0.25046668093559565,0.19932097352559808,0.340659340659343,-0.5811965811965827,1
3.368000163929537,0.251003099440471,0.19932097352559808,0.340659340659343,-0.5811965811965827,1
3.3690001639188267,0.2515378074535556,0.19932097352559808,0.340659340659343,-0.5811965811965827,1
3.3700001639081165,0.25207075747899255,0.19932097352559808,0.340659340659343,-0.5811965811965827,1
3.3710001638974063,0.25260190217708023,0.19932097352559808,0.340659340659343,-0.5811965811965827,1
3.372000163886696,0.25313119436847653,0.19932097352559808,0.340659340659343,-0.5811965811965827,1
3.373000163875986,0.2536585870383895,0.19932097352559808,0.340659340659343,-0.5811965811965827,1
3.3740001638652757,0.254184033340754,0.19932097352559808,0.340659340659343,-0.5811965811965827,1
3.3750001638545655,0.25470748660239184,0.19932097352559808,0.340659340659343,-0.5811965811965827,1
3.3760001638438553,0.25522890032715895,0.19932097352559808,0.340659340659343,-0.5811965811965827,1
3.377000163833145,0.2557482282000743,0.19932097352559808,0.340659340659343,-0.5811965811965827,1
3.378000163822435,0.2562654240914345,0.19932097352559808,0.340659340659343,-0.5811965811965827,1
3.3790001638117246,0.2567804420609111,0.19932097352559808,0.340659340659343,-0.5811965811965827,1
3.3800001638010144,0.2572932363616309,0.19932097352559808,0.340659340659343,-0.5811965811965827,1
3.381000163790304,0.25780376144424,0.19932097352559808,0.340659340659343,-0.5811965811965827,1
3.382000163779594,0.25831197196094985,0.19932097352559808,0.340659340659343,-0.5811965811965827,1
3.383000163768884,0.2588178227695647,0.19932097352559808,0.340659340659343,-0.5811965811965827,1
3.3840001637581736,0.2593212689374921,0.19932097352559808,0.340659340659343,-0.5811965811965827,1
3.3850001637474634,0.25982226574573286,0.19932097352559808,0.340659340659343,-0.5811965811965827,1
3.386000163736753,0.26032076869285486,0.19932097352559808,0.340659340659343,-0.5811965811965827,1
3.387000163726043,0.26081673349894496,0.19932097352559808,0.340659340659343,-0.5811965811965827,1
3.3880001637153327,0.26131011610954225,0.19932097352559808,0.340659340659343,-0.5811965811965827,1
3.3890001637046225,0.26180087269955166,0.19932097352559808,0.340659340659343,-0.5811965811965827,1
3.3900001636939123,0.26228895967713567,0.19932097352559808,0.340659340659343,-0.5811965811965827,1
3.391000163683202,0.26277433368758807,0.19932097352559808,0.340659340659343,-0.5811965811965827,1
3.392000163672492,0.26325695161718354,0.19932097352559808,0.340659340659343,-0.5811965811965827,1
3.3930001636617817,0.263736770597008,0.19932097352559808,0.340659340659343,-0.5811965811965827,1
3.3940001636510715,0.2642137480067664,0.19932097352559808,0.340659340659343,-0.5811965811965827,1
3.3950001636403613,0.26468784147856783,0.19932097352559808,0.340659340659343,-0.5811965811965827,1
3.396000163629651,0.26515900890069,0.19932097352559808,0.340659340659343,-0.5811965811965827,1
3.397000163618941,0.26562720842131887,0.19932097352559808,0.340659340659343,-0.5811965811965827,1
3.3980001636082307,0.2660923984522669,0.19932097352559808,0.340659340659343,-0.5811965811965827,1
3.3990001635975204,0.2665545376726666,0.19932097352559808,0.340659340659343,-0.5811965811965827,1
3.4000001635868102,0.26701358503264117,0.19932097352559808,0.340659340659343,-0.5811965811965827,1
3.4010001635761,0.2674694997569506,0.19932097352559808,0.340659340659343,-0.5811965811965827,1
3.40200016356539,0.2679222413486143,0.19932097352559808,0.340659340659343,-0.5811965811965827,1
3.4030001635546796,0.2683717695925064,0.19932097352559808,0.340659340659343,-0.5811965811965827,1
3.4040001635439694,0.26881804455893027,0.19932097352559808,0.340659340659343,-0.5811965811965827,1
3.405000163533259,0.26926102660716383,0.19932097352559808,0.340659340659343,-0.5811965811965827,1
3.406000163522549,0.26970067638898104,0.19932097352559808,0.340659340659343,-0.5811965811965827,1
3.4070001635118388,0.270136954852147,0.19932097352559808,0.340659340659343,-0.5811965811965827,1
3.4080001635011286,0.27056982324388684,0.19932097352559808,0.340659340659343,-0.5811965811965827,1
3.4090001634904183,0.270999243114328,0.19932097352559808,0.340659340659343,-0.5811965811965827,1
3.410000163479708,0.27142517631991536,0.19932097352559808,0.340659340659343,-0.5811965811965827,1
3.411000163468998,0.2718475850267997,0.19932097352559808,0.340659340659343,-0.5811965811965827,1
3.4120001634582877,0.2722664317141983,0.19932097352559808,0.340659340659343,-0.5811965811965827,1
3.4130001634475775,0.2726816791777268,0.19932097352559808,0.340659340659343,-0.5811965811965827,1
3.4140001634368673,0.2730932905327056,0.19932097352559808,0.340659340659343,-0.5811965811965827,1
3.415000163426157,0.2735012292174349,0.19932097352559808,0.340659340659343,-0.5811965811965827,1
3.416000163415447,0.2739054589964428,0.19932097352559808,0.340659340659343,-0.5811965811965827,1
3.4170001634047367,0.27430594396370384,0.19932097352559808,0.340659340659343,-0.5811965811965827,1
3.4180001633940265,0.27470264854582827,0.19932097352559808,0.340659340659343,-0.5811965811965827,1
3.4190001633833162,0.2750955375052221,0.19932097352559808,0.340659340659343,-0.5811965811965827,1
3.420000163372606,0.27548457594321696,0.19932097352559808,0.340659340659343,-0.5811965811965827,1
3.421000163361896,0.2758697293031701,0.19932097352559808,0.340659340659343,-0.5811965811965827,1
3.4220001633511856,0.27625096337353416,0.19932097352559808,0.340659340659343,-0.5811965811965827,1
3.4230001633404754,0.2766282442908947,0.19932097352559808,0.340659340659343,-0.5811965811965827,1
3.424000163329765,0.27700153854298026,0.19932097352559808,0.340659340659343,-0.5811965811965827,1
3.425000163319055,0.2773708129716377,0.19932097352559808,0.340659340659343,-0.5811965811965827,1
3.426000163308345,0.27773603477577763,0.19932097352559808,0.340659340659343,-0.5811965811965827,1
3.4270001632976346,0.2780971715142885,0.19932097352559808,0.340659340659343,-0.5811965811965827,1
3.4280001632869244,0.27845419110891767,0.19932097352559808,0.340659340659343,-0.5811965811965827,1
3.429000163276214,0.2788070618471212,0.19932097352559808,0.340659340659343,-0.5811965811965827,1
3.430000163265504,0.2791557523848803,0.19932097352559808,0.340659340659343,-0.5811965811965827,1
3.4310001632547937,0.2795002317494863,0.19932097352559808,0.340659340659343,-0.5811965811965827,1
3.4320001632440835,0.2798404693422903,0.19932097352559808,0.340659340659343,-0.5811965811965827,1
3.4330001632333733,0.28017643494142297,0.19932097352559808,0.340659340659343,-0.5811965811965827,1
3.434000163222663,0.2805080987044778,0.19932097352559808,0.340659340659343,-0.5811965811965827,1
3.435000163211953,0.2808354311711623,0.19932097352559808,0.340659340659343,-0.5811965811965827,1
3.4360001632012427,0.2811584032659147,0.19932097352559808,0.340659340659343,-0.5811965811965827,1
3.4370001631905325,0.28147698630048673,0.19932097352559808,0.340659340659343,-0.5811965811965827,1
3.4380001631798223,0.2817911519764918,0.19932097352559808,0.340659340659343,-0.5811965811965827,1
3.439000163169112,0.2821008723879186,0.19932097352559808,0.340659340659343,-0.5811965811965827,1
3.440000163158402,0.28240612002360993,0.19932097352559808,0.340659340659343,-0.5811965811965827,1
3.4410001631476916,0.28270686776970666,0.19932097352559808,0.340659340659343,-0.5811965811965827,1
3.4420001631369814,0.28300308891205517,0.19932097352559808,0.340659340659343,-0.5811965811965827,1
3.443000163126271,0.28329475713858154,0.19932097352559808,0.340659340659343,-0.5811965811965827,1
3.444000163115561,0.283581846541628,0.19932097352559808,0.340659340659343,-0.5811965811965827,1
3.445000163104851,0.2838643316202544,0.19932097352559808,0.340659340659343,-0.5811965811965827,1
3.4460001630941406,0.2841421872825031,0.19932097352559808,0.340659340659343,-0.5811965811965827,1
3.4470001630834304,0.2844153888476283,0.19932097352559808,0.340659340659343,-0.5811965811965827,1
3.44800016307272,0.28468391204828775,0.19932097352559808,0.340659340659343,-0.5811965811965827,1
3.44900016306201,0.2849477330326986,0.19932097352559808,0.340659340659343,-0.5811965811965827,1
3.4500001630512998,0.2852068283667561,0.19932097352559808,0.340659340659343,-0.5811965811965827,1
3.4510001630405895,0.28546117503611523,0.19932097352559808,0.340659340659343,-0.5811965811965827,1
3.4520001630298793,0.28571075044823435,0.19932097352559808,0.340659340659343,-0.5811965811965827,1
3.453000163019169,0.28595553243438293,0.19932097352559808,0.340659340659343,-0.5811965811965827,1
3.454000163008459,0.28619549925161,0.19932097352559808,0.340659340659343,-0.5811965811965827,1
3.4550001629977487,0.2864306295846758,0.19932097352559808,0.340659340659343,-0.5811965811965827,1
3.4560001629870385,0.2866609025479451,0.19932097352559808,0.340659340659343,-0.5811965811965827,1
3.4570001629763283,0.2868862976872423,0.19932097352559808,0.340659340659343,-0.5811965811965827,1
3.458000162965618,0.2871067949816682,0.19932097352559808,0.340659340659343,-0.5811965811965827,1
3.459000162954908,0.2873223748453787,0.19932097352559808,0.340659340659343,-0.5811965811965827,1
3.4600001629441977,0.28753301812932414,0.19932097352559808,0.340659340659343,-0.5811965811965827,1
3.4610001629334874,0.28773870612295066,0.19932097352559808,0.340659340659343,-0.5811965811965827,1
3.4620001629227772,0.28793942055586147,0.19932097352559808,0.340659340659343,-0.5811965811965827,1
3.463000162912067,0.28813514359944054,0.22335393301289486,0.5164835164835182,-0.385836385836388,1
3.464000162901357,0.2883258578684359,0.23517967498283454,0.5164835164835182,-0.3174603174603199,1
3.4650001628906466,0.28851154642250376,0.23937590600442604,0.538461538461533,-0.3076923076923066,1
3.4660001628799364,0.2886921927677135,0.24280918593118272,0.5164835164835182,-0.29792429792429687,1
3.467000162869226,0.2888677808580125,0.24700541695277423,0.4945054945054892,-0.29792429792429687,1
3.468000162858516,0.2890382950966517,0.24853131914244386,0.4065934065934016,-0.2783882783882774,1
3.4690001628478058,0.28920372033757075,0.2508201724269483,0.4725274725274744,-0.2783882783882774,1
3.4700001628370956,0.2893640418867436,0.25196459906920055,0.4065934065934016,-0.26862026862026767,1
3.4710001628263853,0.2895192455034837,0.25196459906920055,0.4065934065934016,-0.26862026862026767,1
3.472000162815675,0.2896693174017084,0.25196459906920055,0.4065934065934016,-0.26862026862026767,1
3.473000162804965,0.2898142442511645,0.25196459906920055,0.4065934065934016,-0.26862026862026767,1
3.4740001627942547,0.28995401317861136,0.25196459906920055,0.4065934065934016,-0.26862026862026767,1
3.4750001627835445,0.29008861176896505,0.25196459906920055,0.4065934065934016,-0.26862026862026767,1
3.4760001627728343,0.2902180280664008,0.25196459906920055,0.4065934065934016,-0.26862026862026767,1
3.477000162762124,0.29034225057541496,0.25196459906920055,0.4065934065934016,-0.26862026862026767,1
3.478000162751414,0.29046126826184626,0.25196459906920055,0.4065934065934016,-0.26862026862026767,1
3.4790001627407037,0.29057507055385584,0.25196459906920055,0.4065934065934016,-0.26862026862026767,1
3.4800001627299935,0.29068364734286634,0.25196459906920055,0.4065934065934016,-0.26862026862026767,1
3.4810001627192833,0.2907869889844598,0.25196459906920055,0.4065934065934016,-0.26862026862026767,1
3.482000162708573,0.29088508629923415,0.25196459906920055,0.4065934065934016,-0.26862026862026767,1
3.483000162697863,0.290977930573619,0.25196459906920055,0.4065934065934016,-0.26862026862026767,1
3.4840001626871526,0.2910655135606492,0.25196459906920055,0.4065934065934016,-0.26862026862026767,1
3.4850001626764424,0.29114782748069756,0.25196459906920055,0.4065934065934016,-0.26862026862026767,1
3.486000162665732,0.29122486502216594,0.25196459906920055,0.4065934065934016,-0.26862026862026767,1
3.487000162655022,0.2912966193421347,0.25196459906920055,0.4065934065934016,-0.26862026862026767,1
3.488000162644312,0.2913630840669702,0.25196459906920055,0.4065934065934016,-0.26862026862026767,1
3.4890001626336016,0.29142425329289157,0.25196459906920055,0.4065934065934016,-0.26862026862026767,1
3.4900001626228914,0.29148012158649445,0.25196459906920055,0.4065934065934016,-0.26862026862026767,1
3.491000162612181,0.29153068398523424,0.25196459906920055,0.4065934065934016,-0.26862026862026767,1
3.492000162601471,0.2915759359978663,0.25196459906920055,0.4065934065934016,-0.26862026862026767,1
3.4930001625907607,0.2916158736048453,0.25196459906920055,0.4065934065934016,-0.26862026862026767,1
3.4940001625800505,0.2916504932586822,0.25196459906920055,0.4065934065934016,-0.26862026862026767,1
3.4950001625693403,0.2916797918842592,0.25196459906920055,0.4065934065934016,-0.26862026862026767,1
3.49600016255863,0.29170376687910304,0.25196459906920055,0.4065934065934016,-0.26862026862026767,1
3.49700016254792,0.29172241611361616,0.25196459906920055,0.4065934065934016,-0.26862026862026767,1
3.4980001625372097,0.2917357379312656,0.25196459906920055,0.4065934065934016,-0.26862026862026767,1
3.4990001625264995,0.29174373114873065,0.25196459906920055,0.4065934065934016,-0.26862026862026767,1
3.5000001625157893,0.29174639505600747,0.25196459906920055,0.4065934065934016,-0.26862026862026767,1
3.501000162505079,0.2917437294164724,0.25196459906920055,0.4065934065934016,-0.26862026862026767,1
3.502000162494369,0.29173573446690304,0.25196459906920055,0.4065934065934016,-0.26862026862026767,1
3.5030001624836586,0.291722410917457,0.25196459906920055,0.4065934065934016,-0.26862026862026767,1
3.5040001624729484,0.29170375995160885,0.25196459906920055,0.4065934065934016,-0.26862026862026767,1
3.5050001624622382,0.29167978322604526,0.25196459906920055,0.4065934065934016,-0.26862026862026767,1
3.506000162451528,0.29165048287051765,0.25196459906920055,0.4065934065934016,-0.26862026862026767,1
3.507000162440818,0.29161586148765284,0.25196459906920055,0.4065934065934016,-0.26862026862026767,1
3.5080001624301076,0.2915759221527222,0.25196459906920055,0.4065934065934016,-0.26862026862026767,1
3.5090001624193974,0.2915306684133684,0.25196459906920055,0.4065934065934016,-0.26862026862026767,1
3.510000162408687,0.29148010428929,0.25196459906920055,0.4065934065934016,-0.26862026862026767,1
3.511000162397977,0.2914242342718849,0.25196459906920055,0.4065934065934016,-0.26862026862026767,1
3.5120001623872668,0.2913630633238509,0.25196459906920055,0.4065934065934016,-0.26862026862026767,1
3.5130001623765565,0.2912965968787453,0.25196459906920055,0.4065934065934016,-0.26862026862026767,1
3.5140001623658463,0.2912248408405019,0.25196459906920055,0.4065934065934016,-0.26862026862026767,1
3.515000162355136,0.29114780158290665,0.25196459906920055,0.4065934065934016,-0.26862026862026767,1
3.516000162344426,0.29106548594903187,0.25196459906920055,0.4065934065934016,-0.26862026862026767,1
3.5170001623337157,0.2909779012506279,0.25196459906920055,0.4065934065934016,-0.26862026862026767,1
3.5180001623230055,0.29088505526747394,0.25196459906920055,0.4065934065934016,-0.26862026862026767,1
3.5190001623122953,0.2907869562466868,0.25196459906920055,0.4065934065934016,-0.26862026862026767,1
3.520000162301585,0.29068361290198863,0.25196459906920055,0.4065934065934016,-0.26862026862026767,1
3.521000162290875,0.29057503441293253,0.25196459906920055,0.4065934065934016,-0.26862026862026767,1
3.5220001622801647,0.29046123042408767,0.25196459906920055,0.4065934065934016,-0.26862026862026767,1
3.5230001622694544,0.29034221104418206,0.25196459906920055,0.4065934065934016,-0.26862026862026767,1
3.5240001622587442,0.29021798684520494,0.25196459906920055,0.4065934065934016,-0.26862026862026767,1
3.525000162248034,0.29008856886146783,0.25196459906920055,0.4065934065934016,-0.26862026862026767,1
3.526000162237324,0.289953968588624,0.25196459906920055,0.4065934065934016,-0.26862026862026767,1
3.5270001622266136,0.2898141979826477,0.25196459906920055,0.4065934065934016,-0.26862026862026767,1
3.5280001622159034,0.2896692694587721,0.25196459906920055,0.4065934065934016,-0.26862026862026767,1
3.529000162205193,0.2895191958903864,0.25196459906920055,0.4065934065934016,-0.26862026862026767,1
3.530000162194483,0.28936399060789236,0.25196459906920055,0.4065934065934016,-0.26862026862026767,1
3.5310001621837728,0.2892036673975202,0.25196459906920055,0.4065934065934016,-0.26862026862026767,1
3.5320001621730626,0.2890382405001044,0.25196459906920055,0.4065934065934016,-0.26862026862026767,1
3.5330001621623524,0.2888677246098181,0.25196459906920055,0.4065934065934016,-0.26862026862026767,1
3.534000162151642,0.2886921348728682,0.25196459906920055,0.4065934065934016,-0.26862026862026767,1
3.535000162140932,0.28851148688615014,0.25196459906920055,0.4065934065934016,-0.26862026862026767,1
3.5360001621302217,0.28832579669586234,0.25196459906920055,0.4065934065934016,-0.26862026862026767,1
3.5370001621195115,0.28813508079608074,0.25196459906920055,0.4065934065934016,-0.26862026862026767,1
3.5380001621088013,0.28793935612729393,0.25196459906920055,0.4065934065934016,-0.26862026862026767,1
3.539000162098091,0.28773864007489836,0.25196459906920055,0.4065934065934016,-0.26862026862026767,1
3.540000162087381,0.28753295046765404,0.25196459906920055,0.4065934065934016,-0.26862026862026767,1
3.5410001620766707,0.2873223055761005,0.25196459906920055,0.4065934065934016,-0.26862026862026767,1
3.5420001620659605,0.287106724110935,0.25196459906920055,0.4065934065934016,-0.26862026862026767,1
3.5430001620552503,0.2868862252213492,0.25196459906920055,0.4065934065934016,-0.26862026862026767,1
3.54400016204454,0.286660828493329,0.25196459906920055,0.4065934065934016,-0.26862026862026767,1
3.54500016203383,0.28643055394791467,0.25196459906920055,0.4065934065934016,-0.26862026862026767,1
3.5460001620231196,0.2861954220394223,0.25196459906920055,0.4065934065934016,-0.26862026862026767,1
3.5470001620124094,0.28595545365362707,0.25196459906920055,0.4065934065934016,-0.26862026862026767,1
3.548000162001699,0.28571067010590817,0.25196459906920055,0.4065934065934016,-0.26862026862026767,1
3.549000161990989,0.2854610931393552,0.25196459906920055,0.4065934065934016,-0.26862026862026767,1
3.550000161980279,0.2852067449228368,0.25196459906920055,0.4065934065934016,-0.26862026862026767,1
3.5510001619695686,0.2849476480490318,0.25196459906920055,0.4065934065934016,-0.26862026862026767,1
3.5520001619588584,0.2846838255324223,0.25196459906920055,0.4065934065934016,-0.26862026862026767,1
3.553000161948148,0.284415300807249,0.25196459906920055,0.4065934065934016,-0.26862026862026767,1
3.554000161937438,0.2841420977254303,0.25196459906920055,0.4065934065934016,-0.26862026862026767,1
3.5550001619267277,0.283864240554443,0.25196459906920055,0.4065934065934016,-0.26862026862026767,1
3.5560001619160175,0.28358175397516705,0.25196459906920055,0.4065934065934016,-0.26862026862026767,1
3.5570001619053073,0.28329466307969325,0.25196459906920055,0.4065934065934016,-0.26862026862026767,1
3.558000161894597,0.28300299336909446,0.25196459906920055,0.4065934065934016,-0.26862026862026767,1
3.559000161883887,0.28270677075116024,0.25196459906920055,0.4065934065934016,-0.26862026862026767,1
3.5600001618731767,0.28240602153809546,0.25196459906920055,0.4065934065934016,-0.26862026862026767,1
3.5610001618624665,0.2821007724441842,0.25196459906920055,0.4065934065934016,-0.26862026862026767,1
3.5620001618517563,0.28179105058341497,0.25196459906920055,0.4065934065934016,-0.26862026862026767,1
3.563000161841046,0.2814768834670739,0.25196459906920055,0.4065934065934016,-0.26862026862026767,1
3.564000161830336,0.2811582990013,0.25196459906920055,0.4065934065934016,-0.26862026862026767,1
3.5650001618196256,0.2808353254846072,0.25196459906920055,0.4065934065934016,-0.26862026862026767,1
3.5660001618089154,0.28050799160537,0.25196459906920055,0.4065934065934016,-0.26862026862026767,1
3.5670001617982052,0.2801763264392756,0.25196459906920055,0.4065934065934016,-0.26862026862026767,1
3.568000161787495,0.2798403594467412,0.25196459906920055,0.4065934065934016,-0.26862026862026767,1
3.569000161776785,0.27950012047029693,0.25196459906920055,0.4065934065934016,-0.26862026862026767,1
3.5700001617660746,0.2791556397319352,0.25196459906920055,0.4065934065934016,-0.26862026862026767,1
3.5710001617553644,0.27880694783042675,0.25196459906920055,0.4065934065934016,-0.26862026862026767,1
3.572000161744654,0.27845407573860165,0.25196459906920055,0.4065934065934016,-0.26862026862026767,1
3.573000161733944,0.27809705480059865,0.25196459906920055,0.4065934065934016,-0.26862026862026767,1
3.5740001617232338,0.2777359167290812,0.25196459906920055,0.4065934065934016,-0.26862026862026767,1
3.5750001617125235,0.2773706936024202,0.25196459906920055,0.4065934065934016,-0.26862026862026767,1
3.5760001617018133,0.2770014178618449,0.25196459906920055,0.4065934065934016,-0.26862026862026767,1
3.577000161691103,0.27662812230856093,0.25196459906920055,0.4065934065934016,-0.26862026862026767,1
3.578000161680393,0.2762508401008372,0.25196459906920055,0.4065934065934016,-0.26862026862026767,1
3.5790001616696827,0.2758696047510601,0.25196459906920055,0.4065934065934016,-0.26862026862026767,1
3.5800001616589725,0.2754844501227567,0.25196459906920055,0.4065934065934016,-0.26862026862026767,1
3.5810001616482623,0.27509541042758795,0.25196459906920055,0.4065934065934016,-0.26862026862026767,1
3.582000161637552,0.27470252022230807,0.2538719768062876,0.4285714285714306,-0.2490842490842482,1
3.583000161626842,0.274305814405696,0.2576867322804617,0.3846153846153868,-0.219780219780219,1
3.5840001616161317,0.27390532821545543,0.2584496833752965,0.4065934065934016,-0.22954822954822873,1
3.5850001616054215,0.2735010972250847,0.26073853665980096,0.318681318681314,-0.219780219780219,1
3.5860001615947112,0.2730931573407169,0.2634088654917228,0.3626373626373578,-0.219780219780219,1
3.587000161584001,0.27268154479793044,0.26531624322880987,0.2747252747252702,-0.22954822954822873,1
3.588000161573291,0.2722662961585307,0.26798657206073173,0.2527472527472554,-0.22954822954822873,1
3.5890001615625806,0.271847448307302,0.26913099870298396,0.2087912087912116,-0.20024420024419953,1
3.5900001615518704,0.2714250384487312,0.271038376440071,0.2307692307692264,-0.21001221001220927,1
3.59100016154116,0.2709991041037042,0.2714198519874884,0.0769230769230802,-0.22954822954822873,1
3.59200016153045,0.27056968310617113,0.27256427862974064,0.1428571428571388,-0.2490842490842482,1
3.5930001615197398,0.2701368135997872,0.27370870527199287,0.120879120879124,-0.1611721611721606,1
3.5940001615090296,0.269700534034524,0.27370870527199287,0.0549450549450512,-0.1611721611721606,1
3.5950001614983194,0.2692608831632543,0.2740901808194103,0.0329670329670364,-0.15140415140415087,1
3.596000161487609,0.26881790003830974,0.27370870527199287,0.010989010989007397,-0.12210012210012167,1
3.597000161476899,0.26837162400801207,0.27370870527199287,-0.010989010989007397,-0.08302808302808273,1
3.5980001614661887,0.2679220947131778,0.27370870527199287,-0.0329670329670364,-0.0439560439560438,1
3.5990001614554785,0.2674693520835973,0.27370870527199287,-0.010989010989007397,-0.03418803418803407,1
3.6000001614447683,0.2670134363344875,0.27370870527199287,-0.010989010989007397,-0.03418803418803407,1
3.601000161434058,0.26655438796292125,0.27370870527199287,-0.010989010989007397,-0.03418803418803407,1
3.602000161423348,0.2660922477442279,0.27370870527199287,-0.010989010989007397,-0.03418803418803407,1
3.6030001614126377,0.265627056728373,0.27370870527199287,-0.010989010989007397,-0.03418803418803407,1
3.6040001614019275,0.2651588562363114,0.27370870527199287,-0.010989010989007397,-0.03418803418803407,1
3.6050001613912173,0.26468768785631724,0.27370870527199287,-0.010989010989007397,-0.03418803418803407,1
3.606000161380507,0.2642135934402893,0.27370870527199287,-0.010989010989007397,-0.03418803418803407,1
3.607000161369797,0.26373661510003404,0.27370870527199287,-0.010989010989007397,-0.03418803418803407,1
3.6080001613590866,0.26325679520352474,0.27370870527199287,-0.010989010989007397,-0.03418803418803407,1
3.6090001613483764,0.2627741763711379,0.27370870527199287,-0.010989010989007397,-0.03418803418803407,1
3.610000161337666,0.26228880147186767,0.27370870527199287,-0.010989010989007397,-0.03418803418803407,1
3.611000161326956,0.2618007136195188,0.27370870527199287,-0.010989010989007397,-0.03418803418803407,1
3.612000161316246,0.2613099561688752,0.27370870527199287,-0.010989010989007397,-0.03418803418803407,1
3.6130001613055356,0.2608165727118503,0.27370870527199287,-0.010989010989007397,-0.03418803418803407,1
3.6140001612948254,0.2603206070736147,0.27370870527199287,-0.010989010989007397,-0.03418803418803407,1
3.615000161284115,0.2598221033087031,0.27370870527199287,-0.010989010989007397,-0.03418803418803407,1
3.616000161273405,0.2593211056971013,0.27370870527199287,-0.010989010989007397,-0.03418803418803407,1
3.6170001612626947,0.25881765874031315,0.27370870527199287,-0.010989010989007397,-0.03418803418803407,1
3.6180001612519845,0.2583118071574073,0.27370870527199287,-0.010989010989007397,-0.03418803418803407,1
3.6190001612412743,0.25780359588104523,0.27370870527199287,-0.010989010989007397,-0.03418803418803407,1
3.620000161230564,0.2572930700534898,0.27370870527199287,-0.010989010989007397,-0.03418803418803407,1
3.621000161219854,0.2567802750225966,0.27370870527199287,-0.010989010989007397,-0.03418803418803407,1
3.6220001612091437,0.256265256337784,0.27370870527199287,-0.010989010989007397,-0.03418803418803407,1
3.6230001611984335,0.2557480597459885,0.27370870527199287,-0.010989010989007397,-0.03418803418803407,1
3.6240001611877233,0.25522873118760087,0.27370870527199287,-0.010989010989007397,-0.03418803418803407,1
3.625000161177013,0.2547073167923855,0.27370870527199287,-0.010989010989007397,-0.03418803418803407,1
3.626000161166303,0.25418386287538286,0.27370870527199287,-0.010989010989007397,-0.03418803418803407,1
3.6270001611555927,0.2536584159327955,0.27370870527199287,-0.010989010989007397,-0.03418803418803407,1
3.6280001611448824,0.253131022637858,0.27370870527199287,-0.010989010989007397,-0.03418803418803407,1
3.6290001611341722,0.2526017298366914,0.27370870527199287,-0.010989010989007397,-0.03418803418803407,1
3.630000161123462,0.2520705845441412,0.27370870527199287,-0.010989010989007397,-0.03418803418803407,1
3.631000161112752,0.2515376339396032,0.27370870527199287,-0.010989010989007397,-0.03418803418803407,1
3.6320001611020416,0.25100292536283036,0.27370870527199287,-0.010989010989007397,-0.03418803418803407,1
3.6330001610913314,0.25046650630972905,0.27370870527199287,-0.010989010989007397,-0.03418803418803407,1
3.634000161080621,0.24992842442814028,0.27370870527199287,-0.010989010989007397,-0.03418803418803407,1
3.635000161069911,0.24938872751360697,0.27370870527199287,-0.010989010989007397,-0.03418803418803407,1
3.6360001610592008,0.2488474635051286,0.27370870527199287,-0.010989010989007397,-0.03418803418803407,1
3.6370001610484906,0.248304680480903,0.27370870527199287,-0.010989010989007397,-0.03418803418803407,1
3.6380001610377803,0.24776042665405584,0.27370870527199287,-0.010989010989007397,-0.03418803418803407,1
3.63900016102707,0.24721475036835788,0.27370870527199287,-0.010989010989007397,-0.03418803418803407,1
3.64000016101636,0.24666770009393052,0.27370870527199287,-0.010989010989007397,-0.03418803418803407,1
3.6410001610056497,0.246119324422942,0.27370870527199287,-0.010989010989007397,-0.03418803418803407,1
3.6420001609949395,0.24556967206528874,0.27370870527199287,-0.010989010989007397,-0.03418803418803407,1
3.6430001609842293,0.24501879184427025,0.27370870527199287,-0.010989010989007397,-0.03418803418803407,1
3.644000160973519,0.24446673269225197,0.27370870527199287,-0.010989010989007397,-0.03418803418803407,1
3.645000160962809,0.24391354364631876,0.27370870527199287,-0.010989010989007397,-0.03418803418803407,1
3.6460001609520987,0.24335927384391925,0.27370870527199287,-0.010989010989007397,-0.03418803418803407,1
3.6470001609413885,0.24280397251850105,0.27370870527199287,-0.010989010989007397,-0.03418803418803407,1
3.6480001609306782,0.24224768899513768,0.27370870527199287,-0.010989010989007397,-0.03418803418803407,1
3.649000160919968,0.2416904726861471,0.27370870527199287,-0.010989010989007397,-0.03418803418803407,1
3.650000160909258,0.24113237308670224,0.27370870527199287,-0.010989010989007397,-0.03418803418803407,1
3.6510001608985476,0.2405734397704363,0.27370870527199287,-0.010989010989007397,-0.03418803418803407,1
3.6520001608878374,0.2400137223850368,0.27370870527199287,-0.010989010989007397,-0.03418803418803407,1
3.653000160877127,0.2394532706478371,0.27370870527199287,-0.010989010989007397,-0.03418803418803407,1
3.654000160866417,0.23889213434140014,0.27370870527199287,-0.010989010989007397,-0.03418803418803407,1
3.655000160855707,0.23833036330909602,0.27370870527199287,-0.010989010989007397,-0.03418803418803407,1
3.6560001608449966,0.23776800745067506,0.27370870527199287,-0.010989010989007397,-0.03418803418803407,1
3.6570001608342864,0.2372051167178351,0.27370870527199287,-0.010989010989007397,-0.03418803418803407,1
3.658000160823576,0.23664174110978464,0.27370870527199287,-0.010989010989007397,-0.03418803418803407,1
3.659000160812866,0.23607793066880162,0.27370870527199287,-0.010989010989007397,-0.03418803418803407,1
3.6600001608021557,0.23551373547578794,0.27370870527199287,-0.010989010989007397,-0.03418803418803407,1
3.6610001607914455,0.2349492056458226,0.27370870527199287,-0.010989010989007397,-0.03418803418803407,1
3.6620001607807353,0.23438439132370784,0.27370870527199287,-0.010989010989007397,-0.03418803418803407,1
3.663000160770025,0.23381934267951643,0.27370870527199287,-0.010989010989007397,-0.03418803418803407,1
3.664000160759315,0.23325410990413506,0.27370870527199287,-0.010989010989007397,-0.03418803418803407,1
3.6650001607486047,0.23268874320480598,0.27370870527199287,-0.010989010989007397,-0.03418803418803407,1
3.6660001607378945,0.2321232928006674,0.27370870527199287,-0.010989010989007397,-0.03418803418803407,1
3.6670001607271843,0.23155780891829258,0.27370870527199287,-0.010989010989007397,-0.03418803418803407,1
3.668000160716474,0.2309923417872286,0.27370870527199287,-0.010989010989007397,-0.03418803418803407,1
3.669000160705764,0.23042694163553454,0.27370870527199287,-0.010989010989007397,-0.03418803418803407,1
3.6700001606950536,0.22986165868531955,0.27370870527199287,-0.010989010989007397,-0.03418803418803407,1
3.6710001606843434,0.22929654314828357,0.27370870527199287,-0.010989010989007397,-0.03418803418803407,1
3.672000160673633,0.2287316452212547,0.27370870527199287,-0.010989010989007397,-0.03418803418803407,1
3.673000160662923,0.228167015081732,0.27370870527199287,-0.010989010989007397,-0.03418803418803407,1
3.674000160652213,0.22760270288342815,0.27370870527199287,-0.010989010989007397,-0.03418803418803407,1
3.6750001606415026,0.22703875875181442,0.27370870527199287,-0.010989010989007397,-0.03418803418803407,1
3.6760001606307924,0.22647523277966833,0.27370870527199287,-0.010989010989007397,-0.03418803418803407,1
3.677000160620082,0.22591217502262398,0.27370870527199287,-0.010989010989007397,-0.03418803418803407,1
3.678000160609372,0.22534963549472592,0.27370870527199287,-0.010989010989007397,-0.03418803418803407,1
3.6790001605986618,0.22478766416398666,0.27370870527199287,-0.010989010989007397,-0.03418803418803407,1
3.6800001605879515,0.22422631094794765,0.27370870527199287,-0.010989010989007397,-0.03418803418803407,1
3.6810001605772413,0.2236656257092471,0.27370870527199287,-0.010989010989007397,-0.03418803418803407,1
3.682000160566531,0.22310565825118842,0.27370870527199287,-0.010989010989007397,-0.03418803418803407,1
3.683000160555821,0.2225464583133179,0.27370870527199287,-0.010989010989007397,-0.03418803418803407,1
3.6840001605451107,0.2219880755670063,0.27370870527199287,-0.010989010989007397,-0.03418803418803407,1
3.6850001605344005,0.22143055961103678,0.27370870527199287,-0.010989010989007397,-0.03418803418803407,1
3.6860001605236903,0.22087395996719902,0.27370870527199287,-0.010989010989007397,-0.03418803418803407,1
3.68700016051298,0.2203183260758907,0.27370870527199287,-0.010989010989007397,-0.03418803418803407,1
3.68800016050227,0.21976370729172567,0.27370870527199287,-0.010989010989007397,-0.03418803418803407,1
3.6890001604915597,0.2192101528791498,0.27370870527199287,-0.010989010989007397,-0.03418803418803407,1
3.6900001604808494,0.21865771200806644,0.27370870527199287,-0.010989010989007397,-0.03418803418803407,1
3.6910001604701392,0.21810643374946656,0.27370870527199287,-0.010989010989007397,-0.03418803418803407,1
3.692000160459429,0.21755636707107162,0.27370870527199287,-0.010989010989007397,-0.03418803418803407,1
3.693000160448719,0.21700756083298348,0.27370870527199287,-0.010989010989007397,-0.03418803418803407,1
3.6940001604380086,0.21646006378334443,0.27370870527199287,-0.010989010989007397,-0.03418803418803407,1
3.6950001604272984,0.21591392455400701,0.27370870527199287,-0.010989010989007397,-0.03418803418803407,1
3.696000160416588,0.2153691916562144,0.27370870527199287,-0.010989010989007397,-0.03418803418803407,1
3.697000160405878,0.21482591347629124,0.27370870527199287,-0.010989010989007397,-0.03418803418803407,1
3.6980001603951678,0.21428413827134574,0.27370870527199287,-0.010989010989007397,-0.03418803418803407,1
3.6990001603844576,0.21374391416498273,0.27370870527199287,-0.010989010989007397,-0.03418803418803407,1
3.7000001603737473,0.21320528914303077,0.27370870527199287,-0.010989010989007397,-0.03418803418803407,1
3.701000160363037,0.2126683110492773,0.27370870527199287,-0.010989010989007397,-0.03418803418803407,1
3.702000160352327,0.21213302758122038,0.27332722972457546,-0.0329670329670364,-0.024420024420024333,1
3.7030001603416167,0.21159948628583172,0.27332722972457546,-0.0329670329670364,0.024420024420024333,1
3.7040001603309065,0.21106773455533318,0.27332722972457546,-0.0329670329670364,0.0439560439560438,1
3.7050001603201963,0.210537819622987,0.27256427862974064,-0.0549450549450512,0.09279609279609247,1
3.706000160309486,0.21000978855890062,0.2714198519874884,-0.1428571428571388,0.12210012210012167,1
3.707000160298776,0.20948368826584515,0.26951247425040137,-0.1648351648351678,0.05372405372405353,1
3.7080001602880657,0.20895956547508965,0.26913099870298396,-0.0329670329670364,0.21001221001220927,1
3.7090001602773555,0.20843746674224953,0.26836804760814914,-0.1428571428571388,0.2783882783882774,1
3.7100001602666453,0.20791743844315283,0.26455329213397505,-0.3846153846153868,0.1611721611721606,1
3.711000160255935,0.2073995267697186,0.26379034103914023,-0.1648351648351678,0.1611721611721606,1
3.712000160245225,0.20688377772585526,0.26112001220721837,-0.340659340659343,0.18070818070818007,1
3.7130001602345146,0.20637023712337405,0.2592126344701313,-0.2747252747252702,0.21001221001220927,1
3.7140001602238044,0.20585895057791959,0.25539787899595723,-0.2307692307692264,0.2490842490842482,1
3.715000160213094,0.20534996350491827,0.25272755016403536,-0.3846153846153868,0.25885225885225793,1
3.716000160202384,0.2048433211155439,0.24853131914244386,-0.4945054945054892,0.1904761904761898,1
3.717000160191674,0.20433906841270202,0.24395361257343495,-0.4945054945054892,0.09279609279609247,1
3.7180001601809636,0.20383725018703236,0.24280918593118272,-0.4285714285714306,0.09279609279609247,1
3.7190001601702534,0.20333791101292997,0.24280918593118272,-0.4285714285714306,0.09279609279609247,1
3.720000160159543,0.20284109524458732,0.24280918593118272,-0.4285714285714306,0.09279609279609247,1
3.721000160148833,0.2023468470120523,0.24280918593118272,-0.4285714285714306,0.09279609279609247,1
3.7220001601381227,0.20185521021730973,0.24280918593118272,-0.4285714285714306,0.09279609279609247,1
3.7230001601274125,0.2013662285303815,0.24280918593118272,-0.4285714285714306,0.09279609279609247,1
3.7240001601167023,0.20087994538544746,0.24280918593118272,-0.4285714285714306,0.09279609279609247,1
3.725000160105992,0.20039640397698733,0.24280918593118272,-0.4285714285714306,0.09279609279609247,1
3.726000160095282,0.19991564725594402,0.24280918593118272,-0.4285714285714306,0.09279609279609247,1
3.7270001600845717,0.1994377179259083,0.24280918593118272,-0.4285714285714306,0.09279609279609247,1
3.7280001600738615,0.19896265843932584,0.24280918593118272,-0.4285714285714306,0.09279609279609247,1
3.7290001600631513,0.19849051099372578,0.24280918593118272,-0.4285714285714306,0.09279609279609247,1
3.730000160052441,0.1980213175279741,0.24280918593118272,-0.4285714285714306,0.09279609279609247,1
3.731000160041731,0.19755511971854608,0.24280918593118272,-0.4285714285714306,0.09279609279609247,1
3.7320001600310206,0.19709195897582588,0.24280918593118272,-0.4285714285714306,0.09279609279609247,1
3.7330001600203104,0.19663187644042782,0.24280918593118272,-0.4285714285714306,0.09279609279609247,1
3.7340001600096002,0.19617491297954207,0.24280918593118272,-0.4285714285714306,0.09279609279609247,1
3.73500015999889,0.19572110918330454,0.24280918593118272,-0.4285714285714306,0.09279609279609247,1
3.73600015998818,0.1952705053611915,0.24280918593118272,-0.4285714285714306,0.09279609279609247,1
3.7370001599774696,0.19482314153843902,0.24280918593118272,-0.4285714285714306,0.09279609279609247,1
3.7380001599667594,0.19437905745248768,0.24280918593118272,-0.4285714285714306,0.09279609279609247,1
3.739000159956049,0.19393829254945255,0.24280918593118272,-0.4285714285714306,0.09279609279609247,1
3.740000159945339,0.1935008859806207,0.24280918593118272,-0.4285714285714306,0.09279609279609247,1
3.7410001599346288,0.19306687659897157,0.24280918593118272,-0.4285714285714306,0.09279609279609247,1
3.7420001599239185,0.19263630295572703,0.24280918593118272,-0.4285714285714306,0.09279609279609247,1
3.7430001599132083,0.19220920329692692,0.24280918593118272,-0.4285714285714306,0.09279609279609247,1
3.744000159902498,0.19178561556003162,0.24280918593118272,-0.4285714285714306,0.09279609279609247,1
3.745000159891788,0.1913655773705524,0.24280918593118272,-0.4285714285714306,0.09279609279609247,1
3.7460001598810777,0.1909491260387091,0.24280918593118272,-0.4285714285714306,0.09279609279609247,1
3.7470001598703675,0.1905362985561162,0.24280918593118272,-0.4285714285714306,0.09279609279609247,1
3.7480001598596573,0.19012713159249695,0.24280918593118272,-0.4285714285714306,0.09279609279609247,1
3.749000159848947,0.18972166149242578,0.24280918593118272,-0.4285714285714306,0.09279609279609247,1
3.750000159838237,0.18931992427210131,0.24280918593118272,-0.4285714285714306,0.09279609279609247,1
3.7510001598275267,0.18892195561614528,0.24280918593118272,-0.4285714285714306,0.09279609279609247,1
3.7520001598168164,0.188527790874434,0.24280918593118272,-0.4285714285714306,0.09279609279609247,1
3.7530001598061062,0.18813746505895823,0.24280918593118272,-0.4285714285714306,0.09279609279609247,1
3.754000159795396,0.18775101284071305,0.24280918593118272,-0.4285714285714306,0.09279609279609247,1
3.755000159784686,0.18736846854661826,0.24280918593118272,-0.4285714285714306,0.09279609279609247,1
3.7560001597739756,0.18698986615646918,0.24280918593118272,-0.4285714285714306,0.09279609279609247,1
3.7570001597632654,0.18661523929991858,0.24280918593118272,-0.4285714285714306,0.09279609279609247,1
3.758000159752555,0.18624462125348923,0.24280918593118272,-0.4285714285714306,0.09279609279609247,1
3.759000159741845,0.18587804493761803,0.24280918593118272,-0.4285714285714306,0.09279609279609247,1
3.7600001597311348,0.18551554291373273,0.24280918593118272,-0.4285714285714306,0.09279609279609247,1
3.7610001597204246,0.1851571473813582,0.24280918593118272,-0.4285714285714306,0.09279609279609247,1
3.7620001597097144,0.1848028901752572,0.24280918593118272,-0.4285714285714306,0.09279609279609247,1
3.763000159699004,0.18445280276260242,0.24280918593118272,-0.4285714285714306,0.09279609279609247,1
3.764000159688294,0.1841069162401815,0.24280918593118272,-0.4285714285714306,0.09279609279609247,1
3.7650001596775837,0.1837652613316346,0.24280918593118272,-0.4285714285714306,0.09279609279609247,1
3.7660001596668735,0.18342786838472552,0.24280918593118272,-0.4285714285714306,0.09279609279609247,1
3.7670001596561633,0.18309476736864605,0.24280918593118272,-0.4285714285714306,0.09279609279609247,1
3.768000159645453,0.1827659878713538,0.24280918593118272,-0.4285714285714306,0.09279609279609247,1
3.769000159634743,0.1824415590969439,0.24280918593118272,-0.4285714285714306,0.09279609279609247,1
3.7700001596240327,0.18212150986305584,0.24280918593118272,-0.4285714285714306,0.09279609279609247,1
3.7710001596133225,0.18180586859831227,0.24280918593118272,-0.4285714285714306,0.09279609279609247,1
3.7720001596026123,0.18149466333979478,0.24280918593118272,-0.4285714285714306,0.09279609279609247,1
3.773000159591902,0.18118792173055326,0.24280918593118272,-0.4285714285714306,0.09279609279609247,1
3.774000159581192,0.18088567101715053,0.24280918593118272,-0.4285714285714306,0.09279609279609247,1
3.7750001595704816,0.18058793804724194,0.24280918593118272,-0.4285714285714306,0.09279609279609247,1
3.7760001595597714,0.18029474926719088,0.24280918593118272,-0.4285714285714306,0.09279609279609247,1
3.777000159549061,0.1800061307197195,0.24280918593118272,-0.4285714285714306,0.09279609279609247,1
3.778000159538351,0.17972210804159539,0.24280918593118272,-0.4285714285714306,0.09279609279609247,1
3.779000159527641,0.17944270646135438,0.24280918593118272,-0.4285714285714306,0.09279609279609247,1
3.7800001595169306,0.17916795079706022,0.24280918593118272,-0.4285714285714306,0.09279609279609247,1
3.7810001595062204,0.17889786545409897,0.24280918593118272,-0.4285714285714306,0.09279609279609247,1
3.78200015949551,0.1786324744230119,0.24280918593118272,-0.4285714285714306,0.09279609279609247,1
3.7830001594848,0.1783718012773644,0.24280918593118272,-0.4285714285714306,0.09279609279609247,1
3.7840001594740897,0.17811586917165206,0.24280918593118272,-0.4285714285714306,0.09279609279609247,1
3.7850001594633795,0.17786470083924383,0.24280918593118272,-0.4285714285714306,0.09279609279609247,1
3.7860001594526693,0.17761831859036276,0.24280918593118272,-0.4285714285714306,0.09279609279609247,1
3.787000159441959,0.17737674431010436,0.24280918593118272,-0.4285714285714306,0.09279609279609247,1
3.788000159431249,0.17713999945649256,0.24280918593118272,-0.4285714285714306,0.09279609279609247,1
3.7890001594205387,0.1769081050585735,0.24280918593118272,-0.4285714285714306,0.09279609279609247,1
3.7900001594098285,0.17668108171454833,0.24280918593118272,-0.4285714285714306,0.09279609279609247,1
3.7910001593991183,0.17645894958994257,0.24280918593118272,-0.4285714285714306,0.09279609279609247,1
3.792000159388408,0.17624172841581548,0.24280918593118272,-0.4285714285714306,0.09279609279609247,1
3.793000159377698,0.17602943748700733,0.24280918593118272,-0.4285714285714306,0.09279609279609247,1
3.7940001593669876,0.17582209566042548,0.24280918593118272,-0.4285714285714306,0.09279609279609247,1
3.7950001593562774,0.17561972135336945,0.24280918593118272,-0.4285714285714306,0.09279609279609247,1
3.7960001593455672,0.175422332541895,0.24280918593118272,-0.4285714285714306,0.09279609279609247,1
3.797000159334857,0.17522994675921724,0.24280918593118272,-0.4285714285714306,0.09279609279609247,1
3.798000159324147,0.17504258109415347,0.24280918593118272,-0.4285714285714306,0.09279609279609247,1
3.7990001593134366,0.17486025218960494,0.24280918593118272,-0.4285714285714306,0.09279609279609247,1
3.8000001593027264,0.17468297624107906,0.24280918593118272,-0.4285714285714306,0.09279609279609247,1
3.801000159292016,0.1745107689952502,0.24280918593118272,-0.4285714285714306,0.09279609279609247,1
3.802000159281306,0.17434364574856126,0.24280918593118272,-0.4285714285714306,0.09279609279609247,1
3.8030001592705958,0.1741816213458651,0.24280918593118272,-0.4285714285714306,0.09279609279609247,1
3.8040001592598855,0.17402471017910562,0.24280918593118272,-0.4285714285714306,0.09279609279609247,1
3.8050001592491753,0.1738729261860397,0.24280918593118272,-0.4285714285714306,0.09279609279609247,1
3.806000159238465,0.17372628284899888,0.24280918593118272,-0.4285714285714306,0.09279609279609247,1
3.807000159227755,0.173584793193692,0.24280918593118272,-0.4285714285714306,0.09279609279609247,1
3.8080001592170447,0.17344846978804812,0.24280918593118272,-0.4285714285714306,0.09279609279609247,1
3.8090001592063345,0.17331732474109995,0.24280918593118272,-0.4285714285714306,0.09279609279609247,1
3.8100001591956243,0.17319136970190888,0.24280918593118272,-0.4285714285714306,0.09279609279609247,1
3.811000159184914,0.17307061585852937,0.24280918593118272,-0.4285714285714306,0.09279609279609247,1
3.812000159174204,0.17295507393701579,0.24280918593118272,-0.4285714285714306,0.09279609279609247,1
3.8130001591634937,0.17284475420046946,0.24280918593118272,-0.4285714285714306,0.09279609279609247,1
3.8140001591527835,0.17273966644812705,0.24280918593118272,-0.4285714285714306,0.09279609279609247,1
3.8150001591420732,0.17263982001449016,0.24280918593118272,-0.4285714285714306,0.09279609279609247,1
3.816000159131363,0.17254522376849615,0.24280918593118272,-0.4285714285714306,0.09279609279609247,1
3.817000159120653,0.17245588611273038,0.24280918593118272,-0.4285714285714306,0.09279609279609247,1
3.8180001591099426,0.17237181498267978,0.24280918593118272,-0.4285714285714306,0.09279609279609247,1
3.8190001590992324,0.17229301784602816,0.24280918593118272,-0.4285714285714306,0.09279609279609247,1
3.820000159088522,0.1722195017019926,0.24280918593118272,-0.4285714285714306,0.09279609279609247,1
3.821000159077812,0.172151273080702,0.23975738155184345,-0.4725274725274744,0.06349206349206327,1
3.8220001590671018,0.1720883380426168,0.23632410162508677,-0.5164835164835182,0.06349206349206327,1
3.8230001590563916,0.1720307021779909,0.2340352483405823,-0.3846153846153868,0.09279609279609247,1
3.8240001590456814,0.17197837060637497,0.2294575417715734,-0.4065934065934016,0.1318681318681314,1
3.825000159034971,0.17193134797616164,0.22716868848706895,-0.4945054945054892,0.11233211233211193,1
3.826000159024261,0.17188963846417274,0.22259098191806004,-0.4945054945054892,0.024420024420024333,1
3.8270001590135507,0.17185324577528824,0.21839475089646854,-0.4285714285714306,-0.03418803418803407,1
3.8280001590028405,0.17182217314211706,0.21381704432745963,-0.4505494505494454,-0.073260073260073,1
3.8290001589921303,0.17179642332471018,0.21000228885328553,-0.3846153846153868,-0.06349206349206327,1
3.83000015898142,0.17177599861031514,0.20656900892652885,-0.4285714285714306,-0.08302808302808273,1
3.83100015897071,0.1717609008131732,0.20237277790493735,-0.340659340659343,-0.073260073260073,1
3.8320001589599997,0.17175113127435787,0.19817654688334585,-0.340659340659343,-0.08302808302808273,1
3.8330001589492895,0.17174669086165617,0.1947432669565874,-0.3846153846153868,-0.09279609279609247,1
3.8340001589385793,0.17174757996949117,0.19245441367208294,-0.318681318681314,-0.06349206349206327,1
3.835000158927869,0.17175379851888714,0.19169146257724812,-0.340659340659343,-0.09279609279609247,1
3.836000158917159,0.17176534595747664,0.19169146257724812,-0.340659340659343,-0.09279609279609247,1
3.8370001589064486,0.1717822212595494,0.19169146257724812,-0.340659340659343,-0.09279609279609247,1
3.8380001588957384,0.17180442292614354,0.19169146257724812,-0.340659340659343,-0.09279609279609247,1
3.839000158885028,0.17183194898517873,0.19169146257724812,-0.340659340659343,-0.09279609279609247,1
3.840000158874318,0.17186479699163124,0.19169146257724812,-0.340659340659343,-0.09279609279609247,1
3.841000158863608,0.17190296402775135,0.19169146257724812,-0.340659340659343,-0.09279609279609247,1
3.8420001588528976,0.17194644670332224,0.19169146257724812,-0.340659340659343,-0.09279609279609247,1
3.8430001588421874,0.17199524115596132,0.19169146257724812,-0.340659340659343,-0.09279609279609247,1
3.844000158831477,0.17204934305146333,0.19169146257724812,-0.340659340659343,-0.09279609279609247,1
3.845000158820767,0.17210874758418515,0.19169146257724812,-0.340659340659343,-0.09279609279609247,1
3.8460001588100567,0.1721734494774728,0.19169146257724812,-0.340659340659343,-0.09279609279609247,1
3.8470001587993465,0.17224344298413014,0.19169146257724812,-0.340659340659343,-0.09279609279609247,1
3.8480001587886363,0.17231872188692943,0.19169146257724812,-0.340659340659343,-0.09279609279609247,1
3.849000158777926,0.17239927949916323,0.19169146257724812,-0.340659340659343,-0.09279609279609247,1
3.850000158767216,0.17248510866523883,0.19169146257724812,-0.340659340659343,-0.09279609279609247,1
3.8510001587565057,0.17257620176131364,0.19169146257724812,-0.340659340659343,-0.09279609279609247,1
3.8520001587457955,0.17267255069597232,0.19169146257724812,-0.340659340659343,-0.09279609279609247,1
3.8530001587350853,0.17277414691094553,0.19169146257724812,-0.340659340659343,-0.09279609279609247,1
3.854000158724375,0.17288098138187025,0.19169146257724812,-0.340659340659343,-0.09279609279609247,1
3.855000158713665,0.17299304461909126,0.19169146257724812,-0.340659340659343,-0.09279609279609247,1
3.8560001587029546,0.17311032666850407,0.19169146257724812,-0.340659340659343,-0.09279609279609247,1
3.8570001586922444,0.1732328171124391,0.19169146257724812,-0.340659340659343,-0.09279609279609247,1
3.8580001586815342,0.17336050507058726,0.19169146257724812,-0.340659340659343,-0.09279609279609247,1
3.859000158670824,0.1734933792009658,0.19169146257724812,-0.340659340659343,-0.09279609279609247,1
3.860000158660114,0.17363142770092657,0.19169146257724812,-0.340659340659343,-0.09279609279609247,1
3.8610001586494036,0.1737746383082038,0.19169146257724812,-0.340659340659343,-0.09279609279609247,1
3.8620001586386934,0.1739229983020036,0.19169146257724812,-0.340659340659343,-0.09279609279609247,1
3.863000158627983,0.17407649450413376,0.19169146257724812,-0.340659340659343,-0.09279609279609247,1
3.864000158617273,0.17423511328017438,0.19169146257724812,-0.340659340659343,-0.09279609279609247,1
3.8650001586065628,0.1743988405406889,0.19169146257724812,-0.340659340659343,-0.09279609279609247,1
3.8660001585958526,0.1745676617424757,0.19169146257724812,-0.340659340659343,-0.09279609279609247,1
3.8670001585851423,0.1747415618898598,0.19169146257724812,-0.340659340659343,-0.09279609279609247,1
3.868000158574432,0.17492052553602505,0.19169146257724812,-0.340659340659343,-0.09279609279609247,1
3.869000158563722,0.1751045367843857,0.19169146257724812,-0.340659340659343,-0.09279609279609247,1
3.8700001585530117,0.17529357928999917,0.19169146257724812,-0.340659340659343,-0.09279609279609247,1
3.8710001585423015,0.17548763626101743,0.19169146257724812,-0.340659340659343,-0.09279609279609247,1
3.8720001585315913,0.1756866904601786,0.19169146257724812,-0.340659340659343,-0.09279609279609247,1
3.873000158520881,0.17589072420633817,0.19169146257724812,-0.340659340659343,-0.09279609279609247,1
3.874000158510171,0.17609971937603944,0.19169146257724812,-0.340659340659343,-0.09279609279609247,1
3.8750001584994607,0.1763136574051234,0.19169146257724812,-0.340659340659343,-0.09279609279609247,1
3.8760001584887505,0.17653251929037767,0.19169146257724812,-0.340659340659343,-0.09279609279609247,1
3.8770001584780402,0.17675628559122458,0.19169146257724812,-0.340659340659343,-0.09279609279609247,1
3.87800015846733,0.17698493643144805,0.19169146257724812,-0.340659340659343,-0.09279609279609247,1
3.87900015845662,0.17721845150095844,0.19169146257724812,-0.340659340659343,-0.09279609279609247,1
3.8800001584459096,0.1774568100575977,0.19169146257724812,-0.340659340659343,-0.09279609279609247,1
3.8810001584351994,0.17769999092898103,0.19169146257724812,-0.340659340659343,-0.09279609279609247,1
3.882000158424489,0.17794797251437788,0.19169146257724812,-0.340659340659343,-0.09279609279609247,1
3.883000158413779,0.17820073278663034,0.19169146257724812,-0.340659340659343,-0.09279609279609247,1
3.884000158403069,0.17845824929411014,0.19169146257724812,-0.340659340659343,-0.09279609279609247,1
3.8850001583923586,0.17872049916271252,0.19169146257724812,-0.340659340659343,-0.09279609279609247,1
3.8860001583816484,0.1789874590978883,0.19169146257724812,-0.340659340659343,-0.09279609279609247,1
3.887000158370938,0.17925910538671297,0.19169146257724812,-0.340659340659343,-0.09279609279609247,1
3.888000158360228,0.17953541389999317,0.19169146257724812,-0.340659340659343,-0.09279609279609247,1
3.8890001583495177,0.17981636009440927,0.19169146257724812,-0.340659340659343,-0.09279609279609247,1
3.8900001583388075,0.18010191901469655,0.19169146257724812,-0.340659340659343,-0.09279609279609247,1
3.8910001583280973,0.18039206529586108,0.19169146257724812,-0.340659340659343,-0.09279609279609247,1
3.892000158317387,0.18068677316543308,0.19169146257724812,-0.340659340659343,-0.09279609279609247,1
3.893000158306677,0.18098601644575615,0.19169146257724812,-0.340659340659343,-0.09279609279609247,1
3.8940001582959667,0.1812897685563124,0.19169146257724812,-0.340659340659343,-0.09279609279609247,1
3.8950001582852565,0.18159800251608363,0.19169146257724812,-0.340659340659343,-0.09279609279609247,1
3.8960001582745463,0.1819106909459479,0.19169146257724812,-0.340659340659343,-0.09279609279609247,1
3.897000158263836,0.18222780607111141,0.19169146257724812,-0.340659340659343,-0.09279609279609247,1
3.898000158253126,0.18254931972357608,0.19169146257724812,-0.340659340659343,-0.09279609279609247,1
3.8990001582424156,0.18287520334464036,0.19169146257724812,-0.340659340659343,-0.09279609279609247,1
3.9000001582317054,0.1832054279874376,0.19169146257724812,-0.340659340659343,-0.09279609279609247,1
3.901000158220995,0.18353996431950625,0.19169146257724812,-0.340659340659343,-0.09279609279609247,1
3.902000158210285,0.18387878262539564,0.19169146257724812,-0.340659340659343,-0.09279609279609247,1
3.903000158199575,0.1842218528093054,0.19169146257724812,-0.340659340659343,-0.09279609279609247,1
3.9040001581888646,0.18456914439775873,0.19169146257724812,-0.340659340659343,-0.09279609279609247,1
3.9050001581781544,0.1849206265423094,0.19169146257724812,-0.340659340659343,-0.09279609279609247,1
3.906000158167444,0.18527626802228164,0.19169146257724812,-0.340659340659343,-0.09279609279609247,1
3.907000158156734,0.18563603724754354,0.19169146257724812,-0.340659340659343,-0.09279609279609247,1
3.9080001581460238,0.18599990226131327,0.19169146257724812,-0.340659340659343,-0.09279609279609247,1
3.9090001581353135,0.18636783074299654,0.19169146257724812,-0.340659340659343,-0.09279609279609247,1
3.9100001581246033,0.18673979001105917,0.19169146257724812,-0.340659340659343,-0.09279609279609247,1
3.911000158113893,0.18711574702592895,0.19169146257724812,-0.340659340659343,-0.09279609279609247,1
3.912000158103183,0.18749566839293075,0.19169146257724812,-0.340659340659343,-0.09279609279609247,1
3.9130001580924727,0.1878795203652527,0.19169146257724812,-0.340659340659343,-0.09279609279609247,1
3.9140001580817625,0.18826726884694392,0.19169146257724812,-0.340659340659343,-0.09279609279609247,1
3.9150001580710523,0.18865887939594297,0.19169146257724812,-0.340659340659343,-0.09279609279609247,1
3.916000158060342,0.18905431722713734,0.19169146257724812,-0.340659340659343,-0.09279609279609247,1
3.917000158049632,0.1894535472154531,0.19169146257724812,-0.340659340659343,-0.09279609279609247,1
3.9180001580389217,0.1898565338989754,0.19169146257724812,-0.340659340659343,-0.09279609279609247,1
3.9190001580282114,0.19026324148209703,0.19169146257724812,-0.340659340659343,-0.09279609279609247,1
3.9200001580175012,0.19067363383869995,0.19169146257724812,-0.340659340659343,-0.09279609279609247,1
3.921000158006791,0.19108767451536288,0.19169146257724812,-0.340659340659343,-0.09279609279609247,1
3.922000157996081,0.19150532673459966,0.19169146257724812,-0.340659340659343,-0.09279609279609247,1
3.9230001579853706,0.1919265533981261,0.19169146257724812,-0.340659340659343,-0.09279609279609247,1
3.9240001579746604,0.19235131709015515,0.19169146257724812,-0.340659340659343,-0.09279609279609247,1
3.92500015796395,0.1927795800807205,0.19169146257724812,-0.340659340659343,-0.09279609279609247,1
3.92600015795324,0.1932113043290278,0.19169146257724812,-0.340659340659343,-0.09279609279609247,1
3.9270001579425298,0.19364645148683396,0.19169146257724812,-0.340659340659343,-0.09279609279609247,1
3.9280001579318196,0.19408498290185347,0.19169146257724812,-0.340659340659343,-0.09279609279609247,1
3.9290001579211093,0.1945268596211906,0.19169146257724812,-0.340659340659343,-0.09279609279609247,1
3.930000157910399,0.19497204239480131,0.19169146257724812,-0.340659340659343,-0.09279609279609247,1
3.931000157899689,0.19542049167897846,0.19169146257724812,-0.340659340659343,-0.09279609279609247,1
3.9320001578889787,0.19587216763986445,0.19169146257724812,-0.340659340659343,-0.09279609279609247,1
3.9330001578782685,0.19632703015698966,0.19169146257724812,-0.340659340659343,-0.09279609279609247,1
3.9340001578675583,0.19678503882683615,0.19169146257724812,-0.340659340659343,-0.09279609279609247,1
3.935000157856848,0.19724615296642647,0.19169146257724812,-0.340659340659343,-0.09279609279609247,1
3.936000157846138,0.1977103316169374,0.19169146257724812,-0.340659340659343,-0.09279609279609247,1
3.9370001578354277,0.19817753354733822,0.19169146257724812,-0.340659340659343,-0.09279609279609247,1
3.9380001578247175,0.19864771725805322,0.19169146257724812,-0.340659340659343,-0.09279609279609247,1
3.9390001578140073,0.19912084098464677,0.19169146257724812,-0.340659340659343,-0.09279609279609247,1
3.940000157803297,0.19959686270153515,0.19169146257724812,-0.340659340659343,-0.09279609279609247,1
3.941000157792587,0.20007574012571788,0.19169146257724812,-0.340659340659343,-0.09279609279609247,1
3.9420001577818766,0.20055743072053417,0.19169146257724812,-0.340659340659343,-0.09279609279609247,1
3.9430001577711664,0.20104189169944112,0.19169146257724812,-0.340659340659343,-0.09279609279609247,1
3.944000157760456,0.20152908002981432,0.19169146257724812,-0.340659340659343,-0.09279609279609247,1
3.945000157749746,0.2020189524367702,0.19169146257724812,-0.340659340659343,-0.09279609279609247,1
3.946000157739036,0.20251146540701,0.19169146257724812,-0.340659340659343,-0.09279609279609247,1
3.9470001577283256,0.2030065751926853,0.19169146257724812,-0.340659340659343,-0.09279609279609247,1
3.9480001577176154,0.20350423781528235,0.19169146257724812,-0.340659340659343,-0.09279609279609247,1
3.949000157706905,0.20400440906953077,0.19169146257724812,-0.340659340659343,-0.09279609279609247,1
3.950000157696195,0.20450704452732868,0.19169146257724812,-0.340659340659343,-0.09279609279609247,1
3.9510001576854847,0.20501209954168936,0.19169146257724812,-0.340659340659343,-0.09279609279609247,1
3.9520001576747745,0.20551952925070718,0.19169146257724812,-0.340659340659343,-0.09279609279609247,1
3.9530001576640643,0.20602928858154226,0.19169146257724812,-0.340659340659343,-0.09279609279609247,1
3.954000157653354,0.2065413322544244,0.19169146257724812,-0.340659340659343,-0.09279609279609247,1
3.955000157642644,0.20705561478667484,0.18978408484016107,-0.2087912087912116,-0.1025641025641022,1
3.9560001576319337,0.20757209049674635,0.1867322804608218,-0.340659340659343,-0.1318681318681314,1
3.9570001576212235,0.2080907135082815,0.1863508049134044,-0.2307692307692264,-0.1611721611721606,1
3.9580001576105133,0.20861143775418586,0.18558785381856957,-0.1648351648351678,-0.1025641025641022,1
3.959000157599803,0.2091342169807224,0.1825360494392303,0.0549450549450512,-0.14163614163614113,1
3.960000157589093,0.20965900475161844,0.1829175249866477,0.0549450549450512,-0.1904761904761898,1
3.9610001575783826,0.21018575445219081,0.18329900053406512,0.0769230769230802,-0.23931623931623847,1
3.9620001575676724,0.2107144192934864,0.18368047608148252,0.098901098901095,-0.28815628815628713,1
3.963000157556962,0.21124495231643817,0.18444342717631734,0.098901098901095,-0.3076923076923066,1
3.964000157546252,0.21177730639603648,0.18482490272373475,0.098901098901095,-0.3467643467643491,1
3.965000157535542,0.21231143424551488,0.18520637827115216,0.120879120879124,-0.36630036630036855,1
3.9660001575248316,0.21284728842055034,0.1863508049134044,0.098901098901095,-0.4151404151404172,1
3.9670001575141214,0.2133848213234782,0.1863508049134044,0.098901098901095,-0.4151404151404172,1
3.968000157503411,0.21392398520751807,0.1863508049134044,0.098901098901095,-0.4151404151404172,1
3.969000157492701,0.21446473218101775,0.1863508049134044,0.098901098901095,-0.4151404151404172,1
3.9700001574819908,0.21500701421170543,0.1863508049134044,0.098901098901095,-0.4151404151404172,1
3.9710001574712805,0.21555078313095663,0.1863508049134044,0.098901098901095,-0.4151404151404172,1
3.9720001574605703,0.2160959906380729,0.1863508049134044,0.098901098901095,-0.4151404151404172,1
3.97300015744986,0.21664258830457195,0.1863508049134044,0.098901098901095,-0.4151404151404172,1
3.97400015743915,0.21719052757848967,0.1863508049134044,0.098901098901095,-0.4151404151404172,1
3.9750001574284397,0.21773975978869256,0.1863508049134044,0.098901098901095,-0.4151404151404172,1
3.9760001574177295,0.218290236149201,0.1863508049134044,0.098901098901095,-0.4151404151404172,1
3.9770001574070193,0.21884190776352325,0.1863508049134044,0.098901098901095,-0.4151404151404172,1
3.978000157396309,0.21939472562899687,0.1863508049134044,0.098901098901095,-0.4151404151404172,1
3.979000157385599,0.2199486406411441,0.1863508049134044,0.098901098901095,-0.4151404151404172,1
3.9800001573748887,0.22050360359803184,0.1863508049134044,0.098901098901095,-0.4151404151404172,1
3.9810001573641784,0.22105956520464243,0.1863508049134044,0.098901098901095,-0.4151404151404172,1
3.9820001573534682,0.2216164760772524,0.1863508049134044,0.098901098901095,-0.4151404151404172,1
3.983000157342758,0.222174286747819,0.1863508049134044,0.098901098901095,-0.4151404151404172,1
3.984000157332048,0.22273294766837423,0.1863508049134044,0.098901098901095,-0.4151404151404172,1
3.9850001573213376,0.22329240921542595,0.1863508049134044,0.098901098901095,-0.4151404151404172,1
3.9860001573106274,0.22385262169436573,0.1863508049134044,0.098901098901095,-0.4151404151404172,1
3.987000157299917,0.2244135353438835,0.1863508049134044,0.098901098901095,-0.4151404151404172,1
3.988000157289207,0.22497510034038587,0.1863508049134044,0.098901098901095,-0.4151404151404172,1
3.9890001572784968,0.2255372668024243,0.1863508049134044,0.098901098901095,-0.4151404151404172,1
3.9900001572677866,0.22609998479512422,0.1863508049134044,0.098901098901095,-0.4151404151404172,1
3.9910001572570764,0.2266632043346209,0.1863508049134044,0.098901098901095,-0.4151404151404172,1
3.992000157246366,0.22722687539249928,0.1863508049134044,0.098901098901095,-0.4151404151404172,1
3.993000157235656,0.22779094790023788,0.1863508049134044,0.098901098901095,-0.4151404151404172,1
3.9940001572249457,0.22835537175365617,0.1863508049134044,0.098901098901095,-0.4151404151404172,1
3.9950001572142355,0.22892009681736494,0.1863508049134044,0.098901098901095,-0.4151404151404172,1
3.9960001572035253,0.22948507292921982,0.1863508049134044,0.098901098901095,-0.4151404151404172,1
3.997000157192815,0.23005024990477735,0.1863508049134044,0.098901098901095,-0.4151404151404172,1
3.998000157182105,0.23061557754175085,0.1863508049134044,0.098901098901095,-0.4151404151404172,1
3.9990001571713947,0.2311810056244723,0.1863508049134044,0.098901098901095,-0.4151404151404172,1
