t,target_sim,sim_off,sim_vel,tau,err
3.00002284348011e-07,0.008201865642220182,0.008201724269474298,-0.0329670329670364,-0.024420024420024333,1
0.0010002999915741384,0.00867310375935722,0.008201724269474298,-0.0329670329670364,-0.024420024420024333,1
0.002000299980863929,0.009144337224169094,0.008201724269474298,-0.0329670329670364,-0.024420024420024333,1
0.003000299970153719,0.009615561385771854,0.008201724269474298,-0.0329670329670364,-0.024420024420024333,1
0.00400029995944351,0.010086771593373364,0.008201724269474298,-0.0329670329670364,-0.024420024420024333,1
0.0050002999487333,0.01055796319631921,0.008201724269474298,-0.0329670329670364,-0.024420024420024333,1
0.00600029993802309,0.011029131544138598,0.008201724269474298,-0.0329670329670364,-0.024420024420024333,1
0.007000299927312881,0.011500271986590253,0.008201724269474298,-0.0329670329670364,-0.024420024420024333,1
0.008000299916602671,0.011971379873708315,0.008201724269474298,-0.0329670329670364,-0.024420024420024333,1
0.009000299905892462,0.012442450555848233,0.008201724269474298,-0.0329670329670364,-0.024420024420024333,1
0.010000299895182252,0.01291347938373265,0.008201724269474298,-0.0329670329670364,-0.024420024420024333,1
0.011000299884472042,0.013384461708497298,0.008201724269474298,-0.0329670329670364,-0.024420024420024333,1
0.012000299873761833,0.013855392881736876,0.008201724269474298,-0.0329670329670364,-0.024420024420024333,1
0.013000299863051623,0.014326268255550922,0.008201724269474298,-0.0329670329670364,-0.024420024420024333,1
0.014000299852341413,0.0147970831825897,0.008201724269474298,-0.0329670329670364,-0.024420024420024333,1
0.015000299841631204,0.015267833016100053,0.008201724269474298,-0.0329670329670364,-0.024420024420024333,1
0.016000299830920994,0.015738513109971278,0.008201724269474298,-0.0329670329670364,-0.024420024420024333,1
0.017000299820210785,0.01620911881878096,0.008201724269474298,-0.0329670329670364,-0.024420024420024333,1
0.018000299809500575,0.016679645497840852,0.008201724269474298,-0.0329670329670364,-0.024420024420024333,1
0.019000299798790365,0.017150088503242688,0.008201724269474298,-0.0329670329670364,-0.024420024420024333,1
0.020000299788080156,0.017620443191904027,0.008201724269474298,-0.0329670329670364,-0.024420024420024333,1
0.021000299777369946,0.018090704921614083,0.008201724269474298,-0.0329670329670364,-0.024420024420024333,1
0.022000299766659737,0.01856086905107954,0.008201724269474298,-0.0329670329670364,-0.024420024420024333,1
0.023000299755949527,0.019030930939970346,0.008201724269474298,-0.0329670329670364,-0.024420024420024333,1
0.024000299745239317,0.019500885948965534,0.008201724269474298,-0.0329670329670364,-0.024420024420024333,1
0.025000299734529108,0.01997072943979899,0.008201724269474298,-0.0329670329670364,-0.024420024420024333,1
0.026000299723818898,0.02044045677530524,0.008201724269474298,-0.0329670329670364,-0.024420024420024333,1
0.02700029971310869,0.020910063319465218,0.008201724269474298,-0.0329670329670364,-0.024420024420024333,1
0.02800029970239848,0.021379544437452026,0.008201724269474298,-0.0329670329670364,-0.024420024420024333,1
0.02900029969168827,0.021848895495676667,0.008201724269474298,-0.0329670329670364,-0.024420024420024333,1
0.03000029968097806,0.022318111861833773,0.008201724269474298,-0.0329670329670364,-0.024420024420024333,1
0.03100029967026785,0.022787188904947346,0.008201724269474298,-0.0329670329670364,-0.024420024420024333,1
0.03200029965955764,0.023256121995416434,0.008201724269474298,-0.0329670329670364,-0.024420024420024333,1
0.03300029964884743,0.02372490650506086,0.008201724269474298,-0.0329670329670364,-0.024420024420024333,1
0.03400029963813722,0.02419353780716687,0.008201724269474298,-0.0329670329670364,-0.024420024420024333,1
0.03500029962742701,0.024662011276532794,0.008201724269474298,-0.0329670329670364,-0.024420024420024333,1
0.0360002996167168,0.025130322289514725,0.008201724269474298,-0.0329670329670364,-0.024420024420024333,1
0.03700029960600659,0.02559846622407213,0.008201724269474298,-0.0329670329670364,-0.024420024420024333,1
0.03800029959529638,0.02606643845981347,0.008201724269474298,-0.0329670329670364,-0.024420024420024333,1
0.03900029958458617,0.026534234378041803,0.008201724269474298,-0.0329670329670364,-0.024420024420024333,1
0.040000299573875964,0.027001849361800372,0.008201724269474298,-0.0329670329670364,-0.024420024420024333,1
0.041000299563165754,0.027469278795918175,0.008201724269474298,-0.0329670329670364,-0.024420024420024333,1
0.042000299552455544,0.027936518067055504,0.008201724269474298,-0.0329670329670364,-0.024420024420024333,1
0.043000299541745335,0.02840356256374948,0.008201724269474298,-0.0329670329670364,-0.024420024420024333,1
0.044000299531035125,0.028870407676459573,0.008201724269474298,-0.0329670329670364,-0.024420024420024333,1
0.045000299520324916,0.029337048797613095,0.008201724269474298,-0.0329670329670364,-0.024420024420024333,1
0.046000299509614706,0.02980348132165067,0.008201724269474298,-0.0329670329670364,-0.024420024420024333,1
0.047000299498904496,0.030269700645071687,0.008201724269474298,-0.0329670329670364,-0.024420024420024333,1
0.04800029948819429,0.030735702166479743,0.008201724269474298,-0.0329670329670364,-0.024420024420024333,1
0.04900029947748408,0.031201481286628054,0.008201724269474298,-0.0329670329670364,-0.024420024420024333,1
0.05000029946677387,0.03166703340846485,0.008201724269474298,-0.0329670329670364,-0.024420024420024333,1
0.05100029945606366,0.03213235393717873,0.008201724269474298,-0.0329670329670364,-0.024420024420024333,1
0.05200029944535345,0.03259743828024404,0.008201724269474298,-0.0329670329670364,-0.024420024420024333,1
0.05300029943464324,0.033062281847466166,0.008201724269474298,-0.0329670329670364,-0.024420024420024333,1
0.05400029942393303,0.03352688005102686,0.008201724269474298,-0.0329670329670364,-0.024420024420024333,1
0.05500029941322282,0.03399122830552953,0.008201724269474298,-0.0329670329670364,-0.024420024420024333,1
0.05600029940251261,0.034455322028044466,0.008201724269474298,-0.0329670329670364,-0.024420024420024333,1
0.0570002993918024,0.034919156638154064,0.008201724269474298,-0.0329670329670364,-0.024420024420024333,1
0.05800029938109219,0.03538272755799811,0.008201724269474298,-0.0329670329670364,-0.024420024420024333,1
0.05900029937038198,0.03584603021231886,0.008201724269474298,-0.0329670329670364,-0.024420024420024333,1
0.06000029935967177,0.03630906002850624,0.008201724269474298,-0.0329670329670364,-0.024420024420024333,1
0.06100029934896156,0.03677181243664303,0.008201724269474298,-0.0329670329670364,-0.024420024420024333,1
0.06200029933825135,0.037234282869549856,0.008201724269474298,-0.0329670329670364,-0.024420024420024333,1
0.06300029932754114,0.03769646676283035,0.008201724269474298,-0.0329670329670364,-0.024420024420024333,1
0.06400029931683093,0.038158359554916185,0.008201724269474298,-0.0329670329670364,-0.024420024420024333,1
0.06500029930612072,0.038619956687112066,0.008201724269474298,-0.0329670329670364,-0.024420024420024333,1
0.06600029929541051,0.03908125360364075,0.008201724269474298,-0.0329670329670364,-0.024420024420024333,1
0.0670002992847003,0.039542245751688014,0.008201724269474298,-0.0329670329670364,-0.024420024420024333,1
0.0680002992739901,0.04000292858144754,0.008201724269474298,-0.0329670329670364,-0.024420024420024333,1
0.06900029926327989,0.0404632975461659,0.008201724269474298,-0.0329670329670364,-0.024420024420024333,1
0.07000029925256968,0.04092334810218737,0.008201724269474298,-0.0329670329670364,-0.024420024420024333,1
0.07100029924185947,0.04138307570899878,0.008201724269474298,-0.0329670329670364,-0.024420024420024333,1
0.07200029923114926,0.041842475829274355,0.008201724269474298,-0.0329670329670364,-0.024420024420024333,1
0.07300029922043905,0.04230154392892046,0.008201724269474298,-0.0329670329670364,-0.024420024420024333,1
0.07400029920972884,0.04276027547712039,0.008201724269474298,-0.0329670329670364,-0.024420024420024333,1
0.07500029919901863,0.04321866594637906,0.008201724269474298,-0.0329670329670364,-0.024420024420024333,1
0.07600029918830842,0.043676710812567694,0.008201724269474298,-0.0329670329670364,-0.024420024420024333,1
0.07700029917759821,0.04413440555496848,0.008201724269474298,-0.0329670329670364,-0.024420024420024333,1
0.078000299166888,0.04459174565631918,0.008201724269474298,-0.0329670329670364,-0.024420024420024333,1
0.07900029915617779,0.04504872660285774,0.008201724269474298,-0.0329670329670364,-0.024420024420024333,1
0.08000029914546758,0.045505343884366785,0.008201724269474298,-0.0329670329670364,-0.024420024420024333,1
0.08100029913475737,0.0459615929942182,0.008201724269474298,-0.0329670329670364,-0.024420024420024333,1
0.08200029912404716,0.04641746942941757,0.008201724269474298,-0.0329670329670364,-0.024420024420024333,1
0.08300029911333695,0.0468729686906486,0.008201724269474298,-0.0329670329670364,-0.024420024420024333,1
0.08400029910262674,0.04732808628231759,0.008201724269474298,-0.0329670329670364,-0.024420024420024333,1
0.08500029909191653,0.04778281771259773,0.008201724269474298,-0.0329670329670364,-0.024420024420024333,1
0.08600029908120632,0.04823715849347349,0.008201724269474298,-0.0329670329670364,-0.024420024420024333,1
0.08700029907049611,0.04869110414078488,0.008201724269474298,-0.0329670329670364,-0.024420024420024333,1
0.0880002990597859,0.04914465017427173,0.008201724269474298,-0.0329670329670364,-0.024420024420024333,1
0.08900029904907569,0.04959779211761788,0.008201724269474298,-0.0329670329670364,-0.024420024420024333,1
0.09000029903836548,0.05005052549849539,0.008201724269474298,-0.0329670329670364,-0.024420024420024333,1
0.09100029902765527,0.05050284584860866,0.008201724269474298,-0.0329670329670364,-0.024420024420024333,1
0.09200029901694506,0.05095474870373854,0.008201724269474298,-0.0329670329670364,-0.024420024420024333,1
0.09300029900623485,0.05140622960378639,0.008201724269474298,-0.0329670329670364,-0.024420024420024333,1
0.09400029899552464,0.05185728409281808,0.008201724269474298,-0.0329670329670364,-0.024420024420024333,1
0.09500029898481444,0.05230790771910802,0.008201724269474298,-0.0329670329670364,-0.024420024420024333,1
0.09600029897410423,0.05275809603518301,0.008201724269474298,-0.0329670329670364,-0.024420024420024333,1
0.09700029896339402,0.05320784459786623,0.008201724269474298,-0.0329670329670364,-0.024420024420024333,1
0.0980002989526838,0.053657148968321036,0.008201724269474298,-0.0329670329670364,-0.024420024420024333,1
0.0990002989419736,0.054106004712094764,0.008201724269474298,-0.0329670329670364,-0.024420024420024333,1
0.10000029893126339,0.05455440739916254,0.008201724269474298,-0.0329670329670364,-0.024420024420024333,1
0.10100029892055318,0.05500235260397096,0.008201724269474298,-0.0329670329670364,-0.024420024420024333,1
0.10200029890984297,0.05544983590548179,0.008201724269474298,-0.0329670329670364,-0.024420024420024333,1
0.10300029889913276,0.055896852887215596,0.007820248722056888,0.010989010989007397,-0.024420024420024333,1
0.10400029888842255,0.05634339913729532,0.008201724269474298,0.010989010989007397,0.03418803418803407,1
0.10500029887771234,0.05678947024848987,0.008201724269474298,0.010989010989007397,0.073260073260073,1
0.10600029886700213,0.05723506181825754,0.009727626459143934,0.098901098901095,0.21001221001220927,1
0.10700029885629192,0.05768016944878953,0.01201647974364839,0.1868131868131826,0.15140415140415087,1
0.10800029884558171,0.05812478874705331,0.01201647974364839,0.120879120879124,0.18070818070818007,1
0.1090002988348715,0.058568915324836025,0.012397955291065799,0.0549450549450512,0.25885225885225793,1
0.11000029882416129,0.05901254479878772,0.013542381933318026,0.098901098901095,0.366300366300365,1
0.11100029881345108,0.05945567279046469,0.017357137407492118,0.2307692307692264,0.32722832722832607,1
0.11200029880274087,0.05989829492637265,0.018120088502326936,0.2307692307692264,0.3369963369963358,1
0.11300029879203066,0.060340406838009904,0.02040894178683139,0.2747252747252702,0.28815628815628713,1
0.11400029878132045,0.060782004161910465,0.02117189288166621,0.2747252747252702,0.28815628815628713,1
0.11500029877061024,0.06122308253968712,0.023079270618753256,0.2967032967032992,0.3076923076923066,1
0.11600029875990003,0.06166363761807445,0.02613107499809253,0.2747252747252702,0.25885225885225793,1
0.11700029874918982,0.06210366504897178,0.02651255054550994,0.2967032967032992,0.26862026862026767,1
0.11800029873847961,0.0625431604894861,0.02651255054550994,0.2967032967032992,0.26862026862026767,1
0.1190002987277694,0.06298211960197496,0.02651255054550994,0.2967032967032992,0.26862026862026767,1
0.1200002987170592,0.06342053805408919,0.02651255054550994,0.2967032967032992,0.26862026862026767,1
0.12100029870634899,0.06385841151881579,0.02651255054550994,0.2967032967032992,0.26862026862026767,1
0.12200029869563878,0.06429573567452052,0.02651255054550994,0.2967032967032992,0.26862026862026767,1
0.12300029868492857,0.06473250620499059,0.02651255054550994,0.2967032967032992,0.26862026862026767,1
0.12400029867421836,0.06516871879947733,0.02651255054550994,0.2967032967032992,0.26862026862026767,1
0.12500029866350815,0.0656043691527386,0.02651255054550994,0.2967032967032992,0.26862026862026767,1
0.12600029865279794,0.06603945296508137,0.02651255054550994,0.2967032967032992,0.26862026862026767,1
0.12700029864208773,0.0664739659424042,0.02651255054550994,0.2967032967032992,0.26862026862026767,1
0.12800029863137752,0.06690790379623951,0.02651255054550994,0.2967032967032992,0.26862026862026767,1
0.1290002986206673,0.06734126224379591,0.02651255054550994,0.2967032967032992,0.26862026862026767,1
0.1300002986099571,0.06777403700800062,0.02651255054550994,0.2967032967032992,0.26862026862026767,1
0.1310002985992469,0.06820622381754152,0.02651255054550994,0.2967032967032992,0.26862026862026767,1
0.13200029858853668,0.06863781840690936,0.02651255054550994,0.2967032967032992,0.26862026862026767,1
0.13300029857782647,0.06906881651643987,0.02651255054550994,0.2967032967032992,0.26862026862026767,1
0.13400029856711626,0.0694992138923558,0.02651255054550994,0.2967032967032992,0.26862026862026767,1
0.13500029855640605,0.06992900628680893,0.02651255054550994,0.2967032967032992,0.26862026862026767,1
0.13600029854569584,0.07035818945792191,0.02651255054550994,0.2967032967032992,0.26862026862026767,1
0.13700029853498563,0.07078675916983018,0.02651255054550994,0.2967032967032992,0.26862026862026767,1
0.13800029852427542,0.07121471119272382,0.02651255054550994,0.2967032967032992,0.26862026862026767,1
0.1390002985135652,0.07164204130288924,0.02651255054550994,0.2967032967032992,0.26862026862026767,1
0.140000298502855,0.07206874528275083,0.02651255054550994,0.2967032967032992,0.26862026862026767,1
0.1410002984921448,0.07249481892091268,0.02651255054550994,0.2967032967032992,0.26862026862026767,1
0.14200029848143458,0.07292025801220009,0.02651255054550994,0.2967032967032992,0.26862026862026767,1
0.14300029847072437,0.07334505835770107,0.02651255054550994,0.2967032967032992,0.26862026862026767,1
0.14400029846001416,0.0737692157648078,0.02651255054550994,0.2967032967032992,0.26862026862026767,1
0.14500029844930395,0.074192726047258,0.02651255054550994,0.2967032967032992,0.26862026862026767,1
0.14600029843859375,0.07461558502517625,0.02651255054550994,0.2967032967032992,0.26862026862026767,1
0.14700029842788354,0.07503778852511524,0.02651255054550994,0.2967032967032992,0.26862026862026767,1
0.14800029841717333,0.07545933238009696,0.02651255054550994,0.2967032967032992,0.26862026862026767,1
0.14900029840646312,0.07588021242965386,0.02651255054550994,0.2967032967032992,0.26862026862026767,1
0.1500002983957529,0.07630042451986982,0.02651255054550994,0.2967032967032992,0.26862026862026767,1
0.1510002983850427,0.07671996450342128,0.02651255054550994,0.2967032967032992,0.26862026862026767,1
0.1520002983743325,0.07713882823961803,0.02651255054550994,0.2967032967032992,0.26862026862026767,1
0.15300029836362228,0.07755701159444421,0.02651255054550994,0.2967032967032992,0.26862026862026767,1
0.15400029835291207,0.07797451044059903,0.02651255054550994,0.2967032967032992,0.26862026862026767,1
0.15500029834220186,0.07839132065753748,0.02651255054550994,0.2967032967032992,0.26862026862026767,1
0.15600029833149165,0.07880743813151113,0.02651255054550994,0.2967032967032992,0.26862026862026767,1
0.15700029832078144,0.07922285875560856,0.02651255054550994,0.2967032967032992,0.26862026862026767,1
0.15800029831007123,0.07963757842979602,0.02651255054550994,0.2967032967032992,0.26862026862026767,1
0.15900029829936102,0.08005159306095783,0.02651255054550994,0.2967032967032992,0.26862026862026767,1
0.1600002982886508,0.08046489856293684,0.02651255054550994,0.2967032967032992,0.26862026862026767,1
0.1610002982779406,0.08087749085657465,0.02651255054550994,0.2967032967032992,0.26862026862026767,1
0.1620002982672304,0.08128936586975204,0.02651255054550994,0.2967032967032992,0.26862026862026767,1
0.16300029825652018,0.08170051953742892,0.02651255054550994,0.2967032967032992,0.26862026862026767,1
0.16400029824580997,0.08211094780168474,0.02651255054550994,0.2967032967032992,0.26862026862026767,1
0.16500029823509976,0.08252064661175826,0.02651255054550994,0.2967032967032992,0.26862026862026767,1
0.16600029822438955,0.08292961192408776,0.02651255054550994,0.2967032967032992,0.26862026862026767,1
0.16700029821367934,0.08333783970235076,0.02651255054550994,0.2967032967032992,0.26862026862026767,1
0.16800029820296913,0.083745325917504,0.02651255054550994,0.2967032967032992,0.26862026862026767,1
0.16900029819225892,0.08415206654782313,0.02651255054550994,0.2967032967032992,0.26862026862026767,1
0.17000029818154871,0.08455805757894243,0.02651255054550994,0.2967032967032992,0.26862026862026767,1
0.1710002981708385,0.08496329500389439,0.02651255054550994,0.2967032967032992,0.26862026862026767,1
0.1720002981601283,0.08536777482314936,0.02651255054550994,0.2967032967032992,0.26862026862026767,1
0.17300029814941809,0.08577149304465485,0.02651255054550994,0.2967032967032992,0.26862026862026767,1
0.17400029813870788,0.08617444568387513,0.02651255054550994,0.2967032967032992,0.26862026862026767,1
0.17500029812799767,0.08657662876383036,0.02651255054550994,0.2967032967032992,0.26862026862026767,1
0.17600029811728746,0.08697803831513606,0.02651255054550994,0.2967032967032992,0.26862026862026767,1
0.17700029810657725,0.08737867037604206,0.02651255054550994,0.2967032967032992,0.26862026862026767,1
0.17800029809586704,0.08777852099247176,0.02651255054550994,0.2967032967032992,0.26862026862026767,1
0.17900029808515683,0.08817758621806107,0.02651255054550994,0.2967032967032992,0.26862026862026767,1
0.18000029807444662,0.08857586211419742,0.02651255054550994,0.2967032967032992,0.26862026862026767,1
0.1810002980637364,0.08897334475005858,0.02651255054550994,0.2967032967032992,0.26862026862026767,1
0.1820002980530262,0.08937003020265151,0.02651255054550994,0.2967032967032992,0.26862026862026767,1
0.183000298042316,0.08976591455685098,0.02651255054550994,0.2967032967032992,0.26862026862026767,1
0.18400029803160578,0.09016099390543837,0.02651255054550994,0.2967032967032992,0.26862026862026767,1
0.18500029802089557,0.09055526434914009,0.02651255054550994,0.2967032967032992,0.26862026862026767,1
0.18600029801018536,0.0909487219966661,0.02651255054550994,0.2967032967032992,0.26862026862026767,1
0.18700029799947515,0.09134136296474835,0.02651255054550994,0.2967032967032992,0.26862026862026767,1
0.18800029798876494,0.09173318337817907,0.02651255054550994,0.2967032967032992,0.26862026862026767,1
0.18900029797805473,0.09212417936984905,0.02651255054550994,0.2967032967032992,0.26862026862026767,1
0.19000029796734452,0.09251434708078582,0.02651255054550994,0.2967032967032992,0.26862026862026767,1
0.1910002979566343,0.09290368266019165,0.02651255054550994,0.2967032967032992,0.26862026862026767,1
0.1920002979459241,0.09329218226548164,0.02651255054550994,0.2967032967032992,0.26862026862026767,1
0.1930002979352139,0.0936798420623216,0.02651255054550994,0.2967032967032992,0.26862026862026767,1
0.19400029792450368,0.09406665822466591,0.02651255054550994,0.2967032967032992,0.26862026862026767,1
0.19500029791379347,0.09445262693479532,0.02651255054550994,0.2967032967032992,0.26862026862026767,1
0.19600029790308326,0.09483774438335456,0.02651255054550994,0.2967032967032992,0.26862026862026767,1
0.19700029789237306,0.09522200676938998,0.02651255054550994,0.2967032967032992,0.26862026862026767,1
0.19800029788166285,0.09560541030038702,0.02651255054550994,0.2967032967032992,0.26862026862026767,1
0.19900029787095264,0.09598795119230771,0.02651255054550994,0.2967032967032992,0.26862026862026767,1
0.20000029786024243,0.09636962566962796,0.02651255054550994,0.2967032967032992,0.26862026862026767,1
0.20100029784953222,0.09675042996537488,0.02651255054550994,0.2967032967032992,0.26862026862026767,1
0.202000297838822,0.09713036032116382,0.02651255054550994,0.2967032967032992,0.26862026862026767,1
0.2030002978281118,0.09750941298723569,0.02651255054550994,0.2967032967032992,0.26862026862026767,1
0.2040002978174016,0.09788758422249376,0.02651255054550994,0.2967032967032992,0.26862026862026767,1
0.20500029780669138,0.09826487029454073,0.02651255054550994,0.2967032967032992,0.26862026862026767,1
0.20600029779598117,0.0986412674797154,0.02651255054550994,0.2967032967032992,0.26862026862026767,1
0.20700029778527096,0.09901677206312963,0.02651255054550994,0.2967032967032992,0.26862026862026767,1
0.20800029777456075,0.09939138033870486,0.02651255054550994,0.2967032967032992,0.26862026862026767,1
0.20900029776385054,0.09976508860920874,0.02651255054550994,0.2967032967032992,0.26862026862026767,1
0.21000029775314033,0.10013789318629156,0.02651255054550994,0.2967032967032992,0.26862026862026767,1
0.21100029774243012,0.10050979039052273,0.02651255054550994,0.2967032967032992,0.26862026862026767,1
0.2120002977317199,0.10088077655142706,0.02651255054550994,0.2967032967032992,0.26862026862026767,1
0.2130002977210097,0.10125084800752103,0.02651255054550994,0.2967032967032992,0.26862026862026767,1
0.2140002977102995,0.10162000110634882,0.02651255054550994,0.2967032967032992,0.26862026862026767,1
0.21500029769958928,0.10198823220451846,0.02651255054550994,0.2967032967032992,0.26862026862026767,1
0.21600029768887907,0.10235553766773776,0.02651255054550994,0.2967032967032992,0.26862026862026767,1
0.21700029767816886,0.10272191387085015,0.02651255054550994,0.2967032967032992,0.26862026862026767,1
0.21800029766745865,0.10308735719787052,0.02651255054550994,0.2967032967032992,0.26862026862026767,1
0.21900029765674844,0.10345186404202082,0.02651255054550994,0.2967032967032992,0.26862026862026767,1
0.22000029764603823,0.10381543080576573,0.02651255054550994,0.2967032967032992,0.26862026862026767,1
0.22100029763532802,0.10417805390084815,0.02651255054550994,0.2967032967032992,0.26862026862026767,1
0.22200029762461782,0.10453972974832462,0.02651255054550994,0.2967032967032992,0.26862026862026767,1
0.2230002976139076,0.10490045477860059,0.02651255054550994,0.2967032967032992,0.26862026862026767,1
0.2240002976031974,0.10526022543146578,0.02651255054550994,0.2967032967032992,0.26862026862026767,1
0.2250002975924872,0.10561903815612907,0.02651255054550994,0.2967032967032992,0.26862026862026767,1
0.22600029758177698,0.10597688941125388,0.02651255054550994,0.2967032967032992,0.26862026862026767,1
0.22700029757106677,0.10633377566499283,0.02651255054550994,0.2967032967032992,0.26862026862026767,1
0.22800029756035656,0.1066896933950228,0.02651255054550994,0.2967032967032992,0.26862026862026767,1
0.22900029754964635,0.10704463908857949,0.02651255054550994,0.2967032967032992,0.26862026862026767,1
0.23000029753893614,0.10739860924249232,0.02651255054550994,0.2967032967032992,0.26862026862026767,1
0.23100029752822593,0.10775160036321883,0.02651255054550994,0.2967032967032992,0.26862026862026767,1
0.23200029751751572,0.10810360896687926,0.02651255054550994,0.2967032967032992,0.26862026862026767,1
0.2330002975068055,0.10845463157929087,0.02651255054550994,0.2967032967032992,0.26862026862026767,1
0.2340002974960953,0.10880466473600227,0.02651255054550994,0.2967032967032992,0.26862026862026767,1
0.2350002974853851,0.10915370498232757,0.02651255054550994,0.2967032967032992,0.26862026862026767,1
0.23600029747467488,0.10950174887338056,0.03681239032577999,0.3846153846153868,0.21001221001220927,1
0.23700029746396467,0.10984879297410857,0.03910124361028444,0.4285714285714306,0.20024420024419953,1
0.23800029745325446,0.11019483385932656,0.04367895017929335,0.4065934065934016,0.17094017094017033,1
0.23900029744254425,0.11053986811375073,0.0455863279163804,0.3846153846153868,0.14163614163614113,1
0.24000029743183404,0.1108838923320324,0.052071412222476354,0.4065934065934016,0.15140415140415087,1
0.24100029742112383,0.11122690311879142,0.055886167696650446,0.3846153846153868,0.18070818070818007,1
0.24200029741041362,0.11156889708864996,0.0581750209811549,0.340659340659343,0.1904761904761898,1
0.2430002973997034,0.11190987086626564,0.06198977645532899,0.4505494505494454,0.15140415140415087,1
0.2440002973889932,0.112249821086365,0.06351567864499863,0.4285714285714306,0.12210012210012167,1
0.245000297378283,0.1125887443937767,0.06504158083466827,0.4505494505494454,0.11233211233211193,1
0.24600029736757278,0.11292663744346457,0.06885633630884236,0.4285714285714306,0.1025641025641022,1
0.24700029735686257,0.11326349690056073,0.07228961623559904,0.3846153846153868,0.11233211233211193,1
0.24800029734615237,0.11359931944039837,0.0749599450675209,0.340659340659343,0.1318681318681314,1
0.24900029733544216,0.11393410174854471,0.07648584725719054,0.3626373626373578,0.15140415140415087,1
0.25000029732473195,0.11426784052083355,0.07953765163652982,0.3626373626373578,0.14163614163614113,1
0.25100029731402174,0.11460053246339803,0.07953765163652982,0.3626373626373578,0.14163614163614113,1
0.2520002973033115,0.11493217429270308,0.07953765163652982,0.3626373626373578,0.14163614163614113,1
0.2530002972926013,0.1152627627355778,0.07953765163652982,0.3626373626373578,0.14163614163614113,1
0.2540002972818911,0.11559229452924775,0.07953765163652982,0.3626373626373578,0.14163614163614113,1
0.2550002972711809,0.11592076642136731,0.07953765163652982,0.3626373626373578,0.14163614163614113,1
0.2560002972604707,0.11624817517005152,0.07953765163652982,0.3626373626373578,0.14163614163614113,1
0.2570002972497605,0.11657451754390828,0.07953765163652982,0.3626373626373578,0.14163614163614113,1
0.25800029723905027,0.11689979032207022,0.07953765163652982,0.3626373626373578,0.14163614163614113,1
0.25900029722834006,0.11722399029422641,0.07953765163652982,0.3626373626373578,0.14163614163614113,1
0.26000029721762985,0.117547114260654,0.07953765163652982,0.3626373626373578,0.14163614163614113,1
0.26100029720691964,0.11786915903225005,0.07953765163652982,0.3626373626373578,0.14163614163614113,1
0.26200029719620943,0.1181901214305627,0.07953765163652982,0.3626373626373578,0.14163614163614113,1
0.2630002971854992,0.11850999828782276,0.07953765163652982,0.3626373626373578,0.14163614163614113,1
0.264000297174789,0.11882878644697478,0.07953765163652982,0.3626373626373578,0.14163614163614113,1
0.2650002971640788,0.11914648276170849,0.07953765163652982,0.3626373626373578,0.14163614163614113,1
0.2660002971533686,0.11946308409648952,0.07953765163652982,0.3626373626373578,0.14163614163614113,1
0.2670002971426584,0.11977858732659062,0.07953765163652982,0.3626373626373578,0.14163614163614113,1
0.2680002971319482,0.12009298933812233,0.07953765163652982,0.3626373626373578,0.14163614163614113,1
0.26900029712123796,0.12040628702806382,0.07953765163652982,0.3626373626373578,0.14163614163614113,1
0.27000029711052775,0.1207184773042934,0.07953765163652982,0.3626373626373578,0.14163614163614113,1
0.27100029709981754,0.12102955708561916,0.07953765163652982,0.3626373626373578,0.14163614163614113,1
0.27200029708910733,0.12133952330180933,0.07953765163652982,0.3626373626373578,0.14163614163614113,1
0.2730002970783971,0.12164837289362254,0.07953765163652982,0.3626373626373578,0.14163614163614113,1
0.2740002970676869,0.12195610281283809,0.07953765163652982,0.3626373626373578,0.14163614163614113,1
0.2750002970569767,0.12226271002228595,0.07953765163652982,0.3626373626373578,0.14163614163614113,1
0.2760002970462665,0.12256819149587683,0.07953765163652982,0.3626373626373578,0.14163614163614113,1
0.2770002970355563,0.12287254421863197,0.07953765163652982,0.3626373626373578,0.14163614163614113,1
0.2780002970248461,0.12317576518671296,0.07953765163652982,0.3626373626373578,0.14163614163614113,1
0.27900029701413587,0.12347785140745127,0.07953765163652982,0.3626373626373578,0.14163614163614113,1
0.28000029700342566,0.12377879989937797,0.07953765163652982,0.3626373626373578,0.14163614163614113,1
0.28100029699271545,0.12407860769225298,0.07953765163652982,0.3626373626373578,0.14163614163614113,1
0.28200029698200524,0.12437727182709452,0.07953765163652982,0.3626373626373578,0.14163614163614113,1
0.28300029697129503,0.12467478935620818,0.07953765163652982,0.3626373626373578,0.14163614163614113,1
0.2840002969605848,0.12497115734321614,0.07953765163652982,0.3626373626373578,0.14163614163614113,1
0.2850002969498746,0.12526637286308606,0.07953765163652982,0.3626373626373578,0.14163614163614113,1
0.2860002969391644,0.12556043300216002,0.07953765163652982,0.3626373626373578,0.14163614163614113,1
0.2870002969284542,0.12585333485818323,0.07953765163652982,0.3626373626373578,0.14163614163614113,1
0.288000296917744,0.12614507554033272,0.07953765163652982,0.3626373626373578,0.14163614163614113,1
0.28900029690703377,0.1264356521692457,0.07953765163652982,0.3626373626373578,0.14163614163614113,1
0.29000029689632356,0.1267250618770483,0.07953765163652982,0.3626373626373578,0.14163614163614113,1
0.29100029688561335,0.12701330180738357,0.07953765163652982,0.3626373626373578,0.14163614163614113,1
0.29200029687490314,0.12730036911543985,0.07953765163652982,0.3626373626373578,0.14163614163614113,1
0.29300029686419293,0.12758626096797873,0.07953765163652982,0.3626373626373578,0.14163614163614113,1
0.2940002968534827,0.12787097454336316,0.07953765163652982,0.3626373626373578,0.14163614163614113,1
0.2950002968427725,0.12815450703158507,0.07953765163652982,0.3626373626373578,0.14163614163614113,1
0.2960002968320623,0.12843685563429338,0.07953765163652982,0.3626373626373578,0.14163614163614113,1
0.2970002968213521,0.12871801756482143,0.07953765163652982,0.3626373626373578,0.14163614163614113,1
0.2980002968106419,0.12899799004821455,0.07953765163652982,0.3626373626373578,0.14163614163614113,1
0.2990002967999317,0.12927677032125737,0.07953765163652982,0.3626373626373578,0.14163614163614113,1
0.30000029678922147,0.12955435563250123,0.07953765163652982,0.3626373626373578,0.14163614163614113,1
0.30100029677851126,0.12983074324229124,0.07953765163652982,0.3626373626373578,0.14163614163614113,1
0.30200029676780105,0.13010593042279334,0.07953765163652982,0.3626373626373578,0.14163614163614113,1
0.30300029675709084,0.13037991445802116,0.07953765163652982,0.3626373626373578,0.14163614163614113,1
0.3040002967463806,0.130652692643863,0.07953765163652982,0.3626373626373578,0.14163614163614113,1
0.3050002967356704,0.13092426228810833,0.07953765163652982,0.3626373626373578,0.14163614163614113,1
0.3060002967249602,0.13119462071047444,0.07953765163652982,0.3626373626373578,0.14163614163614113,1
0.30700029671425,0.13146376524263295,0.07953765163652982,0.3626373626373578,0.14163614163614113,1
0.3080002967035398,0.131731693228236,0.07953765163652982,0.3626373626373578,0.14163614163614113,1
0.3090002966928296,0.1319984020229426,0.07953765163652982,0.3626373626373578,0.14163614163614113,1
0.31000029668211937,0.1322638889944447,0.07953765163652982,0.3626373626373578,0.14163614163614113,1
0.31100029667140916,0.1325281515224931,0.07953765163652982,0.3626373626373578,0.14163614163614113,1
0.31200029666069895,0.1327911869989234,0.07953765163652982,0.3626373626373578,0.14163614163614113,1
0.31300029664998874,0.1330529928276817,0.07953765163652982,0.3626373626373578,0.14163614163614113,1
0.31400029663927853,0.13331356642485023,0.07953765163652982,0.3626373626373578,0.14163614163614113,1
0.3150002966285683,0.13357290521867285,0.07953765163652982,0.3626373626373578,0.14163614163614113,1
0.3160002966178581,0.1338310066495804,0.07953765163652982,0.3626373626373578,0.14163614163614113,1
0.3170002966071479,0.13408786817021598,0.07953765163652982,0.3626373626373578,0.14163614163614113,1
0.3180002965964377,0.13434348724546016,0.07953765163652982,0.3626373626373578,0.14163614163614113,1
0.3190002965857275,0.13459786135245597,0.07953765163652982,0.3626373626373578,0.14163614163614113,1
0.3200002965750173,0.13485098798063366,0.07953765163652982,0.3626373626373578,0.14163614163614113,1
0.32100029656430706,0.13510286463173565,0.07953765163652982,0.3626373626373578,0.14163614163614113,1
0.32200029655359685,0.13535348881984116,0.07953765163652982,0.3626373626373578,0.14163614163614113,1
0.32300029654288664,0.1356028580713907,0.07953765163652982,0.3626373626373578,0.14163614163614113,1
0.32400029653217643,0.13585096992521048,0.07953765163652982,0.3626373626373578,0.14163614163614113,1
0.3250002965214662,0.13609782193253667,0.07953765163652982,0.3626373626373578,0.14163614163614113,1
0.326000296510756,0.13634341165703973,0.07953765163652982,0.3626373626373578,0.14163614163614113,1
0.3270002965000458,0.13658773667484825,0.07953765163652982,0.3626373626373578,0.14163614163614113,1
0.3280002964893356,0.136830794574573,0.07953765163652982,0.3626373626373578,0.14163614163614113,1
0.3290002964786254,0.13707258295733069,0.07953765163652982,0.3626373626373578,0.14163614163614113,1
0.3300002964679152,0.13731309943676767,0.07953765163652982,0.3626373626373578,0.14163614163614113,1
0.33100029645720497,0.1375523416390834,0.07953765163652982,0.3626373626373578,0.14163614163614113,1
0.33200029644649476,0.137790307203054,0.07953765163652982,0.3626373626373578,0.14163614163614113,1
0.33300029643578455,0.13802699378005542,0.07953765163652982,0.3626373626373578,0.14163614163614113,1
0.33400029642507434,0.13826239903408685,0.07953765163652982,0.3626373626373578,0.14163614163614113,1
0.33500029641436413,0.13849652064179346,0.07953765163652982,0.3626373626373578,0.14163614163614113,1
0.3360002964036539,0.13872935629248953,0.07953765163652982,0.3626373626373578,0.14163614163614113,1
0.3370002963929437,0.13896090368818131,0.07953765163652982,0.3626373626373578,0.14163614163614113,1
0.3380002963822335,0.1391911605435895,0.07953765163652982,0.3626373626373578,0.14163614163614113,1
0.3390002963715233,0.13942012458617187,0.07953765163652982,0.3626373626373578,0.14163614163614113,1
0.3400002963608131,0.1396477935561459,0.07953765163652982,0.3626373626373578,0.14163614163614113,1
0.34100029635010287,0.13987416520651078,0.07953765163652982,0.3626373626373578,0.14163614163614113,1
0.34200029633939266,0.14009923730306975,0.07953765163652982,0.3626373626373578,0.14163614163614113,1
0.34300029632868245,0.14032300762445216,0.07953765163652982,0.3626373626373578,0.14163614163614113,1
0.34400029631797224,0.14054547396213532,0.07953765163652982,0.3626373626373578,0.14163614163614113,1
0.34500029630726203,0.1407666341204663,0.07953765163652982,0.3626373626373578,0.14163614163614113,1
0.3460002962965518,0.1409864859166837,0.07953765163652982,0.3626373626373578,0.14163614163614113,1
0.3470002962858416,0.1412050271809391,0.07953765163652982,0.3626373626373578,0.14163614163614113,1
0.3480002962751314,0.14142225575631848,0.07953765163652982,0.3626373626373578,0.14163614163614113,1
0.3490002962644212,0.14163816949886357,0.07953765163652982,0.3626373626373578,0.14163614163614113,1
0.350000296253711,0.1418527662775929,0.07953765163652982,0.3626373626373578,0.14163614163614113,1
0.3510002962430008,0.14206604397452302,0.07953765163652982,0.3626373626373578,0.14163614163614113,1
0.35200029623229057,0.1422780004846891,0.07953765163652982,0.3626373626373578,0.14163614163614113,1
0.35300029622158036,0.14248863371616613,0.07953765163652982,0.3626373626373578,0.14163614163614113,1
0.35400029621087015,0.14269794159008908,0.07953765163652982,0.3626373626373578,0.14163614163614113,1
0.35500029620015994,0.14290592204067384,0.07953765163652982,0.3626373626373578,0.14163614163614113,1
0.3560002961894497,0.14311257301523736,0.07953765163652982,0.3626373626373578,0.14163614163614113,1
0.3570002961787395,0.143317892474218,0.11463340199893146,0.2527472527472554,0.20024420024419953,1
0.3580002961680293,0.14352187839119565,0.11463340199893146,0.2527472527472554,0.20024420024419953,1
0.3590002961573191,0.14372452875291164,0.11463340199893146,0.2527472527472554,0.20024420024419953,1
0.3600002961466089,0.1439258415592888,0.11463340199893146,0.2527472527472554,0.20024420024419953,1
0.3610002961358987,0.1441258148234511,0.11463340199893146,0.2527472527472554,0.20024420024419953,1
0.36200029612518847,0.14432444657174312,0.11463340199893146,0.2527472527472554,0.20024420024419953,1
0.36300029611447826,0.14452173484374975,0.11463340199893146,0.2527472527472554,0.20024420024419953,1
0.36400029610376805,0.14471767769231542,0.11463340199893146,0.2527472527472554,0.20024420024419953,1
0.36500029609305784,0.14491227318356342,0.11463340199893146,0.2527472527472554,0.20024420024419953,1
0.36600029608234763,0.14510551939691482,0.11463340199893146,0.2527472527472554,0.20024420024419953,1
0.3670002960716374,0.14529741442510755,0.11463340199893146,0.2527472527472554,0.20024420024419953,1
0.3680002960609272,0.1454879563742152,0.11463340199893146,0.2527472527472554,0.20024420024419953,1
0.369000296050217,0.14567714336366566,0.11463340199893146,0.2527472527472554,0.20024420024419953,1
0.3700002960395068,0.14586497352625985,0.11463340199893146,0.2527472527472554,0.20024420024419953,1
0.3710002960287966,0.14605144500818984,0.11463340199893146,0.2527472527472554,0.20024420024419953,1
0.3720002960180864,0.1462365559690575,0.11463340199893146,0.2527472527472554,0.20024420024419953,1
0.37300029600737616,0.14642030458189237,0.11463340199893146,0.2527472527472554,0.20024420024419953,1
0.37400029599666595,0.14660268903316986,0.11463340199893146,0.2527472527472554,0.20024420024419953,1
0.37500029598595574,0.14678370752282913,0.11463340199893146,0.2527472527472554,0.20024420024419953,1
0.37600029597524554,0.1469633582642908,0.11463340199893146,0.2527472527472554,0.20024420024419953,1
0.3770002959645353,0.14714163948447462,0.11463340199893146,0.2527472527472554,0.20024420024419953,1
0.3780002959538251,0.14731854942381695,0.11463340199893146,0.2527472527472554,0.20024420024419953,1
0.3790002959431149,0.14749408633628813,0.11463340199893146,0.2527472527472554,0.20024420024419953,1
0.3800002959324047,0.1476682484894098,0.11463340199893146,0.2527472527472554,0.20024420024419953,1
0.3810002959216945,0.14784103416427177,0.11463340199893146,0.2527472527472554,0.20024420024419953,1
0.3820002959109843,0.1480124416555493,0.11463340199893146,0.2527472527472554,0.20024420024419953,1
0.38300029590027407,0.14818246927151968,0.11463340199893146,0.2527472527472554,0.20024420024419953,1
0.38400029588956386,0.14835111533407896,0.11463340199893146,0.2527472527472554,0.20024420024419953,1
0.38500029587885365,0.14851837817875868,0.11463340199893146,0.2527472527472554,0.20024420024419953,1
0.38600029586814344,0.1486842561547421,0.11463340199893146,0.2527472527472554,0.20024420024419953,1
0.38700029585743323,0.14884874762488057,0.11463340199893146,0.2527472527472554,0.20024420024419953,1
0.388000295846723,0.1490118509657098,0.11463340199893146,0.2527472527472554,0.20024420024419953,1
0.3890002958360128,0.14917356456746564,0.11463340199893146,0.2527472527472554,0.20024420024419953,1
0.3900002958253026,0.14933388683410018,0.11463340199893146,0.2527472527472554,0.20024420024419953,1
0.3910002958145924,0.1494928161832974,0.11463340199893146,0.2527472527472554,0.20024420024419953,1
0.3920002958038822,0.1496503510464888,0.11463340199893146,0.2527472527472554,0.20024420024419953,1
0.39300029579317197,0.14980648986886896,0.11463340199893146,0.2527472527472554,0.20024420024419953,1
0.39400029578246176,0.14996123110941076,0.11463340199893146,0.2527472527472554,0.20024420024419953,1
0.39500029577175155,0.15011457324088062,0.11463340199893146,0.2527472527472554,0.20024420024419953,1
0.39600029576104134,0.15026651474985367,0.11463340199893146,0.2527472527472554,0.20024420024419953,1
0.39700029575033113,0.15041705413672862,0.11463340199893146,0.2527472527472554,0.20024420024419953,1
0.3980002957396209,0.15056618991574247,0.11463340199893146,0.2527472527472554,0.20024420024419953,1
0.3990002957289107,0.15071392061498537,0.11463340199893146,0.2527472527472554,0.20024420024419953,1
0.4000002957182005,0.15086024477641496,0.11463340199893146,0.2527472527472554,0.20024420024419953,1
0.4010002957074903,0.15100516095587085,0.11463340199893146,0.2527472527472554,0.20024420024419953,1
0.4020002956967801,0.15114866772308894,0.11463340199893146,0.2527472527472554,0.20024420024419953,1
0.4030002956860699,0.1512907636617154,0.11463340199893146,0.2527472527472554,0.20024420024419953,1
0.40400029567535967,0.15143144736932065,0.11463340199893146,0.2527472527472554,0.20024420024419953,1
0.40500029566464946,0.1515707174574134,0.11463340199893146,0.2527472527472554,0.20024420024419953,1
0.40600029565393925,0.15170857255145406,0.11463340199893146,0.2527472527472554,0.20024420024419953,1
0.40700029564322904,0.1518450112908686,0.11463340199893146,0.2527472527472554,0.20024420024419953,1
0.40800029563251883,0.15198003232906176,0.11463340199893146,0.2527472527472554,0.20024420024419953,1
0.4090002956218086,0.15211363433343042,0.11463340199893146,0.2527472527472554,0.20024420024419953,1
0.4100002956110984,0.15224581598537673,0.11463340199893146,0.2527472527472554,0.20024420024419953,1
0.4110002956003882,0.15237657598032123,0.11463340199893146,0.2527472527472554,0.20024420024419953,1
0.412000295589678,0.15250591302771557,0.11463340199893146,0.2527472527472554,0.20024420024419953,1
0.4130002955789678,0.15263382585105534,0.11463340199893146,0.2527472527472554,0.20024420024419953,1
0.41400029556825757,0.1527603131878926,0.11463340199893146,0.2527472527472554,0.20024420024419953,1
0.41500029555754736,0.15288537378984846,0.11463340199893146,0.2527472527472554,0.20024420024419953,1
0.41600029554683715,0.15300900642262533,0.11463340199893146,0.2527472527472554,0.20024420024419953,1
0.41700029553612694,0.153131209866019,0.11463340199893146,0.2527472527472554,0.20024420024419953,1
0.41800029552541673,0.15325198291393088,0.11463340199893146,0.2527472527472554,0.20024420024419953,1
0.4190002955147065,0.15337132437437975,0.11463340199893146,0.2527472527472554,0.20024420024419953,1
0.4200002955039963,0.15348923306951365,0.11463340199893146,0.2527472527472554,0.20024420024419953,1
0.4210002954932861,0.1536057078356213,0.11463340199893146,0.2527472527472554,0.20024420024419953,1
0.4220002954825759,0.15372074752314388,0.11463340199893146,0.2527472527472554,0.20024420024419953,1
0.4230002954718657,0.15383435099668613,0.11463340199893146,0.2527472527472554,0.20024420024419953,1
0.4240002954611555,0.1539465171350276,0.11463340199893146,0.2527472527472554,0.20024420024419953,1
0.42500029545044526,0.1540572448311339,0.11463340199893146,0.2527472527472554,0.20024420024419953,1
0.42600029543973505,0.15416653299216732,0.11463340199893146,0.2527472527472554,0.20024420024419953,1
0.42700029542902485,0.1542743805394979,0.11463340199893146,0.2527472527472554,0.20024420024419953,1
0.42800029541831464,0.1543807864087139,0.11463340199893146,0.2527472527472554,0.20024420024419953,1
0.4290002954076044,0.15448574954963232,0.11463340199893146,0.2527472527472554,0.20024420024419953,1
0.4300002953968942,0.15458926892630945,0.11463340199893146,0.2527472527472554,0.20024420024419953,1
0.431000295386184,0.15469134351705077,0.11463340199893146,0.2527472527472554,0.20024420024419953,1
0.4320002953754738,0.15479197231442135,0.11463340199893146,0.2527472527472554,0.20024420024419953,1
0.4330002953647636,0.1548911543252556,0.11463340199893146,0.2527472527472554,0.20024420024419953,1
0.4340002953540534,0.15498888857066712,0.11463340199893146,0.2527472527472554,0.20024420024419953,1
0.43500029534334317,0.1550851740860584,0.11463340199893146,0.2527472527472554,0.20024420024419953,1
0.43600029533263296,0.15518000992113032,0.11463340199893146,0.2527472527472554,0.20024420024419953,1
0.43700029532192275,0.1552733951398914,0.11463340199893146,0.2527472527472554,0.20024420024419953,1
0.43800029531121254,0.1553653288206674,0.11463340199893146,0.2527472527472554,0.20024420024419953,1
0.43900029530050233,0.1554558100561099,0.11463340199893146,0.2527472527472554,0.20024420024419953,1
0.4400002952897921,0.15554483795320567,0.11463340199893146,0.2527472527472554,0.20024420024419953,1
0.4410002952790819,0.15563241163328537,0.11463340199893146,0.2527472527472554,0.20024420024419953,1
0.4420002952683717,0.15571853023203214,0.11463340199893146,0.2527472527472554,0.20024420024419953,1
0.4430002952576615,0.1558031928994902,0.11463340199893146,0.2527472527472554,0.20024420024419953,1
0.4440002952469513,0.1558863988000732,0.11463340199893146,0.2527472527472554,0.20024420024419953,1
0.4450002952362411,0.1559681471125725,0.11463340199893146,0.2527472527472554,0.20024420024419953,1
0.44600029522553086,0.15604843703016533,0.11463340199893146,0.2527472527472554,0.20024420024419953,1
0.44700029521482065,0.1561272677604226,0.11463340199893146,0.2527472527472554,0.20024420024419953,1
0.44800029520411044,0.15620463852531685,0.11463340199893146,0.2527472527472554,0.20024420024419953,1
0.44900029519340023,0.15628054856122983,0.11463340199893146,0.2527472527472554,0.20024420024419953,1
0.45000029518269,0.15635499711896023,0.11463340199893146,0.2527472527472554,0.20024420024419953,1
0.4510002951719798,0.15642798346373082,0.11463340199893146,0.2527472527472554,0.20024420024419953,1
0.4520002951612696,0.15649950687519587,0.11463340199893146,0.2527472527472554,0.20024420024419953,1
0.4530002951505594,0.15656956664744817,0.11463340199893146,0.2527472527472554,0.20024420024419953,1
0.4540002951398492,0.15663816208902612,0.11463340199893146,0.2527472527472554,0.20024420024419953,1
0.455000295129139,0.15670529252292037,0.11463340199893146,0.2527472527472554,0.20024420024419953,1
0.45600029511842877,0.15677095728658066,0.11463340199893146,0.2527472527472554,0.20024420024419953,1
0.45700029510771856,0.1568351557319223,0.11463340199893146,0.2527472527472554,0.20024420024419953,1
0.45800029509700835,0.15689788722533257,0.11463340199893146,0.2527472527472554,0.20024420024419953,1
0.45900029508629814,0.156959151147677,0.11463340199893146,0.2527472527472554,0.20024420024419953,1
0.46000029507558793,0.15701894689430537,0.11463340199893146,0.2527472527472554,0.20024420024419953,1
0.4610002950648777,0.15707727387505785,0.11463340199893146,0.2527472527472554,0.20024420024419953,1
0.4620002950541675,0.1571341315142707,0.11463340199893146,0.2527472527472554,0.20024420024419953,1
0.4630002950434573,0.15718951925078195,0.11463340199893146,0.2527472527472554,0.20024420024419953,1
0.4640002950327471,0.15724343653793704,0.11463340199893146,0.2527472527472554,0.20024420024419953,1
0.4650002950220369,0.1572958828435941,0.11463340199893146,0.2527472527472554,0.20024420024419953,1
0.46600029501132667,0.15734685765012935,0.11463340199893146,0.2527472527472554,0.20024420024419953,1
0.46700029500061646,0.15739636045444197,0.11463340199893146,0.2527472527472554,0.20024420024419953,1
0.46800029498990625,0.1574443907679593,0.11463340199893146,0.2527472527472554,0.20024420024419953,1
0.46900029497919604,0.15749094811664155,0.11463340199893146,0.2527472527472554,0.20024420024419953,1
0.47000029496848583,0.15753603204098646,0.11463340199893146,0.2527472527472554,0.20024420024419953,1
0.4710002949577756,0.15757964209603395,0.12149996185244483,0.318681318681314,0.17094017094017033,1
0.4720002949470654,0.15762177785137038,0.12264438849469705,0.2307692307692264,0.18070818070818007,1
0.4730002949363552,0.15766243889113288,0.1245517662317841,0.2087912087912116,0.1904761904761898,1
0.474000294925645,0.15770162481401337,0.12722209506370596,0.1868131868131826,0.15140415140415087,1
0.4750002949149348,0.15773933523326264,0.12798504615854078,0.120879120879124,0.23931623931623847,1
0.4760002949042246,0.1577755697766941,0.1325627527275497,0.120879120879124,0.22954822954822873,1
0.47700029489351436,0.1578103280866874,0.13447013046463674,0.098901098901095,0.22954822954822873,1
0.47800029488280416,0.15784360982019213,0.13599603265430638,0.1428571428571388,0.26862026862026767,1
0.47900029487209395,0.15787541464873098,0.137521934843976,0.1648351648351678,0.219780219780219,1
0.48000029486138374,0.15790574225840312,0.13866636148622824,0.1428571428571388,0.2490842490842482,1
0.4810002948506735,0.15793459234988733,0.13942931258106306,0.1648351648351678,0.23931623931623847,1
0.4820002948399633,0.15796196463844484,0.13942931258106306,0.1648351648351678,0.23931623931623847,1
0.4830002948292531,0.15798785885392222,0.13942931258106306,0.1648351648351678,0.23931623931623847,1
0.4840002948185429,0.15801227474075405,0.13942931258106306,0.1648351648351678,0.23931623931623847,1
0.4850002948078327,0.15803521205796534,0.13942931258106306,0.1648351648351678,0.23931623931623847,1
0.4860002947971225,0.15805667057917408,0.13942931258106306,0.1648351648351678,0.23931623931623847,1
0.48700029478641227,0.15807665009259328,0.13942931258106306,0.1648351648351678,0.23931623931623847,1
0.48800029477570206,0.15809515040103328,0.13942931258106306,0.1648351648351678,0.23931623931623847,1
0.48900029476499185,0.15811217132190347,0.13942931258106306,0.1648351648351678,0.23931623931623847,1
0.49000029475428164,0.15812771268721423,0.13942931258106306,0.1648351648351678,0.23931623931623847,1
0.49100029474357143,0.15814177434357857,0.13942931258106306,0.1648351648351678,0.23931623931623847,1
0.4920002947328612,0.15815435615221363,0.13942931258106306,0.1648351648351678,0.23931623931623847,1
0.493000294722151,0.15816545798894202,0.13942931258106306,0.1648351648351678,0.23931623931623847,1
0.4940002947114408,0.15817507974419315,0.13942931258106306,0.1648351648351678,0.23931623931623847,1
0.4950002947007306,0.1581832213230041,0.13942931258106306,0.1648351648351678,0.23931623931623847,1
0.4960002946900204,0.15818988264502085,0.13942931258106306,0.1648351648351678,0.23931623931623847,1
0.4970002946793102,0.1581950636444988,0.13942931258106306,0.1648351648351678,0.23931623931623847,1
0.49800029466859996,0.1581987642703036,0.13942931258106306,0.1648351648351678,0.23931623931623847,1
0.49900029465788975,0.15820098448591155,0.13942931258106306,0.1648351648351678,0.23931623931623847,1
0.5000002946471795,0.15820172426941004,0.13942931258106306,0.1648351648351678,0.23931623931623847,1
0.5010002946364693,0.15820098361349766,0.13942931258106306,0.1648351648351678,0.23931623931623847,1
0.5020002946257591,0.15819876252548445,0.13942931258106306,0.1648351648351678,0.23931623931623847,1
0.5030002946150489,0.15819506102729158,0.13942931258106306,0.1648351648351678,0.23931623931623847,1
0.5040002946043387,0.15818987915545143,0.13942931258106306,0.1648351648351678,0.23931623931623847,1
0.5050002945936285,0.1581832169611069,0.13942931258106306,0.1648351648351678,0.23931623931623847,1
0.5060002945829183,0.1581750745100112,0.13942931258106306,0.1648351648351678,0.23931623931623847,1
0.5070002945722081,0.158165451882527,0.13942931258106306,0.1648351648351678,0.23931623931623847,1
0.5080002945614979,0.1581543491736258,0.13942931258106306,0.1648351648351678,0.23931623931623847,1
0.5090002945507877,0.1581417664928868,0.13942931258106306,0.1648351648351678,0.23931623931623847,1
0.5100002945400774,0.15812770396449602,0.13942931258106306,0.1648351648351678,0.23931623931623847,1
0.5110002945293672,0.1581121617272449,0.13942931258106306,0.1648351648351678,0.23931623931623847,1
0.512000294518657,0.15809513993452906,0.13942931258106306,0.1648351648351678,0.23931623931623847,1
0.5130002945079468,0.1580766387543467,0.13942931258106306,0.1648351648351678,0.23931623931623847,1
0.5140002944972366,0.158056658369297,0.13942931258106306,0.1648351648351678,0.23931623931623847,1
0.5150002944865264,0.15803519897657833,0.13942931258106306,0.1648351648351678,0.23931623931623847,1
0.5160002944758162,0.1580122607879862,0.13942931258106306,0.1648351648351678,0.23931623931623847,1
0.517000294465106,0.15798784402991126,0.13942931258106306,0.1648351648351678,0.23931623931623847,1
0.5180002944543958,0.15796194894333704,0.13942931258106306,0.1648351648351678,0.23931623931623847,1
0.5190002944436856,0.1579345757838376,0.13942931258106306,0.1648351648351678,0.23931623931623847,1
0.5200002944329754,0.15790572482157497,0.13942931258106306,0.1648351648351678,0.23931623931623847,1
0.5210002944222651,0.1578753963412965,0.13942931258106306,0.1648351648351678,0.23931623931623847,1
0.5220002944115549,0.157843590642332,0.13942931258106306,0.1648351648351678,0.23931623931623847,1
0.5230002944008447,0.15781030803859095,0.13942931258106306,0.1648351648351678,0.23931623931623847,1
0.5240002943901345,0.15777554885855913,0.13942931258106306,0.1648351648351678,0.23931623931623847,1
0.5250002943794243,0.15773931344529563,0.13942931258106306,0.1648351648351678,0.23931623931623847,1
0.5260002943687141,0.15770160215642934,0.13942931258106306,0.1648351648351678,0.23931623931623847,1
0.5270002943580039,0.15766241536415546,0.13942931258106306,0.1648351648351678,0.23931623931623847,1
0.5280002943472937,0.15762175345523177,0.13942931258106306,0.1648351648351678,0.23931623931623847,1
0.5290002943365835,0.15757961683097496,0.13942931258106306,0.1648351648351678,0.23931623931623847,1
0.5300002943258733,0.15753600590725642,0.13942931258106306,0.1648351648351678,0.23931623931623847,1
0.531000294315163,0.1574909211144984,0.13942931258106306,0.1648351648351678,0.23931623931623847,1
0.5320002943044528,0.15744436289766953,0.13942931258106306,0.1648351648351678,0.23931623931623847,1
0.5330002942937426,0.15739633171628065,0.13942931258106306,0.1648351648351678,0.23931623931623847,1
0.5340002942830324,0.1573468280443801,0.13942931258106306,0.1648351648351678,0.23931623931623847,1
0.5350002942723222,0.15729585237054916,0.13942931258106306,0.1648351648351678,0.23931623931623847,1
0.536000294261612,0.15724340519789712,0.13942931258106306,0.1648351648351678,0.23931623931623847,1
0.5370002942509018,0.15718948704405636,0.13942931258106306,0.1648351648351678,0.23931623931623847,1
0.5380002942401916,0.15713409844117732,0.13942931258106306,0.1648351648351678,0.23931623931623847,1
0.5390002942294814,0.15707723993592315,0.13942931258106306,0.1648351648351678,0.23931623931623847,1
0.5400002942187712,0.15701891208946425,0.13942931258106306,0.1648351648351678,0.23931623931623847,1
0.541000294208061,0.15695911547747302,0.13942931258106306,0.1648351648351678,0.23931623931623847,1
0.5420002941973507,0.15689785069011775,0.13942931258106306,0.1648351648351678,0.23931623931623847,1
0.5430002941866405,0.15683511833205724,0.13942931258106306,0.1648351648351678,0.23931623931623847,1
0.5440002941759303,0.15677091902243442,0.13942931258106306,0.1648351648351678,0.23931623931623847,1
0.5450002941652201,0.15670525339487068,0.13942931258106306,0.1648351648351678,0.23931623931623847,1
0.5460002941545099,0.15663812209745911,0.13942931258106306,0.1648351648351678,0.23931623931623847,1
0.5470002941437997,0.15656952579275862,0.13942931258106306,0.1648351648351678,0.23931623931623847,1
0.5480002941330895,0.1564994651577869,0.13942931258106306,0.1648351648351678,0.23931623931623847,1
0.5490002941223793,0.15642794088401424,0.13942931258106306,0.1648351648351678,0.23931623931623847,1
0.5500002941116691,0.15635495367735625,0.13942931258106306,0.1648351648351678,0.23931623931623847,1
0.5510002941009589,0.1562805042581672,0.13942931258106306,0.1648351648351678,0.23931623931623847,1
0.5520002940902486,0.1562045933612328,0.13942931258106306,0.1648351648351678,0.23931623931623847,1
0.5530002940795384,0.1561272217357629,0.13942931258106306,0.1648351648351678,0.23931623931623847,1
0.5540002940688282,0.15604839014538427,0.13942931258106306,0.1648351648351678,0.23931623931623847,1
0.555000294058118,0.15596809936813277,0.13942931258106306,0.1648351648351678,0.23931623931623847,1
0.5560002940474078,0.155886350196446,0.13942931258106306,0.1648351648351678,0.23931623931623847,1
0.5570002940366976,0.15580314343715526,0.13942931258106306,0.1648351648351678,0.23931623931623847,1
0.5580002940259874,0.15571847991147764,0.13942931258106306,0.1648351648351678,0.23931623931623847,1
0.5590002940152772,0.15563236045500792,0.13942931258106306,0.1648351648351678,0.23931623931623847,1
0.560000294004567,0.1555447859177104,0.13942931258106306,0.1648351648351678,0.23931623931623847,1
0.5610002939938568,0.15545575716391036,0.13942931258106306,0.1648351648351678,0.23931623931623847,1
0.5620002939831465,0.15536527507228565,0.13942931258106306,0.1648351648351678,0.23931623931623847,1
0.5630002939724363,0.15527334053585792,0.13942931258106306,0.1648351648351678,0.23931623931623847,1
0.5640002939617261,0.15517995446198396,0.13942931258106306,0.1648351648351678,0.23931623931623847,1
0.5650002939510159,0.1550851177723466,0.13942931258106306,0.1648351648351678,0.23931623931623847,1
0.5660002939403057,0.15498883140294564,0.13942931258106306,0.1648351648351678,0.23931623931623847,1
0.5670002939295955,0.15489109630408865,0.13942931258106306,0.1648351648351678,0.23931623931623847,1
0.5680002939188853,0.1547919134403816,0.13942931258106306,0.1648351648351678,0.23931623931623847,1
0.5690002939081751,0.15469128379071925,0.13942931258106306,0.1648351648351678,0.23931623931623847,1
0.5700002938974649,0.15458920834827564,0.13942931258106306,0.1648351648351678,0.23931623931623847,1
0.5710002938867547,0.15448568812049412,0.13942931258106306,0.1648351648351678,0.23931623931623847,1
0.5720002938760445,0.15438072412907758,0.13942931258106306,0.1648351648351678,0.23931623931623847,1
0.5730002938653342,0.15427431740997816,0.13942931258106306,0.1648351648351678,0.23931623931623847,1
0.574000293854624,0.1541664690133872,0.13942931258106306,0.1648351648351678,0.23931623931623847,1
0.5750002938439138,0.15405718000372484,0.13942931258106306,0.1648351648351678,0.23931623931623847,1
0.5760002938332036,0.15394645145962949,0.13942931258106306,0.1648351648351678,0.23931623931623847,1
0.5770002938224934,0.15383428447394704,0.13942931258106306,0.1648351648351678,0.23931623931623847,1
0.5780002938117832,0.15372068015372045,0.13942931258106306,0.1648351648351678,0.23931623931623847,1
0.579000293801073,0.1536056396201784,0.13942931258106306,0.1648351648351678,0.23931623931623847,1
0.5800002937903628,0.15348916400872453,0.13942931258106306,0.1648351648351678,0.23931623931623847,1
0.5810002937796526,0.15337125446892605,0.13942931258106306,0.1648351648351678,0.23931623931623847,1
0.5820002937689424,0.1532519121645025,0.13942931258106306,0.1648351648351678,0.23931623931623847,1
0.5830002937582321,0.15313113827331423,0.13942931258106306,0.1648351648351678,0.23931623931623847,1
0.5840002937475219,0.15300893398735077,0.13942931258106306,0.1648351648351678,0.23931623931623847,1
0.5850002937368117,0.15288530051271904,0.13942931258106306,0.1648351648351678,0.23931623931623847,1
0.5860002937261015,0.15276023906963146,0.13942931258106306,0.1428571428571388,0.22954822954822873,1
0.5870002937153913,0.15263375089239403,0.14019226367589788,0.120879120879124,0.20024420024419953,1
0.5880002937046811,0.15250583722939393,0.1417181658655675,0.120879120879124,0.18070818070818007,1
0.5890002936939709,0.15237649934308736,0.14286259250781974,0.1428571428571388,0.15140415140415087,1
0.5900002936832607,0.152245738509987,0.14362554360265456,0.120879120879124,0.1318681318681314,1
0.5910002936725505,0.15211355602064944,0.1455329213397416,0.0549450549450512,0.11233211233211193,1
0.5920002936618403,0.15197995317966248,0.14629587243457642,0.0549450549450512,0.12210012210012167,1
0.59300029365113,0.1518449313056322,0.14591439688715901,-0.010989010989007397,0.1611721611721606,1
0.5940002936404198,0.15170849173116996,0.14629587243457642,0.010989010989007397,0.1904761904761898,1
0.5950002936297096,0.15157063580287922,0.14629587243457642,-0.010989010989007397,0.20024420024419953,1
0.5960002936189994,0.15143136488134235,0.14591439688715901,-0.0549450549450512,0.20024420024419953,1
0.5970002936082892,0.15129068034110704,0.14591439688715901,-0.0549450549450512,0.20024420024419953,1
0.598000293597579,0.15114858357067293,0.14591439688715901,-0.0549450549450512,0.20024420024419953,1
0.5990002935868688,0.1510050759724777,0.14591439688715901,-0.0549450549450512,0.20024420024419953,1
0.6000002935761586,0.15086015896288338,0.14591439688715901,-0.0549450549450512,0.20024420024419953,1
0.6010002935654484,0.15071383397216237,0.14591439688715901,-0.0549450549450512,0.20024420024419953,1
0.6020002935547382,0.15056610244448318,0.14591439688715901,-0.0549450549450512,0.20024420024419953,1
0.603000293544028,0.1504169658378963,0.14591439688715901,-0.0549450549450512,0.20024420024419953,1
0.6040002935333177,0.15026642562431985,0.14591439688715901,-0.0549450549450512,0.20024420024419953,1
0.6050002935226075,0.1501144832895249,0.14591439688715901,-0.0549450549450512,0.20024420024419953,1
0.6060002935118973,0.14996114033312088,0.14591439688715901,-0.0549450549450512,0.20024420024419953,1
0.6070002935011871,0.14980639826854095,0.14591439688715901,-0.0549450549450512,0.20024420024419953,1
0.6080002934904769,0.14965025862302664,0.14591439688715901,-0.0549450549450512,0.20024420024419953,1
0.6090002934797667,0.14949272293761326,0.14591439688715901,-0.0549450549450512,0.20024420024419953,1
0.6100002934690565,0.14933379276711442,0.14591439688715901,-0.0549450549450512,0.20024420024419953,1
0.6110002934583463,0.14917346968010664,0.14591439688715901,-0.0549450549450512,0.20024420024419953,1
0.6120002934476361,0.14901175525891402,0.14591439688715901,-0.0549450549450512,0.20024420024419953,1
0.6130002934369259,0.14884865109959267,0.14591439688715901,-0.0549450549450512,0.20024420024419953,1
0.6140002934262156,0.14868415881191466,0.14591439688715901,-0.0549450549450512,0.20024420024419953,1
0.6150002934155054,0.1485182800193525,0.14591439688715901,-0.0549450549450512,0.20024420024419953,1
0.6160002934047952,0.1483510163590628,0.14591439688715901,-0.0549450549450512,0.20024420024419953,1
0.617000293394085,0.1481823694818704,0.14591439688715901,-0.0549450549450512,0.20024420024419953,1
0.6180002933833748,0.1480123410522518,0.14591439688715901,-0.0549450549450512,0.20024420024419953,1
0.6190002933726646,0.14784093274831897,0.14591439688715901,-0.0549450549450512,0.20024420024419953,1
0.6200002933619544,0.14766814626180258,0.14591439688715901,-0.0549450549450512,0.20024420024419953,1
0.6210002933512442,0.14749398329803548,0.14591439688715901,-0.0549450549450512,0.20024420024419953,1
0.622000293340534,0.14731844557593576,0.14591439688715901,-0.0549450549450512,0.20024420024419953,1
0.6230002933298238,0.1471415348279899,0.14591439688715901,-0.0549450549450512,0.20024420024419953,1
0.6240002933191136,0.14696325280023542,0.14591439688715901,-0.0549450549450512,0.20024420024419953,1
0.6250002933084033,0.146783601252244,0.14591439688715901,-0.0549450549450512,0.20024420024419953,1
0.6260002932976931,0.14660258195710382,0.14591439688715901,-0.0549450549450512,0.20024420024419953,1
0.6270002932869829,0.14642019670140222,0.14591439688715901,-0.0549450549450512,0.20024420024419953,1
0.6280002932762727,0.14623644728520796,0.14591439688715901,-0.0549450549450512,0.20024420024419953,1
0.6290002932655625,0.1460513355220536,0.14591439688715901,-0.0549450549450512,0.20024420024419953,1
0.6300002932548523,0.14586486323891748,0.14591439688715901,-0.0549450549450512,0.20024420024419953,1
0.6310002932441421,0.14567703227620568,0.14591439688715901,-0.0549450549450512,0.20024420024419953,1
0.6320002932334319,0.14548784448773394,0.14591439688715901,-0.0549450549450512,0.20024420024419953,1
0.6330002932227217,0.14529730174070932,0.14591439688715901,-0.0549450549450512,0.20024420024419953,1
0.6340002932120115,0.14510540591571178,0.14591439688715901,-0.0549450549450512,0.20024420024419953,1
0.6350002932013012,0.14491215890667558,0.14591439688715901,-0.0549450549450512,0.20024420024419953,1
0.636000293190591,0.14471756262087065,0.14591439688715901,-0.0549450549450512,0.20024420024419953,1
0.6370002931798808,0.14452161897888371,0.14591439688715901,-0.0549450549450512,0.20024420024419953,1
0.6380002931691706,0.1443243299145994,0.14591439688715901,-0.0549450549450512,0.20024420024419953,1
0.6390002931584604,0.14412569737518105,0.14591439688715901,-0.0549450549450512,0.20024420024419953,1
0.6400002931477502,0.1439257233210516,0.14591439688715901,-0.0549450549450512,0.20024420024419953,1
0.64100029313704,0.14372440972587422,0.14591439688715901,-0.0549450549450512,0.20024420024419953,1
0.6420002931263298,0.14352175857653277,0.14591439688715901,-0.0549450549450512,0.20024420024419953,1
0.6430002931156196,0.14331777187311218,0.14591439688715901,-0.0549450549450512,0.20024420024419953,1
0.6440002931049094,0.14311245162887892,0.14591439688715901,-0.0549450549450512,0.20024420024419953,1
0.6450002930941992,0.14290579987026078,0.14591439688715901,-0.0549450549450512,0.20024420024419953,1
0.6460002930834889,0.14269781863682718,0.14591439688715901,-0.0549450549450512,0.20024420024419953,1
0.6470002930727787,0.14248850998126886,0.14591439688715901,-0.0549450549450512,0.20024420024419953,1
0.6480002930620685,0.14227787596937772,0.14591439688715901,-0.0549450549450512,0.20024420024419953,1
0.6490002930513583,0.14206591868002638,0.14591439688715901,-0.0549450549450512,0.20024420024419953,1
0.6500002930406481,0.1418526402051477,0.14591439688715901,-0.0549450549450512,0.20024420024419953,1
0.6510002930299379,0.14163804264971402,0.14591439688715901,-0.0549450549450512,0.20024420024419953,1
0.6520002930192277,0.1414221281317166,0.14591439688715901,-0.0549450549450512,0.20024420024419953,1
0.6530002930085175,0.14120489878214443,0.14591439688715901,-0.0549450549450512,0.20024420024419953,1
0.6540002929978073,0.14098635674496351,0.14591439688715901,-0.0549450549450512,0.20024420024419953,1
0.655000292987097,0.14076650417709544,0.14591439688715901,-0.0549450549450512,0.20024420024419953,1
0.6560002929763868,0.14054534324839627,0.14591439688715901,-0.0549450549450512,0.20024420024419953,1
0.6570002929656766,0.14032287614163508,0.14591439688715901,-0.0549450549450512,0.20024420024419953,1
0.6580002929549664,0.14009910505247228,0.14591439688715901,-0.0549450549450512,0.20024420024419953,1
0.6590002929442562,0.13987403218943814,0.14591439688715901,-0.0549450549450512,0.20024420024419953,1
0.660000292933546,0.139647659773911,0.14591439688715901,-0.0549450549450512,0.20024420024419953,1
0.6610002929228358,0.13941999004009503,0.14591439688715901,-0.0549450549450512,0.20024420024419953,1
0.6620002929121256,0.13919102523499863,0.14591439688715901,-0.0549450549450512,0.20024420024419953,1
0.6630002929014154,0.1389607676184119,0.14591439688715901,-0.0549450549450512,0.20024420024419953,1
0.6640002928907052,0.1387292194628845,0.14591439688715901,-0.0549450549450512,0.20024420024419953,1
0.665000292879995,0.13849638305370324,0.14591439688715901,-0.0549450549450512,0.20024420024419953,1
0.6660002928692847,0.1382622606888694,0.14591439688715901,-0.0549450549450512,0.20024420024419953,1
0.6670002928585745,0.1380268546790762,0.14591439688715901,-0.0549450549450512,0.20024420024419953,1
0.6680002928478643,0.13779016734768576,0.14591439688715901,-0.0549450549450512,0.20024420024419953,1
0.6690002928371541,0.13755220103070653,0.14591439688715901,-0.0549450549450512,0.20024420024419953,1
0.6700002928264439,0.13731295807676994,0.14591439688715901,-0.0549450549450512,0.20024420024419953,1
0.6710002928157337,0.13707244084710726,0.14591439688715901,-0.0549450549450512,0.20024420024419953,1
0.6720002928050235,0.1368306517155264,0.14591439688715901,-0.0549450549450512,0.20024420024419953,1
0.6730002927943133,0.13658759306838847,0.14591439688715901,-0.0549450549450512,0.20024420024419953,1
0.6740002927836031,0.1363432673045841,0.14591439688715901,-0.0549450549450512,0.20024420024419953,1
0.6750002927728929,0.1360976768355099,0.14591439688715901,-0.0549450549450512,0.20024420024419953,1
0.6760002927621827,0.13585082408504462,0.14591439688715901,-0.0549450549450512,0.20024420024419953,1
0.6770002927514724,0.13560271148952513,0.14591439688715901,-0.0549450549450512,0.20024420024419953,1
0.6780002927407622,0.13535334149772257,0.14591439688715901,-0.0549450549450512,0.20024420024419953,1
0.679000292730052,0.13510271657081807,0.14591439688715901,-0.0549450549450512,0.20024420024419953,1
0.6800002927193418,0.13485083918237836,0.14591439688715901,-0.0549450549450512,0.20024420024419953,1
0.6810002927086316,0.13459771181833155,0.14591439688715901,-0.0549450549450512,0.20024420024419953,1
0.6820002926979214,0.13434333697694248,0.14591439688715901,-0.0549450549450512,0.20024420024419953,1
0.6830002926872112,0.13408771716878812,0.14591439688715901,-0.0549450549450512,0.20024420024419953,1
0.684000292676501,0.13383085491673266,0.14591439688715901,-0.0549450549450512,0.20024420024419953,1
0.6850002926657908,0.1335727527559028,0.14591439688715901,-0.0549450549450512,0.20024420024419953,1
0.6860002926550806,0.1333134132336626,0.14591439688715901,-0.0549450549450512,0.20024420024419953,1
0.6870002926443703,0.1330528389095884,0.14591439688715901,-0.0549450549450512,0.20024420024419953,1
0.6880002926336601,0.1327910323554436,0.14591439688715901,-0.0549450549450512,0.20024420024419953,1
0.6890002926229499,0.13252799615515298,0.14591439688715901,-0.0549450549450512,0.20024420024419953,1
0.6900002926122397,0.13226373290477772,0.14591439688715901,-0.0549450549450512,0.20024420024419953,1
0.6910002926015295,0.13199824521248937,0.14591439688715901,-0.0549450549450512,0.20024420024419953,1
0.6920002925908193,0.13173153569854412,0.14591439688715901,-0.0549450549450512,0.20024420024419953,1
0.6930002925801091,0.13146360699525717,0.14591439688715901,-0.0549450549450512,0.20024420024419953,1
0.6940002925693989,0.1311944617469766,0.14591439688715901,-0.0549450549450512,0.20024420024419953,1
0.6950002925586887,0.13092410261005732,0.14591439688715901,-0.0549450549450512,0.20024420024419953,1
0.6960002925479785,0.1306525322528348,0.14591439688715901,-0.0549450549450512,0.20024420024419953,1
0.6970002925372683,0.13037975335559873,0.14591439688715901,-0.0549450549450512,0.20024420024419953,1
0.698000292526558,0.13010576861056675,0.14591439688715901,-0.0549450549450512,0.20024420024419953,1
0.6990002925158478,0.1298305807218575,0.14591439688715901,-0.0549450549450512,0.20024420024419953,1
0.7000002925051376,0.1295541924054643,0.14591439688715901,-0.0549450549450512,0.20024420024419953,1
0.7010002924944274,0.12927660638922828,0.14591439688715901,-0.0549450549450512,0.20024420024419953,1
0.7020002924837172,0.1289978254128112,0.14591439688715901,-0.0549450549450512,0.20024420024419953,1
0.703000292473007,0.12871785222766874,0.14591439688715901,-0.0549450549450512,0.20024420024419953,1
0.7040002924622968,0.12843668959702315,0.14591439688715901,-0.0549450549450512,0.20024420024419953,1
0.7050002924515866,0.12815434029583606,0.14591439688715901,-0.0549450549450512,0.20024420024419953,1
0.7060002924408764,0.12787080711078094,0.14591439688715901,-0.0549450549450512,0.20024420024419953,1
0.7070002924301662,0.12758609284021583,0.1455329213397416,-0.0549450549450512,0.18070818070818007,1
0.708000292419456,0.12730020029415562,0.1455329213397416,-0.0329670329670364,0.15140415140415087,1
0.7090002924087457,0.12701313229424416,0.1455329213397416,-0.010989010989007397,0.073260073260073,1
0.7100002923980355,0.12672489167372675,0.1455329213397416,0.010989010989007397,0.024420024420024333,1
0.7110002923873253,0.12643548127742188,0.1455329213397416,-0.0329670329670364,-0.0146520146520146,1
0.7120002923766151,0.1261449039616932,0.1455329213397416,0.010989010989007397,-0.0439560439560438,1
0.7130002923659049,0.1258531625944215,0.1455329213397416,-0.0329670329670364,-0.06349206349206327,1
0.7140002923551947,0.12556026005497622,0.1451514457923242,-0.010989010989007397,-0.09279609279609247,1
0.7150002923444845,0.12526619923418714,0.1451514457923242,-0.0549450549450512,-0.11233211233211193,1
0.7160002923337743,0.12497098303431568,0.1417181658655675,0.0329670329670364,-0.18070818070818007,1
0.7170002923230641,0.12467461436902658,0.1417181658655675,0.0329670329670364,-0.18070818070818007,1
0.7180002923123538,0.12437709616335882,0.1417181658655675,0.0329670329670364,-0.18070818070818007,1
0.7190002923016436,0.12407843135369694,0.1417181658655675,0.0329670329670364,-0.18070818070818007,1
0.7200002922909334,0.12377862288774193,0.1417181658655675,0.0329670329670364,-0.18070818070818007,1
0.7210002922802232,0.12347767372448229,0.1417181658655675,0.0329670329670364,-0.18070818070818007,1
0.722000292269513,0.12317558683416471,0.1417181658655675,0.0329670329670364,-0.18070818070818007,1
0.7230002922588028,0.12287236519826472,0.1417181658655675,0.0329670329670364,-0.18070818070818007,1
0.7240002922480926,0.12256801180945742,0.1417181658655675,0.0329670329670364,-0.18070818070818007,1
0.7250002922373824,0.12226252967158781,0.1417181658655675,0.0329670329670364,-0.18070818070818007,1
0.7260002922266722,0.12195592179964121,0.1417181658655675,0.0329670329670364,-0.18070818070818007,1
0.727000292215962,0.12164819121971346,0.1417181658655675,0.0329670329670364,-0.18070818070818007,1
0.7280002922052518,0.12133934096898108,0.1417181658655675,0.0329670329670364,-0.18070818070818007,1
0.7290002921945415,0.12102937409567135,0.1417181658655675,0.0329670329670364,-0.18070818070818007,1
0.7300002921838313,0.120718293659032,0.1417181658655675,0.0329670329670364,-0.18070818070818007,1
0.7310002921731211,0.12040610272930134,0.1417181658655675,0.0329670329670364,-0.18070818070818007,1
0.7320002921624109,0.12009280438767776,0.1417181658655675,0.0329670329670364,-0.18070818070818007,1
0.7330002921517007,0.11977840172628931,0.1417181658655675,0.0329670329670364,-0.18070818070818007,1
0.7340002921409905,0.11946289784816327,0.1417181658655675,0.0329670329670364,-0.18070818070818007,1
0.7350002921302803,0.1191462958671955,0.1417181658655675,0.0329670329670364,-0.18070818070818007,1
0.7360002921195701,0.11882859890811966,0.1417181658655675,0.0329670329670364,-0.18070818070818007,1
0.7370002921088599,0.11850981010647642,0.1417181658655675,0.0329670329670364,-0.18070818070818007,1
0.7380002920981497,0.11818993260858242,0.1417181658655675,0.0329670329670364,-0.18070818070818007,1
0.7390002920874394,0.11786896957149941,0.1417181658655675,0.0329670329670364,-0.18070818070818007,1
0.7400002920767292,0.11754692416300293,0.1417181658655675,0.0329670329670364,-0.18070818070818007,1
0.741000292066019,0.11722379956155103,0.1417181658655675,0.0329670329670364,-0.18070818070818007,1
0.7420002920553088,0.11689959895625306,0.1417181658655675,0.0329670329670364,-0.18070818070818007,1
0.7430002920445986,0.11657432554683801,0.1417181658655675,0.0329670329670364,-0.18070818070818007,1
0.7440002920338884,0.11624798254362305,0.1417181658655675,0.0329670329670364,-0.18070818070818007,1
0.7450002920231782,0.11592057316748185,0.1417181658655675,0.0329670329670364,-0.18070818070818007,1
0.746000292012468,0.11559210064981262,0.1417181658655675,0.0329670329670364,-0.18070818070818007,1
0.7470002920017578,0.11526256823250645,0.1417181658655675,0.0329670329670364,-0.18070818070818007,1
0.7480002919910476,0.11493197916791524,0.1417181658655675,0.0329670329670364,-0.18070818070818007,1
0.7490002919803374,0.11460033671881947,0.1417181658655675,0.0329670329670364,-0.18070818070818007,1
0.7500002919696271,0.11426764415839619,0.1417181658655675,0.0329670329670364,-0.18070818070818007,1
0.7510002919589169,0.11393390477018657,0.1417181658655675,0.0329670329670364,-0.18070818070818007,1
0.7520002919482067,0.11359912184806356,0.1417181658655675,0.0329670329670364,-0.18070818070818007,1
0.7530002919374965,0.11326329869619944,0.1417181658655675,0.0329670329670364,-0.18070818070818007,1
0.7540002919267863,0.11292643862903295,0.1417181658655675,0.0329670329670364,-0.18070818070818007,1
0.7550002919160761,0.11258854497123696,0.1417181658655675,0.0329670329670364,-0.18070818070818007,1
0.7560002919053659,0.11224962105768538,0.1417181658655675,0.0329670329670364,-0.18070818070818007,1
0.7570002918946557,0.11190967023342034,0.1417181658655675,0.0329670329670364,-0.18070818070818007,1
0.7580002918839455,0.11156869585361914,0.1417181658655675,0.0329670329670364,-0.18070818070818007,1
0.7590002918732353,0.1112267012835612,0.1417181658655675,0.0329670329670364,-0.18070818070818007,1
0.760000291862525,0.11088368989859482,0.1417181658655675,0.0329670329670364,-0.18070818070818007,1
0.7610002918518148,0.11053966508410372,0.1417181658655675,0.0329670329670364,-0.18070818070818007,1
0.7620002918411046,0.11019463023547392,0.1417181658655675,0.0329670329670364,-0.18070818070818007,1
0.7630002918303944,0.10984858875806,0.1417181658655675,0.0329670329670364,-0.18070818070818007,1
0.7640002918196842,0.10950154406715157,0.1417181658655675,0.0329670329670364,-0.18070818070818007,1
0.765000291808974,0.10915349958793953,0.1417181658655675,0.0329670329670364,-0.18070818070818007,1
0.7660002917982638,0.10880445875548234,0.1417181658655675,0.0329670329670364,-0.18070818070818007,1
0.7670002917875536,0.10845442501467199,0.1417181658655675,0.0329670329670364,-0.18070818070818007,1
0.7680002917768434,0.10810340182020019,0.1417181658655675,0.0329670329670364,-0.18070818070818007,1
0.7690002917661332,0.10775139263652397,0.1417181658655675,0.0329670329670364,-0.18070818070818007,1
0.770000291755423,0.10739840093783184,0.1417181658655675,0.0329670329670364,-0.18070818070818007,1
0.7710002917447127,0.10704443020800929,0.1417181658655675,0.0329670329670364,-0.18070818070818007,1
0.7720002917340025,0.10668948394060444,0.1417181658655675,0.0329670329670364,-0.18070818070818007,1
0.7730002917232923,0.10633356563879356,0.1417181658655675,0.0329670329670364,-0.18070818070818007,1
0.7740002917125821,0.10597667881534656,0.1417181658655675,0.0329670329670364,-0.18070818070818007,1
0.7750002917018719,0.10561882699259219,0.1417181658655675,0.0329670329670364,-0.18070818070818007,1
0.7760002916911617,0.10526001370238347,0.1417181658655675,0.0329670329670364,-0.18070818070818007,1
0.7770002916804515,0.10490024248606253,0.1417181658655675,0.0329670329670364,-0.18070818070818007,1
0.7780002916697413,0.10453951689442602,0.1417181658655675,0.0329670329670364,-0.18070818070818007,1
0.7790002916590311,0.10417784048768979,0.1417181658655675,0.0329670329670364,-0.18070818070818007,1
0.7800002916483209,0.10381521683545392,0.1417181658655675,0.0329670329670364,-0.18070818070818007,1
0.7810002916376106,0.10345164951666734,0.1417181658655675,0.0329670329670364,-0.18070818070818007,1
0.7820002916269004,0.10308714211959268,0.1417181658655675,0.0329670329670364,-0.18070818070818007,1
0.7830002916161902,0.10272169824177069,0.1417181658655675,0.0329670329670364,-0.18070818070818007,1
0.78400029160548,0.10235532148998487,0.1417181658655675,0.0329670329670364,-0.18070818070818007,1
0.7850002915947698,0.1019880154802257,0.1417181658655675,0.0329670329670364,-0.18070818070818007,1
0.7860002915840596,0.10161978383765514,0.1417181658655675,0.0329670329670364,-0.18070818070818007,1
0.7870002915733494,0.10125063019657081,0.1417181658655675,0.0329670329670364,-0.18070818070818007,1
0.7880002915626392,0.10088055820037001,0.1417181658655675,0.0329670329670364,-0.18070818070818007,1
0.789000291551929,0.10050957150151386,0.1417181658655675,0.0329670329670364,-0.18070818070818007,1
0.7900002915412188,0.10013767376149124,0.1417181658655675,0.0329670329670364,-0.18070818070818007,1
0.7910002915305085,0.09976486865078264,0.1417181658655675,0.0329670329670364,-0.18070818070818007,1
0.7920002915197983,0.09939115984882388,0.1417181658655675,0.0329670329670364,-0.18070818070818007,1
0.7930002915090881,0.09901655104396986,0.1417181658655675,0.0329670329670364,-0.18070818070818007,1
0.7940002914983779,0.09864104593345822,0.1417181658655675,0.0329670329670364,-0.18070818070818007,1
0.7950002914876677,0.0982646482233727,0.1417181658655675,0.0329670329670364,-0.18070818070818007,1
0.7960002914769575,0.09788736162860669,0.1417181658655675,0.0329670329670364,-0.18070818070818007,1
0.7970002914662473,0.09750918987282643,0.1417181658655675,0.0329670329670364,-0.18070818070818007,1
0.7980002914555371,0.09713013668843444,0.1417181658655675,0.0329670329670364,-0.18070818070818007,1
0.7990002914448269,0.09675020581653258,0.1417181658655675,0.0329670329670364,-0.18070818070818007,1
0.8000002914341167,0.096369401006885,0.1417181658655675,0.0329670329670364,-0.18070818070818007,1
0.8010002914234065,0.09598772601788137,0.1417181658655675,0.0329670329670364,-0.18070818070818007,1
0.8020002914126962,0.09560518461649971,0.1417181658655675,0.0329670329670364,-0.18070818070818007,1
0.803000291401986,0.09522178057826909,0.1417181658655675,0.0329670329670364,-0.18070818070818007,1
0.8040002913912758,0.09483751768723252,0.1417181658655675,0.0329670329670364,-0.18070818070818007,1
0.8050002913805656,0.09445239973590952,0.1417181658655675,0.0329670329670364,-0.18070818070818007,1
0.8060002913698554,0.09406643052525869,0.1417181658655675,0.0329670329670364,-0.18070818070818007,1
0.8070002913591452,0.09367961386464034,0.1417181658655675,0.0329670329670364,-0.18070818070818007,1
0.808000291348435,0.0932919535717785,0.1417181658655675,0.0329670329670364,-0.18070818070818007,1
0.8090002913377248,0.09290345347272375,0.1417181658655675,0.0329670329670364,-0.18070818070818007,1
0.8100002913270146,0.09251411740181514,0.1417181658655675,0.0329670329670364,-0.18070818070818007,1
0.8110002913163044,0.09212394920164245,0.1417181658655675,0.0329670329670364,-0.18070818070818007,1
0.8120002913055941,0.09173295272300819,0.1417181658655675,0.0329670329670364,-0.18070818070818007,1
0.8130002912948839,0.09134113182488966,0.1417181658655675,0.0329670329670364,-0.18070818070818007,1
0.8140002912841737,0.09094849037440086,0.1417181658655675,0.0329670329670364,-0.18070818070818007,1
0.8150002912734635,0.0905550322467544,0.1417181658655675,0.0329670329670364,-0.18070818070818007,1
0.8160002912627533,0.09016076132522292,0.1417181658655675,0.0329670329670364,-0.18070818070818007,1
0.8170002912520431,0.08976568150110124,0.1417181658655675,0.0329670329670364,-0.18070818070818007,1
0.8180002912413329,0.08936979667366761,0.1417181658655675,0.0329670329670364,-0.18070818070818007,1
0.8190002912306227,0.0889731107501454,0.1417181658655675,0.0329670329670364,-0.18070818070818007,1
0.8200002912199125,0.08857562764566443,0.1417181658655675,0.0329670329670364,-0.18070818070818007,1
0.8210002912092023,0.08817735128322239,0.1417181658655675,0.0329670329670364,-0.18070818070818007,1
0.822000291198492,0.08777828559364614,0.1417181658655675,0.0329670329670364,-0.18070818070818007,1
0.8230002911877818,0.08737843451555276,0.1417181658655675,0.0329670329670364,-0.18070818070818007,1
0.8240002911770716,0.08697780199531092,0.1417181658655675,0.0329670329670364,-0.18070818070818007,1
0.8250002911663614,0.08657639198700175,0.1417181658655675,0.0329670329670364,-0.18070818070818007,1
0.8260002911556512,0.08617420845237993,0.14019226367589788,-0.1428571428571388,-0.33699633699633935,1
0.827000291144941,0.08577125536083448,0.13942931258106306,-0.1648351648351678,-0.3076923076923066,1
0.8280002911342308,0.08536753668934963,0.1371404592965586,-0.2527472527472554,-0.20024420024419953,1
0.8290002911235206,0.0849630564224656,0.13637750820172378,-0.120879120879124,-0.29792429792429687,1
0.8300002911128104,0.08455781855223933,0.13485160601205415,-0.1868131868131826,-0.3272283272283296,1
0.8310002911021002,0.08415182707820477,0.13141832608529747,-0.1428571428571388,-0.2783882783882774,1
0.83200029109139,0.08374508600733384,0.1283665217059582,-0.4285714285714306,-0.219780219780219,1
0.8330002910806797,0.08333759935399661,0.12645914396887115,-0.2307692307692264,-0.18070818070818007,1
0.8340002910699695,0.08292937113992177,0.12226291294727964,-0.2747252747252702,-0.18070818070818007,1
0.8350002910592593,0.08252040539415688,0.11882963302052296,-0.318681318681314,-0.14163614163614113,1
0.8360002910485491,0.08211070615302868,0.112344548714427,-0.3626373626373578,-0.25885225885225793,1
0.8370002910378389,0.08170027746010317,0.11158159761959219,-0.4285714285714306,-0.23931623931623847,1
0.8380002910271287,0.08128912336614583,0.11158159761959219,-0.4285714285714306,-0.23931623931623847,1
0.8390002910164185,0.08087724792908137,0.11158159761959219,-0.4285714285714306,-0.23931623931623847,1
0.8400002910057083,0.08046465521395404,0.11158159761959219,-0.4285714285714306,-0.23931623931623847,1
0.8410002909949981,0.08005134929288732,0.11158159761959219,-0.4285714285714306,-0.23931623931623847,1
0.8420002909842879,0.07963733424504366,0.11158159761959219,-0.4285714285714306,-0.23931623931623847,1
0.8430002909735776,0.07922261415658437,0.11158159761959219,-0.4285714285714306,-0.23931623931623847,1
0.8440002909628674,0.0788071931206292,0.11158159761959219,-0.4285714285714306,-0.23931623931623847,1
0.8450002909521572,0.07839107523721597,0.11158159761959219,-0.4285714285714306,-0.23931623931623847,1
0.846000290941447,0.07797426461326018,0.11158159761959219,-0.4285714285714306,-0.23931623931623847,1
0.8470002909307368,0.0775567653625142,0.11158159761959219,-0.4285714285714306,-0.23931623931623847,1
0.8480002909200266,0.07713858160552706,0.11158159761959219,-0.4285714285714306,-0.23931623931623847,1
0.8490002909093164,0.07671971746960352,0.11158159761959219,-0.4285714285714306,-0.23931623931623847,1
0.8500002908986062,0.07630017708876341,0.11158159761959219,-0.4285714285714306,-0.23931623931623847,1
0.851000290887896,0.07587996460370085,0.11158159761959219,-0.4285714285714306,-0.23931623931623847,1
0.8520002908771858,0.07545908416174328,0.11158159761959219,-0.4285714285714306,-0.23931623931623847,1
0.8530002908664756,0.07503753991681077,0.11158159761959219,-0.4285714285714306,-0.23931623931623847,1
0.8540002908557653,0.07461533602937458,0.11158159761959219,-0.4285714285714306,-0.23931623931623847,1
0.8550002908450551,0.07419247666641664,0.11158159761959219,-0.4285714285714306,-0.23931623931623847,1
0.8560002908343449,0.07376896600138802,0.11158159761959219,-0.4285714285714306,-0.23931623931623847,1
0.8570002908236347,0.07334480821416794,0.11158159761959219,-0.4285714285714306,-0.23931623931623847,1
0.8580002908129245,0.07292000749102243,0.11158159761959219,-0.4285714285714306,-0.23931623931623847,1
0.8590002908022143,0.07249456802456304,0.11158159761959219,-0.4285714285714306,-0.23931623931623847,1
0.8600002907915041,0.07206849401370544,0.11158159761959219,-0.4285714285714306,-0.23931623931623847,1
0.8610002907807939,0.07164178966362808,0.11158159761959219,-0.4285714285714306,-0.23931623931623847,1
0.8620002907700837,0.07121445918573042,0.11158159761959219,-0.4285714285714306,-0.23931623931623847,1
0.8630002907593735,0.07078650679759174,0.11158159761959219,-0.4285714285714306,-0.23931623931623847,1
0.8640002907486632,0.07035793672292924,0.11158159761959219,-0.4285714285714306,-0.23931623931623847,1
0.865000290737953,0.06992875319155643,0.11158159761959219,-0.4285714285714306,-0.23931623931623847,1
0.8660002907272428,0.06949896043934142,0.11158159761959219,-0.4285714285714306,-0.23931623931623847,1
0.8670002907165326,0.06906856270816508,0.11158159761959219,-0.4285714285714306,-0.23931623931623847,1
0.8680002907058224,0.06863756424587915,0.11158159761959219,-0.4285714285714306,-0.23931623931623847,1
0.8690002906951122,0.06820596930626441,0.11158159761959219,-0.4285714285714306,-0.23931623931623847,1
0.870000290684402,0.06777378214898849,0.11158159761959219,-0.4285714285714306,-0.23931623931623847,1
0.8710002906736918,0.06734100703956411,0.11158159761959219,-0.4285714285714306,-0.23931623931623847,1
0.8720002906629816,0.06690764824930678,0.11158159761959219,-0.4285714285714306,-0.23931623931623847,1
0.8730002906522714,0.06647371005529273,0.11158159761959219,-0.4285714285714306,-0.23931623931623847,1
0.8740002906415612,0.06603919674031664,0.11158159761959219,-0.4285714285714306,-0.23931623931623847,1
0.8750002906308509,0.06560411259284941,0.11158159761959219,-0.4285714285714306,-0.23931623931623847,1
0.8760002906201407,0.06516846190699586,0.11158159761959219,-0.4285714285714306,-0.23931623931623847,1
0.8770002906094305,0.06473224898245233,0.11158159761959219,-0.4285714285714306,-0.23931623931623847,1
0.8780002905987203,0.06429547812446407,0.11158159761959219,-0.4285714285714306,-0.23931623931623847,1
0.8790002905880101,0.06385815364378308,0.11158159761959219,-0.4285714285714306,-0.23931623931623847,1
0.8800002905772999,0.06342027985662535,0.11158159761959219,-0.4285714285714306,-0.23931623931623847,1
0.8810002905665897,0.06298186108462828,0.11158159761959219,-0.4285714285714306,-0.23931623931623847,1
0.8820002905558795,0.06254290165480805,0.11158159761959219,-0.4285714285714306,-0.23931623931623847,1
0.8830002905451693,0.06210340589951694,0.11158159761959219,-0.4285714285714306,-0.23931623931623847,1
0.884000290534459,0.06166337815640059,0.11158159761959219,-0.4285714285714306,-0.23931623931623847,1
0.8850002905237488,0.06122282276835496,0.11158159761959219,-0.4285714285714306,-0.23931623931623847,1
0.8860002905130386,0.060781744083483843,0.11158159761959219,-0.4285714285714306,-0.23931623931623847,1
0.8870002905023284,0.06034014645505569,0.11158159761959219,-0.4285714285714306,-0.23931623931623847,1
0.8880002904916182,0.059898034241460715,0.11158159761959219,-0.4285714285714306,-0.23931623931623847,1
0.889000290480908,0.059455411806167896,0.11158159761959219,-0.4285714285714306,-0.23931623931623847,1
0.8900002904701978,0.05901228351768186,0.11158159761959219,-0.4285714285714306,-0.23931623931623847,1
0.8910002904594876,0.058568653749499856,0.11158159761959219,-0.4285714285714306,-0.23931623931623847,1
0.8920002904487774,0.05812452688006854,0.11158159761959219,-0.4285714285714306,-0.23931623931623847,1
0.8930002904380672,0.057679907292740605,0.11158159761959219,-0.4285714285714306,-0.23931623931623847,1
0.894000290427357,0.057234799375731844,0.11158159761959219,-0.4285714285714306,-0.23931623931623847,1
0.8950002904166467,0.0567892075220776,0.11158159761959219,-0.4285714285714306,-0.23931623931623847,1
0.8960002904059365,0.05634313612958947,0.11158159761959219,-0.4285714285714306,-0.23931623931623847,1
0.8970002903952263,0.05589658960081195,0.11158159761959219,-0.4285714285714306,-0.23931623931623847,1
0.8980002903845161,0.05544957234297889,0.11158159761959219,-0.4285714285714306,-0.23931623931623847,1
0.8990002903738059,0.055002088767970046,0.11158159761959219,-0.4285714285714306,-0.23931623931623847,1
0.9000002903630957,0.05455414329226765,0.11158159761959219,-0.4285714285714306,-0.23931623931623847,1
0.9010002903523855,0.05410574033691245,0.11158159761959219,-0.4285714285714306,-0.23931623931623847,1
0.9020002903416753,0.053656884327460574,0.11158159761959219,-0.4285714285714306,-0.23931623931623847,1
0.9030002903309651,0.05320757969393953,0.11158159761959219,-0.4285714285714306,-0.23931623931623847,1
0.9040002903202549,0.05275783087080455,0.11158159761959219,-0.4285714285714306,-0.23931623931623847,1
0.9050002903095447,0.05230764229689488,0.11158159761959219,-0.4285714285714306,-0.23931623931623847,1
0.9060002902988344,0.051857018415389866,0.11158159761959219,-0.4285714285714306,-0.23931623931623847,1
0.9070002902881242,0.051405963673765286,0.11158159761959219,-0.4285714285714306,-0.23931623931623847,1
0.908000290277414,0.05095448252374911,0.11158159761959219,-0.4285714285714306,-0.23931623931623847,1
0.9090002902667038,0.050502579421278,0.11158159761959219,-0.4285714285714306,-0.23931623931623847,1
0.9100002902559936,0.05005025882645301,0.11158159761959219,-0.4285714285714306,-0.23931623931623847,1
0.9110002902452834,0.049597525203495745,0.11158159761959219,-0.4285714285714306,-0.23931623931623847,1
0.9120002902345732,0.04914438302070417,0.11158159761959219,-0.4285714285714306,-0.23931623931623847,1
0.913000290223863,0.04869083675040859,0.11158159761959219,-0.4285714285714306,-0.23931623931623847,1
0.9140002902131528,0.0482368908689275,0.11158159761959219,-0.4285714285714306,-0.23931623931623847,1
0.9150002902024426,0.04778254985652346,0.11158159761959219,-0.4285714285714306,-0.23931623931623847,1
0.9160002901917323,0.0473278181973586,0.11158159761959219,-0.4285714285714306,-0.23931623931623847,1
0.9170002901810221,0.04687270037945079,0.11158159761959219,-0.4285714285714306,-0.23931623931623847,1
0.9180002901703119,0.04641720089462904,0.11158159761959219,-0.4285714285714306,-0.23931623931623847,1
0.9190002901596017,0.045961324238489316,0.11158159761959219,-0.4285714285714306,-0.23931623931623847,1
0.9200002901488915,0.045505074910350024,0.11158159761959219,-0.4285714285714306,-0.23931623931623847,1
0.9210002901381813,0.04504845741320778,0.11158159761959219,-0.4285714285714306,-0.23931623931623847,1
0.9220002901274711,0.04459147625369282,0.11158159761959219,-0.4285714285714306,-0.23931623931623847,1
0.9230002901167609,0.04413413594202467,0.11158159761959219,-0.4285714285714306,-0.23931623931623847,1
0.9240002901060507,0.043676440991967345,0.11158159761959219,-0.4285714285714306,-0.23931623931623847,1
0.9250002900953405,0.0432183959207852,0.11158159761959219,-0.4285714285714306,-0.23931623931623847,1
0.9260002900846303,0.04276000524919805,0.11158159761959219,-0.4285714285714306,-0.23931623931623847,1
0.92700029007392,0.04230127350133668,0.11158159761959219,-0.4285714285714306,-0.23931623931623847,1
0.9280002900632098,0.04184220520469815,0.11158159761959219,-0.4285714285714306,-0.23931623931623847,1
0.9290002900524996,0.041382804890101106,0.11158159761959219,-0.4285714285714306,-0.23931623931623847,1
0.9300002900417894,0.04092307709164111,0.11158159761959219,-0.4285714285714306,-0.23931623931623847,1
0.9310002900310792,0.04046302634664587,0.11158159761959219,-0.4285714285714306,-0.23931623931623847,1
0.932000290020369,0.04000265719563031,0.11158159761959219,-0.4285714285714306,-0.23931623931623847,1
0.9330002900096588,0.03954197418225204,0.11158159761959219,-0.4285714285714306,-0.23931623931623847,1
0.9340002899989486,0.039080981853266326,0.11158159761959219,-0.4285714285714306,-0.23931623931623847,1
0.9350002899882384,0.03861968475848126,0.11158159761959219,-0.4285714285714306,-0.23931623931623847,1
0.9360002899775282,0.038158087450712815,0.11158159761959219,-0.4285714285714306,-0.23931623931623847,1
0.937000289966818,0.03769619448573998,0.11158159761959219,-0.4285714285714306,-0.23931623931623847,1
0.9380002899561077,0.03723401042225981,0.11158159761959219,-0.4285714285714306,-0.23931623931623847,1
0.9390002899453975,0.0367715398218422,0.11158159761959219,-0.4285714285714306,-0.23931623931623847,1
0.9400002899346873,0.03630878724888522,0.11158159761959219,-0.4285714285714306,-0.23931623931623847,1
0.9410002899239771,0.03584575727056986,0.11158159761959219,-0.4285714285714306,-0.23931623931623847,1
0.9420002899132669,0.03538245445681497,0.11158159761959219,-0.4285714285714306,-0.23931623931623847,1
0.9430002899025567,0.03491888338023218,0.11158159761959219,-0.4285714285714306,-0.23931623931623847,1
0.9440002898918465,0.03445504861608077,0.11158159761959219,-0.4285714285714306,-0.23931623931623847,1
0.9450002898811363,0.03399095474222251,0.11158159761959219,-0.4285714285714306,-0.23931623931623847,1
0.9460002898704261,0.033526606339076524,0.10433356221866141,-0.4285714285714306,-0.024420024420024333,1
0.9470002898597158,0.03306200798957388,0.0993743801022351,-0.4505494505494454,-0.03418803418803407,1
0.9480002898490056,0.032597164279112675,0.09822995345998287,-0.340659340659343,-0.0439560439560438,1
0.9490002898382954,0.03213207979551256,0.09517814908064359,-0.3846153846153868,-0.1025641025641022,1
0.9500002898275852,0.031666759128969546,0.09288929579613914,-0.2967032967032992,-0.21001221001220927,1
0.951000289816875,0.031201206872010643,0.08678568703746059,-0.4505494505494454,-0.20024420024419953,1
0.9520002898061648,0.030735427619448582,0.08564126039520836,-0.4065934065934016,-0.17094017094017033,1
0.9530002897954546,0.030269425968336452,0.08182650492103427,-0.4065934065934016,-0.08302808302808273,1
0.9540002897847444,0.029803206517922367,0.07801174944686018,-0.4505494505494454,-0.1025641025641022,1
0.9550002897740342,0.02933677386960387,0.07724879835202536,-0.3846153846153868,-0.12210012210012167,1
0.956000289763324,0.028870132626882847,0.07000076295109459,-0.4505494505494454,-0.1611721611721606,1
0.9570002897526138,0.028403287395319884,0.06923781185625977,-0.4065934065934016,-0.17094017094017033,1
0.9580002897419035,0.02793624278248884,0.06580453192950309,-0.4065934065934016,-0.1904761904761898,1
0.9590002897311933,0.02746900339793139,0.06389715419241604,-0.3626373626373578,-0.23931623931623847,1
0.9600002897204831,0.027001573853111534,0.06389715419241604,-0.3626373626373578,-0.23931623931623847,1
0.9610002897097729,0.026533958761370064,0.06389715419241604,-0.3626373626373578,-0.23931623931623847,1
0.9620002896990627,0.026066162737879126,0.06389715419241604,-0.3626373626373578,-0.23931623931623847,1
0.9630002896883525,0.02559819039959638,0.06389715419241604,-0.3626373626373578,-0.23931623931623847,1
0.9640002896776423,0.025130046365219847,0.06389715419241604,-0.3626373626373578,-0.23931623931623847,1
0.9650002896669321,0.024661735255142047,0.06389715419241604,-0.3626373626373578,-0.23931623931623847,1
0.9660002896562219,0.024193261691404472,0.06389715419241604,-0.3626373626373578,-0.23931623931623847,1
0.9670002896455117,0.02372463029765197,0.06389715419241604,-0.3626373626373578,-0.23931623931623847,1
0.9680002896348014,0.023255845699087098,0.06389715419241604,-0.3626373626373578,-0.23931623931623847,1
0.9690002896240912,0.022786912522424565,0.06389715419241604,-0.3626373626373578,-0.23931623931623847,1
0.970000289613381,0.022317835395845267,0.06389715419241604,-0.3626373626373578,-0.23931623931623847,1
0.9710002896026708,0.021848618948951043,0.06389715419241604,-0.3626373626373578,-0.23931623931623847,1
0.9720002895919606,0.021379267812718695,0.06389715419241604,-0.3626373626373578,-0.23931623931623847,1
0.9730002895812504,0.020909786619454345,0.06389715419241604,-0.3626373626373578,-0.23931623931623847,1
0.9740002895705402,0.020440180002747742,0.06389715419241604,-0.3626373626373578,-0.23931623931623847,1
0.97500028955983,0.019970452597426504,0.06389715419241604,-0.3626373626373578,-0.23931623931623847,1
0.9760002895491198,0.019500609039510383,0.06389715419241604,-0.3626373626373578,-0.23931623931623847,1
0.9770002895384096,0.019030653966165583,0.06389715419241604,-0.3626373626373578,-0.23931623931623847,1
0.9780002895276994,0.018560592015658715,0.06389715419241604,-0.3626373626373578,-0.23931623931623847,1
0.9790002895169891,0.018090427827311427,0.06389715419241604,-0.3626373626373578,-0.23931623931623847,1
0.9800002895062789,0.01762016604145434,0.06389715419241604,-0.3626373626373578,-0.23931623931623847,1
0.9810002894955687,0.01714981129938134,0.06389715419241604,-0.3626373626373578,-0.23931623931623847,1
0.9820002894848585,0.01667936824330373,0.06389715419241604,-0.3626373626373578,-0.23931623931623847,1
0.9830002894741483,0.01620884151630446,0.06389715419241604,-0.3626373626373578,-0.23931623931623847,1
0.9840002894634381,0.015738235762292253,0.06389715419241604,-0.3626373626373578,-0.23931623931623847,1
0.9850002894527279,0.015267555625955892,0.06389715419241604,-0.3626373626373578,-0.23931623931623847,1
0.9860002894420177,0.014796805752718058,0.06389715419241604,-0.3626373626373578,-0.23931623931623847,1
0.9870002894313075,0.01432599078868992,0.06389715419241604,-0.3626373626373578,-0.23931623931623847,1
0.9880002894205973,0.013855115380624998,0.06389715419241604,-0.3626373626373578,-0.23931623931623847,1
0.989000289409887,0.013384184175873372,0.06389715419241604,-0.3626373626373578,-0.23931623931623847,1
0.9900002893991768,0.01291320182233581,0.06389715419241604,-0.3626373626373578,-0.23931623931623847,1
0.9910002893884666,0.012442172968417896,0.06389715419241604,-0.3626373626373578,-0.23931623931623847,1
0.9920002893777564,0.01197110226298416,0.06389715419241604,-0.3626373626373578,-0.23931623931623847,1
0.9930002893670462,0.011499994355312248,0.06389715419241604,-0.3626373626373578,-0.23931623931623847,1
0.994000289356336,0.011028853895046788,0.06389715419241604,-0.3626373626373578,-0.23931623931623847,1
0.9950002893456258,0.010557685532153877,0.06389715419241604,-0.3626373626373578,-0.23931623931623847,1
0.9960002893349156,0.010086493916874944,0.06389715419241604,-0.3626373626373578,-0.23931623931623847,1
0.9970002893242054,0.0096152836996809,0.06389715419241604,-0.3626373626373578,-0.23931623931623847,1
0.9980002893134952,0.009144059531226257,0.06389715419241604,-0.3626373626373578,-0.23931623931623847,1
0.999000289302785,0.008672826062303216,0.06389715419241604,-0.3626373626373578,-0.23931623931623847,1
1.0000002892920747,0.008201587943795836,0.06389715419241604,-0.3626373626373578,-0.23931623931623847,1
1.0010002892813645,0.007730349826633871,0.06389715419241604,-0.3626373626373578,-0.23931623931623847,1
1.0020002892706543,0.007259116361747254,0.06389715419241604,-0.3626373626373578,-0.23931623931623847,1
1.0030002892599441,0.006787892200019941,0.06389715419241604,-0.3626373626373578,-0.23931623931623847,1
1.004000289249234,0.0063166819922440675,0.06389715419241604,-0.3626373626373578,-0.23931623931623847,1
1.0050002892385237,0.005845490389074049,0.06389715419241604,-0.3626373626373578,-0.23931623931623847,1
1.0060002892278135,0.005374322040980683,0.06389715419241604,-0.3626373626373578,-0.23931623931623847,1
1.0070002892171033,0.004903181598205245,0.06389715419241604,-0.3626373626373578,-0.23931623931623847,1
1.008000289206393,0.004432073710713667,0.06389715419241604,-0.3626373626373578,-0.23931623931623847,1
1.0090002891956829,0.00396100302815037,0.06389715419241604,-0.3626373626373578,-0.23931623931623847,1
1.0100002891849726,0.0034899741997927803,0.06389715419241604,-0.3626373626373578,-0.23931623931623847,1
1.0110002891742624,0.0030189918745051727,0.06389715419241604,-0.3626373626373578,-0.23931623931623847,1
1.0120002891635522,0.0025480607006928523,0.06389715419241604,-0.3626373626373578,-0.23931623931623847,1
1.013000289152842,0.0020771853262562855,0.06389715419241604,-0.3626373626373578,-0.23931623931623847,1
1.0140002891421318,0.0016063703985452161,0.06389715419241604,-0.3626373626373578,-0.23931623931623847,1
1.0150002891314216,0.0011356205643128078,0.06389715419241604,-0.3626373626373578,-0.23931623931623847,1
1.0160002891207114,0.0006649404696698388,0.06389715419241604,-0.3626373626373578,-0.23931623931623847,1
1.0170002891100012,0.0001943347600385937,0.06389715419241604,-0.3626373626373578,-0.23931623931623847,1
1.018000289099291,-0.00027619191989260335,0.06389715419241604,-0.3626373626373578,-0.23931623931623847,1
1.0190002890885808,-0.0007466349262154753,0.06389715419241604,-0.3626373626373578,-0.23931623931623847,1
1.0200002890778705,-0.0012169896158475742,0.06389715419241604,-0.3626373626373578,-0.23931623931623847,1
1.0210002890671603,-0.0016872513465781072,0.06389715419241604,-0.3626373626373578,-0.23931623931623847,1
1.0220002890564501,-0.00215741547711374,0.06389715419241604,-0.3626373626373578,-0.23931623931623847,1
1.02300028904574,-0.002627477367124419,0.06389715419241604,-0.3626373626373578,-0.23931623931623847,1
1.0240002890350297,-0.0030974323772890947,0.06389715419241604,-0.3626373626373578,-0.23931623931623847,1
1.0250002890243195,-0.003567275869341774,0.06389715419241604,-0.3626373626373578,-0.23931623931623847,1
1.0260002890136093,-0.004037003206116909,0.06389715419241604,-0.3626373626373578,-0.23931623931623847,1
1.027000289002899,-0.004506609751595423,0.06389715419241604,-0.3626373626373578,-0.23931623931623847,1
1.0280002889921889,-0.004976090870950396,0.06389715419241604,-0.3626373626373578,-0.23931623931623847,1
1.0290002889814787,-0.005445441930592819,0.06389715419241604,-0.3626373626373578,-0.23931623931623847,1
1.0300002889707685,-0.005914658298217315,0.06389715419241604,-0.3626373626373578,-0.23931623931623847,1
1.0310002889600582,-0.006383735342847802,0.06389715419241604,-0.3626373626373578,-0.23931623931623847,1
1.032000288949348,-0.006852668434883451,0.06389715419241604,-0.3626373626373578,-0.23931623931623847,1
1.0330002889386378,-0.007321452946143997,0.06389715419241604,-0.3626373626373578,-0.23931623931623847,1
1.0340002889279276,-0.007790084249915667,0.06389715419241604,-0.3626373626373578,-0.23931623931623847,1
1.0350002889172174,-0.008258557720996783,0.06389715419241604,-0.3626373626373578,-0.23931623931623847,1
1.0360002889065072,-0.008726868735743423,0.06389715419241604,-0.3626373626373578,-0.23931623931623847,1
1.037000288895797,-0.009195012672115026,0.06389715419241604,-0.3626373626373578,-0.23931623931623847,1
1.0380002888850868,-0.009662984909720038,0.06389715419241604,-0.3626373626373578,-0.23931623931623847,1
1.0390002888743766,-0.010130780829861442,0.06389715419241604,-0.3626373626373578,-0.23931623931623847,1
1.0400002888636664,-0.010598395815582588,0.06389715419241604,-0.3626373626373578,-0.23931623931623847,1
1.0410002888529561,-0.011065825251712378,0.06389715419241604,-0.3626373626373578,-0.23931623931623847,1
1.042000288842246,-0.0115330645249111,0.06389715419241604,-0.3626373626373578,-0.23931623931623847,1
1.0430002888315357,-0.012000109023715847,0.06389715419241604,-0.3626373626373578,-0.23931623931623847,1
1.0440002888208255,-0.012466954138586072,0.06389715419241604,-0.3626373626373578,-0.23931623931623847,1
1.0450002888101153,-0.012933595261949059,0.06389715419241604,-0.3626373626373578,-0.23931623931623847,1
1.046000288799405,-0.013400027788245415,0.06389715419241604,-0.3626373626373578,-0.23931623931623847,1
1.0470002887886949,-0.013866247113974443,0.06389715419241604,-0.3626373626373578,-0.23931623931623847,1
1.0480002887779847,-0.014332248637739846,0.06389715419241604,-0.3626373626373578,-0.23931623931623847,1
1.0490002887672745,-0.014798027760294756,0.06389715419241604,-0.3626373626373578,-0.23931623931623847,1
1.0500002887565643,-0.015263579884587365,0.06389715419241604,-0.3626373626373578,-0.23931623931623847,1
1.051000288745854,-0.015728900415806265,0.06389715419241604,-0.3626373626373578,-0.23931623931623847,1
1.0520002887351438,-0.01619398476142576,0.06389715419241604,-0.3626373626373578,-0.23931623931623847,1
1.0530002887244336,-0.01665882833125123,0.06389715419241604,-0.3626373626373578,-0.23931623931623847,1
1.0540002887137234,-0.01712342653746439,0.06389715419241604,-0.3626373626373578,-0.23931623931623847,1
1.0550002887030132,-0.017587774794668557,0.06389715419241604,-0.3626373626373578,-0.23931623931623847,1
1.056000288692303,-0.01805186851993412,0.06389715419241604,-0.3626373626373578,-0.23931623931623847,1
1.0570002886815928,-0.0185157031328434,0.06389715419241604,-0.3626373626373578,-0.23931623931623847,1
1.0580002886708826,-0.018979274055536136,0.06389715419241604,-0.3626373626373578,-0.23931623931623847,1
1.0590002886601724,-0.01944257671275456,0.06389715419241604,-0.3626373626373578,-0.23931623931623847,1
1.0600002886494622,-0.01990560653188859,0.06389715419241604,-0.3626373626373578,-0.23931623931623847,1
1.061000288638752,-0.020368358943020942,0.06389715419241604,-0.3626373626373578,-0.23931623931623847,1
1.0620002886280417,-0.020830829378972168,0.06389715419241604,-0.3626373626373578,-0.23931623931623847,1
1.0630002886173315,-0.021293013275346006,0.06389715419241604,-0.3626373626373578,-0.23931623931623847,1
1.0640002886066213,-0.021754906070574023,0.06389715419241604,-0.3626373626373578,-0.23931623931623847,1
1.0650002885959111,-0.02221650320596089,0.06389715419241604,-0.3626373626373578,-0.23931623931623847,1
1.066000288585201,-0.02267780012572934,0.06008239871824195,-0.4505494505494454,-0.219780219780219,1
1.0670002885744907,-0.023138792277065112,0.056649118791485265,-0.3846153846153868,-0.18070818070818007,1
1.0680002885637805,-0.023599475110161874,0.05283436331731117,-0.4725274725274744,-0.17094017094017033,1
1.0690002885530703,-0.02405984407826614,0.0497825589379719,-0.4725274725274744,-0.1611721611721606,1
1.07000028854236,-0.024519894637722098,0.04520485236896299,-0.4945054945054892,-0.17094017094017033,1
1.0710002885316499,-0.02497962224801667,0.03833829251544962,-0.3846153846153868,-0.22954822954822873,1
1.0720002885209396,-0.025439022371823987,0.03490501258869294,-0.4505494505494454,-0.22954822954822873,1
1.0730002885102294,-0.02589809047505038,0.03185320820935367,-0.4945054945054892,-0.17094017094017033,1
1.0740002884995192,-0.026356822026879112,0.029182879377431803,-0.4945054945054892,-0.14163614163614113,1
1.075000288488809,-0.02681521249981505,0.02613107499809253,-0.4285714285714306,-0.17094017094017033,1
1.0760002884780988,-0.027273257369729388,0.02040894178683139,-0.4725274725274744,-0.18070818070818007,1
1.0770002884673886,-0.027730952115904275,0.01583123521782248,-0.4505494505494454,-0.20024420024419953,1
1.0780002884566784,-0.028188292221077382,0.01163500419623098,-0.4505494505494454,-0.21001221001220927,1
1.0790002884459682,-0.028645273171486726,0.010872053101396162,-0.4285714285714306,-0.219780219780219,1
1.080000288435258,-0.02910189045691485,0.010872053101396162,-0.4285714285714306,-0.219780219780219,1
1.0810002884245478,-0.029558139570733596,0.010872053101396162,-0.4285714285714306,-0.219780219780219,1
1.0820002884138376,-0.03001401600994849,0.010872053101396162,-0.4285714285714306,-0.219780219780219,1
1.0830002884031273,-0.030469515275243234,0.010872053101396162,-0.4285714285714306,-0.219780219780219,1
1.0840002883924171,-0.030924632871024045,0.010872053101396162,-0.4285714285714306,-0.219780219780219,1
1.085000288381707,-0.031379364305464105,0.010872053101396162,-0.4285714285714306,-0.219780219780219,1
1.0860002883709967,-0.03183370509054777,0.010872053101396162,-0.4285714285714306,-0.219780219780219,1
1.0870002883602865,-0.03228765074211513,0.010872053101396162,-0.4285714285714306,-0.219780219780219,1
1.0880002883495763,-0.03274119677990591,0.010872053101396162,-0.4285714285714306,-0.219780219780219,1
1.089000288338866,-0.03319433872760392,0.010872053101396162,-0.4285714285714306,-0.219780219780219,1
1.0900002883281559,-0.033647072112881156,0.010872053101396162,-0.4285714285714306,-0.219780219780219,1
1.0910002883174457,-0.034099392467441994,0.010872053101396162,-0.4285714285714306,-0.219780219780219,1
1.0920002883067355,-0.03455129532706723,0.010872053101396162,-0.4285714285714306,-0.219780219780219,1
1.0930002882960252,-0.03500277623165812,0.010872053101396162,-0.4285714285714306,-0.219780219780219,1
1.094000288285315,-0.035453830725280626,0.010872053101396162,-0.4285714285714306,-0.219780219780219,1
1.0950002882746048,-0.035904454356209016,0.010872053101396162,-0.4285714285714306,-0.219780219780219,1
1.0960002882638946,-0.036354642676970084,0.010872053101396162,-0.4285714285714306,-0.219780219780219,1
1.0970002882531844,-0.03680439124438694,0.010872053101396162,-0.4285714285714306,-0.219780219780219,1
1.0980002882424742,-0.0372536956196229,0.010872053101396162,-0.4285714285714306,-0.219780219780219,1
1.099000288231764,-0.03770255136822526,0.010872053101396162,-0.4285714285714306,-0.219780219780219,1
1.1000002882210538,-0.03815095406016908,0.010872053101396162,-0.4285714285714306,-0.219780219780219,1
1.1010002882103436,-0.03859889926990085,0.010872053101396162,-0.4285714285714306,-0.219780219780219,1
1.1020002881996334,-0.03904638257638243,0.010872053101396162,-0.4285714285714306,-0.219780219780219,1
1.1030002881889232,-0.03949339956313426,0.010872053101396162,-0.4285714285714306,-0.219780219780219,1
1.104000288178213,-0.03993994581827925,0.010872053101396162,-0.4285714285714306,-0.219780219780219,1
1.1050002881675027,-0.04038601693458622,0.010872053101396162,-0.4285714285714306,-0.219780219780219,1
1.1060002881567925,-0.04083160850951345,0.010872053101396162,-0.4285714285714306,-0.219780219780219,1
1.1070002881460823,-0.04127671614525207,0.010872053101396162,-0.4285714285714306,-0.219780219780219,1
1.108000288135372,-0.04172133544876952,0.010872053101396162,-0.4285714285714306,-0.219780219780219,1
1.109000288124662,-0.042165462031852785,0.010872053101396162,-0.4285714285714306,-0.219780219780219,1
1.1100002881139517,-0.04260909151115203,0.010872053101396162,-0.4285714285714306,-0.219780219780219,1
1.1110002881032415,-0.043052219508223424,0.010872053101396162,-0.4285714285714306,-0.219780219780219,1
1.1120002880925313,-0.04349484164957262,0.010872053101396162,-0.4285714285714306,-0.219780219780219,1
1.113000288081821,-0.043936953566697856,0.010872053101396162,-0.4285714285714306,-0.219780219780219,1
1.1140002880711108,-0.04437855089613312,0.010872053101396162,-0.4285714285714306,-0.219780219780219,1
1.1150002880604006,-0.04481962927949113,0.010872053101396162,-0.4285714285714306,-0.219780219780219,1
1.1160002880496904,-0.045260184363506414,0.010872053101396162,-0.4285714285714306,-0.219780219780219,1
1.1170002880389802,-0.04570021180007817,0.010872053101396162,-0.4285714285714306,-0.219780219780219,1
1.11800028802827,-0.04613970724631347,0.010872053101396162,-0.4285714285714306,-0.219780219780219,1
1.1190002880175598,-0.04657866636456972,0.010872053101396162,-0.4285714285714306,-0.219780219780219,1
1.1200002880068496,-0.04701708482249773,0.010872053101396162,-0.4285714285714306,-0.219780219780219,1
1.1210002879961394,-0.047454958293084416,0.010872053101396162,-0.4285714285714306,-0.219780219780219,1
1.1220002879854292,-0.047892282454695484,0.010872053101396162,-0.4285714285714306,-0.219780219780219,1
1.123000287974719,-0.04832905299111811,0.010872053101396162,-0.4285714285714306,-0.219780219780219,1
1.1240002879640087,-0.048765265591603456,0.010872053101396162,-0.4285714285714306,-0.219780219780219,1
1.1250002879532985,-0.049200915950909495,0.010872053101396162,-0.4285714285714306,-0.219780219780219,1
1.1260002879425883,-0.04963599976934306,0.010872053101396162,-0.4285714285714306,-0.219780219780219,1
1.1270002879318781,-0.05007051275280264,0.010872053101396162,-0.4285714285714306,-0.219780219780219,1
1.128000287921168,-0.05050445061282058,0.010872053101396162,-0.4285714285714306,-0.219780219780219,1
1.1290002879104577,-0.050937809066605486,0.010872053101396162,-0.4285714285714306,-0.219780219780219,1
1.1300002878997475,-0.051370583837084455,0.010872053101396162,-0.4285714285714306,-0.219780219780219,1
1.1310002878890373,-0.05180277065294532,0.010872053101396162,-0.4285714285714306,-0.219780219780219,1
1.132000287878327,-0.05223436524867873,0.010872053101396162,-0.4285714285714306,-0.219780219780219,1
1.1330002878676169,-0.05266536336462046,0.010872053101396162,-0.4285714285714306,-0.219780219780219,1
1.1340002878569067,-0.053095760746993154,0.010872053101396162,-0.4285714285714306,-0.219780219780219,1
1.1350002878461964,-0.05352555314794848,0.010872053101396162,-0.4285714285714306,-0.219780219780219,1
1.1360002878354862,-0.05395473632560907,0.010872053101396162,-0.4285714285714306,-0.219780219780219,1
1.137000287824776,-0.05438330604411029,0.010872053101396162,-0.4285714285714306,-0.219780219780219,1
1.1380002878140658,-0.05481125807364216,0.010872053101396162,-0.4285714285714306,-0.219780219780219,1
1.1390002878033556,-0.05523858819049099,0.010872053101396162,-0.4285714285714306,-0.219780219780219,1
1.1400002877926454,-0.05566529217708108,0.010872053101396162,-0.4285714285714306,-0.219780219780219,1
1.1410002877819352,-0.056091365822016556,0.010872053101396162,-0.4285714285714306,-0.219780219780219,1
1.142000287771225,-0.05651680492012261,0.010872053101396162,-0.4285714285714306,-0.219780219780219,1
1.1430002877605148,-0.056941605272487164,0.010872053101396162,-0.4285714285714306,-0.219780219780219,1
1.1440002877498046,-0.05736576268650233,0.010872053101396162,-0.4285714285714306,-0.219780219780219,1
1.1450002877390943,-0.05778927297590576,0.010872053101396162,-0.4285714285714306,-0.219780219780219,1
1.1460002877283841,-0.05821213196082199,0.010872053101396162,-0.4285714285714306,-0.219780219780219,1
1.147000287717674,-0.058634335467803625,0.010872053101396162,-0.4285714285714306,-0.219780219780219,1
1.1480002877069637,-0.059055879329872524,0.010872053101396162,-0.4285714285714306,-0.219780219780219,1
1.1490002876962535,-0.059476759386561176,0.010872053101396162,-0.4285714285714306,-0.219780219780219,1
1.1500002876855433,-0.05989697148395336,0.010872053101396162,-0.4285714285714306,-0.219780219780219,1
1.151000287674833,-0.0603165114747254,0.010872053101396162,-0.4285714285714306,-0.219780219780219,1
1.1520002876641229,-0.06073537521818706,0.010872053101396162,-0.4285714285714306,-0.219780219780219,1
1.1530002876534127,-0.0611535585803224,0.010872053101396162,-0.4285714285714306,-0.219780219780219,1
1.1540002876427025,-0.061571057433830526,0.010872053101396162,-0.4285714285714306,-0.219780219780219,1
1.1550002876319923,-0.06198786765816634,0.010872053101396162,-0.4285714285714306,-0.219780219780219,1
1.156000287621282,-0.06240398513958141,0.010872053101396162,-0.4285714285714306,-0.219780219780219,1
1.1570002876105718,-0.06281940577116424,0.010872053101396162,-0.4285714285714306,-0.219780219780219,1
1.1580002875998616,-0.06323412545288094,0.010872053101396162,-0.4285714285714306,-0.219780219780219,1
1.1590002875891514,-0.06364814009161583,0.010872053101396162,-0.4285714285714306,-0.219780219780219,1
1.1600002875784412,-0.06406144560121162,0.010872053101396162,-0.4285714285714306,-0.219780219780219,1
1.161000287567731,-0.06447403790250988,0.010872053101396162,-0.4285714285714306,-0.219780219780219,1
1.1620002875570208,-0.06488591292339126,0.010872053101396162,-0.4285714285714306,-0.219780219780219,1
1.1630002875463106,-0.06529706659881562,0.010872053101396162,-0.4285714285714306,-0.219780219780219,1
1.1640002875356004,-0.06570749487086236,0.010872053101396162,-0.4285714285714306,-0.219780219780219,1
1.1650002875248902,-0.06611719368877017,0.010872053101396162,-0.4285714285714306,-0.219780219780219,1
1.16600028751418,-0.06652615900897721,0.010872053101396162,-0.4285714285714306,-0.219780219780219,1
1.1670002875034697,-0.06693438679516095,0.010872053101396162,-0.4285714285714306,-0.219780219780219,1
1.1680002874927595,-0.06734187301827806,0.010872053101396162,-0.4285714285714306,-0.219780219780219,1
1.1690002874820493,-0.06774861365660406,0.010872053101396162,-0.4285714285714306,-0.219780219780219,1
1.170000287471339,-0.0681546046957732,0.010872053101396162,-0.4285714285714306,-0.219780219780219,1
1.171000287460629,-0.06855984212881784,0.010872053101396162,-0.4285714285714306,-0.219780219780219,1
1.1720002874499187,-0.06896432195620832,0.010872053101396162,-0.4285714285714306,-0.219780219780219,1
1.1730002874392085,-0.06936804018589203,0.010872053101396162,-0.4285714285714306,-0.219780219780219,1
1.1740002874284983,-0.06977099283333317,0.010872053101396162,-0.4285714285714306,-0.219780219780219,1
1.175000287417788,-0.07017317592155184,0.010872053101396162,-0.4285714285714306,-0.219780219780219,1
1.1760002874070778,-0.07057458548116341,0.010872053101396162,-0.4285714285714306,-0.219780219780219,1
1.1770002873963676,-0.07097521755041769,0.010872053101396162,-0.4285714285714306,-0.219780219780219,1
1.1780002873856574,-0.07137506817523799,0.010872053101396162,-0.4285714285714306,-0.219780219780219,1
1.1790002873749472,-0.07177413340926005,0.010872053101396162,-0.4285714285714306,-0.219780219780219,1
1.180000287364237,-0.07217240931387135,0.010872053101396162,-0.4285714285714306,-0.219780219780219,1
1.1810002873535268,-0.07256989195824953,0.010872053101396162,-0.4285714285714306,-0.219780219780219,1
1.1820002873428166,-0.07296657741940143,0.010872053101396162,-0.4285714285714306,-0.219780219780219,1
1.1830002873321064,-0.07336246178220181,0.010872053101396162,-0.4285714285714306,-0.219780219780219,1
1.1840002873213962,-0.07375754113943188,0.010872053101396162,-0.4285714285714306,-0.219780219780219,1
1.185000287310686,-0.07415181159181798,0.010872053101396162,-0.4285714285714306,-0.219780219780219,1
1.1860002872999758,-0.07454526924806996,0.00705729762722207,-0.4285714285714306,-0.21001221001220927,1
1.1870002872892655,-0.07493791022491979,0.004768444342717615,-0.4505494505494454,-0.22954822954822873,1
1.1880002872785553,-0.07532973064715956,0.0013351644159609322,-0.4505494505494454,-0.219780219780219,1
1.1890002872678451,-0.07572072664767998,-0.002861066605630569,-0.4285714285714306,-0.21001221001220927,1
1.190000287257135,-0.07611089436750844,-0.006294346532387252,-0.4065934065934016,-0.21001221001220927,1
1.1910002872464247,-0.07650022995584718,-0.017357137407492118,-0.4725274725274744,-0.219780219780219,1
1.1920002872357145,-0.07688872957011117,-0.02155336842908362,-0.4945054945054892,-0.21001221001220927,1
1.1930002872250043,-0.07727638937596616,-0.02574959945067512,-0.4945054945054892,-0.21001221001220927,1
1.194000287214294,-0.0776632055473664,-0.03032730601968403,-0.4725274725274744,-0.20024420024419953,1
1.1950002872035839,-0.07804917426659262,-0.03414206149385812,-0.4505494505494454,-0.21001221001220927,1
1.1960002871928737,-0.07843429172428944,-0.03948271915770185,-0.4065934065934016,-0.23931623931623847,1
1.1970002871821634,-0.07881855411950307,-0.04024567025253667,-0.3846153846153868,-0.2490842490842482,1
1.1980002871714532,-0.07920195765971892,-0.0413900968947889,-0.4285714285714306,-0.23931623931623847,1
1.199000287160743,-0.0795844985608989,-0.0413900968947889,-0.4285714285714306,-0.23931623931623847,1
1.2000002871500328,-0.07996617304751882,-0.0413900968947889,-0.4285714285714306,-0.23931623931623847,1
1.2010002871393226,-0.0803469773526057,-0.0413900968947889,-0.4285714285714306,-0.23931623931623847,1
1.2020002871286124,-0.08072690771777478,-0.0413900968947889,-0.4285714285714306,-0.23931623931623847,1
1.2030002871179022,-0.08110596039326695,-0.0413900968947889,-0.4285714285714306,-0.23931623931623847,1
1.204000287107192,-0.08148413163798533,-0.0413900968947889,-0.4285714285714306,-0.23931623931623847,1
1.2050002870964818,-0.08186141771953255,-0.0413900968947889,-0.4285714285714306,-0.23931623931623847,1
1.2060002870857716,-0.0822378149142473,-0.0413900968947889,-0.4285714285714306,-0.23931623931623847,1
1.2070002870750614,-0.08261331950724136,-0.0413900968947889,-0.4285714285714306,-0.23931623931623847,1
1.2080002870643511,-0.08298792779243606,-0.0413900968947889,-0.4285714285714306,-0.23931623931623847,1
1.209000287053641,-0.08336163607259889,-0.0413900968947889,-0.4285714285714306,-0.23931623931623847,1
1.2100002870429307,-0.08373444065938018,-0.0413900968947889,-0.4285714285714306,-0.23931623931623847,1
1.2110002870322205,-0.08410633787334919,-0.0413900968947889,-0.4285714285714306,-0.23931623931623847,1
1.2120002870215103,-0.08447732404403062,-0.0413900968947889,-0.4285714285714306,-0.23931623931623847,1
1.2130002870108,-0.08484739550994085,-0.0413900968947889,-0.4285714285714306,-0.23931623931623847,1
1.2140002870000899,-0.08521654861862397,-0.0413900968947889,-0.4285714285714306,-0.23931623931623847,1
1.2150002869893797,-0.08558477972668792,-0.0413900968947889,-0.4285714285714306,-0.23931623931623847,1
1.2160002869786695,-0.0859520851998404,-0.0413900968947889,-0.4285714285714306,-0.23931623931623847,1
1.2170002869679593,-0.08631846141292471,-0.0413900968947889,-0.4285714285714306,-0.23931623931623847,1
1.218000286957249,-0.0866839047499557,-0.0413900968947889,-0.4285714285714306,-0.23931623931623847,1
1.2190002869465388,-0.08704841160415522,-0.0413900968947889,-0.4285714285714306,-0.23931623931623847,1
1.2200002869358286,-0.08741197837798781,-0.0413900968947889,-0.4285714285714306,-0.23931623931623847,1
1.2210002869251184,-0.08777460148319631,-0.0413900968947889,-0.4285714285714306,-0.23931623931623847,1
1.2220002869144082,-0.08813627734083715,-0.0413900968947889,-0.4285714285714306,-0.23931623931623847,1
1.223000286903698,-0.08849700238131566,-0.0413900968947889,-0.4285714285714306,-0.23931623931623847,1
1.2240002868929878,-0.08885677304442145,-0.0413900968947889,-0.4285714285714306,-0.23931623931623847,1
1.2250002868822776,-0.08921558577936331,-0.0413900968947889,-0.4285714285714306,-0.23931623931623847,1
1.2260002868715674,-0.08957343704480461,-0.0413900968947889,-0.4285714285714306,-0.23931623931623847,1
1.2270002868608572,-0.08993032330889782,-0.0413900968947889,-0.4285714285714306,-0.23931623931623847,1
1.228000286850147,-0.09028624104931969,-0.0413900968947889,-0.4285714285714306,-0.23931623931623847,1
1.2290002868394367,-0.09064118675330589,-0.0413900968947889,-0.4285714285714306,-0.23931623931623847,1
1.2300002868287265,-0.09099515691768569,-0.0413900968947889,-0.4285714285714306,-0.23931623931623847,1
1.2310002868180163,-0.09134814804891653,-0.0413900968947889,-0.4285714285714306,-0.23931623931623847,1
1.232000286807306,-0.09170015666311855,-0.0413900968947889,-0.4285714285714306,-0.23931623931623847,1
1.233000286796596,-0.09205117928610886,-0.0413900968947889,-0.4285714285714306,-0.23931623931623847,1
1.2340002867858857,-0.09240121245343605,-0.0413900968947889,-0.4285714285714306,-0.23931623931623847,1
1.2350002867751755,-0.09275025271041411,-0.0413900968947889,-0.4285714285714306,-0.23931623931623847,1
1.2360002867644653,-0.09309829661215667,-0.0413900968947889,-0.4285714285714306,-0.23931623931623847,1
1.237000286753755,-0.09344534072361102,-0.0413900968947889,-0.4285714285714306,-0.23931623931623847,1
1.2380002867430449,-0.09379138161959198,-0.0413900968947889,-0.4285714285714306,-0.23931623931623847,1
1.2390002867323346,-0.09413641588481562,-0.0413900968947889,-0.4285714285714306,-0.23931623931623847,1
1.2400002867216244,-0.09448044011393315,-0.0413900968947889,-0.4285714285714306,-0.23931623931623847,1
1.2410002867109142,-0.0948234509115644,-0.0413900968947889,-0.4285714285714306,-0.23931623931623847,1
1.242000286700204,-0.09516544489233136,-0.0413900968947889,-0.4285714285714306,-0.23931623931623847,1
1.2430002866894938,-0.09550641868089155,-0.0413900968947889,-0.4285714285714306,-0.23931623931623847,1
1.2440002866787836,-0.09584636891197143,-0.0413900968947889,-0.4285714285714306,-0.23931623931623847,1
1.2450002866680734,-0.09618529223039951,-0.0413900968947889,-0.4285714285714306,-0.23931623931623847,1
1.2460002866573632,-0.09652318529113954,-0.0413900968947889,-0.4285714285714306,-0.23931623931623847,1
1.247000286646653,-0.09686004475932351,-0.0413900968947889,-0.4285714285714306,-0.23931623931623847,1
1.2480002866359428,-0.09719586731028451,-0.0413900968947889,-0.4285714285714306,-0.23931623931623847,1
1.2490002866252325,-0.09753064962958964,-0.0413900968947889,-0.4285714285714306,-0.23931623931623847,1
1.2500002866145223,-0.09786438841307264,-0.0413900968947889,-0.4285714285714306,-0.23931623931623847,1
1.2510002866038121,-0.0981970803668665,-0.0413900968947889,-0.4285714285714306,-0.23931623931623847,1
1.252000286593102,-0.09852872220743603,-0.0413900968947889,-0.4285714285714306,-0.23931623931623847,1
1.2530002865823917,-0.09885931066161023,-0.0413900968947889,-0.4285714285714306,-0.23931623931623847,1
1.2540002865716815,-0.0991888424666146,-0.0413900968947889,-0.4285714285714306,-0.23931623931623847,1
1.2550002865609713,-0.09951731437010328,-0.0413900968947889,-0.4285714285714306,-0.23931623931623847,1
1.256000286550261,-0.09984472313019126,-0.0413900968947889,-0.4285714285714306,-0.23931623931623847,1
1.2570002865395509,-0.1001710655154864,-0.0413900968947889,-0.4285714285714306,-0.23931623931623847,1
1.2580002865288407,-0.10049633830512114,-0.0413900968947889,-0.4285714285714306,-0.23931623931623847,1
1.2590002865181305,-0.10082053828878444,-0.0413900968947889,-0.4285714285714306,-0.23931623931623847,1
1.2600002865074202,-0.1011436622667534,-0.0413900968947889,-0.4285714285714306,-0.23931623931623847,1
1.26100028649671,-0.1014657070499249,-0.0413900968947889,-0.4285714285714306,-0.23931623931623847,1
1.2620002864859998,-0.10178666945984699,-0.0413900968947889,-0.4285714285714306,-0.23931623931623847,1
1.2630002864752896,-0.10210654632875032,-0.0413900968947889,-0.4285714285714306,-0.23931623931623847,1
1.2640002864645794,-0.1024253344995794,-0.0413900968947889,-0.4285714285714306,-0.23931623931623847,1
1.2650002864538692,-0.10274303082602379,-0.0413900968947889,-0.4285714285714306,-0.23931623931623847,1
1.266000286443159,-0.10305963217254906,-0.0413900968947889,-0.4285714285714306,-0.23931623931623847,1
1.2670002864324488,-0.10337513541442779,-0.0413900968947889,-0.4285714285714306,-0.23931623931623847,1
1.2680002864217386,-0.10368953743777043,-0.0413900968947889,-0.4285714285714306,-0.23931623931623847,1
1.2690002864110284,-0.10400283513955601,-0.0413900968947889,-0.4285714285714306,-0.23931623931623847,1
1.2700002864003181,-0.10431502542766274,-0.0413900968947889,-0.4285714285714306,-0.23931623931623847,1
1.271000286389608,-0.10462610522089856,-0.0413900968947889,-0.4285714285714306,-0.23931623931623847,1
1.2720002863788977,-0.10493607144903164,-0.0413900968947889,-0.4285714285714306,-0.23931623931623847,1
1.2730002863681875,-0.1052449210528205,-0.0413900968947889,-0.4285714285714306,-0.23931623931623847,1
1.2740002863574773,-0.10555265098404429,-0.0413900968947889,-0.4285714285714306,-0.23931623931623847,1
1.275000286346767,-0.10585925820553276,-0.0413900968947889,-0.4285714285714306,-0.23931623931623847,1
1.2760002863360569,-0.10616473969119668,-0.0413900968947889,-0.4285714285714306,-0.23931623931623847,1
1.2770002863253467,-0.1064690924260571,-0.0413900968947889,-0.4285714285714306,-0.23931623931623847,1
1.2780002863146365,-0.10677231340627545,-0.0413900968947889,-0.4285714285714306,-0.23931623931623847,1
1.2790002863039263,-0.10707439963918315,-0.0413900968947889,-0.4285714285714306,-0.23931623931623847,1
1.280000286293216,-0.1073753481433111,-0.0413900968947889,-0.4285714285714306,-0.23931623931623847,1
1.2810002862825058,-0.1076751559484191,-0.0413900968947889,-0.4285714285714306,-0.23931623931623847,1
1.2820002862717956,-0.10797382009552527,-0.0413900968947889,-0.4285714285714306,-0.23931623931623847,1
1.2830002862610854,-0.10827133763693506,-0.0413900968947889,-0.4285714285714306,-0.23931623931623847,1
1.2840002862503752,-0.10856770563627054,-0.0413900968947889,-0.4285714285714306,-0.23931623931623847,1
1.285000286239665,-0.10886292116849927,-0.0413900968947889,-0.4285714285714306,-0.23931623931623847,1
1.2860002862289548,-0.10915698131996318,-0.0413900968947889,-0.4285714285714306,-0.23931623931623847,1
1.2870002862182446,-0.10944988318840734,-0.0413900968947889,-0.4285714285714306,-0.23931623931623847,1
1.2880002862075344,-0.10974162388300868,-0.0413900968947889,-0.4285714285714306,-0.23931623931623847,1
1.2890002861968242,-0.11003220052440431,-0.0413900968947889,-0.4285714285714306,-0.23931623931623847,1
1.290000286186114,-0.1103216102447202,-0.0413900968947889,-0.4285714285714306,-0.23931623931623847,1
1.2910002861754037,-0.11060985018759922,-0.0413900968947889,-0.4285714285714306,-0.23931623931623847,1
1.2920002861646935,-0.11089691750822972,-0.0413900968947889,-0.4285714285714306,-0.23931623931623847,1
1.2930002861539833,-0.1111828093733731,-0.0413900968947889,-0.4285714285714306,-0.23931623931623847,1
1.2940002861432731,-0.11146752296139217,-0.0413900968947889,-0.4285714285714306,-0.23931623931623847,1
1.295000286132563,-0.1117510554622788,-0.0413900968947889,-0.4285714285714306,-0.23931623931623847,1
1.2960002861218527,-0.11203340407768173,-0.0413900968947889,-0.4285714285714306,-0.23931623931623847,1
1.2970002861111425,-0.11231456602093418,-0.0413900968947889,-0.4285714285714306,-0.23931623931623847,1
1.2980002861004323,-0.11259453851708134,-0.0413900968947889,-0.4285714285714306,-0.23931623931623847,1
1.299000286089722,-0.11287331880290774,-0.0413900968947889,-0.4285714285714306,-0.23931623931623847,1
1.3000002860790119,-0.1131509041269646,-0.0413900968947889,-0.4285714285714306,-0.23931623931623847,1
1.3010002860683016,-0.11342729174959688,-0.0413900968947889,-0.4285714285714306,-0.23931623931623847,1
1.3020002860575914,-0.11370247894297038,-0.0413900968947889,-0.4285714285714306,-0.23931623931623847,1
1.3030002860468812,-0.11397646299109866,-0.0413900968947889,-0.4285714285714306,-0.23931623931623847,1
1.304000286036171,-0.11424924118986986,-0.0413900968947889,-0.4285714285714306,-0.23931623931623847,1
1.3050002860254608,-0.11452081084707329,-0.041771572442206306,-0.4505494505494454,-0.23931623931623847,1
1.3060002860147506,-0.1147911692824261,-0.04367895017929335,-0.3846153846153868,-0.25885225885225793,1
1.3070002860040404,-0.11506031382759985,-0.047493705653467444,-0.3846153846153868,-0.25885225885225793,1
1.3080002859933302,-0.11532824182624657,-0.051689936675058945,-0.3626373626373578,-0.23931623931623847,1
1.30900028598262,-0.11559495063402508,-0.05321583886472858,-0.4065934065934016,-0.25885225885225793,1
1.3100002859719098,-0.11586043761862722,-0.056267643244067855,-0.340659340659343,-0.23931623931623847,1
1.3110002859611996,-0.11612470015980365,-0.05855649652857231,-0.4505494505494454,-0.25885225885225793,1
1.3120002859504893,-0.11638773564938987,-0.06008239871824195,-0.3626373626373578,-0.23931623931623847,1
1.3130002859397791,-0.11664954149133183,-0.061226825360494175,-0.3626373626373578,-0.26862026862026767,1
1.314000285929069,-0.11691011510171162,-0.06313420309758122,-0.4285714285714306,-0.25885225885225793,1
1.3150002859183587,-0.11716945390877295,-0.0665674830243379,-0.4065934065934016,-0.25885225885225793,1
1.3160002859076485,-0.11742755535294658,-0.07610437170977313,-0.3846153846153868,-0.2490842490842482,1
1.3170002858969383,-0.11768441688687548,-0.08030060273136463,-0.4285714285714306,-0.23931623931623847,1
1.318000285886228,-0.11794003597544006,-0.08106355382619945,-0.2747252747252702,-0.2783882783882774,1
1.3190002858755179,-0.11819441009578319,-0.08449683375295614,-0.3846153846153868,-0.2490842490842482,1
1.3200002858648077,-0.11844753673733502,-0.08602273594262577,-0.2747252747252702,-0.3076923076923066,1
1.3210002858540975,-0.11869941340183787,-0.08602273594262577,-0.2747252747252702,-0.3076923076923066,1
1.3220002858433872,-0.11895003760337075,-0.08602273594262577,-0.2747252747252702,-0.3076923076923066,1
1.323000285832677,-0.11919940686837413,-0.08602273594262577,-0.2747252747252702,-0.3076923076923066,1
1.3240002858219668,-0.11944751873567402,-0.08602273594262577,-0.2747252747252702,-0.3076923076923066,1
1.3250002858112566,-0.11969437075650652,-0.08602273594262577,-0.2747252747252702,-0.3076923076923066,1
1.3260002858005464,-0.11993996049454189,-0.08602273594262577,-0.2747252747252702,-0.3076923076923066,1
1.3270002857898362,-0.12018428552590865,-0.08602273594262577,-0.2747252747252702,-0.3076923076923066,1
1.328000285779126,-0.12042734343921738,-0.08602273594262577,-0.2747252747252702,-0.3076923076923066,1
1.3290002857684158,-0.12066913183558467,-0.08602273594262577,-0.2747252747252702,-0.3076923076923066,1
1.3300002857577056,-0.12090964832865672,-0.08602273594262577,-0.2747252747252702,-0.3076923076923066,1
1.3310002857469954,-0.12114889054463288,-0.08602273594262577,-0.2747252747252702,-0.3076923076923066,1
1.3320002857362852,-0.12138685612228914,-0.08602273594262577,-0.2747252747252702,-0.3076923076923066,1
1.333000285725575,-0.12162354271300135,-0.08602273594262577,-0.2747252747252702,-0.3076923076923066,1
1.3340002857148647,-0.12185894798076849,-0.08602273594262577,-0.2747252747252702,-0.3076923076923066,1
1.3350002857041545,-0.12209306960223562,-0.08602273594262577,-0.2747252747252702,-0.3076923076923066,1
1.3360002856934443,-0.12232590526671691,-0.08602273594262577,-0.2747252747252702,-0.3076923076923066,1
1.337000285682734,-0.12255745267621834,-0.08602273594262577,-0.2747252747252702,-0.3076923076923066,1
1.338000285672024,-0.12278770954546067,-0.08602273594262577,-0.2747252747252702,-0.3076923076923066,1
1.3390002856613137,-0.1230166736019015,-0.08602273594262577,-0.2747252747252702,-0.3076923076923066,1
1.3400002856506035,-0.12324434258575806,-0.08602273594262577,-0.2747252747252702,-0.3076923076923066,1
1.3410002856398933,-0.1234707142500295,-0.08602273594262577,-0.2747252747252702,-0.3076923076923066,1
1.342000285629183,-0.12369578636051892,-0.08602273594262577,-0.2747252747252702,-0.3076923076923066,1
1.3430002856184728,-0.12391955669585544,-0.08602273594262577,-0.2747252747252702,-0.3076923076923066,1
1.3440002856077626,-0.12414202304751631,-0.08602273594262577,-0.2747252747252702,-0.3076923076923066,1
1.3450002855970524,-0.12436318321984849,-0.08602273594262577,-0.2747252747252702,-0.3076923076923066,1
1.3460002855863422,-0.12458303503009036,-0.08602273594262577,-0.2747252747252702,-0.3076923076923066,1
1.347000285575632,-0.12480157630839339,-0.08602273594262577,-0.2747252747252702,-0.3076923076923066,1
1.3480002855649218,-0.12501880489784348,-0.08602273594262577,-0.2747252747252702,-0.3076923076923066,1
1.3490002855542116,-0.12523471865448213,-0.08602273594262577,-0.2747252747252702,-0.3076923076923066,1
1.3500002855435014,-0.1254493154473278,-0.08602273594262577,-0.2747252747252702,-0.3076923076923066,1
1.3510002855327912,-0.12566259315839684,-0.08602273594262577,-0.2747252747252702,-0.3076923076923066,1
1.352000285522081,-0.12587454968272438,-0.08602273594262577,-0.2747252747252702,-0.3076923076923066,1
1.3530002855113707,-0.12608518292838505,-0.08602273594262577,-0.2747252747252702,-0.3076923076923066,1
1.3540002855006605,-0.12629449081651398,-0.08602273594262577,-0.2747252747252702,-0.3076923076923066,1
1.3550002854899503,-0.12650247128132672,-0.08602273594262577,-0.2747252747252702,-0.3076923076923066,1
1.3560002854792401,-0.1267091222701402,-0.08602273594262577,-0.2747252747252702,-0.3076923076923066,1
1.35700028546853,-0.1269144417433925,-0.08602273594262577,-0.2747252747252702,-0.3076923076923066,1
1.3580002854578197,-0.12711842767466344,-0.08602273594262577,-0.2747252747252702,-0.3076923076923066,1
1.3590002854471095,-0.1273210780506943,-0.08602273594262577,-0.2747252747252702,-0.3076923076923066,1
1.3600002854363993,-0.12752239087140763,-0.08602273594262577,-0.2747252747252702,-0.3076923076923066,1
1.361000285425689,-0.12772236414992727,-0.08602273594262577,-0.2747252747252702,-0.3076923076923066,1
1.3620002854149789,-0.12792099591259773,-0.08602273594262577,-0.2747252747252702,-0.3076923076923066,1
1.3630002854042687,-0.12811828419900373,-0.08602273594262577,-0.2747252747252702,-0.3076923076923066,1
1.3640002853935584,-0.12831422706198956,-0.08602273594262577,-0.2747252747252702,-0.3076923076923066,1
1.3650002853828482,-0.12850882256767834,-0.08602273594262577,-0.2747252747252702,-0.3076923076923066,1
1.366000285372138,-0.12870206879549104,-0.08602273594262577,-0.2747252747252702,-0.3076923076923066,1
1.3670002853614278,-0.1288939638381654,-0.08602273594262577,-0.2747252747252702,-0.3076923076923066,1
1.3680002853507176,-0.12908450580177486,-0.08602273594262577,-0.2747252747252702,-0.3076923076923066,1
1.3690002853400074,-0.12927369280574727,-0.08602273594262577,-0.2747252747252702,-0.3076923076923066,1
1.3700002853292972,-0.1294615229828833,-0.08602273594262577,-0.2747252747252702,-0.3076923076923066,1
1.371000285318587,-0.12964799447937495,-0.08602273594262577,-0.2747252747252702,-0.3076923076923066,1
1.3720002853078768,-0.12983310545482385,-0.08602273594262577,-0.2747252747252702,-0.3076923076923066,1
1.3730002852971666,-0.1300168540822595,-0.08602273594262577,-0.2747252747252702,-0.3076923076923066,1
1.3740002852864563,-0.13019923854815713,-0.08602273594262577,-0.2747252747252702,-0.3076923076923066,1
1.3750002852757461,-0.1303802570524557,-0.08602273594262577,-0.2747252747252702,-0.3076923076923066,1
1.376000285265036,-0.13055990780857576,-0.08602273594262577,-0.2747252747252702,-0.3076923076923066,1
1.3770002852543257,-0.1307381890434369,-0.08602273594262577,-0.2747252747252702,-0.3076923076923066,1
1.3780002852436155,-0.1309150989974753,-0.08602273594262577,-0.2747252747252702,-0.3076923076923066,1
1.3790002852329053,-0.13109063592466122,-0.08602273594262577,-0.2747252747252702,-0.3076923076923066,1
1.380000285222195,-0.13126479809251607,-0.08602273594262577,-0.2747252747252702,-0.3076923076923066,1
1.3810002852114849,-0.13143758378212958,-0.08602273594262577,-0.2747252747252702,-0.3076923076923066,1
1.3820002852007747,-0.13160899128817682,-0.08602273594262577,-0.2747252747252702,-0.3076923076923066,1
1.3830002851900645,-0.13177901891893495,-0.08602273594262577,-0.2747252747252702,-0.3076923076923066,1
1.3840002851793543,-0.13194766499629987,-0.08602273594262577,-0.2747252747252702,-0.3076923076923066,1
1.385000285168644,-0.132114927855803,-0.08602273594262577,-0.2747252747252702,-0.3076923076923066,1
1.3860002851579338,-0.13228080584662744,-0.08602273594262577,-0.2747252747252702,-0.3076923076923066,1
1.3870002851472236,-0.13244529733162444,-0.08602273594262577,-0.2747252747252702,-0.3076923076923066,1
1.3880002851365134,-0.13260840068732946,-0.08602273594262577,-0.2747252747252702,-0.3076923076923066,1
1.3890002851258032,-0.13277011430397825,-0.08602273594262577,-0.2747252747252702,-0.3076923076923066,1
1.390000285115093,-0.13293043658552278,-0.08602273594262577,-0.2747252747252702,-0.3076923076923066,1
1.3910002851043828,-0.13308936594964688,-0.08602273594262577,-0.2747252747252702,-0.3076923076923066,1
1.3920002850936726,-0.1332469008277819,-0.08602273594262577,-0.2747252747252702,-0.3076923076923066,1
1.3930002850829624,-0.1334030396651222,-0.08602273594262577,-0.2747252747252702,-0.3076923076923066,1
1.3940002850722522,-0.1335577809206406,-0.08602273594262577,-0.2747252747252702,-0.3076923076923066,1
1.395000285061542,-0.13371112306710337,-0.08602273594262577,-0.2747252747252702,-0.3076923076923066,1
1.3960002850508317,-0.13386306459108543,-0.08602273594262577,-0.2747252747252702,-0.3076923076923066,1
1.3970002850401215,-0.13401360399298537,-0.08602273594262577,-0.2747252747252702,-0.3076923076923066,1
1.3980002850294113,-0.13416273978704008,-0.08602273594262577,-0.2747252747252702,-0.3076923076923066,1
1.399000285018701,-0.13431047050133946,-0.08602273594262577,-0.2747252747252702,-0.3076923076923066,1
1.400000285007991,-0.1344567946778411,-0.08602273594262577,-0.2747252747252702,-0.3076923076923066,1
1.4010002849972807,-0.1346017108723845,-0.08602273594262577,-0.2747252747252702,-0.3076923076923066,1
1.4020002849865705,-0.1347452176547053,-0.08602273594262577,-0.2747252747252702,-0.3076923076923066,1
1.4030002849758603,-0.13488731360844955,-0.08602273594262577,-0.2747252747252702,-0.3076923076923066,1
1.40400028496515,-0.1350279973311876,-0.08602273594262577,-0.2747252747252702,-0.3076923076923066,1
1.4050002849544398,-0.13516726743442786,-0.08602273594262577,-0.2747252747252702,-0.3076923076923066,1
1.4060002849437296,-0.13530512254363075,-0.08602273594262577,-0.2747252747252702,-0.3076923076923066,1
1.4070002849330194,-0.13544156129822196,-0.08602273594262577,-0.2747252747252702,-0.3076923076923066,1
1.4080002849223092,-0.13557658235160616,-0.08602273594262577,-0.2747252747252702,-0.3076923076923066,1
1.409000284911599,-0.13571018437118004,-0.08602273594262577,-0.2747252747252702,-0.3076923076923066,1
1.4100002849008888,-0.13584236603834565,-0.08602273594262577,-0.2747252747252702,-0.3076923076923066,1
1.4110002848901786,-0.13597312604852332,-0.08602273594262577,-0.2747252747252702,-0.3076923076923066,1
1.4120002848794684,-0.1361024631111646,-0.08602273594262577,-0.2747252747252702,-0.3076923076923066,1
1.4130002848687582,-0.1362303759497649,-0.08602273594262577,-0.2747252747252702,-0.3076923076923066,1
1.414000284858048,-0.13635686330187613,-0.08602273594262577,-0.2747252747252702,-0.3076923076923066,1
1.4150002848473378,-0.13648192391911923,-0.08602273594262577,-0.2747252747252702,-0.3076923076923066,1
1.4160002848366275,-0.1366055565671965,-0.08602273594262577,-0.2747252747252702,-0.3076923076923066,1
1.4170002848259173,-0.1367277600259036,-0.08602273594262577,-0.2747252747252702,-0.3076923076923066,1
1.4180002848152071,-0.1368485330891417,-0.08602273594262577,-0.2747252747252702,-0.3076923076923066,1
1.419000284804497,-0.1369678745649295,-0.08602273594262577,-0.2747252747252702,-0.3076923076923066,1
1.4200002847937867,-0.13708578327541487,-0.08602273594262577,-0.2747252747252702,-0.3076923076923066,1
1.4210002847830765,-0.1372022580568864,-0.08602273594262577,-0.2747252747252702,-0.3076923076923066,1
1.4220002847723663,-0.13731729775978507,-0.08602273594262577,-0.2747252747252702,-0.3076923076923066,1
1.423000284761656,-0.13743090124871551,-0.08602273594262577,-0.2747252747252702,-0.3076923076923066,1
1.4240002847509459,-0.13754306740245711,-0.08602273594262577,-0.2747252747252702,-0.3076923076923066,1
1.4250002847402357,-0.1376537951139753,-0.08602273594262577,-0.2747252747252702,-0.3076923076923066,1
1.4260002847295254,-0.13776308329043224,-0.08602273594262577,-0.2747252747252702,-0.3076923076923066,1
1.4270002847188152,-0.13787093085319782,-0.08754863813229541,-0.3846153846153868,-0.28815628815628713,1
1.428000284708105,-0.13797733673786014,-0.08869306477454764,-0.2967032967032992,-0.2783882783882774,1
1.4290002846973948,-0.1380822998942361,-0.0913633936064695,-0.3626373626373578,-0.3174603174603199,1
1.4300002846866846,-0.13818581928638166,-0.09250782024872173,-0.318681318681314,-0.29792429792429687,1
1.4310002846759744,-0.13828789389260238,-0.09288929579613914,-0.2087912087912116,-0.3174603174603199,1
1.4320002846652642,-0.13838852270546306,-0.09441519798580877,-0.2747252747252702,-0.33699633699633935,1
1.433000284654554,-0.13848770473179797,-0.09708552681773064,-0.2527472527472554,-0.28815628815628713,1
1.4340002846438438,-0.13858543899272055,-0.0997558556496525,-0.3626373626373578,-0.26862026862026767,1
1.4350002846331336,-0.13868172452363317,-0.10090028229190473,-0.2307692307692264,-0.25885225885225793,1
1.4360002846224234,-0.1387765603742365,-0.10433356221866141,-0.3626373626373578,-0.25885225885225793,1
1.4370002846117131,-0.13886994560853896,-0.10547798886091364,-0.1648351648351678,-0.2783882783882774,1
1.438000284601003,-0.1389618793048661,-0.1077668421454181,-0.318681318681314,-0.28815628815628713,1
1.4390002845902927,-0.1390523605558694,-0.10891126878767032,-0.2087912087912116,-0.26862026862026767,1
1.4400002845795825,-0.13914138846853547,-0.10929274433508773,-0.1648351648351678,-0.29792429792429687,1
1.4410002845688723,-0.1392289621641948,-0.11425192645151405,-0.1868131868131826,-0.4053724053724075,1
1.442000284558162,-0.1393150807785304,-0.1161593041886011,-0.2307692307692264,-0.36630036630036855,1
1.4430002845474519,-0.13939974346158626,-0.1161593041886011,-0.2307692307692264,-0.36630036630036855,1
1.4440002845367417,-0.13948294937777597,-0.1161593041886011,-0.2307692307692264,-0.36630036630036855,1
1.4450002845260315,-0.13956469770589072,-0.1161593041886011,-0.2307692307692264,-0.36630036630036855,1
1.4460002845153213,-0.1396449876391075,-0.1161593041886011,-0.2307692307692264,-0.36630036630036855,1
1.447000284504611,-0.13972381838499714,-0.1161593041886011,-0.2307692307692264,-0.36630036630036855,1
1.4480002844939008,-0.13980118916553202,-0.1161593041886011,-0.2307692307692264,-0.36630036630036855,1
1.4490002844831906,-0.1398770992170938,-0.1161593041886011,-0.2307692307692264,-0.36630036630036855,1
1.4500002844724804,-0.1399515477904809,-0.1161593041886011,-0.2307692307692264,-0.36630036630036855,1
1.4510002844617702,-0.14002453415091598,-0.1161593041886011,-0.2307692307692264,-0.36630036630036855,1
1.45200028445106,-0.14009605757805316,-0.1161593041886011,-0.2307692307692264,-0.36630036630036855,1
1.4530002844403498,-0.14016611736598505,-0.1161593041886011,-0.2307692307692264,-0.36630036630036855,1
1.4540002844296396,-0.14023471282324995,-0.1161593041886011,-0.2307692307692264,-0.36630036630036855,1
1.4550002844189294,-0.1403018432728383,-0.1161593041886011,-0.2307692307692264,-0.36630036630036855,1
1.4560002844082192,-0.14036750805219972,-0.1161593041886011,-0.2307692307692264,-0.36630036630036855,1
1.457000284397509,-0.14043170651324938,-0.1161593041886011,-0.2307692307692264,-0.36630036630036855,1
1.4580002843867987,-0.14049443802237435,-0.1161593041886011,-0.2307692307692264,-0.36630036630036855,1
1.4590002843760885,-0.14055570196044004,-0.1161593041886011,-0.2307692307692264,-0.36630036630036855,1
1.4600002843653783,-0.14061549772279608,-0.1161593041886011,-0.2307692307692264,-0.36630036630036855,1
1.461000284354668,-0.14067382471928241,-0.1161593041886011,-0.2307692307692264,-0.36630036630036855,1
1.462000284343958,-0.14073068237423525,-0.1161593041886011,-0.2307692307692264,-0.36630036630036855,1
1.4630002843332477,-0.14078607012649244,-0.1161593041886011,-0.2307692307692264,-0.36630036630036855,1
1.4640002843225375,-0.14083998742939924,-0.1161593041886011,-0.2307692307692264,-0.36630036630036855,1
1.4650002843118273,-0.14089243375081362,-0.1161593041886011,-0.2307692307692264,-0.36630036630036855,1
1.466000284301117,-0.14094340857311163,-0.1161593041886011,-0.2307692307692264,-0.36630036630036855,1
1.4670002842904069,-0.14099291139319237,-0.1161593041886011,-0.2307692307692264,-0.36630036630036855,1
1.4680002842796966,-0.14104094172248294,-0.1161593041886011,-0.2307692307692264,-0.36630036630036855,1
1.4690002842689864,-0.14108749908694343,-0.1161593041886011,-0.2307692307692264,-0.36630036630036855,1
1.4700002842582762,-0.14113258302707146,-0.1161593041886011,-0.2307692307692264,-0.36630036630036855,1
1.471000284247566,-0.14117619309790672,-0.1161593041886011,-0.2307692307692264,-0.36630036630036855,1
1.4720002842368558,-0.14121832886903546,-0.1161593041886011,-0.2307692307692264,-0.36630036630036855,1
1.4730002842261456,-0.14125898992459465,-0.1161593041886011,-0.2307692307692264,-0.36630036630036855,1
1.4740002842154354,-0.14129817586327603,-0.1161593041886011,-0.2307692307692264,-0.36630036630036855,1
1.4750002842047252,-0.1413358862983303,-0.1161593041886011,-0.2307692307692264,-0.36630036630036855,1
1.476000284194015,-0.14137212085757062,-0.1161593041886011,-0.2307692307692264,-0.36630036630036855,1
1.4770002841833048,-0.14140687918337658,-0.1161593041886011,-0.2307692307692264,-0.36630036630036855,1
1.4780002841725945,-0.1414401609326975,-0.1161593041886011,-0.2307692307692264,-0.36630036630036855,1
1.4790002841618843,-0.141471965777056,-0.1161593041886011,-0.2307692307692264,-0.36630036630036855,1
1.4800002841511741,-0.14150229340255113,-0.1161593041886011,-0.2307692307692264,-0.36630036630036855,1
1.481000284140464,-0.1415311435098614,-0.1161593041886011,-0.2307692307692264,-0.36630036630036855,1
1.4820002841297537,-0.14155851581424797,-0.1161593041886011,-0.2307692307692264,-0.36630036630036855,1
1.4830002841190435,-0.14158441004555722,-0.1161593041886011,-0.2307692307692264,-0.36630036630036855,1
1.4840002841083333,-0.14160882594822358,-0.1161593041886011,-0.2307692307692264,-0.36630036630036855,1
1.485000284097623,-0.1416317632812719,-0.1161593041886011,-0.2307692307692264,-0.36630036630036855,1
1.4860002840869129,-0.14165322181832,-0.1161593041886011,-0.2307692307692264,-0.36630036630036855,1
1.4870002840762027,-0.1416732013475808,-0.1161593041886011,-0.2307692307692264,-0.36630036630036855,1
1.4880002840654925,-0.14169170167186437,-0.1161593041886011,-0.2307692307692264,-0.36630036630036855,1
1.4890002840547822,-0.14170872260858003,-0.1161593041886011,-0.2307692307692264,-0.36630036630036855,1
1.490000284044072,-0.141724263989738,-0.1161593041886011,-0.2307692307692264,-0.36630036630036855,1
1.4910002840333618,-0.1417383256619511,-0.1161593041886011,-0.2307692307692264,-0.36630036630036855,1
1.4920002840226516,-0.14175090748643634,-0.1161593041886011,-0.2307692307692264,-0.36630036630036855,1
1.4930002840119414,-0.14176200933901617,-0.1161593041886011,-0.2307692307692264,-0.36630036630036855,1
1.4940002840012312,-0.14177163111011978,-0.1161593041886011,-0.2307692307692264,-0.36630036630036855,1
1.495000283990521,-0.14177977270478423,-0.1161593041886011,-0.2307692307692264,-0.36630036630036855,1
1.4960002839798108,-0.1417864340426552,-0.1161593041886011,-0.2307692307692264,-0.36630036630036855,1
1.4970002839691006,-0.141791615057988,-0.1161593041886011,-0.2307692307692264,-0.36630036630036855,1
1.4980002839583904,-0.14179531569964815,-0.1161593041886011,-0.2307692307692264,-0.36630036630036855,1
1.4990002839476801,-0.14179753593111175,-0.1161593041886011,-0.2307692307692264,-0.36630036630036855,1
1.50000028393697,-0.14179827573046602,-0.1161593041886011,-0.2307692307692264,-0.36630036630036855,1
1.5010002839262597,-0.14179753509040946,-0.1161593041886011,-0.2307692307692264,-0.36630036630036855,1
1.5020002839155495,-0.14179531401825188,-0.1161593041886011,-0.2307692307692264,-0.36630036630036855,1
1.5030002839048393,-0.14179161253591435,-0.1161593041886011,-0.2307692307692264,-0.36630036630036855,1
1.504000283894129,-0.14178643067992905,-0.1161593041886011,-0.2307692307692264,-0.36630036630036855,1
1.5050002838834189,-0.14177976850143878,-0.1161593041886011,-0.2307692307692264,-0.36630036630036855,1
1.5060002838727087,-0.14177162606619653,-0.1161593041886011,-0.2307692307692264,-0.36630036630036855,1
1.5070002838619985,-0.14176200345456486,-0.1161593041886011,-0.2307692307692264,-0.36630036630036855,1
1.5080002838512883,-0.14175090076151506,-0.1161593041886011,-0.2307692307692264,-0.36630036630036855,1
1.509000283840578,-0.14173831809662624,-0.1161593041886011,-0.2307692307692264,-0.36630036630036855,1
1.5100002838298678,-0.14172425558408422,-0.1161593041886011,-0.2307692307692264,-0.36630036630036855,1
1.5110002838191576,-0.1417087133626803,-0.1161593041886011,-0.2307692307692264,-0.36630036630036855,1
1.5120002838084474,-0.1416916915858099,-0.1161593041886011,-0.2307692307692264,-0.36630036630036855,1
1.5130002837977372,-0.14167319042147117,-0.1161593041886011,-0.2307692307692264,-0.36630036630036855,1
1.514000283787027,-0.14165321005226306,-0.1161593041886011,-0.2307692307692264,-0.36630036630036855,1
1.5150002837763168,-0.14163175067538375,-0.1161593041886011,-0.2307692307692264,-0.36630036630036855,1
1.5160002837656066,-0.14160881250262863,-0.1161593041886011,-0.2307692307692264,-0.36630036630036855,1
1.5170002837548964,-0.1415843957603882,-0.1161593041886011,-0.2307692307692264,-0.36630036630036855,1
1.5180002837441862,-0.14155850068964587,-0.1161593041886011,-0.2307692307692264,-0.36630036630036855,1
1.519000283733476,-0.1415311275459755,-0.1161593041886011,-0.2307692307692264,-0.36630036630036855,1
1.5200002837227657,-0.14150227659953893,-0.1161593041886011,-0.2307692307692264,-0.36630036630036855,1
1.5210002837120555,-0.1414719481350834,-0.1161593041886011,-0.2307692307692264,-0.36630036630036855,1
1.5220002837013453,-0.1414401424519386,-0.1161593041886011,-0.2307692307692264,-0.36630036630036855,1
1.5230002836906351,-0.14140685986401375,-0.1161593041886011,-0.2307692307692264,-0.36630036630036855,1
1.524000283679925,-0.14137210069979456,-0.1161593041886011,-0.2307692307692264,-0.36630036630036855,1
1.5250002836692147,-0.14133586530233994,-0.1161593041886011,-0.2307692307692264,-0.36630036630036855,1
1.5260002836585045,-0.14129815402927862,-0.1161593041886011,-0.2307692307692264,-0.36630036630036855,1
1.5270002836477943,-0.14125896725280565,-0.1161593041886011,-0.2307692307692264,-0.36630036630036855,1
1.528000283637084,-0.14121830535967866,-0.1161593041886011,-0.2307692307692264,-0.36630036630036855,1
1.5290002836263739,-0.14117616875121414,-0.1161593041886011,-0.2307692307692264,-0.36630036630036855,1
1.5300002836156636,-0.14113255784328338,-0.1161593041886011,-0.2307692307692264,-0.36630036630036855,1
1.5310002836049534,-0.14108747306630842,-0.1161593041886011,-0.2307692307692264,-0.36630036630036855,1
1.5320002835942432,-0.14104091486525783,-0.1161593041886011,-0.2307692307692264,-0.36630036630036855,1
1.533000283583533,-0.1409928836996422,-0.1161593041886011,-0.2307692307692264,-0.36630036630036855,1
1.5340002835728228,-0.14094338004350973,-0.1161593041886011,-0.2307692307692264,-0.36630036630036855,1
1.5350002835621126,-0.14089240438544157,-0.1161593041886011,-0.2307692307692264,-0.36630036630036855,1
1.5360002835514024,-0.14083995722854684,-0.1161593041886011,-0.2307692307692264,-0.36630036630036855,1
1.5370002835406922,-0.14078603909045778,-0.1161593041886011,-0.2307692307692264,-0.36630036630036855,1
1.538000283529982,-0.14073065050332467,-0.1161593041886011,-0.2307692307692264,-0.36630036630036855,1
1.5390002835192718,-0.14067379201381047,-0.1161593041886011,-0.2307692307692264,-0.36630036630036855,1
1.5400002835085616,-0.1406154641830855,-0.1161593041886011,-0.2307692307692264,-0.36630036630036855,1
1.5410002834978513,-0.14055566758682186,-0.1161593041886011,-0.2307692307692264,-0.36630036630036855,1
1.5420002834871411,-0.14049440281518788,-0.1161593041886011,-0.2307692307692264,-0.36630036630036855,1
1.543000283476431,-0.14043167047284205,-0.1161593041886011,-0.2307692307692264,-0.36630036630036855,1
1.5440002834657207,-0.14036747117892726,-0.1161593041886011,-0.2307692307692264,-0.36630036630036855,1
1.5450002834550105,-0.14030180556706462,-0.1161593041886011,-0.2307692307692264,-0.36630036630036855,1
1.5460002834443003,-0.1402346742853472,-0.1161593041886011,-0.2307692307692264,-0.36630036630036855,1
1.54700028343359,-0.1401660779963336,-0.1161593041886011,-0.2307692307692264,-0.36630036630036855,1
1.5480002834228799,-0.14009601737704153,-0.1161593041886011,-0.2307692307692264,-0.36630036630036855,1
1.5490002834121697,-0.14002449311894094,-0.1161593041886011,-0.2307692307692264,-0.36630036630036855,1
1.5500002834014595,-0.13995150592794744,-0.1161593041886011,-0.2307692307692264,-0.36630036630036855,1
1.5510002833907492,-0.1398770565244151,-0.1161593041886011,-0.2307692307692264,-0.36630036630036855,1
1.552000283380039,-0.13980114564312943,-0.1161593041886011,-0.2307692307692264,-0.36630036630036855,1
1.5530002833693288,-0.1397237740333002,-0.1161593041886011,-0.2307692307692264,-0.36630036630036855,1
1.5540002833586186,-0.13964494245855397,-0.1161593041886011,-0.2307692307692264,-0.36630036630036855,1
1.5550002833479084,-0.13956465169692647,-0.1161593041886011,-0.2307692307692264,-0.36630036630036855,1
1.5560002833371982,-0.1394829025408551,-0.1161593041886011,-0.2307692307692264,-0.36630036630036855,1
1.557000283326488,-0.13939969579717104,-0.1161593041886011,-0.2307692307692264,-0.36630036630036855,1
1.5580002833157778,-0.13931503228709124,-0.1161593041886011,-0.2307692307692264,-0.36630036630036855,1
1.5590002833050676,-0.13922891284621033,-0.1161593041886011,-0.2307692307692264,-0.36630036630036855,1
1.5600002832943574,-0.1391413383244924,-0.1161593041886011,-0.2307692307692264,-0.36630036630036855,1
1.5610002832836471,-0.13905230958626266,-0.11730373083085333,-0.1428571428571388,-0.3467643467643491,1
1.562000283272937,-0.13896182751019873,-0.11921110856794037,-0.2087912087912116,-0.3467643467643491,1
1.5630002832622267,-0.13886989298932217,-0.12073701075761001,-0.2087912087912116,-0.25885225885225793,1
1.5640002832515165,-0.13877650693098958,-0.12226291294727964,-0.1648351648351678,-0.25885225885225793,1
1.5650002832408063,-0.13868167025688363,-0.12493324177920151,-0.2307692307692264,-0.1904761904761898,1
1.566000283230096,-0.13858538390300398,-0.12569619287403633,-0.1428571428571388,-0.1904761904761898,1
1.567000283219386,-0.13848764881965805,-0.12645914396887115,-0.120879120879124,-0.219780219780219,1
1.5680002832086757,-0.13838846597145163,-0.12684061951628856,-0.120879120879124,-0.22954822954822873,1
1.5690002831979655,-0.13828783633727937,-0.12798504615854078,-0.120879120879124,-0.219780219780219,1
1.5700002831872553,-0.13818576091031518,-0.1283665217059582,-0.120879120879124,-0.219780219780219,1
1.571000283176545,-0.13808224069800218,-0.129129472800793,-0.0549450549450512,-0.2490842490842482,1
1.5720002831658348,-0.1379772767220431,-0.12951094834821042,-0.0549450549450512,-0.2490842490842482,1
1.5730002831551246,-0.13787087001839,-0.12951094834821042,-0.0329670329670364,-0.25885225885225793,1
1.5740002831444144,-0.13776302163723403,-0.12951094834821042,-0.0329670329670364,-0.26862026862026767,1
1.5750002831337042,-0.13765373264299519,-0.12951094834821042,-0.010989010989007397,-0.28815628815628713,1
1.576000283122994,-0.1375430041143117,-0.12951094834821042,-0.010989010989007397,-0.3174603174603199,1
1.5770002831122838,-0.13743083714402937,-0.12951094834821042,-0.010989010989007397,-0.3174603174603199,1
1.5780002831015736,-0.13731723283919095,-0.12951094834821042,-0.010989010989007397,-0.3174603174603199,1
1.5790002830908634,-0.137202192321025,-0.12951094834821042,-0.010989010989007397,-0.3174603174603199,1
1.5800002830801532,-0.137085716724935,-0.12951094834821042,-0.010989010989007397,-0.3174603174603199,1
1.581000283069443,-0.13696780720048798,-0.12951094834821042,-0.010989010989007397,-0.3174603174603199,1
1.5820002830587327,-0.13684846491140334,-0.12951094834821042,-0.010989010989007397,-0.3174603174603199,1
1.5830002830480225,-0.13672769103554133,-0.12951094834821042,-0.010989010989007397,-0.3174603174603199,1
1.5840002830373123,-0.13660548676489123,-0.12951094834821042,-0.010989010989007397,-0.3174603174603199,1
1.5850002830266021,-0.13648185330555992,-0.12951094834821042,-0.010989010989007397,-0.3174603174603199,1
1.586000283015892,-0.13635679187775962,-0.12951094834821042,-0.010989010989007397,-0.3174603174603199,1
1.5870002830051817,-0.13623030371579614,-0.12951094834821042,-0.010989010989007397,-0.3174603174603199,1
1.5880002829944715,-0.13610239006805655,-0.12951094834821042,-0.010989010989007397,-0.3174603174603199,1
1.5890002829837613,-0.1359730521969969,-0.12951094834821042,-0.010989010989007397,-0.3174603174603199,1
1.590000282973051,-0.1358422913791297,-0.12951094834821042,-0.010989010989007397,-0.3174603174603199,1
1.5910002829623409,-0.13571010890501142,-0.12951094834821042,-0.010989010989007397,-0.3174603174603199,1
1.5920002829516307,-0.1355765060792297,-0.12951094834821042,-0.010989010989007397,-0.3174603174603199,1
1.5930002829409204,-0.13544148422039046,-0.12951094834821042,-0.010989010989007397,-0.3174603174603199,1
1.5940002829302102,-0.13530504466110488,-0.12951094834821042,-0.010989010989007397,-0.3174603174603199,1
1.5950002829195,-0.1351671887479763,-0.12951094834821042,-0.010989010989007397,-0.3174603174603199,1
1.5960002829087898,-0.13502791784158696,-0.12951094834821042,-0.010989010989007397,-0.3174603174603199,1
1.5970002828980796,-0.13488723331648442,-0.12951094834821042,-0.010989010989007397,-0.3174603174603199,1
1.5980002828873694,-0.13474513656116807,-0.12951094834821042,-0.010989010989007397,-0.3174603174603199,1
1.5990002828766592,-0.13460162897807557,-0.12951094834821042,-0.010989010989007397,-0.3174603174603199,1
1.600000282865949,-0.1344567119835687,-0.12951094834821042,-0.010989010989007397,-0.3174603174603199,1
1.6010002828552388,-0.1343103870079198,-0.12951094834821042,-0.010989010989007397,-0.3174603174603199,1
1.6020002828445286,-0.1341626554952971,-0.12951094834821042,-0.010989010989007397,-0.3174603174603199,1
1.6030002828338183,-0.1340135189037511,-0.12951094834821042,-0.010989010989007397,-0.3174603174603199,1
1.6040002828231081,-0.13386297870519961,-0.12951094834821042,-0.010989010989007397,-0.3174603174603199,1
1.605000282812398,-0.13371103638541365,-0.12951094834821042,-0.010989010989007397,-0.3174603174603199,1
1.6060002828016877,-0.13355769344400256,-0.12951094834821042,-0.010989010989007397,-0.3174603174603199,1
1.6070002827909775,-0.13340295139439917,-0.12951094834821042,-0.010989010989007397,-0.3174603174603199,1
1.6080002827802673,-0.13324681176384504,-0.12951094834821042,-0.010989010989007397,-0.3174603174603199,1
1.609000282769557,-0.13308927609337523,-0.12951094834821042,-0.010989010989007397,-0.3174603174603199,1
1.6100002827588469,-0.1329303459378032,-0.12951094834821042,-0.010989010989007397,-0.3174603174603199,1
1.6110002827481367,-0.1327700228657054,-0.12951094834821042,-0.010989010989007397,-0.3174603174603199,1
1.6120002827374265,-0.13260830845940577,-0.12951094834821042,-0.010989010989007397,-0.3174603174603199,1
1.6130002827267163,-0.1324452043149602,-0.12951094834821042,-0.010989010989007397,-0.3174603174603199,1
1.614000282716006,-0.13228071204214067,-0.12951094834821042,-0.010989010989007397,-0.3174603174603199,1
1.6150002827052958,-0.1321148332644195,-0.12951094834821042,-0.010989010989007397,-0.3174603174603199,1
1.6160002826945856,-0.1319475696189533,-0.12951094834821042,-0.010989010989007397,-0.3174603174603199,1
1.6170002826838754,-0.13177892275656652,-0.12951094834821042,-0.010989010989007397,-0.3174603174603199,1
1.6180002826731652,-0.13160889434173567,-0.12951094834821042,-0.010989010989007397,-0.3174603174603199,1
1.619000282662455,-0.13143748605257255,-0.12951094834821042,-0.010989010989007397,-0.3174603174603199,1
1.6200002826517448,-0.13126469958080766,-0.12951094834821042,-0.010989010989007397,-0.3174603174603199,1
1.6210002826410346,-0.13109053663177375,-0.12951094834821042,-0.010989010989007397,-0.3174603174603199,1
1.6220002826303244,-0.13091499892438874,-0.12951094834821042,-0.010989010989007397,-0.3174603174603199,1
1.6230002826196142,-0.1307380881911389,-0.12951094834821042,-0.010989010989007397,-0.3174603174603199,1
1.624000282608904,-0.13055980617806173,-0.12951094834821042,-0.010989010989007397,-0.3174603174603199,1
1.6250002825981937,-0.13038015464472869,-0.12951094834821042,-0.010989010989007397,-0.3174603174603199,1
1.6260002825874835,-0.13019913536422784,-0.12951094834821042,-0.010989010989007397,-0.3174603174603199,1
1.6270002825767733,-0.1300167501231463,-0.12951094834821042,-0.010989010989007397,-0.3174603174603199,1
1.628000282566063,-0.12983300072155285,-0.12951094834821042,-0.010989010989007397,-0.3174603174603199,1
1.629000282555353,-0.12964788897297974,-0.12951094834821042,-0.010989010989007397,-0.3174603174603199,1
1.6300002825446427,-0.12946141670440522,-0.12951094834821042,-0.010989010989007397,-0.3174603174603199,1
1.6310002825339325,-0.12927358575623532,-0.12951094834821042,-0.010989010989007397,-0.3174603174603199,1
1.6320002825232223,-0.1290843979822855,-0.12951094834821042,-0.010989010989007397,-0.3174603174603199,1
1.633000282512512,-0.1288938552497627,-0.12951094834821042,-0.010989010989007397,-0.3174603174603199,1
1.6340002825018018,-0.12870195943924678,-0.12951094834821042,-0.010989010989007397,-0.3174603174603199,1
1.6350002824910916,-0.12850871244467185,-0.12951094834821042,-0.010989010989007397,-0.3174603174603199,1
1.6360002824803814,-0.1283141161733077,-0.12951094834821042,-0.010989010989007397,-0.3174603174603199,1
1.6370002824696712,-0.1281181725457409,-0.12951094834821042,-0.010989010989007397,-0.3174603174603199,1
1.638000282458961,-0.12792088349585592,-0.12951094834821042,-0.010989010989007397,-0.3174603174603199,1
1.6390002824482508,-0.127722250970816,-0.12951094834821042,-0.010989010989007397,-0.3174603174603199,1
1.6400002824375406,-0.12752227693104393,-0.12951094834821042,-0.010989010989007397,-0.3174603174603199,1
1.6410002824268304,-0.12732096335020268,-0.12951094834821042,-0.010989010989007397,-0.3174603174603199,1
1.6420002824161202,-0.12711831221517603,-0.12951094834821042,-0.010989010989007397,-0.3174603174603199,1
1.64300028240541,-0.12691432552604875,-0.12951094834821042,-0.010989010989007397,-0.3174603174603199,1
1.6440002823946998,-0.1267090052960871,-0.12951094834821042,-0.010989010989007397,-0.3174603174603199,1
1.6450002823839895,-0.12650235355171888,-0.12951094834821042,-0.010989010989007397,-0.3174603174603199,1
1.6460002823732793,-0.12629437233251326,-0.12951094834821042,-0.010989010989007397,-0.3174603174603199,1
1.6470002823625691,-0.12608506369116093,-0.12951094834821042,-0.010989010989007397,-0.3174603174603199,1
1.648000282351859,-0.12587442969345355,-0.12951094834821042,-0.010989010989007397,-0.3174603174603199,1
1.6490002823411487,-0.12566247241826362,-0.12951094834821042,-0.010989010989007397,-0.3174603174603199,1
1.6500002823304385,-0.12544919395752382,-0.12951094834821042,-0.010989010989007397,-0.3174603174603199,1
1.6510002823197283,-0.12523459641620646,-0.12951094834821042,-0.010989010989007397,-0.3174603174603199,1
1.652000282309018,-0.1250186819123026,-0.12951094834821042,-0.010989010989007397,-0.3174603174603199,1
1.6530002822983079,-0.12480145257680109,-0.12951094834821042,-0.010989010989007397,-0.3174603174603199,1
1.6540002822875977,-0.12458291055366777,-0.12951094834821042,-0.010989010989007397,-0.3174603174603199,1
1.6550002822768874,-0.1243630579998242,-0.12951094834821042,-0.010989010989007397,-0.3174603174603199,1
1.6560002822661772,-0.12414189708512616,-0.12951094834821042,-0.010989010989007397,-0.3174603174603199,1
1.657000282255467,-0.12391942999234265,-0.12951094834821042,-0.010989010989007397,-0.3174603174603199,1
1.6580002822447568,-0.123695658917134,-0.12951094834821042,-0.010989010989007397,-0.3174603174603199,1
1.6590002822340466,-0.12347058606803027,-0.12951094834821042,-0.010989010989007397,-0.3174603174603199,1
1.6600002822233364,-0.12324421366640961,-0.12951094834821042,-0.010989010989007397,-0.3174603174603199,1
1.6610002822126262,-0.12301654394647618,-0.12951094834821042,-0.010989010989007397,-0.3174603174603199,1
1.662000282201916,-0.12278757915523825,-0.12951094834821042,-0.010989010989007397,-0.3174603174603199,1
1.6630002821912058,-0.12255732155248567,-0.12951094834821042,-0.010989010989007397,-0.3174603174603199,1
1.6640002821804956,-0.122325773410768,-0.12951094834821042,-0.010989010989007397,-0.3174603174603199,1
1.6650002821697854,-0.12209293701537191,-0.12951094834821042,-0.010989010989007397,-0.3174603174603199,1
1.6660002821590751,-0.12185881466429857,-0.12951094834821042,-0.010989010989007397,-0.3174603174603199,1
1.667000282148365,-0.12162340866824103,-0.12951094834821042,-0.010989010989007397,-0.3174603174603199,1
1.6680002821376547,-0.12138672135056136,-0.12951094834821042,-0.010989010989007397,-0.3174603174603199,1
1.6690002821269445,-0.12114875504726777,-0.12951094834821042,-0.010989010989007397,-0.3174603174603199,1
1.6700002821162343,-0.12090951210699158,-0.12951094834821042,-0.010989010989007397,-0.3174603174603199,1
1.671000282105524,-0.12066899489096397,-0.12951094834821042,-0.010989010989007397,-0.3174603174603199,1
1.6720002820948139,-0.12042720577299271,-0.12951094834821042,-0.010989010989007397,-0.3174603174603199,1
1.6730002820841037,-0.12018414713943873,-0.12951094834821042,-0.010989010989007397,-0.3174603174603199,1
1.6740002820733935,-0.11993982138919254,-0.12951094834821042,-0.010989010989007397,-0.3174603174603199,1
1.6750002820626833,-0.11969423093365064,-0.12951094834821042,-0.010989010989007397,-0.3174603174603199,1
1.676000282051973,-0.1194473781966916,-0.12951094834821042,-0.010989010989007397,-0.3174603174603199,1
1.6770002820412628,-0.11919926561465224,-0.12951094834821042,-0.010989010989007397,-0.3174603174603199,1
1.6780002820305526,-0.1189498956363036,-0.12951094834821042,-0.010989010989007397,-0.3174603174603199,1
1.6790002820198424,-0.11869927072282643,-0.12951094834821042,-0.010989010989007397,-0.3174603174603199,1
1.6800002820091322,-0.11844739334778759,-0.12951094834821042,-0.010989010989007397,-0.3174603174603199,1
1.681000281998422,-0.11819426599711491,-0.12951094834821042,0.010989010989007397,-0.3076923076923066,1
1.6820002819877118,-0.11793989116907316,-0.129129472800793,-0.010989010989007397,-0.29792429792429687,1
1.6830002819770016,-0.11768427137423915,-0.129129472800793,-0.010989010989007397,-0.25885225885225793,1
1.6840002819662914,-0.11742740913547697,-0.129129472800793,-0.0329670329670364,-0.20024420024419953,1
1.6850002819555812,-0.11716930698791317,-0.129129472800793,-0.010989010989007397,-0.14163614163614113,1
1.686000281944871,-0.11690996747891169,-0.129129472800793,-0.010989010989007397,-0.073260073260073,1
1.6870002819341607,-0.11664939316804875,-0.1287479972533756,0.0329670329670364,-0.06349206349206327,1
1.6880002819234505,-0.11638758662708754,-0.1287479972533756,0.0329670329670364,-0.03418803418803407,1
1.6890002819127403,-0.11612455043995284,-0.12798504615854078,0.0329670329670364,0.024420024420024333,1
1.69000028190203,-0.1158602872027056,-0.12760357061112337,0.0549450549450512,0.09279609279609247,1
1.69100028189132,-0.1155947995235172,-0.12684061951628856,0.0769230769230802,0.1025641025641022,1
1.6920002818806097,-0.11532809002264384,-0.12684061951628856,0.0769230769230802,0.1025641025641022,1
1.6930002818698995,-0.1150601613324006,-0.12684061951628856,0.0769230769230802,0.1025641025641022,1
1.6940002818591893,-0.1147910160971353,-0.12684061951628856,0.0769230769230802,0.1025641025641022,1
1.695000281848479,-0.11452065697320274,-0.12684061951628856,0.0769230769230802,0.1025641025641022,1
1.6960002818377689,-0.1142490866289383,-0.12684061951628856,0.0769230769230802,0.1025641025641022,1
1.6970002818270586,-0.11397630774463156,-0.12684061951628856,0.0769230769230802,0.1025641025641022,1
1.6980002818163484,-0.11370232301249995,-0.12684061951628856,0.0769230769230802,0.1025641025641022,1
1.6990002818056382,-0.1134271351366621,-0.12684061951628856,0.0769230769230802,0.1025641025641022,1
1.700000281794928,-0.11315074683311117,-0.12684061951628856,0.0769230769230802,0.1025641025641022,1
1.7010002817842178,-0.11287316082968811,-0.12684061951628856,0.0769230769230802,0.1025641025641022,1
1.7020002817735076,-0.11259437986605461,-0.12684061951628856,0.0769230769230802,0.1025641025641022,1
1.7030002817627974,-0.11231440669366619,-0.12684061951628856,0.0769230769230802,0.1025641025641022,1
1.7040002817520872,-0.11203324407574497,-0.12684061951628856,0.0769230769230802,0.1025641025641022,1
1.705000281741377,-0.11175089478725242,-0.12684061951628856,0.0769230769230802,0.1025641025641022,1
1.7060002817306668,-0.11146736161486195,-0.12684061951628856,0.0769230769230802,0.1025641025641022,1
1.7070002817199565,-0.11118264735693151,-0.12684061951628856,0.0769230769230802,0.1025641025641022,1
1.7080002817092463,-0.11089675482347575,-0.12684061951628856,0.0769230769230802,0.1025641025641022,1
1.7090002816985361,-0.11060968683613862,-0.12684061951628856,0.0769230769230802,0.1025641025641022,1
1.710000281687826,-0.110321446228165,-0.12684061951628856,0.0769230769230802,0.1025641025641022,1
1.7110002816771157,-0.11003203584437338,-0.12684061951628856,0.0769230769230802,0.1025641025641022,1
1.7120002816664055,-0.10974145854112734,-0.12684061951628856,0.0769230769230802,0.1025641025641022,1
1.7130002816556953,-0.10944971718630747,-0.12684061951628856,0.0769230769230802,0.1025641025641022,1
1.714000281644985,-0.1091568146592831,-0.12684061951628856,0.0769230769230802,0.1025641025641022,1
1.7150002816342749,-0.1088627538508839,-0.12684061951628856,0.0769230769230802,0.1025641025641022,1
1.7160002816235647,-0.10856753766337124,-0.12684061951628856,0.0769230769230802,0.1025641025641022,1
1.7170002816128545,-0.10827116901040962,-0.12684061951628856,0.0769230769230802,0.1025641025641022,1
1.7180002816021442,-0.10797365081703797,-0.12684061951628856,0.0769230769230802,0.1025641025641022,1
1.719000281591434,-0.10767498601964069,-0.12684061951628856,0.0769230769230802,0.1025641025641022,1
1.7200002815807238,-0.10737517756591866,-0.12684061951628856,0.0769230769230802,0.1025641025641022,1
1.7210002815700136,-0.10707422841486025,-0.12684061951628856,0.0769230769230802,0.1025641025641022,1
1.7220002815593034,-0.106772141536712,-0.12684061951628856,0.0769230769230802,0.1025641025641022,1
1.7230002815485932,-0.10646891991294935,-0.12684061951628856,0.0769230769230802,0.1025641025641022,1
1.724000281537883,-0.10616456653624737,-0.12684061951628856,0.0769230769230802,0.1025641025641022,1
1.7250002815271728,-0.10585908441045078,-0.12684061951628856,0.0769230769230802,0.1025641025641022,1
1.7260002815164626,-0.10555247655054484,-0.12684061951628856,0.0769230769230802,0.1025641025641022,1
1.7270002815057524,-0.10524474598262527,-0.12684061951628856,0.0769230769230802,0.1025641025641022,1
1.7280002814950421,-0.10493589574386851,-0.12684061951628856,0.0769230769230802,0.1025641025641022,1
1.729000281484332,-0.10462592888250163,-0.12684061951628856,0.0769230769230802,0.1025641025641022,1
1.7300002814736217,-0.10431484845777236,-0.12684061951628856,0.0769230769230802,0.1025641025641022,1
1.7310002814629115,-0.10400265753991884,-0.12684061951628856,0.0769230769230802,0.1025641025641022,1
1.7320002814522013,-0.10368935921013933,-0.12684061951628856,0.0769230769230802,0.1025641025641022,1
1.733000281441491,-0.10337495656056177,-0.12684061951628856,0.0769230769230802,0.1025641025641022,1
1.7340002814307809,-0.10305945269421336,-0.12684061951628856,0.0769230769230802,0.1025641025641022,1
1.7350002814200707,-0.10274285072498977,-0.12684061951628856,0.0769230769230802,0.1025641025641022,1
1.7360002814093605,-0.1024251537776246,-0.12684061951628856,0.0769230769230802,0.1025641025641022,1
1.7370002813986503,-0.10210636498765835,-0.12684061951628856,0.0769230769230802,0.1025641025641022,1
1.73800028138794,-0.10178648750140765,-0.12684061951628856,0.0769230769230802,0.1025641025641022,1
1.7390002813772298,-0.10146552447593403,-0.12684061951628856,0.0769230769230802,0.1025641025641022,1
1.7400002813665196,-0.10114347907901304,-0.12684061951628856,0.0769230769230802,0.1025641025641022,1
1.7410002813558094,-0.1008203544891025,-0.12684061951628856,0.0769230769230802,0.1025641025641022,1
1.7420002813450992,-0.10049615389531162,-0.12684061951628856,0.0769230769230802,0.1025641025641022,1
1.743000281334389,-0.10017088049736936,-0.12684061951628856,0.0769230769230802,0.1025641025641022,1
1.7440002813236788,-0.09984453750559276,-0.12684061951628856,0.0769230769230802,0.1025641025641022,1
1.7450002813129686,-0.0995171281408553,-0.12684061951628856,0.0769230769230802,0.1025641025641022,1
1.7460002813022584,-0.09918865563455519,-0.12684061951628856,0.0769230769230802,0.1025641025641022,1
1.7470002812915482,-0.09885912322858338,-0.12684061951628856,0.0769230769230802,0.1025641025641022,1
1.748000281280838,-0.0985285341752916,-0.12684061951628856,0.0769230769230802,0.1025641025641022,1
1.7490002812701277,-0.09819689173746031,-0.12684061951628856,0.0769230769230802,0.1025641025641022,1
1.7500002812594175,-0.09786419918826639,-0.12684061951628856,0.0769230769230802,0.1025641025641022,1
1.7510002812487073,-0.09753045981125089,-0.12684061951628856,0.0769230769230802,0.1025641025641022,1
1.7520002812379971,-0.09719567690028667,-0.12684061951628856,0.0769230769230802,0.1025641025641022,1
1.753000281227287,-0.09685985375954584,-0.12684061951628856,0.0769230769230802,0.1025641025641022,1
1.7540002812165767,-0.09652299370346716,-0.12684061951628856,0.0769230769230802,0.1025641025641022,1
1.7550002812058665,-0.0961851000567234,-0.12684061951628856,0.0769230769230802,0.1025641025641022,1
1.7560002811951563,-0.09584617615418818,-0.12684061951628856,0.0769230769230802,0.1025641025641022,1
1.757000281184446,-0.09550622534090361,-0.12684061951628856,0.0769230769230802,0.1025641025641022,1
1.7580002811737359,-0.09516525097204691,-0.12684061951628856,0.0769230769230802,0.1025641025641022,1
1.7590002811630256,-0.09482325641289735,-0.12684061951628856,0.0769230769230802,0.1025641025641022,1
1.7600002811523154,-0.0944802450388031,-0.12684061951628856,0.0769230769230802,0.1025641025641022,1
1.7610002811416052,-0.0941362202351479,-0.12684061951628856,0.0769230769230802,0.1025641025641022,1
1.762000281130895,-0.09379118539731755,-0.12684061951628856,0.0769230769230802,0.1025641025641022,1
1.7630002811201848,-0.09344514393066657,-0.12684061951628856,0.0769230769230802,0.1025641025641022,1
1.7640002811094746,-0.09309809925048444,-0.12684061951628856,0.0769230769230802,0.1025641025641022,1
1.7650002810987644,-0.09275005478196198,-0.12684061951628856,0.0769230769230802,0.1025641025641022,1
1.7660002810880542,-0.09240101396015749,-0.12684061951628856,0.0769230769230802,0.1025641025641022,1
1.767000281077344,-0.09205098022996291,-0.12684061951628856,0.0769230769230802,0.1025641025641022,1
1.7680002810666338,-0.0916999570460698,-0.12684061951628856,0.0769230769230802,0.1025641025641022,1
1.7690002810559236,-0.09134794787293514,-0.12684061951628856,0.0769230769230802,0.1025641025641022,1
1.7700002810452133,-0.09099495618474733,-0.12684061951628856,0.0769230769230802,0.1025641025641022,1
1.7710002810345031,-0.0906409854653918,-0.12684061951628856,0.0769230769230802,0.1025641025641022,1
1.772000281023793,-0.09028603920841642,-0.12684061951628856,0.0769230769230802,0.1025641025641022,1
1.7730002810130827,-0.08993012091699745,-0.12684061951628856,0.0769230769230802,0.1025641025641022,1
1.7740002810023725,-0.08957323410390465,-0.12684061951628856,0.0769230769230802,0.1025641025641022,1
1.7750002809916623,-0.08921538229146675,-0.12684061951628856,0.0769230769230802,0.1025641025641022,1
1.776000280980952,-0.08885656901153653,-0.12684061951628856,0.0769230769230802,0.1025641025641022,1
1.7770002809702419,-0.0884967978054562,-0.12684061951628856,0.0769230769230802,0.1025641025641022,1
1.7780002809595317,-0.08813607222402219,-0.12684061951628856,0.0769230769230802,0.1025641025641022,1
1.7790002809488215,-0.0877743958274503,-0.12684061951628856,0.0769230769230802,0.1025641025641022,1
1.7800002809381112,-0.08741177218534045,-0.12684061951628856,0.0769230769230802,0.1025641025641022,1
1.781000280927401,-0.08704820487664156,-0.12684061951628856,0.0769230769230802,0.1025641025641022,1
1.7820002809166908,-0.08668369748961607,-0.12684061951628856,0.0769230769230802,0.1025641025641022,1
1.7830002809059806,-0.08631825362180469,-0.12684061951628856,0.0769230769230802,0.1025641025641022,1
1.7840002808952704,-0.08595187687999077,-0.12684061951628856,0.0769230769230802,0.1025641025641022,1
1.7850002808845602,-0.08558457088016473,-0.12684061951628856,0.0769230769230802,0.1025641025641022,1
1.78600028087385,-0.08521633924748857,-0.12684061951628856,0.0769230769230802,0.1025641025641022,1
1.7870002808631398,-0.08484718561625954,-0.12684061951628856,0.0769230769230802,0.1025641025641022,1
1.7880002808524296,-0.08447711362987498,-0.12684061951628856,0.0769230769230802,0.1025641025641022,1
1.7890002808417194,-0.08410612694079589,-0.12684061951628856,0.0769230769230802,0.1025641025641022,1
1.7900002808310091,-0.08373422921051106,-0.12684061951628856,0.0769230769230802,0.1025641025641022,1
1.791000280820299,-0.08336142410950087,-0.12684061951628856,0.0769230769230802,0.1025641025641022,1
1.7920002808095887,-0.08298771531720109,-0.12684061951628856,0.0769230769230802,0.1025641025641022,1
1.7930002807988785,-0.0826131065219665,-0.12684061951628856,0.0769230769230802,0.1025641025641022,1
1.7940002807881683,-0.08223760142103466,-0.12684061951628856,0.0769230769230802,0.1025641025641022,1
1.795000280777458,-0.08186120372048919,-0.12684061951628856,0.0769230769230802,0.1025641025641022,1
1.796000280766748,-0.08148391713522336,-0.12684061951628856,0.0769230769230802,0.1025641025641022,1
1.7970002807560377,-0.08110574538890343,-0.12684061951628856,0.0769230769230802,0.1025641025641022,1
1.7980002807453275,-0.0807266922139317,-0.12684061951628856,0.0769230769230802,0.1025641025641022,1
1.7990002807346173,-0.08034676135140995,-0.12684061951628856,0.0769230769230802,0.1025641025641022,1
1.800000280723907,-0.0799659565511023,-0.12684061951628856,0.0769230769230802,0.1025641025641022,1
1.8010002807131968,-0.07958428157139834,-0.12531471732661892,0.1648351648351678,0.05372405372405353,1
1.8020002807024866,-0.07920174017927602,-0.12493324177920151,0.0769230769230802,0.05372405372405353,1
1.8030002806917764,-0.07881833615026416,-0.12493324177920151,0.010989010989007397,0.1318681318681314,1
1.8040002806810662,-0.0784340732684058,-0.12111848630502742,0.1648351648351678,0.08302808302808273,1
1.805000280670356,-0.07804895532622035,-0.11882963302052296,0.1868131868131826,0.15140415140415087,1
1.8060002806596458,-0.07766298612466631,-0.11577782864118369,0.120879120879124,0.1318681318681314,1
1.8070002806489356,-0.07727616947310383,-0.112344548714427,0.318681318681314,0.073260073260073,1
1.8080002806382254,-0.07688850918925698,-0.11005569542992255,0.318681318681314,0.024420024420024333,1
1.8090002806275152,-0.07650000909917623,-0.10585946440833105,0.2967032967032992,-0.004884004884004867,1
1.810000280616805,-0.0761106730372005,-0.103952086671244,0.2527472527472554,0.024420024420024333,1
1.8110002806060947,-0.07572050484591945,-0.10242618448157437,0.2087912087912116,0.11233211233211193,1
1.8120002805953845,-0.07532950837613557,-0.10242618448157437,0.2087912087912116,0.11233211233211193,1
1.8130002805846743,-0.07493768748682607,-0.10242618448157437,0.2087912087912116,0.11233211233211193,1
1.8140002805739641,-0.07454504604510483,-0.10242618448157437,0.2087912087912116,0.11233211233211193,1
1.815000280563254,-0.0741515879261843,-0.10242618448157437,0.2087912087912116,0.11233211233211193,1
1.8160002805525437,-0.0737573170133372,-0.10242618448157437,0.2087912087912116,0.11233211233211193,1
1.8170002805418335,-0.07336223719785828,-0.10242618448157437,0.2087912087912116,0.11233211233211193,1
1.8180002805311233,-0.0729663523790255,-0.10242618448157437,0.2087912087912116,0.11233211233211193,1
1.819000280520413,-0.07256966646406225,-0.10242618448157437,0.2087912087912116,0.11233211233211193,1
1.8200002805097029,-0.07217218336809826,-0.10242618448157437,0.2087912087912116,0.11233211233211193,1
1.8210002804989927,-0.07177390701413112,-0.10242618448157437,0.2087912087912116,0.11233211233211193,1
1.8220002804882824,-0.07137484133298762,-0.10242618448157437,0.2087912087912116,0.11233211233211193,1
1.8230002804775722,-0.07097499026328478,-0.10242618448157437,0.2087912087912116,0.11233211233211193,1
1.824000280466862,-0.07057435775139119,-0.10242618448157437,0.2087912087912116,0.11233211233211193,1
1.8250002804561518,-0.0701729477513879,-0.10242618448157437,0.2087912087912116,0.11233211233211193,1
1.8260002804454416,-0.06977076422502945,-0.10242618448157437,0.2087912087912116,0.11233211233211193,1
1.8270002804347314,-0.06936781114170483,-0.10242618448157437,0.2087912087912116,0.11233211233211193,1
1.8280002804240212,-0.06896409247839817,-0.10242618448157437,0.2087912087912116,0.11233211233211193,1
1.829000280413311,-0.06855961221964964,-0.10242618448157437,0.2087912087912116,0.11233211233211193,1
1.8300002804026008,-0.06815437435751599,-0.10242618448157437,0.2087912087912116,0.11233211233211193,1
1.8310002803918906,-0.06774838289153125,-0.10242618448157437,0.2087912087912116,0.11233211233211193,1
1.8320002803811803,-0.06734164182866716,-0.10242618448157437,0.2087912087912116,0.11233211233211193,1
1.8330002803704701,-0.06693415518329388,-0.10242618448157437,0.2087912087912116,0.11233211233211193,1
1.83400028035976,-0.06652592697713974,-0.10242618448157437,0.2087912087912116,0.11233211233211193,1
1.8350002803490497,-0.06611696123925237,-0.10242618448157437,0.2087912087912116,0.11233211233211193,1
1.8360002803383395,-0.06570726200595842,-0.10242618448157437,0.2087912087912116,0.11233211233211193,1
1.8370002803276293,-0.0652968333208238,-0.10242618448157437,0.2087912087912116,0.11233211233211193,1
1.838000280316919,-0.06488567923461389,-0.10242618448157437,0.2087912087912116,0.11233211233211193,1
1.8390002803062089,-0.06447380380525342,-0.10242618448157437,0.2087912087912116,0.11233211233211193,1
1.8400002802954987,-0.06406121109778651,-0.10242618448157437,0.2087912087912116,0.11233211233211193,1
1.8410002802847885,-0.06364790518433652,-0.10242618448157437,0.2087912087912116,0.11233211233211193,1
1.8420002802740782,-0.06323389014406589,-0.10242618448157437,0.2087912087912116,0.11233211233211193,1
1.843000280263368,-0.06281917006313582,-0.10242618448157437,0.2087912087912116,0.11233211233211193,1
1.8440002802526578,-0.062403749034666,-0.10242618448157437,0.2087912087912116,0.11233211233211193,1
1.8450002802419476,-0.061987631158694184,-0.10242618448157437,0.2087912087912116,0.11233211233211193,1
1.8460002802312374,-0.06157082054213571,-0.10242618448157437,0.2087912087912116,0.11233211233211193,1
1.8470002802205272,-0.06115332129874303,-0.10242618448157437,0.2087912087912116,0.11233211233211193,1
1.848000280209817,-0.06073513754906511,-0.10242618448157437,0.2087912087912116,0.11233211233211193,1
1.8490002801991068,-0.06031627342040645,-0.10242618448157437,0.2087912087912116,0.11233211233211193,1
1.8500002801883966,-0.0598967330467869,-0.10242618448157437,0.2087912087912116,0.11233211233211193,1
1.8510002801776864,-0.059476520568900515,-0.10242618448157437,0.2087912087912116,0.11233211233211193,1
1.8520002801669762,-0.059055640134074674,-0.10242618448157437,0.2087912087912116,0.11233211233211193,1
1.853000280156266,-0.058634095896229296,-0.10242618448157437,0.2087912087912116,0.11233211233211193,1
1.8540002801455557,-0.05821189201583572,-0.10242618448157437,0.2087912087912116,0.11233211233211193,1
1.8550002801348455,-0.057789032659875714,-0.10242618448157437,0.2087912087912116,0.11233211233211193,1
1.8560002801241353,-0.05736552200180031,-0.10242618448157437,0.2087912087912116,0.11233211233211193,1
1.857000280113425,-0.05694136422148864,-0.10242618448157437,0.2087912087912116,0.11233211233211193,1
1.858000280102715,-0.056516563505206674,-0.10242618448157437,0.2087912087912116,0.11233211233211193,1
1.8590002800920047,-0.05609112404556588,-0.10242618448157437,0.2087912087912116,0.11233211233211193,1
1.8600002800812945,-0.05566505004148187,-0.10242618448157437,0.2087912087912116,0.11233211233211193,1
1.8610002800705843,-0.055238345698132976,-0.10242618448157437,0.2087912087912116,0.11233211233211193,1
1.862000280059874,-0.05481101522691871,-0.10242618448157437,0.2087912087912116,0.11233211233211193,1
1.8630002800491638,-0.054383062845418204,-0.10242618448157437,0.2087912087912116,0.11233211233211193,1
1.8640002800384536,-0.053954492777348734,-0.10242618448157437,0.2087912087912116,0.11233211233211193,1
1.8650002800277434,-0.05352530925252351,-0.10242618448157437,0.2087912087912116,0.11233211233211193,1
1.8660002800170332,-0.053095516506810686,-0.10242618448157437,0.2087912087912116,0.11233211233211193,1
1.867000280006323,-0.05266511878209105,-0.10242618448157437,0.2087912087912116,0.11233211233211193,1
1.8680002799956128,-0.052234120326216306,-0.10242618448157437,0.2087912087912116,0.11233211233211193,1
1.8690002799849026,-0.05180252539296712,-0.10242618448157437,0.2087912087912116,0.11233211233211193,1
1.8700002799741924,-0.051370338242011135,-0.10242618448157437,0.2087912087912116,0.11233211233211193,1
1.8710002799634822,-0.05093756313886098,-0.10242618448157437,0.2087912087912116,0.11233211233211193,1
1.872000279952772,-0.0505042043548321,-0.10242618448157437,0.2087912087912116,0.11233211233211193,1
1.8730002799420618,-0.05007026616700065,-0.10242618448157437,0.2087912087912116,0.11233211233211193,1
1.8740002799313515,-0.04963575285816127,-0.10242618448157437,0.2087912087912116,0.11233211233211193,1
1.8750002799206413,-0.0492006687167848,-0.10242618448157437,0.2087912087912116,0.11233211233211193,1
1.8760002799099311,-0.04876501803697598,-0.10242618448157437,0.2087912087912116,0.11233211233211193,1
1.877000279899221,-0.04832880511843103,-0.10242618448157437,0.2087912087912116,0.11233211233211193,1
1.8780002798885107,-0.04789203426639529,-0.10242618448157437,0.2087912087912116,0.11233211233211193,1
1.8790002798778005,-0.04745470979162073,-0.10242618448157437,0.2087912087912116,0.11233211233211193,1
1.8800002798670903,-0.04701683601032305,-0.10242618448157437,0.2087912087912116,0.11233211233211193,1
1.88100027985638,-0.04657841724413971,-0.10242618448157437,0.2087912087912116,0.11233211233211193,1
1.8820002798456699,-0.04613945782008686,-0.10242618448157437,0.2087912087912116,0.11233211233211193,1
1.8830002798349597,-0.0456999620705167,-0.10242618448157437,0.2087912087912116,0.11233211233211193,1
1.8840002798242494,-0.045259934333074736,-0.10242618448157437,0.2087912087912116,0.11233211233211193,1
1.8850002798135392,-0.044819378950657025,-0.10242618448157437,0.2087912087912116,0.11233211233211193,1
1.886000279802829,-0.044378300271367216,-0.10242618448157437,0.2087912087912116,0.11233211233211193,1
1.8870002797921188,-0.04393670264847373,-0.10242618448157437,0.2087912087912116,0.11233211233211193,1
1.8880002797814086,-0.043494590440366715,-0.10242618448157437,0.2087912087912116,0.11233211233211193,1
1.8890002797706984,-0.04305196801051509,-0.10242618448157437,0.2087912087912116,0.11233211233211193,1
1.8900002797599882,-0.04260883972742344,-0.10242618448157437,0.2087912087912116,0.11233211233211193,1
1.891000279749278,-0.04216520996458895,-0.10242618448157437,0.2087912087912116,0.11233211233211193,1
1.8920002797385678,-0.04172108310045817,-0.10242618448157437,0.2087912087912116,0.11233211233211193,1
1.8930002797278576,-0.04127646351838385,-0.10242618448157437,0.2087912087912116,0.11233211233211193,1
1.8940002797171474,-0.04083135560658168,-0.10242618448157437,0.2087912087912116,0.11233211233211193,1
1.8950002797064371,-0.04038576375808708,-0.10242618448157437,0.2087912087912116,0.11233211233211193,1
1.896000279695727,-0.03993969237071136,-0.10242618448157437,0.2087912087912116,0.11233211233211193,1
1.8970002796850167,-0.039493145846999055,-0.10242618448157437,0.2087912087912116,0.11233211233211193,1
1.8980002796743065,-0.03904612859418398,-0.10242618448157437,0.2087912087912116,0.11233211233211193,1
1.8990002796635963,-0.03859864502414585,-0.10242618448157437,0.2087912087912116,0.11233211233211193,1
1.900000279652886,-0.03815069955336677,-0.10242618448157437,0.2087912087912116,0.11233211233211193,1
1.9010002796421759,-0.03770229660288759,-0.10242618448157437,0.2087912087912116,0.11233211233211193,1
1.9020002796314657,-0.037253440598264305,-0.10242618448157437,0.2087912087912116,0.11233211233211193,1
1.9030002796207555,-0.03680413596952437,-0.10242618448157437,0.2087912087912116,0.11233211233211193,1
1.9040002796100453,-0.036354387151123,-0.10242618448157437,0.2087912087912116,0.11233211233211193,1
1.905000279599335,-0.03590419858189935,-0.10242618448157437,0.2087912087912116,0.11233211233211193,1
1.9060002795886248,-0.03545357470503278,-0.10242618448157437,0.2087912087912116,0.11233211233211193,1
1.9070002795779146,-0.035002519967998906,-0.10242618448157437,0.2087912087912116,0.11233211233211193,1
1.9080002795672044,-0.03455103882252579,-0.10242618448157437,0.2087912087912116,0.11233211233211193,1
1.9090002795564942,-0.03409913572455,-0.10242618448157437,0.2087912087912116,0.11233211233211193,1
1.910000279545784,-0.03364681513417268,-0.10242618448157437,0.2087912087912116,0.11233211233211193,1
1.9110002795350738,-0.033194081515615106,-0.10242618448157437,0.2087912087912116,0.11233211233211193,1
1.9120002795243636,-0.03274093933717535,-0.10242618448157437,0.2087912087912116,0.11233211233211193,1
1.9130002795136534,-0.032287393071183675,-0.10242618448157437,0.2087912087912116,0.11233211233211193,1
1.9140002795029432,-0.031833447193958524,-0.10242618448157437,0.2087912087912116,0.11233211233211193,1
1.915000279492233,-0.03137910618576234,-0.10242618448157437,0.2087912087912116,0.11233211233211193,1
1.9160002794815227,-0.030924374530757366,-0.10242618448157437,0.2087912087912116,0.11233211233211193,1
1.9170002794708125,-0.030469256716961345,-0.10242618448157437,0.2087912087912116,0.11233211233211193,1
1.9180002794601023,-0.030013757236203267,-0.10242618448157437,0.2087912087912116,0.11233211233211193,1
1.919000279449392,-0.029557880584079023,-0.10242618448157437,0.2087912087912116,0.11233211233211193,1
1.920000279438682,-0.029101631259907036,-0.10242618448157437,0.2087912087912116,0.11233211233211193,1
1.9210002794279717,-0.028645013766683824,-0.10242618448157437,0.2087912087912116,0.11233211233211193,1
1.9220002794172615,-0.028188032611039623,-0.10242618448157437,0.2087912087912116,0.11233211233211193,1
1.9230002794065513,-0.02773069230319384,-0.09670405127031323,0.2747252747252702,0.06349206349206327,1
1.924000279395841,-0.027272997356910585,-0.09517814908064359,0.340659340659343,0.0439560439560438,1
1.9250002793851309,-0.026814952289454096,-0.09288929579613914,0.340659340659343,0.05372405372405353,1
1.9260002793744206,-0.02635656162154431,-0.09021896696421727,0.3626373626373578,0.05372405372405353,1
1.9270002793637104,-0.0258978298773117,-0.08602273594262577,0.3846153846153868,0.073260073260073,1
1.9280002793530002,-0.02543876158425342,-0.08220798046845168,0.3846153846153868,0.0439560439560438,1
1.92900027934229,-0.02497936127318809,-0.07839322499427759,0.3626373626373578,0.024420024420024333,1
1.9300002793315798,-0.024519633478211213,-0.07724879835202536,0.3626373626373578,0.05372405372405353,1
1.9310002793208696,-0.02405958273665043,-0.07305256733043386,0.3846153846153868,0.09279609279609247,1
1.9320002793101594,-0.023599213589020736,-0.06847486076142495,0.4285714285714306,0.09279609279609247,1
1.9330002792994492,-0.02313853057897966,-0.06733043411917272,0.3846153846153868,0.06349206349206327,1
1.934000279288739,-0.022677538253282423,-0.06351567864499863,0.4065934065934016,0.073260073260073,1
1.9350002792780288,-0.022216241161737083,-0.06008239871824195,0.4065934065934016,0.05372405372405353,1
1.9360002792673185,-0.021754643857159594,-0.0581750209811549,0.3846153846153868,0.024420024420024333,1
1.9370002792566083,-0.021292750895328907,-0.05512321660181563,0.4285714285714306,0.03418803418803407,1
1.9380002792458981,-0.020830566834941975,-0.05512321660181563,0.4285714285714306,0.03418803418803407,1
1.939000279235188,-0.020368096237568793,-0.05512321660181563,0.4285714285714306,0.03418803418803407,1
1.9400002792244777,-0.019905343667607347,-0.05512321660181563,0.4285714285714306,0.03418803418803407,1
1.9410002792137675,-0.01944231369223872,-0.05512321660181563,0.4285714285714306,0.03418803418803407,1
1.9420002792030573,-0.018979010881381472,-0.05512321660181563,0.4285714285714306,0.03418803418803407,1
1.943000279192347,-0.01851543980764734,-0.05512321660181563,0.4285714285714306,0.03418803418803407,1
1.9440002791816369,-0.01805160504629557,-0.05512321660181563,0.4285714285714306,0.03418803418803407,1
1.9450002791709267,-0.0175875111751879,-0.05512321660181563,0.4285714285714306,0.03418803418803407,1
1.9460002791602165,-0.017123162774743378,-0.05512321660181563,0.4285714285714306,0.03418803418803407,1
1.9470002791495062,-0.016658564427893156,-0.05512321660181563,0.4285714285714306,0.03418803418803407,1
1.948000279138796,-0.016193720720035252,-0.05512321660181563,0.4285714285714306,0.03418803418803407,1
1.9490002791280858,-0.0157286362389893,-0.05512321660181563,0.4285714285714306,0.03418803418803407,1
1.9500002791173756,-0.015263315574951263,-0.05512321660181563,0.4285714285714306,0.03418803418803407,1
1.9510002791066654,-0.014797763320448142,-0.05512321660181563,0.4285714285714306,0.03418803418803407,1
1.9520002790959552,-0.014331984070292642,-0.05512321660181563,0.4285714285714306,0.03418803418803407,1
1.953000279085245,-0.013865982421537817,-0.05512321660181563,0.4285714285714306,0.03418803418803407,1
1.9540002790745348,-0.01339976297343171,-0.05512321660181563,0.4285714285714306,0.03418803418803407,1
1.9550002790638246,-0.012933330327371952,-0.05512321660181563,0.4285714285714306,0.03418803418803407,1
1.9560002790531144,-0.012466689086860362,-0.05512321660181563,0.4285714285714306,0.03418803418803407,1
1.9570002790424041,-0.011999843857457625,-0.05512321660181563,0.4285714285714306,0.03418803418803407,1
1.958000279031694,-0.011532799246737314,-0.05512321660181563,0.4285714285714306,0.03418803418803407,1
1.9590002790209837,-0.011065559864241223,-0.05512321660181563,0.4285714285714306,0.03418803418803407,1
1.9600002790102735,-0.010598130321433318,-0.05512321660181563,0.4285714285714306,0.03418803418803407,1
1.9610002789995633,-0.010130515231654386,-0.05512321660181563,0.4285714285714306,0.03418803418803407,1
1.962000278988853,-0.009662719210076477,-0.05512321660181563,0.4285714285714306,0.03418803418803407,1
1.9630002789781429,-0.009194746873657369,-0.05512321660181563,0.4285714285714306,0.03418803418803407,1
1.9640002789674327,-0.008726602841094996,-0.05512321660181563,0.4285714285714306,0.03418803418803407,1
1.9650002789567225,-0.008258291732781864,-0.05512321660181563,0.4285714285714306,0.03418803418803407,1
1.9660002789460123,-0.007789818170759445,-0.05512321660181563,0.4285714285714306,0.03418803418803407,1
1.967000278935302,-0.0073211867786725695,-0.05512321660181563,0.4285714285714306,0.03418803418803407,1
1.9680002789245918,-0.006852402181723784,-0.05512321660181563,0.4285714285714306,0.03418803418803407,1
1.9690002789138816,-0.006383469006627703,-0.05512321660181563,0.4285714285714306,0.03418803418803407,1
1.9700002789031714,-0.005914391881565352,-0.05512321660181563,0.4285714285714306,0.03418803418803407,1
1.9710002788924612,-0.005445175436138481,-0.05512321660181563,0.4285714285714306,0.03418803418803407,1
1.972000278881751,-0.004975824301324008,-0.05512321660181563,0.4285714285714306,0.03418803418803407,1
1.9730002788710408,-0.0045063431094277875,-0.05512321660181563,0.4285714285714306,0.03418803418803407,1
1.9740002788603306,-0.004036736494039678,-0.05512321660181563,0.4285714285714306,0.03418803418803407,1
1.9750002788496204,-0.003567009089987286,-0.05512321660181563,0.4285714285714306,0.03418803418803407,1
1.9760002788389102,-0.0030971655332903553,-0.05512321660181563,0.4285714285714306,0.03418803418803407,1
1.9770002788282,-0.002627210461115005,-0.05512321660181563,0.4285714285714306,0.03418803418803407,1
1.9780002788174897,-0.002157148511727972,-0.05512321660181563,0.4285714285714306,0.03418803418803407,1
1.9790002788067795,-0.0016869843244508246,-0.05512321660181563,0.4285714285714306,0.03418803418803407,1
1.9800002787960693,-0.001216722539614178,-0.05512321660181563,0.4285714285714306,0.03418803418803407,1
1.9810002787853591,-0.0007463677985118985,-0.05512321660181563,0.4285714285714306,0.03418803418803407,1
1.982000278774649,-0.0002759247433552891,-0.05512321660181563,0.4285714285714306,0.03418803418803407,1
1.9830002787639387,0.00019460198277271822,-0.05512321660181563,0.4285714285714306,0.03418803418803407,1
1.9840002787532285,0.0006652077359633954,-0.05512321660181563,0.4285714285714306,0.03418803418803407,1
1.9850002787425183,0.0011358878715280515,-0.05512321660181563,0.4285714285714306,0.03418803418803407,1
1.986000278731808,0.0016066377440438675,-0.05512321660181563,0.4285714285714306,0.03418803418803407,1
1.9870002787210979,0.002077452707399752,-0.05512321660181563,0.4285714285714306,0.03418803418803407,1
1.9880002787103876,0.0025483281148420567,-0.05512321660181563,0.4285714285714306,0.03418803418803407,1
1.9890002786996774,0.003019259319020978,-0.05512321660181563,0.4285714285714306,0.03418803418803407,1
1.9900002786889672,0.003490241672035619,-0.05512321660181563,0.4285714285714306,0.03418803418803407,1
1.991000278678257,0.003961270525480397,-0.05512321660181563,0.4285714285714306,0.03418803418803407,1
1.9920002786675468,0.0044323412304907925,-0.05512321660181563,0.4285714285714306,0.03418803418803407,1
1.9930002786568366,0.0049034491377892234,-0.05512321660181563,0.4285714285714306,0.03418803418803407,1
1.9940002786461264,0.00537458959773094,-0.05512321660181563,0.4285714285714306,0.03418803418803407,1
1.9950002786354162,0.005845757960349908,-0.05512321660181563,0.4285714285714306,0.03418803418803407,1
1.996000278624706,0.006316949575404707,-0.05512321660181563,0.4285714285714306,0.03418803418803407,1
1.9970002786139958,0.006788159792424424,-0.05512321660181563,0.4285714285714306,0.03418803418803407,1
1.9980002786032856,0.007259383960754552,-0.05512321660181563,0.4285714285714306,0.03418803418803407,1
1.9990002785925753,0.007730617429602889,-0.05512321660181563,0.4285714285714306,0.03418803418803407,1
2.000000278581865,0.008201855548085443,-0.05512321660181563,0.4285714285714306,0.03418803418803407,1
2.001000278571155,0.00867309366527233,-0.05512321660181563,0.4285714285714306,0.03418803418803407,1
2.0020002785604447,0.009144327130233679,-0.05512321660181563,0.4285714285714306,0.03418803418803407,1
2.0030002785497345,0.009615551292085403,-0.05512321660181563,0.4285714285714306,0.03418803418803407,1
2.0040002785390243,0.01008676150003563,-0.05512321660181563,0.4285714285714306,0.03418803418803407,1
2.005000278528314,0.010557953103429812,-0.05512321660181563,0.4285714285714306,0.03418803418803407,1
2.006000278517604,0.011029121451797148,-0.05512321660181563,0.4285714285714306,0.03418803418803407,1
2.0070002785068937,0.011500261894896358,-0.05512321660181563,0.4285714285714306,0.03418803418803407,1
2.0080002784961835,0.011971369782761577,-0.05512321660181563,0.4285714285714306,0.03418803418803407,1
2.0090002784854732,0.012442440465748245,-0.05512321660181563,0.4285714285714306,0.03418803418803407,1
2.010000278474763,0.012913469294578997,-0.05512321660181563,0.4285714285714306,0.03418803418803407,1
2.011000278464053,0.013384451620389558,-0.05512321660181563,0.4285714285714306,0.03418803418803407,1
2.0120002784533426,0.01385538279477461,-0.05512321660181563,0.4285714285714306,0.03418803418803407,1
2.0130002784426324,0.014326258169833687,-0.05512321660181563,0.4285714285714306,0.03418803418803407,1
2.014000278431922,0.014797073098217038,-0.05512321660181563,0.4285714285714306,0.03418803418803407,1
2.015000278421212,0.015267822933171494,-0.05512321660181563,0.4285714285714306,0.03418803418803407,1
2.016000278410502,0.015738503028586332,-0.05512321660181563,0.4285714285714306,0.03418803418803407,1
2.0170002783997916,0.01620910873903913,-0.05512321660181563,0.4285714285714306,0.03418803418803407,1
2.0180002783890814,0.016679635419841618,-0.05512321660181563,0.4285714285714306,0.03418803418803407,1
2.019000278378371,0.017150078427085387,-0.05512321660181563,0.4285714285714306,0.03418803418803407,1
2.020000278367661,0.01762043311768824,-0.05512321660181563,0.4285714285714306,0.03418803418803407,1
2.0210002783569507,0.01809069484943924,-0.05512321660181563,0.4285714285714306,0.03418803418803407,1
2.0220002783462405,0.018560858981045036,-0.05512321660181563,0.4285714285714306,0.03418803418803407,1
2.0230002783355303,0.01903092087217558,-0.05512321660181563,0.4285714285714306,0.03418803418803407,1
2.02400027832482,0.019500875883509867,-0.05512321660181563,0.4285714285714306,0.03418803418803407,1
2.02500027831411,0.019970719376781763,-0.05512321660181563,0.4285714285714306,0.03418803418803407,1
2.0260002783033997,0.020440446714825776,-0.05512321660181563,0.4285714285714306,0.03418803418803407,1
2.0270002782926895,0.02091005326162281,-0.05512321660181563,0.4285714285714306,0.03418803418803407,1
2.0280002782819793,0.02137953438234594,-0.05512321660181563,0.4285714285714306,0.03418803418803407,1
2.029000278271269,0.021848885443406137,-0.05512321660181563,0.4285714285714306,0.03418803418803407,1
2.030000278260559,0.022318101812498013,-0.05512321660181563,0.4285714285714306,0.03418803418803407,1
2.0310002782498486,0.02278717885864554,-0.05512321660181563,0.4285714285714306,0.03418803418803407,1
2.0320002782391384,0.023256111952247742,-0.05512321660181563,0.4285714285714306,0.03418803418803407,1
2.033000278228428,0.023724896465124393,-0.05512321660181563,0.4285714285714306,0.03418803418803407,1
2.034000278217718,0.024193527770561586,-0.05512321660181563,0.4285714285714306,0.03418803418803407,1
2.035000278207008,0.02466200124335789,-0.05512321660181563,0.4285714285714306,0.03418803418803407,1
2.0360002781962976,0.025130312259869222,-0.05512321660181563,0.4285714285714306,0.03418803418803407,1
2.0370002781855874,0.025598456198055015,-0.05512321660181563,0.4285714285714306,0.03418803418803407,1
2.038000278174877,0.026066428437523697,-0.05512321660181563,0.4285714285714306,0.03418803418803407,1
2.039000278164167,0.02653422435957829,-0.05512321660181563,0.4285714285714306,0.03418803418803407,1
2.0400002781534567,0.027001839347261993,-0.05512321660181563,0.4285714285714306,0.03418803418803407,1
2.0410002781427465,0.027469268785403775,-0.05512321660181563,0.4285714285714306,0.03418803418803407,1
2.0420002781320363,0.027936508060663875,-0.05436026550698081,0.340659340659343,0.03418803418803407,1
2.043000278121326,0.028403552561579386,-0.05092698558022413,0.3846153846153868,0.06349206349206327,1
2.044000278110616,0.02887039767860973,-0.047112230106050035,0.4065934065934016,0.05372405372405353,1
2.0450002780999057,0.029337038804182175,-0.04329747463187594,0.4285714285714306,0.09279609279609247,1
2.0460002780891955,0.029803471332737308,-0.04100862134737149,0.4285714285714306,0.073260073260073,1
2.0470002780784853,0.03026969066077447,-0.03871976806286703,0.4065934065934016,0.073260073260073,1
2.048000278067775,0.03073569218689721,-0.03490501258869294,0.4725274725274744,0.09279609279609247,1
2.049000278057065,0.031201471311858704,-0.03376058594644071,0.4285714285714306,0.073260073260073,1
2.0500002780463547,0.03166702343860699,-0.029564354924849212,0.4505494505494454,0.004884004884004867,1
2.0510002780356444,0.0321323439723309,-0.018501564049744346,0.4285714285714306,0.1318681318681314,1
2.0520002780249342,0.03259742832050458,-0.013923857480735435,0.4945054945054892,0.11233211233211193,1
2.053000278014224,0.03306227189293337,-0.010872053101396162,0.4505494505494454,0.08302808302808273,1
2.054000278003514,0.03352687010179899,-0.005531395437552433,0.538461538461533,0.05372405372405353,1
2.0550002779928036,0.033991218361704774,-0.0040054932478827965,0.4285714285714306,0.024420024420024333,1
2.0560002779820934,0.034455312089720955,-0.0040054932478827965,0.4285714285714306,0.024420024420024333,1
2.057000277971383,0.03491914670542991,-0.0040054932478827965,0.4285714285714306,0.024420024420024333,1
2.058000277960673,0.035382717630971325,-0.0040054932478827965,0.4285714285714306,0.024420024420024333,1
2.0590002779499628,0.035846020291087424,-0.0040054932478827965,0.4285714285714306,0.024420024420024333,1
2.0600002779392526,0.03630905011316808,-0.0040054932478827965,0.4285714285714306,0.024420024420024333,1
2.0610002779285423,0.03677180252729599,-0.0040054932478827965,0.4285714285714306,0.024420024420024333,1
2.062000277917832,0.037234272966291754,-0.0040054932478827965,0.4285714285714306,0.024420024420024333,1
2.063000277907122,0.03769645686575892,-0.0040054932478827965,0.4285714285714306,0.024420024420024333,1
2.0640002778964117,0.0381583496641291,-0.0040054932478827965,0.4285714285714306,0.024420024420024333,1
2.0650002778857015,0.03861994680270683,-0.0040054932478827965,0.4285714285714306,0.024420024420024333,1
2.0660002778749913,0.03908124372571504,-0.0040054932478827965,0.4285714285714306,0.024420024420024333,1
2.067000277864281,0.03954223588033931,-0.0040054932478827965,0.4285714285714306,0.024420024420024333,1
2.068000277853571,0.040002918716773285,-0.0040054932478827965,0.4285714285714306,0.024420024420024333,1
2.0690002778428607,0.040463287688263454,-0.0040054932478827965,0.4285714285714306,0.024420024420024333,1
2.0700002778321505,0.04092333825115402,-0.0040054932478827965,0.4285714285714306,0.024420024420024333,1
2.0710002778214402,0.04138306586493175,-0.0040054932478827965,0.4285714285714306,0.024420024420024333,1
2.07200027781073,0.041842465992270796,-0.0040054932478827965,0.4285714285714306,0.024420024420024333,1
2.07300027780002,0.04230153409907747,-0.0040054932478827965,0.4285714285714306,0.024420024420024333,1
2.0740002777893096,0.04276026565453499,-0.0040054932478827965,0.4285714285714306,0.024420024420024333,1
2.0750002777785994,0.043218656131148184,-0.0040054932478827965,0.4285714285714306,0.024420024420024333,1
2.076000277767889,0.04367670100478822,-0.0040054932478827965,0.4285714285714306,0.024420024420024333,1
2.077000277757179,0.0441343957547372,-0.0040054932478827965,0.4285714285714306,0.024420024420024333,1
2.078000277746469,0.04459173586373283,-0.0040054932478827965,0.4285714285714306,0.024420024420024333,1
2.0790002777357586,0.04504871681801295,-0.0040054932478827965,0.4285714285714306,0.024420024420024333,1
2.0800002777250484,0.04550533410736015,-0.0040054932478827965,0.4285714285714306,0.024420024420024333,1
2.081000277714338,0.045961583225146076,-0.0040054932478827965,0.4285714285714306,0.024420024420024333,1
2.082000277703628,0.0464174596683765,-0.0040054932478827965,0.4285714285714306,0.024420024420024333,1
2.0830002776929177,0.04687295893773493,-0.0040054932478827965,0.4285714285714306,0.024420024420024333,1
2.0840002776822075,0.047328076537627564,-0.0040054932478827965,0.4285714285714306,0.024420024420024333,1
2.0850002776714973,0.04778280797622753,-0.0040054932478827965,0.4285714285714306,0.024420024420024333,1
2.086000277660787,0.04823714876551922,-0.0040054932478827965,0.4285714285714306,0.024420024420024333,1
2.087000277650077,0.04869109442134254,-0.0040054932478827965,0.4285714285714306,0.024420024420024333,1
2.0880002776393667,0.04914464046343725,-0.0040054932478827965,0.4285714285714306,0.024420024420024333,1
2.0890002776286565,0.049597782415487096,-0.0040054932478827965,0.4285714285714306,0.024420024420024333,1
2.0900002776179463,0.050050515805164064,-0.0040054932478827965,0.4285714285714306,0.024420024420024333,1
2.091000277607236,0.05050283616417246,-0.0040054932478827965,0.4285714285714306,0.024420024420024333,1
2.092000277596526,0.050954739028293054,-0.0040054932478827965,0.4285714285714306,0.024420024420024333,1
2.0930002775858156,0.051406219937427104,-0.0040054932478827965,0.4285714285714306,0.024420024420024333,1
2.0940002775751054,0.0518572744356404,-0.0040054932478827965,0.4285714285714306,0.024420024420024333,1
2.095000277564395,0.05230789807120725,-0.0040054932478827965,0.4285714285714306,0.024420024420024333,1
2.096000277553685,0.052758086396654254,-0.0040054932478827965,0.4285714285714306,0.024420024420024333,1
2.097000277542975,0.05320783496880473,-0.0040054932478827965,0.4285714285714306,0.024420024420024333,1
2.0980002775322646,0.05365713934882184,-0.0040054932478827965,0.4285714285714306,0.024420024420024333,1
2.0990002775215544,0.05410599510225281,-0.0040054932478827965,0.4285714285714306,0.024420024420024333,1
2.100000277510844,0.05455439779907267,-0.0040054932478827965,0.4285714285714306,0.024420024420024333,1
2.101000277500134,0.05500234301372793,-0.0040054932478827965,0.4285714285714306,0.024420024420024333,1
2.1020002774894238,0.055449826325180245,-0.0040054932478827965,0.4285714285714306,0.024420024420024333,1
2.1030002774787135,0.05589684331695009,-0.0040054932478827965,0.4285714285714306,0.024420024420024333,1
2.1040002774680033,0.05634338957716031,-0.0040054932478827965,0.4285714285714306,0.024420024420024333,1
2.105000277457293,0.056789460698579715,-0.0040054932478827965,0.4285714285714306,0.024420024420024333,1
2.106000277446583,0.057235052278666494,-0.0040054932478827965,0.4285714285714306,0.024420024420024333,1
2.1070002774358727,0.057680159919611736,-0.0040054932478827965,0.4285714285714306,0.024420024420024333,1
2.1080002774251625,0.05812477922838283,-0.0040054932478827965,0.4285714285714306,0.024420024420024333,1
2.1090002774144523,0.058568905816766784,-0.0040054932478827965,0.4285714285714306,0.024420024420024333,1
2.110000277403742,0.05901253530141357,-0.0040054932478827965,0.4285714285714306,0.024420024420024333,1
2.111000277393032,0.059455663303879365,-0.0040054932478827965,0.4285714285714306,0.024420024420024333,1
2.1120002773823217,0.05989828545066966,-0.0040054932478827965,0.4285714285714306,0.024420024420024333,1
2.1130002773716114,0.06034039737328289,-0.0040054932478827965,0.4285714285714306,0.024420024420024333,1
2.1140002773609012,0.06078199470825284,-0.0040054932478827965,0.4285714285714306,0.024420024420024333,1
2.115000277350191,0.061223073097192195,-0.0040054932478827965,0.4285714285714306,0.024420024420024333,1
2.116000277339481,0.06166362818683541,-0.0040054932478827965,0.4285714285714306,0.024420024420024333,1
2.1170002773287706,0.06210365562908172,-0.0040054932478827965,0.4285714285714306,0.024420024420024333,1
2.1180002773180604,0.06254315108103797,-0.0040054932478827965,0.4285714285714306,0.024420024420024333,1
2.11900027730735,0.06298211020506161,-0.0040054932478827965,0.4285714285714306,0.024420024420024333,1
2.12000027729664,0.0634205286688034,-0.0040054932478827965,0.4285714285714306,0.024420024420024333,1
2.1210002772859298,0.06385840214525015,-0.0040054932478827965,0.4285714285714306,0.024420024420024333,1
2.1220002772752196,0.06429572631276756,-0.0040054932478827965,0.4285714285714306,0.024420024420024333,1
2.1230002772645094,0.06473249685514273,-0.0040054932478827965,0.4285714285714306,0.024420024420024333,1
2.124000277253799,0.06516870946162681,-0.0040054932478827965,0.4285714285714306,0.024420024420024333,1
2.125000277243089,0.0656043598269776,-0.0040054932478827965,0.4285714285714306,0.024420024420024333,1
2.1260002772323787,0.06603944365150195,-0.0040054932478827965,0.4285714285714306,0.024420024420024333,1
2.1270002772216685,0.06647395664109815,-0.0040054932478827965,0.4285714285714306,0.024420024420024333,1
2.1280002772109583,0.06690789450729873,-0.0040054932478827965,0.4285714285714306,0.024420024420024333,1
2.129000277200248,0.06734125296731211,-0.0040054932478827965,0.4285714285714306,0.024420024420024333,1
2.130000277189538,0.06777402774406532,-0.0040054932478827965,0.4285714285714306,0.024420024420024333,1
2.1310002771788277,0.06820621456624616,-0.0040054932478827965,0.4285714285714306,0.024420024420024333,1
2.1320002771681175,0.06863780916834525,-0.0040054932478827965,0.4285714285714306,0.024420024420024333,1
2.1330002771574073,0.0690688072906982,-0.0040054932478827965,0.4285714285714306,0.024420024420024333,1
2.134000277146697,0.06949920467952764,-0.0040054932478827965,0.4285714285714306,0.024420024420024333,1
2.135000277135987,0.06992899708698516,-0.0040054932478827965,0.4285714285714306,0.024420024420024333,1
2.1360002771252766,0.07035818027119337,-0.0040054932478827965,0.4285714285714306,0.024420024420024333,1
2.1370002771145664,0.07078674999628752,-0.0040054932478827965,0.4285714285714306,0.024420024420024333,1
2.138000277103856,0.0712147020324576,-0.0040054932478827965,0.4285714285714306,0.024420024420024333,1
2.139000277093146,0.07164203215598984,-0.0040054932478827965,0.4285714285714306,0.024420024420024333,1
2.140000277082436,0.07206873614930853,-0.0040054932478827965,0.4285714285714306,0.024420024420024333,1
2.1410002770717256,0.07249480980101765,-0.0040054932478827965,0.4285714285714306,0.024420024420024333,1
2.1420002770610154,0.07292024890594231,-0.0040054932478827965,0.4285714285714306,0.024420024420024333,1
2.143000277050305,0.07334504926517031,-0.0040054932478827965,0.4285714285714306,0.024420024420024333,1
2.144000277039595,0.07376920668609391,-0.0040054932478827965,0.4285714285714306,0.024420024420024333,1
2.1450002770288847,0.07419271698245058,-0.0040054932478827965,0.4285714285714306,0.024420024420024333,1
2.1460002770181745,0.07461557597436477,-0.0040054932478827965,0.4285714285714306,0.024420024420024333,1
2.1470002770074643,0.07503777948838904,-0.0040054932478827965,0.4285714285714306,0.024420024420024333,1
2.148000276996754,0.07545932335754522,-0.0040054932478827965,0.4285714285714306,0.024420024420024333,1
2.149000276986044,0.07588020342136563,-0.0040054932478827965,0.4285714285714306,0.024420024420024333,1
2.1500002769753337,0.07630041552593401,-0.0040054932478827965,0.4285714285714306,0.024420024420024333,1
2.1510002769646235,0.07671995552392664,-0.0040054932478827965,0.4285714285714306,0.024420024420024333,1
2.1520002769539133,0.07713881927465321,-0.0040054932478827965,0.4285714285714306,0.024420024420024333,1
2.153000276943203,0.07755700264409769,-0.0040054932478827965,0.4285714285714306,0.024420024420024333,1
2.154000276932493,0.07797450150495912,-0.0040054932478827965,0.4285714285714306,0.024420024420024333,1
2.1550002769217826,0.0783913117366924,-0.0040054932478827965,0.4285714285714306,0.024420024420024333,1
2.1560002769110724,0.07880742922554891,-0.0040054932478827965,0.4285714285714306,0.024420024420024333,1
2.1570002769003622,0.0792228498646171,-0.0040054932478827965,0.4285714285714306,0.024420024420024333,1
2.158000276889652,0.07963756955386295,-0.0040054932478827965,0.4285714285714306,0.024420024420024333,1
2.159000276878942,0.08005158420017087,-0.0040054932478827965,0.4285714285714306,0.024420024420024333,1
2.1600002768682316,0.08046488971738344,-0.0040054932478827965,0.4285714285714306,0.024420024420024333,1
2.1610002768575214,0.08087748202634214,-0.0040054932478827965,0.4285714285714306,0.024420024420024333,1
2.162000276846811,0.08128935705492753,-0.000953688868543523,0.4065934065934016,0.06349206349206327,1
2.163000276836101,0.08170051073809943,0.003242542153047978,0.3626373626373578,0.18070818070818007,1
2.1640002768253908,0.08211093901793712,0.004386968795300206,0.4065934065934016,0.1904761904761898,1
2.1650002768146805,0.0825206378436792,0.006675822079804661,0.4725274725274744,0.1904761904761898,1
2.1660002768039703,0.08292960317176377,0.009346150911726525,0.4505494505494454,0.1318681318681314,1
2.16700027679326,0.08333783096586826,0.013160906385900617,0.4505494505494454,0.073260073260073,1
2.16800027678255,0.08374531719694919,0.015068284122987663,0.4945054945054892,0.06349206349206327,1
2.1690002767718397,0.0841520578432821,0.01621271076523989,0.4505494505494454,0.05372405372405353,1
2.1700002767611295,0.08455804889050107,0.019645990691996573,0.4945054945054892,0.05372405372405353,1
2.1710002767504193,0.08496328633163847,0.02193484397650103,0.4505494505494454,0.03418803418803407,1
2.172000276739709,0.08536776616716445,0.02536812390325771,0.3626373626373578,0.08302808302808273,1
2.173000276728999,0.0857714844050264,0.02651255054550994,0.4065934065934016,0.1318681318681314,1
2.1740002767182887,0.08617443706068827,0.02994583047226662,0.3626373626373578,0.18070818070818007,1
2.1750002767075785,0.08657662015717034,0.03490501258869294,0.4505494505494454,0.17094017094017033,1
2.1760002766968682,0.08697802972508782,0.037193865873197396,0.4725274725274744,0.12210012210012167,1
2.177000276686158,0.08737866180269037,0.041771572442206306,0.4725274725274744,0.0146520146520146,1
2.178000276675448,0.08777851243590122,0.04596780346379781,0.3626373626373578,0.11233211233211193,1
2.1790002766647376,0.08817757767835616,0.04787518120088485,0.4505494505494454,0.15140415140415087,1
2.1800002766540274,0.08857585359144242,0.04863813229571967,0.4505494505494454,0.15140415140415087,1
2.181000276643317,0.0889733362443376,0.051308461127641536,0.3846153846153868,0.15140415140415087,1
2.182000276632607,0.08937002171404847,0.051308461127641536,0.3846153846153868,0.15140415140415087,1
2.1830002766218968,0.08976590608544972,0.051308461127641536,0.3846153846153868,0.15140415140415087,1
2.1840002766111866,0.09016098545132246,0.051308461127641536,0.3846153846153868,0.15140415140415087,1
2.1850002766004764,0.09055525591239295,0.051308461127641536,0.3846153846153868,0.15140415140415087,1
2.186000276589766,0.09094871357737104,0.051308461127641536,0.3846153846153868,0.15140415140415087,1
2.187000276579056,0.09134135456298843,0.051308461127641536,0.3846153846153868,0.15140415140415087,1
2.1880002765683457,0.09173317499403723,0.051308461127641536,0.3846153846153868,0.15140415140415087,1
2.1890002765576355,0.09212417100340796,0.051308461127641536,0.3846153846153868,0.15140415140415087,1
2.1900002765469253,0.09251433873212811,0.051308461127641536,0.3846153846153868,0.15140415140415087,1
2.191000276536215,0.09290367432939974,0.051308461127641536,0.3846153846153868,0.15140415140415087,1
2.192000276525505,0.09329217395263774,0.051308461127641536,0.3846153846153868,0.15140415140415087,1
2.1930002765147947,0.09367983376750776,0.051308461127641536,0.3846153846153868,0.15140415140415087,1
2.1940002765040845,0.094066649947964,0.051308461127641536,0.3846153846153868,0.15140415140415087,1
2.1950002764933743,0.09445261867628703,0.051308461127641536,0.3846153846153868,0.15140415140415087,1
2.196000276482664,0.0948377361431214,0.051308461127641536,0.3846153846153868,0.15140415140415087,1
2.197000276471954,0.09522199854751327,0.051308461127641536,0.3846153846153868,0.15140415140415087,1
2.1980002764612436,0.09560540209694791,0.051308461127641536,0.3846153846153868,0.15140415140415087,1
2.1990002764505334,0.09598794300738715,0.051308461127641536,0.3846153846153868,0.15140415140415087,1
2.200000276439823,0.09636961750330676,0.051308461127641536,0.3846153846153868,0.15140415140415087,1
2.201000276429113,0.0967504218177336,0.051308461127641536,0.3846153846153868,0.15140415140415087,1
2.202000276418403,0.09713035219228291,0.051308461127641536,0.3846153846153868,0.15140415140415087,1
2.2030002764076926,0.09750940487719537,0.051308461127641536,0.3846153846153868,0.15140415140415087,1
2.2040002763969824,0.09788757613137408,0.051308461127641536,0.3846153846153868,0.15140415140415087,1
2.205000276386272,0.09826486222242141,0.051308461127641536,0.3846153846153868,0.15140415140415087,1
2.206000276375562,0.09864125942667624,0.051308461127641536,0.3846153846153868,0.15140415140415087,1
2.2070002763648517,0.09901676402925012,0.051308461127641536,0.3846153846153868,0.15140415140415087,1
2.2080002763541415,0.09939137232406428,0.051308461127641536,0.3846153846153868,0.15140415140415087,1
2.2090002763434313,0.09976508061388617,0.051308461127641536,0.3846153846153868,0.15140415140415087,1
2.210000276332721,0.10013788521036592,0.051308461127641536,0.3846153846153868,0.15140415140415087,1
2.211000276322011,0.10050978243407274,0.051308461127641536,0.3846153846153868,0.15140415140415087,1
2.2120002763113007,0.10088076861453128,0.051308461127641536,0.3846153846153868,0.15140415140415087,1
2.2130002763005905,0.10125084009025777,0.051308461127641536,0.3846153846153868,0.15140415140415087,1
2.2140002762898803,0.10161999320879621,0.051308461127641536,0.3846153846153868,0.15140415140415087,1
2.21500027627917,0.10198822432675446,0.051308461127641536,0.3846153846153868,0.15140415140415087,1
2.21600027626846,0.10235552980984011,0.051308461127641536,0.3846153846153868,0.15140415140415087,1
2.2170002762577496,0.10272190603289641,0.051308461127641536,0.3846153846153868,0.15140415140415087,1
2.2180002762470394,0.10308734937993803,0.051308461127641536,0.3846153846153868,0.15140415140415087,1
2.2190002762363292,0.10345185624418675,0.051308461127641536,0.3846153846153868,0.15140415140415087,1
2.220000276225619,0.10381542302810695,0.051308461127641536,0.3846153846153868,0.15140415140415087,1
2.221000276214909,0.10417804614344153,0.051308461127641536,0.3846153846153868,0.15140415140415087,1
2.2220002762041986,0.10453972201124671,0.051308461127641536,0.3846153846153868,0.15140415140415087,1
2.2230002761934884,0.10490044706192776,0.051308461127641536,0.3846153846153868,0.15140415140415087,1
2.224000276182778,0.10526021773527415,0.051308461127641536,0.3846153846153868,0.15140415140415087,1
2.225000276172068,0.10561903048049466,0.051308461127641536,0.3846153846153868,0.15140415140415087,1
2.2260002761613578,0.10597688175625242,0.051308461127641536,0.3846153846153868,0.15140415140415087,1
2.2270002761506476,0.10633376803069988,0.051308461127641536,0.3846153846153868,0.15140415140415087,1
2.2280002761399373,0.10668968578151368,0.051308461127641536,0.3846153846153868,0.15140415140415087,1
2.229000276129227,0.10704463149592935,0.051308461127641536,0.3846153846153868,0.15140415140415087,1
2.230000276118517,0.10739860167077611,0.051308461127641536,0.3846153846153868,0.15140415140415087,1
2.2310002761078067,0.10775159281251127,0.051308461127641536,0.3846153846153868,0.15140415140415087,1
2.2320002760970965,0.10810360143725488,0.051308461127641536,0.3846153846153868,0.15140415140415087,1
2.2330002760863863,0.10845462407082399,0.051308461127641536,0.3846153846153868,0.15140415140415087,1
2.234000276075676,0.10880465724876698,0.051308461127641536,0.3846153846153868,0.15140415140415087,1
2.235000276064966,0.10915369751639768,0.051308461127641536,0.3846153846153868,0.15140415140415087,1
2.2360002760542557,0.10950174142882983,0.051308461127641536,0.3846153846153868,0.15140415140415087,1
2.2370002760435455,0.10984878555101052,0.051308461127641536,0.3846153846153868,0.15140415140415087,1
2.2380002760328352,0.11019482645775441,0.051308461127641536,0.3846153846153868,0.15140415140415087,1
2.239000276022125,0.11053986073377756,0.051308461127641536,0.3846153846153868,0.15140415140415087,1
2.240000276011415,0.11088388497373101,0.051308461127641536,0.3846153846153868,0.15140415140415087,1
2.2410002760007046,0.11122689578223448,0.051308461127641536,0.3846153846153868,0.15140415140415087,1
2.2420002759899944,0.11156888977390986,0.051308461127641536,0.3846153846153868,0.15140415140415087,1
2.243000275979284,0.11190986357341456,0.051308461127641536,0.3846153846153868,0.15140415140415087,1
2.244000275968574,0.11224981381547493,0.051308461127641536,0.3846153846153868,0.15140415140415087,1
2.2450002759578638,0.11258873714491939,0.051308461127641536,0.3846153846153868,0.15140415140415087,1
2.2460002759471536,0.1129266302167116,0.051308461127641536,0.3846153846153868,0.15140415140415087,1
2.2470002759364434,0.11326348969598338,0.051308461127641536,0.3846153846153868,0.15140415140415087,1
2.248000275925733,0.11359931225806777,0.051308461127641536,0.3846153846153868,0.15140415140415087,1
2.249000275915023,0.11393409458853172,0.051308461127641536,0.3846153846153868,0.15140415140415087,1
2.2500002759043127,0.11426783338320885,0.051308461127641536,0.3846153846153868,0.15140415140415087,1
2.2510002758936025,0.114600525348232,0.051308461127641536,0.3846153846153868,0.15140415140415087,1
2.2520002758828923,0.11493216720006602,0.051308461127641536,0.3846153846153868,0.15140415140415087,1
2.253000275872182,0.11526275566553969,0.051308461127641536,0.3846153846153868,0.15140415140415087,1
2.254000275861472,0.1155922874818784,0.051308461127641536,0.3846153846153868,0.15140415140415087,1
2.2550002758507617,0.11592075939673625,0.051308461127641536,0.3846153846153868,0.15140415140415087,1
2.2560002758400515,0.11624816816822808,0.051308461127641536,0.3846153846153868,0.15140415140415087,1
2.2570002758293413,0.1165745105649616,0.051308461127641536,0.3846153846153868,0.15140415140415087,1
2.258000275818631,0.11689978336606915,0.051308461127641536,0.3846153846153868,0.15140415140415087,1
2.259000275807921,0.11722398336123958,0.051308461127641536,0.3846153846153868,0.15140415140415087,1
2.2600002757972106,0.1175471073507499,0.051308461127641536,0.3846153846153868,0.15140415140415087,1
2.2610002757865004,0.11786915214549681,0.051308461127641536,0.3846153846153868,0.15140415140415087,1
2.26200027577579,0.11819011456702834,0.051308461127641536,0.3846153846153868,0.15140415140415087,1
2.26300027576508,0.11850999144757497,0.051308461127641536,0.3846153846153868,0.15140415140415087,1
2.26400027575437,0.11882877963008114,0.051308461127641536,0.3846153846153868,0.15140415140415087,1
2.2650002757436596,0.11914647596823622,0.051308461127641536,0.3846153846153868,0.15140415140415087,1
2.2660002757329494,0.11946307732650562,0.051308461127641536,0.3846153846153868,0.15140415140415087,1
2.267000275722239,0.11977858058016196,0.051308461127641536,0.3846153846153868,0.15140415140415087,1
2.268000275711529,0.12009298261531552,0.051308461127641536,0.3846153846153868,0.15140415140415087,1
2.2690002757008187,0.12040628032894521,0.051308461127641536,0.3846153846153868,0.15140415140415087,1
2.2700002756901085,0.12071847062892908,0.051308461127641536,0.3846153846153868,0.15140415140415087,1
2.2710002756793983,0.12102955043407505,0.051308461127641536,0.3846153846153868,0.15140415140415087,1
2.272000275668688,0.12133951667415105,0.051308461127641536,0.3846153846153868,0.15140415140415087,1
2.273000275657978,0.12164836628991552,0.051308461127641536,0.3846153846153868,0.15140415140415087,1
2.2740002756472677,0.12195609623314749,0.051308461127641536,0.3846153846153868,0.15140415140415087,1
2.2750002756365575,0.12226270346667673,0.051308461127641536,0.3846153846153868,0.15140415140415087,1
2.2760002756258473,0.12256818496441367,0.051308461127641536,0.3846153846153868,0.15140415140415087,1
2.277000275615137,0.12287253771137935,0.051308461127641536,0.3846153846153868,0.15140415140415087,1
2.278000275604427,0.1231757587037351,0.051308461127641536,0.3846153846153868,0.15140415140415087,1
2.2790002755937167,0.12347784494881214,0.051308461127641536,0.3846153846153868,0.15140415140415087,1
2.2800002755830064,0.12377879346514134,0.051308461127641536,0.3846153846153868,0.15140415140415087,1
2.2810002755722962,0.12407860128248234,0.051308461127641536,0.3846153846153868,0.15140415140415087,1
2.282000275561586,0.12437726544185304,0.051308461127641536,0.3846153846153868,0.15140415140415087,1
2.283000275550876,0.12467478299555897,0.051308461127641536,0.3846153846153868,0.15140415140415087,1
2.2840002755401656,0.12497115100722198,0.051308461127641536,0.3846153846153868,0.15140415140415087,1
2.2850002755294554,0.12526636655180948,0.051308461127641536,0.3846153846153868,0.15140415140415087,1
2.286000275518745,0.1255604267156633,0.051308461127641536,0.3846153846153868,0.15140415140415087,1
2.287000275508035,0.12585332859652848,0.051308461127641536,0.3846153846153868,0.15140415140415087,1
2.2880002754973248,0.12614506930358163,0.051308461127641536,0.3846153846153868,0.15140415140415087,1
2.2890002754866146,0.1264356459574599,0.051308461127641536,0.3846153846153868,0.15140415140415087,1
2.2900002754759043,0.12672505569028908,0.051308461127641536,0.3846153846153868,0.15140415140415087,1
2.291000275465194,0.127013295645712,0.051308461127641536,0.3846153846153868,0.15140415140415087,1
2.292000275454484,0.1273003629789167,0.051308461127641536,0.3846153846153868,0.15140415140415087,1
2.2930002754437737,0.1275862548566646,0.051308461127641536,0.3846153846153868,0.15140415140415087,1
2.2940002754330635,0.12787096845731832,0.051308461127641536,0.3846153846153868,0.15140415140415087,1
2.2950002754223533,0.12815450097086967,0.051308461127641536,0.3846153846153868,0.15140415140415087,1
2.296000275411643,0.12843684959896717,0.05245288776989376,0.3626373626373578,0.17094017094017033,1
2.297000275400933,0.12871801155494395,0.05359731441214599,0.3626373626373578,0.17094017094017033,1
2.2980002753902227,0.12899798406384516,0.05741206988632008,0.4065934065934016,0.21001221001220927,1
2.2990002753795125,0.12927676436245517,0.06313420309758122,0.3626373626373578,0.1611721611721606,1
2.3000002753688022,0.129554349699325,0.06809338521400754,0.4505494505494454,0.14163614163614113,1
2.301000275358092,0.12983073733479952,0.07000076295109459,0.4065934065934016,0.14163614163614113,1
2.302000275347382,0.13010592454104444,0.07152666514076422,0.3626373626373578,0.12210012210012167,1
2.3030002753366716,0.13037990860207316,0.07534142061493831,0.340659340659343,0.1318681318681314,1
2.3040002753259614,0.13065268681377368,0.07801174944686018,0.3626373626373578,0.15140415140415087,1
2.305000275315251,0.13092425648393524,0.08030060273136463,0.340659340659343,0.17094017094017033,1
2.306000275304541,0.13119461493227486,0.08678568703746059,0.4065934065934016,0.1318681318681314,1
2.307000275293831,0.1314637594904639,0.09021896696421727,0.340659340659343,0.1611721611721606,1
2.3080002752831206,0.13173168750215425,0.09365224689097396,0.4065934065934016,0.1611721611721606,1
2.3090002752724104,0.1319983963230047,0.09594110017547841,0.2967032967032992,0.12210012210012167,1
2.3100002752617,0.13226388332070682,0.0993743801022351,0.2967032967032992,0.14163614163614113,1
2.31100027525099,0.13252814587501133,0.10013733119706991,0.318681318681314,0.14163614163614113,1
2.3120002752402797,0.13279118137775342,0.10166323338673955,0.3846153846153868,0.1611721611721606,1
2.3130002752295695,0.13305298723287898,0.10166323338673955,0.3846153846153868,0.1611721611721606,1
2.3140002752188593,0.13331356085647,0.10166323338673955,0.3846153846153868,0.1611721611721606,1
2.315000275208149,0.13357289967677008,0.10166323338673955,0.3846153846153868,0.1611721611721606,1
2.316000275197439,0.1338310011342098,0.10166323338673955,0.3846153846153868,0.1611721611721606,1
2.3170002751867287,0.13408786268143197,0.10166323338673955,0.3846153846153868,0.1611721611721606,1
2.3180002751760185,0.13434348178331695,0.10166323338673955,0.3846153846153868,0.1611721611721606,1
2.3190002751653083,0.1345978559170074,0.10166323338673955,0.3846153846153868,0.1611721611721606,1
2.320000275154598,0.13485098257193343,0.10166323338673955,0.3846153846153868,0.1611721611721606,1
2.321000275143888,0.13510285924983712,0.10166323338673955,0.3846153846153868,0.1611721611721606,1
2.3220002751331776,0.13535348346479745,0.10166323338673955,0.3846153846153868,0.1611721611721606,1
2.3230002751224674,0.13560285274325468,0.10166323338673955,0.3846153846153868,0.1611721611721606,1
2.324000275111757,0.13585096462403468,0.10166323338673955,0.3846153846153868,0.1611721611721606,1
2.325000275101047,0.13609781665837348,0.10166323338673955,0.3846153846153868,0.1611721611721606,1
2.326000275090337,0.13634340640994116,0.10166323338673955,0.3846153846153868,0.1611721611721606,1
2.3270002750796266,0.13658773145486613,0.10166323338673955,0.3846153846153868,0.1611721611721606,1
2.3280002750689164,0.13683078938175874,0.10166323338673955,0.3846153846153868,0.1611721611721606,1
2.329000275058206,0.13707257779173565,0.10166323338673955,0.3846153846153868,0.1611721611721606,1
2.330000275047496,0.1373130942984428,0.10166323338673955,0.3846153846153868,0.1611721611721606,1
2.3310002750367858,0.13755233652807938,0.10166323338673955,0.3846153846153868,0.1611721611721606,1
2.3320002750260755,0.1377903021194213,0.10166323338673955,0.3846153846153868,0.1611721611721606,1
2.3330002750153653,0.13802698872384428,0.10166323338673955,0.3846153846153868,0.1611721611721606,1
2.334000275004655,0.1382623940053471,0.10166323338673955,0.3846153846153868,0.1611721611721606,1
2.335000274993945,0.13849651564057475,0.10166323338673955,0.3846153846153868,0.1611721611721606,1
2.3360002749832347,0.13872935131884126,0.10166323338673955,0.3846153846153868,0.1611721611721606,1
2.3370002749725245,0.1389608987421525,0.10166323338673955,0.3846153846153868,0.1611721611721606,1
2.3380002749618143,0.13919115562522894,0.10166323338673955,0.3846153846153868,0.1611721611721606,1
2.339000274951104,0.1394201196955282,0.10166323338673955,0.3846153846153868,0.1611721611721606,1
2.340000274940394,0.13964778869326733,0.10166323338673955,0.3846153846153868,0.1611721611721606,1
2.3410002749296837,0.13987416037144532,0.10166323338673955,0.3846153846153868,0.1611721611721606,1
2.3420002749189734,0.14009923249586514,0.10166323338673955,0.3846153846153868,0.1611721611721606,1
2.3430002749082632,0.1403230028451558,0.10166323338673955,0.3846153846153868,0.1611721611721606,1
2.344000274897553,0.14054546921079433,0.10166323338673955,0.3846153846153868,0.1611721611721606,1
2.345000274886843,0.14076662939712767,0.10166323338673955,0.3846153846153868,0.1611721611721606,1
2.3460002748761326,0.14098648122139404,0.10166323338673955,0.3846153846153868,0.1611721611721606,1
2.3470002748654224,0.14120502251374473,0.10166323338673955,0.3846153846153868,0.1611721611721606,1
2.348000274854712,0.14142225111726547,0.10166323338673955,0.3846153846153868,0.1611721611721606,1
2.349000274844002,0.1416381648879977,0.10166323338673955,0.3846153846153868,0.1611721611721606,1
2.3500002748332918,0.14185276169495967,0.10166323338673955,0.3846153846153868,0.1611721611721606,1
2.3510002748225816,0.14206603942016766,0.10166323338673955,0.3846153846153868,0.1611721611721606,1
2.3520002748118713,0.1422779959586566,0.10166323338673955,0.3846153846153868,0.1611721611721606,1
2.353000274801161,0.14248862921850108,0.10166323338673955,0.3846153846153868,0.1611721611721606,1
2.354000274790451,0.14269793712083595,0.10166323338673955,0.3846153846153868,0.1611721611721606,1
2.3550002747797407,0.1429059175998767,0.10166323338673955,0.3846153846153868,0.1611721611721606,1
2.3560002747690305,0.14311256860294005,0.10166323338673955,0.3846153846153868,0.1611721611721606,1
2.3570002747583203,0.14331788809046409,0.10166323338673955,0.3846153846153868,0.1611721611721606,1
2.35800027474761,0.14352187403602834,0.10166323338673955,0.3846153846153868,0.1611721611721606,1
2.3590002747369,0.14372452442637393,0.10166323338673955,0.3846153846153868,0.1611721611721606,1
2.3600002747261897,0.14392583726142344,0.10166323338673955,0.3846153846153868,0.1611721611721606,1
2.3610002747154795,0.14412581055430046,0.10166323338673955,0.3846153846153868,0.1611721611721606,1
2.3620002747047693,0.14432444233134933,0.10166323338673955,0.3846153846153868,0.1611721611721606,1
2.363000274694059,0.1445217306321547,0.10166323338673955,0.3846153846153868,0.1611721611721606,1
2.364000274683349,0.1447176735095607,0.10166323338673955,0.3846153846153868,0.1611721611721606,1
2.3650002746726386,0.14491226902969026,0.10166323338673955,0.3846153846153868,0.1611721611721606,1
2.3660002746619284,0.14510551527196422,0.10166323338673955,0.3846153846153868,0.1611721611721606,1
2.367000274651218,0.14529741032912025,0.10166323338673955,0.3846153846153868,0.1611721611721606,1
2.368000274640508,0.1454879523072316,0.10166323338673955,0.3846153846153868,0.1611721611721606,1
2.369000274629798,0.14567713932572596,0.10166323338673955,0.3846153846153868,0.1611721611721606,1
2.3700002746190876,0.14586496951740383,0.10166323338673955,0.3846153846153868,0.1611721611721606,1
2.3710002746083774,0.1460514410284571,0.10166323338673955,0.3846153846153868,0.1611721611721606,1
2.372000274597667,0.1462365520184873,0.10166323338673955,0.3846153846153868,0.1611721611721606,1
2.373000274586957,0.1464203006605237,0.10166323338673955,0.3846153846153868,0.1611721611721606,1
2.3740002745762467,0.14660268514104144,0.10166323338673955,0.3846153846153868,0.1611721611721606,1
2.3750002745655365,0.1467837036599793,0.10166323338673955,0.3846153846153868,0.1611721611721606,1
2.3760002745548263,0.14696335443075778,0.10166323338673955,0.3846153846153868,0.1611721611721606,1
2.377000274544116,0.1471416356802962,0.10166323338673955,0.3846153846153868,0.1611721611721606,1
2.378000274533406,0.14731854564903069,0.10166323338673955,0.3846153846153868,0.1611721611721606,1
2.3790002745226957,0.1474940825909313,0.10166323338673955,0.3846153846153868,0.1611721611721606,1
2.3800002745119855,0.14766824477351934,0.10166323338673955,0.3846153846153868,0.1611721611721606,1
2.3810002745012753,0.14784103047788438,0.10166323338673955,0.3846153846153868,0.1611721611721606,1
2.382000274490565,0.14801243799870137,0.10166323338673955,0.3846153846153868,0.1611721611721606,1
2.383000274479855,0.14818246564424725,0.10166323338673955,0.3846153846153868,0.1611721611721606,1
2.3840002744691446,0.14835111173641788,0.10166323338673955,0.3846153846153868,0.1611721611721606,1
2.3850002744584344,0.1485183746107444,0.10166323338673955,0.3846153846153868,0.1611721611721606,1
2.3860002744477242,0.14868425261640988,0.10166323338673955,0.3846153846153868,0.1611721611721606,1
2.387000274437014,0.14884874411626536,0.10166323338673955,0.3846153846153868,0.1611721611721606,1
2.388000274426304,0.14901184748684618,0.10166323338673955,0.3846153846153868,0.1611721611721606,1
2.3890002744155936,0.14917356111838795,0.10166323338673955,0.3846153846153868,0.1611721611721606,1
2.3900002744048834,0.14933388341484244,0.10166323338673955,0.3846153846153868,0.1611721611721606,1
2.391000274394173,0.1494928127938934,0.10166323338673955,0.3846153846153868,0.1611721611721606,1
2.392000274383463,0.14965034768697197,0.10166323338673955,0.3846153846153868,0.1611721611721606,1
2.3930002743727528,0.14980648653927248,0.10166323338673955,0.3846153846153868,0.1611721611721606,1
2.3940002743620425,0.14996122780976745,0.10166323338673955,0.3846153846153868,0.1611721611721606,1
2.3950002743513323,0.1501145699712231,0.10166323338673955,0.3846153846153868,0.1611721611721606,1
2.396000274340622,0.1502665115102142,0.10166323338673955,0.3846153846153868,0.1611721611721606,1
2.397000274329912,0.15041705092713914,0.10166323338673955,0.3846153846153868,0.1611721611721606,1
2.3980002743192017,0.15056618673623468,0.10166323338673955,0.3846153846153868,0.1611721611721606,1
2.3990002743084915,0.15071391746559062,0.10166323338673955,0.3846153846153868,0.1611721611721606,1
2.4000002742977813,0.15086024165716436,0.10166323338673955,0.3846153846153868,0.1611721611721606,1
2.401000274287071,0.1510051578667952,0.10166323338673955,0.3846153846153868,0.1611721611721606,1
2.402000274276361,0.15114866466421872,0.10166323338673955,0.3846153846153868,0.1611721611721606,1
2.4030002742656507,0.15129076063308078,0.10166323338673955,0.3846153846153868,0.1611721611721606,1
2.4040002742549405,0.15143144437095155,0.10166323338673955,0.3846153846153868,0.1611721611721606,1
2.4050002742442302,0.15157071448933937,0.10166323338673955,0.3846153846153868,0.1611721611721606,1
2.40600027423352,0.1517085696137044,0.10166323338673955,0.3846153846153868,0.1611721611721606,1
2.40700027422281,0.15184500838347234,0.10166323338673955,0.3846153846153868,0.1611721611721606,1
2.4080002742120996,0.15198002945204755,0.10166323338673955,0.3846153846153868,0.1611721611721606,1
2.4090002742013894,0.1521136314868267,0.10166323338673955,0.3846153846153868,0.1611721611721606,1
2.410000274190679,0.15224581316921157,0.10166323338673955,0.3846153846153868,0.1611721611721606,1
2.411000274179969,0.15237657319462244,0.10166323338673955,0.3846153846153868,0.1611721611721606,1
2.4120002741692588,0.15250591027251065,0.10166323338673955,0.3846153846153868,0.1611721611721606,1
2.4130002741585486,0.15263382312637144,0.10166323338673955,0.3846153846153868,0.1611721611721606,1
2.4140002741478384,0.15276031049375666,0.10166323338673955,0.3846153846153868,0.1611721611721606,1
2.415000274137128,0.15288537112628706,0.10166323338673955,0.3846153846153868,0.1611721611721606,1
2.416000274126418,0.15300900378966473,0.10166323338673955,0.3846153846153868,0.1611721611721606,1
2.4170002741157077,0.1531312072636852,0.10318913557640919,0.2307692307692264,0.18070818070818007,1
2.4180002741049975,0.15325198034224957,0.103952086671244,0.2527472527472554,0.1904761904761898,1
2.4190002740942873,0.15337132183337632,0.10967421988250514,0.340659340659343,0.18070818070818007,1
2.420000274083577,0.15348923055921315,0.1119630731670096,0.2307692307692264,0.1904761904761898,1
2.421000274072867,0.1536057053560485,0.11425192645151405,0.2307692307692264,0.21001221001220927,1
2.4220002740621567,0.15372074507432332,0.11654077973601851,0.2967032967032992,0.17094017094017033,1
2.4230002740514465,0.1538343485786419,0.11959258411535778,0.2087912087912116,0.1904761904761898,1
2.4240002740407363,0.15394651474778362,0.12226291294727964,0.2307692307692264,0.18070818070818007,1
2.425000274030026,0.1540572424747137,0.1245517662317841,0.2307692307692264,0.1904761904761898,1
2.426000274019316,0.15416653066659416,0.12722209506370596,0.1428571428571388,0.18070818070818007,1
2.4270002740086056,0.15427437824479476,0.1287479972533756,0.1868131868131826,0.23931623931623847,1
2.4280002739978954,0.1543807841449034,0.13103685053788006,0.2527472527472554,0.20024420024419953,1
2.429000273987185,0.15448574731673684,0.13103685053788006,0.0769230769230802,0.21001221001220927,1
2.430000273976475,0.15458926672435097,0.13103685053788006,0.0769230769230802,0.21001221001220927,1
2.431000273965765,0.15469134134605106,0.13103685053788006,0.0769230769230802,0.21001221001220927,1
2.4320002739550546,0.15479197017440183,0.13103685053788006,0.0769230769230802,0.21001221001220927,1
2.4330002739443444,0.1548911522162374,0.13103685053788006,0.0769230769230802,0.21001221001220927,1
2.434000273933634,0.15498888649267106,0.13103685053788006,0.0769230769230802,0.21001221001220927,1
2.435000273922924,0.15508517203910496,0.13103685053788006,0.0769230769230802,0.21001221001220927,1
2.4360002739122137,0.1551800079052397,0.13103685053788006,0.0769230769230802,0.21001221001220927,1
2.4370002739015035,0.1552733931550835,0.13103685053788006,0.0769230769230802,0.21001221001220927,1
2.4380002738907933,0.1553653268669618,0.13103685053788006,0.0769230769230802,0.21001221001220927,1
2.439000273880083,0.1554558081335259,0.13103685053788006,0.0769230769230802,0.21001221001220927,1
2.440000273869373,0.15554483606176228,0.13103685053788006,0.0769230769230802,0.21001221001220927,1
2.4410002738586627,0.15563240977300125,0.13103685053788006,0.0769230769230802,0.21001221001220927,1
2.4420002738479525,0.1557185284029256,0.13103685053788006,0.0769230769230802,0.21001221001220927,1
2.4430002738372423,0.15580319110157934,0.13103685053788006,0.0769230769230802,0.21001221001220927,1
2.444000273826532,0.15588639703337576,0.13103685053788006,0.0769230769230802,0.21001221001220927,1
2.445000273815822,0.1559681453771059,0.13103685053788006,0.0769230769230802,0.21001221001220927,1
2.4460002738051116,0.1560484353259467,0.13103685053788006,0.0769230769230802,0.21001221001220927,1
2.4470002737944014,0.15612726608746874,0.13103685053788006,0.0769230769230802,0.21001221001220927,1
2.4480002737836912,0.15620463688364428,0.13103685053788006,0.0769230769230802,0.21001221001220927,1
2.449000273772981,0.1562805469508548,0.13103685053788006,0.0769230769230802,0.21001221001220927,1
2.450000273762271,0.1563549955398986,0.13103685053788006,0.0769230769230802,0.21001221001220927,1
2.4510002737515606,0.15642798191599816,0.13103685053788006,0.0769230769230802,0.21001221001220927,1
2.4520002737408504,0.15649950535880744,0.13103685053788006,0.0769230769230802,0.21001221001220927,1
2.45300027373014,0.156569565162419,0.13103685053788006,0.0769230769230802,0.21001221001220927,1
2.45400027371943,0.15663816063537078,0.13103685053788006,0.0769230769230802,0.21001221001220927,1
2.4550002737087198,0.15670529110065326,0.13103685053788006,0.0769230769230802,0.21001221001220927,1
2.4560002736980096,0.15677095589571582,0.13103685053788006,0.0769230769230802,0.21001221001220927,1
2.4570002736872993,0.15683515437247347,0.13103685053788006,0.0769230769230802,0.21001221001220927,1
2.458000273676589,0.15689788589731316,0.13103685053788006,0.0769230769230802,0.21001221001220927,1
2.459000273665879,0.15695914985110007,0.13103685053788006,0.0769230769230802,0.21001221001220927,1
2.4600002736551687,0.15701894562918375,0.13103685053788006,0.0769230769230802,0.21001221001220927,1
2.4610002736444585,0.15707727264140406,0.13103685053788006,0.0769230769230802,0.21001221001220927,1
2.4620002736337483,0.15713413031209686,0.13103685053788006,0.0769230769230802,0.21001221001220927,1
2.463000273623038,0.15718951808009995,0.13103685053788006,0.0769230769230802,0.21001221001220927,1
2.464000273612328,0.15724343539875846,0.13103685053788006,0.0769230769230802,0.21001221001220927,1
2.4650002736016177,0.15729588173593018,0.13103685053788006,0.0769230769230802,0.21001221001220927,1
2.4660002735909075,0.15734685657399097,0.13103685053788006,0.0769230769230802,0.21001221001220927,1
2.4670002735801972,0.1573963594098398,0.13103685053788006,0.0769230769230802,0.21001221001220927,1
2.468000273569487,0.15744438975490357,0.13103685053788006,0.0769230769230802,0.21001221001220927,1
2.469000273558777,0.15749094713514233,0.13103685053788006,0.0769230769230802,0.21001221001220927,1
2.4700002735480666,0.15753603109105344,0.13103685053788006,0.0769230769230802,0.21001221001220927,1
2.4710002735373564,0.15757964117767648,0.13103685053788006,0.0769230769230802,0.21001221001220927,1
2.472000273526646,0.15762177696459756,0.13103685053788006,0.0769230769230802,0.21001221001220927,1
2.473000273515936,0.1576624380359534,0.13103685053788006,0.0769230769230802,0.21001221001220927,1
2.4740002735052258,0.15770162399043572,0.13103685053788006,0.0769230769230802,0.21001221001220927,1
2.4750002734945156,0.15773933444129495,0.13103685053788006,0.0769230769230802,0.21001221001220927,1
2.4760002734838054,0.15777556901634415,0.13103685053788006,0.0769230769230802,0.21001221001220927,1
2.477000273473095,0.15781032735796274,0.13103685053788006,0.0769230769230802,0.21001221001220927,1
2.478000273462385,0.15784360912309991,0.13103685053788006,0.0769230769230802,0.21001221001220927,1
2.4790002734516747,0.1578754139832781,0.13103685053788006,0.0769230769230802,0.21001221001220927,1
2.4800002734409645,0.15790574162459617,0.13103685053788006,0.0769230769230802,0.21001221001220927,1
2.4810002734302543,0.15793459174773253,0.13103685053788006,0.0769230769230802,0.21001221001220927,1
2.482000273419544,0.15796196406794813,0.13103685053788006,0.0769230769230802,0.21001221001220927,1
2.483000273408834,0.15798785831508924,0.13103685053788006,0.0769230769230802,0.21001221001220927,1
2.4840002733981237,0.1580122742335901,0.13103685053788006,0.0769230769230802,0.21001221001220927,1
2.4850002733874135,0.15803521158247547,0.13103685053788006,0.0769230769230802,0.21001221001220927,1
2.4860002733767033,0.15805667013536295,0.13103685053788006,0.0769230769230802,0.21001221001220927,1
2.487000273365993,0.1580766496804653,0.13103685053788006,0.0769230769230802,0.21001221001220927,1
2.488000273355283,0.1580951500205925,0.13103685053788006,0.0769230769230802,0.21001221001220927,1
2.4890002733445726,0.15811217097315364,0.13103685053788006,0.0769230769230802,0.21001221001220927,1
2.4900002733338624,0.1581277123701588,0.13103685053788006,0.0769230769230802,0.21001221001220927,1
2.491000273323152,0.15814177405822066,0.13103685053788006,0.0769230769230802,0.21001221001220927,1
2.492000273312442,0.15815435589855606,0.13103685053788006,0.0769230769230802,0.21001221001220927,1
2.493000273301732,0.15816545776698732,0.13103685053788006,0.0769230769230802,0.21001221001220927,1
2.4940002732910216,0.15817507955394347,0.13103685053788006,0.0769230769230802,0.21001221001220927,1
2.4950002732803114,0.15818322116446135,0.13103685053788006,0.0769230769230802,0.21001221001220927,1
2.496000273269601,0.15818988251818655,0.13103685053788006,0.0769230769230802,0.21001221001220927,1
2.497000273258891,0.15819506354937424,0.13103685053788006,0.0769230769230802,0.21001221001220927,1
2.4980002732481807,0.1581987642068897,0.13103685053788006,0.0769230769230802,0.21001221001220927,1
2.4990002732374705,0.15820098445420894,0.13103685053788006,0.0769230769230802,0.21001221001220927,1
2.5000002732267603,0.15820172426941903,0.13103685053788006,0.0769230769230802,0.21001221001220927,1
2.50100027321605,0.15820098364521828,0.13103685053788006,0.0769230769230802,0.21001221001220927,1
2.50200027320534,0.15819876258891635,0.13103685053788006,0.0769230769230802,0.21001221001220927,1
2.5030002731946297,0.15819506112243417,0.13103685053788006,0.0769230769230802,0.21001221001220927,1
2.5040002731839195,0.1581898792823037,0.13103685053788006,0.0769230769230802,0.21001221001220927,1
2.5050002731732093,0.15818321711966768,0.13103685053788006,0.0769230769230802,0.21001221001220927,1
2.506000273162499,0.1581750747002789,0.13103685053788006,0.0769230769230802,0.21001221001220927,1
2.507000273151789,0.15816545210449973,0.13103685053788006,0.0769230769230802,0.21001221001220927,1
2.5080002731410787,0.15815434942730136,0.13103685053788006,0.0769230769230802,0.21001221001220927,1
2.5090002731303684,0.1581417667782627,0.13103685053788006,0.0769230769230802,0.21001221001220927,1
2.5100002731196582,0.15812770428156944,0.13103685053788006,0.0769230769230802,0.21001221001220927,1
2.511000273108948,0.1581121620760127,0.13103685053788006,0.0769230769230802,0.21001221001220927,1
2.512000273098238,0.1580951403149878,0.13103685053788006,0.0769230769230802,0.21001221001220927,1
2.5130002730875276,0.15807663916649267,0.13103685053788006,0.0769230769230802,0.21001221001220927,1
2.5140002730768174,0.1580566588131261,0.13103685053788006,0.0769230769230802,0.21001221001220927,1
2.515000273066107,0.1580351994520862,0.13103685053788006,0.0769230769230802,0.21001221001220927,1
2.516000273055397,0.1580122612951681,0.13103685053788006,0.0769230769230802,0.21001221001220927,1
2.5170002730446868,0.1579878445687622,0.13103685053788006,0.0769230769230802,0.21001221001220927,1
2.5180002730339766,0.15796194951385173,0.13103685053788006,0.0769230769230802,0.21001221001220927,1
2.5190002730232663,0.1579345763860104,0.13103685053788006,0.0769230769230802,0.21001221001220927,1
2.520000273012556,0.15790572545539994,0.13103685053788006,0.0769230769230802,0.21001221001220927,1
2.521000273001846,0.15787539700676734,0.13103685053788006,0.0769230769230802,0.21001221001220927,1
2.5220002729911357,0.1578435913394422,0.13103685053788006,0.0769230769230802,0.21001221001220927,1
2.5230002729804255,0.15781030876733357,0.13103685053788006,0.0769230769230802,0.21001221001220927,1
2.5240002729697153,0.157775549618927,0.13103685053788006,0.0769230769230802,0.21001221001220927,1
2.525000272959005,0.15773931423728127,0.13103685053788006,0.0769230769230802,0.21001221001220927,1
2.526000272948295,0.15770160298002492,0.13103685053788006,0.0769230769230802,0.21001221001220927,1
2.5270002729375847,0.15766241621935287,0.13103685053788006,0.0769230769230802,0.21001221001220927,1
2.5280002729268745,0.15762175434202255,0.13103685053788006,0.0769230769230802,0.21001221001220927,1
2.5290002729161642,0.15757961774935036,0.13103685053788006,0.0769230769230802,0.21001221001220927,1
2.530000272905454,0.15753600685720737,0.13103685053788006,0.0769230769230802,0.21001221001220927,1
2.531000272894744,0.1574909220960155,0.13103685053788006,0.0769230769230802,0.21001221001220927,1
2.5320002728840336,0.15744436391074315,0.13103685053788006,0.0769230769230802,0.21001221001220927,1
2.5330002728733234,0.15739633276090076,0.13103685053788006,0.0769230769230802,0.21001221001220927,1
2.534000272862613,0.1573468291205364,0.13103685053788006,0.0769230769230802,0.21001221001220927,1
2.535000272851903,0.15729585347823102,0.13103685053788006,0.0769230769230802,0.21001221001220927,1
2.536000272841193,0.1572434063370936,0.13103685053788006,0.0769230769230802,0.21001221001220927,1
2.5370002728304826,0.15718948821475626,0.13103685053788006,0.0769230769230802,0.21001221001220927,1
2.5380002728197724,0.15713409964336905,0.13103685053788006,0.0769230769230802,0.21001221001220927,1
2.539000272809062,0.15707724116959482,0.13103685053788006,0.0769230769230802,0.21001221001220927,1
2.540000272798352,0.15701891335460375,0.13103685053788006,0.0769230769230802,0.21001221001220927,1
2.5410002727876417,0.15695911677406776,0.13103685053788006,0.0769230769230802,0.21001221001220927,1
2.5420002727769315,0.15689785201815504,0.13103685053788006,0.0769230769230802,0.21001221001220927,1
2.5430002727662213,0.1568351196915239,0.13103685053788006,0.0769230769230802,0.21001221001220927,1
2.544000272755511,0.1567709204133171,0.13103685053788006,0.0769230769230802,0.21001221001220927,1
2.545000272744801,0.1567052548171556,0.13103685053788006,0.0769230769230802,0.21001221001220927,1
2.5460002727340907,0.15663812355113227,0.13103685053788006,0.010989010989007397,0.29792429792429687,1
2.5470002727233805,0.15656952727780563,0.13218127718013228,0.1428571428571388,0.32722832722832607,1
2.5480002727126703,0.15649946667419315,0.13523308155947156,0.120879120879124,0.18070818070818007,1
2.54900027270196,0.1564279424317647,0.13523308155947156,0.0769230769230802,0.18070818070818007,1
2.55000027269125,0.1563549552564357,0.13637750820172378,0.1648351648351678,0.23931623931623847,1
2.5510002726805396,0.15628050586856002,0.13790341039139342,0.0549450549450512,0.22954822954822873,1
2.5520002726698294,0.1562045950029231,0.13942931258106306,0.120879120879124,0.2490842490842482,1
2.553000272659119,0.15612722340873456,0.14019226367589788,0.1428571428571388,0.219780219780219,1
2.554000272648409,0.15604839184962066,0.1409552147707327,0.120879120879124,0.20024420024419953,1
2.555000272637699,0.15596810110361714,0.1413366903181501,0.098901098901095,0.20024420024419953,1
2.5560002726269886,0.1558863519631612,0.14209964141298492,0.1428571428571388,0.18070818070818007,1
2.5570002726162784,0.15580314523508387,0.14248111696040233,0.120879120879124,0.1611721611721606,1
2.558000272605568,0.15571848174060185,0.14362554360265456,0.098901098901095,0.14163614163614113,1
2.559000272594858,0.15563236231530977,0.14438849469748938,0.120879120879124,0.12210012210012167,1
2.5600002725841478,0.15554478780917147,0.1447699702449068,0.120879120879124,0.11233211233211193,1
2.5610002725734375,0.15545575908651202,0.1451514457923242,0.0769230769230802,0.11233211233211193,1
2.5620002725627273,0.15536527702600886,0.1455329213397416,0.0549450549450512,0.1025641025641022,1
2.563000272552017,0.15527334252068348,0.14629587243457642,0.0549450549450512,0.11233211233211193,1
2.564000272541307,0.1551799564778922,0.14629587243457642,0.0329670329670364,0.18070818070818007,1
2.5650002725305967,0.1550851198193177,0.14629587243457642,-0.010989010989007397,0.18070818070818007,1
2.5660002725198865,0.15498883348095932,0.14667734798199383,0.010989010989007397,0.1904761904761898,1
2.5670002725091763,0.15489109841312448,0.14667734798199383,0.010989010989007397,0.1904761904761898,1
2.568000272498466,0.15479191558041874,0.14667734798199383,0.010989010989007397,0.1904761904761898,1
2.569000272487756,0.15469128596173656,0.14667734798199383,0.010989010989007397,0.1904761904761898,1
2.5700002724770457,0.1545892105502517,0.14667734798199383,0.010989010989007397,0.1904761904761898,1
2.5710002724663354,0.1544856903534072,0.14667734798199383,0.010989010989007397,0.1904761904761898,1
2.5720002724556252,0.15438072639290565,0.14667734798199383,0.010989010989007397,0.1904761904761898,1
2.573000272444915,0.15427431970469882,0.14667734798199383,0.010989010989007397,0.1904761904761898,1
2.574000272434205,0.1541664713389779,0.14667734798199383,0.010989010989007397,0.1904761904761898,1
2.5750002724234946,0.15405718236016255,0.14667734798199383,0.010989010989007397,0.1904761904761898,1
2.5760002724127844,0.15394645384689096,0.14667734798199383,0.010989010989007397,0.1904761904761898,1
2.577000272402074,0.15383428689200873,0.14667734798199383,0.010989010989007397,0.1904761904761898,1
2.578000272391364,0.1537206826025585,0.14667734798199383,0.010989010989007397,0.1904761904761898,1
2.5790002723806538,0.15360564209976862,0.14667734798199383,0.010989010989007397,0.1904761904761898,1
2.5800002723699436,0.15348916651904249,0.14667734798199383,0.010989010989007397,0.1904761904761898,1
2.5810002723592333,0.15337125700994692,0.14667734798199383,0.010989010989007397,0.1904761904761898,1
2.582000272348523,0.15325191473620126,0.14667734798199383,0.010989010989007397,0.1904761904761898,1
2.583000272337813,0.1531311408756654,0.14667734798199383,0.010989010989007397,0.1904761904761898,1
2.5840002723271027,0.15300893662032877,0.14667734798199383,0.010989010989007397,0.1904761904761898,1
2.5850002723163925,0.15288530317629784,0.14667734798199383,0.010989010989007397,0.1904761904761898,1
2.5860002723056823,0.15276024176378478,0.14667734798199383,0.010989010989007397,0.1904761904761898,1
2.587000272294972,0.15263375361709527,0.14667734798199383,0.010989010989007397,0.1904761904761898,1
2.588000272284262,0.15250583998461617,0.14667734798199383,0.010989010989007397,0.1904761904761898,1
2.5890002722735517,0.15237650212880346,0.14667734798199383,0.010989010989007397,0.1904761904761898,1
2.5900002722628415,0.15224574132616941,0.14667734798199383,0.010989010989007397,0.1904761904761898,1
2.5910002722521313,0.15211355886727046,0.14667734798199383,0.010989010989007397,0.1904761904761898,1
2.592000272241421,0.15197995605669393,0.14667734798199383,0.010989010989007397,0.1904761904761898,1
2.593000272230711,0.15184493421304573,0.14667734798199383,0.010989010989007397,0.1904761904761898,1
2.5940002722200006,0.1517084946689368,0.14667734798199383,0.010989010989007397,0.1904761904761898,1
2.5950002722092904,0.1515706387709705,0.14667734798199383,0.010989010989007397,0.1904761904761898,1
2.59600027219858,0.15143136787972863,0.14667734798199383,0.010989010989007397,0.1904761904761898,1
2.59700027218787,0.15129068336975887,0.14667734798199383,0.010989010989007397,0.1904761904761898,1
2.59800027217716,0.1511485866295603,0.14667734798199383,0.010989010989007397,0.1904761904761898,1
2.5990002721664496,0.15100507906157049,0.14667734798199383,0.010989010989007397,0.1904761904761898,1
2.6000002721557394,0.15086016208215114,0.14667734798199383,0.010989010989007397,0.1904761904761898,1
2.601000272145029,0.1507138371215742,0.14667734798199383,0.010989010989007397,0.1904761904761898,1
2.602000272134319,0.1505661056240081,0.14667734798199383,0.010989010989007397,0.1904761904761898,1
2.6030002721236087,0.15041696904750287,0.14667734798199383,0.010989010989007397,0.1904761904761898,1
2.6040002721128985,0.15026642886397643,0.14667734798199383,0.010989010989007397,0.1904761904761898,1
2.6050002721021883,0.15011448655919943,0.14667734798199383,0.010989010989007397,0.1904761904761898,1
2.606000272091478,0.14996114363278124,0.14667734798199383,0.010989010989007397,0.1904761904761898,1
2.607000272080768,0.1498064015981544,0.14667734798199383,0.010989010989007397,0.1904761904761898,1
2.6080002720700577,0.14965026198256046,0.14667734798199383,0.010989010989007397,0.1904761904761898,1
2.6090002720593475,0.1494927263270342,0.14667734798199383,0.010989010989007397,0.1904761904761898,1
2.6100002720486373,0.14933379618638906,0.14667734798199383,0.010989010989007397,0.1904761904761898,1
2.611000272037927,0.1491734731292012,0.14667734798199383,0.010989010989007397,0.1904761904761898,1
2.612000272027217,0.1490117587377946,0.14667734798199383,0.010989010989007397,0.1904761904761898,1
2.6130002720165066,0.14884865460822475,0.14667734798199383,0.010989010989007397,0.1904761904761898,1
2.6140002720057964,0.14868416235026374,0.14667734798199383,0.010989010989007397,0.1904761904761898,1
2.6150002719950862,0.14851828358738364,0.14667734798199383,0.010989010989007397,0.1904761904761898,1
2.616000271984376,0.14835101995674072,0.14667734798199383,0.010989010989007397,0.1904761904761898,1
2.617000271973666,0.1481823731091597,0.14667734798199383,0.010989010989007397,0.1904761904761898,1
2.6180002719629556,0.14801234470911653,0.14667734798199383,0.010989010989007397,0.1904761904761898,1
2.6190002719522454,0.14784093643472315,0.14667734798199383,0.010989010989007397,0.1904761904761898,1
2.620000271941535,0.14766814997770975,0.14667734798199383,0.010989010989007397,0.1904761904761898,1
2.621000271930825,0.14749398704340905,0.14667734798199383,0.010989010989007397,0.1904761904761898,1
2.6220002719201148,0.1473184493507387,0.14667734798199383,0.010989010989007397,0.1904761904761898,1
2.6230002719094045,0.147141538632185,0.14667734798199383,0.010989010989007397,0.1904761904761898,1
2.6240002718986943,0.14696325663378507,0.14667734798199383,0.010989010989007397,0.1904761904761898,1
2.625000271887984,0.14678360511511043,0.14667734798199383,0.010989010989007397,0.1904761904761898,1
2.626000271877274,0.14660258584924885,0.14667734798199383,0.010989010989007397,0.1904761904761898,1
2.6270002718665637,0.1464202006227875,0.14667734798199383,0.010989010989007397,0.1904761904761898,1
2.6280002718558535,0.1462364512357947,0.14667734798199383,0.010989010989007397,0.1904761904761898,1
2.6290002718451433,0.14605133950180293,0.14667734798199383,0.010989010989007397,0.1904761904761898,1
2.630000271834433,0.1458648672477901,0.14667734798199383,0.010989010989007397,0.1904761904761898,1
2.631000271823723,0.14567703631416193,0.14667734798199383,0.010989010989007397,0.1904761904761898,1
2.6320002718130127,0.14548784855473407,0.14667734798199383,0.010989010989007397,0.1904761904761898,1
2.6330002718023024,0.14529730583671308,0.14667734798199383,0.010989010989007397,0.1904761904761898,1
2.6340002717915922,0.14510541004067884,0.14667734798199383,0.010989010989007397,0.1904761904761898,1
2.635000271780882,0.14491216306056515,0.14667734798199383,0.010989010989007397,0.1904761904761898,1
2.636000271770172,0.14471756680364178,0.14667734798199383,0.010989010989007397,0.1904761904761898,1
2.6370002717594616,0.14452162319049508,0.14667734798199383,0.010989010989007397,0.1904761904761898,1
2.6380002717487514,0.1443243341550095,0.14667734798199383,0.010989010989007397,0.1904761904761898,1
2.639000271738041,0.14412570164434796,0.14667734798199383,0.010989010989007397,0.1904761904761898,1
2.640000271727331,0.1439257276189333,0.14667734798199383,0.010989010989007397,0.1904761904761898,1
2.6410002717166208,0.14372441405242814,0.14667734798199383,0.010989010989007397,0.1904761904761898,1
2.6420002717059106,0.14352176293171634,0.14667734798199383,0.010989010989007397,0.1904761904761898,1
2.6430002716952004,0.14331777625688233,0.14667734798199383,0.010989010989007397,0.1904761904761898,1
2.64400027168449,0.14311245604119244,0.14667734798199383,0.010989010989007397,0.1904761904761898,1
2.64500027167378,0.14290580431107403,0.14667734798199383,0.010989010989007397,0.1904761904761898,1
2.6460002716630697,0.14269782310609644,0.14667734798199383,0.010989010989007397,0.1904761904761898,1
2.6470002716523595,0.14248851447895006,0.14667734798199383,0.010989010989007397,0.1904761904761898,1
2.6480002716416493,0.14227788049542633,0.14667734798199383,0.010989010989007397,0.1904761904761898,1
2.649000271630939,0.14206592323439787,0.14667734798199383,0.010989010989007397,0.1904761904761898,1
2.650000271620229,0.14185264478779697,0.14667734798199383,0.010989010989007397,0.1904761904761898,1
2.6510002716095187,0.14163804726059595,0.14667734798199383,0.010989010989007397,0.1904761904761898,1
2.6520002715988085,0.14142213277078558,0.14667734798199383,0.010989010989007397,0.1904761904761898,1
2.6530002715880983,0.1412049034493548,0.14667734798199383,0.010989010989007397,0.1904761904761898,1
2.654000271577388,0.14098636144026908,0.14667734798199383,0.010989010989007397,0.1904761904761898,1
2.655000271566678,0.14076650890045,0.14667734798199383,0.010989010989007397,0.1904761904761898,1
2.6560002715559676,0.14054534799975307,0.14667734798199383,0.010989010989007397,0.1904761904761898,1
2.6570002715452574,0.14032288092094733,0.14667734798199383,0.010989010989007397,0.1904761904761898,1
2.658000271534547,0.1400991098596927,0.14667734798199383,0.010989010989007397,0.1904761904761898,1
2.659000271523837,0.13987403702451945,0.14667734798199383,0.010989010989007397,0.1904761904761898,1
2.660000271513127,0.13964766463680528,0.14667734798199383,0.010989010989007397,0.1904761904761898,1
2.6610002715024166,0.13941999493075447,0.14667734798199383,0.010989010989007397,0.1904761904761898,1
2.6620002714917064,0.13919103015337492,0.14667734798199383,0.010989010989007397,0.1904761904761898,1
2.663000271480996,0.13896077256445638,0.14667734798199383,0.010989010989007397,0.1904761904761898,1
2.664000271470286,0.13872922443654853,0.14667734798199383,0.010989010989007397,0.1904761904761898,1
2.6650002714595757,0.13849638805493758,0.14667734798199383,0.010989010989007397,0.1904761904761898,1
2.6660002714488655,0.13826226571762482,0.14667734798199383,0.010989010989007397,0.1904761904761898,1
2.6670002714381553,0.13802685973530288,0.14667734798199383,0.010989010989007397,0.1904761904761898,1
2.668000271427445,0.137790172431334,0.14667734798199383,0.010989010989007397,0.1904761904761898,1
2.669000271416735,0.137552206141726,0.14667734798199383,0.010989010989007397,0.1904761904761898,1
2.6700002714060247,0.13731296321511033,0.14667734798199383,0.010989010989007397,0.1904761904761898,1
2.6710002713953145,0.1370724460127177,0.14667734798199383,0.010989010989007397,0.1904761904761898,1
2.6720002713846043,0.1368306569083561,0.14667734798199383,0.010989010989007397,0.1904761904761898,1
2.673000271373894,0.136587598288386,0.14667734798199383,0.010989010989007397,0.1904761904761898,1
2.674000271363184,0.1363432725516981,0.14667734798199383,0.010989010989007397,0.1904761904761898,1
2.6750002713524736,0.1360976821096884,0.14667734798199383,0.010989010989007397,0.1904761904761898,1
2.6760002713417634,0.13585082938623572,0.14667734798199383,0.010989010989007397,0.1904761904761898,1
2.6770002713310532,0.13560271681767652,0.14667734798199383,0.010989010989007397,0.1904761904761898,1
2.678000271320343,0.13535334685278155,0.14667734798199383,0.010989010989007397,0.1904761904761898,1
2.679000271309633,0.1351027219527319,0.14667734798199383,0.010989010989007397,0.1904761904761898,1
2.6800002712989226,0.13485084459109378,0.14667734798199383,0.010989010989007397,0.1904761904761898,1
2.6810002712882124,0.13459771725379532,0.14667734798199383,0.010989010989007397,0.1904761904761898,1
2.682000271277502,0.13434334243910084,0.14667734798199383,0.010989010989007397,0.1904761904761898,1
2.683000271266792,0.13408772265758725,0.14667734798199383,0.010989010989007397,0.1904761904761898,1
2.6840002712560818,0.13383086043211828,0.14667734798199383,0.010989010989007397,0.1904761904761898,1
2.6850002712453716,0.13357275829782062,0.14667734798199383,0.010989010989007397,0.1904761904761898,1
2.6860002712346613,0.1333134188020578,0.14629587243457642,-0.010989010989007397,0.1904761904761898,1
2.687000271223951,0.13305284450440616,0.14629587243457642,0.010989010989007397,0.1904761904761898,1
2.688000271213241,0.1327910379766285,0.14629587243457642,-0.0329670329670364,0.18070818070818007,1
2.6890002712025307,0.13252800180264976,0.14591439688715901,-0.0769230769230802,0.18070818070818007,1
2.6900002711918205,0.13226373857853047,0.14591439688715901,-0.0329670329670364,0.1611721611721606,1
2.6910002711811103,0.13199825091244216,0.1455329213397416,-0.010989010989007397,0.15140415140415087,1
2.6920002711704,0.13173154142464077,0.1455329213397416,-0.010989010989007397,0.11233211233211193,1
2.69300027115969,0.131463612747441,0.1455329213397416,-0.0329670329670364,0.05372405372405353,1
2.6940002711489797,0.13119446752519104,0.1455329213397416,0.010989010989007397,-0.004884004884004867,1
2.6950002711382695,0.13092410841424512,0.1455329213397416,0.010989010989007397,-0.05372405372405353,1
2.6960002711275592,0.13065253808293886,0.1455329213397416,-0.0329670329670364,-0.08302808302808273,1
2.697000271116849,0.1303797592115614,0.1455329213397416,-0.0549450549450512,-0.1025641025641022,1
2.698000271106139,0.13010577449233027,0.1451514457923242,-0.0329670329670364,-0.1318681318681314,1
2.6990002710954286,0.12983058662936375,0.1447699702449068,-0.0549450549450512,-0.18070818070818007,1
2.7000002710847184,0.12955419833865514,0.1447699702449068,-0.0329670329670364,-0.1904761904761898,1
2.701000271074008,0.12927661234804494,0.14438849469748938,-0.0549450549450512,-0.22954822954822873,1
2.702000271063298,0.12899783139719506,0.14400701915007197,-0.0769230769230802,-0.23931623931623847,1
2.7030002710525878,0.1287178582375606,0.14248111696040233,-0.2087912087912116,-0.18070818070818007,1
2.7040002710418776,0.12843669563236385,0.1417181658655675,-0.2747252747252702,-0.14163614163614113,1
2.7050002710311674,0.1281543463565658,0.1417181658655675,-0.2747252747252702,-0.14163614163614113,1
2.706000271020457,0.12787081319684013,0.1417181658655675,-0.2747252747252702,-0.14163614163614113,1
2.707000271009747,0.1275860989515442,0.1417181658655675,-0.2747252747252702,-0.14163614163614113,1
2.7080002709990367,0.12730020643069306,0.1417181658655675,-0.2747252747252702,-0.14163614163614113,1
2.7090002709883265,0.12701313845593012,0.1417181658655675,-0.2747252747252702,-0.14163614163614113,1
2.7100002709776163,0.12672489786050023,0.1417181658655675,-0.2747252747252702,-0.14163614163614113,1
2.711000270966906,0.12643548748922195,0.1417181658655675,-0.2747252747252702,-0.14163614163614113,1
2.712000270956196,0.12614491019845844,0.1417181658655675,-0.2747252747252702,-0.14163614163614113,1
2.7130002709454857,0.1258531688560905,0.1417181658655675,-0.2747252747252702,-0.14163614163614113,1
2.7140002709347755,0.12556026634148698,0.1417181658655675,-0.2747252747252702,-0.14163614163614113,1
2.7150002709240653,0.12526620554547777,0.1417181658655675,-0.2747252747252702,-0.14163614163614113,1
2.716000270913355,0.12497098937032379,0.1417181658655675,-0.2747252747252702,-0.14163614163614113,1
2.717000270902645,0.12467462072968977,0.1417181658655675,-0.2747252747252702,-0.14163614163614113,1
2.7180002708919346,0.12437710254861414,0.1417181658655675,-0.2747252747252702,-0.14163614163614113,1
2.7190002708812244,0.12407843776348156,0.1417181658655675,-0.2747252747252702,-0.14163614163614113,1
2.720000270870514,0.12377862932199242,0.1417181658655675,-0.2747252747252702,-0.14163614163614113,1
2.721000270859804,0.12347768018313532,0.1417181658655675,-0.2747252747252702,-0.14163614163614113,1
2.722000270849094,0.1231755933171563,0.1417181658655675,-0.2747252747252702,-0.14163614163614113,1
2.7230002708383836,0.12287237170553111,0.1417181658655675,-0.2747252747252702,-0.14163614163614113,1
2.7240002708276734,0.12256801834093439,0.1417181658655675,-0.2747252747252702,-0.14163614163614113,1
2.725000270816963,0.12226253622721071,0.1417181658655675,-0.2747252747252702,-0.14163614163614113,1
2.726000270806253,0.12195592837934552,0.1417181658655675,-0.2747252747252702,-0.14163614163614113,1
2.7270002707955427,0.12164819782343407,0.1417181658655675,-0.2747252747252702,-0.14163614163614113,1
2.7280002707848325,0.121339347596653,0.1417181658655675,-0.2747252747252702,-0.14163614163614113,1
2.7290002707741223,0.12102938074722894,0.1417181658655675,-0.2747252747252702,-0.14163614163614113,1
2.730000270763412,0.12071830033440983,0.1417181658655675,-0.2747252747252702,-0.14163614163614113,1
2.731000270752702,0.12040610942843337,0.1417181658655675,-0.2747252747252702,-0.14163614163614113,1
2.7320002707419917,0.12009281111049801,0.1417181658655675,-0.2747252747252702,-0.14163614163614113,1
2.7330002707312815,0.11977840847273127,0.1417181658655675,-0.2747252747252702,-0.14163614163614113,1
2.7340002707205713,0.11946290461816055,0.1417181658655675,-0.2747252747252702,-0.14163614163614113,1
2.735000270709861,0.11914630266068107,0.1417181658655675,-0.2747252747252702,-0.14163614163614113,1
2.736000270699151,0.11882860572502665,0.1417181658655675,-0.2747252747252702,-0.14163614163614113,1
2.7370002706884407,0.11850981694673736,0.1417181658655675,-0.2747252747252702,-0.14163614163614113,1
2.7380002706777304,0.11818993947213001,0.1417181658655675,-0.2747252747252702,-0.14163614163614113,1
2.7390002706670202,0.1178689764582659,0.1417181658655675,-0.2747252747252702,-0.14163614163614113,1
2.74000027065631,0.11754693107292016,0.1417181658655675,-0.2747252747252702,-0.14163614163614113,1
2.7410002706456,0.11722380649455102,0.1417181658655675,-0.2747252747252702,-0.14163614163614113,1
2.7420002706348896,0.11689960591226717,0.1417181658655675,-0.2747252747252702,-0.14163614163614113,1
2.7430002706241794,0.11657433252579778,0.1417181658655675,-0.2747252747252702,-0.14163614163614113,1
2.744000270613469,0.11624798954545942,0.1417181658655675,-0.2747252747252702,-0.14163614163614113,1
2.745000270602759,0.11592058019212585,0.1417181658655675,-0.2747252747252702,-0.14163614163614113,1
2.7460002705920488,0.11559210769719479,0.1417181658655675,-0.2747252747252702,-0.14163614163614113,1
2.7470002705813386,0.11526257530255742,0.1417181658655675,-0.2747252747252702,-0.14163614163614113,1
2.7480002705706283,0.11493198626056501,0.1417181658655675,-0.2747252747252702,-0.14163614163614113,1
2.749000270559918,0.11460034383399827,0.1417181658655675,-0.2747252747252702,-0.14163614163614113,1
2.750000270549208,0.11426765129603358,0.1417181658655675,-0.2747252747252702,-0.14163614163614113,1
2.7510002705384977,0.11393391193021231,0.1417181658655675,-0.2747252747252702,-0.14163614163614113,1
2.7520002705277875,0.1135991290304068,0.1417181658655675,-0.2747252747252702,-0.14163614163614113,1
2.7530002705170773,0.11326330590078941,0.1417181658655675,-0.2747252747252702,-0.14163614163614113,1
2.754000270506367,0.11292644585579863,0.1417181658655675,-0.2747252747252702,-0.14163614163614113,1
2.755000270495657,0.1125885522201068,0.1417181658655675,-0.2747252747252702,-0.14163614163614113,1
2.7560002704849467,0.11224962832858805,0.1417181658655675,-0.2747252747252702,-0.14163614163614113,1
2.7570002704742365,0.11190967752628385,0.1417181658655675,-0.2747252747252702,-0.14163614163614113,1
2.7580002704635262,0.11156870316837174,0.1417181658655675,-0.2747252747252702,-0.14163614163614113,1
2.759000270452816,0.11122670862013048,0.1417181658655675,-0.2747252747252702,-0.14163614163614113,1
2.760000270442106,0.11088369725690853,0.1417181658655675,-0.2747252747252702,-0.14163614163614113,1
2.7610002704313956,0.11053967246408909,0.1417181658655675,-0.2747252747252702,-0.14163614163614113,1
2.7620002704206854,0.11019463763705832,0.1417181658655675,-0.2747252747252702,-0.14163614163614113,1
2.763000270409975,0.10984859618117016,0.1417181658655675,-0.2747252747252702,-0.14163614163614113,1
2.764000270399265,0.10950155151171444,0.1417181658655675,-0.2747252747252702,-0.14163614163614113,1
2.765000270388555,0.10915350705388144,0.1417181658655675,-0.2747252747252702,-0.14163614163614113,1
2.7660002703778446,0.10880446624272977,0.1417181658655675,-0.2747252747252702,-0.14163614163614113,1
2.7670002703671344,0.10845443252315089,0.1417181658655675,-0.2747252747252702,-0.14163614163614113,1
2.768000270356424,0.10810340934983657,0.1417181658655675,-0.2747252747252702,-0.14163614163614113,1
2.769000270345714,0.10775140018724338,0.1417181658655675,-0.2747252747252702,-0.14163614163614113,1
2.7700002703350037,0.10739840850955996,0.1417181658655675,-0.2747252747252702,-0.14163614163614113,1
2.7710002703242935,0.1070444378006714,0.1417181658655675,-0.2747252747252702,-0.14163614163614113,1
2.7720002703135833,0.10668949155412537,0.1417181658655675,-0.2747252747252702,-0.14163614163614113,1
2.773000270302873,0.1063335732730984,0.1417181658655675,-0.2747252747252702,-0.14163614163614113,1
2.774000270292163,0.10597668647035972,0.1417181658655675,-0.2747252747252702,-0.14163614163614113,1
2.7750002702814527,0.10561883466823836,0.1417181658655675,-0.2747252747252702,-0.14163614163614113,1
2.7760002702707425,0.10526002139858663,0.1417181658655675,-0.2747252747252702,-0.14163614163614113,1
2.7770002702600323,0.10490025020274699,0.1417181658655675,-0.2747252747252702,-0.14163614163614113,1
2.778000270249322,0.10453952463151538,0.1417181658655675,-0.2747252747252702,-0.14163614163614113,1
2.779000270238612,0.10417784824510794,0.1417181658655675,-0.2747252747252702,-0.14163614163614113,1
2.7800002702279016,0.10381522461312404,0.1417181658655675,-0.2747252747252702,-0.14163614163614113,1
2.7810002702171914,0.10345165731451292,0.1417181658655675,-0.2747252747252702,-0.14163614163614113,1
2.782000270206481,0.10308714993753652,0.1417181658655675,-0.2747252747252702,-0.14163614163614113,1
2.783000270195771,0.10272170607973584,0.1417181658655675,-0.2747252747252702,-0.14163614163614113,1
2.784000270185061,0.10235532934789374,0.1417181658655675,-0.2747252747252702,-0.14163614163614113,1
2.7850002701743506,0.10198802335800096,0.1417181658655675,-0.2747252747252702,-0.14163614163614113,1
2.7860002701636404,0.10161979173521908,0.1417181658655675,-0.2747252747252702,-0.14163614163614113,1
2.78700027015293,0.10125063811384526,0.1417181658655675,-0.2747252747252702,-0.14163614163614113,1
2.78800027014222,0.10088056613727701,0.1417181658655675,-0.2747252747252702,-0.14163614163614113,1
2.7890002701315098,0.1005095794579749,0.1417181658655675,-0.2747252747252702,-0.14163614163614113,1
2.7900002701207995,0.10013768173742799,0.1417181658655675,-0.2747252747252702,-0.14163614163614113,1
2.7910002701100893,0.09976487664611612,0.1417181658655675,-0.2747252747252702,-0.14163614163614113,1
2.792000270099379,0.09939116786347542,0.1417181658655675,-0.2747252747252702,-0.14163614163614113,1
2.793000270088669,0.09901655907786018,0.1417181658655675,-0.2747252747252702,-0.14163614163614113,1
2.7940002700779587,0.09864105398650823,0.1417181658655675,-0.2747252747252702,-0.14163614163614113,1
2.7950002700672485,0.0982646562955027,0.1417181658655675,-0.2747252747252702,-0.14163614163614113,1
2.7960002700565383,0.09788736971973722,0.1417181658655675,-0.2747252747252702,-0.14163614163614113,1
2.797000270045828,0.09750919798287745,0.1417181658655675,-0.2747252747252702,-0.14163614163614113,1
2.798000270035118,0.09713014481732611,0.1417181658655675,-0.2747252747252702,-0.14163614163614113,1
2.7990002700244077,0.09675021396418439,0.1417181658655675,-0.2747252747252702,-0.14163614163614113,1
2.8000002700136974,0.09636940917321679,0.1417181658655675,-0.2747252747252702,-0.14163614163614113,1
2.8010002700029872,0.09598773420281258,0.1417181658655675,-0.2747252747252702,-0.14163614163614113,1
2.802000269992277,0.09560519281994932,0.1417181658655675,-0.2747252747252702,-0.14163614163614113,1
2.803000269981567,0.09522178880015635,0.1417181658655675,-0.2747252747252702,-0.14163614163614113,1
2.8040002699708566,0.09483752592747607,0.1417181658655675,-0.2747252747252702,-0.14163614163614113,1
2.8050002699601464,0.09445240799442826,0.1417181658655675,-0.2747252747252702,-0.14163614163614113,1
2.806000269949436,0.0940664388019709,0.1413366903181501,-0.2967032967032992,-0.11233211233211193,1
2.807000269938726,0.09367962215946445,0.1409552147707327,-0.120879120879124,-0.1025641025641022,1
2.8080002699280158,0.09329196188463251,0.1417181658655675,0.0329670329670364,-0.21001221001220927,1
2.8090002699173056,0.09290346180352585,0.14057373922331529,-0.120879120879124,-0.3272283272283296,1
2.8100002699065953,0.09251412575048287,0.13866636148622824,-0.2307692307692264,-0.2783882783882774,1
2.811000269895885,0.09212395756809363,0.1371404592965586,-0.2747252747252702,-0.21001221001220927,1
2.812000269885175,0.09173296110716002,0.1367589837491412,-0.120879120879124,-0.21001221001220927,1
2.8130002698744647,0.09134114022665962,0.13599603265430638,-0.1428571428571388,-0.3467643467643491,1
2.8140002698637545,0.09094849879370583,0.1325627527275497,-0.3846153846153868,-0.22954822954822873,1
2.8150002698530443,0.09055504068351143,0.13218127718013228,-0.1428571428571388,-0.22954822954822873,1
2.816000269842334,0.0901607697793488,0.1283665217059582,-0.4945054945054892,-0.219780219780219,1
2.817000269831624,0.08976568997251229,0.12607766842145374,-0.2967032967032992,-0.17094017094017033,1
2.8180002698209137,0.08936980516228049,0.12569619287403633,-0.318681318681314,-0.1611721611721606,1
2.8190002698102035,0.08897311925587607,0.12302586404211446,-0.2087912087912116,-0.18070818070818007,1
2.8200002697994933,0.08857563616842917,0.11692225528343592,-0.3846153846153868,-0.11233211233211193,1
2.821000269788783,0.08817735982293687,0.1161593041886011,-0.340659340659343,-0.1025641025641022,1
2.822000269778073,0.08777829415022624,0.1161593041886011,-0.340659340659343,-0.1025641025641022,1
2.8230002697673626,0.08737844308891386,0.1161593041886011,-0.340659340659343,-0.1025641025641022,1
2.8240002697566524,0.08697781058536862,0.1161593041886011,-0.340659340659343,-0.1025641025641022,1
2.825000269745942,0.08657640059367108,0.1161593041886011,-0.340659340659343,-0.1025641025641022,1
2.826000269735232,0.08617421707557614,0.1161593041886011,-0.340659340659343,-0.1025641025641022,1
2.827000269724522,0.08577126400047223,0.1161593041886011,-0.340659340659343,-0.1025641025641022,1
2.8280002697138116,0.08536754534534388,0.1161593041886011,-0.340659340659343,-0.1025641025641022,1
2.8290002697031014,0.08496306509473073,0.1161593041886011,-0.340659340659343,-0.1025641025641022,1
2.830000269692391,0.08455782724068987,0.1161593041886011,-0.340659340659343,-0.1025641025641022,1
2.831000269681681,0.08415183578275481,0.1161593041886011,-0.340659340659343,-0.1025641025641022,1
2.8320002696709707,0.0837450947278977,0.1161593041886011,-0.340659340659343,-0.1025641025641022,1
2.8330002696602605,0.08333760809048825,0.1161593041886011,-0.340659340659343,-0.1025641025641022,1
2.8340002696495503,0.0829293798922547,0.1161593041886011,-0.340659340659343,-0.1025641025641022,1
2.83500026963884,0.08252041416224497,0.1161593041886011,-0.340659340659343,-0.1025641025641022,1
2.83600026962813,0.08211071493678515,0.1161593041886011,-0.340659340659343,-0.1025641025641022,1
2.8370002696174197,0.08170028625944155,0.1161593041886011,-0.340659340659343,-0.1025641025641022,1
2.8380002696067095,0.081289132180979,0.1161593041886011,-0.340659340659343,-0.1025641025641022,1
2.8390002695959993,0.08087725675932261,0.1161593041886011,-0.340659340659343,-0.1025641025641022,1
2.840000269585289,0.080464664059516,0.1161593041886011,-0.340659340659343,-0.1025641025641022,1
2.841000269574579,0.08005135815368289,0.1161593041886011,-0.340659340659343,-0.1025641025641022,1
2.8420002695638686,0.07963734312098517,0.1161593041886011,-0.340659340659343,-0.1025641025641022,1
2.8430002695531584,0.07922262304758444,0.1161593041886011,-0.340659340659343,-0.1025641025641022,1
2.8440002695424482,0.07880720202659987,0.1161593041886011,-0.340659340659343,-0.1025641025641022,1
2.845000269531738,0.07839108415806956,0.1161593041886011,-0.340659340659343,-0.1025641025641022,1
2.846000269521028,0.07797427354890836,0.1161593041886011,-0.340659340659343,-0.1025641025641022,1
2.8470002695103176,0.07755677431286906,0.1161593041886011,-0.340659340659343,-0.1025641025641022,1
2.8480002694996074,0.07713859057050027,0.1161593041886011,-0.340659340659343,-0.1025641025641022,1
2.849000269488897,0.07671972644910637,0.1161593041886011,-0.340659340659343,-0.1025641025641022,1
2.850000269478187,0.0763001860827075,0.1161593041886011,-0.340659340659343,-0.1025641025641022,1
2.8510002694674768,0.07587997361199716,0.1161593041886011,-0.340659340659343,-0.1025641025641022,1
2.8520002694567665,0.07545909318430317,0.1161593041886011,-0.340659340659343,-0.1025641025641022,1
2.8530002694460563,0.07503754895354489,0.1161593041886011,-0.340659340659343,-0.1025641025641022,1
2.854000269435346,0.07461534508019403,0.1161593041886011,-0.340659340659343,-0.1025641025641022,1
2.855000269424636,0.07419248573123186,0.1161593041886011,-0.340659340659343,-0.1025641025641022,1
2.8560002694139257,0.07376897508010978,0.1161593041886011,-0.340659340659343,-0.1025641025641022,1
2.8570002694032155,0.0733448173067064,0.1161593041886011,-0.340659340659343,-0.1025641025641022,1
2.8580002693925053,0.07292001659728808,0.1161593041886011,-0.340659340659343,-0.1025641025641022,1
2.859000269381795,0.07249457714446576,0.1161593041886011,-0.340659340659343,-0.1025641025641022,1
2.860000269371085,0.07206850314715547,0.1161593041886011,-0.340659340659343,-0.1025641025641022,1
2.8610002693603747,0.07164179881053499,0.1161593041886011,-0.340659340659343,-0.1025641025641022,1
2.8620002693496644,0.07121446834600424,0.1161593041886011,-0.340659340659343,-0.1025641025641022,1
2.8630002693389542,0.07078651597114204,0.1161593041886011,-0.340659340659343,-0.1025641025641022,1
2.864000269328244,0.07035794590966524,0.1161593041886011,-0.340659340659343,-0.1025641025641022,1
2.865000269317534,0.0699287623913877,0.1161593041886011,-0.340659340659343,-0.1025641025641022,1
2.8660002693068236,0.06949896965217693,0.1161593041886011,-0.340659340659343,-0.1025641025641022,1
2.8670002692961134,0.06906857193391414,0.1161593041886011,-0.340659340659343,-0.1025641025641022,1
2.868000269285403,0.06863757348445046,0.1161593041886011,-0.340659340659343,-0.1025641025641022,1
2.869000269274693,0.06820597855756699,0.1161593041886011,-0.340659340659343,-0.1025641025641022,1
2.8700002692639828,0.06777379141293083,0.1161593041886011,-0.340659340659343,-0.1025641025641022,1
2.8710002692532726,0.06734101631605503,0.1161593041886011,-0.340659340659343,-0.1025641025641022,1
2.8720002692425624,0.06690765753825448,0.1161593041886011,-0.340659340659343,-0.1025641025641022,1
2.873000269231852,0.06647371935660576,0.1161593041886011,-0.340659340659343,-0.1025641025641022,1
2.874000269221142,0.06603920605390298,0.1161593041886011,-0.340659340659343,-0.1025641025641022,1
2.8750002692104317,0.06560412191861738,0.1161593041886011,-0.340659340659343,-0.1025641025641022,1
2.8760002691997215,0.06516847124485316,0.1161593041886011,-0.340659340659343,-0.1025641025641022,1
2.8770002691890113,0.06473225833230699,0.1161593041886011,-0.340659340659343,-0.1025641025641022,1
2.878000269178301,0.06429548748622388,0.1161593041886011,-0.340659340659343,-0.1025641025641022,1
2.879000269167591,0.06385816301735539,0.1161593041886011,-0.340659340659343,-0.1025641025641022,1
2.8800002691568807,0.0634202892419179,0.1161593041886011,-0.340659340659343,-0.1025641025641022,1
2.8810002691461705,0.06298187048154817,0.1161593041886011,-0.340659340659343,-0.1025641025641022,1
2.8820002691354603,0.06254291106326282,0.1161593041886011,-0.340659340659343,-0.1025641025641022,1
2.88300026912475,0.062103415319413456,0.1161593041886011,-0.340659340659343,-0.1025641025641022,1
2.88400026911404,0.06166338758764608,0.1161593041886011,-0.340659340659343,-0.1025641025641022,1
2.8850002691033296,0.06122283221085615,0.1161593041886011,-0.340659340659343,-0.1025641025641022,1
2.8860002690926194,0.060781753537147785,0.1161593041886011,-0.340659340659343,-0.1025641025641022,1
2.887000269081909,0.060340155919788835,0.1161593041886011,-0.340659340659343,-0.1025641025641022,1
2.888000269071199,0.0598980437171699,0.1161593041886011,-0.340659340659343,-0.1025641025641022,1
2.889000269060489,0.059455421292759346,0.1161593041886011,-0.340659340659343,-0.1025641025641022,1
2.8900002690497786,0.059012293015062216,0.1161593041886011,-0.340659340659343,-0.1025641025641022,1
2.8910002690390684,0.05856866325757511,0.1161593041886011,-0.340659340659343,-0.1025641025641022,1
2.892000269028358,0.05812453639874505,0.1161593041886011,-0.340659340659343,-0.1025641025641022,1
2.893000269017648,0.05767991682192423,0.1161593041886011,-0.340659340659343,-0.1025641025641022,1
2.8940002690069377,0.057234808915328776,0.1161593041886011,-0.340659340659343,-0.1025641025641022,1
2.8950002689962275,0.056789217071993706,0.1161593041886011,-0.340659340659343,-0.1025641025641022,1
2.8960002689855173,0.05634314568973025,0.1161593041886011,-0.340659340659343,-0.1025641025641022,1
2.897000268974807,0.055896599171083285,0.1161593041886011,-0.340659340659343,-0.1025641025641022,1
2.898000268964097,0.05544958192328607,0.1161593041886011,-0.340659340659343,-0.1025641025641022,1
2.8990002689533867,0.055002098358218794,0.1161593041886011,-0.340659340659343,-0.1025641025641022,1
2.9000002689426765,0.05455415289236296,0.1161593041886011,-0.340659340659343,-0.1025641025641022,1
2.9010002689319663,0.05410574994675993,0.1161593041886011,-0.340659340659343,-0.1025641025641022,1
2.902000268921256,0.0536568939469651,0.1161593041886011,-0.340659340659343,-0.1025641025641022,1
2.903000268910546,0.05320758932300642,0.1161593041886011,-0.340659340659343,-0.1025641025641022,1
2.9040002688998356,0.052757840509338516,0.1161593041886011,-0.340659340659343,-0.1025641025641022,1
2.9050002688891254,0.05230765194480104,0.1161593041886011,-0.340659340659343,-0.1025641025641022,1
2.9060002688784152,0.05185702807257276,0.1161593041886011,-0.340659340659343,-0.1025641025641022,1
2.907000268867705,0.051405973340129786,0.1161593041886011,-0.340659340659343,-0.1025641025641022,1
2.908000268856995,0.050954492199199626,0.1161593041886011,-0.340659340659343,-0.1025641025641022,1
2.9090002688462846,0.050502589105719274,0.1161593041886011,-0.340659340659343,-0.1025641025641022,1
2.9100002688355744,0.05005026851978949,0.1161593041886011,-0.340659340659343,-0.1025641025641022,1
2.911000268824864,0.04959753490563149,0.1161593041886011,-0.340659340659343,-0.1025641025641022,1
2.912000268814154,0.049144392731543675,0.1161593041886011,-0.340659340659343,-0.1025641025641022,1
2.9130002688034438,0.048690846469855775,0.1161593041886011,-0.340659340659343,-0.1025641025641022,1
2.9140002687927336,0.04823690059688668,0.1161593041886011,-0.340659340659343,-0.1025641025641022,1
2.9150002687820233,0.04778255959289831,0.1161593041886011,-0.340659340659343,-0.1025641025641022,1
2.916000268771313,0.047327827942053334,0.1161593041886011,-0.340659340659343,-0.1025641025641022,1
2.917000268760603,0.04687271013236899,0.1161593041886011,-0.340659340659343,-0.1025641025641022,1
2.9180002687498927,0.04641721065567471,0.1161593041886011,-0.340659340659343,-0.1025641025641022,1
2.9190002687391825,0.04596133400756583,0.1161593041886011,-0.340659340659343,-0.1025641025641022,1
2.9200002687284723,0.04550508468736126,0.1161593041886011,-0.340659340659343,-0.1025641025641022,1
2.921000268717762,0.045048467198056955,0.1161593041886011,-0.340659340659343,-0.1025641025641022,1
2.922000268707052,0.044591486046283636,0.1161593041886011,-0.340659340659343,-0.1025641025641022,1
2.9230002686963417,0.044134145742260156,0.1161593041886011,-0.340659340659343,-0.1025641025641022,1
2.9240002686856315,0.0436764507997511,0.1161593041886011,-0.340659340659343,-0.1025641025641022,1
2.9250002686749212,0.043218405736020406,0.1161593041886011,-0.340659340659343,-0.1025641025641022,1
2.926000268664211,0.0427600150717876,0.1161593041886011,-0.340659340659343,-0.1025641025641022,1
2.927000268653501,0.04230128333118388,0.1161593041886011,-0.340659340659343,-0.1025641025641022,1
2.9280002686427906,0.041842215041705724,0.1161593041886011,-0.340659340659343,-0.1025641025641022,1
2.9290002686320804,0.04138281473417223,0.1161593041886011,-0.340659340659343,-0.1025641025641022,1
2.93000026862137,0.04092308694267835,0.1161593041886011,-0.340659340659343,-0.1025641025641022,1
2.93100026861066,0.040463036204552216,0.1161593041886011,-0.340659340659343,-0.1025641025641022,1
2.9320002685999498,0.04000266706030826,0.1161593041886011,-0.340659340659343,-0.1025641025641022,1
2.9330002685892396,0.0395419840536045,0.1161593041886011,-0.340659340659343,-0.1025641025641022,1
2.9340002685785294,0.03908099173119561,0.1161593041886011,-0.340659340659343,-0.1025641025641022,1
2.935000268567819,0.03861969464289013,0.1161593041886011,-0.340659340659343,-0.1025641025641022,1
2.936000268557109,0.038158097341503466,0.11577782864118369,-0.340659340659343,-0.11233211233211193,1
2.9370002685463987,0.037696204382815054,0.11501487754634887,-0.1648351648351678,-0.22954822954822873,1
2.9380002685356885,0.0372340203255213,0.11348897535667923,-0.318681318681314,-0.3076923076923066,1
2.9390002685249783,0.036771549731192676,0.1081483176928355,-0.560439560439562,-0.11233211233211193,1
2.940000268514268,0.0363087971642269,0.10471503776607882,-0.4285714285714306,-0.0146520146520146,1
2.941000268503558,0.03584576719180461,0.1035706111238266,-0.4285714285714306,-0.004884004884004867,1
2.9420002684928477,0.03538246438384514,0.10128175783932214,-0.4065934065934016,-0.0439560439560438,1
2.9430002684821375,0.034918893312959526,0.09822995345998287,-0.318681318681314,-0.1025641025641022,1
2.9440002684714273,0.03445505855440753,0.09479667353322618,-0.3626373626373578,-0.1318681318681314,1
2.945000268460717,0.033990964686050326,0.0913633936064695,-0.4285714285714306,-0.17094017094017033,1
2.946000268450007,0.033526616288307456,0.09060044251163468,-0.340659340659343,-0.18070818070818007,1
2.9470002684392966,0.03306201794410953,0.08754863813229541,-0.4065934065934016,-0.219780219780219,1
2.9480002684285864,0.03259717423885507,0.08678568703746059,-0.4505494505494454,-0.1904761904761898,1
2.949000268417876,0.032132089760363136,0.08106355382619945,-0.318681318681314,-0.17094017094017033,1
2.950000268407166,0.031666769098830205,0.07724879835202536,-0.4505494505494454,-0.15140415140415087,1
2.951000268396456,0.031201216846782738,0.0745784695201035,-0.4285714285714306,-0.15140415140415087,1
2.9520002683857456,0.030735437599033927,0.0707637140459294,-0.4505494505494454,-0.1611721611721606,1
2.9530002683750354,0.03026943595263628,0.0665674830243379,-0.4505494505494454,-0.18070818070818007,1
2.954000268364325,0.029803216506838346,0.06580453192950309,-0.3626373626373578,-0.1904761904761898,1
2.955000268353615,0.029336783863037206,0.06580453192950309,-0.3626373626373578,-0.1904761904761898,1
2.9560002683429047,0.02887014262473518,0.06580453192950309,-0.3626373626373578,-0.1904761904761898,1
2.9570002683321945,0.028403297397492533,0.06580453192950309,-0.3626373626373578,-0.1904761904761898,1
2.9580002683214843,0.027936252788882825,0.06580453192950309,-0.3626373626373578,-0.1904761904761898,1
2.959000268310774,0.02746901340844822,0.06580453192950309,-0.3626373626373578,-0.1904761904761898,1
2.960000268300064,0.02700158386765214,0.06580453192950309,-0.3626373626373578,-0.1904761904761898,1
2.9610002682893537,0.026533968779835874,0.06580453192950309,-0.3626373626373578,-0.1904761904761898,1
2.9620002682786435,0.02606617276017093,0.06580453192950309,-0.3626373626373578,-0.1904761904761898,1
2.9630002682679333,0.025598200425615593,0.06580453192950309,-0.3626373626373578,-0.1904761904761898,1
2.964000268257223,0.02513005639486725,0.06580453192950309,-0.3626373626373578,-0.1904761904761898,1
2.965000268246513,0.02466174528831892,0.06580453192950309,-0.3626373626373578,-0.1904761904761898,1
2.9660002682358027,0.024193271728011525,0.06580453192950309,-0.3626373626373578,-0.1904761904761898,1
2.9670002682250924,0.02372464033759041,0.06580453192950309,-0.3626373626373578,-0.1904761904761898,1
2.9680002682143822,0.023255855742257574,0.06580453192950309,-0.3626373626373578,-0.1904761904761898,1
2.969000268203672,0.022786922568728146,0.06580453192950309,-0.3626373626373578,-0.1904761904761898,1
2.970000268192962,0.02231784544518261,0.06580453192950309,-0.3626373626373578,-0.1904761904761898,1
2.9710002681822516,0.021848629001223224,0.06580453192950309,-0.3626373626373578,-0.1904761904761898,1
2.9720002681715414,0.021379277867826497,0.06580453192950309,-0.3626373626373578,-0.1904761904761898,1
2.973000268160831,0.020909796677298274,0.06580453192950309,-0.3626373626373578,-0.1904761904761898,1
2.974000268150121,0.020440190063228787,0.06580453192950309,-0.3626373626373578,-0.1904761904761898,1
2.9750002681394108,0.019970462660445117,0.06580453192950309,-0.3626373626373578,-0.1904761904761898,1
2.9760002681287006,0.019500619104967504,0.06580453192950309,-0.3626373626373578,-0.1904761904761898,1
2.9770002681179903,0.019030664033961538,0.06580453192950309,-0.3626373626373578,-0.1904761904761898,1
2.97800026810728,0.018560602085694475,0.06580453192950309,-0.3626373626373578,-0.1904761904761898,1
2.97900026809657,0.018090437899487333,0.06580453192950309,-0.3626373626373578,-0.1904761904761898,1
2.9800002680858597,0.01762017611567126,0.06580453192950309,-0.3626373626373578,-0.1904761904761898,1
2.9810002680751495,0.017149821375539567,0.06580453192950309,-0.3626373626373578,-0.1904761904761898,1
2.9820002680644393,0.016679378321304096,0.06580453192950309,-0.3626373626373578,-0.1904761904761898,1
2.983000268053729,0.016208851596047222,0.06580453192950309,-0.3626373626373578,-0.1904761904761898,1
2.984000268043019,0.0157382458436782,0.06580453192950309,-0.3626373626373578,-0.1904761904761898,1
2.9850002680323087,0.015267565708885187,0.06580453192950309,-0.3626373626373578,-0.1904761904761898,1
2.9860002680215985,0.014796815837091522,0.06580453192950309,-0.3626373626373578,-0.1904761904761898,1
2.9870002680108882,0.014326000874408027,0.06580453192950309,-0.3626373626373578,-0.1904761904761898,1
2.988000268000178,0.013855125467587937,0.06580453192950309,-0.3626373626373578,-0.1904761904761898,1
2.989000267989468,0.013384194263981856,0.06580453192950309,-0.3626373626373578,-0.1904761904761898,1
2.9900002679787576,0.012913211911490006,0.06580453192950309,-0.3626373626373578,-0.1904761904761898,1
2.9910002679680474,0.012442183058518495,0.06580453192950309,-0.3626373626373578,-0.1904761904761898,1
2.992000267957337,0.01197111235393131,0.06580453192950309,-0.3626373626373578,-0.1904761904761898,1
2.993000267946627,0.011500004447006558,0.06580453192950309,-0.3626373626373578,-0.1904761904761898,1
2.994000267935917,0.011028863987388452,0.06580453192950309,-0.3626373626373578,-0.1904761904761898,1
2.9950002679252066,0.01055769562504356,0.06580453192950309,-0.3626373626373578,-0.1904761904761898,1
2.9960002679144964,0.010086504010212763,0.06580453192950309,-0.3626373626373578,-0.1904761904761898,1
2.997000267903786,0.009615293793367506,0.06580453192950309,-0.3626373626373578,-0.1904761904761898,1
2.998000267893076,0.009144069625161762,0.06580453192950309,-0.3626373626373578,-0.1904761904761898,1
2.9990002678823657,0.008672836156388263,0.06580453192950309,-0.3626373626373578,-0.1904761904761898,1
3.0000002678716555,0.008201598037930469,0.06580453192950309,-0.3626373626373578,-0.1904761904761898,1
3.0010002678609453,0.007730359920718795,0.06580453192950309,-0.3626373626373578,-0.1904761904761898,1
3.002000267850235,0.007259126455682847,0.06580453192950309,-0.3626373626373578,-0.1904761904761898,1
3.003000267839525,0.006787902293706313,0.06580453192950309,-0.3626373626373578,-0.1904761904761898,1
3.0040002678288147,0.006316692085581864,0.06580453192950309,-0.3626373626373578,-0.1904761904761898,1
3.0050002678181045,0.005845500481963388,0.06580453192950309,-0.3626373626373578,-0.1904761904761898,1
3.0060002678073943,0.005374332133322215,0.06580453192950309,-0.3626373626373578,-0.1904761904761898,1
3.007000267796684,0.004903191689899099,0.06580453192950309,-0.3626373626373578,-0.1904761904761898,1
3.008000267785974,0.00443208380166044,0.06580453192950309,-0.3626373626373578,-0.1904761904761898,1
3.0090002677752636,0.00396101311825027,0.06580453192950309,-0.3626373626373578,-0.1904761904761898,1
3.0100002677645534,0.003489984288946489,0.06580453192950309,-0.3626373626373578,-0.1904761904761898,1
3.011000267753843,0.0030190019626128457,0.06580453192950309,-0.3626373626373578,-0.1904761904761898,1
3.012000267743133,0.0025480707876551923,0.06580453192950309,-0.3626373626373578,-0.1904761904761898,1
3.013000267732423,0.0020771954119734705,0.06580453192950309,-0.3626373626373578,-0.1904761904761898,1
3.0140002677217126,0.0016063804829179714,0.06580453192950309,-0.3626373626373578,-0.1904761904761898,1
3.0150002677110024,0.001135630647241338,0.06580453192950309,-0.3626373626373578,-0.1904761904761898,1
3.016000267700292,0.0006649505510548303,0.06580453192950309,-0.3626373626373578,-0.1904761904761898,1
3.017000267689582,0.00019434483978034503,0.06580453192950309,-0.3626373626373578,-0.1904761904761898,1
3.0180002676788718,-0.0002761818418933054,0.06580453192950309,-0.3626373626373578,-0.1904761904761898,1
3.0190002676681615,-0.0007466248500580981,0.06580453192950309,-0.3626373626373578,-0.1904761904761898,1
3.0200002676574513,-0.0012169795416318331,0.06580453192950309,-0.3626373626373578,-0.1904761904761898,1
3.021000267646741,-0.0016872412744031624,0.06580453192950309,-0.3626373626373578,-0.1904761904761898,1
3.022000267636031,-0.0021574054070792673,0.06580453192950309,-0.3626373626373578,-0.1904761904761898,1
3.0230002676253207,-0.00262746729932954,0.06580453192950309,-0.3626373626373578,-0.1904761904761898,1
3.0240002676146105,-0.003097422311833504,0.06580453192950309,-0.3626373626373578,-0.1904761904761898,1
3.0250002676039003,-0.003567265806324483,0.06580453192950309,-0.3626373626373578,-0.1904761904761898,1
3.02600026759319,-0.004036993145637503,0.06580453192950309,-0.3626373626373578,-0.1904761904761898,1
3.02700026758248,-0.004506599693752927,0.06580453192950309,-0.3626373626373578,-0.1904761904761898,1
3.0280002675717697,-0.0049760808158443425,0.06580453192950309,-0.3626373626373578,-0.1904761904761898,1
3.0290002675610594,-0.005445431878322183,0.06580453192950309,-0.3626373626373578,-0.1904761904761898,1
3.0300002675503492,-0.005914648248881575,0.06580453192950309,-0.3626373626373578,-0.1904761904761898,1
3.031000267539639,-0.006383725296545939,0.06580453192950309,-0.3626373626373578,-0.1904761904761898,1
3.032000267528929,-0.00685265839171482,0.06580453192950309,-0.3626373626373578,-0.1904761904761898,1
3.0330002675182186,-0.007321442906207452,0.06580453192950309,-0.3626373626373578,-0.1904761904761898,1
3.0340002675075084,-0.007790074213310301,0.06580453192950309,-0.3626373626373578,-0.1904761904761898,1
3.035000267496798,-0.008258547687821919,0.06580453192950309,-0.3626373626373578,-0.1904761904761898,1
3.036000267486088,-0.008726858706097813,0.06580453192950309,-0.3626373626373578,-0.1904761904761898,1
3.0370002674753778,-0.009195002646097926,0.06580453192950309,-0.3626373626373578,-0.1904761904761898,1
3.0380002674646676,-0.009662974887430141,0.06580453192950309,-0.3626373626373578,-0.1904761904761898,1
3.0390002674539573,-0.010130770811397988,0.06580453192950309,-0.3626373626373578,-0.1904761904761898,1
3.040000267443247,-0.010598385801044129,0.06580453192950309,-0.3626373626373578,-0.1904761904761898,1
3.041000267432537,-0.01106581524119802,0.06580453192950309,-0.3626373626373578,-0.1904761904761898,1
3.0420002674218267,-0.01153305451851937,0.06580453192950309,-0.3626373626373578,-0.1904761904761898,1
3.0430002674111165,-0.012000099021545776,0.06580453192950309,-0.3626373626373578,-0.1904761904761898,1
3.0440002674004063,-0.012466944140736111,0.06580453192950309,-0.3626373626373578,-0.1904761904761898,1
3.045000267389696,-0.012933585268518146,0.06580453192950309,-0.3626373626373578,-0.1904761904761898,1
3.046000267378986,-0.013400017799331917,0.06580453192950309,-0.3626373626373578,-0.1904761904761898,1
3.0470002673682757,-0.013866237129677276,0.06580453192950309,-0.3626373626373578,-0.1904761904761898,1
3.0480002673575655,-0.014332238658157224,0.06580453192950309,-0.3626373626373578,-0.1904761904761898,1
3.0490002673468553,-0.01479801778552517,0.06580453192950309,-0.3626373626373578,-0.1904761904761898,1
3.050000267336145,-0.01526356991472953,0.06580453192950309,-0.3626373626373578,-0.1904761904761898,1
3.051000267325435,-0.01572889045095831,0.06580453192950309,-0.3626373626373578,-0.1904761904761898,1
3.0520002673147246,-0.016193974801686304,0.06580453192950309,-0.3626373626373578,-0.1904761904761898,1
3.0530002673040144,-0.0166588183767183,0.06580453192950309,-0.3626373626373578,-0.1904761904761898,1
3.054000267293304,-0.017123416588236507,0.06580453192950309,-0.3626373626373578,-0.1904761904761898,1
3.055000267282594,-0.01758776485084371,0.06580453192950309,-0.3626373626373578,-0.1904761904761898,1
3.056000267271884,-0.01805185858161065,0.06580453192950309,-0.3626373626373578,-0.1904761904761898,1
3.0570002672611736,-0.018515693200119136,0.06580453192950309,-0.3626373626373578,-0.1904761904761898,1
3.0580002672504634,-0.018979264128509366,0.06580453192950309,-0.3626373626373578,-0.1904761904761898,1
3.059000267239753,-0.019442566791522998,0.05779354543373749,-0.4945054945054892,-0.15140415140415087,1
3.060000267229043,-0.019905596616550423,0.05550469214923304,-0.4065934065934016,-0.1611721611721606,1
3.0610002672183327,-0.020368349033673763,0.052071412222476354,-0.4505494505494454,-0.15140415140415087,1
3.0620002672076225,-0.020830819475714107,0.04787518120088485,-0.4065934065934016,-0.17094017094017033,1
3.0630002671969123,-0.02129300337827448,0.04444190127412817,-0.4505494505494454,-0.17094017094017033,1
3.064000267186202,-0.0217548961797867,0.042534523537041125,-0.4725274725274744,-0.1611721611721606,1
3.065000267175492,-0.02221649332155566,0.037193865873197396,-0.4285714285714306,-0.22954822954822873,1
3.0660002671647817,-0.022677790247803503,0.032616159304188486,-0.5164835164835182,-0.1611721611721606,1
3.0670002671540715,-0.02313878240571641,0.028419928282596985,-0.4945054945054892,-0.1318681318681314,1
3.0680002671433613,-0.02359946524548747,0.02651255054550994,-0.4285714285714306,-0.1611721611721606,1
3.069000267132651,-0.024059834220363667,0.023842221713588074,-0.4285714285714306,-0.1611721611721606,1
3.070000267121941,-0.024519884786688644,0.018501564049744346,-0.4505494505494454,-0.21001221001220927,1
3.0710002671112306,-0.024979612403949664,0.014305333028152845,-0.4065934065934016,-0.22954822954822873,1
3.0720002671005204,-0.02543901253482031,0.014305333028152845,-0.4065934065934016,-0.22954822954822873,1
3.0730002670898102,-0.0258980806452074,0.014305333028152845,-0.4065934065934016,-0.22954822954822873,1
3.0740002670791,-0.02635681220429357,0.014305333028152845,-0.4065934065934016,-0.22954822954822873,1
3.07500026706839,-0.026815202684584157,0.014305333028152845,-0.4065934065934016,-0.22954822954822873,1
3.0760002670576796,-0.02727324756194975,0.014305333028152845,-0.4065934065934016,-0.22954822954822873,1
3.0770002670469694,-0.02773094231567296,0.014305333028152845,-0.4065934065934016,-0.22954822954822873,1
3.078000267036259,-0.02818828242849091,0.014305333028152845,-0.4065934065934016,-0.22954822954822873,1
3.079000267025549,-0.028645263386641952,0.014305333028152845,-0.4065934065934016,-0.22954822954822873,1
3.0800002670148388,-0.029101880679908085,0.014305333028152845,-0.4065934065934016,-0.22954822954822873,1
3.0810002670041285,-0.02955812980166133,0.014305333028152845,-0.4065934065934016,-0.22954822954822873,1
3.0820002669934183,-0.030014006248907397,0.014305333028152845,-0.4065934065934016,-0.22954822954822873,1
3.083000266982708,-0.03046950552232939,0.014305333028152845,-0.4065934065934016,-0.22954822954822873,1
3.084000266971998,-0.030924623126333983,0.014305333028152845,-0.4065934065934016,-0.22954822954822873,1
3.0850002669612877,-0.03137935456909373,0.014305333028152845,-0.4065934065934016,-0.22954822954822873,1
3.0860002669505775,-0.0318336953625935,0.014305333028152845,-0.4065934065934016,-0.22954822954822873,1
3.0870002669398673,-0.032287641022672654,0.014305333028152845,-0.4065934065934016,-0.22954822954822873,1
3.088000266929157,-0.03274118706907141,0.014305333028152845,-0.4065934065934016,-0.22954822954822873,1
3.089000266918447,-0.033194329025472986,0.014305333028152845,-0.4065934065934016,-0.22954822954822873,1
3.0900002669077367,-0.033647062419549796,0.014305333028152845,-0.4065934065934016,-0.22954822954822873,1
3.0910002668970264,-0.03409938278300562,0.014305333028152845,-0.4065934065934016,-0.22954822954822873,1
3.0920002668863162,-0.034551285651621695,0.014305333028152845,-0.4065934065934016,-0.22954822954822873,1
3.093000266875606,-0.03500276656529871,0.014305333028152845,-0.4065934065934016,-0.22954822954822873,1
3.094000266864896,-0.035453821068102936,0.014305333028152845,-0.4065934065934016,-0.22954822954822873,1
3.0950002668541856,-0.03590444470830811,0.014305333028152845,-0.4065934065934016,-0.22954822954822873,1
3.0960002668434754,-0.03635463303844118,0.014305333028152845,-0.4065934065934016,-0.22954822954822873,1
3.097000266832765,-0.03680438161532542,0.014305333028152845,-0.4065934065934016,-0.22954822954822873,1
3.098000266822055,-0.037253686000123534,0.014305333028152845,-0.4065934065934016,-0.22954822954822873,1
3.0990002668113448,-0.03770254175838325,0.014305333028152845,-0.4065934065934016,-0.22954822954822873,1
3.1000002668006346,-0.03815094446007902,0.014305333028152845,-0.4065934065934016,-0.22954822954822873,1
3.1010002667899244,-0.03859888967965782,0.014305333028152845,-0.4065934065934016,-0.22954822954822873,1
3.102000266779214,-0.03904637299608075,0.014305333028152845,-0.4065934065934016,-0.22954822954822873,1
3.103000266768504,-0.03949338999286874,0.014305333028152845,-0.4065934065934016,-0.22954822954822873,1
3.1040002667577937,-0.03993993625814408,0.014305333028152845,-0.4065934065934016,-0.22954822954822873,1
3.1050002667470835,-0.04038600738467602,0.014305333028152845,-0.4065934065934016,-0.22954822954822873,1
3.1060002667363733,-0.04083159896992222,0.014305333028152845,-0.4065934065934016,-0.22954822954822873,1
3.107000266725663,-0.041276706616074216,0.014305333028152845,-0.4065934065934016,-0.22954822954822873,1
3.108000266714953,-0.041721325930098835,0.014305333028152845,-0.4065934065934016,-0.22954822954822873,1
3.1090002667042427,-0.042165452523783536,0.014305333028152845,-0.4065934065934016,-0.22954822954822873,1
3.1100002666935325,-0.04260908201377773,0.014305333028152845,-0.4065934065934016,-0.22954822954822873,1
3.1110002666828223,-0.04305221002163782,0.014305333028152845,-0.4065934065934016,-0.22954822954822873,1
3.112000266672112,-0.043494832173869576,0.014305333028152845,-0.4065934065934016,-0.22954822954822873,1
3.113000266661402,-0.04393694410197067,0.014305333028152845,-0.4065934065934016,-0.22954822954822873,1
3.1140002666506916,-0.04437854144247544,0.014305333028152845,-0.4065934065934016,-0.22954822954822873,1
3.1150002666399814,-0.044819619836996005,0.014305333028152845,-0.4065934065934016,-0.22954822954822873,1
3.116000266629271,-0.04526017493226729,0.014305333028152845,-0.4065934065934016,-0.22954822954822873,1
3.117000266618561,-0.045700202380187946,0.014305333028152845,-0.4065934065934016,-0.22954822954822873,1
3.118000266607851,-0.0461396978378653,0.014305333028152845,-0.4065934065934016,-0.22954822954822873,1
3.1190002665971406,-0.04657865696765621,0.014305333028152845,-0.4065934065934016,-0.22954822954822873,1
3.1200002665864304,-0.04701707543721188,0.014305333028152845,-0.4065934065934016,-0.22954822954822873,1
3.12100026657572,-0.0474549489195186,0.014305333028152845,-0.4065934065934016,-0.22954822954822873,1
3.12200026656501,-0.047892273092942465,0.014305333028152845,-0.4065934065934016,-0.22954822954822873,1
3.1230002665542997,-0.04832904364127004,0.014305333028152845,-0.4065934065934016,-0.22954822954822873,1
3.1240002665435895,-0.04876525625375292,0.014305333028152845,-0.4065934065934016,-0.22954822954822873,1
3.1250002665328793,-0.049200906625148345,0.014305333028152845,-0.4065934065934016,-0.22954822954822873,1
3.126000266522169,-0.04963599045576335,0.014305333028152845,-0.4065934065934016,-0.22954822954822873,1
3.127000266511459,-0.05007050345149652,0.014305333028152845,-0.4065934065934016,-0.22954822954822873,1
3.1280002665007487,-0.050504441323879615,0.014305333028152845,-0.4065934065934016,-0.22954822954822873,1
3.1290002664900385,-0.05093779979012159,0.014305333028152845,-0.4065934065934016,-0.22954822954822873,1
3.1300002664793283,-0.05137057457314895,0.014305333028152845,-0.4065934065934016,-0.22954822954822873,1
3.131000266468618,-0.05180276140164988,0.014305333028152845,-0.4065934065934016,-0.22954822954822873,1
3.132000266457908,-0.052234356010114474,0.014305333028152845,-0.4065934065934016,-0.22954822954822873,1
3.1330002664471976,-0.052665354138878746,0.014305333028152845,-0.4065934065934016,-0.22954822954822873,1
3.1340002664364874,-0.053095751534164806,0.014305333028152845,-0.4065934065934016,-0.22954822954822873,1
3.1350002664257772,-0.053525543948124664,0.014305333028152845,-0.4065934065934016,-0.22954822954822873,1
3.136000266415067,-0.05395472713888033,0.014305333028152845,-0.4065934065934016,-0.22954822954822873,1
3.137000266404357,-0.054383296870567546,0.014305333028152845,-0.4065934065934016,-0.22954822954822873,1
3.1380002663936466,-0.054811248913375715,0.014305333028152845,-0.4065934065934016,-0.22954822954822873,1
3.1390002663829364,-0.05523857904359149,0.014305333028152845,-0.4065934065934016,-0.22954822954822873,1
3.140000266372226,-0.055665283043638616,0.014305333028152845,-0.4065934065934016,-0.22954822954822873,1
3.141000266361516,-0.05609135670212122,0.014305333028152845,-0.4065934065934016,-0.22954822954822873,1
3.1420002663508058,-0.05651679581386464,0.014305333028152845,-0.4065934065934016,-0.22954822954822873,1
3.1430002663400955,-0.0569415961799562,0.014305333028152845,-0.4065934065934016,-0.22954822954822873,1
3.1440002663293853,-0.05736575360778835,0.014305333028152845,-0.4065934065934016,-0.22954822954822873,1
3.145000266318675,-0.05778926391109815,0.014305333028152845,-0.4065934065934016,-0.22954822954822873,1
3.146000266307965,-0.05821212291001042,0.014305333028152845,-0.4065934065934016,-0.22954822954822873,1
3.1470002662972547,-0.0586343264310772,0.014305333028152845,-0.4065934065934016,-0.22954822954822873,1
3.1480002662865445,-0.059055870307320735,0.014305333028152845,-0.4065934065934016,-0.22954822954822873,1
3.1490002662758343,-0.059476750378272755,0.014305333028152845,-0.4065934065934016,-0.22954822954822873,1
3.150000266265124,-0.05989696249001747,0.014305333028152845,-0.4065934065934016,-0.22954822954822873,1
3.151000266254414,-0.06031650249523057,0.014305333028152845,-0.4065934065934016,-0.22954822954822873,1
3.1520002662437037,-0.060735366253222164,0.014305333028152845,-0.4065934065934016,-0.22954822954822873,1
3.1530002662329935,-0.061153549629975656,0.014305333028152845,-0.4065934065934016,-0.22954822954822873,1
3.1540002662222832,-0.06157104849819052,0.014305333028152845,-0.4065934065934016,-0.22954822954822873,1
3.155000266211573,-0.061987858737321086,0.014305333028152845,-0.4065934065934016,-0.22954822954822873,1
3.156000266200863,-0.06240397623361914,0.014305333028152845,-0.4065934065934016,-0.22954822954822873,1
3.1570002661901526,-0.06281939688017257,0.014305333028152845,-0.4065934065934016,-0.22954822954822873,1
3.1580002661794424,-0.06323411657694768,0.014305333028152845,-0.4065934065934016,-0.22954822954822873,1
3.159000266168732,-0.06364813123082878,0.014305333028152845,-0.4065934065934016,-0.22954822954822873,1
3.160000266158022,-0.06406143675565801,0.014305333028152845,-0.4065934065934016,-0.22954822954822873,1
3.1610002661473118,-0.06447402907227724,0.014305333028152845,-0.4065934065934016,-0.22954822954822873,1
3.1620002661366016,-0.06488590410856651,0.014305333028152845,-0.4065934065934016,-0.22954822954822873,1
3.1630002661258914,-0.06529705779948605,0.014305333028152845,-0.4065934065934016,-0.22954822954822873,1
3.164000266115181,-0.06570748608711453,0.014305333028152845,-0.4065934065934016,-0.22954822954822873,1
3.165000266104471,-0.066117184920691,0.014305333028152845,-0.4065934065934016,-0.22954822954822873,1
3.1660002660937607,-0.06652615025665301,0.014305333028152845,-0.4065934065934016,-0.22954822954822873,1
3.1670002660830505,-0.06693437805867834,0.014305333028152845,-0.4065934065934016,-0.22954822954822873,1
3.1680002660723403,-0.067341864297723,0.014305333028152845,-0.4065934065934016,-0.22954822954822873,1
3.16900026606163,-0.0677486049520629,0.014305333028152845,-0.4065934065934016,-0.22954822954822873,1
3.17000026605092,-0.0681545960073316,0.014305333028152845,-0.4065934065934016,-0.22954822954822873,1
3.1710002660402097,-0.06855983345656183,0.014305333028152845,-0.4065934065934016,-0.22954822954822873,1
3.1720002660294995,-0.06896431330022319,0.014305333028152845,-0.4065934065934016,-0.22954822954822873,1
3.1730002660187893,-0.06936803154626324,0.014305333028152845,-0.4065934065934016,-0.22954822954822873,1
3.174000266008079,-0.0697709842101462,0.014305333028152845,-0.4065934065934016,-0.22954822954822873,1
3.175000265997369,-0.0701731673148916,0.014305333028152845,-0.4065934065934016,-0.22954822954822873,1
3.1760002659866586,-0.07057457689111504,0.014305333028152845,-0.4065934065934016,-0.22954822954822873,1
3.1770002659759484,-0.07097520897706576,0.013542381933318026,-0.4505494505494454,-0.22954822954822873,1
3.178000265965238,-0.0713750596186673,0.009346150911726525,-0.4725274725274744,-0.219780219780219,1
3.179000265954528,-0.07177412486955492,0.004768444342717615,-0.4945054945054892,-0.219780219780219,1
3.180000265943818,-0.07217240079111624,-0.0005722133211261138,-0.5164835164835182,-0.20024420024419953,1
3.1810002659331076,-0.07256988345252832,-0.0020981155107957505,-0.4285714285714306,-0.21001221001220927,1
3.1820002659223974,-0.0729665689307983,-0.005912870984969842,-0.4065934065934016,-0.219780219780219,1
3.183000265911687,-0.07336245331080028,-0.008583199816891707,-0.4945054945054892,-0.22954822954822873,1
3.184000265900977,-0.07375753268531582,-0.009727626459143934,-0.4505494505494454,-0.22954822954822873,1
3.1850002658902667,-0.07415180315507061,-0.013160906385900617,-0.4725274725274744,-0.219780219780219,1
3.1860002658795565,-0.07454526082877481,-0.01621271076523989,-0.4945054945054892,-0.21001221001220927,1
3.1870002658688463,-0.07493790182315967,-0.02117189288166621,-0.4725274725274744,-0.20024420024419953,1
3.188000265858136,-0.0753297222630174,-0.02574959945067512,-0.4505494505494454,-0.21001221001220927,1
3.189000265847426,-0.07572071828123873,-0.029182879377431803,-0.5164835164835182,-0.219780219780219,1
3.1900002658367157,-0.0761108860188505,-0.03490501258869294,-0.3626373626373578,-0.23931623931623847,1
3.1910002658260055,-0.07650022162505513,-0.03604943923094517,-0.4065934065934016,-0.25885225885225793,1
3.1920002658152953,-0.07688872125726702,-0.037575341420614805,-0.4725274725274744,-0.2490842490842482,1
3.193000265804585,-0.07727638108115217,-0.03910124361028444,-0.4065934065934016,-0.23931623931623847,1
3.194000265793875,-0.07766319727066427,-0.03910124361028444,-0.4065934065934016,-0.23931623931623847,1
3.1950002657831647,-0.07804916600808422,-0.03910124361028444,-0.4065934065934016,-0.23931623931623847,1
3.1960002657724544,-0.07843428348405604,-0.03910124361028444,-0.4065934065934016,-0.23931623931623847,1
3.1970002657617442,-0.07881854589762623,-0.03910124361028444,-0.4065934065934016,-0.23931623931623847,1
3.198000265751034,-0.07920194945627955,-0.03910124361028444,-0.4065934065934016,-0.23931623931623847,1
3.199000265740324,-0.07958449037597819,-0.03910124361028444,-0.4065934065934016,-0.23931623931623847,1
3.2000002657296136,-0.07996616488119736,-0.03910124361028444,-0.4065934065934016,-0.23931623931623847,1
3.2010002657189034,-0.08034696920496427,-0.03910124361028444,-0.4065934065934016,-0.23931623931623847,1
3.202000265708193,-0.08072689958889365,-0.03910124361028444,-0.4065934065934016,-0.23931623931623847,1
3.203000265697483,-0.0811059522832263,-0.03910124361028444,-0.4065934065934016,-0.23931623931623847,1
3.2040002656867728,-0.08148412354686542,-0.03910124361028444,-0.4065934065934016,-0.23931623931623847,1
3.2050002656760626,-0.081861409647413,-0.03910124361028444,-0.4065934065934016,-0.23931623931623847,1
3.2060002656653523,-0.08223780686120799,-0.03910124361028444,-0.4065934065934016,-0.23931623931623847,1
3.207000265654642,-0.08261331147336158,-0.03910124361028444,-0.4065934065934016,-0.23931623931623847,1
3.208000265643932,-0.08298791977779531,-0.03910124361028444,-0.4065934065934016,-0.23931623931623847,1
3.2090002656332217,-0.08336162807727611,-0.03910124361028444,-0.4065934065934016,-0.23931623931623847,1
3.2100002656225115,-0.08373443268345443,-0.03910124361028444,-0.4065934065934016,-0.23931623931623847,1
3.2110002656118013,-0.08410632991689897,-0.03910124361028444,-0.4065934065934016,-0.23931623931623847,1
3.212000265601091,-0.08447731610713469,-0.03910124361028444,-0.4065934065934016,-0.23931623931623847,1
3.213000265590381,-0.08484738759267733,-0.03910124361028444,-0.4065934065934016,-0.23931623931623847,1
3.2140002655796707,-0.0852165407210712,-0.03910124361028444,-0.4065934065934016,-0.23931623931623847,1
3.2150002655689605,-0.08558477184892364,-0.03910124361028444,-0.4065934065934016,-0.23931623931623847,1
3.2160002655582502,-0.08595207734194257,-0.03910124361028444,-0.4065934065934016,-0.23931623931623847,1
3.21700026554754,-0.08631845357497071,-0.03910124361028444,-0.4065934065934016,-0.23931623931623847,1
3.21800026553683,-0.08668389693202308,-0.03910124361028444,-0.4065934065934016,-0.23931623931623847,1
3.2190002655261196,-0.08704840380632091,-0.03910124361028444,-0.4065934065934016,-0.23931623931623847,1
3.2200002655154094,-0.08741197060032879,-0.03910124361028444,-0.4065934065934016,-0.23931623931623847,1
3.221000265504699,-0.08777459372578954,-0.03910124361028444,-0.4065934065934016,-0.23931623931623847,1
3.222000265493989,-0.08813626960375898,-0.03910124361028444,-0.4065934065934016,-0.23931623931623847,1
3.223000265483279,-0.08849699466464267,-0.03910124361028444,-0.4065934065934016,-0.23931623931623847,1
3.2240002654725686,-0.08885676534822957,-0.03910124361028444,-0.4065934065934016,-0.23931623931623847,1
3.2250002654618584,-0.08921557810372877,-0.03910124361028444,-0.4065934065934016,-0.23931623931623847,1
3.226000265451148,-0.0895734293898029,-0.03910124361028444,-0.4065934065934016,-0.23931623931623847,1
3.227000265440438,-0.08993031567460469,-0.03910124361028444,-0.4065934065934016,-0.23931623931623847,1
3.2280002654297277,-0.0902862334358103,-0.03910124361028444,-0.4065934065934016,-0.23931623931623847,1
3.2290002654190175,-0.09064117916065557,-0.03910124361028444,-0.4065934065934016,-0.23931623931623847,1
3.2300002654083073,-0.0909951493459692,-0.03910124361028444,-0.4065934065934016,-0.23931623931623847,1
3.231000265397597,-0.09134814049820879,-0.03910124361028444,-0.4065934065934016,-0.23931623931623847,1
3.232000265386887,-0.09170014913349388,-0.03910124361028444,-0.4065934065934016,-0.23931623931623847,1
3.2330002653761767,-0.09205117177764181,-0.03910124361028444,-0.4065934065934016,-0.23931623931623847,1
3.2340002653654665,-0.0924012049662005,-0.03910124361028444,-0.4065934065934016,-0.23931623931623847,1
3.2350002653547563,-0.09275024524448394,-0.03910124361028444,-0.4065934065934016,-0.23931623931623847,1
3.236000265344046,-0.09309828916760578,-0.03910124361028444,-0.4065934065934016,-0.23931623931623847,1
3.237000265333336,-0.09344533330051269,-0.03910124361028444,-0.4065934065934016,-0.23931623931623847,1
3.2380002653226256,-0.09379137421801964,-0.03910124361028444,-0.4065934065934016,-0.23931623931623847,1
3.2390002653119154,-0.09413640850484216,-0.03910124361028444,-0.4065934065934016,-0.23931623931623847,1
3.240000265301205,-0.09448043275563162,-0.03910124361028444,-0.4065934065934016,-0.23931623931623847,1
3.241000265290495,-0.0948234435750072,-0.03910124361028444,-0.4065934065934016,-0.23931623931623847,1
3.242000265279785,-0.09516543757759109,-0.03910124361028444,-0.4065934065934016,-0.23931623931623847,1
3.2430002652690746,-0.09550641138804021,-0.03910124361028444,-0.4065934065934016,-0.23931623931623847,1
3.2440002652583644,-0.09584636164108117,-0.03910124361028444,-0.4065934065934016,-0.23931623931623847,1
3.245000265247654,-0.09618528498154193,-0.03910124361028444,-0.4065934065934016,-0.23931623931623847,1
3.246000265236944,-0.09652317806438636,-0.03910124361028444,-0.4065934065934016,-0.23931623931623847,1
3.2470002652262338,-0.09686003755474587,-0.03910124361028444,-0.4065934065934016,-0.23931623931623847,1
3.2480002652155235,-0.09719586012795373,-0.03910124361028444,-0.4065934065934016,-0.23931623931623847,1
3.2490002652048133,-0.0975306424695764,-0.03910124361028444,-0.4065934065934016,-0.23931623931623847,1
3.250000265194103,-0.09786438127544758,-0.03910124361028444,-0.4065934065934016,-0.23931623931623847,1
3.251000265183393,-0.09819707325170028,-0.03910124361028444,-0.4065934065934016,-0.23931623931623847,1
3.2520002651726827,-0.09852871511479869,-0.03910124361028444,-0.4065934065934016,-0.23931623931623847,1
3.2530002651619725,-0.09885930359157193,-0.03910124361028444,-0.4065934065934016,-0.23931623931623847,1
3.2540002651512623,-0.09918883541924492,-0.03910124361028444,-0.4065934065934016,-0.23931623931623847,1
3.255000265140552,-0.099517307345472,-0.03910124361028444,-0.4065934065934016,-0.23931623931623847,1
3.256000265129842,-0.09984471612836755,-0.03910124361028444,-0.4065934065934016,-0.23931623931623847,1
3.2570002651191317,-0.10017105853653953,-0.03910124361028444,-0.4065934065934016,-0.23931623931623847,1
3.2580002651084214,-0.1004963313491198,-0.03910124361028444,-0.4065934065934016,-0.23931623931623847,1
3.2590002650977112,-0.10082053135579745,-0.03910124361028444,-0.4065934065934016,-0.23931623931623847,1
3.260000265087001,-0.10114365535684901,-0.03910124361028444,-0.4065934065934016,-0.23931623931623847,1
3.261000265076291,-0.10146570016317147,-0.03910124361028444,-0.4065934065934016,-0.23931623931623847,1
3.2620002650655806,-0.10178666259631232,-0.03910124361028444,-0.4065934065934016,-0.23931623931623847,1
3.2630002650548704,-0.10210653948850233,-0.03910124361028444,-0.4065934065934016,-0.23931623931623847,1
3.26400026504416,-0.10242532768268546,-0.03910124361028444,-0.4065934065934016,-0.23931623931623847,1
3.26500026503345,-0.10274302403255116,-0.03910124361028444,-0.4065934065934016,-0.23931623931623847,1
3.2660002650227398,-0.10305962540256496,-0.03910124361028444,-0.4065934065934016,-0.23931623931623847,1
3.2670002650120296,-0.10337512866799885,-0.03910124361028444,-0.4065934065934016,-0.23931623931623847,1
3.2680002650013193,-0.10368953071496341,-0.03910124361028444,-0.4065934065934016,-0.23931623931623847,1
3.269000264990609,-0.10400282844043708,-0.03910124361028444,-0.4065934065934016,-0.23931623931623847,1
3.270000264979899,-0.1043150187522982,-0.03910124361028444,-0.4065934065934016,-0.23931623931623847,1
3.2710002649691887,-0.10462609856935416,-0.03910124361028444,-0.4065934065934016,-0.23931623931623847,1
3.2720002649584785,-0.10493606482137319,-0.03910124361028444,-0.4065934065934016,-0.23931623931623847,1
3.2730002649477683,-0.10524491444911319,-0.03910124361028444,-0.4065934065934016,-0.23931623931623847,1
3.274000264937058,-0.10555264440435345,-0.03910124361028444,-0.4065934065934016,-0.23931623931623847,1
3.275000264926348,-0.10585925164992328,-0.03910124361028444,-0.4065934065934016,-0.23931623931623847,1
3.2760002649156377,-0.10616473315973336,-0.03910124361028444,-0.4065934065934016,-0.23931623931623847,1
3.2770002649049275,-0.1064690859188042,-0.03910124361028444,-0.4065934065934016,-0.23931623931623847,1
3.2780002648942173,-0.1067723069232974,-0.03910124361028444,-0.4065934065934016,-0.23931623931623847,1
3.279000264883507,-0.10707439318054374,-0.03910124361028444,-0.4065934065934016,-0.23931623931623847,1
3.280000264872797,-0.10737534170907426,-0.03910124361028444,-0.4065934065934016,-0.23931623931623847,1
3.2810002648620866,-0.10767514953864818,-0.03910124361028444,-0.4065934065934016,-0.23931623931623847,1
3.2820002648513764,-0.10797381371028349,-0.03910124361028444,-0.4065934065934016,-0.23931623931623847,1
3.283000264840666,-0.10827133127628563,-0.03910124361028444,-0.4065934065934016,-0.23931623931623847,1
3.284000264829956,-0.10856769930027607,-0.03910124361028444,-0.4065934065934016,-0.23931623931623847,1
3.285000264819246,-0.10886291485722245,-0.03910124361028444,-0.4065934065934016,-0.23931623931623847,1
3.2860002648085356,-0.10915697503346614,-0.03910124361028444,-0.4065934065934016,-0.23931623931623847,1
3.2870002647978254,-0.10944987692675232,-0.03910124361028444,-0.4065934065934016,-0.23931623931623847,1
3.288000264787115,-0.10974161764625726,-0.03910124361028444,-0.4065934065934016,-0.23931623931623847,1
3.289000264776405,-0.11003219431261824,-0.03910124361028444,-0.4065934065934016,-0.23931623931623847,1
3.2900002647656947,-0.11032160405796063,-0.03910124361028444,-0.4065934065934016,-0.23931623931623847,1
3.2910002647549845,-0.11060984402592743,-0.03910124361028444,-0.4065934065934016,-0.23931623931623847,1
3.2920002647442743,-0.11089691137170629,-0.03910124361028444,-0.4065934065934016,-0.23931623931623847,1
3.293000264733564,-0.11118280326205879,-0.03910124361028444,-0.4065934065934016,-0.23931623931623847,1
3.294000264722854,-0.11146751687534709,-0.03910124361028444,-0.4065934065934016,-0.23931623931623847,1
3.2950002647121437,-0.11175104940156319,-0.03910124361028444,-0.4065934065934016,-0.23931623931623847,1
3.2960002647014335,-0.11203339804235526,-0.03910124361028444,-0.4065934065934016,-0.23931623931623847,1
3.2970002646907233,-0.1123145600110564,-0.03910124361028444,-0.4065934065934016,-0.23931623931623847,1
3.298000264680013,-0.11259453253271172,-0.03910124361028444,-0.4065934065934016,-0.23931623931623847,1
3.299000264669303,-0.1128733128441052,-0.03910124361028444,-0.4065934065934016,-0.23931623931623847,1
3.3000002646585926,-0.11315089819378812,-0.03910124361028444,-0.4065934065934016,-0.23931623931623847,1
3.3010002646478824,-0.11342728584210485,-0.03910124361028444,-0.4065934065934016,-0.23931623931623847,1
3.3020002646371722,-0.11370247306122125,-0.03910124361028444,-0.4065934065934016,-0.23931623931623847,1
3.303000264626462,-0.11397645713515034,-0.04024567025253667,-0.3846153846153868,-0.25885225885225793,1
3.304000264615752,-0.11424923535978028,-0.04329747463187594,-0.3626373626373578,-0.2490842490842482,1
3.3050002646050416,-0.11452080504289987,-0.04863813229571967,-0.3846153846153868,-0.26862026862026767,1
3.3060002645943314,-0.1147911635042263,-0.051308461127641536,-0.3846153846153868,-0.23931623931623847,1
3.307000264583621,-0.11506030807543052,-0.05512321660181563,-0.4725274725274744,-0.23931623931623847,1
3.308000264572911,-0.1153282361001646,-0.05855649652857231,-0.4505494505494454,-0.23931623931623847,1
3.3090002645622008,-0.11559494493408685,-0.06275272755016381,-0.4505494505494454,-0.2490842490842482,1
3.3100002645514905,-0.11586043194488915,-0.06885633630884236,-0.340659340659343,-0.29792429792429687,1
3.3110002645407803,-0.11612469451232157,-0.07114518959334681,-0.4285714285714306,-0.25885225885225793,1
3.31200026453007,-0.11638773002821952,-0.0749599450675209,-0.4285714285714306,-0.25885225885225793,1
3.31300026451936,-0.11664953589652885,-0.07763027389944277,-0.340659340659343,-0.2783882783882774,1
3.3140002645086497,-0.11691010953333106,-0.08144502937361686,-0.2747252747252702,-0.2783882783882774,1
3.3150002644979395,-0.11716944836686993,-0.08449683375295614,-0.340659340659343,-0.26862026862026767,1
3.3160002644872293,-0.11742754983757564,-0.08487830930037354,-0.2967032967032992,-0.28815628815628713,1
3.317000264476519,-0.11768441139809122,-0.08487830930037354,-0.2967032967032992,-0.28815628815628713,1
3.318000264465809,-0.11794003051329649,-0.08487830930037354,-0.2967032967032992,-0.28815628815628713,1
3.3190002644550987,-0.11819440466033435,-0.08487830930037354,-0.2967032967032992,-0.28815628815628713,1
3.3200002644443884,-0.11844753132863445,-0.08487830930037354,-0.2967032967032992,-0.28815628815628713,1
3.3210002644336782,-0.11869940801993908,-0.08487830930037354,-0.2967032967032992,-0.28815628815628713,1
3.322000264422968,-0.11895003224832676,-0.08487830930037354,-0.2967032967032992,-0.28815628815628713,1
3.323000264412258,-0.11919940154023786,-0.08487830930037354,-0.2967032967032992,-0.28815628815628713,1
3.3240002644015476,-0.11944751343449797,-0.08487830930037354,-0.2967032967032992,-0.28815628815628713,1
3.3250002643908374,-0.1196943654823431,-0.08487830930037354,-0.2967032967032992,-0.28815628815628713,1
3.326000264380127,-0.11993995524744305,-0.08487830930037354,-0.2967032967032992,-0.28815628815628713,1
3.327000264369417,-0.12018428030592612,-0.08487830930037354,-0.2967032967032992,-0.28815628815628713,1
3.3280002643587068,-0.12042733824640287,-0.08487830930037354,-0.2967032967032992,-0.28815628815628713,1
3.3290002643479966,-0.12066912666998927,-0.08487830930037354,-0.2967032967032992,-0.28815628815628713,1
3.3300002643372864,-0.12090964319033157,-0.08487830930037354,-0.2967032967032992,-0.28815628815628713,1
3.331000264326576,-0.12114888543362856,-0.08487830930037354,-0.2967032967032992,-0.28815628815628713,1
3.332000264315866,-0.12138685103865621,-0.08487830930037354,-0.2967032967032992,-0.28815628815628713,1
3.3330002643051557,-0.12162353765678988,-0.08487830930037354,-0.2967032967032992,-0.28815628815628713,1
3.3340002642944455,-0.12185894295202845,-0.08487830930037354,-0.2967032967032992,-0.28815628815628713,1
3.3350002642837353,-0.12209306460101657,-0.08487830930037354,-0.2967032967032992,-0.28815628815628713,1
3.336000264273025,-0.12232590029306831,-0.08487830930037354,-0.2967032967032992,-0.28815628815628713,1
3.337000264262315,-0.12255744773018923,-0.08487830930037354,-0.2967032967032992,-0.28815628815628713,1
3.3380002642516047,-0.1227877046270999,-0.08487830930037354,-0.2967032967032992,-0.28815628815628713,1
3.3390002642408945,-0.12301666871125752,-0.08487830930037354,-0.2967032967032992,-0.28815628815628713,1
3.3400002642301843,-0.12324433772287927,-0.08487830930037354,-0.2967032967032992,-0.28815628815628713,1
3.341000264219474,-0.12347070941496374,-0.08487830930037354,-0.2967032967032992,-0.28815628815628713,1
3.342000264208764,-0.12369578155331404,-0.08487830930037354,-0.2967032967032992,-0.28815628815628713,1
3.3430002641980536,-0.12391955191655879,-0.08487830930037354,-0.2967032967032992,-0.28815628815628713,1
3.3440002641873434,-0.12414201829617502,-0.08487830930037354,-0.2967032967032992,-0.28815628815628713,1
3.345000264176633,-0.12436317849650957,-0.08487830930037354,-0.2967032967032992,-0.28815628815628713,1
3.346000264165923,-0.12458303033480037,-0.08487830930037354,-0.2967032967032992,-0.28815628815628713,1
3.347000264155213,-0.12480157164119876,-0.08487830930037354,-0.2967032967032992,-0.28815628815628713,1
3.3480002641445026,-0.1250188002587901,-0.08487830930037354,-0.2967032967032992,-0.28815628815628713,1
3.3490002641337924,-0.12523471404361597,-0.08487830930037354,-0.2967032967032992,-0.28815628815628713,1
3.350000264123082,-0.1254493108646942,-0.08487830930037354,-0.2967032967032992,-0.28815628815628713,1
3.351000264112372,-0.12566258860404117,-0.08487830930037354,-0.2967032967032992,-0.28815628815628713,1
3.3520002641016617,-0.1258745451566915,-0.08487830930037354,-0.2967032967032992,-0.28815628815628713,1
3.3530002640909515,-0.12608517843071979,-0.08487830930037354,-0.2967032967032992,-0.28815628815628713,1
3.3540002640802413,-0.12629448634726054,-0.08487830930037354,-0.2967032967032992,-0.28815628815628713,1
3.355000264069531,-0.12650246684052935,-0.08487830930037354,-0.2967032967032992,-0.28815628815628713,1
3.356000264058821,-0.12670911785784256,-0.08487830930037354,-0.2967032967032992,-0.28815628815628713,1
3.3570002640481107,-0.1269144373596383,-0.08487830930037354,-0.2967032967032992,-0.28815628815628713,1
3.3580002640374005,-0.12711842331949585,-0.08487830930037354,-0.2967032967032992,-0.28815628815628713,1
3.3590002640266903,-0.12732107372415624,-0.08487830930037354,-0.2967032967032992,-0.28815628815628713,1
3.36000026401598,-0.12752238657354195,-0.08487830930037354,-0.2967032967032992,-0.28815628815628713,1
3.36100026400527,-0.1277223598807763,-0.08487830930037354,-0.2967032967032992,-0.28815628815628713,1
3.3620002639945596,-0.12792099167220367,-0.08487830930037354,-0.2967032967032992,-0.28815628815628713,1
3.3630002639838494,-0.12811827998740832,-0.08487830930037354,-0.2967032967032992,-0.28815628815628713,1
3.3640002639731392,-0.12831422287923452,-0.08487830930037354,-0.2967032967032992,-0.28815628815628713,1
3.365000263962429,-0.12850881841380485,-0.08487830930037354,-0.2967032967032992,-0.28815628815628713,1
3.366000263951719,-0.12870206467054016,-0.08487830930037354,-0.2967032967032992,-0.28815628815628713,1
3.3670002639410086,-0.12889395974217777,-0.08487830930037354,-0.2967032967032992,-0.28815628815628713,1
3.3680002639302984,-0.12908450173479102,-0.08487830930037354,-0.2967032967032992,-0.28815628815628713,1
3.369000263919588,-0.12927368876780723,-0.08487830930037354,-0.2967032967032992,-0.28815628815628713,1
3.370000263908878,-0.129461518974027,-0.08487830930037354,-0.2967032967032992,-0.28815628815628713,1
3.3710002638981678,-0.12964799049964187,-0.08487830930037354,-0.2967032967032992,-0.28815628815628713,1
3.3720002638874575,-0.1298331015042534,-0.08487830930037354,-0.2967032967032992,-0.28815628815628713,1
3.3730002638767473,-0.1300168501608905,-0.08487830930037354,-0.2967032967032992,-0.28815628815628713,1
3.374000263866037,-0.1301992346560283,-0.08487830930037354,-0.2967032967032992,-0.28815628815628713,1
3.375000263855327,-0.1303802531896056,-0.08487830930037354,-0.2967032967032992,-0.28815628815628713,1
3.3760002638446167,-0.1305599039750424,-0.08487830930037354,-0.2967032967032992,-0.28815628815628713,1
3.3770002638339065,-0.1307381852392582,-0.08487830930037354,-0.2967032967032992,-0.28815628815628713,1
3.3780002638231963,-0.1309150952226887,-0.08487830930037354,-0.2967032967032992,-0.28815628815628713,1
3.379000263812486,-0.13109063217930408,-0.08487830930037354,-0.2967032967032992,-0.28815628815628713,1
3.380000263801776,-0.13126479437662528,-0.08487830930037354,-0.2967032967032992,-0.28815628815628713,1
3.3810002637910657,-0.13143758009574188,-0.08487830930037354,-0.2967032967032992,-0.28815628815628713,1
3.3820002637803555,-0.13160898763132853,-0.08487830930037354,-0.2967032967032992,-0.28815628815628713,1
3.3830002637696452,-0.13177901529166222,-0.08487830930037354,-0.2967032967032992,-0.28815628815628713,1
3.384000263758935,-0.13194766139863848,-0.08487830930037354,-0.2967032967032992,-0.28815628815628713,1
3.385000263748225,-0.13211492428778848,-0.08487830930037354,-0.2967032967032992,-0.28815628815628713,1
3.3860002637375146,-0.13228080230829492,-0.08487830930037354,-0.2967032967032992,-0.28815628815628713,1
3.3870002637268044,-0.13244529382300893,-0.08487830930037354,-0.2967032967032992,-0.28815628815628713,1
3.388000263716094,-0.1326083972084655,-0.08487830930037354,-0.2967032967032992,-0.28815628815628713,1
3.389000263705384,-0.13277011085490023,-0.08487830930037354,-0.2967032967032992,-0.28815628815628713,1
3.3900002636946738,-0.13293043316626477,-0.08487830930037354,-0.2967032967032992,-0.28815628815628713,1
3.3910002636839636,-0.13308936256024254,-0.08487830930037354,-0.2967032967032992,-0.28815628815628713,1
3.3920002636732534,-0.13324689746826476,-0.08487830930037354,-0.2967032967032992,-0.28815628815628713,1
3.393000263662543,-0.1334030363355254,-0.08487830930037354,-0.2967032967032992,-0.28815628815628713,1
3.394000263651833,-0.133557777620997,-0.08487830930037354,-0.2967032967032992,-0.28815628815628713,1
3.3950002636411227,-0.1337111197974455,-0.08487830930037354,-0.2967032967032992,-0.28815628815628713,1
3.3960002636304125,-0.13386306135144563,-0.08487830930037354,-0.2967032967032992,-0.28815628815628713,1
3.3970002636197023,-0.13401360078339553,-0.08487830930037354,-0.2967032967032992,-0.28815628815628713,1
3.398000263608992,-0.13416273660753195,-0.08487830930037354,-0.2967032967032992,-0.28815628815628713,1
3.399000263598282,-0.1343104673519444,-0.08487830930037354,-0.2967032967032992,-0.28815628815628713,1
3.4000002635875717,-0.13445679155859025,-0.08487830930037354,-0.2967032967032992,-0.28815628815628713,1
3.4010002635768615,-0.13460170778330852,-0.08487830930037354,-0.2967032967032992,-0.28815628815628713,1
3.4020002635661513,-0.13474521459583477,-0.08487830930037354,-0.2967032967032992,-0.28815628815628713,1
3.403000263555441,-0.1348873105798146,-0.08487830930037354,-0.2967032967032992,-0.28815628815628713,1
3.404000263544731,-0.13502799433281817,-0.08487830930037354,-0.2967032967032992,-0.28815628815628713,1
3.4050002635340206,-0.13516726446635352,-0.08487830930037354,-0.2967032967032992,-0.28815628815628713,1
3.4060002635233104,-0.13530511960588074,-0.08487830930037354,-0.2967032967032992,-0.28815628815628713,1
3.4070002635126,-0.1354415583908254,-0.08487830930037354,-0.2967032967032992,-0.28815628815628713,1
3.40800026350189,-0.13557657947459162,-0.08487830930037354,-0.2967032967032992,-0.28815628815628713,1
3.40900026349118,-0.135710181524576,-0.08487830930037354,-0.2967032967032992,-0.28815628815628713,1
3.4100002634804696,-0.13584236322218016,-0.08487830930037354,-0.2967032967032992,-0.28815628815628713,1
3.4110002634697594,-0.13597312326282424,-0.08487830930037354,-0.2967032967032992,-0.28815628815628713,1
3.412000263459049,-0.1361024603559593,-0.08487830930037354,-0.2967032967032992,-0.28815628815628713,1
3.413000263448339,-0.13623037322508066,-0.08487830930037354,-0.2967032967032992,-0.28815628815628713,1
3.4140002634376287,-0.13635686060773983,-0.08487830930037354,-0.2967032967032992,-0.28815628815628713,1
3.4150002634269185,-0.13648192125555753,-0.08487830930037354,-0.2967032967032992,-0.28815628815628713,1
3.4160002634162083,-0.13660555393423557,-0.08487830930037354,-0.2967032967032992,-0.28815628815628713,1
3.417000263405498,-0.1367277574235695,-0.08487830930037354,-0.2967032967032992,-0.28815628815628713,1
3.418000263394788,-0.13684853051746007,-0.08487830930037354,-0.2967032967032992,-0.28815628815628713,1
3.4190002633840777,-0.1369678720239258,-0.08487830930037354,-0.2967032967032992,-0.28815628815628713,1
3.4200002633733675,-0.13708578076511405,-0.08487830930037354,-0.2967032967032992,-0.28815628815628713,1
3.4210002633626573,-0.13720225557731328,-0.08487830930037354,-0.2967032967032992,-0.28815628815628713,1
3.422000263351947,-0.13731729531096418,-0.08487830930037354,-0.2967032967032992,-0.28815628815628713,1
3.423000263341237,-0.13743089883067094,-0.08487830930037354,-0.2967032967032992,-0.28815628815628713,1
3.4240002633305266,-0.13754306501521282,-0.08487830930037354,-0.2967032967032992,-0.28815628815628713,1
3.4250002633198164,-0.13765379275755477,-0.08487830930037354,-0.2967032967032992,-0.28815628815628713,1
3.4260002633091062,-0.1377630809648588,-0.08487830930037354,-0.2967032967032992,-0.28815628815628713,1
3.427000263298396,-0.13787092855849434,-0.08487830930037354,-0.2967032967032992,-0.28815628815628713,1
3.428000263287686,-0.13797733447404933,-0.08525978484779095,-0.2747252747252702,-0.29792429792429687,1
3.4290002632769756,-0.13808229766134023,-0.08678568703746059,-0.3626373626373578,-0.28815628815628713,1
3.4300002632662654,-0.1381858170844229,-0.08907454032196505,-0.2087912087912116,-0.3076923076923066,1
3.431000263255555,-0.13828789172160236,-0.09212634470130432,-0.3846153846153868,-0.28815628815628713,1
3.432000263244845,-0.13838852056544323,-0.09670405127031323,-0.2747252747252702,-0.28815628815628713,1
3.4330002632341348,-0.13848770262277943,-0.09861142900740028,-0.340659340659343,-0.28815628815628713,1
3.4340002632234246,-0.1385854369147242,-0.10051880674448732,-0.2747252747252702,-0.2490842490842482,1
3.4350002632127143,-0.13868172247667937,-0.103952086671244,-0.3846153846153868,-0.2490842490842482,1
3.436000263202004,-0.13877655835834551,-0.10433356221866141,-0.3626373626373578,-0.2490842490842482,1
3.437000263191294,-0.13886994362373076,-0.10547798886091364,-0.1868131868131826,-0.26862026862026767,1
3.4380002631805837,-0.13896187735116017,-0.10891126878767032,-0.2087912087912116,-0.26862026862026767,1
3.4390002631698735,-0.1390523586332851,-0.11272602426184442,-0.2747252747252702,-0.3174603174603199,1
3.4400002631591633,-0.13914138657709174,-0.11348897535667923,-0.1428571428571388,-0.36630036630036855,1
3.441000263148453,-0.13922896030391035,-0.11387045090409664,-0.1428571428571388,-0.385836385836388,1
3.442000263137743,-0.1393150789494235,-0.11501487754634887,-0.2087912087912116,-0.39560439560439775,1
3.4430002631270327,-0.13939974166367505,-0.11501487754634887,-0.1868131868131826,-0.39560439560439775,1
3.4440002631163225,-0.13948294761107816,-0.11654077973601851,-0.2087912087912116,-0.3565323565323588,1
3.4450002631056122,-0.13956469597042376,-0.11654077973601851,-0.2087912087912116,-0.3565323565323588,1
3.446000263094902,-0.1396449859348885,-0.11654077973601851,-0.2087912087912116,-0.3565323565323588,1
3.447000263084192,-0.13972381671204298,-0.11654077973601851,-0.2087912087912116,-0.3565323565323588,1
3.4480002630734816,-0.13980118752385914,-0.11654077973601851,-0.2087912087912116,-0.3565323565323588,1
3.4490002630627714,-0.13987709760671843,-0.11654077973601851,-0.2087912087912116,-0.3565323565323588,1
3.450000263052061,-0.1399515462114189,-0.11654077973601851,-0.2087912087912116,-0.3565323565323588,1
3.451000263041351,-0.14002453260318296,-0.11654077973601851,-0.2087912087912116,-0.3565323565323588,1
3.452000263030641,-0.1400960560616644,-0.11654077973601851,-0.2087912087912116,-0.3565323565323588,1
3.4530002630199306,-0.1401661158809555,-0.11654077973601851,-0.2087912087912116,-0.3565323565323588,1
3.4540002630092204,-0.14023471136959428,-0.11654077973601851,-0.2087912087912116,-0.3565323565323588,1
3.45500026299851,-0.14030184185057085,-0.11654077973601851,-0.2087912087912116,-0.3565323565323588,1
3.4560002629878,-0.14036750666133455,-0.11654077973601851,-0.2087912087912116,-0.3565323565323588,1
3.4570002629770897,-0.14043170515380018,-0.11654077973601851,-0.2087912087912116,-0.3565323565323588,1
3.4580002629663795,-0.1404944366943546,-0.11654077973601851,-0.2087912087912116,-0.3565323565323588,1
3.4590002629556693,-0.14055570066386278,-0.11654077973601851,-0.2087912087912116,-0.3565323565323588,1
3.460000262944959,-0.14061549645767413,-0.11654077973601851,-0.2087912087912116,-0.3565323565323588,1
3.461000262934249,-0.1406738234856283,-0.11654077973601851,-0.2087912087912116,-0.3565323565323588,1
3.4620002629235387,-0.1407306811720611,-0.11654077973601851,-0.2087912087912116,-0.3565323565323588,1
3.4630002629128285,-0.14078606895581008,-0.11654077973601851,-0.2087912087912116,-0.3565323565323588,1
3.4640002629021183,-0.14083998629022032,-0.11654077973601851,-0.2087912087912116,-0.3565323565323588,1
3.465000262891408,-0.14089243264314932,-0.11654077973601851,-0.2087912087912116,-0.3565323565323588,1
3.466000262880698,-0.14094340749697293,-0.11654077973601851,-0.2087912087912116,-0.3565323565323588,1
3.4670002628699876,-0.14099291034858982,-0.11654077973601851,-0.2087912087912116,-0.3565323565323588,1
3.4680002628592774,-0.14104094070942688,-0.11654077973601851,-0.2087912087912116,-0.3565323565323588,1
3.469000262848567,-0.14108749810544388,-0.11654077973601851,-0.2087912087912116,-0.3565323565323588,1
3.470000262837857,-0.14113258207713808,-0.11654077973601851,-0.2087912087912116,-0.3565323565323588,1
3.471000262827147,-0.1411761921795489,-0.11654077973601851,-0.2087912087912116,-0.3565323565323588,1
3.4720002628164366,-0.14121832798226228,-0.11654077973601851,-0.2087912087912116,-0.3565323565323588,1
3.4730002628057264,-0.14125898906941484,-0.11654077973601851,-0.2087912087912116,-0.3565323565323588,1
3.474000262795016,-0.14129817503969805,-0.11654077973601851,-0.2087912087912116,-0.3565323565323588,1
3.475000262784306,-0.14133588550636225,-0.11654077973601851,-0.2087912087912116,-0.3565323565323588,1
3.4760002627735958,-0.14137212009722033,-0.11654077973601851,-0.2087912087912116,-0.3565323565323588,1
3.4770002627628855,-0.14140687845465158,-0.11654077973601851,-0.2087912087912116,-0.3565323565323588,1
3.4780002627521753,-0.14144016023560496,-0.11654077973601851,-0.2087912087912116,-0.3565323565323588,1
3.479000262741465,-0.14147196511160282,-0.11654077973601851,-0.2087912087912116,-0.3565323565323588,1
3.480000262730755,-0.14150229276874382,-0.11654077973601851,-0.2087912087912116,-0.3565323565323588,1
3.4810002627200447,-0.14153114290770627,-0.11654077973601851,-0.2087912087912116,-0.3565323565323588,1
3.4820002627093345,-0.14155851524375093,-0.11654077973601851,-0.2087912087912116,-0.3565323565323588,1
3.4830002626986243,-0.1415844095067239,-0.11654077973601851,-0.2087912087912116,-0.3565323565323588,1
3.484000262687914,-0.14160882544105932,-0.11654077973601851,-0.2087912087912116,-0.3565323565323588,1
3.485000262677204,-0.14163176280578169,-0.11654077973601851,-0.2087912087912116,-0.3565323565323588,1
3.4860002626664937,-0.14165322137450853,-0.11654077973601851,-0.2087912087912116,-0.3565323565323588,1
3.4870002626557834,-0.14167320093545246,-0.11654077973601851,-0.2087912087912116,-0.3565323565323588,1
3.4880002626450732,-0.14169170129142325,-0.11654077973601851,-0.2087912087912116,-0.3565323565323588,1
3.489000262634363,-0.14170872225982986,-0.11654077973601851,-0.2087912087912116,-0.3565323565323588,1
3.490000262623653,-0.14172426367268223,-0.11654077973601851,-0.2087912087912116,-0.3565323565323588,1
3.4910002626129426,-0.14173832537659287,-0.11654077973601851,-0.2087912087912116,-0.3565323565323588,1
3.4920002626022324,-0.14175090723277844,-0.11654077973601851,-0.2087912087912116,-0.3565323565323588,1
3.493000262591522,-0.1417620091170611,-0.11654077973601851,-0.2087912087912116,-0.3565323565323588,1
3.494000262580812,-0.14177163091986977,-0.11654077973601851,-0.2087912087912116,-0.3565323565323588,1
3.4950002625701018,-0.1417797725462411,-0.11654077973601851,-0.2087912087912116,-0.3565323565323588,1
3.4960002625593916,-0.14178643391582058,-0.11654077973601851,-0.2087912087912116,-0.3565323565323588,1
3.4970002625486813,-0.1417916149628631,-0.11654077973601851,-0.2087912087912116,-0.3565323565323588,1
3.498000262537971,-0.1417953156362339,-0.11654077973601851,-0.2087912087912116,-0.3565323565323588,1
3.499000262527261,-0.1417975358994088,-0.11654077973601851,-0.2087912087912116,-0.3565323565323588,1
3.5000002625165507,-0.14179827573047468,-0.11654077973601851,-0.2087912087912116,-0.3565323565323588,1
3.5010002625058405,-0.14179753512212973,-0.11654077973601851,-0.2087912087912116,-0.3565323565323588,1
3.5020002624951303,-0.14179531408168344,-0.11654077973601851,-0.2087912087912116,-0.3565323565323588,1
3.50300026248442,-0.1417916126310566,-0.11654077973601851,-0.2087912087912116,-0.3565323565323588,1
3.50400026247371,-0.14178643080678102,-0.11654077973601851,-0.2087912087912116,-0.3565323565323588,1
3.5050002624629997,-0.14177976865999922,-0.11654077973601851,-0.2087912087912116,-0.3565323565323588,1
3.5060002624522895,-0.1417716262564639,-0.11654077973601851,-0.2087912087912116,-0.3565323565323588,1
3.5070002624415793,-0.14176200367653724,-0.11654077973601851,-0.2087912087912116,-0.3565323565323588,1
3.508000262430869,-0.1417509010151903,-0.11654077973601851,-0.2087912087912116,-0.3565323565323588,1
3.509000262420159,-0.14173831838200182,-0.11654077973601851,-0.2087912087912116,-0.3565323565323588,1
3.5100002624094486,-0.1417242559011573,-0.11654077973601851,-0.2087912087912116,-0.3565323565323588,1
3.5110002623987384,-0.14170871371144778,-0.11654077973601851,-0.2087912087912116,-0.3565323565323588,1
3.512000262388028,-0.14169169196626838,-0.11654077973601851,-0.2087912087912116,-0.3565323565323588,1
3.513000262377318,-0.14167319083361682,-0.11654077973601851,-0.2087912087912116,-0.3565323565323588,1
3.514000262366608,-0.14165321049609184,-0.11654077973601851,-0.2087912087912116,-0.3565323565323588,1
3.5150002623558976,-0.14163175115089127,-0.11654077973601851,-0.2087912087912116,-0.3565323565323588,1
3.5160002623451874,-0.1416088130098102,-0.11654077973601851,-0.2087912087912116,-0.3565323565323588,1
3.517000262334477,-0.14158439629923883,-0.11654077973601851,-0.2087912087912116,-0.3565323565323588,1
3.518000262323767,-0.14155850126016023,-0.11654077973601851,-0.2087912087912116,-0.3565323565323588,1
3.5190002623130567,-0.14153112814814794,-0.11654077973601851,-0.2087912087912116,-0.3565323565323588,1
3.5200002623023465,-0.14150227723336353,-0.11654077973601851,-0.2087912087912116,-0.3565323565323588,1
3.5210002622916363,-0.14147194880055391,-0.11654077973601851,-0.2087912087912116,-0.3565323565323588,1
3.522000262280926,-0.14144014314904843,-0.11654077973601851,-0.2087912087912116,-0.3565323565323588,1
3.523000262270216,-0.14140686059275603,-0.11654077973601851,-0.2087912087912116,-0.3565323565323588,1
3.5240002622595057,-0.1413721014601621,-0.11654077973601851,-0.2087912087912116,-0.3565323565323588,1
3.5250002622487955,-0.14133586609432525,-0.11654077973601851,-0.2087912087912116,-0.3565323565323588,1
3.5260002622380853,-0.14129815485287386,-0.11654077973601851,-0.2087912087912116,-0.3565323565323588,1
3.527000262227375,-0.14125896810800273,-0.11654077973601851,-0.2087912087912116,-0.3565323565323588,1
3.528000262216665,-0.1412183062464691,-0.11654077973601851,-0.2087912087912116,-0.3565323565323588,1
3.5290002622059546,-0.1411761696695892,-0.11654077973601851,-0.2087912087912116,-0.3565323565323588,1
3.5300002621952444,-0.14113255879323403,-0.11654077973601851,-0.2087912087912116,-0.3565323565323588,1
3.531000262184534,-0.1410874740478252,-0.11654077973601851,-0.2087912087912116,-0.3565323565323588,1
3.532000262173824,-0.14104091587833112,-0.11654077973601851,-0.2087912087912116,-0.3565323565323588,1
3.533000262163114,-0.14099288474426197,-0.11654077973601851,-0.2087912087912116,-0.3565323565323588,1
3.5340002621524036,-0.14094338111966573,-0.11654077973601851,-0.2087912087912116,-0.3565323565323588,1
3.5350002621416934,-0.1408924054931231,-0.11654077973601851,-0.2087912087912116,-0.3565323565323588,1
3.536000262130983,-0.14083995836774302,-0.11654077973601851,-0.2087912087912116,-0.3565323565323588,1
3.537000262120273,-0.14078604026115735,-0.11654077973601851,-0.2087912087912116,-0.3565323565323588,1
3.5380002621095628,-0.14073065170551605,-0.11654077973601851,-0.2087912087912116,-0.3565323565323588,1
3.5390002620988525,-0.1406737932474818,-0.11654077973601851,-0.2087912087912116,-0.3565323565323588,1
3.5400002620881423,-0.14061546544822462,-0.11654077973601851,-0.2087912087912116,-0.3565323565323588,1
3.541000262077432,-0.1405556688834163,-0.11654077973601851,-0.2087912087912116,-0.3565323565323588,1
3.542000262066722,-0.14049440414322484,-0.11654077973601851,-0.2087912087912116,-0.3565323565323588,1
3.5430002620560117,-0.1404316718323084,-0.11654077973601851,-0.2087912087912116,-0.3565323565323588,1
3.5440002620453015,-0.1403674725698096,-0.11654077973601851,-0.2087912087912116,-0.3565323565323588,1
3.5450002620345913,-0.14030180698934924,-0.11654077973601851,-0.2087912087912116,-0.3565323565323588,1
3.546000262023881,-0.14023467573902001,-0.11654077973601851,-0.2087912087912116,-0.3565323565323588,1
3.547000262013171,-0.1401660794813803,-0.11654077973601851,-0.2087912087912116,-0.3565323565323588,1
3.5480002620024607,-0.14009601889344742,-0.11654077973601851,-0.2087912087912116,-0.3565323565323588,1
3.5490002619917504,-0.14002449466669112,-0.11654077973601851,-0.2087912087912116,-0.3565323565323588,1
3.5500002619810402,-0.13995150750702656,-0.11654077973601851,-0.2087912087912116,-0.3565323565323588,1
3.55100026197033,-0.13987705813480764,-0.11654077973601851,-0.2087912087912116,-0.3565323565323588,1
3.55200026195962,-0.13980114728481943,-0.11730373083085333,-0.1428571428571388,-0.33699633699633935,1
3.5530002619489096,-0.1397237757062715,-0.11768520637827073,-0.1428571428571388,-0.3467643467643491,1
3.5540002619381994,-0.13964494416279,-0.11959258411535778,-0.2307692307692264,-0.3174603174603199,1
3.555000261927489,-0.13956465343241048,-0.12188143739986224,-0.1648351648351678,-0.25885225885225793,1
3.556000261916779,-0.13948290430756993,-0.12264438849469705,-0.1868131868131826,-0.25885225885225793,1
3.5570002619060688,-0.1393996975950993,-0.12378881513694928,-0.2527472527472554,-0.22954822954822873,1
3.5580002618953586,-0.13931503411621513,-0.12493324177920151,-0.1868131868131826,-0.18070818070818007,1
3.5590002618846484,-0.13922891470651183,-0.12684061951628856,-0.1428571428571388,-0.22954822954822873,1
3.560000261873938,-0.1391413402159532,-0.12798504615854078,-0.1428571428571388,-0.219780219780219,1
3.561000261863228,-0.13905231150886396,-0.1283665217059582,-0.120879120879124,-0.20024420024419953,1
3.5620002618525177,-0.13896182946392166,-0.1287479972533756,-0.0769230769230802,-0.219780219780219,1
3.5630002618418075,-0.13886989497414737,-0.1287479972533756,-0.0549450549450512,-0.22954822954822873,1
3.5640002618310973,-0.13877650894689753,-0.12951094834821042,-0.0769230769230802,-0.2490842490842482,1
3.565000261820387,-0.13868167230385436,-0.12951094834821042,-0.010989010989007397,-0.2783882783882774,1
3.566000261809677,-0.13858538598101736,-0.12951094834821042,-0.010989010989007397,-0.2783882783882774,1
3.5670002617989667,-0.13848765092869353,-0.12951094834821042,-0.010989010989007397,-0.3076923076923066,1
3.5680002617882565,-0.13838846811148844,-0.12951094834821042,-0.0329670329670364,-0.3174603174603199,1
3.5690002617775463,-0.13828783850829635,-0.12951094834821042,-0.0329670329670364,-0.3174603174603199,1
3.570000261766836,-0.13818576311229086,-0.12951094834821042,-0.0329670329670364,-0.3174603174603199,1
3.571000261756126,-0.13808224293091487,-0.12951094834821042,-0.0329670329670364,-0.3174603174603199,1
3.5720002617454156,-0.1379772789858708,-0.12951094834821042,-0.0329670329670364,-0.3174603174603199,1
3.5730002617347054,-0.13787087231311032,-0.12951094834821042,-0.0329670329670364,-0.3174603174603199,1
3.574000261723995,-0.13776302396282436,-0.12951094834821042,-0.0329670329670364,-0.3174603174603199,1
3.575000261713285,-0.1376537349994326,-0.12951094834821042,-0.0329670329670364,-0.3174603174603199,1
3.576000261702575,-0.13754300650157283,-0.12951094834821042,-0.0329670329670364,-0.3174603174603199,1
3.5770002616918646,-0.1374308395620908,-0.12951094834821042,-0.0329670329670364,-0.3174603174603199,1
3.5780002616811544,-0.13731723528802867,-0.12951094834821042,-0.0329670329670364,-0.3174603174603199,1
3.579000261670444,-0.13720219480061493,-0.12951094834821042,-0.0329670329670364,-0.3174603174603199,1
3.580000261659734,-0.1370857192352526,-0.12951094834821042,-0.0329670329670364,-0.3174603174603199,1
3.5810002616490237,-0.13696780974150854,-0.12951094834821042,-0.0329670329670364,-0.3174603174603199,1
3.5820002616383135,-0.13684846748310175,-0.12951094834821042,-0.0329670329670364,-0.3174603174603199,1
3.5830002616276033,-0.13672769363789222,-0.12951094834821042,-0.0329670329670364,-0.3174603174603199,1
3.584000261616893,-0.13660548939786887,-0.12951094834821042,-0.0329670329670364,-0.3174603174603199,1
3.585000261606183,-0.13648185596913837,-0.12951094834821042,-0.0329670329670364,-0.3174603174603199,1
3.5860002615954727,-0.13635679457191258,-0.12951094834821042,-0.0329670329670364,-0.3174603174603199,1
3.5870002615847625,-0.13623030644049705,-0.12951094834821042,-0.0329670329670364,-0.3174603174603199,1
3.5880002615740523,-0.13610239282327843,-0.12951094834821042,-0.0329670329670364,-0.3174603174603199,1
3.589000261563342,-0.13597305498271267,-0.12951094834821042,-0.0329670329670364,-0.3174603174603199,1
3.590000261552632,-0.13584229419531177,-0.12951094834821042,-0.0329670329670364,-0.3174603174603199,1
3.5910002615419216,-0.13571011175163208,-0.12951094834821042,-0.0329670329670364,-0.3174603174603199,1
3.5920002615312114,-0.13557650895626086,-0.12951094834821042,-0.0329670329670364,-0.3174603174603199,1
3.5930002615205012,-0.13544148712780363,-0.12951094834821042,-0.0329670329670364,-0.3174603174603199,1
3.594000261509791,-0.13530504759887146,-0.12951094834821042,-0.0329670329670364,-0.3174603174603199,1
3.595000261499081,-0.13516719171606725,-0.12951094834821042,-0.0329670329670364,-0.3174603174603199,1
3.5960002614883706,-0.135027920839973,-0.12951094834821042,-0.0329670329670364,-0.3174603174603199,1
3.5970002614776604,-0.1348872363451359,-0.12951094834821042,-0.0329670329670364,-0.3174603174603199,1
3.59800026146695,-0.13474513962005522,-0.12951094834821042,-0.0329670329670364,-0.3174603174603199,1
3.59900026145624,-0.13460163206716805,-0.12951094834821042,-0.0329670329670364,-0.3174603174603199,1
3.6000002614455298,-0.13445671510283613,-0.12951094834821042,-0.0329670329670364,-0.3174603174603199,1
3.6010002614348195,-0.1343103901573313,-0.12951094834821042,-0.0329670329670364,-0.3174603174603199,1
3.6020002614241093,-0.1341626586748217,-0.12951094834821042,-0.0329670329670364,-0.3174603174603199,1
3.603000261413399,-0.13401352211335726,-0.12951094834821042,-0.0329670329670364,-0.3174603174603199,1
3.604000261402689,-0.13386298194485585,-0.12951094834821042,-0.0329670329670364,-0.3174603174603199,1
3.6050002613919787,-0.13371103965508785,-0.12951094834821042,-0.0329670329670364,-0.3174603174603199,1
3.6060002613812685,-0.13355769674366252,-0.12951094834821042,-0.0329670329670364,-0.3174603174603199,1
3.6070002613705583,-0.13340295472401237,-0.12951094834821042,-0.0329670329670364,-0.3174603174603199,1
3.608000261359848,-0.1332468151233785,-0.12951094834821042,-0.0329670329670364,-0.3174603174603199,1
3.609000261349138,-0.13308927948279592,-0.12951094834821042,-0.0329670329670364,-0.3174603174603199,1
3.6100002613384277,-0.13293034935707754,-0.12951094834821042,-0.0329670329670364,-0.3174603174603199,1
3.6110002613277175,-0.13277002631479976,-0.12951094834821042,-0.0329670329670364,-0.3174603174603199,1
3.6120002613170072,-0.13260831193828598,-0.12951094834821042,-0.0329670329670364,-0.3174603174603199,1
3.613000261306297,-0.13244520782359204,-0.12951094834821042,-0.0329670329670364,-0.3174603174603199,1
3.614000261295587,-0.1322807155804894,-0.12951094834821042,-0.0329670329670364,-0.3174603174603199,1
3.6150002612848766,-0.13211483683245032,-0.12951094834821042,-0.0329670329670364,-0.3174603174603199,1
3.6160002612741664,-0.13194757321663084,-0.12951094834821042,-0.0329670329670364,-0.3174603174603199,1
3.617000261263456,-0.13177892638385544,-0.12951094834821042,-0.0329670329670364,-0.3174603174603199,1
3.618000261252746,-0.13160889799860007,-0.12951094834821042,-0.0329670329670364,-0.3174603174603199,1
3.6190002612420358,-0.13143748973897637,-0.12951094834821042,-0.0329670329670364,-0.3174603174603199,1
3.6200002612313256,-0.1312647032967145,-0.12951094834821042,-0.0329670329670364,-0.3174603174603199,1
3.6210002612206154,-0.13109054037714699,-0.12951094834821042,-0.0329670329670364,-0.3174603174603199,1
3.622000261209905,-0.1309150026991914,-0.12951094834821042,-0.0329670329670364,-0.3174603174603199,1
3.623000261199195,-0.13073809199533368,-0.12951094834821042,-0.0329670329670364,-0.3174603174603199,1
3.6240002611884847,-0.13055981001161115,-0.12951094834821042,-0.0329670329670364,-0.3174603174603199,1
3.6250002611777745,-0.1303801585075948,-0.12951094834821042,-0.0329670329670364,-0.3174603174603199,1
3.6260002611670643,-0.1301991392563726,-0.12951094834821042,-0.0329670329670364,-0.3174603174603199,1
3.627000261156354,-0.13001675404453128,-0.12951094834821042,-0.0329670329670364,-0.3174603174603199,1
3.628000261145644,-0.12983300467213935,-0.12951094834821042,-0.0329670329670364,-0.3174603174603199,1
3.6290002611349337,-0.12964789295272872,-0.12951094834821042,-0.0329670329670364,-0.3174603174603199,1
3.6300002611242235,-0.12946142071327751,-0.12951094834821042,-0.0329670329670364,-0.3174603174603199,1
3.6310002611135133,-0.12927358979419118,-0.12951094834821042,-0.0329670329670364,-0.3174603174603199,1
3.632000261102803,-0.12908440204928523,-0.12951094834821042,-0.0329670329670364,-0.3174603174603199,1
3.633000261092093,-0.1288938593457661,-0.12951094834821042,-0.0329670329670364,-0.3174603174603199,1
3.6340002610813826,-0.12870196356421348,-0.12951094834821042,-0.0329670329670364,-0.3174603174603199,1
3.6350002610706724,-0.12850871659856106,-0.12951094834821042,-0.0329670329670364,-0.3174603174603199,1
3.636000261059962,-0.1283141203560785,-0.12951094834821042,-0.0329670329670364,-0.3174603174603199,1
3.637000261049252,-0.12811817675735204,-0.12951094834821042,-0.0329670329670364,-0.3174603174603199,1
3.638000261038542,-0.1279208877362657,-0.12951094834821042,-0.0329670329670364,-0.3174603174603199,1
3.6390002610278316,-0.12772225523998268,-0.12951094834821042,-0.0329670329670364,-0.3174603174603199,1
3.6400002610171214,-0.12752228122892525,-0.12951094834821042,-0.0329670329670364,-0.3174603174603199,1
3.641000261006411,-0.12732096767675638,-0.12951094834821042,-0.0329670329670364,-0.3174603174603199,1
3.642000260995701,-0.12711831657035924,-0.12951094834821042,-0.0329670329670364,-0.3174603174603199,1
3.6430002609849907,-0.12691432990981866,-0.12951094834821042,-0.0329670329670364,-0.3174603174603199,1
3.6440002609742805,-0.12670900970840035,-0.12951094834821042,-0.0329670329670364,-0.3174603174603199,1
3.6450002609635703,-0.12650235799253196,-0.12951094834821042,-0.0329670329670364,-0.3174603174603199,1
3.64600026095286,-0.12629437680178224,-0.12951094834821042,-0.0329670329670364,-0.3174603174603199,1
3.64700026094215,-0.12608506818884177,-0.12951094834821042,-0.0329670329670364,-0.3174603174603199,1
3.6480002609314397,-0.12587443421950179,-0.12951094834821042,-0.0329670329670364,-0.3174603174603199,1
3.6490002609207295,-0.12566247697263472,-0.12951094834821042,-0.0329670329670364,-0.3174603174603199,1
3.6500002609100193,-0.12544919854017272,-0.12951094834821042,-0.0329670329670364,-0.3174603174603199,1
3.651000260899309,-0.12523460102708805,-0.12951094834821042,-0.0329670329670364,-0.3174603174603199,1
3.652000260888599,-0.12501868655137122,-0.12951094834821042,-0.0329670329670364,-0.3174603174603199,1
3.6530002608778886,-0.1248014572440111,-0.12951094834821042,-0.0329670329670364,-0.3174603174603199,1
3.6540002608671784,-0.12458291524897314,-0.12951094834821042,-0.0329670329670364,-0.3174603174603199,1
3.6550002608564682,-0.1243630627231784,-0.12951094834821042,-0.0329670329670364,-0.3174603174603199,1
3.656000260845758,-0.12414190183648277,-0.12951094834821042,-0.0329670329670364,-0.3174603174603199,1
3.657000260835048,-0.1239194347716546,-0.12951094834821042,-0.0329670329670364,-0.3174603174603199,1
3.6580002608243376,-0.12369566372435423,-0.12951094834821042,-0.0329670329670364,-0.3174603174603199,1
3.6590002608136274,-0.12347059090311124,-0.12951094834821042,-0.0329670329670364,-0.3174603174603199,1
3.660000260802917,-0.12324421852930373,-0.12951094834821042,-0.0329670329670364,-0.3174603174603199,1
3.661000260792207,-0.12301654883713534,-0.12951094834821042,-0.0329670329670364,-0.3174603174603199,1
3.6620002607814968,-0.1227875840736142,-0.12951094834821042,-0.0329670329670364,-0.3174603174603199,1
3.6630002607707866,-0.1225573264985298,-0.12951094834821042,-0.0329670329670364,-0.3174603174603199,1
3.6640002607600763,-0.12232577838443168,-0.12951094834821042,-0.0329670329670364,-0.3174603174603199,1
3.665000260749366,-0.1220929420166059,-0.12951094834821042,-0.0329670329670364,-0.3174603174603199,1
3.666000260738656,-0.12185881969305362,-0.12951094834821042,-0.0329670329670364,-0.3174603174603199,1
3.6670002607279457,-0.12162341372446739,-0.12951094834821042,-0.0329670329670364,-0.3174603174603199,1
3.6680002607172355,-0.12138672643420925,-0.12951094834821042,-0.0329670329670364,-0.3174603174603199,1
3.6690002607065253,-0.12114876015828704,-0.12951094834821042,-0.0329670329670364,-0.3174603174603199,1
3.670000260695815,-0.12090951724533164,-0.12951094834821042,-0.0329670329670364,-0.3174603174603199,1
3.671000260685105,-0.12066900005657424,-0.12951094834821042,-0.0329670329670364,-0.3174603174603199,1
3.6720002606743947,-0.12042721096582207,-0.12951094834821042,-0.0329670329670364,-0.3174603174603199,1
3.6730002606636845,-0.12018415235943605,-0.12951094834821042,-0.0329670329670364,-0.3174603174603199,1
3.6740002606529742,-0.1199398266363062,-0.12951094834821042,-0.010989010989007397,-0.3174603174603199,1
3.675000260642264,-0.11969423620782899,-0.129129472800793,0.010989010989007397,-0.3174603174603199,1
3.676000260631554,-0.11944738349788242,-0.129129472800793,-0.010989010989007397,-0.15140415140415087,1
3.6770002606208436,-0.11919927094280333,-0.129129472800793,0.010989010989007397,-0.11233211233211193,1
3.6780002606101334,-0.11894990099136218,-0.129129472800793,-0.010989010989007397,-0.08302808302808273,1
3.679000260599423,-0.11869927610473993,-0.1287479972533756,-0.010989010989007397,-0.06349206349206327,1
3.680000260588713,-0.11844739875650265,-0.1287479972533756,0.010989010989007397,-0.03418803418803407,1
3.681000260578003,-0.11819427143257835,-0.1287479972533756,0.010989010989007397,-0.03418803418803407,1
3.6820002605672926,-0.1179398966312312,-0.1283665217059582,0.0329670329670364,0.0146520146520146,1
3.6830002605565824,-0.11768427686303795,-0.12798504615854078,0.0329670329670364,0.06349206349206327,1
3.684000260545872,-0.1174274146508624,-0.12798504615854078,0.0329670329670364,0.08302808302808273,1
3.685000260535162,-0.11716931252983068,-0.12760357061112337,0.0329670329670364,0.09279609279609247,1
3.6860002605244517,-0.11690997304730669,-0.12760357061112337,0.0329670329670364,0.1025641025641022,1
3.6870002605137415,-0.11664939876286616,-0.12760357061112337,0.0329670329670364,0.1025641025641022,1
3.6880002605030313,-0.11638759224827228,-0.12760357061112337,0.0329670329670364,0.1025641025641022,1
3.689000260492321,-0.11612455608744927,-0.12760357061112337,0.0329670329670364,0.1025641025641022,1
3.690000260481611,-0.11586029287645815,-0.12760357061112337,0.0329670329670364,0.1025641025641022,1
3.6910002604709007,-0.11559480522346974,-0.12760357061112337,0.0329670329670364,0.1025641025641022,1
3.6920002604601905,-0.11532809574874023,-0.12760357061112337,0.0329670329670364,0.1025641025641022,1
3.6930002604494803,-0.1150601670845841,-0.12760357061112337,0.0329670329670364,0.1025641025641022,1
3.69400026043877,-0.11479102187534937,-0.12760357061112337,0.0329670329670364,0.1025641025641022,1
3.69500026042806,-0.1145206627773902,-0.12760357061112337,0.0329670329670364,0.1025641025641022,1
3.6960002604173496,-0.11424909245904202,-0.12760357061112337,0.0329670329670364,0.1025641025641022,1
3.6970002604066394,-0.11397631360059386,-0.12760357061112337,0.0329670329670364,0.1025641025641022,1
3.698000260395929,-0.11370232889426318,-0.12760357061112337,0.0329670329670364,0.1025641025641022,1
3.699000260385219,-0.1134271410441682,-0.12760357061112337,0.0329670329670364,0.1025641025641022,1
3.700000260374509,-0.11315075276630168,-0.12760357061112337,0.0329670329670364,0.1025641025641022,1
3.7010002603637986,-0.11287316678850462,-0.12760357061112337,0.0329670329670364,0.1025641025641022,1
3.7020002603530884,-0.11259438585043816,-0.12760357061112337,0.0329670329670364,0.1025641025641022,1
3.703000260342378,-0.11231441270355788,-0.12760357061112337,0.0329670329670364,0.1025641025641022,1
3.704000260331668,-0.11203325011108532,-0.12760357061112337,0.0329670329670364,0.1025641025641022,1
3.7050002603209578,-0.11175090084798203,-0.12760357061112337,0.0329670329670364,0.1025641025641022,1
3.7060002603102475,-0.11146736770092086,-0.12760357061112337,0.0329670329670364,0.1025641025641022,1
3.7070002602995373,-0.11118265346825978,-0.12760357061112337,0.0329670329670364,0.1025641025641022,1
3.708000260288827,-0.11089676096001293,-0.12760357061112337,0.0329670329670364,0.1025641025641022,1
3.709000260278117,-0.11060969299782421,-0.12760357061112337,0.0329670329670364,0.1025641025641022,1
3.7100002602674067,-0.11032145241493813,-0.12760357061112337,0.0329670329670364,0.1025641025641022,1
3.7110002602566965,-0.1100320420561731,-0.12760357061112337,0.0329670329670364,0.1025641025641022,1
3.7120002602459863,-0.1097414647778922,-0.12760357061112337,0.0329670329670364,0.1025641025641022,1
3.713000260235276,-0.1094497234479761,-0.12760357061112337,0.0329670329670364,0.1025641025641022,1
3.714000260224566,-0.1091568209457937,-0.12760357061112337,0.0329670329670364,0.1025641025641022,1
3.7150002602138557,-0.10886276016217424,-0.12760357061112337,0.0329670329670364,0.1025641025641022,1
3.7160002602031454,-0.10856754399937918,-0.12760357061112337,0.0329670329670364,0.1025641025641022,1
3.7170002601924352,-0.10827117537107252,-0.12760357061112337,0.0329670329670364,0.1025641025641022,1
3.718000260181725,-0.10797365720229318,-0.12760357061112337,0.0329670329670364,0.1025641025641022,1
3.719000260171015,-0.10767499242942502,-0.12760357061112337,0.0329670329670364,0.1025641025641022,1
3.7200002601603046,-0.10737518400016903,-0.12760357061112337,0.0329670329670364,0.1025641025641022,1
3.7210002601495944,-0.10707423487351296,-0.12760357061112337,0.0329670329670364,0.1025641025641022,1
3.722000260138884,-0.10677214801970349,-0.12760357061112337,0.0329670329670364,0.1025641025641022,1
3.723000260128174,-0.10646892642021549,-0.12760357061112337,0.0329670329670364,0.1025641025641022,1
3.7240002601174638,-0.10616457306772399,-0.12760357061112337,0.0329670329670364,0.1025641025641022,1
3.7250002601067536,-0.10585909096607335,-0.12760357061112337,0.0329670329670364,0.1025641025641022,1
3.7260002600960433,-0.10555248313024881,-0.12760357061112337,0.0329670329670364,0.1025641025641022,1
3.727000260085333,-0.10524475258634557,-0.12760357061112337,0.0329670329670364,0.1025641025641022,1
3.728000260074623,-0.10493590237154009,-0.12760357061112337,0.0329670329670364,0.1025641025641022,1
3.7290002600639127,-0.10462593553405891,-0.12760357061112337,0.0329670329670364,0.1025641025641022,1
3.7300002600532025,-0.10431485513314989,-0.12760357061112337,0.0329670329670364,0.1025641025641022,1
3.7310002600424923,-0.10400266423905073,-0.12760357061112337,0.0329670329670364,0.1025641025641022,1
3.732000260031782,-0.10368936593295928,-0.12760357061112337,0.0329670329670364,0.1025641025641022,1
3.733000260021072,-0.10337496330700362,-0.12760357061112337,0.0329670329670364,0.1025641025641022,1
3.7340002600103617,-0.10305945946421033,-0.12760357061112337,0.0329670329670364,0.1025641025641022,1
3.7350002599996515,-0.10274285751847523,-0.12760357061112337,0.0329670329670364,0.1025641025641022,1
3.7360002599889413,-0.1024251605945313,-0.12760357061112337,0.0329670329670364,0.1025641025641022,1
3.737000259978231,-0.10210637182791922,-0.12760357061112337,0.0329670329670364,0.1025641025641022,1
3.738000259967521,-0.10178649436495497,-0.12760357061112337,0.0329670329670364,0.1025641025641022,1
3.7390002599568106,-0.10146553136270028,-0.12760357061112337,0.0329670329670364,0.1025641025641022,1
3.7400002599461004,-0.10114348598892996,-0.12760357061112337,0.0329670329670364,0.1025641025641022,1
3.74100025993539,-0.10082036142210214,-0.12760357061112337,0.0329670329670364,0.1025641025641022,1
3.74200025992468,-0.1004961608513254,-0.12760357061112337,0.0329670329670364,0.1025641025641022,1
3.74300025991397,-0.1001708874763288,-0.12760357061112337,0.0329670329670364,0.1025641025641022,1
3.7440002599032596,-0.09984454450742879,-0.12760357061112337,0.0329670329670364,0.1025641025641022,1
3.7450002598925494,-0.09951713516549902,-0.12760357061112337,0.0329670329670364,0.1025641025641022,1
3.746000259881839,-0.09918866268193725,-0.12760357061112337,0.0329670329670364,0.1025641025641022,1
3.747000259871129,-0.09885913029863407,-0.12760357061112337,0.0329670329670364,0.1025641025641022,1
3.7480002598604187,-0.0985285412679413,-0.12760357061112337,0.0329670329670364,0.1025641025641022,1
3.7490002598497085,-0.09819689885263884,-0.12760357061112337,0.0329670329670364,0.1025641025641022,1
3.7500002598389983,-0.09786420632590369,-0.12760357061112337,0.0329670329670364,0.1025641025641022,1
3.751000259828288,-0.09753046697127635,-0.12760357061112337,0.0329670329670364,0.1025641025641022,1
3.752000259817578,-0.09719568408262981,-0.12760357061112337,0.0329670329670364,0.1025641025641022,1
3.7530002598068677,-0.09685986096413558,-0.12760357061112337,0.0329670329670364,0.1025641025641022,1
3.7540002597961575,-0.09652300093023258,-0.12760357061112337,0.0329670329670364,0.1025641025641022,1
3.7550002597854473,-0.0961851073055929,-0.12760357061112337,0.0329670329670364,0.1025641025641022,1
3.756000259774737,-0.09584618342509049,-0.12760357061112337,0.0329670329670364,0.1025641025641022,1
3.757000259764027,-0.0955062326337668,-0.12760357061112337,0.0329670329670364,0.1025641025641022,1
3.7580002597533166,-0.09516525828679916,-0.12760357061112337,0.0329670329670364,0.1025641025641022,1
3.7590002597426064,-0.0948232637494663,-0.12760357061112337,0.0329670329670364,0.1025641025641022,1
3.760000259731896,-0.09448025239711653,-0.12760357061112337,0.0329670329670364,0.1025641025641022,1
3.761000259721186,-0.09413622761513318,-0.12760357061112337,0.0329670329670364,0.1025641025641022,1
3.762000259710476,-0.09379119279890166,-0.12760357061112337,0.0329670329670364,0.1025641025641022,1
3.7630002596997656,-0.09344515135377664,-0.12760357061112337,0.0329670329670364,0.1025641025641022,1
3.7640002596890554,-0.09309810669504702,-0.12760357061112337,0.0329670329670364,0.1025641025641022,1
3.765000259678345,-0.09275006224790379,-0.12760357061112337,0.0329670329670364,0.1025641025641022,1
3.766000259667635,-0.09240102144740465,-0.12760357061112337,0.0329670329670364,0.1025641025641022,1
3.7670002596569248,-0.09205098773844174,-0.12760357061112337,0.0329670329670364,0.1025641025641022,1
3.7680002596462145,-0.09169996457570596,-0.12760357061112337,0.0329670329670364,0.1025641025641022,1
3.7690002596355043,-0.09134795542365454,-0.12760357061112337,0.0329670329670364,0.1025641025641022,1
3.770000259624794,-0.09099496375647521,-0.12760357061112337,0.0329670329670364,0.1025641025641022,1
3.771000259614084,-0.09064099305805358,-0.12760357061112337,0.0329670329670364,0.1025641025641022,1
3.7720002596033737,-0.09028604682193703,-0.12760357061112337,0.0329670329670364,0.1025641025641022,1
3.7730002595926635,-0.08993012855130196,-0.12760357061112337,0.0329670329670364,0.1025641025641022,1
3.7740002595819533,-0.08957324175891751,-0.12760357061112337,0.0329670329670364,0.1025641025641022,1
3.775000259571243,-0.0892153899671126,-0.12760357061112337,0.0329670329670364,0.1025641025641022,1
3.776000259560533,-0.08885657670773964,-0.12760357061112337,0.0329670329670364,0.1025641025641022,1
3.7770002595498227,-0.08849680552214037,-0.12760357061112337,0.0329670329670364,0.1025641025641022,1
3.7780002595391124,-0.08813607996111149,-0.12760357061112337,0.0329670329670364,0.1025641025641022,1
3.7790002595284022,-0.08777440358486815,-0.12760357061112337,0.0329670329670364,0.1025641025641022,1
3.780000259517692,-0.08741177996301053,-0.12760357061112337,0.0329670329670364,0.1025641025641022,1
3.781000259506982,-0.08704821267448688,-0.12760357061112337,0.0329670329670364,0.1025641025641022,1
3.7820002594962716,-0.08668370530755987,-0.12760357061112337,0.0329670329670364,0.1025641025641022,1
3.7830002594855614,-0.08631826145976959,-0.12760357061112337,0.0329670329670364,0.1025641025641022,1
3.784000259474851,-0.08595188473789962,-0.12760357061112337,0.0329670329670364,0.1025641025641022,1
3.785000259464141,-0.0855845787579398,-0.12760357061112337,0.0329670329670364,0.1025641025641022,1
3.7860002594534308,-0.08521634714505218,-0.12760357061112337,0.0329670329670364,0.1025641025641022,1
3.7870002594427206,-0.08484719353353366,-0.12760357061112337,0.0329670329670364,0.1025641025641022,1
3.7880002594320104,-0.08447712156678165,-0.12760357061112337,0.0329670329670364,0.1025641025641022,1
3.7890002594213,-0.08410613489725662,-0.12760357061112337,0.0329670329670364,0.1025641025641022,1
3.79000025941059,-0.0837342371864475,-0.12760357061112337,0.0329670329670364,0.1025641025641022,1
3.7910002593998797,-0.08336143210483409,-0.12760357061112337,0.0329670329670364,0.1025641025641022,1
3.7920002593891695,-0.08298772333185238,-0.12760357061112337,0.0329670329670364,0.1025641025641022,1
3.7930002593784593,-0.08261311455585678,-0.12760357061112337,0.0329670329670364,0.1025641025641022,1
3.794000259367749,-0.0822376094740844,-0.12760357061112337,0.0329670329670364,0.1025641025641022,1
3.795000259357039,-0.08186121179261915,-0.12760357061112337,0.0329670329670364,0.1025641025641022,1
3.7960002593463287,-0.08148392522635367,-0.12760357061112337,0.0329670329670364,0.1025641025641022,1
3.7970002593356185,-0.0811057534989544,-0.12645914396887115,0.098901098901095,0.09279609279609247,1
3.7980002593249083,-0.0807267003428231,-0.12607766842145374,0.120879120879124,0.06349206349206327,1
3.799000259314198,-0.08034676949906175,-0.12531471732661892,0.1428571428571388,0.0439560439560438,1
3.800000259303488,-0.0799659647174339,-0.1245517662317841,0.0769230769230802,0.073260073260073,1
3.8010002592927776,-0.07958428975632933,-0.12493324177920151,0.010989010989007397,0.1025641025641022,1
3.8020002592820674,-0.07920174838272531,-0.12340733958953187,0.1648351648351678,0.1611721611721606,1
3.803000259271357,-0.07881834437215113,-0.12264438849469705,0.1648351648351678,0.14163614163614113,1
3.804000259260647,-0.07843408150864906,-0.12073701075761001,0.1868131868131826,0.09279609279609247,1
3.805000259249937,-0.07804896358473877,-0.11997405966277519,0.098901098901095,0.14163614163614113,1
3.8060002592392266,-0.0776629944013782,-0.11882963302052296,0.2087912087912116,0.15140415140415087,1
3.8070002592285164,-0.0772761777679277,-0.11654077973601851,0.2087912087912116,0.08302808302808273,1
3.808000259217806,-0.07688851750211097,-0.11577782864118369,0.1648351648351678,0.12210012210012167,1
3.809000259207096,-0.07650001742997807,-0.11425192645151405,0.2307692307692264,0.1318681318681314,1
3.8100002591963857,-0.07611068138586818,-0.11120012207217478,0.318681318681314,0.0439560439560438,1
3.8110002591856755,-0.0757205132123704,-0.10852979324025291,0.2527472527472554,-0.004884004884004867,1
3.8120002591749653,-0.0753295167602874,-0.10700389105058328,0.340659340659343,0.004884004884004867,1
3.813000259164255,-0.07493769588859579,-0.10471503776607882,0.2747252747252702,-0.024420024420024333,1
3.814000259153545,-0.07454505446440977,-0.10318913557640919,0.1648351648351678,0.08302808302808273,1
3.8150002591428347,-0.07415159636294115,-0.10051880674448732,0.340659340659343,0.08302808302808273,1
3.8160002591321245,-0.0737573254674629,-0.10051880674448732,0.340659340659343,0.08302808302808273,1
3.8170002591214143,-0.07336224566926904,-0.10051880674448732,0.340659340659343,0.08302808302808273,1
3.818000259110704,-0.07296636086763807,-0.10051880674448732,0.340659340659343,0.08302808302808273,1
3.819000259099994,-0.07256967496979262,-0.10051880674448732,0.340659340659343,0.08302808302808273,1
3.8200002590892836,-0.0721721918908627,-0.10051880674448732,0.340659340659343,0.08302808302808273,1
3.8210002590785734,-0.07177391555384531,-0.10051880674448732,0.340659340659343,0.08302808302808273,1
3.8220002590678632,-0.07137484988956748,-0.10051880674448732,0.340659340659343,0.08302808302808273,1
3.823000259057153,-0.07097499883664588,-0.10051880674448732,0.340659340659343,0.08302808302808273,1
3.824000259046443,-0.07057436634144867,-0.10051880674448732,0.340659340659343,0.08302808302808273,1
3.8250002590357326,-0.0701729563580572,-0.10051880674448732,0.340659340659343,0.08302808302808273,1
3.8260002590250224,-0.06977077284822543,-0.10051880674448732,0.340659340659343,0.08302808302808273,1
3.827000259014312,-0.06936781978134257,-0.10051880674448732,0.340659340659343,0.08302808302808273,1
3.828000259003602,-0.06896410113439222,-0.10051880674448732,0.340659340659343,0.08302808302808273,1
3.8290002589928918,-0.06855962089191475,-0.10051880674448732,0.340659340659343,0.08302808302808273,1
3.8300002589821815,-0.06815438304596635,-0.10051880674448732,0.340659340659343,0.08302808302808273,1
3.8310002589714713,-0.06774839159608134,-0.10051880674448732,0.340659340659343,0.08302808302808273,1
3.832000258960761,-0.06734165054923087,-0.10051880674448732,0.340659340659343,0.08302808302808273,1
3.833000258950051,-0.06693416391978523,-0.10051880674448732,0.340659340659343,0.08302808302808273,1
3.8340002589393407,-0.0665259357294724,-0.10051880674448732,0.340659340659343,0.08302808302808273,1
3.8350002589286305,-0.06611697000734018,-0.10051880674448732,0.340659340659343,0.08302808302808273,1
3.8360002589179203,-0.0657072707897146,-0.10051880674448732,0.340659340659343,0.08302808302808273,1
3.83700025890721,-0.06529684212016192,-0.10051880674448732,0.340659340659343,0.08302808302808273,1
3.8380002588965,-0.06488568804944707,-0.10051880674448732,0.340659340659343,0.08302808302808273,1
3.8390002588857897,-0.06447381263549444,-0.10051880674448732,0.340659340659343,0.08302808302808273,1
3.8400002588750795,-0.06406121994334846,-0.10051880674448732,0.340659340659343,0.08302808302808273,1
3.8410002588643692,-0.06364791404513187,-0.10051880674448732,0.340659340659343,0.08302808302808273,1
3.842000258853659,-0.06323389902000741,-0.10051880674448732,0.340659340659343,0.08302808302808273,1
3.843000258842949,-0.06281917895413569,-0.10051880674448732,0.340659340659343,0.08302808302808273,1
3.8440002588322386,-0.062403757940636684,-0.10051880674448732,0.340659340659343,0.08302808302808273,1
3.8450002588215284,-0.061987640079547546,-0.10051880674448732,0.340659340659343,0.08302808302808273,1
3.846000258810818,-0.06157082947778396,-0.10051880674448732,0.340659340659343,0.08302808302808273,1
3.847000258800108,-0.06115333024909772,-0.10051880674448732,0.340659340659343,0.08302808302808273,1
3.8480002587893978,-0.06073514651403804,-0.10051880674448732,0.340659340659343,0.08302808302808273,1
3.8490002587786876,-0.06031628239990901,-0.10051880674448732,0.340659340659343,0.08302808302808273,1
3.8500002587679774,-0.05989674204073071,-0.10051880674448732,0.340659340659343,0.08302808302808273,1
3.851000258757267,-0.059476529577196555,-0.10051880674448732,0.340659340659343,0.08302808302808273,1
3.852000258746557,-0.059055649156634304,-0.10051880674448732,0.340659340659343,0.08302808302808273,1
3.8530002587358467,-0.0586341049329632,-0.10051880674448732,0.340659340659343,0.08302808302808273,1
3.8540002587251365,-0.05821190106665497,-0.10051880674448732,0.340659340659343,0.08302808302808273,1
3.8550002587144263,-0.05778904172469096,-0.10051880674448732,0.340659340659343,0.08302808302808273,1
3.856000258703716,-0.057365531080521864,-0.10051880674448732,0.340659340659343,0.08302808302808273,1
3.857000258693006,-0.05694137331402714,-0.10051880674448732,0.340659340659343,0.08302808302808273,1
3.8580002586822957,-0.056516572611472124,-0.10051880674448732,0.340659340659343,0.08302808302808273,1
3.8590002586715855,-0.05609113316546864,-0.10051880674448732,0.340659340659343,0.08302808302808273,1
3.8600002586608753,-0.05566505917493171,-0.10051880674448732,0.340659340659343,0.08302808302808273,1
3.861000258650165,-0.055238354845039986,-0.10051880674448732,0.340659340659343,0.08302808302808273,1
3.862000258639455,-0.054811024387192375,-0.10051880674448732,0.340659340659343,0.08302808302808273,1
3.8630002586287446,-0.05438307201896836,-0.10051880674448732,0.340659340659343,0.08302808302808273,1
3.8640002586180344,-0.053954501964084474,-0.10051880674448732,0.340659340659343,0.08302808302808273,1
3.865000258607324,-0.053525318452354524,-0.10051880674448732,0.340659340659343,0.08302808302808273,1
3.866000258596614,-0.05309552571964594,-0.10051880674448732,0.340659340659343,0.08302808302808273,1
3.867000258585904,-0.05266512800783985,-0.10051880674448732,0.340659340659343,0.08302808302808273,1
3.8680002585751936,-0.05223412956478737,-0.10051880674448732,0.340659340659343,0.08302808302808273,1
3.8690002585644834,-0.05180253464426949,-0.10051880674448732,0.340659340659343,0.08302808302808273,1
3.870000258553773,-0.051370347505953526,-0.10051880674448732,0.340659340659343,0.08302808302808273,1
3.871000258543063,-0.0509375724153517,-0.10051880674448732,0.340659340659343,0.08302808302808273,1
3.8720002585323527,-0.05050421364377985,-0.10051880674448732,0.340659340659343,0.08302808302808273,1
3.8730002585216425,-0.0500702754683135,-0.10051880674448732,0.340659340659343,0.08302808302808273,1
3.8740002585109323,-0.049635762171747665,-0.10051880674448732,0.340659340659343,0.08302808302808273,1
3.875000258500222,-0.04920067804255258,-0.10051880674448732,0.340659340659343,0.08302808302808273,1
3.876000258489512,-0.04876502737483334,-0.10051880674448732,0.340659340659343,0.08302808302808273,1
3.8770002584788017,-0.048328814468285575,-0.10051880674448732,0.340659340659343,0.08302808302808273,1
3.8780002584680915,-0.04789204362815496,-0.10051880674448732,0.340659340659343,0.08302808302808273,1
3.8790002584573813,-0.04745471916519279,-0.10051880674448732,0.340659340659343,0.08302808302808273,1
3.880000258446671,-0.04701684539561534,-0.10051880674448732,0.340659340659343,0.08302808302808273,1
3.881000258435961,-0.046578426641059364,-0.10051880674448732,0.340659340659343,0.08302808302808273,1
3.8820002584252506,-0.04613946722854137,-0.10051880674448732,0.340659340659343,0.08302808302808273,1
3.8830002584145404,-0.04569997149041296,-0.10051880674448732,0.340659340659343,0.08302808302808273,1
3.8840002584038302,-0.04525994376432004,-0.10051880674448732,0.340659340659343,0.08302808302808273,1
3.88500025839312,-0.04481938839315828,-0.10051880674448732,0.340659340659343,0.08302808302808273,1
3.88600025838241,-0.044378309725030984,-0.10051880674448732,0.340659340659343,0.08302808302808273,1
3.8870002583716996,-0.04393671211320694,-0.10051880674448732,0.340659340659343,0.08302808302808273,1
3.8880002583609894,-0.043494599916075724,-0.10051880674448732,0.340659340659343,0.08302808302808273,1
3.889000258350279,-0.04305197749710661,-0.10051880674448732,0.340659340659343,0.08302808302808273,1
3.890000258339569,-0.04260884922480362,-0.10051880674448732,0.340659340659343,0.08302808302808273,1
3.8910002583288588,-0.04216521947266428,-0.10051880674448732,0.340659340659343,0.08302808302808273,1
3.8920002583181486,-0.04172109261913456,-0.10051880674448732,0.340659340659343,0.08302808302808273,1
3.8930002583074383,-0.04127647304756762,-0.10051880674448732,0.340659340659343,0.08302808302808273,1
3.894000258296728,-0.040831365146178515,-0.10051880674448732,0.340659340659343,0.08302808302808273,1
3.895000258286018,-0.040385773308002956,-0.10051880674448732,0.340659340659343,0.08302808302808273,1
3.8960002582753077,-0.0399397019308519,-0.10051880674448732,0.340659340659343,0.08302808302808273,1
3.8970002582645975,-0.03949315541727015,-0.10051880674448732,0.340659340659343,0.08302808302808273,1
3.8980002582538873,-0.03904613817449092,-0.10051880674448732,0.340659340659343,0.08302808302808273,1
3.899000258243177,-0.03859865461439436,-0.10051880674448732,0.340659340659343,0.08302808302808273,1
3.900000258232467,-0.03815070915346218,-0.10051880674448732,0.340659340659343,0.08302808302808273,1
3.9010002582217567,-0.03770230621273489,-0.10051880674448732,0.340659340659343,0.08302808302808273,1
3.9020002582110465,-0.037253450217768914,-0.10051880674448732,0.340659340659343,0.08302808302808273,1
3.9030002582003362,-0.0368041455985911,-0.10051880674448732,0.340659340659343,0.08302808302808273,1
3.904000258189626,-0.03635439678965706,-0.10051880674448732,0.340659340659343,0.08302808302808273,1
3.905000258178916,-0.035904208229805355,-0.10051880674448732,0.340659340659343,0.08302808302808273,1
3.9060002581682056,-0.03545358436221576,-0.10051880674448732,0.340659340659343,0.08302808302808273,1
3.9070002581574954,-0.0350025296343633,-0.10051880674448732,0.340659340659343,0.08302808302808273,1
3.908000258146785,-0.034551048497976466,-0.10051880674448732,0.340659340659343,0.08302808302808273,1
3.909000258136075,-0.03409914540899119,-0.10051880674448732,0.340659340659343,0.08302808302808273,1
3.910000258125365,-0.03364682482750894,-0.10051880674448732,0.340659340659343,0.08302808302808273,1
3.9110002581146546,-0.03319409121775064,-0.10051880674448732,0.340659340659343,0.08302808302808273,1
3.9120002581039444,-0.03274094904801464,-0.10051880674448732,0.340659340659343,0.08302808302808273,1
3.913000258093234,-0.03228740279063064,-0.10051880674448732,0.340659340659343,0.08302808302808273,1
3.914000258082524,-0.031833456921917476,-0.10051880674448732,0.340659340659343,0.08302808302808273,1
3.9150002580718137,-0.03137911592213703,-0.10051880674448732,0.340659340659343,0.08302808302808273,1
3.9160002580611035,-0.030924384275451952,-0.10051880674448732,0.340659340659343,0.08302808302808273,1
3.9170002580503933,-0.030469266469879644,-0.10051880674448732,0.340659340659343,0.08302808302808273,1
3.918000258039683,-0.030013766997248774,-0.10051880674448732,0.340659340659343,0.08302808302808273,1
3.919000258028973,-0.029557890353155654,-0.09861142900740028,0.3626373626373578,0.06349206349206327,1
3.9200002580182627,-0.02910164103691812,-0.09784847791256546,0.2967032967032992,0.073260073260073,1
3.9210002580075525,-0.028645023551533116,-0.095559624628061,0.318681318681314,0.03418803418803407,1
3.9220002579968423,-0.028188042403630292,-0.09327077134355655,0.2967032967032992,0.05372405372405353,1
3.923000257986132,-0.027730702103429497,-0.08907454032196505,0.318681318681314,0.06349206349206327,1
3.924000257975422,-0.027273007164694253,-0.08793011367971282,0.2967032967032992,0.0439560439560438,1
3.9250002579647116,-0.026814962104689234,-0.08411535820553873,0.3626373626373578,0.06349206349206327,1
3.9260002579540014,-0.026356571444133656,-0.078774700541695,0.318681318681314,0.004884004884004867,1
3.927000257943291,-0.0258978397071587,-0.07572289616235572,0.2967032967032992,0.05372405372405353,1
3.928000257932581,-0.02543877142126079,-0.07152666514076422,0.3626373626373578,0.073260073260073,1
3.929000257921871,-0.024979371117259,-0.06847486076142495,0.4065934065934016,0.1025641025641022,1
3.9300002579111606,-0.02451964332924826,-0.06504158083466827,0.4065934065934016,0.073260073260073,1
3.9310002579004504,-0.024059592594556638,-0.0581750209811549,0.4065934065934016,0.024420024420024333,1
3.93200025788974,-0.023599223453698817,-0.0581750209811549,0.4065934065934016,0.024420024420024333,1
3.93300025787903,-0.023138540450331986,-0.0581750209811549,0.4065934065934016,0.024420024420024333,1
3.9340002578683197,-0.022677548131211835,-0.0581750209811549,0.4065934065934016,0.024420024420024333,1
3.9350002578576095,-0.022216251046145823,-0.0581750209811549,0.4065934065934016,0.024420024420024333,1
3.9360002578468993,-0.021754653747950374,-0.0581750209811549,0.4065934065934016,0.024420024420024333,1
3.937000257836189,-0.021292760792403845,-0.0581750209811549,0.4065934065934016,0.024420024420024333,1
3.938000257825479,-0.02083057673820365,-0.0581750209811549,0.4065934065934016,0.024420024420024333,1
3.9390002578147687,-0.020368106146919206,-0.0581750209811549,0.4065934065934016,0.024420024420024333,1
3.9400002578040585,-0.019905353582948957,-0.0581750209811549,0.4065934065934016,0.024420024420024333,1
3.9410002577933483,-0.019442323613473277,-0.0581750209811549,0.4065934065934016,0.024420024420024333,1
3.942000257782638,-0.018979020808411448,-0.0581750209811549,0.4065934065934016,0.024420024420024333,1
3.943000257771928,-0.018515449740374498,-0.0581750209811549,0.4065934065934016,0.024420024420024333,1
3.9440002577612177,-0.018051614984622134,-0.0581750209811549,0.4065934065934016,0.024420024420024333,1
3.9450002577505074,-0.017587521119015532,-0.0581750209811549,0.4065934065934016,0.024420024420024333,1
3.9460002577397972,-0.017123172723974192,-0.0581750209811549,0.4065934065934016,0.024420024420024333,1
3.947000257729087,-0.016658574382428955,-0.0581750209811549,0.4065934065934016,0.024420024420024333,1
3.948000257718377,-0.01619373067977753,-0.0581750209811549,0.4065934065934016,0.024420024420024333,1
3.9490002577076666,-0.015728646203840017,-0.0581750209811549,0.4065934065934016,0.024420024420024333,1
3.9500002576969564,-0.015263325544811811,-0.0581750209811549,0.4065934065934016,0.024420024420024333,1
3.951000257686246,-0.014797773295220387,-0.0581750209811549,0.4065934065934016,0.024420024420024333,1
3.952000257675536,-0.014331994049877866,-0.0581750209811549,0.4065934065934016,0.024420024420024333,1
3.9530002576648258,-0.013865992405837795,-0.0581750209811549,0.4065934065934016,0.024420024420024333,1
3.9540002576541156,-0.013399772962347636,-0.0581750209811549,0.4065934065934016,0.024420024420024333,1
3.9550002576434053,-0.012933340320805505,-0.0581750209811549,0.4065934065934016,0.024420024420024333,1
3.956000257632695,-0.012466699084712648,-0.0581750209811549,0.4065934065934016,0.024420024420024333,1
3.957000257621985,-0.011999853859630098,-0.0581750209811549,0.4065934065934016,0.024420024420024333,1
3.9580002576112747,-0.011532809253131122,-0.0581750209811549,0.4065934065934016,0.024420024420024333,1
3.9590002576005645,-0.011065569874757871,-0.0581750209811549,0.4065934065934016,0.024420024420024333,1
3.9600002575898543,-0.010598140335973751,-0.0581750209811549,0.4065934065934016,0.024420024420024333,1
3.961000257579144,-0.01013052525012002,-0.0581750209811549,0.4065934065934016,0.024420024420024333,1
3.962000257568434,-0.009662729232368439,-0.0581750209811549,0.4065934065934016,0.024420024420024333,1
3.9630002575577237,-0.009194756899676478,-0.0581750209811549,0.4065934065934016,0.024420024420024333,1
3.9640002575470135,-0.008726612870742563,-0.0581750209811549,0.4065934065934016,0.024420024420024333,1
3.9650002575363033,-0.008258301765958632,-0.0581750209811549,0.4065934065934016,0.024420024420024333,1
3.966000257525593,-0.007789828207366661,-0.0581750209811549,0.4065934065934016,0.024420024420024333,1
3.967000257514883,-0.007321196818610907,-0.0581750209811549,0.4065934065934016,0.024420024420024333,1
3.9680002575041726,-0.006852412224894418,-0.0581750209811549,0.4065934065934016,0.024420024420024333,1
3.9690002574934624,-0.006383479052931251,-0.0581750209811549,0.4065934065934016,0.024420024420024333,1
3.970000257482752,-0.005914401930902922,-0.0581750209811549,0.4065934065934016,0.024420024420024333,1
3.971000257472042,-0.005445185488410624,-0.0581750209811549,0.4065934065934016,0.024420024420024333,1
3.972000257461332,-0.00497583435643165,-0.0581750209811549,0.4065934065934016,0.024420024420024333,1
3.9730002574506216,-0.004506353167271552,-0.0581750209811549,0.4065934065934016,0.024420024420024333,1
3.9740002574399114,-0.004036746554520564,-0.0581750209811549,0.4065934065934016,0.024420024420024333,1
3.975000257429201,-0.003567019153005736,-0.0581750209811549,0.4065934065934016,0.024420024420024333,1
3.976000257418491,-0.0030971755987473162,-0.0581750209811549,0.4065934065934016,0.024420024420024333,1
3.9770002574077807,-0.0026272205289108713,-0.0581750209811549,0.4065934065934016,0.024420024420024333,1
3.9780002573970705,-0.0021571585817636418,-0.0581750209811549,0.4065934065934016,0.024420024420024333,1
3.9790002573863603,-0.001686994396626909,-0.0581750209811549,0.4065934065934016,0.024420024420024333,1
3.98000025737565,-0.0012167326138310085,-0.0581750209811549,0.4065934065934016,0.024420024420024333,1
3.98100025736494,-0.0007463778746703079,-0.0581750209811549,0.4065934065934016,0.024420024420024333,1
3.9820002573542297,-0.0002759348213555654,-0.0581750209811549,0.4065934065934016,0.024420024420024333,1
3.9830002573435195,0.00019459190302977512,-0.0581750209811549,0.4065934065934016,0.024420024420024333,1
3.9840002573328093,0.0006651976545775339,-0.0581750209811549,0.4065934065934016,0.024420024420024333,1
3.985000257322099,0.0011358777885985046,-0.0581750209811549,0.4065934065934016,0.024420024420024333,1
3.986000257311389,0.0016066276596704166,-0.0581750209811549,0.4065934065934016,0.024420024420024333,1
3.9870002573006786,0.002077442621681659,-0.0581750209811549,0.4065934065934016,0.024420024420024333,1
3.9880002572899684,0.002548318027879263,-0.0581750209811549,0.4065934065934016,0.024420024420024333,1
3.989000257279258,0.0030192492309126396,-0.0581750209811549,0.4065934065934016,0.024420024420024333,1
3.990000257268548,0.003490231582881566,-0.0581750209811549,0.4065934065934016,0.024420024420024333,1
3.991000257257838,0.003961260435379941,-0.0581750209811549,0.4065934065934016,0.024420024420024333,1
3.9920002572471276,0.004432331139543783,-0.0581750209811549,0.4065934065934016,0.024420024420024333,1
3.9930002572364174,0.004903439046094989,-0.0581750209811549,0.4065934065934016,0.024420024420024333,1
3.994000257225707,0.00537457950538908,-0.0581750209811549,0.4065934065934016,0.024420024420024333,1
3.995000257214997,0.005845747867460298,-0.0581750209811549,0.4065934065934016,0.024420024420024333,1
3.9960002572042868,0.006316939482066693,-0.0581750209811549,0.4065934065934016,0.024420024420024333,1
3.9970002571935765,0.006788149698737889,-0.0581750209811549,0.4065934065934016,0.024420024420024333,1
3.9980002571828663,0.00725937386681885,-0.0581750209811549,0.4065934065934016,0.024420024420024333,1
3.999000257172156,0.00773060733551791,-0.0581750209811549,0.4065934065934016,0.024420024420024333,1
4.000000257161446,0.008201845453950545,-0.0581750209811549,0.4065934065934016,0.024420024420024333,1
4.001000257150736,0.008673083571187405,-0.0581750209811549,0.4065934065934016,0.024420024420024333,1
4.0020002571400255,0.009144317036298083,-0.0581750209811549,0.4065934065934016,0.024420024420024333,1
4.003000257129315,0.00961554119839916,-0.0581750209811549,0.4065934065934016,0.024420024420024333,1
4.004000257118605,0.010086751406697963,-0.0581750209811549,0.4065934065934016,0.024420024420024333,1
4.005000257107895,0.010557943010540602,-0.0581750209811549,0.4065934065934016,0.024420024420024333,1
4.006000257097185,0.011029111359455742,-0.0581750209811549,0.4065934065934016,0.024420024420024333,1
4.0070002570864744,0.01150025180320263,-0.0581750209811549,0.4065934065934016,0.024420024420024333,1
4.008000257075764,0.011971359691814861,-0.0581750209811549,0.4065934065934016,0.024420024420024333,1
4.009000257065054,0.012442430375648135,-0.0581750209811549,0.4065934065934016,0.024420024420024333,1
4.010000257054344,0.012913459205425346,-0.0581750209811549,0.4065934065934016,0.024420024420024333,1
4.011000257043634,0.01338444153228167,-0.0581750209811549,0.4065934065934016,0.024420024420024333,1
4.012000257032923,0.013855372707812324,-0.0581750209811549,0.4065934065934016,0.024420024420024333,1
4.013000257022213,0.01432624808411629,-0.0581750209811549,0.4065934065934016,0.024420024420024333,1
4.014000257011503,0.014797063013844335,-0.0581750209811549,0.4065934065934016,0.024420024420024333,1
4.015000257000793,0.015267812850242746,-0.0581750209811549,0.4065934065934016,0.024420024420024333,1
4.016000256990083,0.015738492947201324,-0.0581750209811549,0.4065934065934016,0.024420024420024333,1
4.017000256979372,0.016209098659297094,-0.0581750209811549,0.4065934065934016,0.024420024420024333,1
4.018000256968662,0.016679625341842304,-0.0581750209811549,0.4065934065934016,0.024420024420024333,1
4.019000256957952,0.017150068350928124,-0.0581750209811549,0.4065934065934016,0.024420024420024333,1
4.020000256947242,0.01762042304347261,-0.0581750209811549,0.4065934065934016,0.024420024420024333,1
4.0210002569365315,0.0180906847772644,-0.0581750209811549,0.4065934065934016,0.024420024420024333,1
4.022000256925821,0.018560848911010674,-0.0581750209811549,0.4065934065934016,0.024420024420024333,1
4.023000256915111,0.01903091080438081,-0.0581750209811549,0.4065934065934016,0.024420024420024333,1
4.024000256904401,0.019500865818054054,-0.0581750209811549,0.4065934065934016,0.024420024420024333,1
4.025000256893691,0.019970709313764514,-0.0581750209811549,0.4065934065934016,0.024420024420024333,1
4.0260002568829805,0.020440436654346143,-0.0581750209811549,0.4065934065934016,0.024420024420024333,1
4.02700025687227,0.02091004320378035,-0.0581750209811549,0.4065934065934016,0.024420024420024333,1
4.02800025686156,0.021379524327239656,-0.0581750209811549,0.4065934065934016,0.024420024420024333,1
4.02900025685085,0.021848875391135537,-0.0581750209811549,0.4065934065934016,0.024420024420024333,1
4.03000025684014,0.022318091763162042,-0.0581750209811549,0.4065934065934016,0.024420024420024333,1
4.031000256829429,0.022787168812343644,-0.0581750209811549,0.4065934065934016,0.024420024420024333,1
4.032000256818719,0.023256101909078807,-0.0581750209811549,0.4065934065934016,0.024420024420024333,1
4.033000256808009,0.023724886425187816,-0.0581750209811549,0.4065934065934016,0.024420024420024333,1
4.034000256797299,0.024193517733956317,-0.0581750209811549,0.4065934065934016,0.024420024420024333,1
4.035000256786589,0.02466199121018312,-0.0581750209811549,0.4065934065934016,0.024420024420024333,1
4.036000256775878,0.025130302230223705,-0.0581750209811549,0.4065934065934016,0.024420024420024333,1
4.037000256765168,0.02559844617203801,-0.0581750209811549,0.4065934065934016,0.024420024420024333,1
4.038000256754458,0.02606641841523389,-0.0581750209811549,0.4065934065934016,0.024420024420024333,1
4.039000256743748,0.02653421434111486,-0.0581750209811549,0.4065934065934016,0.024420024420024333,1
4.0400002567330375,0.027001829332723562,-0.0581750209811549,0.4065934065934016,0.024420024420024333,1
4.041000256722327,0.027469258774889174,-0.0581750209811549,0.4065934065934016,0.024420024420024333,1
4.042000256711617,0.027936498054272167,-0.046349279011215216,0.3846153846153868,0.0439560439560438,1
4.043000256700907,0.02840354255940907,-0.04100862134737149,0.4065934065934016,0.06349206349206327,1
4.044000256690197,0.028870387680759786,-0.03604943923094517,0.4065934065934016,0.09279609279609247,1
4.0450002566794865,0.02933702881075102,-0.03376058594644071,0.4065934065934016,0.073260073260073,1
4.046000256668776,0.029803461343823827,-0.027656977187762166,0.4285714285714306,0.0439560439560438,1
4.047000256658066,0.03026968067647699,-0.026894026092927348,0.3846153846153868,0.073260073260073,1
4.048000256647356,0.030735682207314537,-0.023460746166170665,0.4285714285714306,0.11233211233211193,1
4.049000256636646,0.031201461337089065,-0.02040894178683139,0.4065934065934016,0.1025641025641022,1
4.050000256625935,0.031667013468749235,-0.01697566186007471,0.3846153846153868,0.1025641025641022,1
4.051000256615225,0.03213233400748303,-0.005149919890135024,0.5164835164835182,0.03418803418803407,1
4.052000256604515,0.03259741836076519,-0.005149919890135024,0.5164835164835182,0.03418803418803407,1
4.053000256593805,0.03306226193840052,-0.005149919890135024,0.5164835164835182,0.03418803418803407,1
4.054000256583095,0.03352686015257118,-0.005149919890135024,0.5164835164835182,0.03418803418803407,1
4.055000256572384,0.033991208417879934,-0.005149919890135024,0.5164835164835182,0.03418803418803407,1
4.056000256561674,0.034455302151397235,-0.005149919890135024,0.5164835164835182,0.03418803418803407,1
4.057000256550964,0.03491913677270565,-0.005149919890135024,0.5164835164835182,0.03418803418803407,1
4.058000256540254,0.0353827077039443,-0.005149919890135024,0.5164835164835182,0.03418803418803407,1
4.0590002565295435,0.035846010369855866,-0.005149919890135024,0.5164835164835182,0.03418803418803407,1
4.060000256518833,0.036309040197829656,-0.005149919890135024,0.5164835164835182,0.03418803418803407,1
4.061000256508123,0.036771792617948815,-0.005149919890135024,0.5164835164835182,0.03418803418803407,1
4.062000256497413,0.03723426306303336,-0.005149919890135024,0.5164835164835182,0.03418803418803407,1
4.063000256486703,0.03769644696868732,-0.005149919890135024,0.5164835164835182,0.03418803418803407,1
4.0640002564759925,0.038158339773341717,-0.005149919890135024,0.5164835164835182,0.03418803418803407,1
4.065000256465282,0.03861993691830166,-0.005149919890135024,0.5164835164835182,0.03418803418803407,1
4.066000256454572,0.039081233847789255,-0.005149919890135024,0.5164835164835182,0.03418803418803407,1
4.067000256443862,0.03954222600899066,-0.005149919890135024,0.5164835164835182,0.03418803418803407,1
4.068000256433152,0.040002908852098944,-0.005149919890135024,0.5164835164835182,0.03418803418803407,1
4.0690002564224415,0.04046327783036103,-0.005149919890135024,0.5164835164835182,0.03418803418803407,1
4.070000256411731,0.04092332840012055,-0.005149919890135024,0.5164835164835182,0.03418803418803407,1
4.071000256401021,0.041383056020864464,-0.005149919890135024,0.5164835164835182,0.03418803418803407,1
4.072000256390311,0.04184245615526711,-0.005149919890135024,0.5164835164835182,0.03418803418803407,1
4.073000256379601,0.04230152426923421,-0.005149919890135024,0.5164835164835182,0.03418803418803407,1
4.07400025636889,0.04276025583194943,-0.005149919890135024,0.5164835164835182,0.03418803418803407,1
4.07500025635818,0.043218646315917014,-0.005149919890135024,0.5164835164835182,0.03418803418803407,1
4.07600025634747,0.043676691197008566,-0.005149919890135024,0.5164835164835182,0.03418803418803407,1
4.07700025633676,0.044134385954505605,-0.005149919890135024,0.5164835164835182,0.03418803418803407,1
4.07800025632605,0.04459172607114628,-0.005149919890135024,0.5164835164835182,0.03418803418803407,1
4.079000256315339,0.04504870703316784,-0.005149919890135024,0.5164835164835182,0.03418803418803407,1
4.080000256304629,0.04550532433035329,-0.005149919890135024,0.5164835164835182,0.03418803418803407,1
4.081000256293919,0.04596157345607386,-0.005149919890135024,0.5164835164835182,0.03418803418803407,1
4.082000256283209,0.04641744990733545,-0.005149919890135024,0.5164835164835182,0.03418803418803407,1
4.0830002562724985,0.04687294918482113,-0.005149919890135024,0.5164835164835182,0.03418803418803407,1
4.084000256261788,0.047328066792937544,-0.005149919890135024,0.5164835164835182,0.03418803418803407,1
4.085000256251078,0.0477827982398572,-0.005149919890135024,0.5164835164835182,0.03418803418803407,1
4.086000256240368,0.048237139037564665,-0.005149919890135024,0.5164835164835182,0.03418803418803407,1
4.087000256229658,0.04869108470190004,-0.005149919890135024,0.5164835164835182,0.03418803418803407,1
4.0880002562189475,0.04914463075260247,-0.005149919890135024,0.5164835164835182,0.03418803418803407,1
4.089000256208237,0.049597772713356136,-0.005149919890135024,0.5164835164835182,0.03418803418803407,1
4.090000256197527,0.05005050611183243,-0.005149919890135024,0.5164835164835182,0.03418803418803407,1
4.091000256186817,0.050502826479736064,-0.005149919890135024,0.5164835164835182,0.03418803418803407,1
4.092000256176107,0.05095472935284722,-0.005149919890135024,0.5164835164835182,0.03418803418803407,1
4.093000256165396,0.051406210271067586,-0.005149919890135024,0.5164835164835182,0.03418803418803407,1
4.094000256154686,0.05185726477846235,-0.005149919890135024,0.5164835164835182,0.03418803418803407,1
4.095000256143976,0.052307888423306234,-0.005149919890135024,0.5164835164835182,0.03418803418803407,1
4.096000256133266,0.05275807675812537,-0.005149919890135024,0.5164835164835182,0.03418803418803407,1
4.097000256122556,0.05320782533974324,-0.005149919890135024,0.5164835164835182,0.03418803418803407,1
4.098000256111845,0.053657129729322496,-0.005149919890135024,0.5164835164835182,0.03418803418803407,1
4.099000256101135,0.05410598549241083,-0.005149919890135024,0.5164835164835182,0.03418803418803407,1
4.100000256090425,0.05455438819898264,-0.005149919890135024,0.5164835164835182,0.03418803418803407,1
4.101000256079715,0.055002333423484845,-0.005149919890135024,0.5164835164835182,0.03418803418803407,1
4.1020002560690045,0.05544981674487852,-0.005149919890135024,0.5164835164835182,0.03418803418803407,1
4.103000256058294,0.05589683374668427,-0.005149919890135024,0.5164835164835182,0.03418803418803407,1
4.104000256047584,0.05634338001702511,-0.005149919890135024,0.5164835164835182,0.03418803418803407,1
4.105000256036874,0.056789451148669214,-0.005149919890135024,0.5164835164835182,0.03418803418803407,1
4.106000256026164,0.05723504273907521,-0.005149919890135024,0.5164835164835182,0.03418803418803407,1
4.1070002560154535,0.05768015039043358,-0.005149919890135024,0.5164835164835182,0.03418803418803407,1
4.108000256004743,0.058124769709712094,-0.005149919890135024,0.5164835164835182,0.03418803418803407,1
4.109000255994033,0.05856889630869717,-0.005149919890135024,0.5164835164835182,0.03418803418803407,1
4.110000255983323,0.05901252580403916,-0.005149919890135024,0.5164835164835182,0.03418803418803407,1
4.111000255972613,0.05945565381729364,-0.005149919890135024,0.5164835164835182,0.03418803418803407,1
4.112000255961902,0.05989827597496663,-0.005149919890135024,0.5164835164835182,0.03418803418803407,1
4.113000255951192,0.0603403879085557,-0.005149919890135024,0.5164835164835182,0.03418803418803407,1
4.114000255940482,0.060781985254595154,-0.005149919890135024,0.5164835164835182,0.03418803418803407,1
4.115000255929772,0.061223063654697076,-0.005149919890135024,0.5164835164835182,0.03418803418803407,1
4.116000255919062,0.06166361875559629,-0.005149919890135024,0.5164835164835182,0.03418803418803407,1
4.117000255908351,0.06210364620919142,-0.005149919890135024,0.5164835164835182,0.03418803418803407,1
4.118000255897641,0.0625431416725895,-0.005149919890135024,0.5164835164835182,0.03418803418803407,1
4.119000255886931,0.06298210080814805,-0.005149919890135024,0.5164835164835182,0.03418803418803407,1
4.120000255876221,0.06342051928351725,-0.005149919890135024,0.5164835164835182,0.03418803418803407,1
4.1210002558655106,0.06385839277168429,-0.005149919890135024,0.5164835164835182,0.03418803418803407,1
4.1220002558548,0.06429571695101424,-0.005149919890135024,0.5164835164835182,0.03418803418803407,1
4.12300025584409,0.06473248750529459,-0.005149919890135024,0.5164835164835182,0.03418803418803407,1
4.12400025583338,0.06516870012377592,-0.005149919890135024,0.5164835164835182,0.03418803418803407,1
4.12500025582267,0.06560435050121634,-0.005149919890135024,0.5164835164835182,0.03418803418803407,1
4.1260002558119595,0.06603943433792211,-0.005149919890135024,0.5164835164835182,0.03418803418803407,1
4.127000255801249,0.06647394733979202,-0.005149919890135024,0.5164835164835182,0.03418803418803407,1
4.128000255790539,0.06690788521835775,-0.005149919890135024,0.5164835164835182,0.03418803418803407,1
4.129000255779829,0.0673412436908282,-0.005149919890135024,0.5164835164835182,0.03418803418803407,1
4.130000255769119,0.06777401848012982,-0.005149919890135024,0.5164835164835182,0.03418803418803407,1
4.1310002557584085,0.06820620531495071,-0.005149919890135024,0.5164835164835182,0.03418803418803407,1
4.132000255747698,0.06863779992978092,-0.005149919890135024,0.5164835164835182,0.03418803418803407,1
4.133000255736988,0.06906879806495617,-0.005149919890135024,0.5164835164835182,0.03418803418803407,1
4.134000255726278,0.0694991954666992,-0.005149919890135024,0.5164835164835182,0.03418803418803407,1
4.135000255715568,0.06992898788716102,-0.005149919890135024,0.5164835164835182,0.03418803418803407,1
4.136000255704857,0.07035817108446454,-0.005149919890135024,0.5164835164835182,0.03418803418803407,1
4.137000255694147,0.07078674082274446,-0.005149919890135024,0.5164835164835182,0.03418803418803407,1
4.138000255683437,0.07121469287219107,-0.005149919890135024,0.5164835164835182,0.03418803418803407,1
4.139000255672727,0.07164202300909,-0.005149919890135024,0.5164835164835182,0.03418803418803407,1
4.140000255662017,0.07206872701586593,-0.005149919890135024,0.5164835164835182,0.03418803418803407,1
4.141000255651306,0.07249480068112216,-0.005149919890135024,0.5164835164835182,0.03418803418803407,1
4.142000255640596,0.07292023979968419,-0.005149919890135024,0.5164835164835182,0.03418803418803407,1
4.143000255629886,0.0733450401726393,-0.005149919890135024,0.5164835164835182,0.03418803418803407,1
4.144000255619176,0.0737691976073799,-0.005149919890135024,0.5164835164835182,0.03418803418803407,1
4.1450002556084655,0.07419270791764293,-0.005149919890135024,0.5164835164835182,0.03418803418803407,1
4.146000255597755,0.07461556692355317,-0.005149919890135024,0.5164835164835182,0.03418803418803407,1
4.147000255587045,0.07503777045166259,-0.005149919890135024,0.5164835164835182,0.03418803418803407,1
4.148000255576335,0.0754593143349931,-0.005149919890135024,0.5164835164835182,0.03418803418803407,1
4.149000255565625,0.07588019441307713,-0.005149919890135024,0.5164835164835182,0.03418803418803407,1
4.1500002555549145,0.07630040653199781,-0.005149919890135024,0.5164835164835182,0.03418803418803407,1
4.151000255544204,0.07671994654443173,-0.005149919890135024,0.5164835164835182,0.03418803418803407,1
4.152000255533494,0.07713881030968799,-0.005149919890135024,0.5164835164835182,0.03418803418803407,1
4.153000255522784,0.07755699369375085,-0.005149919890135024,0.5164835164835182,0.03418803418803407,1
4.154000255512074,0.07797449256931878,-0.005149919890135024,0.5164835164835182,0.03418803418803407,1
4.155000255501363,0.07839130281584698,-0.005149919890135024,0.5164835164835182,0.03418803418803407,1
4.156000255490653,0.07880742031958622,-0.005149919890135024,0.5164835164835182,0.03418803418803407,1
4.157000255479943,0.07922284097362528,-0.005149919890135024,0.5164835164835182,0.03418803418803407,1
4.158000255469233,0.07963756067792964,-0.005149919890135024,0.5164835164835182,0.03418803418803407,1
4.159000255458523,0.08005157533938378,-0.005149919890135024,0.5164835164835182,0.03418803418803407,1
4.160000255447812,0.08046488087182979,-0.005149919890135024,0.5164835164835182,0.03418803418803407,1
4.161000255437102,0.08087747319610945,0.02613107499809253,0.4065934065934016,0.12210012210012167,1
4.162000255426392,0.08128934824010274,0.028038452735179575,0.4065934065934016,0.15140415140415087,1
4.163000255415682,0.08170050193876978,0.02994583047226662,0.3626373626373578,0.18070818070818007,1
4.1640002554049715,0.08211093023418918,0.03109025711451885,0.4065934065934016,0.20024420024419953,1
4.165000255394261,0.08252062907559969,0.03490501258869294,0.4725274725274744,0.1904761904761898,1
4.166000255383551,0.08292959441943946,0.037193865873197396,0.4945054945054892,0.1318681318681314,1
4.167000255372841,0.08333782222938531,0.042915999084458534,0.4725274725274744,0.004884004884004867,1
4.168000255362131,0.08374530847639404,0.04482337682154558,0.3846153846153868,0.06349206349206327,1
4.1690002553514205,0.0841520491387406,0.046349279011215216,0.340659340659343,0.09279609279609247,1
4.17000025534071,0.08455804020205934,0.046349279011215216,0.340659340659343,0.09279609279609247,1
4.17100025533,0.08496327765938205,0.046349279011215216,0.340659340659343,0.09279609279609247,1
4.17200025531929,0.08536775751117916,0.046349279011215216,0.340659340659343,0.09279609279609247,1
4.17300025530858,0.08577147576539743,0.046349279011215216,0.340659340659343,0.09279609279609247,1
4.174000255297869,0.08617442843750125,0.046349279011215216,0.340659340659343,0.09279609279609247,1
4.175000255287159,0.08657661155051002,0.046349279011215216,0.340659340659343,0.09279609279609247,1
4.176000255276449,0.08697802113503937,0.046349279011215216,0.340659340659343,0.09279609279609247,1
4.177000255265739,0.08737865322933835,0.046349279011215216,0.340659340659343,0.09279609279609247,1
4.178000255255029,0.08777850387933049,0.046349279011215216,0.340659340659343,0.09279609279609247,1
4.179000255244318,0.08817756913865092,0.046349279011215216,0.340659340659343,0.09279609279609247,1
4.180000255233608,0.08857584506868695,0.046349279011215216,0.340659340659343,0.09279609279609247,1
4.181000255222898,0.08897332773861626,0.046349279011215216,0.340659340659343,0.09279609279609247,1
4.182000255212188,0.08937001322544498,0.046349279011215216,0.340659340659343,0.09279609279609247,1
4.183000255201478,0.08976589761404807,0.046349279011215216,0.340659340659343,0.09279609279609247,1
4.184000255190767,0.09016097699720606,0.046349279011215216,0.340659340659343,0.09279609279609247,1
4.185000255180057,0.09055524747564546,0.046349279011215216,0.340659340659343,0.09279609279609247,1
4.186000255169347,0.09094870515807546,0.046349279011215216,0.340659340659343,0.09279609279609247,1
4.187000255158637,0.09134134616122812,0.046349279011215216,0.340659340659343,0.09279609279609247,1
4.1880002551479265,0.09173316660989488,0.046349279011215216,0.340659340659343,0.09279609279609247,1
4.189000255137216,0.09212416263696663,0.046349279011215216,0.340659340659343,0.09279609279609247,1
4.190000255126506,0.09251433038347008,0.046349279011215216,0.340659340659343,0.09279609279609247,1
4.191000255115796,0.0929036659986076,0.046349279011215216,0.340659340659343,0.09279609279609247,1
4.192000255105086,0.09329216563979349,0.046349279011215216,0.340659340659343,0.09279609279609247,1
4.1930002550943755,0.09367982547269368,0.046349279011215216,0.340659340659343,0.09279609279609247,1
4.194000255083665,0.09406664167126175,0.046349279011215216,0.340659340659343,0.09279609279609247,1
4.195000255072955,0.09445261041777828,0.046349279011215216,0.340659340659343,0.09279609279609247,1
4.196000255062245,0.09483772790288786,0.046349279011215216,0.340659340659343,0.09279609279609247,1
4.197000255051535,0.09522199032563605,0.046349279011215216,0.340659340659343,0.09279609279609247,1
4.198000255040824,0.0956053938935084,0.046349279011215216,0.340659340659343,0.09279609279609247,1
4.199000255030114,0.0959879348224661,0.046349279011215216,0.340659340659343,0.09279609279609247,1
4.200000255019404,0.09636960933698514,0.046349279011215216,0.340659340659343,0.09279609279609247,1
4.201000255008694,0.09675041367009181,0.046349279011215216,0.340659340659343,0.09279609279609247,1
4.202000254997984,0.0971303440634016,0.046349279011215216,0.340659340659343,0.09279609279609247,1
4.203000254987273,0.0975093967671545,0.046349279011215216,0.340659340659343,0.09279609279609247,1
4.204000254976563,0.09788756804025396,0.046349279011215216,0.340659340659343,0.09279609279609247,1
4.205000254965853,0.09826485415030174,0.046349279011215216,0.340659340659343,0.09279609279609247,1
4.206000254955143,0.09864125137363684,0.046349279011215216,0.340659340659343,0.09279609279609247,1
4.2070002549444325,0.09901675599537024,0.046349279011215216,0.340659340659343,0.09279609279609247,1
4.208000254933722,0.09939136430942343,0.046349279011215216,0.340659340659343,0.09279609279609247,1
4.209000254923012,0.09976507261856322,0.046349279011215216,0.340659340659343,0.09279609279609247,1
4.210000254912302,0.1001378772344398,0.046349279011215216,0.340659340659343,0.09279609279609247,1
4.211000254901592,0.10050977447762238,0.046349279011215216,0.340659340659343,0.09279609279609247,1
4.2120002548908815,0.10088076067763498,0.046349279011215216,0.340659340659343,0.09279609279609247,1
4.213000254880171,0.10125083217299406,0.046349279011215216,0.340659340659343,0.09279609279609247,1
4.214000254869461,0.10161998531124307,0.046349279011215216,0.340659340659343,0.09279609279609247,1
4.215000254858751,0.10198821644899002,0.046349279011215216,0.340659340659343,0.09279609279609247,1
4.216000254848041,0.10235552195194192,0.046349279011215216,0.340659340659343,0.09279609279609247,1
4.21700025483733,0.10272189819494222,0.046349279011215216,0.340659340659343,0.09279609279609247,1
4.21800025482662,0.103087341562005,0.046349279011215216,0.340659340659343,0.09279609279609247,1
4.21900025481591,0.10345184844635223,0.046349279011215216,0.340659340659343,0.09279609279609247,1
4.2200002548052,0.10381541525044781,0.046349279011215216,0.340659340659343,0.09279609279609247,1
4.22100025479449,0.10417803838603464,0.046349279011215216,0.340659340659343,0.09279609279609247,1
4.222000254783779,0.10453971427416842,0.046349279011215216,0.340659340659343,0.09279609279609247,1
4.223000254773069,0.10490043934525463,0.046349279011215216,0.340659340659343,0.09279609279609247,1
4.224000254762359,0.10526021003908216,0.046349279011215216,0.340659340659343,0.09279609279609247,1
4.225000254751649,0.10561902280485995,0.046349279011215216,0.340659340659343,0.09279609279609247,1
4.2260002547409385,0.10597687410125053,0.046349279011215216,0.340659340659343,0.09279609279609247,1
4.227000254730228,0.1063337603964064,0.046349279011215216,0.340659340659343,0.09279609279609247,1
4.228000254719518,0.10668967816800412,0.046349279011215216,0.340659340659343,0.09279609279609247,1
4.229000254708808,0.10704462390327868,0.046349279011215216,0.340659340659343,0.09279609279609247,1
4.230000254698098,0.10739859409905944,0.046349279011215216,0.340659340659343,0.09279609279609247,1
4.2310002546873875,0.10775158526180316,0.046349279011215216,0.340659340659343,0.09279609279609247,1
4.232000254676677,0.10810359390763004,0.046349279011215216,0.340659340659343,0.09279609279609247,1
4.233000254665967,0.10845461656235653,0.046349279011215216,0.340659340659343,0.09279609279609247,1
4.234000254655257,0.10880464976153122,0.046349279011215216,0.340659340659343,0.09279609279609247,1
4.235000254644547,0.10915369005046739,0.046349279011215216,0.340659340659343,0.09279609279609247,1
4.2360002546338364,0.10950173398427883,0.046349279011215216,0.340659340659343,0.09279609279609247,1
4.237000254623126,0.10984877812791205,0.046349279011215216,0.340659340659343,0.09279609279609247,1
4.238000254612416,0.11019481905618196,0.046349279011215216,0.340659340659343,0.09279609279609247,1
4.239000254601706,0.11053985335380397,0.046349279011215216,0.340659340659343,0.09279609279609247,1
4.240000254590996,0.11088387761542931,0.046349279011215216,0.340659340659343,0.09279609279609247,1
4.241000254580285,0.1112268884456771,0.046349279011215216,0.340659340659343,0.09279609279609247,1
4.242000254569575,0.11156888245916921,0.046349279011215216,0.340659340659343,0.09279609279609247,1
4.243000254558865,0.11190985628056303,0.046349279011215216,0.340659340659343,0.09279609279609247,1
4.244000254548155,0.1122498065445843,0.046349279011215216,0.340659340659343,0.09279609279609247,1
4.245000254537445,0.11258872989606161,0.046349279011215216,0.340659340659343,0.09279609279609247,1
4.246000254526734,0.11292662298995802,0.046349279011215216,0.340659340659343,0.09279609279609247,1
4.247000254516024,0.11326348249140553,0.046349279011215216,0.340659340659343,0.09279609279609247,1
4.248000254505314,0.11359930507573658,0.046349279011215216,0.340659340659343,0.09279609279609247,1
4.249000254494604,0.11393408742851824,0.046349279011215216,0.340659340659343,0.09279609279609247,1
4.2500002544838935,0.11426782624558357,0.046349279011215216,0.340659340659343,0.09279609279609247,1
4.251000254473183,0.11460051823306562,0.046349279011215216,0.340659340659343,0.09279609279609247,1
4.252000254462473,0.1149321601074285,0.046349279011215216,0.340659340659343,0.09279609279609247,1
4.253000254451763,0.11526274859550124,0.046349279011215216,0.340659340659343,0.09279609279609247,1
4.254000254441053,0.1155922804345086,0.046349279011215216,0.340659340659343,0.09279609279609247,1
4.2550002544303425,0.11592075237210482,0.046349279011215216,0.340659340659343,0.09279609279609247,1
4.256000254419632,0.1162481611664042,0.046349279011215216,0.340659340659343,0.09279609279609247,1
4.257000254408922,0.11657450358601433,0.046349279011215216,0.340659340659343,0.09279609279609247,1
4.258000254398212,0.11689977641006759,0.046349279011215216,0.340659340659343,0.09279609279609247,1
4.259000254387502,0.11722397642825218,0.046349279011215216,0.340659340659343,0.09279609279609247,1
4.260000254376791,0.11754710044084528,0.046349279011215216,0.340659340659343,0.09279609279609247,1
4.261000254366081,0.117869145258743,0.046349279011215216,0.340659340659343,0.09279609279609247,1
4.262000254355371,0.11819010770349346,0.046349279011215216,0.340659340659343,0.09279609279609247,1
4.263000254344661,0.1185099846073266,0.046349279011215216,0.340659340659343,0.09279609279609247,1
4.264000254333951,0.11882877281318695,0.046349279011215216,0.340659340659343,0.09279609279609247,1
4.26500025432324,0.11914646917476335,0.046349279011215216,0.340659340659343,0.09279609279609247,1
4.26600025431253,0.11946307055652135,0.046349279011215216,0.340659340659343,0.09279609279609247,1
4.26700025430182,0.11977857383373286,0.046349279011215216,0.340659340659343,0.09279609279609247,1
4.26800025429111,0.12009297589250835,0.046349279011215216,0.340659340659343,0.09279609279609247,1
4.2690002542803995,0.1204062736298261,0.046349279011215216,0.340659340659343,0.09279609279609247,1
4.270000254269689,0.12071846395356439,0.046349279011215216,0.340659340659343,0.09279609279609247,1
4.271000254258979,0.12102954378253045,0.046349279011215216,0.340659340659343,0.09279609279609247,1
4.272000254248269,0.12133951004649221,0.046349279011215216,0.340659340659343,0.09279609279609247,1
4.273000254237559,0.121648359686208,0.046349279011215216,0.340659340659343,0.09279609279609247,1
4.2740002542268485,0.1219560896534563,0.046349279011215216,0.340659340659343,0.09279609279609247,1
4.275000254216138,0.12226269691106699,0.046349279011215216,0.340659340659343,0.09279609279609247,1
4.276000254205428,0.12256817843294993,0.046349279011215216,0.340659340659343,0.09279609279609247,1
4.277000254194718,0.12287253120412622,0.046349279011215216,0.340659340659343,0.09279609279609247,1
4.278000254184008,0.1231757522207566,0.046349279011215216,0.340659340659343,0.09279609279609247,1
4.279000254173297,0.12347783849017249,0.046349279011215216,0.340659340659343,0.09279609279609247,1
4.280000254162587,0.12377878703090407,0.046349279011215216,0.340659340659343,0.09279609279609247,1
4.281000254151877,0.12407859487271114,0.046349279011215216,0.340659340659343,0.09279609279609247,1
4.282000254141167,0.12437725905661108,0.046349279011215216,0.340659340659343,0.09279609279609247,1
4.283000254130457,0.12467477663490936,0.046349279011215216,0.340659340659343,0.09279609279609247,1
4.284000254119746,0.1249711446712273,0.046349279011215216,0.340659340659343,0.09279609279609247,1
4.285000254109036,0.12526636024053248,0.05016403448538931,0.3846153846153868,0.12210012210012167,1
4.286000254098326,0.1255604204291661,0.05359731441214599,0.3626373626373578,0.1611721611721606,1
4.287000254087616,0.12585332233487306,0.055886167696650446,0.3846153846153868,0.1904761904761898,1
4.2880002540769055,0.12614506306683004,0.057030594338902674,0.3846153846153868,0.1904761904761898,1
4.289000254066195,0.12643563974567348,0.05970092317082454,0.4065934065934016,0.20024420024419953,1
4.290000254055485,0.1267250495035293,0.06427862973983345,0.4065934065934016,0.1904761904761898,1
4.291000254044775,0.12701328948403978,0.06542305638208568,0.4065934065934016,0.18070818070818007,1
4.292000254034065,0.12730035684239302,0.06923781185625977,0.3846153846153868,0.15140415140415087,1
4.2930002540233545,0.12758624874534985,0.0745784695201035,0.340659340659343,0.14163614163614113,1
4.294000254012644,0.127870962371273,0.09327077134355655,0.4285714285714306,0.15140415140415087,1
4.295000254001934,0.12815449491015363,0.09479667353322618,0.340659340659343,0.1318681318681314,1
4.296000253991224,0.12843684356364043,0.095559624628061,0.318681318681314,0.12210012210012167,1
4.297000253980514,0.128718005545066,0.095559624628061,0.318681318681314,0.12210012210012167,1
4.2980002539698035,0.12899797807947536,0.095559624628061,0.318681318681314,0.12210012210012167,1
4.299000253959093,0.1292767584036524,0.095559624628061,0.318681318681314,0.12210012210012167,1
4.300000253948383,0.1295543437661483,0.095559624628061,0.318681318681314,0.12210012210012167,1
4.301000253937673,0.12983073142730728,0.095559624628061,0.318681318681314,0.12210012210012167,1
4.302000253926963,0.1301059186592951,0.095559624628061,0.318681318681314,0.12210012210012167,1
4.303000253916252,0.13037990274612465,0.095559624628061,0.318681318681314,0.12210012210012167,1
4.304000253905542,0.13065268098368377,0.095559624628061,0.318681318681314,0.12210012210012167,1
4.305000253894832,0.1309242506797616,0.095559624628061,0.318681318681314,0.12210012210012167,1
4.306000253884122,0.13119460915407466,0.095559624628061,0.318681318681314,0.12210012210012167,1
4.307000253873412,0.13146375373829428,0.095559624628061,0.318681318681314,0.12210012210012167,1
4.308000253862701,0.13173168177607186,0.095559624628061,0.318681318681314,0.12210012210012167,1
4.309000253851991,0.13199839062306618,0.095559624628061,0.318681318681314,0.12210012210012167,1
4.310000253841281,0.13226387764696834,0.095559624628061,0.318681318681314,0.12210012210012167,1
4.311000253830571,0.13252814022752896,0.095559624628061,0.318681318681314,0.12210012210012167,1
4.3120002538198605,0.13279117575658284,0.095559624628061,0.318681318681314,0.12210012210012167,1
4.31300025380915,0.13305298163807577,0.095559624628061,0.318681318681314,0.12210012210012167,1
4.31400025379844,0.13331355528808925,0.095559624628061,0.318681318681314,0.12210012210012167,1
4.31500025378773,0.13357289413486684,0.095559624628061,0.318681318681314,0.12210012210012167,1
4.31600025377702,0.13383099561883863,0.095559624628061,0.318681318681314,0.12210012210012167,1
4.3170002537663095,0.13408785719264749,0.095559624628061,0.318681318681314,0.12210012210012167,1
4.318000253755599,0.13434347632117313,0.095559624628061,0.318681318681314,0.12210012210012167,1
4.319000253744889,0.13459785048155823,0.095559624628061,0.318681318681314,0.12210012210012167,1
4.320000253734179,0.1348509771632326,0.095559624628061,0.318681318681314,0.12210012210012167,1
4.321000253723469,0.13510285386793797,0.095559624628061,0.318681318681314,0.12210012210012167,1
4.322000253712758,0.13535347810975318,0.095559624628061,0.318681318681314,0.12210012210012167,1
4.323000253702048,0.135602847415118,0.095559624628061,0.318681318681314,0.12210012210012167,1
4.324000253691338,0.13585095932285834,0.095559624628061,0.318681318681314,0.12210012210012167,1
4.325000253680628,0.13609781138420965,0.095559624628061,0.318681318681314,0.12210012210012167,1
4.326000253669918,0.13634340116284202,0.095559624628061,0.318681318681314,0.12210012210012167,1
4.327000253659207,0.13658772623488333,0.095559624628061,0.318681318681314,0.12210012210012167,1
4.328000253648497,0.13683078418894404,0.095559624628061,0.318681318681314,0.12210012210012167,1
4.329000253637787,0.13707257262614003,0.095559624628061,0.318681318681314,0.12210012210012167,1
4.330000253627077,0.1373130891601174,0.095559624628061,0.318681318681314,0.12210012210012167,1
4.3310002536163665,0.13755233141707482,0.095559624628061,0.318681318681314,0.12210012210012167,1
4.332000253605656,0.13779029703578816,0.095559624628061,0.318681318681314,0.12210012210012167,1
4.333000253594946,0.13802698366763255,0.095559624628061,0.318681318681314,0.12210012210012167,1
4.334000253584236,0.1382623889766067,0.095559624628061,0.318681318681314,0.12210012210012167,1
4.335000253573526,0.13849651063935547,0.095559624628061,0.318681318681314,0.12210012210012167,1
4.3360002535628155,0.1387293463451923,0.095559624628061,0.318681318681314,0.12210012210012167,1
4.337000253552105,0.13896089379612309,0.095559624628061,0.318681318681314,0.12210012210012167,1
4.338000253541395,0.13919115070686777,0.095559624628061,0.318681318681314,0.12210012210012167,1
4.339000253530685,0.13942011480488392,0.095559624628061,0.318681318681314,0.12210012210012167,1
4.340000253519975,0.13964778383038812,0.095559624628061,0.318681318681314,0.12210012210012167,1
4.341000253509264,0.13987415553637927,0.095559624628061,0.318681318681314,0.12210012210012167,1
4.342000253498554,0.14009922768865984,0.095559624628061,0.318681318681314,0.12210012210012167,1
4.343000253487844,0.14032299806585885,0.095559624628061,0.318681318681314,0.12210012210012167,1
4.344000253477134,0.1405454644594528,0.095559624628061,0.318681318681314,0.12210012210012167,1
4.345000253466424,0.14076662467378853,0.095559624628061,0.318681318681314,0.12210012210012167,1
4.346000253455713,0.14098647652610377,0.095559624628061,0.318681318681314,0.12210012210012167,1
4.347000253445003,0.14120501784654982,0.095559624628061,0.318681318681314,0.12210012210012167,1
4.348000253434293,0.14142224647821186,0.095559624628061,0.318681318681314,0.12210012210012167,1
4.349000253423583,0.14163816027713116,0.095559624628061,0.318681318681314,0.12210012210012167,1
4.3500002534128726,0.14185275711232587,0.095559624628061,0.318681318681314,0.12210012210012167,1
4.351000253402162,0.14206603486581165,0.095559624628061,0.318681318681314,0.12210012210012167,1
4.352000253391452,0.14227799143262349,0.095559624628061,0.318681318681314,0.12210012210012167,1
4.353000253380742,0.1424886247208354,0.095559624628061,0.318681318681314,0.12210012210012167,1
4.354000253370032,0.1426979326515822,0.095559624628061,0.318681318681314,0.12210012210012167,1
4.3550002533593215,0.1429059131590789,0.095559624628061,0.318681318681314,0.12210012210012167,1
4.356000253348611,0.14311256419064214,0.095559624628061,0.318681318681314,0.12210012210012167,1
4.357000253337901,0.14331788370670948,0.095559624628061,0.318681318681314,0.12210012210012167,1
4.358000253327191,0.14352186968086045,0.095559624628061,0.318681318681314,0.12210012210012167,1
4.359000253316481,0.14372452009983563,0.095559624628061,0.318681318681314,0.12210012210012167,1
4.3600002533057705,0.14392583296355752,0.095559624628061,0.318681318681314,0.12210012210012167,1
4.36100025329506,0.14412580628514923,0.095559624628061,0.318681318681314,0.12210012210012167,1
4.36200025328435,0.14432443809095505,0.095559624628061,0.318681318681314,0.12210012210012167,1
4.36300025327364,0.14452172642055905,0.095559624628061,0.318681318681314,0.12210012210012167,1
4.36400025326293,0.1447176693268054,0.095559624628061,0.318681318681314,0.12210012210012167,1
4.365000253252219,0.1449122648758165,0.095559624628061,0.318681318681314,0.12210012210012167,1
4.366000253241509,0.14510551114701298,0.095559624628061,0.318681318681314,0.12210012210012167,1
4.367000253230799,0.14529740623313234,0.095559624628061,0.318681318681314,0.12210012210012167,1
4.368000253220089,0.14548794824024736,0.095559624628061,0.318681318681314,0.12210012210012167,1
4.369000253209379,0.14567713528778561,0.095559624628061,0.318681318681314,0.12210012210012167,1
4.370000253198668,0.14586496550854713,0.095559624628061,0.318681318681314,0.12210012210012167,1
4.371000253187958,0.14605143704872373,0.095559624628061,0.318681318681314,0.12210012210012167,1
4.372000253177248,0.1462365480679164,0.095559624628061,0.318681318681314,0.12210012210012167,1
4.373000253166538,0.1464202967391544,0.095559624628061,0.318681318681314,0.12210012210012167,1
4.3740002531558275,0.14660268124891232,0.095559624628061,0.318681318681314,0.12210012210012167,1
4.375000253145117,0.14678369979712896,0.095559624628061,0.318681318681314,0.12210012210012167,1
4.376000253134407,0.14696335059722412,0.095559624628061,0.318681318681314,0.12210012210012167,1
4.377000253123697,0.14714163187611723,0.095559624628061,0.318681318681314,0.12210012210012167,1
4.378000253112987,0.14731854187424384,0.095559624628061,0.318681318681314,0.12210012210012167,1
4.3790002531022765,0.14749407884557392,0.095559624628061,0.318681318681314,0.12210012210012167,1
4.380000253091566,0.14766824105762827,0.095559624628061,0.318681318681314,0.12210012210012167,1
4.381000253080856,0.14784102679149633,0.095559624628061,0.318681318681314,0.12210012210012167,1
4.382000253070146,0.14801243434185277,0.095559624628061,0.318681318681314,0.12210012210012167,1
4.383000253059436,0.14818246201697416,0.095559624628061,0.318681318681314,0.12210012210012167,1
4.384000253048725,0.14835110813875615,0.095559624628061,0.318681318681314,0.12210012210012167,1
4.385000253038015,0.1485183710427295,0.095559624628061,0.318681318681314,0.12210012210012167,1
4.386000253027305,0.14868424907807704,0.095559624628061,0.318681318681314,0.12210012210012167,1
4.387000253016595,0.14884874060764944,0.095559624628061,0.318681318681314,0.12210012210012167,1
4.388000253005885,0.14901184400798193,0.095559624628061,0.318681318681314,0.12210012210012167,1
4.389000252995174,0.1491735576693096,0.095559624628061,0.318681318681314,0.12210012210012167,1
4.390000252984464,0.14933387999558412,0.095559624628061,0.318681318681314,0.12210012210012167,1
4.391000252973754,0.14949280940448875,0.095559624628061,0.318681318681314,0.12210012210012167,1
4.392000252963044,0.14965034432745458,0.095559624628061,0.318681318681314,0.12210012210012167,1
4.3930002529523335,0.14980648320967535,0.095559624628061,0.318681318681314,0.12210012210012167,1
4.394000252941623,0.1499612245101236,0.095559624628061,0.318681318681314,0.12210012210012167,1
4.395000252930913,0.15011456670156492,0.095559624628061,0.318681318681314,0.12210012210012167,1
4.396000252920203,0.15026650827057403,0.095559624628061,0.318681318681314,0.12210012210012167,1
4.397000252909493,0.15041704771754902,0.095559624628061,0.318681318681314,0.12210012210012167,1
4.3980002528987825,0.15056618355672619,0.095559624628061,0.318681318681314,0.12210012210012167,1
4.399000252888072,0.15071391431619524,0.095559624628061,0.318681318681314,0.12210012210012167,1
4.400000252877362,0.15086023853791308,0.095559624628061,0.318681318681314,0.12210012210012167,1
4.401000252866652,0.15100515477771892,0.095559624628061,0.318681318681314,0.12210012210012167,1
4.402000252855942,0.1511486616053478,0.095559624628061,0.318681318681314,0.12210012210012167,1
4.403000252845231,0.1512907576044455,0.095559624628061,0.318681318681314,0.12210012210012167,1
4.404000252834521,0.15143144137258174,0.09670405127031323,0.340659340659343,0.1318681318681314,1
4.405000252823811,0.1515707115212647,0.09899290455481768,0.2747252747252702,0.15140415140415087,1
4.406000252813101,0.15170856667595412,0.10051880674448732,0.318681318681314,0.15140415140415087,1
4.407000252802391,0.15184500547607546,0.10967421988250514,0.340659340659343,0.1904761904761898,1
4.40800025279168,0.15198002657503273,0.11387045090409664,0.318681318681314,0.20024420024419953,1
4.40900025278097,0.15211362864022235,0.1161593041886011,0.2747252747252702,0.1611721611721606,1
4.41000025277026,0.15224581035304577,0.11768520637827073,0.318681318681314,0.18070818070818007,1
4.41100025275955,0.15237657040892297,0.11806668192568814,0.2747252747252702,0.1904761904761898,1
4.41200025274884,0.15250590751730503,0.11959258411535778,0.2307692307692264,0.18070818070818007,1
4.413000252738129,0.15263382040168685,0.12226291294727964,0.2967032967032992,0.18070818070818007,1
4.414000252727419,0.15276030779962005,0.12798504615854078,0.1428571428571388,0.22954822954822873,1
4.415000252716709,0.15288536846272496,0.12798504615854078,0.1428571428571388,0.22954822954822873,1
4.416000252705999,0.15300900115670346,0.12798504615854078,0.1428571428571388,0.22954822954822873,1
4.4170002526952885,0.15313120466135072,0.12798504615854078,0.1428571428571388,0.22954822954822873,1
4.418000252684578,0.15325197777056762,0.12798504615854078,0.1428571428571388,0.22954822954822873,1
4.419000252673868,0.15337131929237222,0.12798504615854078,0.1428571428571388,0.22954822954822873,1
4.420000252663158,0.15348922804891202,0.12798504615854078,0.1428571428571388,0.22954822954822873,1
4.421000252652448,0.1536057028764751,0.12798504615854078,0.1428571428571388,0.22954822954822873,1
4.4220002526417375,0.15372074262550212,0.12798504615854078,0.1428571428571388,0.22954822954822873,1
4.423000252631027,0.15383434616059705,0.12798504615854078,0.1428571428571388,0.22954822954822873,1
4.424000252620317,0.15394651236053902,0.12798504615854078,0.1428571428571388,0.22954822954822873,1
4.425000252609607,0.15405724011829286,0.12798504615854078,0.1428571428571388,0.22954822954822873,1
4.426000252598897,0.1541665283410204,0.12798504615854078,0.1428571428571388,0.22954822954822873,1
4.427000252588186,0.15427437595009097,0.12798504615854078,0.1428571428571388,0.22954822954822873,1
4.428000252577476,0.15438078188109222,0.12798504615854078,0.1428571428571388,0.22954822954822873,1
4.429000252566766,0.15448574508384066,0.12798504615854078,0.1428571428571388,0.22954822954822873,1
4.430000252556056,0.1545892645223918,0.12798504615854078,0.1428571428571388,0.22954822954822873,1
4.431000252545346,0.1546913391750507,0.12798504615854078,0.1428571428571388,0.22954822954822873,1
4.432000252534635,0.15479196803438164,0.12798504615854078,0.1428571428571388,0.22954822954822873,1
4.433000252523925,0.15489115010721852,0.12798504615854078,0.1428571428571388,0.22954822954822873,1
4.434000252513215,0.1549888844146743,0.12798504615854078,0.1428571428571388,0.22954822954822873,1
4.435000252502505,0.15508516999215086,0.12798504615854078,0.1428571428571388,0.22954822954822873,1
4.4360002524917945,0.1551800058893484,0.12798504615854078,0.1428571428571388,0.22954822954822873,1
4.437000252481084,0.155273391170275,0.12798504615854078,0.1428571428571388,0.22954822954822873,1
4.438000252470374,0.15536532491325558,0.12798504615854078,0.1428571428571388,0.22954822954822873,1
4.439000252459664,0.15545580621094132,0.12798504615854078,0.1428571428571388,0.22954822954822873,1
4.440000252448954,0.15554483417031822,0.12798504615854078,0.1428571428571388,0.22954822954822873,1
4.4410002524382435,0.15563240791271646,0.12798504615854078,0.1428571428571388,0.22954822954822873,1
4.442000252427533,0.15571852657381843,0.12798504615854078,0.1428571428571388,0.22954822954822873,1
4.443000252416823,0.15580318930366777,0.12798504615854078,0.1428571428571388,0.22954822954822873,1
4.444000252406113,0.1558863952666776,0.12798504615854078,0.1428571428571388,0.22954822954822873,1
4.445000252395403,0.15596814364163858,0.12798504615854078,0.1428571428571388,0.22954822954822873,1
4.446000252384692,0.15604843362172738,0.12798504615854078,0.1428571428571388,0.22954822954822873,1
4.447000252373982,0.1561272644145142,0.12798504615854078,0.1428571428571388,0.22954822954822873,1
4.448000252363272,0.15620463524197103,0.12798504615854078,0.1428571428571388,0.22954822954822873,1
4.449000252352562,0.15628054534047905,0.12798504615854078,0.1428571428571388,0.22954822954822873,1
4.450000252341852,0.15635499396083627,0.12798504615854078,0.1428571428571388,0.22954822954822873,1
4.451000252331141,0.15642798036826477,0.12798504615854078,0.1428571428571388,0.22954822954822873,1
4.452000252320431,0.15649950384241837,0.12798504615854078,0.1428571428571388,0.22954822954822873,1
4.453000252309721,0.15656956367738908,0.12798504615854078,0.1428571428571388,0.22954822954822873,1
4.454000252299011,0.1566381591817148,0.12798504615854078,0.1428571428571388,0.22954822954822873,1
4.4550002522883005,0.15670528967838548,0.12798504615854078,0.1428571428571388,0.22954822954822873,1
4.45600025227759,0.15677095450485032,0.12798504615854078,0.1428571428571388,0.22954822954822873,1
4.45700025226688,0.15683515301302395,0.12798504615854078,0.1428571428571388,0.22954822954822873,1
4.45800025225617,0.15689788456929302,0.12798504615854078,0.1428571428571388,0.22954822954822873,1
4.45900025224546,0.15695914855452248,0.12798504615854078,0.1428571428571388,0.22954822954822873,1
4.4600002522347495,0.15701894436406147,0.12798504615854078,0.1428571428571388,0.22954822954822873,1
4.461000252224039,0.15707727140774957,0.12798504615854078,0.1428571428571388,0.22954822954822873,1
4.462000252213329,0.15713412910992233,0.12798504615854078,0.1428571428571388,0.22954822954822873,1
4.463000252202619,0.1571895169094173,0.12798504615854078,0.1428571428571388,0.22954822954822873,1
4.464000252191909,0.15724343425957915,0.12798504615854078,0.1428571428571388,0.22954822954822873,1
4.4650002521811984,0.15729588062826552,0.12798504615854078,0.1428571428571388,0.22954822954822873,1
4.466000252170488,0.15734685549785188,0.12798504615854078,0.1428571428571388,0.22954822954822873,1
4.467000252159778,0.15739635836523688,0.12798504615854078,0.1428571428571388,0.22954822954822873,1
4.468000252149068,0.1574443887418472,0.12798504615854078,0.1428571428571388,0.22954822954822873,1
4.469000252138358,0.15749094615364245,0.12798504615854078,0.1428571428571388,0.22954822954822873,1
4.470000252127647,0.15753603014111975,0.12798504615854078,0.1428571428571388,0.22954822954822873,1
4.471000252116937,0.15757964025931837,0.12798504615854078,0.1428571428571388,0.22954822954822873,1
4.472000252106227,0.15762177607782404,0.12798504615854078,0.1428571428571388,0.22954822954822873,1
4.473000252095517,0.15766243718077327,0.12798504615854078,0.1428571428571388,0.22954822954822873,1
4.474000252084807,0.1577016231668574,0.12798504615854078,0.1428571428571388,0.22954822954822873,1
4.475000252074096,0.15773933364932655,0.12798504615854078,0.1428571428571388,0.22954822954822873,1
4.476000252063386,0.15777556825599354,0.12798504615854078,0.1428571428571388,0.22954822954822873,1
4.477000252052676,0.15781032662923739,0.12798504615854078,0.1428571428571388,0.22954822954822873,1
4.478000252041966,0.15784360842600703,0.12798504615854078,0.1428571428571388,0.22954822954822873,1
4.4790002520312555,0.15787541331782454,0.12798504615854078,0.1428571428571388,0.22954822954822873,1
4.480000252020545,0.1579057409907885,0.12798504615854078,0.1428571428571388,0.22954822954822873,1
4.481000252009835,0.157934591145577,0.12798504615854078,0.1428571428571388,0.22954822954822873,1
4.482000251999125,0.15796196349745076,0.12798504615854078,0.1428571428571388,0.22954822954822873,1
4.483000251988415,0.1579878577762556,0.12798504615854078,0.1428571428571388,0.22954822954822873,1
4.4840002519777045,0.1580122737264255,0.12798504615854078,0.1428571428571388,0.22954822954822873,1
4.485000251966994,0.15803521110698493,0.12798504615854078,0.1428571428571388,0.22954822954822873,1
4.486000251956284,0.15805666969155116,0.12798504615854078,0.1428571428571388,0.22954822954822873,1
4.487000251945574,0.15807664926833664,0.12798504615854078,0.1428571428571388,0.22954822954822873,1
4.488000251934864,0.15809514964015103,0.12798504615854078,0.1428571428571388,0.22954822954822873,1
4.489000251924153,0.1581121706244031,0.12798504615854078,0.1428571428571388,0.22954822954822873,1
4.490000251913443,0.15812771205310266,0.12798504615854078,0.1428571428571388,0.22954822954822873,1
4.491000251902733,0.15814177377286207,0.12798504615854078,0.1428571428571388,0.22954822954822873,1
4.492000251892023,0.15815435564489783,0.12798504615854078,0.1428571428571388,0.22954822954822873,1
4.493000251881313,0.15816545754503192,0.12798504615854078,0.1428571428571388,0.22954822954822873,1
4.494000251870602,0.1581750793636931,0.12798504615854078,0.1428571428571388,0.22954822954822873,1
4.495000251859892,0.1581832210059179,0.12798504615854078,0.1428571428571388,0.22954822954822873,1
4.496000251849182,0.1581898823913516,0.12798504615854078,0.1428571428571388,0.22954822954822873,1
4.497000251838472,0.158195063454249,0.12798504615854078,0.1428571428571388,0.22954822954822873,1
4.4980002518277615,0.1581987641434751,0.12798504615854078,0.1428571428571388,0.22954822954822873,1
4.499000251817051,0.15820098442250566,0.12798504615854078,0.1428571428571388,0.22954822954822873,1
4.500000251806341,0.15820172426942736,0.12798504615854078,0.1428571428571388,0.22954822954822873,1
4.501000251795631,0.15820098367693822,0.12798504615854078,0.1428571428571388,0.22954822954822873,1
4.502000251784921,0.15819876265234756,0.12798504615854078,0.1428571428571388,0.22954822954822873,1
4.5030002517742105,0.15819506121757607,0.12798504615854078,0.1428571428571388,0.22954822954822873,1
4.5040002517635,0.15818987940915535,0.12798504615854078,0.1428571428571388,0.22954822954822873,1
4.50500025175279,0.15818321727822776,0.12798504615854078,0.1428571428571388,0.22954822954822873,1
4.50600025174208,0.15817507489054589,0.12798504615854078,0.1428571428571388,0.22954822954822873,1
4.50700025173137,0.15816545232647178,0.12798504615854078,0.1428571428571388,0.22954822954822873,1
4.508000251720659,0.15815434968097625,0.12798504615854078,0.1428571428571388,0.22954822954822873,1
4.509000251709949,0.15814176706363794,0.12798504615854078,0.1428571428571388,0.22954822954822873,1
4.510000251699239,0.1581277045986422,0.12798504615854078,0.1428571428571388,0.22954822954822873,1
4.511000251688529,0.15811216242477988,0.12798504615854078,0.1428571428571388,0.22954822954822873,1
4.512000251677819,0.15809514069544592,0.12798504615854078,0.1428571428571388,0.22954822954822873,1
4.513000251667108,0.15807663957863796,0.12798504615854078,0.1428571428571388,0.22954822954822873,1
4.514000251656398,0.15805665925695453,0.12798504615854078,0.1428571428571388,0.22954822954822873,1
4.515000251645688,0.15803519992759335,0.12798504615854078,0.1428571428571388,0.22954822954822873,1
4.516000251634978,0.1580122618023493,0.12798504615854078,0.1428571428571388,0.22954822954822873,1
4.5170002516242675,0.1579878451076125,0.12798504615854078,0.1428571428571388,0.22954822954822873,1
4.518000251613557,0.15796195008436573,0.12798504615854078,0.1428571428571388,0.22954822954822873,1
4.519000251602847,0.1579345769881825,0.12798504615854078,0.1428571428571388,0.22954822954822873,1
4.520000251592137,0.1579057260892242,0.1283665217059582,0.1648351648351678,0.22954822954822873,1
4.521000251581427,0.15787539767223752,0.13141832608529747,0.0549450549450512,0.26862026862026767,1
4.5220002515707165,0.1578435920365517,0.13370717936980192,0.2747252747252702,0.2490842490842482,1
4.523000251560006,0.15781030949607552,0.13485160601205415,0.0769230769230802,0.20024420024419953,1
4.524000251549296,0.15777555037929425,0.13790341039139342,0.2087912087912116,0.22954822954822873,1
4.525000251538586,0.15773931502926625,0.13904783703364565,0.1428571428571388,0.23931623931623847,1
4.526000251527876,0.15770160380361986,0.13942931258106306,0.1428571428571388,0.219780219780219,1
4.5270002515171655,0.1576624170745496,0.13981078812848047,0.120879120879124,0.219780219780219,1
4.528000251506455,0.1576217552288127,0.14057373922331529,0.1428571428571388,0.18070818070818007,1
4.529000251495745,0.15757961866772507,0.1413366903181501,0.098901098901095,0.18070818070818007,1
4.530000251485035,0.15753600780715765,0.14362554360265456,0.098901098901095,0.1318681318681314,1
4.531000251474325,0.15749092307753196,0.14362554360265456,0.0769230769230802,0.14163614163614113,1
4.532000251463614,0.1574443649238161,0.1447699702449068,0.120879120879124,0.11233211233211193,1
4.533000251452904,0.1573963338055202,0.1451514457923242,0.098901098901095,0.11233211233211193,1
4.534000251442194,0.15734683019669204,0.1451514457923242,0.0769230769230802,0.1025641025641022,1
4.535000251431484,0.15729585458591222,0.1455329213397416,0.0769230769230802,0.11233211233211193,1
4.536000251420774,0.15724340747628943,0.1455329213397416,0.0769230769230802,0.11233211233211193,1
4.537000251410063,0.15718948938545546,0.1455329213397416,0.0769230769230802,0.11233211233211193,1
4.538000251399353,0.1571341008455601,0.1455329213397416,0.0769230769230802,0.11233211233211193,1
4.539000251388643,0.15707724240326584,0.1455329213397416,0.0769230769230802,0.11233211233211193,1
4.540000251377933,0.15701891461974254,0.1455329213397416,0.0769230769230802,0.11233211233211193,1
4.5410002513672225,0.15695911807066187,0.1455329213397416,0.0769230769230802,0.11233211233211193,1
4.542000251356512,0.15689785334619163,0.1455329213397416,0.0769230769230802,0.11233211233211193,1
4.543000251345802,0.15683512105098993,0.1455329213397416,0.0769230769230802,0.11233211233211193,1
4.544000251335092,0.1567709218041991,0.1455329213397416,0.0769230769230802,0.11233211233211193,1
4.545000251324382,0.15670525623943984,0.1455329213397416,0.0769230769230802,0.11233211233211193,1
4.5460002513136715,0.15663812500480473,0.1455329213397416,0.0769230769230802,0.11233211233211193,1
4.547000251302961,0.15656952876285196,0.1455329213397416,0.0769230769230802,0.11233211233211193,1
4.548000251292251,0.1564994681905987,0.1455329213397416,0.0769230769230802,0.11233211233211193,1
4.549000251281541,0.1564279439795145,0.1455329213397416,0.0769230769230802,0.11233211233211193,1
4.550000251270831,0.15635495683551445,0.1455329213397416,0.0769230769230802,0.11233211233211193,1
4.55100025126012,0.15628050747895222,0.1455329213397416,0.0769230769230802,0.11233211233211193,1
4.55200025124941,0.1562045966446128,0.1455329213397416,0.0769230769230802,0.11233211233211193,1
4.5530002512387,0.15612722508170548,0.1455329213397416,0.0769230769230802,0.11233211233211193,1
4.55400025122799,0.1560483935538564,0.1455329213397416,0.0769230769230802,0.11233211233211193,1
4.55500025121728,0.15596810283910081,0.1455329213397416,0.0769230769230802,0.11233211233211193,1
4.556000251206569,0.15588635372987575,0.1455329213397416,0.0769230769230802,0.11233211233211193,1
4.557000251195859,0.15580314703301176,0.1455329213397416,0.0769230769230802,0.11233211233211193,1
4.558000251185149,0.15571848356972545,0.1455329213397416,0.0769230769230802,0.11233211233211193,1
4.559000251174439,0.1556323641756109,0.1455329213397416,0.0769230769230802,0.11233211233211193,1
4.5600002511637285,0.15554478970063187,0.1455329213397416,0.0769230769230802,0.11233211233211193,1
4.561000251153018,0.15545576100911296,0.1455329213397416,0.0769230769230802,0.11233211233211193,1
4.562000251142308,0.15536527897973143,0.1455329213397416,0.0769230769230802,0.11233211233211193,1
4.563000251131598,0.1552733445055083,0.1455329213397416,0.0769230769230802,0.11233211233211193,1
4.564000251120888,0.15517995849379984,0.1455329213397416,0.0769230769230802,0.11233211233211193,1
4.5650002511101775,0.1550851218662881,0.1455329213397416,0.0769230769230802,0.11233211233211193,1
4.566000251099467,0.1549888355589724,0.1455329213397416,0.0769230769230802,0.11233211233211193,1
4.567000251088757,0.15489110052215965,0.1455329213397416,0.0769230769230802,0.11233211233211193,1
4.568000251078047,0.15479191772045517,0.1455329213397416,0.0769230769230802,0.11233211233211193,1
4.569000251067337,0.1546912881327532,0.1455329213397416,0.0769230769230802,0.11233211233211193,1
4.570000251056626,0.15458921275222706,0.1455329213397416,0.0769230769230802,0.11233211233211193,1
4.571000251045916,0.15448569258631964,0.1455329213397416,0.0769230769230802,0.11233211233211193,1
4.572000251035206,0.154380728656733,0.1455329213397416,0.0769230769230802,0.11233211233211193,1
4.573000251024496,0.15427432199941887,0.1455329213397416,0.0769230769230802,0.11233211233211193,1
4.574000251013786,0.15416647366456787,0.1455329213397416,0.0769230769230802,0.11233211233211193,1
4.575000251003075,0.1540571847165996,0.1455329213397416,0.0769230769230802,0.11233211233211193,1
4.576000250992365,0.15394645623415174,0.1455329213397416,0.0769230769230802,0.11233211233211193,1
4.577000250981655,0.1538342893100698,0.1455329213397416,0.0769230769230802,0.11233211233211193,1
4.578000250970945,0.15372068505139586,0.1455329213397416,0.0769230769230802,0.11233211233211193,1
4.5790002509602346,0.1536056445793582,0.1455329213397416,0.0769230769230802,0.11233211233211193,1
4.580000250949524,0.15348916902935972,0.1455329213397416,0.0769230769230802,0.11233211233211193,1
4.581000250938814,0.15337125955096714,0.1455329213397416,0.0769230769230802,0.11233211233211193,1
4.582000250928104,0.15325191730789936,0.1455329213397416,0.0769230769230802,0.11233211233211193,1
4.583000250917394,0.15313114347801599,0.1455329213397416,0.0769230769230802,0.11233211233211193,1
4.5840002509066835,0.1530089392533061,0.1455329213397416,0.0769230769230802,0.11233211233211193,1
4.585000250895973,0.15288530583987595,0.1455329213397416,0.0769230769230802,0.11233211233211193,1
4.586000250885263,0.15276024445793746,0.1455329213397416,0.0769230769230802,0.11233211233211193,1
4.587000250874553,0.15263375634179582,0.1455329213397416,0.0769230769230802,0.11233211233211193,1
4.588000250863843,0.1525058427398378,0.1455329213397416,0.0769230769230802,0.11233211233211193,1
4.5890002508531325,0.15237650491451887,0.1455329213397416,0.0769230769230802,0.11233211233211193,1
4.590000250842422,0.15224574414235123,0.1455329213397416,0.0769230769230802,0.11233211233211193,1
4.591000250831712,0.15211356171389076,0.1455329213397416,0.0769230769230802,0.11233211233211193,1
4.592000250821002,0.15197995893372473,0.1455329213397416,0.0769230769230802,0.11233211233211193,1
4.593000250810292,0.15184493712045855,0.1455329213397416,0.0769230769230802,0.11233211233211193,1
4.594000250799581,0.15170849760670307,0.1455329213397416,0.0769230769230802,0.11233211233211193,1
4.595000250788871,0.15157064173906104,0.1455329213397416,0.0769230769230802,0.11233211233211193,1
4.596000250778161,0.15143137087811434,0.1455329213397416,0.0769230769230802,0.11233211233211193,1
4.597000250767451,0.15129068639841006,0.1455329213397416,0.0769230769230802,0.11233211233211193,1
4.598000250756741,0.15114858968844708,0.1455329213397416,0.0769230769230802,0.11233211233211193,1
4.59900025074603,0.1510050821506627,0.1455329213397416,0.0769230769230802,0.11233211233211193,1
4.60000025073532,0.15086016520141818,0.1455329213397416,0.0769230769230802,0.11233211233211193,1
4.60100025072461,0.15071384027098547,0.1455329213397416,0.0769230769230802,0.11233211233211193,1
4.6020002507139,0.1505661088035323,0.1455329213397416,0.0769230769230802,0.11233211233211193,1
4.6030002507031895,0.15041697225710882,0.1455329213397416,0.0769230769230802,0.11233211233211193,1
4.604000250692479,0.15026643210363227,0.1455329213397416,0.0769230769230802,0.11233211233211193,1
4.605000250681769,0.15011448982887338,0.1455329213397416,0.0769230769230802,0.11233211233211193,1
4.606000250671059,0.14996114693244086,0.1455329213397416,0.0769230769230802,0.11233211233211193,1
4.607000250660349,0.14980640492776728,0.1455329213397416,0.0769230769230802,0.11233211233211193,1
4.6080002506496385,0.14965026534209355,0.1455329213397416,0.0769230769230802,0.11233211233211193,1
4.609000250638928,0.14949272971645455,0.1455329213397416,0.0769230769230802,0.11233211233211193,1
4.610000250628218,0.14933379960566306,0.1455329213397416,0.0769230769230802,0.11233211233211193,1
4.611000250617508,0.14917347657829524,0.1455329213397416,0.0769230769230802,0.11233211233211193,1
4.612000250606798,0.14901176221667442,0.1455329213397416,0.0769230769230802,0.11233211233211193,1
4.613000250596087,0.14884865811685624,0.1455329213397416,0.0769230769230802,0.11233211233211193,1
4.614000250585377,0.14868416588861222,0.1455329213397416,0.0769230769230802,0.11233211233211193,1
4.615000250574667,0.14851828715541407,0.1455329213397416,0.0769230769230802,0.11233211233211193,1
4.616000250563957,0.14835102355441807,0.1455329213397416,0.0769230769230802,0.11233211233211193,1
4.617000250553247,0.1481823767364482,0.1455329213397416,0.0769230769230802,0.11233211233211193,1
4.618000250542536,0.14801234836598068,0.1455329213397416,0.0769230769230802,0.11233211233211193,1
4.619000250531826,0.1478409401211266,0.1455329213397416,0.0769230769230802,0.11233211233211193,1
4.620000250521116,0.14766815369361633,0.1455329213397416,0.0769230769230802,0.11233211233211193,1
4.621000250510406,0.14749399078878192,0.1455329213397416,0.0769230769230802,0.11233211233211193,1
4.6220002504996955,0.14731845312554104,0.1455329213397416,0.0769230769230802,0.11233211233211193,1
4.623000250488985,0.1471415424363794,0.1455329213397416,0.0769230769230802,0.11233211233211193,1
4.624000250478275,0.14696326046733416,0.1455329213397416,0.0769230769230802,0.11233211233211193,1
4.625000250467565,0.14678360897797618,0.1455329213397416,0.0769230769230802,0.11233211233211193,1
4.626000250456855,0.1466025897413933,0.1455329213397416,0.0769230769230802,0.11233211233211193,1
4.6270002504461445,0.1464202045441721,0.1455329213397416,0.0769230769230802,0.11233211233211193,1
4.628000250435434,0.14623645518638093,0.1455329213397416,0.0769230769230802,0.11233211233211193,1
4.629000250424724,0.14605134348155166,0.1455329213397416,0.0769230769230802,0.11233211233211193,1
4.630000250414014,0.14586487125666198,0.1455329213397416,0.0769230769230802,0.11233211233211193,1
4.631000250403304,0.1456770403521176,0.1455329213397416,0.0769230769230802,0.11233211233211193,1
4.632000250392593,0.14548785262173344,0.1455329213397416,0.0769230769230802,0.11233211233211193,1
4.633000250381883,0.14529730993271625,0.1455329213397416,0.0769230769230802,0.11233211233211193,1
4.634000250371173,0.14510541416564518,0.1455329213397416,0.0769230769230802,0.11233211233211193,1
4.635000250360463,0.14491216721445413,0.1455329213397416,0.0769230769230802,0.11233211233211193,1
4.636000250349753,0.14471757098641225,0.1455329213397416,0.0769230769230802,0.11233211233211193,1
4.637000250339042,0.1445216274021059,0.1455329213397416,0.0769230769230802,0.11233211233211193,1
4.638000250328332,0.14432433839541892,0.1455329213397416,0.0769230769230802,0.11233211233211193,1
4.639000250317622,0.14412570591351434,0.1455329213397416,0.0769230769230802,0.11233211233211193,1
4.640000250306912,0.14392573191681426,0.1455329213397416,0.0769230769230802,0.11233211233211193,1
4.641000250296202,0.14372441837898153,0.1455329213397416,0.0769230769230802,0.11233211233211193,1
4.642000250285491,0.14352176728689922,0.1455329213397416,0.0769230769230802,0.11233211233211193,1
4.643000250274781,0.14331778064065193,0.1455329213397416,0.0769230769230802,0.11233211233211193,1
4.644000250264071,0.1431124604535054,0.1455329213397416,0.0769230769230802,0.11233211233211193,1
4.645000250253361,0.1429058087518868,0.1455329213397416,0.0769230769230802,0.11233211233211193,1
4.6460002502426505,0.14269782757536517,0.1455329213397416,0.0769230769230802,0.11233211233211193,1
4.64700025023194,0.14248851897663053,0.1455329213397416,0.0769230769230802,0.11233211233211193,1
4.64800025022123,0.1422778850214744,0.1455329213397416,0.0769230769230802,0.11233211233211193,1
4.64900025021052,0.14206592778876861,0.1455329213397416,0.0769230769230802,0.11233211233211193,1
4.65000025019981,0.14185264937044567,0.1455329213397416,0.0769230769230802,0.11233211233211193,1
4.6510002501890995,0.14163805187147718,0.1455329213397416,0.0769230769230802,0.11233211233211193,1
4.652000250178389,0.14142213740985402,0.1455329213397416,0.0769230769230802,0.11233211233211193,1
4.653000250167679,0.14120490811656444,0.1455329213397416,0.0769230769230802,0.11233211233211193,1
4.654000250156969,0.1409863661355741,0.1455329213397416,0.0769230769230802,0.11233211233211193,1
4.655000250146259,0.14076651362380385,0.1455329213397416,0.0769230769230802,0.11233211233211193,1
4.656000250135548,0.14054535275110935,0.14591439688715901,0.098901098901095,0.11233211233211193,1
4.657000250124838,0.14032288570025891,0.14629587243457642,0.0329670329670364,0.11233211233211193,1
4.658000250114128,0.14009911466691266,0.14629587243457642,0.0329670329670364,0.11233211233211193,1
4.659000250103418,0.1398740418596002,0.14629587243457642,0.010989010989007397,0.1904761904761898,1
4.660000250092708,0.1396476694996991,0.14629587243457642,-0.010989010989007397,0.20024420024419953,1
4.661000250081997,0.13941999982141337,0.14629587243457642,-0.0329670329670364,0.20024420024419953,1
4.662000250071287,0.1391910350717505,0.14629587243457642,-0.0329670329670364,0.1904761904761898,1
4.663000250060577,0.13896077751050037,0.14629587243457642,-0.0549450549450512,0.17094017094017033,1
4.664000250049867,0.13872922941021185,0.14591439688715901,-0.0329670329670364,0.18070818070818007,1
4.6650002500391565,0.13849639305617137,0.1455329213397416,-0.0549450549450512,0.17094017094017033,1
4.666000250028446,0.1382622707463795,0.1455329213397416,-0.0329670329670364,0.1611721611721606,1
4.667000250017736,0.13802686479152906,0.1455329213397416,-0.010989010989007397,0.14163614163614113,1
4.668000250007026,0.13779017751498154,0.1455329213397416,-0.010989010989007397,0.05372405372405353,1
4.669000249996316,0.137552211252745,0.1455329213397416,-0.010989010989007397,-0.0439560439560438,1
4.6700002499856055,0.13731296835345003,0.1455329213397416,-0.0329670329670364,-0.09279609279609247,1
4.671000249974895,0.1370724511783277,0.1451514457923242,-0.0329670329670364,-0.15140415140415087,1
4.672000249964185,0.1368306621011851,0.1451514457923242,-0.0329670329670364,-0.15140415140415087,1
4.673000249953475,0.13658760350838303,0.1451514457923242,-0.0329670329670364,-0.15140415140415087,1
4.674000249942765,0.13634327779881136,0.1451514457923242,-0.0329670329670364,-0.15140415140415087,1
4.675000249932054,0.13609768738386646,0.1451514457923242,-0.0329670329670364,-0.15140415140415087,1
4.676000249921344,0.1358508346874263,0.1451514457923242,-0.0329670329670364,-0.15140415140415087,1
4.677000249910634,0.13560272214582722,0.1451514457923242,-0.0329670329670364,-0.15140415140415087,1
4.678000249899924,0.13535335220784003,0.1451514457923242,-0.0329670329670364,-0.15140415140415087,1
4.679000249889214,0.13510272733464498,0.1451514457923242,-0.0329670329670364,-0.15140415140415087,1
4.680000249878503,0.1348508499998087,0.1451514457923242,-0.0329670329670364,-0.15140415140415087,1
4.681000249867793,0.1345977226892584,0.1451514457923242,-0.0329670329670364,-0.15140415140415087,1
4.682000249857083,0.1343433479012587,0.1451514457923242,-0.0329670329670364,-0.15140415140415087,1
4.683000249846373,0.13408772814638573,0.1451514457923242,-0.0329670329670364,-0.15140415140415087,1
4.6840002498356625,0.13383086594750346,0.1451514457923242,-0.0329670329670364,-0.15140415140415087,1
4.685000249824952,0.13357276383973776,0.1451514457923242,-0.0329670329670364,-0.15140415140415087,1
4.686000249814242,0.13331342437045252,0.1451514457923242,-0.0329670329670364,-0.15140415140415087,1
4.687000249803532,0.1330528500992232,0.1451514457923242,-0.0329670329670364,-0.15140415140415087,1
4.688000249792822,0.13279104359781294,0.1451514457923242,-0.0329670329670364,-0.15140415140415087,1
4.6890002497821115,0.13252800745014584,0.1451514457923242,-0.0329670329670364,-0.15140415140415087,1
4.690000249771401,0.13226374425228274,0.1451514457923242,-0.0329670329670364,-0.15140415140415087,1
4.691000249760691,0.13199825661239448,0.1451514457923242,-0.0329670329670364,-0.15140415140415087,1
4.692000249749981,0.1317315471507367,0.1451514457923242,-0.0329670329670364,-0.15140415140415087,1
4.693000249739271,0.13146361849962437,0.1451514457923242,-0.0329670329670364,-0.15140415140415087,1
4.6940002497285604,0.13119447330340475,0.1451514457923242,-0.0329670329670364,-0.15140415140415087,1
4.69500024971785,0.13092411421843247,0.1451514457923242,-0.0329670329670364,-0.15140415140415087,1
4.69600024970714,0.13065254391304224,0.1451514457923242,-0.0329670329670364,-0.15140415140415087,1
4.69700024969643,0.13037976506752355,0.1451514457923242,-0.0329670329670364,-0.15140415140415087,1
4.69800024968572,0.13010578037409315,0.1451514457923242,-0.0329670329670364,-0.15140415140415087,1
4.699000249675009,0.12983059253686957,0.1451514457923242,-0.0329670329670364,-0.15140415140415087,1
4.700000249664299,0.12955420427184527,0.1451514457923242,-0.0329670329670364,-0.15140415140415087,1
4.701000249653589,0.1292766183068612,0.1451514457923242,-0.0329670329670364,-0.15140415140415087,1
4.702000249642879,0.12899783738157827,0.1451514457923242,-0.0329670329670364,-0.15140415140415087,1
4.703000249632169,0.12871786424745205,0.1451514457923242,-0.0329670329670364,-0.15140415140415087,1
4.704000249621458,0.12843670166770385,0.1451514457923242,-0.0329670329670364,-0.15140415140415087,1
4.705000249610748,0.12815435241729517,0.1451514457923242,-0.0329670329670364,-0.15140415140415087,1
4.706000249600038,0.12787081928289884,0.1451514457923242,-0.0329670329670364,-0.15140415140415087,1
4.707000249589328,0.12758610506287224,0.1451514457923242,-0.0329670329670364,-0.15140415140415087,1
4.7080002495786175,0.12730021256723004,0.1451514457923242,-0.0329670329670364,-0.15140415140415087,1
4.709000249567907,0.12701314461761534,0.1451514457923242,-0.0329670329670364,-0.15140415140415087,1
4.710000249557197,0.1267249040472732,0.1451514457923242,-0.0329670329670364,-0.15140415140415087,1
4.711000249546487,0.1264354937010213,0.1451514457923242,-0.0329670329670364,-0.15140415140415087,1
4.712000249535777,0.12614491643522321,0.1451514457923242,-0.0329670329670364,-0.15140415140415087,1
4.7130002495250665,0.1258531751177588,0.1451514457923242,-0.0329670329670364,-0.15140415140415087,1
4.714000249514356,0.12556027262799732,0.1451514457923242,-0.0329670329670364,-0.15140415140415087,1
4.715000249503646,0.12526621185676776,0.1451514457923242,-0.0329670329670364,-0.15140415140415087,1
4.716000249492936,0.1249709957063315,0.1451514457923242,-0.0329670329670364,-0.15140415140415087,1
4.717000249482226,0.1246746270903523,0.1451514457923242,-0.0329670329670364,-0.15140415140415087,1
4.718000249471515,0.1243771089338691,0.1451514457923242,-0.0329670329670364,-0.15140415140415087,1
4.719000249460805,0.12407844417326554,0.1451514457923242,-0.0329670329670364,-0.15140415140415087,1
4.720000249450095,0.12377863575624252,0.1451514457923242,-0.0329670329670364,-0.15140415140415087,1
4.721000249439385,0.12347768664178785,0.1451514457923242,-0.0329670329670364,-0.15140415140415087,1
4.722000249428675,0.12317559980014756,0.1451514457923242,-0.0329670329670364,-0.15140415140415087,1
4.723000249417964,0.12287237821279708,0.1451514457923242,-0.0329670329670364,-0.15140415140415087,1
4.724000249407254,0.12256802487241067,0.1451514457923242,-0.0329670329670364,-0.15140415140415087,1
4.725000249396544,0.12226254278283319,0.1451514457923242,-0.0329670329670364,-0.15140415140415087,1
4.726000249385834,0.12195593495904916,0.1451514457923242,-0.0329670329670364,-0.15140415140415087,1
4.7270002493751235,0.12164820442715428,0.1451514457923242,-0.0329670329670364,-0.15140415140415087,1
4.728000249364413,0.12133935422432424,0.1451514457923242,-0.0329670329670364,-0.15140415140415087,1
4.729000249353703,0.12102938739878615,0.1451514457923242,-0.0329670329670364,-0.15140415140415087,1
4.730000249342993,0.12071830700978702,0.1451514457923242,-0.0329670329670364,-0.15140415140415087,1
4.731000249332283,0.120406116127565,0.1451514457923242,-0.0329670329670364,-0.15140415140415087,1
4.7320002493215725,0.12009281783331761,0.1451514457923242,-0.0329670329670364,-0.15140415140415087,1
4.733000249310862,0.11977841521917286,0.1451514457923242,-0.0329670329670364,-0.15140415140415087,1
4.734000249300152,0.11946291138815715,0.1451514457923242,-0.0329670329670364,-0.15140415140415087,1
4.735000249289442,0.11914630945416627,0.1451514457923242,-0.0329670329670364,-0.15140415140415087,1
4.736000249278732,0.11882861254193301,0.1451514457923242,-0.0329670329670364,-0.15140415140415087,1
4.737000249268021,0.11850982378699797,0.1451514457923242,-0.0329670329670364,-0.15140415140415087,1
4.738000249257311,0.11818994633567718,0.1451514457923242,-0.0329670329670364,-0.15140415140415087,1
4.739000249246601,0.11786898334503171,0.1451514457923242,-0.0329670329670364,-0.15140415140415087,1
4.740000249235891,0.117546937982837,0.1451514457923242,-0.0329670329670364,-0.15140415140415087,1
4.741000249225181,0.11722381342755032,0.1451514457923242,-0.0329670329670364,-0.15140415140415087,1
4.74200024921447,0.11689961286828088,0.1451514457923242,-0.0329670329670364,-0.15140415140415087,1
4.74300024920376,0.11657433950475689,0.1451514457923242,-0.0329670329670364,-0.15140415140415087,1
4.74400024919305,0.1162479965472954,0.1451514457923242,-0.0329670329670364,-0.15140415140415087,1
4.74500024918234,0.11592058721676923,0.1451514457923242,-0.0329670329670364,-0.15140415140415087,1
4.7460002491716295,0.1155921147445766,0.1451514457923242,-0.0329670329670364,-0.15140415140415087,1
4.747000249160919,0.11526258237260777,0.1451514457923242,-0.0329670329670364,-0.15140415140415087,1
4.748000249150209,0.11493199335321447,0.1451514457923242,-0.0329670329670364,-0.15140415140415087,1
4.749000249139499,0.11460035094917645,0.1451514457923242,-0.0329670329670364,-0.15140415140415087,1
4.750000249128789,0.11426765843367065,0.1451514457923242,-0.0329670329670364,-0.15140415140415087,1
4.7510002491180785,0.11393391909023744,0.1451514457923242,-0.0329670329670364,-0.15140415140415087,1
4.752000249107368,0.1135991362127497,0.1451514457923242,-0.0329670329670364,-0.15140415140415087,1
4.753000249096658,0.113263313105379,0.1451514457923242,-0.0329670329670364,-0.15140415140415087,1
4.754000249085948,0.11292645308256362,0.1451514457923242,-0.0329670329670364,-0.15140415140415087,1
4.755000249075238,0.11258855946897625,0.1451514457923242,-0.0329670329670364,-0.15140415140415087,1
4.7560002490645275,0.11224963559949003,0.1451514457923242,-0.0329670329670364,-0.15140415140415087,1
4.757000249053817,0.111909684819147,0.1451514457923242,-0.0329670329670364,-0.15140415140415087,1
4.758000249043107,0.11156871048312367,0.1451514457923242,-0.0329670329670364,-0.15140415140415087,1
4.759000249032397,0.1112267159566994,0.1451514457923242,-0.0329670329670364,-0.15140415140415087,1
4.760000249021687,0.11088370461522164,0.1451514457923242,-0.0329670329670364,-0.15140415140415087,1
4.761000249010976,0.11053967984407416,0.1451514457923242,-0.0329670329670364,-0.15140415140415087,1
4.762000249000266,0.1101946450386421,0.1451514457923242,-0.0329670329670364,-0.15140415140415087,1
4.763000248989556,0.10984860360428,0.1451514457923242,-0.0329670329670364,-0.15140415140415087,1
4.764000248978846,0.10950155895627668,0.1451514457923242,-0.0329670329670364,-0.15140415140415087,1
4.765000248968136,0.10915351451982301,0.1451514457923242,-0.0329670329670364,-0.15140415140415087,1
4.766000248957425,0.1088044737299766,0.1451514457923242,-0.0329670329670364,-0.15140415140415087,1
4.767000248946715,0.10845444003162948,0.1451514457923242,-0.0329670329670364,-0.15140415140415087,1
4.768000248936005,0.10810341687947261,0.1451514457923242,-0.0329670329670364,-0.15140415140415087,1
4.769000248925295,0.10775140773796256,0.1451514457923242,-0.0329670329670364,-0.15140415140415087,1
4.7700002489145845,0.10739841608128774,0.1451514457923242,-0.0329670329670364,-0.15140415140415087,1
4.771000248903874,0.10704444539333284,0.1451514457923242,-0.0329670329670364,-0.15140415140415087,1
4.772000248893164,0.10668949916764596,0.1451514457923242,-0.0329670329670364,-0.15140415140415087,1
4.773000248882454,0.10633358090740258,0.1451514457923242,-0.0329670329670364,-0.15140415140415087,1
4.774000248871744,0.10597669412537257,0.1451514457923242,-0.0329670329670364,-0.15140415140415087,1
4.7750002488610335,0.1056188423438839,0.1451514457923242,-0.0329670329670364,-0.15140415140415087,1
4.776000248850323,0.10526002909478953,0.1447699702449068,-0.0329670329670364,-0.1611721611721606,1
4.777000248839613,0.10490025791943085,0.1447699702449068,-0.0329670329670364,-0.18070818070818007,1
4.778000248828903,0.10453953236860448,0.14438849469748938,-0.0329670329670364,-0.219780219780219,1
4.779000248818193,0.10417785600252549,0.14400701915007197,-0.0769230769230802,-0.23931623931623847,1
4.780000248807482,0.10381523239079389,0.14362554360265456,-0.0769230769230802,-0.23931623931623847,1
4.781000248796772,0.10345166511235791,0.14248111696040233,-0.2307692307692264,-0.1904761904761898,1
4.782000248786062,0.1030871577554801,0.1409552147707327,-0.120879120879124,-0.1025641025641022,1
4.783000248775352,0.10272171391770064,0.14057373922331529,-0.120879120879124,-0.3174603174603199,1
4.784000248764642,0.1023553372058024,0.13942931258106306,-0.1428571428571388,-0.3076923076923066,1
4.785000248753931,0.10198803123577592,0.13866636148622824,-0.2087912087912116,-0.2783882783882774,1
4.786000248743221,0.10161979963278238,0.13866636148622824,-0.2307692307692264,-0.25885225885225793,1
4.787000248732511,0.10125064603111937,0.1371404592965586,-0.120879120879124,-0.20024420024419953,1
4.788000248721801,0.10088057407418338,0.13599603265430638,-0.120879120879124,-0.33699633699633935,1
4.7890002487110905,0.10050958741443562,0.1329442282749671,-0.4065934065934016,-0.2490842490842482,1
4.79000024870038,0.10013768971336409,0.13218127718013228,-0.2527472527472554,-0.219780219780219,1
4.79100024868967,0.09976488464144934,0.13179980163271487,-0.120879120879124,-0.2783882783882774,1
4.79200024867896,0.09939117587812642,0.12760357061112337,-0.3626373626373578,-0.18070818070818007,1
4.79300024866825,0.09901656711175025,0.12531471732661892,-0.340659340659343,-0.17094017094017033,1
4.7940002486575395,0.09864106203955768,0.12531471732661892,-0.340659340659343,-0.17094017094017033,1
4.795000248646829,0.09826466436763247,0.12531471732661892,-0.340659340659343,-0.17094017094017033,1
4.796000248636119,0.09788737781086719,0.12531471732661892,-0.340659340659343,-0.17094017094017033,1
4.797000248625409,0.09750920609292822,0.12531471732661892,-0.340659340659343,-0.17094017094017033,1
4.798000248614699,0.0971301529462172,0.12531471732661892,-0.340659340659343,-0.17094017094017033,1
4.799000248603988,0.09675022211183601,0.12531471732661892,-0.340659340659343,-0.17094017094017033,1
4.800000248593278,0.0963694173395483,0.12531471732661892,-0.340659340659343,-0.17094017094017033,1
4.801000248582568,0.09598774238774317,0.12531471732661892,-0.340659340659343,-0.17094017094017033,1
4.802000248571858,0.09560520102339862,0.12531471732661892,-0.340659340659343,-0.17094017094017033,1
4.803000248561148,0.095221797022043,0.12531471732661892,-0.340659340659343,-0.17094017094017033,1
4.804000248550437,0.09483753416771935,0.12531471732661892,-0.340659340659343,-0.17094017094017033,1
4.805000248539727,0.09445241625294638,0.12531471732661892,-0.340659340659343,-0.17094017094017033,1
4.806000248529017,0.0940664470786828,0.12531471732661892,-0.340659340659343,-0.17094017094017033,1
4.807000248518307,0.09367963045428802,0.12531471732661892,-0.340659340659343,-0.17094017094017033,1
4.8080002485075966,0.09329197019748632,0.12531471732661892,-0.340659340659343,-0.17094017094017033,1
4.809000248496886,0.0929034701343274,0.12531471732661892,-0.340659340659343,-0.17094017094017033,1
4.810000248486176,0.09251413409915038,0.12531471732661892,-0.340659340659343,-0.17094017094017033,1
4.811000248475466,0.09212396593454426,0.12531471732661892,-0.340659340659343,-0.17094017094017033,1
4.812000248464756,0.09173296949131164,0.12531471732661892,-0.340659340659343,-0.17094017094017033,1
4.8130002484540455,0.09134114862842907,0.12531471732661892,-0.340659340659343,-0.17094017094017033,1
4.814000248443335,0.09094850721301058,0.12531471732661892,-0.340659340659343,-0.17094017094017033,1
4.815000248432625,0.09055504912026818,0.12531471732661892,-0.340659340659343,-0.17094017094017033,1
4.816000248421915,0.09016077823347407,0.12531471732661892,-0.340659340659343,-0.17094017094017033,1
4.817000248411205,0.0897656984439231,0.12531471732661892,-0.340659340659343,-0.17094017094017033,1
4.8180002484004945,0.08936981365089276,0.12531471732661892,-0.340659340659343,-0.17094017094017033,1
4.819000248389784,0.08897312776160649,0.12531471732661892,-0.340659340659343,-0.17094017094017033,1
4.820000248379074,0.08857564469119333,0.12531471732661892,-0.340659340659343,-0.17094017094017033,1
4.821000248368364,0.0881773683626511,0.12531471732661892,-0.340659340659343,-0.17094017094017033,1
4.822000248357654,0.08777830270680581,0.12531471732661892,-0.340659340659343,-0.17094017094017033,1
4.823000248346943,0.08737845166227477,0.12531471732661892,-0.340659340659343,-0.17094017094017033,1
4.824000248336233,0.08697781917542581,0.12531471732661892,-0.340659340659343,-0.17094017094017033,1
4.825000248325523,0.08657640920034021,0.12531471732661892,-0.340659340659343,-0.17094017094017033,1
4.826000248314813,0.08617422569877181,0.12531471732661892,-0.340659340659343,-0.17094017094017033,1
4.827000248304103,0.08577127264010981,0.12531471732661892,-0.340659340659343,-0.17094017094017033,1
4.828000248293392,0.08536755400133764,0.12531471732661892,-0.340659340659343,-0.17094017094017033,1
4.829000248282682,0.08496307376699566,0.12531471732661892,-0.340659340659343,-0.17094017094017033,1
4.830000248271972,0.08455783592914018,0.12531471732661892,-0.340659340659343,-0.17094017094017033,1
4.831000248261262,0.08415184448730477,0.12531471732661892,-0.340659340659343,-0.17094017094017033,1
4.8320002482505515,0.08374510344846137,0.12531471732661892,-0.340659340659343,-0.17094017094017033,1
4.833000248239841,0.08333761682697932,0.12531471732661892,-0.340659340659343,-0.17094017094017033,1
4.834000248229131,0.08292938864458742,0.12531471732661892,-0.340659340659343,-0.17094017094017033,1
4.835000248218421,0.08252042293033249,0.12531471732661892,-0.340659340659343,-0.17094017094017033,1
4.836000248207711,0.08211072372054139,0.12531471732661892,-0.340659340659343,-0.17094017094017033,1
4.8370002481970005,0.08170029505877938,0.12531471732661892,-0.340659340659343,-0.17094017094017033,1
4.83800024818629,0.08128914099581201,0.12531471732661892,-0.340659340659343,-0.17094017094017033,1
4.83900024817558,0.08087726558956337,0.12531471732661892,-0.340659340659343,-0.17094017094017033,1
4.84000024816487,0.08046467290507779,0.12531471732661892,-0.340659340659343,-0.17094017094017033,1
4.84100024815416,0.08005136701447796,0.12531471732661892,-0.340659340659343,-0.17094017094017033,1
4.842000248143449,0.07963735199692654,0.12531471732661892,-0.340659340659343,-0.17094017094017033,1
4.843000248132739,0.07922263193858403,0.12531471732661892,-0.340659340659343,-0.17094017094017033,1
4.844000248122029,0.07880721093257038,0.12531471732661892,-0.340659340659343,-0.17094017094017033,1
4.845000248111319,0.07839109307892289,0.12531471732661892,-0.340659340659343,-0.17094017094017033,1
4.846000248100609,0.07797428248455644,0.12531471732661892,-0.340659340659343,-0.17094017094017033,1
4.847000248089898,0.07755678326322372,0.12531471732661892,-0.340659340659343,-0.17094017094017033,1
4.848000248079188,0.07713859953547292,0.12531471732661892,-0.340659340659343,-0.17094017094017033,1
4.849000248068478,0.076719735428609,0.12531471732661892,-0.340659340659343,-0.17094017094017033,1
4.850000248057768,0.07630019507665105,0.12531471732661892,-0.340659340659343,-0.17094017094017033,1
4.8510002480470575,0.07587998262029332,0.12531471732661892,-0.340659340659343,-0.17094017094017033,1
4.852000248036347,0.07545910220686254,0.12531471732661892,-0.340659340659343,-0.17094017094017033,1
4.853000248025637,0.07503755799027888,0.12531471732661892,-0.340659340659343,-0.17094017094017033,1
4.854000248014927,0.07461535413101301,0.12531471732661892,-0.340659340659343,-0.17094017094017033,1
4.855000248004217,0.07419249479604696,0.12531471732661892,-0.340659340659343,-0.17094017094017033,1
4.8560002479935065,0.07376898415883107,0.12531471732661892,-0.340659340659343,-0.17094017094017033,1
4.857000247982796,0.07334482639924474,0.12531471732661892,-0.340659340659343,-0.17094017094017033,1
4.858000247972086,0.07292002570355327,0.12531471732661892,-0.340659340659343,-0.17094017094017033,1
4.859000247961376,0.07249458626436839,0.12531471732661892,-0.340659340659343,-0.17094017094017033,1
4.860000247950666,0.07206851228060505,0.12531471732661892,-0.340659340659343,-0.17094017094017033,1
4.861000247939955,0.07164180795744186,0.12531471732661892,-0.340659340659343,-0.17094017094017033,1
4.862000247929245,0.07121447750627788,0.12531471732661892,-0.340659340659343,-0.17094017094017033,1
4.863000247918535,0.0707865251446918,0.12531471732661892,-0.340659340659343,-0.17094017094017033,1
4.864000247907825,0.07035795509640108,0.12531471732661892,-0.340659340659343,-0.17094017094017033,1
4.865000247897115,0.06992877159121846,0.12531471732661892,-0.340659340659343,-0.17094017094017033,1
4.866000247886404,0.0694989788650123,0.12531471732661892,-0.340659340659343,-0.17094017094017033,1
4.867000247875694,0.06906858115966269,0.12531471732661892,-0.340659340659343,-0.17094017094017033,1
4.868000247864984,0.06863758272302163,0.12531471732661892,-0.340659340659343,-0.17094017094017033,1
4.869000247854274,0.0682059878088691,0.12531471732661892,-0.340659340659343,-0.17094017094017033,1
4.870000247843564,0.0677738006768731,0.12531471732661892,-0.340659340659343,-0.17094017094017033,1
4.871000247832853,0.0673410255925455,0.12531471732661892,-0.340659340659343,-0.17094017094017033,1
4.872000247822143,0.06690766682720209,0.12531471732661892,-0.340659340659343,-0.17094017094017033,1
4.873000247811433,0.06647372865791837,0.12531471732661892,-0.340659340659343,-0.17094017094017033,1
4.874000247800723,0.06603921536748925,0.12531471732661892,-0.340659340659343,-0.17094017094017033,1
4.8750002477900125,0.06560413124438491,0.12531471732661892,-0.340659340659343,-0.17094017094017033,1
4.876000247779302,0.0651684805827104,0.12531471732661892,-0.340659340659343,-0.17094017094017033,1
4.877000247768592,0.06473226768216152,0.12531471732661892,-0.340659340659343,-0.17094017094017033,1
4.878000247757882,0.06429549684798319,0.12531471732661892,-0.340659340659343,-0.17094017094017033,1
4.879000247747172,0.06385817239092756,0.12531471732661892,-0.340659340659343,-0.17094017094017033,1
4.8800002477364615,0.06342029862720994,0.12531471732661892,-0.340659340659343,-0.17094017094017033,1
4.881000247725751,0.06298187987846794,0.12531471732661892,-0.340659340659343,-0.17094017094017033,1
4.882000247715041,0.06254292047171708,0.12531471732661892,-0.340659340659343,-0.17094017094017033,1
4.883000247704331,0.06210342473930985,0.12531471732661892,-0.340659340659343,-0.17094017094017033,1
4.884000247693621,0.06166339701889113,0.12531471732661892,-0.340659340659343,-0.17094017094017033,1
4.88500024768291,0.06122284165335728,0.12531471732661892,-0.340659340659343,-0.17094017094017033,1
4.8860002476722,0.060781762990811304,0.12531471732661892,-0.340659340659343,-0.17094017094017033,1
4.88700024766149,0.060340165384521936,0.12531471732661892,-0.340659340659343,-0.17094017094017033,1
4.88800024765078,0.05989805319287867,0.12531471732661892,-0.340659340659343,-0.17094017094017033,1
4.88900024764007,0.05945543077935076,0.12531471732661892,-0.340659340659343,-0.17094017094017033,1
4.890000247629359,0.05901230251244215,0.12531471732661892,-0.340659340659343,-0.17094017094017033,1
4.891000247618649,0.05856867276565033,0.12531471732661892,-0.340659340659343,-0.17094017094017033,1
4.892000247607939,0.05812454591742145,0.12531471732661892,-0.340659340659343,-0.17094017094017033,1
4.893000247597229,0.05767992635110788,0.12531471732661892,-0.340659340659343,-0.17094017094017033,1
4.8940002475865185,0.057234818454925625,0.12531471732661892,-0.340659340659343,-0.17094017094017033,1
4.895000247575808,0.05678922662190935,0.12531471732661892,-0.340659340659343,-0.17094017094017033,1
4.896000247565098,0.056343155249870935,0.12378881513694928,-0.3626373626373578,-0.15140415140415087,1
4.897000247554388,0.05589660874135415,0.12226291294727964,-0.2527472527472554,-0.1904761904761898,1
4.898000247543678,0.05544959150359317,0.11921110856794037,-0.3626373626373578,-0.14163614163614113,1
4.8990002475329675,0.05500210794846706,0.11577782864118369,-0.340659340659343,-0.12210012210012167,1
4.900000247522257,0.054554162492458265,0.11387045090409664,-0.2527472527472554,-0.28815628815628713,1
4.901000247511547,0.05410575955660699,0.11158159761959219,-0.4285714285714306,-0.23931623931623847,1
4.902000247500837,0.05365690356646961,0.10662241550316587,-0.4725274725274744,-0.0146520146520146,1
4.903000247490127,0.05320759895207291,0.10318913557640919,-0.4065934065934016,-0.004884004884004867,1
4.904000247479416,0.05275785014787248,0.10013733119706991,-0.4505494505494454,-0.0439560439560438,1
4.905000247468706,0.052307661592706826,0.09861142900740028,-0.3626373626373578,-0.05372405372405353,1
4.906000247457996,0.051857037729755646,0.09670405127031323,-0.3846153846153868,-0.1025641025641022,1
4.907000247447286,0.05140598300649422,0.09365224689097396,-0.318681318681314,-0.1904761904761898,1
4.908000247436576,0.0509545018746502,0.08983749141679986,-0.340659340659343,-0.219780219780219,1
4.909000247425865,0.0505025987901605,0.08335240711070391,-0.4945054945054892,-0.12210012210012167,1
4.910000247415155,0.05005027821312553,0.08335240711070391,-0.4945054945054892,-0.12210012210012167,1
4.911000247404445,0.04959754460776718,0.08335240711070391,-0.4945054945054892,-0.12210012210012167,1
4.912000247393735,0.04914440244238275,0.08335240711070391,-0.4945054945054892,-0.12210012210012167,1
4.9130002473830245,0.0486908561893029,0.08335240711070391,-0.4945054945054892,-0.12210012210012167,1
4.914000247372314,0.04823691032484543,0.08335240711070391,-0.4945054945054892,-0.12210012210012167,1
4.915000247361604,0.04778256932927316,0.08335240711070391,-0.4945054945054892,-0.12210012210012167,1
4.916000247350894,0.047327837686747705,0.08335240711070391,-0.4945054945054892,-0.12210012210012167,1
4.917000247340184,0.046872719885287205,0.08335240711070391,-0.4945054945054892,-0.12210012210012167,1
4.9180002473294735,0.046417220416719994,0.08335240711070391,-0.4945054945054892,-0.12210012210012167,1
4.919000247318763,0.04596134377664238,0.08335240711070391,-0.4945054945054892,-0.12210012210012167,1
4.920000247308053,0.04550509446437212,0.08335240711070391,-0.4945054945054892,-0.12210012210012167,1
4.921000247297343,0.04504847698290617,0.08335240711070391,-0.4945054945054892,-0.12210012210012167,1
4.922000247286633,0.044591495838874354,0.08335240711070391,-0.4945054945054892,-0.12210012210012167,1
4.9230002472759224,0.04413415554249574,0.08335240711070391,-0.4945054945054892,-0.12210012210012167,1
4.924000247265212,0.043676460607534814,0.08335240711070391,-0.4945054945054892,-0.12210012210012167,1
4.925000247254502,0.043218415551255204,0.08335240711070391,-0.4945054945054892,-0.12210012210012167,1
4.926000247243792,0.04276002489437712,0.08335240711070391,-0.4945054945054892,-0.12210012210012167,1
4.927000247233082,0.042301293161030665,0.08335240711070391,-0.4945054945054892,-0.12210012210012167,1
4.928000247222371,0.04184222487871327,0.08335240711070391,-0.4945054945054892,-0.12210012210012167,1
4.929000247211661,0.04138282457824294,0.08335240711070391,-0.4945054945054892,-0.12210012210012167,1
4.930000247200951,0.04092309679371558,0.08335240711070391,-0.4945054945054892,-0.12210012210012167,1
4.931000247190241,0.04046304606245822,0.08335240711070391,-0.4945054945054892,-0.12210012210012167,1
4.932000247179531,0.04000267692498626,0.08335240711070391,-0.4945054945054892,-0.12210012210012167,1
4.93300024716882,0.03954199392495663,0.08335240711070391,-0.4945054945054892,-0.12210012210012167,1
4.93400024715811,0.03908100160912495,0.08335240711070391,-0.4945054945054892,-0.12210012210012167,1
4.9350002471474,0.038619704527298675,0.08335240711070391,-0.4945054945054892,-0.12210012210012167,1
4.93600024713669,0.03815810723229418,0.08335240711070391,-0.4945054945054892,-0.12210012210012167,1
4.9370002471259795,0.03769621427988979,0.08335240711070391,-0.4945054945054892,-0.12210012210012167,1
4.938000247115269,0.03723403022878291,0.08335240711070391,-0.4945054945054892,-0.12210012210012167,1
4.939000247104559,0.036771559640543156,0.08335240711070391,-0.4945054945054892,-0.12210012210012167,1
4.940000247093849,0.036308807079568184,0.08335240711070391,-0.4945054945054892,-0.12210012210012167,1
4.941000247083139,0.035845777113039365,0.08335240711070391,-0.4945054945054892,-0.12210012210012167,1
4.9420002470724285,0.03538247431087492,0.08335240711070391,-0.4945054945054892,-0.12210012210012167,1
4.943000247061718,0.03491890324568689,0.08335240711070391,-0.4945054945054892,-0.12210012210012167,1
4.944000247051008,0.03445506849273391,0.08335240711070391,-0.4945054945054892,-0.12210012210012167,1
4.945000247040298,0.03399097462987816,0.08335240711070391,-0.4945054945054892,-0.12210012210012167,1
4.946000247029588,0.03352662623753808,0.08335240711070391,-0.4945054945054892,-0.12210012210012167,1
4.947000247018877,0.03306202789864528,0.08335240711070391,-0.4945054945054892,-0.12210012210012167,1
4.948000247008167,0.032597184198597154,0.08335240711070391,-0.4945054945054892,-0.12210012210012167,1
4.949000246997457,0.0321320997252138,0.08335240711070391,-0.4945054945054892,-0.12210012210012167,1
4.950000246986747,0.03166677906869057,0.08335240711070391,-0.4945054945054892,-0.12210012210012167,1
4.951000246976037,0.03120122682155493,0.08335240711070391,-0.4945054945054892,-0.12210012210012167,1
4.952000246965326,0.03073544757861897,0.08335240711070391,-0.4945054945054892,-0.12210012210012167,1
4.953000246954616,0.030269445936936208,0.08335240711070391,-0.4945054945054892,-0.12210012210012167,1
4.954000246943906,0.029803226495754356,0.08335240711070391,-0.4945054945054892,-0.12210012210012167,1
4.955000246933196,0.02933679385647071,0.08335240711070391,-0.4945054945054892,-0.12210012210012167,1
4.9560002469224855,0.028870152622587547,0.08335240711070391,-0.4945054945054892,-0.12210012210012167,1
4.957000246911775,0.028403307399664828,0.08335240711070391,-0.4945054945054892,-0.12210012210012167,1
4.958000246901065,0.027936262795276855,0.08335240711070391,-0.4945054945054892,-0.12210012210012167,1
4.959000246890355,0.027469023418964695,0.08335240711070391,-0.4945054945054892,-0.12210012210012167,1
4.960000246879645,0.027001593882192795,0.08335240711070391,-0.4945054945054892,-0.12210012210012167,1
4.9610002468689345,0.026533978798301334,0.08335240711070391,-0.4945054945054892,-0.12210012210012167,1
4.962000246858224,0.02606618278246285,0.08335240711070391,-0.4945054945054892,-0.12210012210012167,1
4.963000246847514,0.025598210451634528,0.08335240711070391,-0.4945054945054892,-0.12210012210012167,1
4.964000246836804,0.025130066424514777,0.08335240711070391,-0.4945054945054892,-0.12210012210012167,1
4.965000246826094,0.024661755321495518,0.08335240711070391,-0.4945054945054892,-0.12210012210012167,1
4.966000246815383,0.024193281764618702,0.08335240711070391,-0.4945054945054892,-0.12210012210012167,1
4.967000246804673,0.023724650377528578,0.08335240711070391,-0.4945054945054892,-0.12210012210012167,1
4.968000246793963,0.023255865785428174,0.08335240711070391,-0.4945054945054892,-0.12210012210012167,1
4.969000246783253,0.022786932615031792,0.08335240711070391,-0.4945054945054892,-0.12210012210012167,1
4.970000246772543,0.022317855494520145,0.08335240711070391,-0.4945054945054892,-0.12210012210012167,1
4.971000246761832,0.021848639053495468,0.08335240711070391,-0.4945054945054892,-0.12210012210012167,1
4.972000246751122,0.021379287922933976,0.08335240711070391,-0.4945054945054892,-0.12210012210012167,1
4.973000246740412,0.020909806735142273,0.08335240711070391,-0.4945054945054892,-0.12210012210012167,1
4.974000246729702,0.020440200123709514,0.08335240711070391,-0.4945054945054892,-0.12210012210012167,1
4.9750002467189915,0.019970472723463806,0.08335240711070391,-0.4945054945054892,-0.12210012210012167,1
4.976000246708281,0.019500629170424305,0.08335240711070391,-0.4945054945054892,-0.12210012210012167,1
4.977000246697571,0.019030674101757645,0.08335240711070391,-0.4945054945054892,-0.12210012210012167,1
4.978000246686861,0.01856061215572999,0.08335240711070391,-0.4945054945054892,-0.12210012210012167,1
4.979000246676151,0.018090447971663398,0.08335240711070391,-0.4945054945054892,-0.12210012210012167,1
4.9800002466654405,0.017620186189887935,0.08335240711070391,-0.4945054945054892,-0.12210012210012167,1
4.98100024665473,0.01714983145169796,0.08335240711070391,-0.4945054945054892,-0.12210012210012167,1
4.98200024664402,0.016679388399304218,0.08335240711070391,-0.4945054945054892,-0.12210012210012167,1
4.98300024663331,0.016208861675790144,0.08335240711070391,-0.4945054945054892,-0.12210012210012167,1
4.9840002466226,0.015738255925064178,0.08335240711070391,-0.4945054945054892,-0.12210012210012167,1
4.9850002466118895,0.015267575791814718,0.08335240711070391,-0.4945054945054892,-0.12210012210012167,1
4.986000246601179,0.014796825921465091,0.08335240711070391,-0.4945054945054892,-0.12210012210012167,1
4.987000246590469,0.014326010960125838,0.08335240711070391,-0.4945054945054892,-0.12210012210012167,1
4.988000246579759,0.013855135554550986,0.08335240711070391,-0.4945054945054892,-0.12210012210012167,1
4.989000246569049,0.01338420435209005,0.08335240711070391,-0.4945054945054892,-0.12210012210012167,1
4.990000246558338,0.012913222000644313,0.08335240711070391,-0.4945054945054892,-0.12210012210012167,1
4.991000246547628,0.012442193148618809,0.08335240711070391,-0.4945054945054892,-0.12210012210012167,1
4.992000246536918,0.011971122444878576,0.08335240711070391,-0.4945054945054892,-0.12210012210012167,1
4.993000246526208,0.011500014538700651,0.08335240711070391,-0.4945054945054892,-0.12210012210012167,1
4.994000246515498,0.011028874079730307,0.08335240711070391,-0.4945054945054892,-0.12210012210012167,1
4.995000246504787,0.010557705717933031,0.08335240711070391,-0.4945054945054892,-0.12210012210012167,1
4.996000246494077,0.010086514103550773,0.08335240711070391,-0.4945054945054892,-0.12210012210012167,1
4.997000246483367,0.009615303887053905,0.08335240711070391,-0.4945054945054892,-0.12210012210012167,1
4.998000246472657,0.009144079719097462,0.08335240711070391,-0.4945054945054892,-0.12210012210012167,1
4.9990002464619465,0.008672846250473107,0.08335240711070391,-0.4945054945054892,-0.12210012210012167,1
