t,q_cmd,q_real,dq_real,tau,err
0.96701150003355,0.01201647974364839,0.01201647974364839,-0.010989010989007397,-0.0439560439560438,1
0.9688225000281818,0.01201647974364839,0.01201647974364839,-0.010989010989007397,-0.0439560439560438,1
0.9725985000259243,0.01201647974364839,0.01201647974364839,-0.010989010989007397,-0.0439560439560438,1
0.9760602000169456,0.01201647974364839,0.01201647974364839,-0.010989010989007397,-0.0439560439560438,1
0.978825300000608,0.01201647974364839,0.01201647974364839,-0.010989010989007397,-0.0439560439560438,1
0.9805458000046201,0.01201647974364839,0.01201647974364839,-0.010989010989007397,-0.0439560439560438,1
0.9818691000109538,0.01201647974364839,0.01201647974364839,-0.010989010989007397,-0.0439560439560438,1
0.9835427000070922,0.01201647974364839,0.01201647974364839,-0.010989010989007397,-0.0439560439560438,1
0.9849863999988884,0.01201647974364839,0.01201647974364839,-0.010989010989007397,-0.0439560439560438,1
0.9866033000289463,0.01201647974364839,0.01201647974364839,-0.010989010989007397,-0.0439560439560438,1
0.9881027000374161,0.01201647974364839,0.01201647974364839,-0.010989010989007397,-0.0439560439560438,1
0.9897340000024997,0.01201647974364839,0.01201647974364839,-0.010989010989007397,-0.0439560439560438,1
0.9913578000268899,0.01201647974364839,0.01201647974364839,-0.010989010989007397,-0.0439560439560438,1
0.9931524000130594,0.01201647974364839,0.01201647974364839,-0.010989010989007397,-0.0439560439560438,1
0.994881400023587,0.01201647974364839,0.01201647974364839,-0.010989010989007397,-0.0439560439560438,1
0.9965574000380002,0.01201647974364839,0.01201647974364839,-0.010989010989007397,-0.0439560439560438,1
0.9982226000283845,0.01201647974364839,0.01201647974364839,-0.010989010989007397,-0.0439560439560438,1
0.9998814000282437,0.01201647974364839,0.01201647974364839,-0.010989010989007397,-0.0439560439560438,1
1.001502100029029,0.01201647974364839,0.01201647974364839,-0.010989010989007397,-0.0439560439560438,1
1.0031206000130624,0.01201647974364839,0.01201647974364839,-0.010989010989007397,-0.0439560439560438,1
1.0046774000511505,0.01201647974364839,0.01201647974364839,-0.010989010989007397,-0.0439560439560438,1
1.0062932000146247,0.01201647974364839,0.01201647974364839,-0.010989010989007397,-0.0439560439560438,1
1.0088520999997854,0.01201647974364839,0.01201647974364839,-0.010989010989007397,-0.0439560439560438,1
1.0105482000508346,0.01201647974364839,0.01201647974364839,-0.010989010989007397,-0.0439560439560438,1
1.0121439000358805,0.01201647974364839,0.01201647974364839,-0.010989010989007397,-0.0439560439560438,1
1.0137741000507958,0.01201647974364839,0.01201647974364839,-0.010989010989007397,-0.0439560439560438,1
1.0152772000292316,0.01201647974364839,0.01201647974364839,-0.010989010989007397,-0.0439560439560438,1
1.0168708999990486,0.01201647974364839,0.01201647974364839,-0.010989010989007397,-0.0439560439560438,1
1.0185239000129513,0.01201647974364839,0.01201647974364839,-0.010989010989007397,-0.0439560439560438,1
1.0201689000241458,0.01201647974364839,0.01201647974364839,-0.010989010989007397,-0.0439560439560438,1
1.0217793000047095,0.01201647974364839,0.01201647974364839,-0.010989010989007397,-0.0439560439560438,1
1.0234727000351995,0.01201647974364839,0.01201647974364839,-0.010989010989007397,-0.0439560439560438,1
1.025000000023283,0.01201647974364839,0.01201647974364839,-0.010989010989007397,-0.0439560439560438,1
1.0266702000517398,0.01201647974364839,0.01201647974364839,-0.010989010989007397,-0.0439560439560438,1
1.028280500031542,0.01201647974364839,0.01201647974364839,-0.010989010989007397,-0.0439560439560438,1
1.0299098000396043,0.01201647974364839,0.01201647974364839,-0.010989010989007397,-0.0439560439560438,1
1.0310095000313595,0.01201647974364839,0.01201647974364839,-0.010989010989007397,-0.0439560439560438,1
1.0326163000427186,0.01201647974364839,0.01201647974364839,-0.010989010989007397,-0.0439560439560438,1
1.034292100055609,0.01201647974364839,0.01201647974364839,-0.010989010989007397,-0.0439560439560438,1
1.0357931000180542,0.01201647974364839,0.01201647974364839,-0.010989010989007397,-0.0439560439560438,1
1.0374049000092782,0.01201647974364839,0.01201647974364839,-0.010989010989007397,-0.0439560439560438,1
1.0391457000514492,0.01201647974364839,0.01201647974364839,-0.010989010989007397,-0.0439560439560438,1
1.0407701000222005,0.01201647974364839,0.01201647974364839,-0.010989010989007397,-0.0439560439560438,1
1.0425765000400133,0.01201647974364839,0.01201647974364839,-0.010989010989007397,-0.0439560439560438,1
1.0442166000138968,0.01201647974364839,0.01201647974364839,-0.010989010989007397,-0.0439560439560438,1
1.0457113000447862,0.01201647974364839,0.01201647974364839,-0.010989010989007397,-0.0439560439560438,1
1.047218200052157,0.01201647974364839,0.01201647974364839,-0.010989010989007397,-0.0439560439560438,1
1.0489233000553213,0.01201647974364839,0.01201647974364839,-0.010989010989007397,-0.0439560439560438,1
1.0505735000479035,0.01201647974364839,0.01201647974364839,-0.010989010989007397,-0.0439560439560438,1
1.0521831000223756,0.01201647974364839,0.01201647974364839,-0.010989010989007397,-0.0439560439560438,1
1.0537917000474408,0.01201647974364839,0.01201647974364839,-0.010989010989007397,-0.0439560439560438,1
1.0555787000339478,0.01201647974364839,0.01201647974364839,-0.010989010989007397,-0.0439560439560438,1
1.0571966000134125,0.01201647974364839,0.01201647974364839,-0.010989010989007397,-0.0439560439560438,1
1.058884099998977,0.01201647974364839,0.01201647974364839,-0.010989010989007397,-0.0439560439560438,1
1.0605262000462972,0.01201647974364839,0.01201647974364839,-0.010989010989007397,-0.0439560439560438,1
1.0621431000181474,0.01201647974364839,0.01201647974364839,-0.010989010989007397,-0.0439560439560438,1
1.063783100049477,0.01201647974364839,0.01201647974364839,-0.010989010989007397,-0.0439560439560438,1
1.0653088000253774,0.01201647974364839,0.01201647974364839,-0.010989010989007397,-0.0439560439560438,1
1.0669282000162639,0.01201647974364839,0.01201647974364839,-0.010989010989007397,-0.0439560439560438,1
1.0686320000095293,0.01201647974364839,0.01201647974364839,-0.010989010989007397,-0.0439560439560438,1
1.0702838000142947,0.01201647974364839,0.01201647974364839,-0.010989010989007397,-0.0439560439560438,1
1.0719293000292964,0.01201647974364839,0.01201647974364839,-0.010989010989007397,-0.0439560439560438,1
1.073075600026641,0.01201647974364839,0.01201647974364839,-0.010989010989007397,-0.0439560439560438,1
1.0745744000305422,0.01201647974364839,0.01201647974364839,-0.010989010989007397,-0.0439560439560438,1
1.0761481000226922,0.01201647974364839,0.01201647974364839,-0.010989010989007397,-0.0439560439560438,1
1.077777500031516,0.01201647974364839,0.01201647974364839,-0.010989010989007397,-0.0439560439560438,1
1.0795110000181012,0.01201647974364839,0.01201647974364839,-0.010989010989007397,-0.0439560439560438,1
1.081089300045278,0.01201647974364839,0.01201647974364839,-0.010989010989007397,-0.0439560439560438,1
1.0827354000066407,0.01201647974364839,0.01201647974364839,-0.010989010989007397,-0.0439560439560438,1
1.0843614000477828,0.01201647974364839,0.01201647974364839,-0.010989010989007397,-0.0439560439560438,1
1.0859598000533879,0.01201647974364839,0.01201647974364839,-0.010989010989007397,-0.0439560439560438,1
1.087177100009285,0.01201647974364839,0.01201647974364839,-0.010989010989007397,-0.0439560439560438,1
1.0883229000028223,0.01201647974364839,0.01201647974364839,-0.010989010989007397,-0.0439560439560438,1
1.0899377000168897,0.01201647974364839,0.01201647974364839,-0.010989010989007397,-0.0439560439560438,1
1.0915253999992274,0.01201647974364839,0.01201647974364839,-0.010989010989007397,-0.0439560439560438,1
1.0931562000187114,0.01201647974364839,0.01201647974364839,-0.010989010989007397,-0.0439560439560438,1
1.094651600054931,0.01201647974364839,0.01201647974364839,-0.010989010989007397,-0.0439560439560438,1
1.095908600022085,0.01201647974364839,0.01201647974364839,-0.010989010989007397,-0.0439560439560438,1
1.0975605000276119,0.01201647974364839,0.01201647974364839,-0.010989010989007397,-0.0439560439560438,1
1.0992352000321262,0.01201647974364839,0.01201647974364839,-0.010989010989007397,-0.0439560439560438,1
1.100874700001441,0.01201647974364839,0.01201647974364839,-0.010989010989007397,-0.0439560439560438,1
1.1025050000171177,0.01201647974364839,0.01201647974364839,-0.010989010989007397,-0.0439560439560438,1
1.1041785000124946,0.01201647974364839,0.01201647974364839,-0.010989010989007397,-0.0439560439560438,1
1.105704500048887,0.01201647974364839,0.01201647974364839,-0.010989010989007397,-0.0439560439560438,1
1.1069633000297472,0.01201647974364839,0.01201647974364839,-0.010989010989007397,-0.0439560439560438,1
1.108560300024692,0.01201647974364839,0.01201647974364839,-0.010989010989007397,-0.0439560439560438,1
1.1101866000099108,0.01201647974364839,0.01201647974364839,-0.010989010989007397,-0.0439560439560438,1
1.1113626000005752,0.01201647974364839,0.01201647974364839,-0.010989010989007397,-0.0439560439560438,1
1.113004400045611,0.01201647974364839,0.01201647974364839,-0.010989010989007397,-0.0439560439560438,1
1.11472589999903,0.01201647974364839,0.01201647974364839,-0.010989010989007397,-0.0439560439560438,1
1.116356700018514,0.01201647974364839,0.01201647974364839,-0.010989010989007397,-0.0439560439560438,1
1.1180208000005223,0.01201647974364839,0.01201647974364839,-0.010989010989007397,-0.0439560439560438,1
1.1192785000312142,0.01201647974364839,0.01201647974364839,-0.010989010989007397,-0.0439560439560438,1
1.120446000015363,0.01201647974364839,0.01201647974364839,-0.010989010989007397,-0.0439560439560438,1
1.1219545000349171,0.01201647974364839,0.01201647974364839,-0.010989010989007397,-0.0439560439560438,1
1.1235925000510179,0.01201647974364839,0.01201647974364839,-0.010989010989007397,-0.0439560439560438,1
1.1250565000227652,0.01201647974364839,0.01201647974364839,-0.010989010989007397,-0.0439560439560438,1
1.1266316000255756,0.01201647974364839,0.01201647974364839,-0.010989010989007397,-0.0439560439560438,1
1.1280634000431746,0.01201647974364839,0.01201647974364839,-0.010989010989007397,-0.0439560439560438,1
1.129716900002677,0.01201647974364839,0.01201647974364839,-0.010989010989007397,-0.0439560439560438,1
1.131366900051944,0.01201647974364839,0.01201647974364839,-0.010989010989007397,-0.0439560439560438,1
1.1329489000490867,0.01201647974364839,0.01201647974364839,-0.010989010989007397,-0.0439560439560438,1
1.1346010999986902,0.01201647974364839,0.01201647974364839,-0.010989010989007397,-0.0439560439560438,1
1.1361154000042006,0.01201647974364839,0.01201647974364839,-0.010989010989007397,-0.0439560439560438,1
1.1372733000316657,0.01201647974364839,0.01201647974364839,-0.010989010989007397,-0.0439560439560438,1
1.1389237000257708,0.01201647974364839,0.01201647974364839,-0.010989010989007397,-0.0439560439560438,1
1.1405465000425465,0.01201647974364839,0.01201647974364839,-0.010989010989007397,-0.0439560439560438,1
1.1421288000419736,0.01201647974364839,0.01201647974364839,-0.010989010989007397,-0.0439560439560438,1
1.1437745000002906,0.01201647974364839,0.01201647974364839,-0.010989010989007397,-0.0439560439560438,1
1.1452324000420049,0.01201647974364839,0.01201647974364839,-0.010989010989007397,-0.0439560439560438,1
1.1469105000142008,0.01201647974364839,0.01201647974364839,-0.010989010989007397,-0.0439560439560438,1
1.1485952000366524,0.01201647974364839,0.01201647974364839,-0.010989010989007397,-0.0439560439560438,1
1.150220800016541,0.01201647974364839,0.01201647974364839,-0.010989010989007397,-0.0439560439560438,1
1.1519412000197917,0.01201647974364839,0.01201647974364839,-0.010989010989007397,-0.0439560439560438,1
1.1535643000388518,0.01201647974364839,0.01201647974364839,-0.010989010989007397,-0.0439560439560438,1
1.1550460000289604,0.01201647974364839,0.01201647974364839,-0.010989010989007397,-0.0439560439560438,1
1.156560800038278,0.01201647974364839,0.01201647974364839,-0.010989010989007397,-0.0439560439560438,1
1.1581811000360176,0.01201647974364839,0.01201647974364839,-0.010989010989007397,-0.0439560439560438,1
1.1598020000383258,0.01201647974364839,0.01201647974364839,-0.010989010989007397,-0.0439560439560438,1
1.1614296000334434,0.01201647974364839,0.01201647974364839,-0.010989010989007397,-0.0439560439560438,1
1.1631204000441357,0.01201647974364839,0.01201647974364839,-0.010989010989007397,-0.0439560439560438,1
1.1646552000311203,0.01201647974364839,0.01201647974364839,-0.010989010989007397,-0.0439560439560438,1
1.166279700002633,0.01201647974364839,0.01201647974364839,-0.010989010989007397,-0.0439560439560438,1
1.1674773000413552,0.01201647974364839,0.01201647974364839,-0.010989010989007397,-0.0439560439560438,1
1.1690876000211574,0.01201647974364839,0.01201647974364839,-0.010989010989007397,-0.0439560439560438,1
1.1707350000506267,0.01201647974364839,0.01201647974364839,-0.010989010989007397,-0.0439560439560438,1
1.1723533000331372,0.01201647974364839,0.01201647974364839,-0.010989010989007397,-0.0439560439560438,1
1.1739475000067614,0.01201647974364839,0.01201647974364839,-0.010989010989007397,-0.0439560439560438,1
1.1754518000525422,0.01201647974364839,0.01201647974364839,-0.010989010989007397,-0.0439560439560438,1
1.1770421000546776,0.01201647974364839,0.01201647974364839,-0.010989010989007397,-0.0439560439560438,1
1.1786768000456505,0.01201647974364839,0.01201647974364839,-0.010989010989007397,-0.0439560439560438,1
1.1802867000224069,0.01201647974364839,0.01201647974364839,-0.010989010989007397,-0.0439560439560438,1
1.1819520000135526,0.01201647974364839,0.01201647974364839,-0.010989010989007397,-0.0439560439560438,1
1.1833428000099957,0.01201647974364839,0.01201647974364839,-0.010989010989007397,-0.0439560439560438,1
1.1849367000395432,0.01201647974364839,0.01201647974364839,-0.010989010989007397,-0.0439560439560438,1
1.186540300026536,0.01201647974364839,0.01201647974364839,-0.010989010989007397,-0.0439560439560438,1
1.188176800031215,0.01201647974364839,0.01201647974364839,-0.010989010989007397,-0.0439560439560438,1
1.1897529000416398,0.01201647974364839,0.01201647974364839,-0.010989010989007397,-0.0439560439560438,1
1.1913363000494428,0.01201647974364839,0.01201647974364839,-0.010989010989007397,-0.0439560439560438,1
1.1929645000491291,0.01201647974364839,0.01201647974364839,-0.010989010989007397,-0.0439560439560438,1
1.19472880003741,0.01201647974364839,0.01201647974364839,-0.010989010989007397,-0.0439560439560438,1
1.1963375000050291,0.01201647974364839,0.01201647974364839,-0.010989010989007397,-0.0439560439560438,1
1.1979608000256121,0.01201647974364839,0.01201647974364839,-0.010989010989007397,-0.0439560439560438,1
1.199356800003443,0.01201647974364839,0.01201647974364839,-0.010989010989007397,-0.0439560439560438,1
1.2009544000029564,0.01201647974364839,0.01201647974364839,-0.010989010989007397,-0.0439560439560438,1
1.2026168000302278,0.01201647974364839,0.01201647974364839,-0.010989010989007397,-0.0439560439560438,1
1.2042636000551283,0.01201647974364839,0.01201647974364839,-0.010989010989007397,-0.0439560439560438,1
1.2055880000116304,0.01201647974364839,0.01201647974364839,-0.010989010989007397,-0.0439560439560438,1
1.2073506000451744,0.01201647974364839,0.01201647974364839,-0.010989010989007397,-0.0439560439560438,1
1.2090078000328504,0.01201647974364839,0.01201647974364839,-0.010989010989007397,-0.0439560439560438,1
1.2107351000304334,0.01201647974364839,0.01201647974364839,-0.010989010989007397,-0.0439560439560438,1
1.212042500032112,0.01201647974364839,0.01201647974364839,-0.010989010989007397,-0.0439560439560438,1
1.2136459000175819,0.01201647974364839,0.01201647974364839,-0.010989010989007397,-0.0439560439560438,1
1.2151481000473723,0.01201647974364839,0.01201647974364839,-0.010989010989007397,-0.0439560439560438,1
1.2167465000529774,0.01201647974364839,0.01201647974364839,-0.010989010989007397,-0.0439560439560438,1
1.2184088000212796,0.01201647974364839,0.01201647974364839,-0.010989010989007397,-0.0439560439560438,1
1.2201150000328198,0.01201647974364839,0.01201647974364839,-0.010989010989007397,-0.0439560439560438,1
1.2213096000486985,0.01201647974364839,0.01201647974364839,-0.010989010989007397,-0.0439560439560438,1
1.2226691000396386,0.01201647974364839,0.01201647974364839,-0.010989010989007397,-0.0439560439560438,1
1.2240713000064716,0.01201647974364839,0.01201647974364839,-0.010989010989007397,-0.0439560439560438,1
1.2255775000085123,0.01201647974364839,0.01201647974364839,-0.010989010989007397,-0.0439560439560438,1
1.2273826000164263,0.01201647974364839,0.01201647974364839,-0.010989010989007397,-0.0439560439560438,1
1.2285228000255302,0.01201647974364839,0.01201647974364839,-0.010989010989007397,-0.0439560439560438,1
1.2301367000327446,0.01201647974364839,0.01201647974364839,-0.010989010989007397,-0.0439560439560438,1
1.231707600003574,0.01201647974364839,0.01201647974364839,-0.010989010989007397,-0.0439560439560438,1
1.2333282000035979,0.01201647974364839,0.01201647974364839,-0.010989010989007397,-0.0439560439560438,1
1.2348334000562318,0.01201647974364839,0.01201647974364839,-0.010989010989007397,-0.0439560439560438,1
1.2363988000433892,0.01201647974364839,0.01201647974364839,-0.010989010989007397,-0.0439560439560438,1
1.2380057000555098,0.01201647974364839,0.01201647974364839,-0.010989010989007397,-0.0439560439560438,1
1.2395940000424162,0.01201647974364839,0.01201647974364839,-0.010989010989007397,-0.0439560439560438,1
1.2411958000157028,0.01201647974364839,0.01201647974364839,-0.010989010989007397,-0.0439560439560438,1
1.2428479000227526,0.01201647974364839,0.01201647974364839,-0.010989010989007397,-0.0439560439560438,1
1.244671799999196,0.01201647974364839,0.01201647974364839,-0.010989010989007397,-0.0439560439560438,1
1.2463065000483766,0.01201647974364839,0.01201647974364839,-0.010989010989007397,-0.0439560439560438,1
1.2478817000519484,0.01201647974364839,0.01201647974364839,-0.010989010989007397,-0.0439560439560438,1
1.2494689000304788,0.01201647974364839,0.01201647974364839,-0.010989010989007397,-0.0439560439560438,1
1.2511274000280537,0.01201647974364839,0.01201647974364839,-0.010989010989007397,-0.0439560439560438,1
1.2527169000240974,0.01201647974364839,0.01201647974364839,-0.010989010989007397,-0.0439560439560438,1
1.2543559000478126,0.01201647974364839,0.01201647974364839,-0.010989010989007397,-0.0439560439560438,1
1.2558488000067882,0.01201647974364839,0.01201647974364839,-0.010989010989007397,-0.0439560439560438,1
1.257446000003256,0.01201647974364839,0.01201647974364839,-0.010989010989007397,-0.0439560439560438,1
1.2592980000190437,0.01201647974364839,0.01201647974364839,-0.010989010989007397,-0.0439560439560438,1
1.2614279000554234,0.01201647974364839,0.01201647974364839,-0.010989010989007397,-0.03418803418803407,1
1.2630745000205934,0.01201647974364839,0.01201647974364839,-0.010989010989007397,-0.03418803418803407,1
1.2645629000035115,0.01201647974364839,0.01201647974364839,-0.010989010989007397,-0.03418803418803407,1
1.2661433000466786,0.01201647974364839,0.01201647974364839,-0.010989010989007397,-0.03418803418803407,1
1.2678538000327535,0.01201647974364839,0.01201647974364839,-0.010989010989007397,-0.03418803418803407,1
1.269496600027196,0.01201647974364839,0.01201647974364839,-0.010989010989007397,-0.03418803418803407,1
1.2711110000382178,0.01201647974364839,0.01201647974364839,-0.010989010989007397,-0.03418803418803407,1
1.272717600048054,0.01201647974364839,0.01201647974364839,-0.010989010989007397,-0.03418803418803407,1
1.2745073000551201,0.01201647974364839,0.01201647974364839,-0.010989010989007397,-0.03418803418803407,1
1.2759118000394665,0.01201647974364839,0.01201647974364839,-0.010989010989007397,-0.03418803418803407,1
1.2776320000411943,0.01201647974364839,0.01201647974364839,-0.010989010989007397,-0.03418803418803407,1
1.2792240000562742,0.01201647974364839,0.01201647974364839,-0.010989010989007397,-0.03418803418803407,1
1.280834400036838,0.01201647974364839,0.01201647974364839,-0.010989010989007397,-0.03418803418803407,1
1.2824715000460856,0.01201647974364839,0.01201647974364839,-0.010989010989007397,-0.03418803418803407,1
1.2841470999992453,0.01201647974364839,0.01201647974364839,-0.010989010989007397,-0.03418803418803407,1
1.2856664000428282,0.01201647974364839,0.01201647974364839,-0.010989010989007397,-0.03418803418803407,1
1.2874299000250176,0.01201647974364839,0.01201647974364839,-0.010989010989007397,-0.03418803418803407,1
1.289294800022617,0.01201647974364839,0.01201647974364839,-0.010989010989007397,-0.03418803418803407,1
1.2912028999999166,0.01201647974364839,0.01201647974364839,-0.010989010989007397,-0.03418803418803407,1
1.2926634000032209,0.01201647974364839,0.01201647974364839,-0.010989010989007397,-0.03418803418803407,1
1.2949381000362337,0.01201647974364839,0.01201647974364839,-0.010989010989007397,-0.03418803418803407,1
1.2965280000353232,0.01201647974364839,0.01201647974364839,-0.010989010989007397,-0.03418803418803407,1
1.298171300033573,0.01201647974364839,0.01201647974364839,-0.010989010989007397,-0.03418803418803407,1
1.2998054000199772,0.01201647974364839,0.01201647974364839,-0.010989010989007397,-0.03418803418803407,1
1.3014817000366747,0.01201647974364839,0.01201647974364839,-0.010989010989007397,-0.03418803418803407,1
1.3032107000472024,0.01201647974364839,0.01201647974364839,-0.010989010989007397,-0.03418803418803407,1
1.3048473000526428,0.01201647974364839,0.01201647974364839,-0.010989010989007397,-0.03418803418803407,1
1.306728000054136,0.01201647974364839,0.01201647974364839,-0.010989010989007397,-0.03418803418803407,1
1.3084624000475742,0.01201647974364839,0.01201647974364839,-0.010989010989007397,-0.03418803418803407,1
1.3101433000410907,0.01201647974364839,0.01201647974364839,-0.010989010989007397,-0.03418803418803407,1
1.3117679000133649,0.01201647974364839,0.01201647974364839,-0.010989010989007397,-0.03418803418803407,1
1.3134161000489257,0.01201647974364839,0.01201647974364839,-0.010989010989007397,-0.03418803418803407,1
1.314922000048682,0.01201647974364839,0.01201647974364839,-0.010989010989007397,-0.03418803418803407,1
1.316698800015729,0.01201647974364839,0.01201647974364839,-0.010989010989007397,-0.03418803418803407,1
1.3181268000043929,0.01201647974364839,0.01201647974364839,-0.010989010989007397,-0.03418803418803407,1
1.319770400004927,0.01201647974364839,0.01201647974364839,-0.010989010989007397,-0.03418803418803407,1
1.3216767000267282,0.01201647974364839,0.01201647974364839,-0.010989010989007397,-0.03418803418803407,1
1.3233721000142395,0.01201647974364839,0.01201647974364839,-0.010989010989007397,-0.03418803418803407,1
1.3247685000533238,0.01201647974364839,0.01201647974364839,-0.010989010989007397,-0.03418803418803407,1
1.3264901000075042,0.01201647974364839,0.01201647974364839,-0.010989010989007397,-0.03418803418803407,1
1.3278995000291616,0.01201647974364839,0.01201647974364839,-0.010989010989007397,-0.03418803418803407,1
1.3295393000007607,0.01201647974364839,0.01201647974364839,-0.010989010989007397,-0.03418803418803407,1
1.3311046000453644,0.01201647974364839,0.01201647974364839,-0.010989010989007397,-0.03418803418803407,1
1.3326895000063814,0.01201647974364839,0.01201647974364839,-0.010989010989007397,-0.03418803418803407,1
1.3342914000386372,0.01201647974364839,0.01201647974364839,-0.010989010989007397,-0.03418803418803407,1
1.3353949000011198,0.01201647974364839,0.01201647974364839,-0.010989010989007397,-0.03418803418803407,1
1.3370690000010654,0.01201647974364839,0.01201647974364839,-0.010989010989007397,-0.03418803418803407,1
1.3389230000320822,0.01201647974364839,0.01201647974364839,-0.010989010989007397,-0.03418803418803407,1
1.3406783000100404,0.01201647974364839,0.01201647974364839,-0.010989010989007397,-0.03418803418803407,1
1.3420516000478528,0.01201647974364839,0.01201647974364839,-0.010989010989007397,-0.03418803418803407,1
1.3435357000562362,0.01201647974364839,0.01201647974364839,-0.010989010989007397,-0.03418803418803407,1
1.345047200040426,0.01201647974364839,0.01201647974364839,-0.010989010989007397,-0.03418803418803407,1
1.3465286000282504,0.01201647974364839,0.01201647974364839,-0.010989010989007397,-0.03418803418803407,1
1.348218800034374,0.01201647974364839,0.01201647974364839,-0.010989010989007397,-0.03418803418803407,1
1.3498799000517465,0.01201647974364839,0.01201647974364839,-0.010989010989007397,-0.03418803418803407,1
1.3519404000253417,0.01201647974364839,0.01201647974364839,-0.010989010989007397,-0.03418803418803407,1
1.3532325000269338,0.01201647974364839,0.01201647974364839,-0.010989010989007397,-0.03418803418803407,1
1.3548006000346504,0.01201647974364839,0.01201647974364839,-0.010989010989007397,-0.03418803418803407,1
1.3561881000059657,0.01201647974364839,0.01201647974364839,-0.010989010989007397,-0.03418803418803407,1
1.3576663000276312,0.01201647974364839,0.01201647974364839,-0.010989010989007397,-0.03418803418803407,1
1.359392200014554,0.01201647974364839,0.01201647974364839,-0.010989010989007397,-0.03418803418803407,1
1.361073000007309,0.01201647974364839,0.01201647974364839,-0.010989010989007397,-0.03418803418803407,1
1.362800300004892,0.01201647974364839,0.01201647974364839,-0.010989010989007397,-0.03418803418803407,1
1.3644103000406176,0.01201647974364839,0.01201647974364839,-0.010989010989007397,-0.03418803418803407,1
1.365527700050734,0.01201647974364839,0.01201647974364839,-0.010989010989007397,-0.03418803418803407,1
1.3671596000203863,0.01201647974364839,0.01201647974364839,-0.010989010989007397,-0.03418803418803407,1
1.3687772000557743,0.01201647974364839,0.01201647974364839,-0.010989010989007397,-0.03418803418803407,1
1.3704477000283077,0.01201647974364839,0.01201647974364839,-0.010989010989007397,-0.03418803418803407,1
1.3718731000553817,0.01201647974364839,0.01201647974364839,-0.010989010989007397,-0.03418803418803407,1
1.3735218000365421,0.01201647974364839,0.01201647974364839,-0.010989010989007397,-0.03418803418803407,1
1.3750035000266507,0.01201647974364839,0.01201647974364839,-0.010989010989007397,-0.03418803418803407,1
1.3766093000303954,0.01201647974364839,0.01201647974364839,-0.010989010989007397,-0.03418803418803407,1
1.3782275000121444,0.01201647974364839,0.01201647974364839,-0.010989010989007397,-0.03418803418803407,1
1.3798395000048913,0.01201647974364839,0.01201647974364839,-0.010989010989007397,-0.03418803418803407,1
1.3817757000215352,0.01201647974364839,0.01201647974364839,-0.010989010989007397,-0.03418803418803407,1
1.3834030000143684,0.01201647974364839,0.01201647974364839,-0.010989010989007397,-0.03418803418803407,1
1.384957000031136,0.01201647974364839,0.01201647974364839,-0.010989010989007397,-0.03418803418803407,1
1.3867453000275418,0.01201647974364839,0.01201647974364839,-0.010989010989007397,-0.03418803418803407,1
1.388244800036773,0.01201647974364839,0.01201647974364839,-0.010989010989007397,-0.03418803418803407,1
1.3899274000432342,0.01201647974364839,0.01201647974364839,-0.010989010989007397,-0.03418803418803407,1
1.3914667000062764,0.01201647974364839,0.01201647974364839,-0.010989010989007397,-0.03418803418803407,1
1.3928602000232786,0.01201647974364839,0.01201647974364839,-0.010989010989007397,-0.03418803418803407,1
1.3945646000211127,0.01201647974364839,0.01201647974364839,-0.010989010989007397,-0.03418803418803407,1
1.3961687000119127,0.01201647974364839,0.01201647974364839,-0.010989010989007397,-0.03418803418803407,1
1.3976498000556603,0.01201647974364839,0.01201647974364839,-0.010989010989007397,-0.03418803418803407,1
1.3992509000236169,0.01201647974364839,0.01201647974364839,-0.010989010989007397,-0.03418803418803407,1
1.40089650003938,0.01201647974364839,0.01201647974364839,-0.010989010989007397,-0.03418803418803407,1
1.4027127000153996,0.01201647974364839,0.01201647974364839,-0.010989010989007397,-0.03418803418803407,1
1.4045650000334717,0.01201647974364839,0.01201647974364839,-0.010989010989007397,-0.03418803418803407,1
1.4062195000005886,0.01201647974364839,0.01201647974364839,-0.010989010989007397,-0.03418803418803407,1
1.4078283000271767,0.01201647974364839,0.01201647974364839,-0.010989010989007397,-0.03418803418803407,1
1.4094940000213683,0.01201647974364839,0.01201647974364839,-0.010989010989007397,-0.03418803418803407,1
1.4112174000474624,0.01201647974364839,0.01201647974364839,-0.010989010989007397,-0.03418803418803407,1
1.4126132000237703,0.01201647974364839,0.01201647974364839,-0.010989010989007397,-0.03418803418803407,1
1.4142277000355534,0.01201647974364839,0.01201647974364839,-0.010989010989007397,-0.03418803418803407,1
1.415544600051362,0.01201647974364839,0.01201647974364839,-0.010989010989007397,-0.03418803418803407,1
1.4171547000296414,0.01201647974364839,0.01201647974364839,-0.010989010989007397,-0.03418803418803407,1
1.418848400004208,0.01201647974364839,0.01201647974364839,-0.010989010989007397,-0.03418803418803407,1
1.4205073000048287,0.01201647974364839,0.01201647974364839,-0.010989010989007397,-0.03418803418803407,1
1.422116600035224,0.01201647974364839,0.01201647974364839,-0.010989010989007397,-0.03418803418803407,1
1.423718000005465,0.01201647974364839,0.01201647974364839,-0.010989010989007397,-0.03418803418803407,1
1.425222800055053,0.01201647974364839,0.01201647974364839,-0.010989010989007397,-0.03418803418803407,1
1.426821100001689,0.01201647974364839,0.01201647974364839,-0.010989010989007397,-0.03418803418803407,1
1.4284469000413083,0.01201647974364839,0.01201647974364839,-0.010989010989007397,-0.03418803418803407,1
1.4300304000498727,0.01201647974364839,0.01201647974364839,-0.010989010989007397,-0.03418803418803407,1
1.4318080000230111,0.01201647974364839,0.01201647974364839,-0.010989010989007397,-0.03418803418803407,1
1.433518500009086,0.01201647974364839,0.01201647974364839,-0.010989010989007397,-0.03418803418803407,1
1.4350465000024997,0.01201647974364839,0.01201647974364839,-0.010989010989007397,-0.03418803418803407,1
1.4365032000350766,0.01201647974364839,0.01201647974364839,-0.010989010989007397,-0.03418803418803407,1
1.437817800033372,0.01201647974364839,0.01201647974364839,-0.010989010989007397,-0.03418803418803407,1
1.4399775000056252,0.01201647974364839,0.01201647974364839,-0.010989010989007397,-0.03418803418803407,1
1.4415684000123292,0.01201647974364839,0.01201647974364839,-0.010989010989007397,-0.03418803418803407,1
1.4429240000317805,0.01201647974364839,0.01201647974364839,-0.010989010989007397,-0.03418803418803407,1
1.4446031000115909,0.01201647974364839,0.01201647974364839,-0.010989010989007397,-0.03418803418803407,1
1.4462419000337832,0.01201647974364839,0.01201647974364839,-0.010989010989007397,-0.03418803418803407,1
1.447937400022056,0.01201647974364839,0.01201647974364839,-0.010989010989007397,-0.03418803418803407,1
1.4496063000406139,0.01201647974364839,0.01201647974364839,-0.010989010989007397,-0.03418803418803407,1
1.4514662000001408,0.01201647974364839,0.01201647974364839,-0.010989010989007397,-0.03418803418803407,1
1.4527148000197485,0.01201647974364839,0.01201647974364839,-0.010989010989007397,-0.03418803418803407,1
1.4543215000303462,0.01201647974364839,0.01201647974364839,-0.010989010989007397,-0.03418803418803407,1
1.4555715000024065,0.01201647974364839,0.01201647974364839,-0.010989010989007397,-0.03418803418803407,1
1.4572038000333123,0.01201647974364839,0.01201647974364839,-0.010989010989007397,-0.03418803418803407,1
1.4588363000075333,0.01201647974364839,0.01201647974364839,-0.010989010989007397,-0.03418803418803407,1
1.4603969000163488,0.01201647974364839,0.01201647974364839,-0.010989010989007397,-0.03418803418803407,1
1.462014100048691,0.01201647974364839,0.01201647974364839,-0.010989010989007397,-0.03418803418803407,1
1.4634707000222988,0.01201647974364839,0.01201647974364839,-0.010989010989007397,-0.03418803418803407,1
1.464973900001496,0.01201647974364839,0.01201647974364839,-0.010989010989007397,-0.03418803418803407,1
1.4662938000401482,0.01201647974364839,0.01201647974364839,-0.010989010989007397,-0.03418803418803407,1
1.4677196000120603,0.01201647974364839,0.01201647974364839,-0.010989010989007397,-0.03418803418803407,1
1.4693420000257902,0.01201647974364839,0.01201647974364839,-0.010989010989007397,-0.03418803418803407,1
1.4709544000215828,0.01201647974364839,0.01201647974364839,-0.010989010989007397,-0.03418803418803407,1
1.472564100055024,0.01201647974364839,0.01201647974364839,-0.010989010989007397,-0.03418803418803407,1
1.4741855000029318,0.01201647974364839,0.01201647974364839,-0.010989010989007397,-0.03418803418803407,1
1.47562260000268,0.01201647974364839,0.01201647974364839,-0.010989010989007397,-0.03418803418803407,1
1.4772756000165828,0.01201647974364839,0.01201647974364839,-0.010989010989007397,-0.03418803418803407,1
1.4789255000068806,0.01201647974364839,0.01201647974364839,-0.010989010989007397,-0.03418803418803407,1
1.4805685000028461,0.01201647974364839,0.01201647974364839,-0.010989010989007397,-0.03418803418803407,1
1.482200400030706,0.01201647974364839,0.01201647974364839,-0.010989010989007397,-0.03418803418803407,1
1.4838763000443578,0.01201647974364839,0.01201647974364839,-0.010989010989007397,-0.03418803418803407,1
1.4853780000121333,0.01201647974364839,0.01201647974364839,-0.010989010989007397,-0.03418803418803407,1
1.4869718000409193,0.01201647974364839,0.01201647974364839,-0.010989010989007397,-0.03418803418803407,1
1.4884898000163957,0.01201647974364839,0.01201647974364839,-0.010989010989007397,-0.03418803418803407,1
1.4901074000517838,0.01201647974364839,0.01201647974364839,-0.010989010989007397,-0.03418803418803407,1
1.4918154000188224,0.01201647974364839,0.01201647974364839,-0.010989010989007397,-0.03418803418803407,1
1.4935189000098035,0.01201647974364839,0.01201647974364839,-0.010989010989007397,-0.03418803418803407,1
1.49502550001489,0.01201647974364839,0.01201647974364839,-0.010989010989007397,-0.03418803418803407,1
1.4966465000179596,0.01201647974364839,0.01201647974364839,-0.010989010989007397,-0.03418803418803407,1
1.498347700049635,0.01201647974364839,0.01201647974364839,-0.010989010989007397,-0.03418803418803407,1
1.4995208000182174,0.01201647974364839,0.01201647974364839,-0.010989010989007397,-0.03418803418803407,1
1.5011774000013247,0.01201647974364839,0.01201647974364839,-0.010989010989007397,-0.03418803418803407,1
1.5028273000498302,0.01201647974364839,0.01201647974364839,-0.010989010989007397,-0.03418803418803407,1
1.5044825000222772,0.01201647974364839,0.01201647974364839,-0.010989010989007397,-0.03418803418803407,1
1.5061267000273801,0.01201647974364839,0.01201647974364839,-0.010989010989007397,-0.03418803418803407,1
1.5077245000284165,0.01201647974364839,0.01201647974364839,-0.010989010989007397,-0.03418803418803407,1
1.5093909000279382,0.01201647974364839,0.01201647974364839,-0.010989010989007397,-0.03418803418803407,1
1.511013500043191,0.01201647974364839,0.01201647974364839,-0.010989010989007397,-0.03418803418803407,1
1.512620500056073,0.01201647974364839,0.01201647974364839,-0.010989010989007397,-0.03418803418803407,1
1.5143340000067838,0.01201647974364839,0.01201647974364839,-0.010989010989007397,-0.03418803418803407,1
1.5158003000542521,0.01201647974364839,0.01201647974364839,-0.010989010989007397,-0.03418803418803407,1
1.5174558000289835,0.01201647974364839,0.01201647974364839,-0.010989010989007397,-0.03418803418803407,1
1.5191164000425488,0.01201647974364839,0.01201647974364839,-0.010989010989007397,-0.03418803418803407,1
1.5207771999994293,0.01201647974364839,0.01201647974364839,-0.010989010989007397,-0.03418803418803407,1
1.5219219000427984,0.01201647974364839,0.01201647974364839,-0.010989010989007397,-0.03418803418803407,1
1.5235630000242963,0.01201647974364839,0.01201647974364839,-0.010989010989007397,-0.03418803418803407,1
1.5250816000043415,0.01201647974364839,0.01201647974364839,-0.010989010989007397,-0.03418803418803407,1
1.5265876000048593,0.01201647974364839,0.01201647974364839,-0.010989010989007397,-0.03418803418803407,1
1.5281955000245944,0.01201647974364839,0.01201647974364839,-0.010989010989007397,-0.03418803418803407,1
1.5298808000516146,0.01201647974364839,0.01201647974364839,-0.010989010989007397,-0.03418803418803407,1
1.5314888000139035,0.01201647974364839,0.01201647974364839,-0.010989010989007397,-0.03418803418803407,1
1.5331476000137627,0.01201647974364839,0.01201647974364839,-0.010989010989007397,-0.03418803418803407,1
1.5346613000147045,0.01201647974364839,0.01201647974364839,-0.010989010989007397,-0.03418803418803407,1
1.5362726000021212,0.01201647974364839,0.01201647974364839,-0.010989010989007397,-0.03418803418803407,1
1.5376284000230953,0.01201647974364839,0.01201647974364839,-0.010989010989007397,-0.03418803418803407,1
1.5392193000297993,0.01201647974364839,0.01201647974364839,-0.010989010989007397,-0.03418803418803407,1
1.540833700040821,0.01201647974364839,0.01201647974364839,-0.010989010989007397,-0.03418803418803407,1
1.5424452000297606,0.01201647974364839,0.01201647974364839,-0.010989010989007397,-0.03418803418803407,1
1.544056200014893,0.01201647974364839,0.01201647974364839,-0.010989010989007397,-0.03418803418803407,1
1.5456628000247292,0.01201647974364839,0.01201647974364839,-0.010989010989007397,-0.03418803418803407,1
1.5472991000278853,0.01201647974364839,0.01201647974364839,-0.010989010989007397,-0.03418803418803407,1
1.5488987000426278,0.01201647974364839,0.01201647974364839,-0.010989010989007397,-0.03418803418803407,1
1.5505247000255622,0.01201647974364839,0.01201647974364839,-0.010989010989007397,-0.03418803418803407,1
1.5521147000254132,0.01201647974364839,0.01201647974364839,-0.010989010989007397,-0.03418803418803407,1
1.5537542000529356,0.01201647974364839,0.01201647974364839,-0.010989010989007397,-0.03418803418803407,1
1.5552586000412703,0.01201647974364839,0.01201647974364839,-0.010989010989007397,-0.03418803418803407,1
1.5567664000554942,0.01201647974364839,0.01201647974364839,-0.010989010989007397,-0.03418803418803407,1
1.5584412000025623,0.01201647974364839,0.01201647974364839,-0.010989010989007397,-0.03418803418803407,1
1.560146400006488,0.01201647974364839,0.01201647974364839,-0.010989010989007397,-0.03418803418803407,1
1.5619332000496797,0.01201647974364839,0.01201647974364839,-0.010989010989007397,-0.03418803418803407,1
1.563289400015492,0.01201647974364839,0.01201647974364839,-0.010989010989007397,-0.03418803418803407,1
1.5648403000086546,0.01201647974364839,0.01201647974364839,-0.010989010989007397,-0.03418803418803407,1
1.5670365000260063,0.01201647974364839,0.01201647974364839,-0.010989010989007397,-0.03418803418803407,1
1.5686611999990419,0.01201647974364839,0.01201647974364839,-0.010989010989007397,-0.03418803418803407,1
1.5702992000151426,0.01201647974364839,0.01201647974364839,-0.010989010989007397,-0.03418803418803407,1
1.5719098000554368,0.01201647974364839,0.01201647974364839,-0.010989010989007397,-0.03418803418803407,1
1.5735374000505544,0.01201647974364839,0.01201647974364839,-0.010989010989007397,-0.03418803418803407,1
1.5750306000118144,0.01201647974364839,0.01201647974364839,-0.010989010989007397,-0.03418803418803407,1
1.5765373000176623,0.01201647974364839,0.01201647974364839,-0.010989010989007397,-0.03418803418803407,1
1.5782353000249714,0.01201647974364839,0.01201647974364839,-0.010989010989007397,-0.03418803418803407,1
1.5798866000259295,0.01201647974364839,0.01201647974364839,-0.010989010989007397,-0.03418803418803407,1
1.5814878000528552,0.01201647974364839,0.01201647974364839,-0.010989010989007397,-0.03418803418803407,1
1.582958700018935,0.01201647974364839,0.01201647974364839,-0.010989010989007397,-0.03418803418803407,1
1.5845306999981403,0.01201647974364839,0.01201647974364839,-0.010989010989007397,-0.03418803418803407,1
1.5863226000219584,0.01201647974364839,0.01201647974364839,-0.010989010989007397,-0.03418803418803407,1
1.5875420000520535,0.01201647974364839,0.01201647974364839,-0.010989010989007397,-0.03418803418803407,1
1.5890658000134863,0.01201647974364839,0.01201647974364839,-0.010989010989007397,-0.03418803418803407,1
1.5906508000334725,0.01201647974364839,0.01201647974364839,-0.010989010989007397,-0.03418803418803407,1
1.5922434000531211,0.01201647974364839,0.01201647974364839,-0.010989010989007397,-0.03418803418803407,1
1.5940377000370063,0.01201647974364839,0.01201647974364839,-0.010989010989007397,-0.03418803418803407,1
1.595888800045941,0.01201647974364839,0.01201647974364839,-0.010989010989007397,-0.0439560439560438,1
1.5974950000527315,0.01201647974364839,0.01201647974364839,-0.010989010989007397,-0.0439560439560438,1
1.5991048000287265,0.01201647974364839,0.01201647974364839,-0.010989010989007397,-0.0439560439560438,1
1.600740300025791,0.01201647974364839,0.01201647974364839,-0.010989010989007397,-0.0439560439560438,1
1.6023452000226825,0.01201647974364839,0.01201647974364839,-0.010989010989007397,-0.0439560439560438,1
1.6036692000343464,0.01201647974364839,0.01201647974364839,-0.010989010989007397,-0.0439560439560438,1
1.605174500029534,0.01201647974364839,0.01201647974364839,-0.010989010989007397,-0.0439560439560438,1
1.6067613000050187,0.01201647974364839,0.01201647974364839,-0.010989010989007397,-0.0439560439560438,1
1.6083801000495441,0.01201647974364839,0.01201647974364839,-0.010989010989007397,-0.0439560439560438,1
1.6100465000490658,0.01201647974364839,0.01201647974364839,-0.010989010989007397,-0.0439560439560438,1
1.611399000044912,0.01201647974364839,0.01201647974364839,-0.010989010989007397,-0.0439560439560438,1
1.6129921000101604,0.01201647974364839,0.01201647974364839,-0.010989010989007397,-0.0439560439560438,1
1.6145002000266686,0.01201647974364839,0.01201647974364839,-0.010989010989007397,-0.0439560439560438,1
1.6161387000465766,0.01201647974364839,0.01201647974364839,-0.010989010989007397,-0.0439560439560438,1
1.6177196000353433,0.01201647974364839,0.01201647974364839,-0.010989010989007397,-0.0439560439560438,1
1.6193303000181913,0.01201647974364839,0.01201647974364839,-0.010989010989007397,-0.0439560439560438,1
1.6209233000408858,0.01201647974364839,0.01201647974364839,-0.010989010989007397,-0.0439560439560438,1
1.62248640001053,0.01201647974364839,0.01201647974364839,-0.010989010989007397,-0.0439560439560438,1
1.6242295000120066,0.01201647974364839,0.01201647974364839,-0.010989010989007397,-0.0439560439560438,1
1.6257778000435792,0.01201647974364839,0.01201647974364839,-0.010989010989007397,-0.0439560439560438,1
1.6273634000099264,0.01201647974364839,0.01201647974364839,-0.010989010989007397,-0.0439560439560438,1
1.6289775000186637,0.01201647974364839,0.01201647974364839,-0.010989010989007397,-0.0439560439560438,1
1.6306213000207208,0.01201647974364839,0.01201647974364839,-0.010989010989007397,-0.0439560439560438,1
1.6322418000199832,0.01201647974364839,0.01201647974364839,-0.010989010989007397,-0.0439560439560438,1
1.633908900024835,0.01201647974364839,0.01201647974364839,-0.010989010989007397,-0.0439560439560438,1
1.6353780000354163,0.01201647974364839,0.01201647974364839,-0.010989010989007397,-0.0439560439560438,1
1.6369590000249445,0.01201647974364839,0.01201647974364839,-0.010989010989007397,-0.0439560439560438,1
1.638752700004261,0.01201647974364839,0.01201647974364839,-0.010989010989007397,-0.0439560439560438,1
1.6404968000133522,0.01201647974364839,0.01201647974364839,-0.010989010989007397,-0.0439560439560438,1
1.641937400039751,0.01201647974364839,0.01201647974364839,-0.010989010989007397,-0.0439560439560438,1
1.6435579000390135,0.01201647974364839,0.01201647974364839,-0.010989010989007397,-0.0439560439560438,1
1.6450584000558592,0.01201647974364839,0.01201647974364839,-0.010989010989007397,-0.0439560439560438,1
1.6467503000167198,0.01201647974364839,0.01201647974364839,-0.010989010989007397,-0.0439560439560438,1
1.6485548000200652,0.01201647974364839,0.01201647974364839,-0.010989010989007397,-0.0439560439560438,1
1.65027410001494,0.01201647974364839,0.01201647974364839,-0.010989010989007397,-0.0439560439560438,1
1.6519252000143752,0.01201647974364839,0.01201647974364839,-0.010989010989007397,-0.0439560439560438,1
1.6535395000246353,0.01201647974364839,0.01201647974364839,-0.010989010989007397,-0.0439560439560438,1
1.655048800050281,0.01201647974364839,0.01201647974364839,-0.010989010989007397,-0.0439560439560438,1
1.6567578000249341,0.01201647974364839,0.01201647974364839,-0.010989010989007397,-0.0439560439560438,1
1.6583780000219122,0.01201647974364839,0.01201647974364839,-0.010989010989007397,-0.0439560439560438,1
1.6599831000203267,0.01201647974364839,0.01201647974364839,-0.010989010989007397,-0.0439560439560438,1
1.66154010000173,0.01201647974364839,0.01201647974364839,-0.010989010989007397,-0.0439560439560438,1
1.6627604000386782,0.01201647974364839,0.01201647974364839,-0.010989010989007397,-0.0439560439560438,1
1.6643728000344709,0.01201647974364839,0.01201647974364839,-0.010989010989007397,-0.0439560439560438,1
1.665880200045649,0.01201647974364839,0.01201647974364839,-0.010989010989007397,-0.0439560439560438,1
1.667421700025443,0.01201647974364839,0.01201647974364839,-0.010989010989007397,-0.0439560439560438,1
1.6690292000421323,0.01201647974364839,0.01201647974364839,-0.010989010989007397,-0.0439560439560438,1
1.670607200008817,0.01201647974364839,0.01201647974364839,-0.010989010989007397,-0.0439560439560438,1
1.6720213000080548,0.01201647974364839,0.01201647974364839,-0.010989010989007397,-0.0439560439560438,1
1.67348600004334,0.01201647974364839,0.01201647974364839,-0.010989010989007397,-0.0439560439560438,1
1.6749970000237226,0.01201647974364839,0.01201647974364839,-0.010989010989007397,-0.0439560439560438,1
1.676613800053019,0.01201647974364839,0.01201647974364839,-0.010989010989007397,-0.0439560439560438,1
1.678315500030294,0.01201647974364839,0.01201647974364839,-0.010989010989007397,-0.0439560439560438,1
1.6799743000301532,0.01201647974364839,0.01201647974364839,-0.010989010989007397,-0.0439560439560438,1
1.6815918000065722,0.01201647974364839,0.01201647974364839,-0.010989010989007397,-0.0439560439560438,1
1.6831949000479653,0.01201647974364839,0.01201647974364839,-0.010989010989007397,-0.0439560439560438,1
1.684736100025475,0.01201647974364839,0.01201647974364839,-0.010989010989007397,-0.0439560439560438,1
1.6863296000519767,0.01201647974364839,0.01201647974364839,-0.010989010989007397,-0.0439560439560438,1
1.6880435000057332,0.01201647974364839,0.01201647974364839,-0.010989010989007397,-0.0439560439560438,1
1.689508100040257,0.01201647974364839,0.01201647974364839,-0.010989010989007397,-0.0439560439560438,1
1.6911613999982364,0.01201647974364839,0.01201647974364839,-0.010989010989007397,-0.0439560439560438,1
1.6928358000004664,0.01201647974364839,0.01201647974364839,-0.010989010989007397,-0.0439560439560438,1
1.6945166000514291,0.01201647974364839,0.01201647974364839,-0.010989010989007397,-0.0439560439560438,1
1.6959953000186943,0.01201647974364839,0.01201647974364839,-0.010989010989007397,-0.0439560439560438,1
1.6976098000304773,0.01201647974364839,0.01201647974364839,-0.010989010989007397,-0.0439560439560438,1
1.6992262999992818,0.01201647974364839,0.01201647974364839,-0.010989010989007397,-0.0439560439560438,1
1.7009031000197865,0.01201647974364839,0.01201647974364839,-0.010989010989007397,-0.0439560439560438,1
1.702595700044185,0.01201647974364839,0.01201647974364839,-0.010989010989007397,-0.0439560439560438,1
1.7043013000511564,0.01201647974364839,0.01201647974364839,-0.010989010989007397,-0.0439560439560438,1
1.7063938000355847,0.01201647974364839,0.01201647974364839,-0.010989010989007397,-0.03418803418803407,1
1.7080655000172555,0.01201647974364839,0.01201647974364839,-0.010989010989007397,-0.03418803418803407,1
1.7096827000495978,0.01201647974364839,0.01201647974364839,-0.010989010989007397,-0.03418803418803407,1
1.7113420000532642,0.01201647974364839,0.01201647974364839,-0.010989010989007397,-0.03418803418803407,1
1.7125850000302307,0.01201647974364839,0.01201647974364839,-0.010989010989007397,-0.03418803418803407,1
1.714189400023315,0.01201647974364839,0.01201647974364839,-0.010989010989007397,-0.03418803418803407,1
1.7155706000048667,0.01201647974364839,0.01201647974364839,-0.010989010989007397,-0.03418803418803407,1
1.7169286000425927,0.01201647974364839,0.01201647974364839,-0.010989010989007397,-0.03418803418803407,1
1.7185745000024326,0.01201647974364839,0.01201647974364839,-0.010989010989007397,-0.03418803418803407,1
1.720329700037837,0.01201647974364839,0.01201647974364839,-0.010989010989007397,-0.03418803418803407,1
1.721897900046315,0.01201647974364839,0.01201647974364839,-0.010989010989007397,-0.03418803418803407,1
1.7235509000020102,0.01201647974364839,0.01201647974364839,-0.010989010989007397,-0.03418803418803407,1
1.7250170000479557,0.01201647974364839,0.01201647974364839,-0.010989010989007397,-0.03418803418803407,1
1.726687500020489,0.01201647974364839,0.01201647974364839,-0.010989010989007397,-0.03418803418803407,1
1.7283815000555478,0.01201647974364839,0.01201647974364839,-0.010989010989007397,-0.03418803418803407,1
1.7301560000050813,0.01201647974364839,0.01201647974364839,-0.010989010989007397,-0.03418803418803407,1
1.731797800050117,0.01201647974364839,0.01201647974364839,-0.010989010989007397,-0.03418803418803407,1
1.7335078000323847,0.01201647974364839,0.01201647974364839,-0.010989010989007397,-0.03418803418803407,1
1.735047599999234,0.01201647974364839,0.01201647974364839,-0.010989010989007397,-0.03418803418803407,1
1.7367325000232086,0.01201647974364839,0.01201647974364839,-0.010989010989007397,-0.03418803418803407,1
1.7384232000331394,0.01201647974364839,0.01201647974364839,-0.010989010989007397,-0.03418803418803407,1
1.7397671000217088,0.01201647974364839,0.01201647974364839,-0.010989010989007397,-0.03418803418803407,1
1.7414218000485562,0.01201647974364839,0.01201647974364839,-0.010989010989007397,-0.03418803418803407,1
1.7430974000017159,0.01201647974364839,0.01201647974364839,-0.010989010989007397,-0.03418803418803407,1
1.7446782000479288,0.01201647974364839,0.01201647974364839,-0.010989010989007397,-0.03418803418803407,1
1.7463366000447422,0.01201647974364839,0.01201647974364839,-0.010989010989007397,-0.03418803418803407,1
1.7479509000550024,0.01201647974364839,0.01201647974364839,-0.010989010989007397,-0.03418803418803407,1
1.7496122000156902,0.01201647974364839,0.01201647974364839,-0.010989010989007397,-0.03418803418803407,1
1.7512887000339106,0.01201647974364839,0.01201647974364839,-0.010989010989007397,-0.03418803418803407,1
1.752997100003995,0.01201647974364839,0.01201647974364839,-0.010989010989007397,-0.03418803418803407,1
1.754532899998594,0.01201647974364839,0.01201647974364839,-0.010989010989007397,-0.03418803418803407,1
1.756134600029327,0.01201647974364839,0.01201647974364839,-0.010989010989007397,-0.03418803418803407,1
1.7577145000104792,0.01201647974364839,0.01201647974364839,-0.010989010989007397,-0.03418803418803407,1
1.759228200011421,0.01201647974364839,0.01201647974364839,-0.010989010989007397,-0.03418803418803407,1
1.7607400999986567,0.01201647974364839,0.01201647974364839,-0.010989010989007397,-0.03418803418803407,1
1.7623558000195771,0.01201647974364839,0.01201647974364839,-0.010989010989007397,-0.03418803418803407,1
1.764016300032381,0.01201647974364839,0.01201647974364839,-0.010989010989007397,-0.03418803418803407,1
1.765590200026054,0.01201647974364839,0.01201647974364839,-0.010989010989007397,-0.03418803418803407,1
1.7673147000023164,0.01201647974364839,0.01201647974364839,-0.010989010989007397,-0.03418803418803407,1
1.7690182000515051,0.01201647974364839,0.01201647974364839,-0.010989010989007397,-0.03418803418803407,1
1.7706828000373207,0.01201647974364839,0.01201647974364839,-0.010989010989007397,-0.03418803418803407,1
1.772341400035657,0.01201647974364839,0.01201647974364839,-0.010989010989007397,-0.03418803418803407,1
1.7740217000246048,0.01201647974364839,0.01201647974364839,-0.010989010989007397,-0.03418803418803407,1
1.7754706999985501,0.01201647974364839,0.01201647974364839,-0.010989010989007397,-0.03418803418803407,1
1.7770842000027187,0.01201647974364839,0.01201647974364839,-0.010989010989007397,-0.03418803418803407,1
1.7787712000426836,0.01201647974364839,0.01201647974364839,-0.010989010989007397,-0.03418803418803407,1
1.7803844000445679,0.01201647974364839,0.01201647974364839,-0.010989010989007397,-0.03418803418803407,1
1.781957200029865,0.01201647974364839,0.01201647974364839,-0.010989010989007397,-0.03418803418803407,1
1.7835960000520572,0.01201647974364839,0.01201647974364839,-0.010989010989007397,-0.03418803418803407,1
1.7851215000264347,0.01201647974364839,0.01201647974364839,-0.010989010989007397,-0.03418803418803407,1
1.786734500026796,0.01201647974364839,0.01201647974364839,-0.010989010989007397,-0.03418803418803407,1
1.7884198000538163,0.01201647974364839,0.01201647974364839,-0.010989010989007397,-0.03418803418803407,1
1.790038800041657,0.01201647974364839,0.01201647974364839,-0.010989010989007397,-0.03418803418803407,1
1.7916350000305101,0.01201647974364839,0.01201647974364839,-0.010989010989007397,-0.03418803418803407,1
1.793301900033839,0.01201647974364839,0.01201647974364839,-0.010989010989007397,-0.03418803418803407,1
1.79480880004121,0.01201647974364839,0.01201647974364839,-0.010989010989007397,-0.03418803418803407,1
1.7964092000038363,0.01201647974364839,0.01201647974364839,-0.010989010989007397,-0.03418803418803407,1
1.7980217000003904,0.01201647974364839,0.01201647974364839,-0.010989010989007397,-0.03418803418803407,1
1.79966170003172,0.01201647974364839,0.01201647974364839,-0.010989010989007397,-0.03418803418803407,1
1.801300200051628,0.01201647974364839,0.01201647974364839,-0.010989010989007397,-0.03418803418803407,1
1.803064700041432,0.01201647974364839,0.01201647974364839,-0.010989010989007397,-0.03418803418803407,1
1.8046566999983042,0.01201647974364839,0.01201647974364839,-0.010989010989007397,-0.03418803418803407,1
1.806257500022184,0.01201647974364839,0.01201647974364839,-0.010989010989007397,-0.03418803418803407,1
1.808039200026542,0.01201647974364839,0.01201647974364839,-0.010989010989007397,-0.03418803418803407,1
1.8093418000498787,0.01201647974364839,0.01201647974364839,-0.010989010989007397,-0.03418803418803407,1
1.8109553000540473,0.01201647974364839,0.01201647974364839,-0.010989010989007397,-0.03418803418803407,1
1.8125806000316516,0.01201647974364839,0.01201647974364839,-0.010989010989007397,-0.03418803418803407,1
1.8141529000131413,0.01201647974364839,0.01201647974364839,-0.010989010989007397,-0.03418803418803407,1
1.815699200029485,0.01201647974364839,0.01201647974364839,-0.010989010989007397,-0.03418803418803407,1
1.8171743000275455,0.01201647974364839,0.01201647974364839,-0.010989010989007397,-0.03418803418803407,1
1.8188147000037134,0.01201647974364839,0.01201647974364839,-0.010989010989007397,-0.03418803418803407,1
1.820410400046967,0.01201647974364839,0.01201647974364839,-0.010989010989007397,-0.03418803418803407,1
1.822017099999357,0.01201647974364839,0.01201647974364839,-0.010989010989007397,-0.03418803418803407,1
1.8236372000537813,0.01201647974364839,0.01201647974364839,-0.010989010989007397,-0.03418803418803407,1
1.8251407000352629,0.01201647974364839,0.01201647974364839,-0.010989010989007397,-0.03418803418803407,1
1.8267091000452638,0.01201647974364839,0.01201647974364839,-0.010989010989007397,-0.03418803418803407,1
1.8283817000337876,0.01201647974364839,0.01201647974364839,-0.010989010989007397,-0.03418803418803407,1
1.8300757000106387,0.01201647974364839,0.01201647974364839,-0.010989010989007397,-0.03418803418803407,1
1.8317076000384986,0.01201647974364839,0.01201647974364839,-0.010989010989007397,-0.03418803418803407,1
1.833430099999532,0.01201647974364839,0.01201647974364839,-0.010989010989007397,-0.03418803418803407,1
1.834962800028734,0.01201647974364839,0.01201647974364839,-0.010989010989007397,-0.03418803418803407,1
1.8365834000287578,0.01201647974364839,0.01201647974364839,-0.010989010989007397,-0.03418803418803407,1
1.8382737000356428,0.01201647974364839,0.01201647974364839,-0.010989010989007397,-0.03418803418803407,1
1.8399374000146054,0.01201647974364839,0.01201647974364839,-0.010989010989007397,-0.03418803418803407,1
1.8415476000518538,0.01201647974364839,0.01201647974364839,-0.010989010989007397,-0.03418803418803407,1
1.8433912000036798,0.01201647974364839,0.01201647974364839,-0.010989010989007397,-0.03418803418803407,1
1.8449454000219703,0.01201647974364839,0.01201647974364839,-0.010989010989007397,-0.03418803418803407,1
1.8465926000499167,0.01201647974364839,0.01201647974364839,-0.010989010989007397,-0.03418803418803407,1
1.8483392000198364,0.01201647974364839,0.01201647974364839,-0.010989010989007397,-0.03418803418803407,1
1.8499557000468485,0.01201647974364839,0.01201647974364839,-0.010989010989007397,-0.03418803418803407,1
1.8514919000444934,0.01201647974364839,0.01201647974364839,-0.010989010989007397,-0.03418803418803407,1
1.8531946000293829,0.01201647974364839,0.01201647974364839,-0.010989010989007397,-0.03418803418803407,1
1.8547045000013895,0.01201647974364839,0.01201647974364839,-0.010989010989007397,-0.03418803418803407,1
1.856276600039564,0.01201647974364839,0.01201647974364839,-0.010989010989007397,-0.03418803418803407,1
1.8578784000128508,0.01201647974364839,0.01201647974364839,-0.010989010989007397,-0.03418803418803407,1
1.8595400000340305,0.01201647974364839,0.01201647974364839,-0.010989010989007397,-0.03418803418803407,1
1.8611389000434428,0.01201647974364839,0.01201647974364839,-0.010989010989007397,-0.03418803418803407,1
1.862451000022702,0.01201647974364839,0.01201647974364839,-0.010989010989007397,-0.03418803418803407,1
1.8640722000272945,0.01201647974364839,0.01201647974364839,-0.010989010989007397,-0.03418803418803407,1
1.8655756000080146,0.01201647974364839,0.01201647974364839,-0.010989010989007397,-0.03418803418803407,1
1.8670328000443988,0.01201647974364839,0.01201647974364839,-0.010989010989007397,-0.03418803418803407,1
1.8687076000496745,0.01201647974364839,0.01201647974364839,-0.010989010989007397,-0.03418803418803407,1
1.8701565000228584,0.01201647974364839,0.01201647974364839,-0.010989010989007397,-0.03418803418803407,1
1.8714821000467055,0.01201647974364839,0.01201647974364839,-0.010989010989007397,-0.03418803418803407,1
1.8731451000203378,0.01201647974364839,0.01201647974364839,-0.010989010989007397,-0.03418803418803407,1
1.874684500042349,0.01201647974364839,0.01201647974364839,-0.010989010989007397,-0.03418803418803407,1
1.8763338000280783,0.01201647974364839,0.01201647974364839,-0.010989010989007397,-0.03418803418803407,1
1.8776858000201173,0.01201647974364839,0.01201647974364839,-0.010989010989007397,-0.03418803418803407,1
1.87932860001456,0.01201647974364839,0.01201647974364839,-0.010989010989007397,-0.03418803418803407,1
1.8810792000149377,0.01201647974364839,0.01201647974364839,-0.010989010989007397,-0.03418803418803407,1
1.8825550000183284,0.01201647974364839,0.01201647974364839,-0.010989010989007397,-0.03418803418803407,1
1.8840632000355981,0.01201647974364839,0.01201647974364839,-0.010989010989007397,-0.03418803418803407,1
1.8855740000144579,0.01201647974364839,0.01201647974364839,-0.010989010989007397,-0.03418803418803407,1
1.8870105000096373,0.01201647974364839,0.01201647974364839,-0.010989010989007397,-0.03418803418803407,1
1.8885730000329204,0.01201647974364839,0.01201647974364839,-0.010989010989007397,-0.03418803418803407,1
1.8902596000116318,0.01201647974364839,0.01201647974364839,-0.010989010989007397,-0.03418803418803407,1
1.8914383000228554,0.01201647974364839,0.01201647974364839,-0.010989010989007397,-0.03418803418803407,1
1.8930316000478342,0.01201647974364839,0.01201647974364839,-0.010989010989007397,-0.03418803418803407,1
1.894537800049875,0.01201647974364839,0.01201647974364839,-0.010989010989007397,-0.03418803418803407,1
1.8961676000035368,0.01201647974364839,0.01201647974364839,-0.010989010989007397,-0.03418803418803407,1
1.897870300046634,0.01201647974364839,0.01201647974364839,-0.010989010989007397,-0.03418803418803407,1
1.89953770005377,0.01201647974364839,0.01201647974364839,-0.010989010989007397,-0.03418803418803407,1
1.9011978000053205,0.01201647974364839,0.01201647974364839,-0.010989010989007397,-0.03418803418803407,1
1.902773600013461,0.01201647974364839,0.01201647974364839,-0.010989010989007397,-0.03418803418803407,1
1.9043813000316732,0.01201647974364839,0.01201647974364839,-0.010989010989007397,-0.03418803418803407,1
1.9055474000051618,0.01201647974364839,0.01201647974364839,-0.010989010989007397,-0.03418803418803407,1
1.9071434000506997,0.01201647974364839,0.01201647974364839,-0.010989010989007397,-0.03418803418803407,1
1.9087499000015669,0.01201647974364839,0.01201647974364839,-0.010989010989007397,-0.03418803418803407,1
1.9104490000172518,0.01201647974364839,0.01201647974364839,-0.010989010989007397,-0.03418803418803407,1
1.9120573000400327,0.01201647974364839,0.01201647974364839,-0.010989010989007397,-0.03418803418803407,1
1.9137901000212878,0.01201647974364839,0.01201647974364839,-0.010989010989007397,-0.03418803418803407,1
1.9152747000334784,0.01201647974364839,0.01201647974364839,-0.010989010989007397,-0.03418803418803407,1
1.9168707000208087,0.01201647974364839,0.01201647974364839,-0.010989010989007397,-0.03418803418803407,1
1.9185237000347115,0.01201647974364839,0.01201647974364839,-0.010989010989007397,-0.03418803418803407,1
1.9201675000367686,0.01201647974364839,0.01201647974364839,-0.010989010989007397,-0.03418803418803407,1
1.921732900023926,0.01201647974364839,0.01201647974364839,-0.010989010989007397,-0.03418803418803407,1
1.923402700049337,0.01201647974364839,0.01201647974364839,-0.010989010989007397,-0.03418803418803407,1
1.9249047000193968,0.01201647974364839,0.01201647974364839,-0.010989010989007397,-0.03418803418803407,1
1.926682300050743,0.01201647974364839,0.01201647974364839,-0.010989010989007397,-0.03418803418803407,1
1.9280302000115626,0.01201647974364839,0.01201647974364839,-0.010989010989007397,-0.0439560439560438,1
1.9296140000224113,0.01201647974364839,0.01201647974364839,-0.010989010989007397,-0.0439560439560438,1
1.93121540005086,0.01201647974364839,0.01201647974364839,-0.010989010989007397,-0.0439560439560438,1
1.9328159000142477,0.01201647974364839,0.01201647974364839,-0.010989010989007397,-0.0439560439560438,1
1.9344740000087768,0.01201647974364839,0.01201647974364839,-0.010989010989007397,-0.0439560439560438,1
1.9361126000294462,0.01201647974364839,0.01201647974364839,-0.010989010989007397,-0.0439560439560438,1
1.9377921000123024,0.01201647974364839,0.01201647974364839,-0.010989010989007397,-0.0439560439560438,1
1.9395402000518516,0.01201647974364839,0.01201647974364839,-0.010989010989007397,-0.0439560439560438,1
1.9411731000291184,0.01201647974364839,0.01201647974364839,-0.010989010989007397,-0.0439560439560438,1
1.9428187000448816,0.01201647974364839,0.01201647974364839,-0.010989010989007397,-0.0439560439560438,1
1.9446597000351176,0.01201647974364839,0.01201647974364839,-0.010989010989007397,-0.0439560439560438,1
1.946239200013224,0.01201647974364839,0.01201647974364839,-0.010989010989007397,-0.0439560439560438,1
1.9480012000421993,0.01201647974364839,0.01201647974364839,-0.010989010989007397,-0.0439560439560438,1
1.949595300015062,0.01201647974364839,0.01201647974364839,-0.010989010989007397,-0.0439560439560438,1
1.9512021000264212,0.01201647974364839,0.01201647974364839,-0.010989010989007397,-0.0439560439560438,1
1.9525141000049189,0.01201647974364839,0.01201647974364839,-0.010989010989007397,-0.0439560439560438,1
1.9541144000249915,0.01201647974364839,0.01201647974364839,-0.010989010989007397,-0.0439560439560438,1
1.955662000051234,0.01201647974364839,0.01201647974364839,-0.010989010989007397,-0.0439560439560438,1
1.9570267000235617,0.01201647974364839,0.01201647974364839,-0.010989010989007397,-0.0439560439560438,1
1.9586638000328094,0.01201647974364839,0.01201647974364839,-0.010989010989007397,-0.0439560439560438,1
1.9601396000362001,0.01201647974364839,0.01201647974364839,-0.010989010989007397,-0.0439560439560438,1
1.9616440000245348,0.01201647974364839,0.01201647974364839,-0.010989010989007397,-0.0439560439560438,1
1.963247500010766,0.01201647974364839,0.01201647974364839,-0.010989010989007397,-0.0439560439560438,1
1.9647529000067152,0.01201647974364839,0.01201647974364839,-0.010989010989007397,-0.0439560439560438,1
1.966334900003858,0.01201647974364839,0.01201647974364839,-0.010989010989007397,-0.0439560439560438,1
1.968029200041201,0.01201647974364839,0.01201647974364839,-0.010989010989007397,-0.0439560439560438,1
1.9697391000227071,0.01201647974364839,0.01201647974364839,-0.010989010989007397,-0.0439560439560438,1
1.9713613000349142,0.01201647974364839,0.01201647974364839,-0.010989010989007397,-0.0439560439560438,1
1.973020700039342,0.01201647974364839,0.01201647974364839,-0.010989010989007397,-0.0439560439560438,1
1.9745537000126205,0.01201647974364839,0.01201647974364839,-0.010989010989007397,-0.0439560439560438,1
1.9761442000162788,0.01201647974364839,0.01201647974364839,-0.010989010989007397,-0.0439560439560438,1
1.9780002000043169,0.01201647974364839,0.01201647974364839,-0.010989010989007397,-0.0439560439560438,1
1.9796540000243112,0.01201647974364839,0.01201647974364839,-0.010989010989007397,-0.0439560439560438,1
1.9813530000392348,0.01201647974364839,0.01201647974364839,-0.010989010989007397,-0.0439560439560438,1
1.983055200020317,0.01201647974364839,0.01201647974364839,-0.010989010989007397,-0.0439560439560438,1
1.9846185000496916,0.01201647974364839,0.01201647974364839,-0.010989010989007397,-0.0439560439560438,1
1.986106100026518,0.01201647974364839,0.01201647974364839,-0.010989010989007397,-0.0439560439560438,1
1.987421500030905,0.01201647974364839,0.01201647974364839,-0.010989010989007397,-0.0439560439560438,1
1.98892800003523,0.01201647974364839,0.01201647974364839,-0.010989010989007397,-0.0439560439560438,1
1.9906631000339985,0.01201647974364839,0.01201647974364839,-0.010989010989007397,-0.0439560439560438,1
1.992295500007458,0.01201647974364839,0.01201647974364839,-0.010989010989007397,-0.0439560439560438,1
1.9939050000393763,0.01201647974364839,0.01201647974364839,-0.010989010989007397,-0.0439560439560438,1
1.9954025000333786,0.01201647974364839,0.01201647974364839,-0.010989010989007397,-0.0439560439560438,1
1.996986200043466,0.01201647974364839,0.01201647974364839,-0.010989010989007397,-0.0439560439560438,1
1.9985948000103235,0.01201647974364839,0.01201647974364839,-0.010989010989007397,-0.0439560439560438,1
2.0001909999991767,0.01201647974364839,0.01201647974364839,-0.010989010989007397,-0.0439560439560438,1
2.001804700004868,0.01201647974364839,0.01201647974364839,-0.010989010989007397,-0.0439560439560438,1
2.0035197000252083,0.01201647974364839,0.01201647974364839,-0.010989010989007397,-0.0439560439560438,1
2.004976299998816,0.01201647974364839,0.01201647974364839,-0.010989010989007397,-0.0439560439560438,1
2.0065951000433415,0.01201647974364839,0.01201647974364839,-0.010989010989007397,-0.0439560439560438,1
2.0082093000528403,0.01201647974364839,0.01201647974364839,-0.010989010989007397,-0.0439560439560438,1
2.009841100021731,0.01201647974364839,0.01201647974364839,-0.010989010989007397,-0.0439560439560438,1
2.0114559000357985,0.01201647974364839,0.01201647974364839,-0.010989010989007397,-0.0439560439560438,1
2.013092500041239,0.01201647974364839,0.01201647974364839,-0.010989010989007397,-0.0439560439560438,1
2.0146643000189215,0.01201647974364839,0.01201647974364839,-0.010989010989007397,-0.0439560439560438,1
2.0163973000016995,0.01201647974364839,0.01201647974364839,-0.010989010989007397,-0.0439560439560438,1
2.018283200042788,0.01201647974364839,0.01201647974364839,-0.010989010989007397,-0.0439560439560438,1
2.0194465000531636,0.01201647974364839,0.01201647974364839,-0.010989010989007397,-0.0439560439560438,1
2.0211850000196137,0.01201647974364839,0.01201647974364839,-0.010989010989007397,-0.0439560439560438,1
2.022564900049474,0.01201647974364839,0.01201647974364839,-0.010989010989007397,-0.0439560439560438,1
2.0242208000272512,0.01201647974364839,0.01201647974364839,-0.010989010989007397,-0.0439560439560438,1
2.0257463000016287,0.01201647974364839,0.01201647974364839,-0.010989010989007397,-0.0439560439560438,1
2.0295945000252686,0.01201647974364839,0.01201647974364839,-0.010989010989007397,-0.0439560439560438,1
2.03120820003096,0.01201647974364839,0.01201647974364839,-0.010989010989007397,-0.0439560439560438,1
2.03255560004618,0.01201647974364839,0.01201647974364839,-0.010989010989007397,-0.0439560439560438,1
2.0338489999994636,0.01201647974364839,0.01201647974364839,-0.010989010989007397,-0.0439560439560438,1
2.035388400021475,0.01201647974364839,0.01201647974364839,-0.010989010989007397,-0.0439560439560438,1
2.0372128000017256,0.01201647974364839,0.01201647974364839,-0.010989010989007397,-0.0439560439560438,1
2.0385163000319153,0.01201647974364839,0.01201647974364839,0.010989010989007397,-0.0439560439560438,1
2.040208100050222,0.01201647974364839,0.01201647974364839,0.010989010989007397,-0.0439560439560438,1
2.04152410000097,0.01201647974364839,0.01201647974364839,0.010989010989007397,-0.0439560439560438,1
2.0431993000092916,0.01201647974364839,0.01201647974364839,0.010989010989007397,-0.0439560439560438,1
2.044709700043313,0.01201647974364839,0.01201647974364839,0.010989010989007397,-0.0439560439560438,1
2.046403600019403,0.01201647974364839,0.01201647974364839,0.010989010989007397,-0.0439560439560438,1
2.0477106000180356,0.01201647974364839,0.01201647974364839,0.010989010989007397,-0.0439560439560438,1
2.0492195000406355,0.01201647974364839,0.01201647974364839,0.010989010989007397,-0.0439560439560438,1
2.050943400012329,0.01201647974364839,0.01201647974364839,0.010989010989007397,-0.0439560439560438,1
2.0527084000059403,0.01201647974364839,0.01201647974364839,0.010989010989007397,-0.0439560439560438,1
2.054145800007973,0.01201647974364839,0.01201647974364839,0.010989010989007397,-0.0439560439560438,1
2.0559407000546344,0.01201647974364839,0.01201647974364839,0.010989010989007397,-0.0439560439560438,1
2.0581012000329792,0.01201647974364839,0.01201647974364839,0.010989010989007397,-0.0439560439560438,1
2.0598792000091635,0.01201647974364839,0.01201647974364839,0.010989010989007397,-0.0439560439560438,1
2.0615232000127435,0.01201647974364839,0.01201647974364839,0.010989010989007397,-0.0439560439560438,1
2.0633442000253126,0.01201647974364839,0.01201647974364839,0.010989010989007397,-0.0439560439560438,1
2.064840800012462,0.01201647974364839,0.01201647974364839,0.010989010989007397,-0.0439560439560438,1
2.066497400053777,0.01201647974364839,0.01201647974364839,0.010989010989007397,-0.0439560439560438,1
2.0682440000236966,0.01201647974364839,0.01201647974364839,0.010989010989007397,-0.0439560439560438,1
2.06999360001646,0.01201647974364839,0.01201647974364839,0.010989010989007397,-0.0439560439560438,1
2.0715998000232503,0.01201647974364839,0.01201647974364839,0.010989010989007397,-0.0439560439560438,1
2.0732449000352062,0.01201647974364839,0.01201647974364839,0.010989010989007397,-0.0439560439560438,1
2.074758600036148,0.01201647974364839,0.01201647974364839,0.010989010989007397,-0.0439560439560438,1
2.076387400040403,0.01201647974364839,0.01201647974364839,0.010989010989007397,-0.0439560439560438,1
2.0780291000264697,0.01201647974364839,0.01201647974364839,0.010989010989007397,-0.0439560439560438,1
2.0796380000538193,0.01201647974364839,0.01201647974364839,0.010989010989007397,-0.0439560439560438,1
2.0812520000035875,0.01201647974364839,0.01201647974364839,0.010989010989007397,-0.0439560439560438,1
2.082889300014358,0.01201647974364839,0.01201647974364839,0.010989010989007397,-0.0439560439560438,1
2.0846449000528082,0.01201647974364839,0.01201647974364839,0.010989010989007397,-0.0439560439560438,1
2.086266500002239,0.01201647974364839,0.01201647974364839,0.010989010989007397,-0.0439560439560438,1
2.0876526000211015,0.01201647974364839,0.01201647974364839,0.010989010989007397,-0.0439560439560438,1
2.0891624000505544,0.01201647974364839,0.01201647974364839,0.010989010989007397,-0.0439560439560438,1
2.0907742000417784,0.01201647974364839,0.01201647974364839,0.010989010989007397,-0.0439560439560438,1
2.092411700054072,0.01201647974364839,0.01201647974364839,0.010989010989007397,-0.0439560439560438,1
2.094010300002992,0.01201647974364839,0.01201647974364839,0.010989010989007397,-0.0439560439560438,1
2.095555800013244,0.01201647974364839,0.01201647974364839,0.010989010989007397,-0.0439560439560438,1
2.097138500015717,0.01201647974364839,0.01201647974364839,0.010989010989007397,-0.0439560439560438,1
2.0987425000057556,0.01201647974364839,0.01201647974364839,0.010989010989007397,-0.0439560439560438,1
2.1005026000202633,0.01201647974364839,0.01201647974364839,0.010989010989007397,-0.0439560439560438,1
2.102111100044567,0.01201647974364839,0.01201647974364839,0.010989010989007397,-0.0439560439560438,1
2.103780400007963,0.01201647974364839,0.01201647974364839,0.010989010989007397,-0.0439560439560438,1
2.105245000042487,0.01201647974364839,0.01201647974364839,0.010989010989007397,-0.0439560439560438,1
2.10652300005313,0.01201647974364839,0.01201647974364839,0.010989010989007397,-0.0439560439560438,1
2.108195200038608,0.01201647974364839,0.01201647974364839,0.010989010989007397,-0.0439560439560438,1
2.1098968000151217,0.01201647974364839,0.01201647974364839,0.010989010989007397,-0.0439560439560438,1
2.1114012000034563,0.01201647974364839,0.01201647974364839,0.010989010989007397,-0.0439560439560438,1
2.11302730004536,0.01201647974364839,0.01201647974364839,0.010989010989007397,-0.0439560439560438,1
2.1145328000420704,0.01201647974364839,0.01201647974364839,0.010989010989007397,-0.0439560439560438,1
2.116223000048194,0.01201647974364839,0.01201647974364839,0.010989010989007397,-0.0439560439560438,1
2.118305000010878,0.01201647974364839,0.01201647974364839,0.010989010989007397,-0.0439560439560438,1
2.119961200049147,0.01201647974364839,0.01201647974364839,0.010989010989007397,-0.0439560439560438,1
2.1214021000196226,0.01201647974364839,0.01201647974364839,0.010989010989007397,-0.0439560439560438,1
2.1230102000408806,0.01201647974364839,0.01201647974364839,0.010989010989007397,-0.0439560439560438,1
2.1246209000237286,0.01201647974364839,0.01201647974364839,0.010989010989007397,-0.0439560439560438,1
2.126127000025008,0.01201647974364839,0.01201647974364839,0.010989010989007397,-0.0439560439560438,1
2.127844800008461,0.01201647974364839,0.01201647974364839,0.010989010989007397,-0.0439560439560438,1
2.129507600038778,0.01201647974364839,0.01201647974364839,0.010989010989007397,-0.0439560439560438,1
2.1311865000170656,0.01201647974364839,0.01201647974364839,0.010989010989007397,-0.0439560439560438,1
2.1327468000235967,0.01201647974364839,0.01201647974364839,0.010989010989007397,-0.0439560439560438,1
2.134350300009828,0.01201647974364839,0.01201647974364839,0.010989010989007397,-0.0439560439560438,1
2.135601200046949,0.01201647974364839,0.01201647974364839,0.010989010989007397,-0.0439560439560438,1
2.137214500049595,0.01201647974364839,0.01201647974364839,0.010989010989007397,-0.0439560439560438,1
2.1388615000178106,0.01201647974364839,0.01201647974364839,0.010989010989007397,-0.0439560439560438,1
2.1405143000301905,0.01201647974364839,0.01201647974364839,0.010989010989007397,-0.0439560439560438,1
2.142164600023534,0.01201647974364839,0.01201647974364839,0.010989010989007397,-0.0439560439560438,1
2.1437599000055343,0.01201647974364839,0.01201647974364839,0.010989010989007397,-0.0439560439560438,1
2.1452648999984376,0.01201647974364839,0.01201647974364839,0.010989010989007397,-0.0439560439560438,1
2.1468763000448234,0.01201647974364839,0.01201647974364839,0.010989010989007397,-0.0439560439560438,1
2.1486368000041693,0.01201647974364839,0.01201647974364839,0.010989010989007397,-0.03418803418803407,1
2.1502059000195004,0.01201647974364839,0.01201647974364839,0.010989010989007397,-0.03418803418803407,1
2.1514356000116095,0.01201647974364839,0.01201647974364839,0.010989010989007397,-0.03418803418803407,1
2.1531442000414245,0.01201647974364839,0.01201647974364839,0.010989010989007397,-0.03418803418803407,1
2.1547025000327267,0.01201647974364839,0.01201647974364839,0.010989010989007397,-0.03418803418803407,1
2.156333800056018,0.01201647974364839,0.01201647974364839,0.010989010989007397,-0.03418803418803407,1
2.1579547000001185,0.01201647974364839,0.01201647974364839,0.010989010989007397,-0.03418803418803407,1
2.159683200006839,0.01201647974364839,0.01201647974364839,0.010989010989007397,-0.03418803418803407,1
2.161369800043758,0.01201647974364839,0.01201647974364839,0.010989010989007397,-0.03418803418803407,1
2.1632729000411928,0.01201647974364839,0.01201647974364839,0.010989010989007397,-0.03418803418803407,1
2.1646940000355244,0.01201647974364839,0.01201647974364839,0.010989010989007397,-0.03418803418803407,1
2.1663167000515386,0.01201647974364839,0.01201647974364839,0.010989010989007397,-0.03418803418803407,1
2.16803440003423,0.01201647974364839,0.01201647974364839,0.010989010989007397,-0.03418803418803407,1
2.1697087000356987,0.01201647974364839,0.01201647974364839,0.010989010989007397,-0.03418803418803407,1
2.1713848000508733,0.01201647974364839,0.01201647974364839,0.010989010989007397,-0.03418803418803407,1
2.17310010001529,0.01201647974364839,0.01201647974364839,0.010989010989007397,-0.03418803418803407,1
2.1746215000166558,0.01201647974364839,0.01201647974364839,0.010989010989007397,-0.03418803418803407,1
2.176323100051377,0.01201647974364839,0.01201647974364839,0.010989010989007397,-0.03418803418803407,1
2.178170900035184,0.01201647974364839,0.01201647974364839,0.010989010989007397,-0.03418803418803407,1
2.179795000003651,0.01201647974364839,0.01201647974364839,0.010989010989007397,-0.03418803418803407,1
2.1815333000267856,0.01201647974364839,0.01201647974364839,0.010989010989007397,-0.03418803418803407,1
2.183201000036206,0.01201647974364839,0.01201647974364839,0.010989010989007397,-0.03418803418803407,1
2.184683400031645,0.01201647974364839,0.01201647974364839,0.010989010989007397,-0.03418803418803407,1
2.186263300012797,0.01201647974364839,0.01201647974364839,0.010989010989007397,-0.03418803418803407,1
2.187903800047934,0.01201647974364839,0.01201647974364839,0.010989010989007397,-0.03418803418803407,1
2.1893802999984473,0.01201647974364839,0.01201647974364839,0.010989010989007397,-0.03418803418803407,1
2.1909605000400916,0.01201647974364839,0.01201647974364839,0.010989010989007397,-0.03418803418803407,1
2.1925353000406176,0.01201647974364839,0.01201647974364839,0.010989010989007397,-0.03418803418803407,1
2.1942800000542775,0.01201647974364839,0.01201647974364839,0.010989010989007397,-0.03418803418803407,1
2.1957292000297457,0.01201647974364839,0.01201647974364839,0.010989010989007397,-0.03418803418803407,1
2.1970100000035018,0.01201647974364839,0.01201647974364839,0.010989010989007397,-0.03418803418803407,1
2.198621900053695,0.01201647974364839,0.01201647974364839,0.010989010989007397,-0.03418803418803407,1
2.200213900010567,0.01201647974364839,0.01201647974364839,0.010989010989007397,-0.03418803418803407,1
2.2013672000030056,0.01201647974364839,0.01201647974364839,0.010989010989007397,-0.03418803418803407,1
2.2029966000118293,0.01201647974364839,0.01201647974364839,0.010989010989007397,-0.03418803418803407,1
2.204559900041204,0.01201647974364839,0.01201647974364839,0.010989010989007397,-0.03418803418803407,1
2.2062053000554442,0.01201647974364839,0.01201647974364839,0.010989010989007397,-0.03418803418803407,1
2.2075562000391074,0.01201647974364839,0.01201647974364839,0.010989010989007397,-0.03418803418803407,1
2.209221700031776,0.01201647974364839,0.01201647974364839,0.010989010989007397,-0.03418803418803407,1
2.211014000000432,0.01201647974364839,0.01201647974364839,0.010989010989007397,-0.03418803418803407,1
2.212533700047061,0.01201647974364839,0.01201647974364839,0.010989010989007397,-0.03418803418803407,1
2.21420130005572,0.01201647974364839,0.01201647974364839,0.010989010989007397,-0.03418803418803407,1
2.215788400033489,0.01201647974364839,0.01201647974364839,0.010989010989007397,-0.03418803418803407,1
2.21696140000131,0.01201647974364839,0.01201647974364839,0.010989010989007397,-0.03418803418803407,1
2.218348300026264,0.01201647974364839,0.01201647974364839,0.010989010989007397,-0.03418803418803407,1
2.2199922000290826,0.01201647974364839,0.01201647974364839,0.010989010989007397,-0.03418803418803407,1
2.2216882000211626,0.01201647974364839,0.01201647974364839,0.010989010989007397,-0.03418803418803407,1
2.2233038000413217,0.01201647974364839,0.01201647974364839,0.010989010989007397,-0.03418803418803407,1
2.224878900044132,0.01201647974364839,0.01201647974364839,0.010989010989007397,-0.03418803418803407,1
2.227049400040414,0.01201647974364839,0.01201647974364839,0.010989010989007397,-0.03418803418803407,1
2.2288911000359803,0.01201647974364839,0.01201647974364839,0.010989010989007397,-0.03418803418803407,1
2.2307306000147946,0.01201647974364839,0.01201647974364839,0.010989010989007397,-0.03418803418803407,1
2.2323528000270016,0.01201647974364839,0.01201647974364839,0.010989010989007397,-0.03418803418803407,1
2.2340717000188306,0.01201647974364839,0.01201647974364839,0.010989010989007397,-0.03418803418803407,1
2.2355632000253536,0.01201647974364839,0.01201647974364839,0.010989010989007397,-0.03418803418803407,1
2.237074800010305,0.01201647974364839,0.01201647974364839,0.010989010989007397,-0.03418803418803407,1
2.2393446000060067,0.01201647974364839,0.01201647974364839,0.010989010989007397,-0.03418803418803407,1
2.2405899000004865,0.01201647974364839,0.01201647974364839,0.010989010989007397,-0.03418803418803407,1
2.242425300006289,0.01201647974364839,0.01201647974364839,0.010989010989007397,-0.03418803418803407,1
2.243669800052885,0.01201647974364839,0.01201647974364839,0.010989010989007397,-0.03418803418803407,1
2.2451781000127085,0.01201647974364839,0.01201647974364839,0.010989010989007397,-0.03418803418803407,1
2.24684310000157,0.01201647974364839,0.01201647974364839,0.010989010989007397,-0.03418803418803407,1
2.24863170000026,0.01201647974364839,0.01201647974364839,0.010989010989007397,-0.03418803418803407,1
2.250288700044621,0.01201647974364839,0.01201647974364839,0.010989010989007397,-0.03418803418803407,1
2.2518936000415124,0.01201647974364839,0.01201647974364839,0.010989010989007397,-0.03418803418803407,1
2.2535440000356175,0.01201647974364839,0.01201647974364839,0.010989010989007397,-0.03418803418803407,1
2.2550373000558466,-0.2879835202563516,0.01201647974364839,0.010989010989007397,-0.03418803418803407,1
2.256690100010019,-0.2879835202563516,0.01201647974364839,0.010989010989007397,-0.03418803418803407,1
2.258147300046403,-0.2879835202563516,0.01201647974364839,0.010989010989007397,-0.03418803418803407,1
2.259423300041817,-0.2879835202563516,0.010490577553978753,-0.1868131868131826,-1.5286935286935268,1
2.2610541000030935,-0.2879835202563516,0.010490577553978753,-0.1868131868131826,-1.5286935286935268,1
2.262702400039416,-0.2879835202563516,0.010490577553978753,-0.1868131868131826,-1.5286935286935268,1
2.2643587000202388,-0.2879835202563516,0.010490577553978753,-0.1868131868131826,-1.5286935286935268,1
2.265872100018896,-0.2879835202563516,0.010490577553978753,-0.1868131868131826,-1.5286935286935268,1
2.268227000022307,-0.2879835202563516,0.010490577553978753,-0.1868131868131826,-1.5286935286935268,1
2.2699428000487387,-0.2879835202563516,0.010490577553978753,-0.1868131868131826,-1.5286935286935268,1
2.271717299998272,-0.2879835202563516,0.010490577553978753,-0.1868131868131826,-1.5286935286935268,1
2.2730182000086643,-0.2879835202563516,0.010490577553978753,-0.1868131868131826,-1.5286935286935268,1
2.2747916000080295,-0.2879835202563516,0.010490577553978753,-0.1868131868131826,-1.5286935286935268,1
2.2764076000312343,-0.2879835202563516,0.010490577553978753,-0.1868131868131826,-1.5286935286935268,1
2.2780120000243187,-0.2879835202563516,0.010490577553978753,-0.1868131868131826,-1.5286935286935268,1
2.2796299000037834,-0.2879835202563516,0.010490577553978753,-0.1868131868131826,-1.5286935286935268,1
2.28121770004509,-0.2879835202563516,0.010490577553978753,-0.1868131868131826,-1.5286935286935268,1
2.2828414000105113,-0.2879835202563516,0.010490577553978753,-0.1868131868131826,-1.5286935286935268,1
2.284502500027884,-0.2879835202563516,0.010490577553978753,-0.1868131868131826,-1.5286935286935268,1
2.286308100039605,-0.2879835202563516,0.010490577553978753,-0.1868131868131826,-1.5286935286935268,1
2.2880489000235684,-0.2879835202563516,0.010490577553978753,-0.1868131868131826,-1.5286935286935268,1
2.289530400012154,-0.2879835202563516,0.010490577553978753,-0.1868131868131826,-1.5286935286935268,1
2.2911754000233486,-0.2879835202563516,0.010490577553978753,-0.1868131868131826,-1.5286935286935268,1
2.2924434000160545,-0.2879835202563516,0.010490577553978753,-0.1868131868131826,-1.5286935286935268,1
2.2941172000137158,-0.2879835202563516,0.010490577553978753,-0.1868131868131826,-1.5286935286935268,1
2.2956456000101753,-0.2879835202563516,0.010490577553978753,-0.1868131868131826,-1.5286935286935268,1
2.29728320002323,-0.2879835202563516,0.010490577553978753,-0.1868131868131826,-1.5286935286935268,1
2.298953200050164,-0.2879835202563516,0.010490577553978753,-0.1868131868131826,-1.5286935286935268,1
2.3006339000421576,-0.2879835202563516,0.010490577553978753,-0.1868131868131826,-1.5286935286935268,1
2.3022262000013143,-0.2879835202563516,0.010490577553978753,-0.1868131868131826,-1.5286935286935268,1
2.30386800004635,-0.2879835202563516,0.010490577553978753,-0.1868131868131826,-1.5286935286935268,1
2.305369800014887,-0.2879835202563516,0.010490577553978753,-0.1868131868131826,-1.5286935286935268,1
2.3070578000042588,-0.2879835202563516,0.010490577553978753,-0.1868131868131826,-1.5286935286935268,1
2.308717100007925,-0.2879835202563516,0.010490577553978753,-0.1868131868131826,-1.5286935286935268,1
2.310413100000005,-0.2879835202563516,0.010490577553978753,-0.1868131868131826,-1.5286935286935268,1
2.3121081000426784,-0.2879835202563516,0.010490577553978753,-0.1868131868131826,-1.5286935286935268,1
2.31374599999981,-0.2879835202563516,0.010490577553978753,-0.1868131868131826,-1.5286935286935268,1
2.3152703000232577,-0.2879835202563516,0.010490577553978753,-0.1868131868131826,-1.5286935286935268,1
2.3168671000166796,-0.2879835202563516,0.010490577553978753,-0.1868131868131826,-1.5286935286935268,1
2.318559900042601,-0.2879835202563516,0.010490577553978753,-0.1868131868131826,-1.5286935286935268,1
2.3202719000400975,-0.2879835202563516,0.010490577553978753,-0.1868131868131826,-1.5286935286935268,1
2.32192350004334,-0.2879835202563516,0.010490577553978753,-0.1868131868131826,-1.5286935286935268,1
2.323566400038544,-0.2879835202563516,0.010490577553978753,-0.1868131868131826,-1.5286935286935268,1
2.325079900037963,-0.2879835202563516,0.010490577553978753,-0.1868131868131826,-1.5286935286935268,1
2.3267061000224203,-0.2879835202563516,0.010490577553978753,-0.1868131868131826,-1.5286935286935268,1
2.328212300024461,-0.2879835202563516,0.010490577553978753,-0.1868131868131826,-1.5286935286935268,1
2.329758200037759,-0.2879835202563516,0.010490577553978753,-0.1868131868131826,-1.5286935286935268,1
2.331387900048867,-0.2879835202563516,0.010490577553978753,-0.1868131868131826,-1.5286935286935268,1
2.3329743000213057,-0.2879835202563516,0.010490577553978753,-0.1868131868131826,-1.5286935286935268,1
2.3344807000248693,-0.2879835202563516,0.010490577553978753,-0.1868131868131826,-1.5286935286935268,1
2.3361005000188015,-0.2879835202563516,0.010490577553978753,-0.1868131868131826,-1.5286935286935268,1
2.3378166000475176,-0.2879835202563516,0.010490577553978753,-0.1868131868131826,-1.5286935286935268,1
2.339469700003974,-0.2879835202563516,0.010490577553978753,-0.1868131868131826,-1.5286935286935268,1
2.341155800037086,-0.2879835202563516,0.010490577553978753,-0.1868131868131826,-1.5286935286935268,1
2.3427609000355005,-0.2879835202563516,0.010490577553978753,-0.1868131868131826,-1.5286935286935268,1
2.344402300019283,-0.2879835202563516,0.010490577553978753,-0.1868131868131826,-1.5286935286935268,1
2.3459137000027113,-0.2879835202563516,0.010490577553978753,-0.1868131868131826,-1.5286935286935268,1
2.34759750001831,-0.2879835202563516,0.010490577553978753,-0.1868131868131826,-1.5286935286935268,1
2.34924290003255,-0.2879835202563516,0.010490577553978753,-0.1868131868131826,-1.5286935286935268,1
2.35083680000389,-0.2879835202563516,0.010490577553978753,-0.1868131868131826,-1.5286935286935268,1
2.352444000018295,-0.2879835202563516,0.010490577553978753,-0.1868131868131826,-1.5286935286935268,1
2.3541766999987885,-0.2879835202563516,0.010490577553978753,-0.1868131868131826,-1.5286935286935268,1
2.3557201000512578,-0.2879835202563516,0.010490577553978753,-0.1868131868131826,-1.5286935286935268,1
2.3572003000299446,-0.2879835202563516,0.010490577553978753,-0.1868131868131826,-1.5286935286935268,1
2.358834000013303,-0.2879835202563516,0.010490577553978753,-0.1868131868131826,-1.5286935286935268,1
2.3604590000468306,-0.2879835202563516,0.010490577553978753,-0.1868131868131826,-1.5286935286935268,1
2.3620822000084445,-0.2879835202563516,0.010490577553978753,-0.1868131868131826,-1.5286935286935268,1
2.3637769000488333,-0.2879835202563516,0.010490577553978753,-0.1868131868131826,-1.5286935286935268,1
2.365246700006537,-0.2879835202563516,0.010490577553978753,-0.1868131868131826,-1.5286935286935268,1
2.3668811000534333,-0.2879835202563516,0.010490577553978753,-0.1868131868131826,-1.5286935286935268,1
2.3682974000112154,-0.2879835202563516,0.010490577553978753,-0.1868131868131826,-1.5286935286935268,1
2.3699512000312097,-0.2879835202563516,0.010490577553978753,-0.1868131868131826,-1.5286935286935268,1
2.3713576000300236,-0.2879835202563516,-0.22373540856031227,-1.2857142857142847,0.8058608058608066,1
2.3727173000224866,-0.2879835202563516,-0.22373540856031227,-1.2857142857142847,0.8058608058608066,1
2.3743595000123605,-0.2879835202563516,-0.22373540856031227,-1.2857142857142847,0.8058608058608066,1
2.3759187000105157,-0.2879835202563516,-0.22373540856031227,-1.2857142857142847,0.8058608058608066,1
2.377678500022739,-0.2879835202563516,-0.22373540856031227,-1.2857142857142847,0.8058608058608066,1
2.3793631000444293,-0.2879835202563516,-0.22373540856031227,-1.2857142857142847,0.8058608058608066,1
2.3809977000346407,-0.2879835202563516,-0.22373540856031227,-1.2857142857142847,0.8058608058608066,1
2.3825905000558123,-0.2879835202563516,-0.22373540856031227,-1.2857142857142847,0.8058608058608066,1
2.3842755000223406,-0.2879835202563516,-0.22373540856031227,-1.2857142857142847,0.8058608058608066,1
2.385832300002221,-0.2879835202563516,-0.22373540856031227,-1.2857142857142847,0.8058608058608066,1
2.386963100056164,-0.2879835202563516,-0.22373540856031227,-1.2857142857142847,0.8058608058608066,1
2.388644300051965,-0.2879835202563516,-0.22373540856031227,-1.2857142857142847,0.8058608058608066,1
2.3901433999999426,-0.2879835202563516,-0.22373540856031227,-1.2857142857142847,0.8058608058608066,1
2.391459800011944,-0.2879835202563516,-0.22373540856031227,-1.2857142857142847,0.8058608058608066,1
2.393225400010124,-0.2879835202563516,-0.22373540856031227,-1.2857142857142847,0.8058608058608066,1
2.3947676000534557,-0.2879835202563516,-0.22373540856031227,-1.2857142857142847,0.8058608058608066,1
2.3963974000071175,-0.2879835202563516,-0.22373540856031227,-1.2857142857142847,0.8058608058608066,1
2.3975793000427075,-0.2879835202563516,-0.22373540856031227,-1.2857142857142847,0.8058608058608066,1
2.399209100054577,-0.2879835202563516,-0.22373540856031227,-1.2857142857142847,0.8058608058608066,1
2.40085730003193,-0.2879835202563516,-0.22373540856031227,-1.2857142857142847,0.8058608058608066,1
2.402605500014033,-0.2879835202563516,-0.22373540856031227,-1.2857142857142847,0.8058608058608066,1
2.404253700049594,-0.2879835202563516,-0.22373540856031227,-1.2857142857142847,0.8058608058608066,1
2.4057633000193164,-0.2879835202563516,-0.22373540856031227,-1.2857142857142847,0.8058608058608066,1
2.406939300009981,-0.2879835202563516,-0.22373540856031227,-1.2857142857142847,0.8058608058608066,1
2.408586900040973,-0.2879835202563516,-0.22373540856031227,-1.2857142857142847,0.8058608058608066,1
2.4102043000166304,-0.2879835202563516,-0.22373540856031227,-1.2857142857142847,0.8058608058608066,1
2.411649000016041,-0.2879835202563516,-0.22373540856031227,-1.2857142857142847,0.8058608058608066,1
2.4134451000136323,-0.2879835202563516,-0.22373540856031227,-1.2857142857142847,0.8058608058608066,1
2.4149510000133887,-0.2879835202563516,-0.22373540856031227,-1.2857142857142847,0.8058608058608066,1
2.416535800031852,-0.2879835202563516,-0.22373540856031227,-1.2857142857142847,0.8058608058608066,1
2.4179487000219524,-0.2879835202563516,-0.22373540856031227,-1.2857142857142847,0.8058608058608066,1
2.419614200014621,-0.2879835202563516,-0.22373540856031227,-1.2857142857142847,0.8058608058608066,1
2.4212735000182875,-0.2879835202563516,-0.22373540856031227,-1.2857142857142847,0.8058608058608066,1
2.4229756999993697,-0.2879835202563516,-0.22373540856031227,-1.2857142857142847,0.8058608058608066,1
2.4249941000016406,-0.2879835202563516,-0.22373540856031227,-1.2857142857142847,0.8058608058608066,1
2.4266031000297517,-0.2879835202563516,-0.22373540856031227,-1.2857142857142847,0.8058608058608066,1
2.4282566000474617,-0.2879835202563516,-0.22373540856031227,-1.2857142857142847,0.8058608058608066,1
2.4299127000267617,-0.2879835202563516,-0.22373540856031227,-1.2857142857142847,0.8058608058608066,1
2.431541600031778,-0.2879835202563516,-0.22373540856031227,-1.2857142857142847,0.8058608058608066,1
2.4331875000498258,-0.2879835202563516,-0.22373540856031227,-1.2857142857142847,0.8058608058608066,1
2.4347008000477217,-0.2879835202563516,-0.22373540856031227,-1.2857142857142847,0.8058608058608066,1
2.436330100055784,-0.2879835202563516,-0.22373540856031227,-1.2857142857142847,0.8058608058608066,1
2.4381335000507534,-0.2879835202563516,-0.22373540856031227,-1.2857142857142847,0.8058608058608066,1
2.43975290004164,-0.2879835202563516,-0.22373540856031227,-1.2857142857142847,0.8058608058608066,1
2.441416700021364,-0.2879835202563516,-0.22373540856031227,-1.2857142857142847,0.8058608058608066,1
2.443129900027998,-0.2879835202563516,-0.22373540856031227,-1.2857142857142847,0.8058608058608066,1
2.4446788000059314,-0.2879835202563516,-0.22373540856031227,-1.2857142857142847,0.8058608058608066,1
2.446320300048683,-0.2879835202563516,-0.22373540856031227,-1.2857142857142847,0.8058608058608066,1
2.448101800051518,-0.2879835202563516,-0.22373540856031227,-1.2857142857142847,0.8058608058608066,1
2.449846300005447,-0.2879835202563516,-0.22373540856031227,-1.2857142857142847,0.8058608058608066,1
2.451366500055883,-0.2879835202563516,-0.22373540856031227,-1.2857142857142847,0.8058608058608066,1
2.4531093000550754,-0.2879835202563516,-0.22373540856031227,-1.2857142857142847,0.8058608058608066,1
2.454637900053058,-0.2879835202563516,-0.22373540856031227,-1.2857142857142847,0.8058608058608066,1
2.4562703000265174,-0.2879835202563516,-0.22373540856031227,-1.2857142857142847,0.8058608058608066,1
2.458006800035946,-0.2879835202563516,-0.22373540856031227,-1.2857142857142847,0.8058608058608066,1
2.4596251000184566,-0.2879835202563516,-0.22373540856031227,-1.2857142857142847,0.8058608058608066,1
2.461257100047078,-0.2879835202563516,-0.22373540856031227,-1.2857142857142847,0.8058608058608066,1
2.463069200050086,-0.2879835202563516,-0.22373540856031227,-1.2857142857142847,0.8058608058608066,1
2.4646069000009447,-0.2879835202563516,-0.22373540856031227,-1.2857142857142847,0.8058608058608066,1
2.4662749000126496,-0.2879835202563516,-0.22373540856031227,-1.2857142857142847,0.8058608058608066,1
2.4675414000521414,-0.2879835202563516,-0.22373540856031227,-1.2857142857142847,0.8058608058608066,1
2.46919670002535,-0.2879835202563516,-0.22373540856031227,-1.2857142857142847,0.8058608058608066,1
2.470839400019031,-0.2879835202563516,-0.22373540856031227,-1.2857142857142847,0.8058608058608066,1
2.4725650000036694,-0.2879835202563516,-0.22373540856031227,-1.2857142857142847,0.8058608058608066,1
2.474215100053698,-0.2879835202563516,-0.22373540856031227,-1.2857142857142847,0.8058608058608066,1
2.4757230000104755,-0.2879835202563516,-0.22373540856031227,-1.2857142857142847,0.8058608058608066,1
2.4769723000354134,-0.2879835202563516,-0.22373540856031227,-1.2857142857142847,0.8058608058608066,1
2.4786029000533745,-0.2879835202563516,-0.22373540856031227,-1.2857142857142847,0.8058608058608066,1
2.480252300039865,-0.2879835202563516,-0.22373540856031227,-1.2857142857142847,0.8058608058608066,1
2.48151610000059,-0.2879835202563516,-0.2248798352025645,-1.197802197802197,0.7765567765567774,1
2.4831635000300594,-0.2879835202563516,-0.2702754253452362,-0.1428571428571388,-0.36630036630036855,1
2.484734700003173,-0.2879835202563516,-0.2702754253452362,-0.1428571428571388,-0.36630036630036855,1
2.4863766000489704,-0.2879835202563516,-0.2702754253452362,-0.1428571428571388,-0.36630036630036855,1
2.4878379000001587,-0.2879835202563516,-0.2702754253452362,-0.1428571428571388,-0.36630036630036855,1
2.4892129000509158,-0.2879835202563516,-0.2702754253452362,-0.1428571428571388,-0.36630036630036855,1
2.4908634000457823,-0.2879835202563516,-0.2702754253452362,-0.1428571428571388,-0.36630036630036855,1
2.4925962000270374,-0.2879835202563516,-0.2702754253452362,-0.1428571428571388,-0.36630036630036855,1
2.4942376000108197,-0.2879835202563516,-0.2702754253452362,-0.1428571428571388,-0.36630036630036855,1
2.495781400008127,-0.2879835202563516,-0.2702754253452362,-0.1428571428571388,-0.36630036630036855,1
2.49754720000783,-0.2879835202563516,-0.2702754253452362,-0.1428571428571388,-0.36630036630036855,1
2.4989274000399746,-0.2879835202563516,-0.2702754253452362,-0.1428571428571388,-0.36630036630036855,1
2.5005601000157185,-0.2879835202563516,-0.2702754253452362,-0.1428571428571388,-0.36630036630036855,1
2.5021737000206485,-0.2879835202563516,-0.2702754253452362,-0.1428571428571388,-0.36630036630036855,1
2.503801500017289,-0.2879835202563516,-0.2702754253452362,-0.1428571428571388,-0.36630036630036855,1
2.505285900027957,-0.2879835202563516,-0.2702754253452362,-0.1428571428571388,-0.36630036630036855,1
2.5064174000290222,-0.2879835202563516,-0.2702754253452362,-0.1428571428571388,-0.36630036630036855,1
2.508020300010685,-0.2879835202563516,-0.2702754253452362,-0.1428571428571388,-0.36630036630036855,1
2.5096658000256866,-0.2879835202563516,-0.2702754253452362,-0.1428571428571388,-0.36630036630036855,1
2.5113166000228375,-0.2879835202563516,-0.2702754253452362,-0.1428571428571388,-0.36630036630036855,1
2.51298840000527,-0.2879835202563516,-0.2702754253452362,-0.1428571428571388,-0.36630036630036855,1
2.5163107000407763,-0.2879835202563516,-0.2702754253452362,-0.1428571428571388,-0.36630036630036855,1
2.517470700026024,-0.2879835202563516,-0.2702754253452362,-0.1428571428571388,-0.36630036630036855,1
2.519090200017672,-0.2879835202563516,-0.2702754253452362,-0.1428571428571388,-0.36630036630036855,1
2.520683800044935,-0.2879835202563516,-0.2702754253452362,-0.1428571428571388,-0.36630036630036855,1
2.5223084000172094,-0.2879835202563516,-0.2702754253452362,-0.1428571428571388,-0.36630036630036855,1
2.5239906000206247,-0.2879835202563516,-0.2702754253452362,-0.1428571428571388,-0.36630036630036855,1
2.5255162000539713,-0.2879835202563516,-0.2702754253452362,-0.1428571428571388,-0.36630036630036855,1
2.5272180000320077,-0.2879835202563516,-0.2702754253452362,-0.1428571428571388,-0.36630036630036855,1
2.528750500001479,-0.2879835202563516,-0.2702754253452362,-0.1428571428571388,-0.36630036630036855,1
2.530284800042864,-0.2879835202563516,-0.2702754253452362,-0.1428571428571388,-0.36630036630036855,1
2.5319836000562645,-0.2879835202563516,-0.2702754253452362,-0.1428571428571388,-0.36630036630036855,1
2.5336458000238054,-0.2879835202563516,-0.2702754253452362,-0.1428571428571388,-0.36630036630036855,1
2.5351863000541925,-0.2879835202563516,-0.2702754253452362,-0.1428571428571388,-0.36630036630036855,1
2.536818500026129,-0.2879835202563516,-0.2702754253452362,-0.1428571428571388,-0.36630036630036855,1
2.5384508999995887,-0.2879835202563516,-0.2702754253452362,-0.1428571428571388,-0.36630036630036855,1
2.540183800039813,-0.2879835202563516,-0.2702754253452362,-0.1428571428571388,-0.36630036630036855,1
2.5414427000214346,-0.2879835202563516,-0.2702754253452362,-0.1428571428571388,-0.36630036630036855,1
2.542706200038083,-0.2879835202563516,-0.2702754253452362,-0.1428571428571388,-0.36630036630036855,1
2.5442906000535004,-0.2879835202563516,-0.2702754253452362,-0.1428571428571388,-0.36630036630036855,1
2.5458202000008896,-0.2879835202563516,-0.2702754253452362,-0.1428571428571388,-0.36630036630036855,1
2.5473589000175707,-0.2879835202563516,-0.2702754253452362,-0.1428571428571388,-0.36630036630036855,1
2.5490313000045717,-0.2879835202563516,-0.2702754253452362,-0.1428571428571388,-0.36630036630036855,1
2.5506412000395358,-0.2879835202563516,-0.2702754253452362,-0.1428571428571388,-0.36630036630036855,1
2.55190770002082,-0.2879835202563516,-0.2702754253452362,-0.1428571428571388,-0.36630036630036855,1
2.5535695000435226,-0.2879835202563516,-0.2702754253452362,-0.1428571428571388,-0.36630036630036855,1
2.5550175000098534,-0.2879835202563516,-0.2702754253452362,-0.1428571428571388,-0.36630036630036855,1
2.5566985000041313,-0.2879835202563516,-0.2702754253452362,-0.1428571428571388,-0.36630036630036855,1
2.558276100025978,-0.2879835202563516,-0.2702754253452362,-0.1428571428571388,-0.36630036630036855,1
2.559952300041914,-0.2879835202563516,-0.2702754253452362,-0.1428571428571388,-0.36630036630036855,1
2.5614821000490338,-0.2879835202563516,-0.2702754253452362,-0.1428571428571388,-0.36630036630036855,1
2.5631100000464357,-0.2879835202563516,-0.2702754253452362,-0.1428571428571388,-0.36630036630036855,1
2.5649507000343874,-0.2879835202563516,-0.2702754253452362,-0.1428571428571388,-0.36630036630036855,1
2.5662311000050977,-0.2879835202563516,-0.2702754253452362,-0.1428571428571388,-0.36630036630036855,1
2.567886900040321,-0.2879835202563516,-0.2702754253452362,-0.1428571428571388,-0.36630036630036855,1
2.5695361000252888,-0.2879835202563516,-0.2702754253452362,-0.1428571428571388,-0.36630036630036855,1
2.5711560000199825,-0.2879835202563516,-0.2702754253452362,-0.1428571428571388,-0.36630036630036855,1
2.572873100056313,-0.2879835202563516,-0.2702754253452362,-0.1428571428571388,-0.36630036630036855,1
2.5743847000412643,-0.2879835202563516,-0.2702754253452362,-0.1428571428571388,-0.36630036630036855,1
2.5759049000334926,-0.2879835202563516,-0.2702754253452362,-0.1428571428571388,-0.36630036630036855,1
2.5774497000384144,-0.2879835202563516,-0.2702754253452362,-0.1428571428571388,-0.36630036630036855,1
2.5791878000018187,-0.2879835202563516,-0.2702754253452362,-0.1428571428571388,-0.36630036630036855,1
2.5809246000135317,-0.2879835202563516,-0.2702754253452362,-0.1428571428571388,-0.36630036630036855,1
2.582090000039898,-0.2879835202563516,-0.2702754253452362,-0.1428571428571388,-0.36630036630036855,1
2.5837739999988116,-0.2879835202563516,-0.2702754253452362,-0.1428571428571388,-0.36630036630036855,1
2.5853268000064418,-0.2879835202563516,-0.2702754253452362,-0.1428571428571388,-0.36630036630036855,1
2.5871530000003986,-0.2879835202563516,-0.2702754253452362,-0.1428571428571388,-0.36630036630036855,1
2.5884611000074074,-0.2879835202563516,-0.271038376440071,-0.0329670329670364,-0.5030525030525048,1
2.5900172000401653,-0.2879835202563516,-0.271038376440071,-0.0329670329670364,-0.5030525030525048,1
2.591645900043659,-0.2879835202563516,-0.271038376440071,-0.0329670329670364,-0.5030525030525048,1
2.593270700017456,-0.2879835202563516,-0.271038376440071,-0.0329670329670364,-0.5030525030525048,1
2.5948022000375204,-0.2879835202563516,-0.271038376440071,-0.0329670329670364,-0.5030525030525048,1
2.5964088000473566,-0.2879835202563516,-0.271038376440071,-0.0329670329670364,-0.5030525030525048,1
2.59803680004552,-0.2879835202563516,-0.271038376440071,-0.0329670329670364,-0.5030525030525048,1
2.599625200033188,-0.2879835202563516,-0.271038376440071,-0.0329670329670364,-0.5030525030525048,1
2.601346800045576,-0.2879835202563516,-0.271038376440071,-0.0329670329670364,-0.5030525030525048,1
2.6029801000258885,-0.2879835202563516,-0.271038376440071,-0.0329670329670364,-0.5030525030525048,1
2.6045271000475623,-0.2879835202563516,-0.271038376440071,-0.0329670329670364,-0.5030525030525048,1
2.606213100021705,-0.2879835202563516,-0.271038376440071,-0.0329670329670364,-0.5030525030525048,1
2.607865900034085,-0.2879835202563516,-0.271038376440071,-0.0329670329670364,-0.5030525030525048,1
2.609541200043168,-0.2879835202563516,-0.271038376440071,-0.0329670329670364,-0.5030525030525048,1
2.6112053000251763,-0.2879835202563516,-0.271038376440071,-0.0329670329670364,-0.5030525030525048,1
2.612818200024776,-0.2879835202563516,-0.271038376440071,-0.0329670329670364,-0.5030525030525048,1
2.6148839000379667,-0.2879835202563516,-0.271038376440071,-0.0329670329670364,-0.5030525030525048,1
2.6164873000234365,-0.2879835202563516,-0.271038376440071,-0.0329670329670364,-0.5030525030525048,1
2.6181223000166938,-0.2879835202563516,-0.271038376440071,-0.0329670329670364,-0.5030525030525048,1
2.6198253000038676,-0.2879835202563516,-0.271038376440071,-0.0329670329670364,-0.5030525030525048,1
2.6214104000246152,-0.2879835202563516,-0.271038376440071,-0.0329670329670364,-0.5030525030525048,1
2.6230349000543356,-0.2879835202563516,-0.271038376440071,-0.0329670329670364,-0.5030525030525048,1
2.6247357000247575,-0.2879835202563516,-0.271038376440071,-0.0329670329670364,-0.5030525030525048,1
2.626357300032396,-0.2879835202563516,-0.271038376440071,-0.0329670329670364,-0.5030525030525048,1
2.6279792000423186,-0.2879835202563516,-0.271038376440071,-0.0329670329670364,-0.5030525030525048,1
2.6296966000227258,-0.2879835202563516,-0.271038376440071,-0.0329670329670364,-0.5030525030525048,1
2.6313104000291787,-0.2879835202563516,-0.271038376440071,-0.0329670329670364,-0.5030525030525048,1
2.632995500054676,-0.2879835202563516,-0.271038376440071,-0.0329670329670364,-0.5030525030525048,1
2.634520700026769,-0.2879835202563516,-0.271038376440071,-0.0329670329670364,-0.5030525030525048,1
2.6361414000275545,-0.2879835202563516,-0.271038376440071,-0.0329670329670364,-0.5030525030525048,1
2.637778200034518,-0.2879835202563516,-0.271038376440071,-0.0329670329670364,-0.5030525030525048,1
2.6394336000084877,-0.2879835202563516,-0.271038376440071,-0.0329670329670364,-0.5030525030525048,1
2.6410655000363477,-0.2879835202563516,-0.271038376440071,-0.0329670329670364,-0.5030525030525048,1
2.642783600022085,-0.2879835202563516,-0.271038376440071,-0.0329670329670364,-0.5030525030525048,1
2.644418300013058,-0.2879835202563516,-0.271038376440071,-0.0329670329670364,-0.5030525030525048,1
2.6459573000320233,-0.2879835202563516,-0.271038376440071,-0.0329670329670364,-0.5030525030525048,1
2.6475964999990538,-0.2879835202563516,-0.271038376440071,-0.0329670329670364,-0.5030525030525048,1
2.649230000039097,-0.2879835202563516,-0.271038376440071,-0.0329670329670364,-0.5030525030525048,1
2.650845299998764,-0.2879835202563516,-0.271038376440071,-0.0329670329670364,-0.5030525030525048,1
2.6524588000029325,-0.2879835202563516,-0.271038376440071,-0.0329670329670364,-0.5030525030525048,1
2.6541015000548214,-0.2879835202563516,-0.271038376440071,-0.0329670329670364,-0.5030525030525048,1
2.6556144000496715,-0.2879835202563516,-0.271038376440071,-0.0329670329670364,-0.5030525030525048,1
2.6572746000019833,-0.2879835202563516,-0.271038376440071,-0.0329670329670364,-0.5030525030525048,1
2.6590851000510156,-0.2879835202563516,-0.271038376440071,-0.0329670329670364,-0.5030525030525048,1
2.6607076000072993,-0.2879835202563516,-0.271038376440071,-0.0329670329670364,-0.5030525030525048,1
2.662343800009694,-0.2879835202563516,-0.271038376440071,-0.0329670329670364,-0.5030525030525048,1
2.663525300042238,-0.2879835202563516,-0.271038376440071,-0.0329670329670364,-0.5030525030525048,1
2.665178300056141,-0.2879835202563516,-0.271038376440071,-0.0329670329670364,-0.5030525030525048,1
2.666791399999056,-0.2879835202563516,-0.271038376440071,-0.0329670329670364,-0.5030525030525048,1
2.6683860000339337,-0.2879835202563516,-0.271038376440071,-0.0329670329670364,-0.5030525030525048,1
2.670018800010439,-0.2879835202563516,-0.271038376440071,-0.0329670329670364,-0.5030525030525048,1
2.671325200004503,-0.2879835202563516,-0.271038376440071,-0.0329670329670364,-0.5030525030525048,1
2.6731511000543833,-0.2879835202563516,-0.271038376440071,-0.0329670329670364,-0.5030525030525048,1
2.674695400055498,-0.2879835202563516,-0.271038376440071,-0.0329670329670364,-0.5030525030525048,1
2.6763633000082336,-0.2879835202563516,-0.271038376440071,-0.0329670329670364,-0.5030525030525048,1
2.677973500045482,-0.2879835202563516,-0.271038376440071,-0.0329670329670364,-0.5030525030525048,1
2.6795954000554048,-0.2879835202563516,-0.271038376440071,-0.0329670329670364,-0.5030525030525048,1
2.68123630003538,-0.2879835202563516,-0.271038376440071,-0.0329670329670364,-0.5030525030525048,1
2.6828921000123955,-0.2879835202563516,-0.271038376440071,-0.0329670329670364,-0.5030525030525048,1
2.6843797000474297,-0.2879835202563516,-0.271038376440071,-0.0329670329670364,-0.5030525030525048,1
2.685887300001923,-0.2879835202563516,-0.271038376440071,-0.0329670329670364,-0.5030525030525048,1
2.6870689000352286,-0.2879835202563516,-0.271038376440071,-0.0329670329670364,-0.5030525030525048,1
2.688337500032503,-0.2879835202563516,-0.271038376440071,-0.0329670329670364,-0.5030525030525048,1
2.6899092000094242,-0.2879835202563516,-0.271038376440071,-0.0329670329670364,-0.5030525030525048,1
2.691838300030213,-0.2879835202563516,-0.271038376440071,-0.0329670329670364,-0.5030525030525048,1
2.693645999999717,-0.2879835202563516,-0.271038376440071,-0.0329670329670364,-0.5030525030525048,1
2.6951558000291698,-0.2879835202563516,-0.271038376440071,-0.0329670329670364,-0.5030525030525048,1
2.696458700054791,-0.2879835202563516,-0.271038376440071,-0.0329670329670364,-0.5030525030525048,1
2.6981943999999203,-0.2879835202563516,-0.271038376440071,-0.0329670329670364,-0.5030525030525048,1
2.699491100036539,-0.2879835202563516,-0.271038376440071,-0.0329670329670364,-0.5030525030525048,1
2.7011609000037424,-0.2879835202563516,-0.271038376440071,-0.0329670329670364,-0.5030525030525048,1
2.702526500041131,-0.2879835202563516,-0.271038376440071,-0.0329670329670364,-0.5030525030525048,1
2.704252700030338,-0.2879835202563516,-0.271038376440071,-0.0329670329670364,-0.5030525030525048,1
2.7058560000150464,-0.2879835202563516,-0.271038376440071,-0.010989010989007397,-0.5225885225885243,1
2.707129500049632,-0.2879835202563516,-0.2714198519874884,-0.010989010989007397,-0.5030525030525048,1
2.7088196000549942,-0.2879835202563516,-0.2714198519874884,-0.010989010989007397,-0.5030525030525048,1
2.7105220000375994,-0.2879835202563516,-0.2714198519874884,-0.010989010989007397,-0.5030525030525048,1
2.711829000036232,-0.2879835202563516,-0.2714198519874884,-0.010989010989007397,-0.5030525030525048,1
2.7132571000256576,-0.2879835202563516,-0.2714198519874884,-0.010989010989007397,-0.5030525030525048,1
2.7148182000382803,-0.2879835202563516,-0.2714198519874884,-0.010989010989007397,-0.5030525030525048,1
2.7162632000399753,-0.2879835202563516,-0.2714198519874884,-0.010989010989007397,-0.5030525030525048,1
2.717974800034426,-0.2879835202563516,-0.2714198519874884,-0.010989010989007397,-0.5030525030525048,1
2.7192368000396527,-0.2879835202563516,-0.2714198519874884,-0.010989010989007397,-0.5030525030525048,1
2.7209964000503533,-0.2879835202563516,-0.2714198519874884,-0.010989010989007397,-0.5030525030525048,1
2.722527500009164,-0.2879835202563516,-0.2714198519874884,-0.010989010989007397,-0.5030525030525048,1
2.7242006000014953,-0.2879835202563516,-0.2714198519874884,-0.010989010989007397,-0.5030525030525048,1
2.725725600030273,-0.2879835202563516,-0.2714198519874884,-0.010989010989007397,-0.5030525030525048,1
2.727225000038743,-0.2879835202563516,-0.2714198519874884,-0.010989010989007397,-0.5030525030525048,1
2.7289101000060327,-0.2879835202563516,-0.2714198519874884,-0.010989010989007397,-0.5030525030525048,1
2.7305684000020847,-0.2879835202563516,-0.2714198519874884,-0.010989010989007397,-0.5030525030525048,1
2.7323117000050843,-0.2879835202563516,-0.2714198519874884,-0.010989010989007397,-0.5030525030525048,1
2.7340047000325285,-0.2879835202563516,-0.2714198519874884,-0.010989010989007397,-0.5030525030525048,1
2.7355411000316963,-0.2879835202563516,-0.2714198519874884,-0.010989010989007397,-0.5030525030525048,1
2.7370322000351734,-0.2879835202563516,-0.2714198519874884,-0.010989010989007397,-0.5030525030525048,1
2.738693300052546,-0.2879835202563516,-0.2714198519874884,-0.010989010989007397,-0.5030525030525048,1
2.7403756999992765,-0.2879835202563516,-0.2714198519874884,-0.010989010989007397,-0.5030525030525048,1
2.741985900036525,-0.2879835202563516,-0.2714198519874884,-0.010989010989007397,-0.5030525030525048,1
2.743638700048905,-0.2879835202563516,-0.2714198519874884,-0.010989010989007397,-0.5030525030525048,1
2.7451931000105105,-0.2879835202563516,-0.2714198519874884,-0.010989010989007397,-0.5030525030525048,1
2.746865799999796,-0.2879835202563516,-0.2714198519874884,-0.010989010989007397,-0.5030525030525048,1
2.7485067000379786,-0.2879835202563516,-0.2714198519874884,-0.010989010989007397,-0.5030525030525048,1
2.750137700000778,-0.2879835202563516,-0.2714198519874884,-0.010989010989007397,-0.5030525030525048,1
2.751659600005951,-0.2879835202563516,-0.2714198519874884,-0.010989010989007397,-0.5030525030525048,1
2.7533076000399888,-0.2879835202563516,-0.2714198519874884,-0.010989010989007397,-0.5030525030525048,1
2.7548102000146173,-0.2879835202563516,-0.2714198519874884,-0.010989010989007397,-0.5030525030525048,1
2.75638890004484,-0.2879835202563516,-0.2714198519874884,-0.010989010989007397,-0.5030525030525048,1
2.758040700049605,-0.2879835202563516,-0.2714198519874884,-0.010989010989007397,-0.5030525030525048,1
2.7596508000278845,-0.2879835202563516,-0.2714198519874884,-0.010989010989007397,-0.5030525030525048,1
2.7612858000211418,-0.2879835202563516,-0.2714198519874884,-0.010989010989007397,-0.5030525030525048,1
2.7627990000182763,-0.2879835202563516,-0.2714198519874884,-0.010989010989007397,-0.5030525030525048,1
2.764331900049001,-0.2879835202563516,-0.2714198519874884,-0.010989010989007397,-0.5030525030525048,1
2.76596030005021,-0.2879835202563516,-0.2714198519874884,-0.010989010989007397,-0.5030525030525048,1
2.7672375000547618,-0.2879835202563516,-0.2714198519874884,-0.010989010989007397,-0.5030525030525048,1
2.7689561000443064,-0.2879835202563516,-0.2714198519874884,-0.010989010989007397,-0.5030525030525048,1
2.7705924000474624,-0.2879835202563516,-0.2714198519874884,-0.010989010989007397,-0.5030525030525048,1
2.7721927000093274,-0.2879835202563516,-0.2714198519874884,-0.010989010989007397,-0.5030525030525048,1
2.773816800036002,-0.2879835202563516,-0.2714198519874884,-0.010989010989007397,-0.5030525030525048,1
2.775366200017743,-0.2879835202563516,-0.2714198519874884,-0.010989010989007397,-0.5030525030525048,1
2.7769668000400998,-0.2879835202563516,-0.2714198519874884,-0.010989010989007397,-0.5030525030525048,1
2.7786863000364974,-0.2879835202563516,-0.2714198519874884,-0.010989010989007397,-0.5030525030525048,1
2.780014800024219,-0.2879835202563516,-0.2714198519874884,-0.010989010989007397,-0.5030525030525048,1
2.7813832000247203,-0.2879835202563516,-0.2714198519874884,-0.010989010989007397,-0.5030525030525048,1
2.7831035000272095,-0.2879835202563516,-0.2714198519874884,-0.010989010989007397,-0.5030525030525048,1
2.7845521999988705,-0.2879835202563516,-0.2714198519874884,-0.010989010989007397,-0.5030525030525048,1
2.7860559000400826,-0.2879835202563516,-0.2714198519874884,-0.010989010989007397,-0.5030525030525048,1
2.787631900049746,-0.2879835202563516,-0.2714198519874884,-0.010989010989007397,-0.5030525030525048,1
2.789732300036121,-0.2879835202563516,-0.2714198519874884,-0.010989010989007397,-0.5030525030525048,1
2.791414200037252,-0.2879835202563516,-0.2714198519874884,-0.010989010989007397,-0.5030525030525048,1
2.7930638000252657,-0.2879835202563516,-0.2714198519874884,-0.010989010989007397,-0.5030525030525048,1
2.794707200024277,-0.2879835202563516,-0.2714198519874884,-0.010989010989007397,-0.5030525030525048,1
2.796306000032928,-0.2879835202563516,-0.2714198519874884,-0.010989010989007397,-0.5030525030525048,1
2.7979759000008926,-0.2879835202563516,-0.2714198519874884,-0.010989010989007397,-0.5030525030525048,1
2.7996578000020236,-0.2879835202563516,-0.2714198519874884,-0.010989010989007397,-0.5030525030525048,1
2.801311200018972,-0.2879835202563516,-0.2714198519874884,-0.010989010989007397,-0.5030525030525048,1
2.8029747000546195,-0.2879835202563516,-0.2714198519874884,-0.010989010989007397,-0.5030525030525048,1
2.8045014000381343,-0.2879835202563516,-0.2714198519874884,-0.010989010989007397,-0.5030525030525048,1
2.8061271000187844,-0.2879835202563516,-0.2714198519874884,-0.010989010989007397,-0.5030525030525048,1
2.807723400008399,-0.2879835202563516,-0.2714198519874884,-0.010989010989007397,-0.5030525030525048,1
2.8093502999981865,-0.2879835202563516,-0.2714198519874884,-0.010989010989007397,-0.5030525030525048,1
2.811146500054747,-0.2879835202563516,-0.2714198519874884,-0.010989010989007397,-0.5030525030525048,1
2.812337900046259,-0.2879835202563516,-0.2714198519874884,-0.010989010989007397,-0.5030525030525048,1
2.813973500044085,-0.2879835202563516,-0.2714198519874884,-0.010989010989007397,-0.5030525030525048,1
2.8154834000160918,-0.2879835202563516,-0.2714198519874884,-0.010989010989007397,-0.5030525030525048,1
2.8170965000172146,-0.2879835202563516,-0.2714198519874884,-0.010989010989007397,-0.5030525030525048,1
2.8187619000091217,-0.2879835202563516,-0.2714198519874884,-0.010989010989007397,-0.5030525030525048,1
2.8204049000050873,-0.2879835202563516,-0.2714198519874884,-0.010989010989007397,-0.5030525030525048,1
2.821879600000102,-0.2879835202563516,-0.2714198519874884,-0.010989010989007397,-0.5030525030525048,1
2.823516100004781,-0.2879835202563516,-0.2714198519874884,-0.010989010989007397,-0.5030525030525048,1
2.824986700026784,-0.2879835202563516,-0.2714198519874884,-0.010989010989007397,-0.5030525030525048,1
2.826697900018189,-0.2879835202563516,-0.2714198519874884,-0.010989010989007397,-0.5030525030525048,1
2.8281207000254653,-0.2879835202563516,-0.271038376440071,0.010989010989007397,-0.5128205128205146,1
2.8297231000033207,-0.2879835202563516,-0.271038376440071,0.010989010989007397,-0.5128205128205146,1
2.83136030001333,-0.2879835202563516,-0.271038376440071,0.010989010989007397,-0.5128205128205146,1
2.8330368000315502,-0.2879835202563516,-0.271038376440071,0.010989010989007397,-0.5128205128205146,1
2.83457870001439,-0.2879835202563516,-0.271038376440071,0.010989010989007397,-0.5128205128205146,1
2.836196700052824,-0.2879835202563516,-0.271038376440071,0.010989010989007397,-0.5128205128205146,1
2.837939700053539,-0.2879835202563516,-0.271038376440071,0.010989010989007397,-0.5128205128205146,1
2.8391341000096872,-0.2879835202563516,-0.271038376440071,0.010989010989007397,-0.5128205128205146,1
2.8407552000135183,-0.2879835202563516,-0.271038376440071,0.010989010989007397,-0.5128205128205146,1
2.842482600011863,-0.2879835202563516,-0.271038376440071,0.010989010989007397,-0.5128205128205146,1
2.843622200016398,-0.2879835202563516,-0.271038376440071,0.010989010989007397,-0.5128205128205146,1
2.845154500042554,-0.2879835202563516,-0.271038376440071,0.010989010989007397,-0.5128205128205146,1
2.8467600000440143,-0.2879835202563516,-0.271038376440071,0.010989010989007397,-0.5128205128205146,1
2.848359399999026,-0.2879835202563516,-0.271038376440071,0.010989010989007397,-0.5128205128205146,1
2.8500161000411026,-0.2879835202563516,-0.271038376440071,0.010989010989007397,-0.5128205128205146,1
2.851534100016579,-0.2879835202563516,-0.271038376440071,0.010989010989007397,-0.5128205128205146,1
2.853046100004576,-0.2879835202563516,-0.271038376440071,0.010989010989007397,-0.5128205128205146,1
2.8545525000081398,-0.2879835202563516,-0.271038376440071,0.010989010989007397,-0.5128205128205146,1
2.8562291000271216,-0.2879835202563516,-0.271038376440071,0.010989010989007397,-0.5128205128205146,1
2.8578204000368714,-0.2879835202563516,-0.271038376440071,0.010989010989007397,-0.5128205128205146,1
2.8594309000181966,-0.2879835202563516,-0.271038376440071,0.010989010989007397,-0.5128205128205146,1
2.8610438000177965,-0.2879835202563516,-0.271038376440071,0.010989010989007397,-0.5128205128205146,1
2.8626413000165485,-0.2879835202563516,-0.271038376440071,0.010989010989007397,-0.5128205128205146,1
2.86427470005583,-0.2879835202563516,-0.271038376440071,0.010989010989007397,-0.5128205128205146,1
2.8657889000023715,-0.2879835202563516,-0.271038376440071,0.010989010989007397,-0.5128205128205146,1
2.8674013999989256,-0.2879835202563516,-0.271038376440071,0.010989010989007397,-0.5128205128205146,1
2.8691862000268884,-0.2879835202563516,-0.271038376440071,0.010989010989007397,-0.5128205128205146,1
2.870770600042306,-0.2879835202563516,-0.271038376440071,0.010989010989007397,-0.5128205128205146,1
2.8723242000560276,-0.2879835202563516,-0.271038376440071,0.010989010989007397,-0.5128205128205146,1
2.874037400004454,-0.2879835202563516,-0.271038376440071,0.010989010989007397,-0.5128205128205146,1
2.8755927000311203,-0.2879835202563516,-0.271038376440071,0.010989010989007397,-0.5128205128205146,1
2.8772671000333503,-0.2879835202563516,-0.271038376440071,0.010989010989007397,-0.5128205128205146,1
2.8789132000529207,-0.2879835202563516,-0.271038376440071,0.010989010989007397,-0.5128205128205146,1
2.880522200022824,-0.2879835202563516,-0.271038376440071,0.010989010989007397,-0.5128205128205146,1
2.8821346000186168,-0.2879835202563516,-0.271038376440071,0.010989010989007397,-0.5128205128205146,1
2.88372820004588,-0.2879835202563516,-0.271038376440071,0.010989010989007397,-0.5128205128205146,1
2.8852040000492707,-0.2879835202563516,-0.271038376440071,0.010989010989007397,-0.5128205128205146,1
2.8863741000532173,-0.2879835202563516,-0.271038376440071,0.010989010989007397,-0.5128205128205146,1
2.887880700000096,-0.2879835202563516,-0.271038376440071,0.010989010989007397,-0.5128205128205146,1
2.889022700022906,-0.2879835202563516,-0.271038376440071,0.010989010989007397,-0.5128205128205146,1
2.8905817000195384,-0.2879835202563516,-0.271038376440071,0.010989010989007397,-0.5128205128205146,1
2.8919130000285804,-0.2879835202563516,-0.271038376440071,0.010989010989007397,-0.5128205128205146,1
2.8934907000511885,-0.2879835202563516,-0.271038376440071,0.010989010989007397,-0.5128205128205146,1
2.895036500005517,-0.2879835202563516,-0.271038376440071,0.010989010989007397,-0.5128205128205146,1
2.8966220000293106,-0.2879835202563516,-0.271038376440071,0.010989010989007397,-0.5128205128205146,1
2.8982219000463374,-0.2879835202563516,-0.271038376440071,0.010989010989007397,-0.5128205128205146,1
2.8998928000219166,-0.2879835202563516,-0.271038376440071,0.010989010989007397,-0.5128205128205146,1
2.9015118000097573,-0.2879835202563516,-0.271038376440071,0.010989010989007397,-0.5128205128205146,1
2.902841000002809,-0.2879835202563516,-0.271038376440071,0.010989010989007397,-0.5128205128205146,1
2.9045288000488654,-0.2879835202563516,-0.271038376440071,0.010989010989007397,-0.5128205128205146,1
2.906153100018855,-0.2879835202563516,-0.271038376440071,0.010989010989007397,-0.5128205128205146,1
2.907935700030066,-0.2879835202563516,-0.271038376440071,0.010989010989007397,-0.5128205128205146,1
2.9096263000392355,-0.2879835202563516,-0.271038376440071,0.010989010989007397,-0.5128205128205146,1
2.9112518000183627,-0.2879835202563516,-0.271038376440071,0.010989010989007397,-0.5128205128205146,1
2.9129612000542693,-0.2879835202563516,-0.271038376440071,0.010989010989007397,-0.5128205128205146,1
2.9145023000310175,-0.2879835202563516,-0.271038376440071,0.010989010989007397,-0.5128205128205146,1
2.9161567000555806,-0.2879835202563516,-0.271038376440071,0.010989010989007397,-0.5128205128205146,1
2.9177837000461295,-0.2879835202563516,-0.271038376440071,0.010989010989007397,-0.5128205128205146,1
2.919396700046491,-0.2879835202563516,-0.271038376440071,0.010989010989007397,-0.5128205128205146,1
2.921016000036616,-0.2879835202563516,-0.271038376440071,0.010989010989007397,-0.5128205128205146,1
2.922653900051955,-0.2879835202563516,-0.271038376440071,0.010989010989007397,-0.5128205128205146,1
2.9242819000501186,-0.2879835202563516,-0.271038376440071,0.010989010989007397,-0.5128205128205146,1
2.9257756000151858,-0.2879835202563516,-0.271038376440071,0.010989010989007397,-0.5128205128205146,1
2.927338800043799,-0.2879835202563516,-0.271038376440071,0.010989010989007397,-0.5128205128205146,1
2.929014500055928,-0.2879835202563516,-0.271038376440071,0.010989010989007397,-0.5128205128205146,1
2.930526500043925,-0.2879835202563516,-0.271038376440071,0.010989010989007397,-0.5128205128205146,1
2.9320704000419937,-0.2879835202563516,-0.271038376440071,0.010989010989007397,-0.5128205128205146,1
2.933695900021121,-0.2879835202563516,-0.271038376440071,-0.010989010989007397,-0.5128205128205146,1
2.9352116000372916,-0.2879835202563516,-0.271038376440071,-0.010989010989007397,-0.5128205128205146,1
2.9368384000263177,-0.2879835202563516,-0.271038376440071,-0.010989010989007397,-0.5128205128205146,1
2.938459800032433,-0.2879835202563516,-0.271038376440071,-0.010989010989007397,-0.5128205128205146,1
2.940100700012408,-0.2879835202563516,-0.271038376440071,-0.010989010989007397,-0.5128205128205146,1
2.9417115000542253,-0.2879835202563516,-0.271038376440071,-0.010989010989007397,-0.5128205128205146,1
2.943272500007879,-0.2879835202563516,-0.271038376440071,-0.010989010989007397,-0.5128205128205146,1
2.944968700001482,-0.2879835202563516,-0.271038376440071,-0.010989010989007397,-0.5128205128205146,1
2.946323800017126,-0.2879835202563516,-0.271038376440071,-0.010989010989007397,-0.5128205128205146,1
2.9480167000438087,-0.2879835202563516,-0.271038376440071,-0.010989010989007397,-0.5128205128205146,1
2.9496681000455283,-0.2879835202563516,-0.271038376440071,-0.010989010989007397,-0.5128205128205146,1
2.9512284000520594,-0.2879835202563516,-0.271038376440071,-0.010989010989007397,-0.5128205128205146,1
2.952860800025519,-0.2879835202563516,-0.271038376440071,-0.010989010989007397,-0.5128205128205146,1
2.954605100036133,-0.2879835202563516,-0.271038376440071,-0.010989010989007397,-0.5128205128205146,1
2.9562143000075594,-0.2879835202563516,-0.271038376440071,-0.010989010989007397,-0.5128205128205146,1
2.9578306000330485,-0.2879835202563516,-0.271038376440071,-0.010989010989007397,-0.5128205128205146,1
2.959613300045021,-0.2879835202563516,-0.271038376440071,-0.010989010989007397,-0.5128205128205146,1
2.9612647000467405,-0.2879835202563516,-0.271038376440071,-0.010989010989007397,-0.5128205128205146,1
2.962935900024604,-0.2879835202563516,-0.271038376440071,-0.010989010989007397,-0.5128205128205146,1
2.9644690999994054,-0.2879835202563516,-0.271038376440071,-0.010989010989007397,-0.5128205128205146,1
2.9659626000211574,-0.2879835202563516,-0.271038376440071,-0.010989010989007397,-0.5128205128205146,1
2.967628100013826,-0.2879835202563516,-0.271038376440071,-0.010989010989007397,-0.5128205128205146,1
2.9692775000003166,-0.2879835202563516,-0.271038376440071,-0.010989010989007397,-0.5128205128205146,1
2.970890500000678,-0.2879835202563516,-0.271038376440071,-0.010989010989007397,-0.5128205128205146,1
2.9726049000164494,-0.2879835202563516,-0.271038376440071,-0.010989010989007397,-0.5128205128205146,1
2.9738683000323363,-0.2879835202563516,-0.271038376440071,-0.010989010989007397,-0.5128205128205146,1
2.975377800001297,-0.2879835202563516,-0.271038376440071,-0.010989010989007397,-0.5128205128205146,1
2.976963200024329,-0.2879835202563516,-0.271038376440071,-0.010989010989007397,-0.5128205128205146,1
2.978611099999398,-0.2879835202563516,-0.271038376440071,-0.010989010989007397,-0.5128205128205146,1
2.9802529000444338,-0.2879835202563516,-0.271038376440071,-0.010989010989007397,-0.5128205128205146,1
2.9818415000336245,-0.2879835202563516,-0.271038376440071,-0.010989010989007397,-0.5128205128205146,1
2.9832056000013836,-0.2879835202563516,-0.271038376440071,-0.010989010989007397,-0.5128205128205146,1
2.984757400001399,-0.2879835202563516,-0.271038376440071,-0.010989010989007397,-0.5128205128205146,1
2.986398500041105,-0.2879835202563516,-0.271038376440071,-0.010989010989007397,-0.5128205128205146,1
2.9882641000440344,-0.2879835202563516,-0.271038376440071,-0.010989010989007397,-0.5128205128205146,1
2.9897366000222974,-0.2879835202563516,-0.271038376440071,-0.010989010989007397,-0.5128205128205146,1
2.9908594000153244,-0.2879835202563516,-0.271038376440071,-0.010989010989007397,-0.5128205128205146,1
2.9924894000287168,-0.2879835202563516,-0.271038376440071,-0.010989010989007397,-0.5128205128205146,1
2.9941029000328854,-0.2879835202563516,-0.271038376440071,-0.010989010989007397,-0.5128205128205146,1
2.995656500046607,-0.2879835202563516,-0.271038376440071,-0.010989010989007397,-0.5128205128205146,1
2.9972761000390165,-0.2879835202563516,-0.271038376440071,-0.010989010989007397,-0.5128205128205146,1
2.9988674000487663,-0.2879835202563516,-0.271038376440071,-0.010989010989007397,-0.5128205128205146,1
3.0005231000250205,-0.2879835202563516,-0.271038376440071,-0.010989010989007397,-0.5128205128205146,1
3.0022945000091568,-0.2879835202563516,-0.271038376440071,-0.010989010989007397,-0.5128205128205146,1
3.003472700016573,-0.2879835202563516,-0.271038376440071,-0.010989010989007397,-0.5128205128205146,1
3.0049804000300355,-0.2879835202563516,-0.271038376440071,-0.010989010989007397,-0.5128205128205146,1
3.0065660000545904,-0.2879835202563516,-0.271038376440071,-0.010989010989007397,-0.5128205128205146,1
3.0082948000053875,-0.2879835202563516,-0.271038376440071,-0.010989010989007397,-0.5128205128205146,1
3.00988560001133,-0.2879835202563516,-0.271038376440071,-0.010989010989007397,-0.5128205128205146,1
3.0115286000072956,-0.2879835202563516,-0.271038376440071,-0.010989010989007397,-0.5128205128205146,1
3.013117599999532,-0.2879835202563516,-0.271038376440071,-0.010989010989007397,-0.5128205128205146,1
3.0146566000184976,-0.2879835202563516,-0.271038376440071,-0.010989010989007397,-0.5128205128205146,1
3.016309700033162,-0.2879835202563516,-0.271038376440071,-0.010989010989007397,-0.5128205128205146,1
3.018348000012338,-0.2879835202563516,-0.271038376440071,-0.010989010989007397,-0.5128205128205146,1
3.023219600028824,-0.2879835202563516,-0.271038376440071,-0.010989010989007397,-0.5128205128205146,1
3.0248291000025347,-0.2879835202563516,-0.271038376440071,-0.010989010989007397,-0.5128205128205146,1
3.02641940000467,-0.2879835202563516,-0.271038376440071,-0.010989010989007397,-0.5128205128205146,1
3.0281028000172228,-0.2879835202563516,-0.271038376440071,-0.010989010989007397,-0.5128205128205146,1
3.029721300001256,-0.2879835202563516,-0.271038376440071,-0.010989010989007397,-0.5128205128205146,1
3.0315386000438593,-0.2879835202563516,-0.271038376440071,-0.010989010989007397,-0.5128205128205146,1
3.0332247000187635,-0.2879835202563516,-0.271038376440071,-0.010989010989007397,-0.5128205128205146,1
3.0351554000517353,-0.2879835202563516,-0.271038376440071,-0.010989010989007397,-0.5128205128205146,1
3.036787800025195,-0.2879835202563516,-0.271038376440071,-0.010989010989007397,-0.5128205128205146,1
3.0384502000524662,-0.2879835202563516,-0.271038376440071,-0.010989010989007397,-0.5128205128205146,1
3.0401000000420026,-0.2879835202563516,-0.271038376440071,-0.010989010989007397,-0.5128205128205146,1
3.041692700004205,-0.2879835202563516,-0.271038376440071,-0.010989010989007397,-0.5128205128205146,1
3.043341300042812,-0.2879835202563516,-0.271038376440071,-0.010989010989007397,-0.5128205128205146,1
3.0448127000126988,-0.2879835202563516,-0.271038376440071,-0.010989010989007397,-0.5128205128205146,1
3.0464668000349775,-0.2879835202563516,-0.271038376440071,-0.010989010989007397,-0.5128205128205146,1
3.0487929000519216,-0.2879835202563516,-0.2714198519874884,-0.010989010989007397,-0.5030525030525048,1
3.0504523999989033,-0.2879835202563516,-0.2714198519874884,-0.010989010989007397,-0.5030525030525048,1
3.0520508000045083,-0.2879835202563516,-0.2714198519874884,-0.010989010989007397,-0.5030525030525048,1
3.053743900032714,-0.2879835202563516,-0.2714198519874884,-0.010989010989007397,-0.5030525030525048,1
3.055190900049638,-0.2879835202563516,-0.2714198519874884,-0.010989010989007397,-0.5030525030525048,1
3.056469000002835,-0.2879835202563516,-0.2714198519874884,-0.010989010989007397,-0.5030525030525048,1
3.058087900048122,-0.2879835202563516,-0.2714198519874884,-0.010989010989007397,-0.5030525030525048,1
3.0598122000228614,-0.2879835202563516,-0.2714198519874884,-0.010989010989007397,-0.5030525030525048,1
3.0614412000286393,-0.2879835202563516,-0.2714198519874884,-0.010989010989007397,-0.5030525030525048,1
3.063194900052622,-0.2879835202563516,-0.2714198519874884,-0.010989010989007397,-0.5030525030525048,1
3.064591000031214,-0.2879835202563516,-0.2714198519874884,-0.010989010989007397,-0.5030525030525048,1
3.0663238000124693,-0.2879835202563516,-0.2714198519874884,-0.010989010989007397,-0.5030525030525048,1
3.0677668999996968,-0.2879835202563516,-0.2714198519874884,-0.010989010989007397,-0.5030525030525048,1
3.069417600054294,-0.2879835202563516,-0.2714198519874884,-0.010989010989007397,-0.5030525030525048,1
3.0711356000392698,-0.2879835202563516,-0.2714198519874884,-0.010989010989007397,-0.5030525030525048,1
3.072386500018183,-0.2879835202563516,-0.2714198519874884,-0.010989010989007397,-0.5030525030525048,1
3.0739965000539087,-0.2879835202563516,-0.2714198519874884,-0.010989010989007397,-0.5030525030525048,1
3.075486300047487,-0.2879835202563516,-0.2714198519874884,-0.010989010989007397,-0.5030525030525048,1
3.0771990000503138,-0.2879835202563516,-0.2714198519874884,-0.010989010989007397,-0.5030525030525048,1
3.078542900038883,-0.2879835202563516,-0.2714198519874884,-0.010989010989007397,-0.5030525030525048,1
3.080150300054811,-0.2879835202563516,-0.2714198519874884,-0.010989010989007397,-0.5030525030525048,1
3.0818088000523858,-0.2879835202563516,-0.2714198519874884,-0.010989010989007397,-0.5030525030525048,1
3.083490100048948,-0.2879835202563516,-0.2714198519874884,-0.010989010989007397,-0.5030525030525048,1
3.0849634000333026,-0.2879835202563516,-0.2714198519874884,-0.010989010989007397,-0.5030525030525048,1
3.086727800022345,-0.2879835202563516,-0.2714198519874884,-0.010989010989007397,-0.5030525030525048,1
3.0882584000355564,-0.2879835202563516,-0.2714198519874884,-0.010989010989007397,-0.5030525030525048,1
3.089761200011708,-0.2879835202563516,-0.2714198519874884,-0.010989010989007397,-0.5030525030525048,1
3.091403900005389,-0.2879835202563516,-0.2714198519874884,-0.010989010989007397,-0.5030525030525048,1
3.09264460002305,-0.2879835202563516,-0.2714198519874884,-0.010989010989007397,-0.5030525030525048,1
3.094278900010977,-0.2879835202563516,-0.2714198519874884,-0.010989010989007397,-0.5030525030525048,1
3.0957798000308685,-0.2879835202563516,-0.2714198519874884,-0.010989010989007397,-0.5030525030525048,1
3.0974141000187956,-0.2879835202563516,-0.2714198519874884,-0.010989010989007397,-0.5030525030525048,1
3.099015000043437,-0.2879835202563516,-0.2714198519874884,-0.010989010989007397,-0.5030525030525048,1
3.1006732000387274,-0.2879835202563516,-0.2714198519874884,-0.010989010989007397,-0.5030525030525048,1
3.1023117000004277,-0.2879835202563516,-0.2714198519874884,-0.010989010989007397,-0.5030525030525048,1
3.1039524000370875,-0.2879835202563516,-0.2714198519874884,-0.010989010989007397,-0.5030525030525048,1
3.1054650000296533,-0.2879835202563516,-0.2714198519874884,-0.010989010989007397,-0.5030525030525048,1
3.107077900029253,-0.2879835202563516,-0.2714198519874884,-0.010989010989007397,-0.5030525030525048,1
3.1087052000220865,-0.2879835202563516,-0.2714198519874884,-0.010989010989007397,-0.5030525030525048,1
3.110331400006544,-0.2879835202563516,-0.2714198519874884,-0.010989010989007397,-0.5030525030525048,1
3.112029700016137,-0.2879835202563516,-0.2714198519874884,-0.010989010989007397,-0.5030525030525048,1
3.1136533000390045,-0.2879835202563516,-0.2714198519874884,-0.010989010989007397,-0.5030525030525048,1
3.115169500000775,-0.2879835202563516,-0.2714198519874884,-0.010989010989007397,-0.5030525030525048,1
3.116775600006804,-0.2879835202563516,-0.2714198519874884,-0.010989010989007397,-0.5030525030525048,1
3.1185584000195377,-0.2879835202563516,-0.2714198519874884,-0.010989010989007397,-0.5030525030525048,1
3.119823700049892,-0.2879835202563516,-0.2714198519874884,-0.010989010989007397,-0.5030525030525048,1
3.1214016000158153,-0.2879835202563516,-0.2714198519874884,-0.010989010989007397,-0.5030525030525048,1
3.122999000013806,-0.2879835202563516,-0.2714198519874884,-0.010989010989007397,-0.5030525030525048,1
3.1245034000021406,-0.2879835202563516,-0.2714198519874884,-0.010989010989007397,-0.5030525030525048,1
3.1261333000147715,-0.2879835202563516,-0.2714198519874884,-0.010989010989007397,-0.5030525030525048,1
3.127802800037898,-0.2879835202563516,-0.2714198519874884,-0.010989010989007397,-0.5030525030525048,1
3.129433300055098,-0.2879835202563516,-0.2714198519874884,-0.010989010989007397,-0.5030525030525048,1
3.1309393999981694,-0.2879835202563516,-0.2714198519874884,-0.010989010989007397,-0.5030525030525048,1
3.1326628000242636,-0.2879835202563516,-0.2714198519874884,-0.010989010989007397,-0.5030525030525048,1
3.1346753000398166,-0.2879835202563516,-0.2714198519874884,-0.010989010989007397,-0.5030525030525048,1
3.136322000005748,-0.2879835202563516,-0.2714198519874884,-0.010989010989007397,-0.5030525030525048,1
3.1379068000242114,-0.2879835202563516,-0.2714198519874884,-0.010989010989007397,-0.5030525030525048,1
3.1395854000002146,-0.2879835202563516,-0.2714198519874884,-0.010989010989007397,-0.5030525030525048,1
3.14157110004453,-0.2879835202563516,-0.2714198519874884,-0.010989010989007397,-0.5030525030525048,1
3.1426898000063375,-0.2879835202563516,-0.2714198519874884,-0.010989010989007397,-0.5030525030525048,1
3.144394700007979,-0.2879835202563516,-0.2714198519874884,-0.010989010989007397,-0.5030525030525048,1
3.145886700018309,-0.2879835202563516,-0.2714198519874884,-0.010989010989007397,-0.5030525030525048,1
3.147461300017312,-0.2879835202563516,-0.2714198519874884,-0.010989010989007397,-0.5030525030525048,1
3.1492731000180356,-0.2879835202563516,-0.2714198519874884,-0.010989010989007397,-0.5030525030525048,1
3.1517237000516616,-0.2879835202563516,-0.2714198519874884,-0.010989010989007397,-0.5128205128205146,1
3.1528498000116087,-0.2879835202563516,-0.2714198519874884,-0.010989010989007397,-0.5128205128205146,1
3.154515900008846,-0.2879835202563516,-0.2714198519874884,-0.010989010989007397,-0.5128205128205146,1
3.1561516000074334,-0.2879835202563516,-0.2714198519874884,-0.010989010989007397,-0.5128205128205146,1
3.15747370000463,-0.2879835202563516,-0.2714198519874884,-0.010989010989007397,-0.5128205128205146,1
3.1592735000303946,-0.2879835202563516,-0.2714198519874884,-0.010989010989007397,-0.5128205128205146,1
3.1609151000157,-0.2879835202563516,-0.2714198519874884,-0.010989010989007397,-0.5128205128205146,1
3.1623975000111386,-0.2879835202563516,-0.2714198519874884,-0.010989010989007397,-0.5128205128205146,1
3.1639956000144593,-0.2879835202563516,-0.2714198519874884,-0.010989010989007397,-0.5128205128205146,1
3.165504200034775,-0.2879835202563516,-0.2714198519874884,-0.010989010989007397,-0.5128205128205146,1
3.167096700053662,-0.2879835202563516,-0.2714198519874884,-0.010989010989007397,-0.5128205128205146,1
3.1687031000037678,-0.2879835202563516,-0.2714198519874884,-0.010989010989007397,-0.5128205128205146,1
3.1702933000051416,-0.2879835202563516,-0.2714198519874884,-0.010989010989007397,-0.5128205128205146,1
3.1719258000375703,-0.2879835202563516,-0.2714198519874884,-0.010989010989007397,-0.5128205128205146,1
3.173504900012631,-0.2879835202563516,-0.2714198519874884,-0.010989010989007397,-0.5128205128205146,1
3.1750162000535056,-0.2879835202563516,-0.2714198519874884,-0.010989010989007397,-0.5128205128205146,1
3.176658500044141,-0.2879835202563516,-0.2714198519874884,-0.010989010989007397,-0.5128205128205146,1
3.1783643000526354,-0.2879835202563516,-0.2714198519874884,-0.010989010989007397,-0.5128205128205146,1
3.180290300049819,-0.2879835202563516,-0.2714198519874884,-0.010989010989007397,-0.5128205128205146,1
3.1818837000173517,-0.2879835202563516,-0.2714198519874884,-0.010989010989007397,-0.5128205128205146,1
3.1835730000166222,-0.2879835202563516,-0.2714198519874884,-0.010989010989007397,-0.5128205128205146,1
3.1849888000288047,-0.2879835202563516,-0.2714198519874884,-0.010989010989007397,-0.5128205128205146,1
3.186626700044144,-0.2879835202563516,-0.2714198519874884,-0.010989010989007397,-0.5128205128205146,1
3.1882250000489876,-0.2879835202563516,-0.2714198519874884,-0.010989010989007397,-0.5128205128205146,1
3.189799700048752,-0.2879835202563516,-0.2714198519874884,-0.010989010989007397,-0.5128205128205146,1
3.1914363000541925,-0.2879835202563516,-0.2714198519874884,-0.010989010989007397,-0.5128205128205146,1
3.193061900034081,-0.2879835202563516,-0.2714198519874884,-0.010989010989007397,-0.5128205128205146,1
3.194792000052985,-0.2879835202563516,-0.2714198519874884,-0.010989010989007397,-0.5128205128205146,1
3.1959704000037163,-0.2879835202563516,-0.2714198519874884,-0.010989010989007397,-0.5128205128205146,1
3.1976166000240482,-0.2879835202563516,-0.2714198519874884,-0.010989010989007397,-0.5128205128205146,1
3.1993021000525914,-0.2879835202563516,-0.2714198519874884,-0.010989010989007397,-0.5128205128205146,1
3.2010210000444204,-0.2879835202563516,-0.2714198519874884,-0.010989010989007397,-0.5128205128205146,1
3.2026974000036716,-0.2879835202563516,-0.2714198519874884,-0.010989010989007397,-0.5128205128205146,1
3.2039431000011973,-0.2879835202563516,-0.2714198519874884,-0.010989010989007397,-0.5128205128205146,1
3.205434500006959,-0.2879835202563516,-0.2714198519874884,-0.010989010989007397,-0.5128205128205146,1
3.2070362000376917,-0.2879835202563516,-0.2714198519874884,-0.010989010989007397,-0.5128205128205146,1
3.209336300031282,-0.2879835202563516,-0.2714198519874884,-0.010989010989007397,-0.5128205128205146,1
3.2108367000473663,-0.2879835202563516,-0.2714198519874884,-0.010989010989007397,-0.5128205128205146,1
3.212442100048065,-0.2879835202563516,-0.2714198519874884,-0.010989010989007397,-0.5128205128205146,1
3.2140406000544317,-0.2879835202563516,-0.2714198519874884,-0.010989010989007397,-0.5128205128205146,1
3.2155536000500433,-0.2879835202563516,-0.2714198519874884,-0.010989010989007397,-0.5128205128205146,1
3.2173318000277504,-0.2879835202563516,-0.2714198519874884,-0.010989010989007397,-0.5128205128205146,1
3.2189531000331044,-0.2879835202563516,-0.2714198519874884,-0.010989010989007397,-0.5128205128205146,1
3.2205767999985255,-0.2879835202563516,-0.2714198519874884,-0.010989010989007397,-0.5128205128205146,1
3.222469300031662,-0.2879835202563516,-0.2714198519874884,-0.010989010989007397,-0.5128205128205146,1
3.223582400009036,-0.2879835202563516,-0.2714198519874884,-0.010989010989007397,-0.5128205128205146,1
3.22509090002859,-0.2879835202563516,-0.2714198519874884,-0.010989010989007397,-0.5128205128205146,1
3.226690600044094,-0.2879835202563516,-0.2714198519874884,-0.010989010989007397,-0.5128205128205146,1
3.2284814000013284,-0.2879835202563516,-0.2714198519874884,-0.010989010989007397,-0.5128205128205146,1
3.230133700009901,-0.2879835202563516,-0.2714198519874884,-0.010989010989007397,-0.5128205128205146,1
3.231354600051418,-0.2879835202563516,-0.2714198519874884,-0.010989010989007397,-0.5128205128205146,1
3.2329685000004247,-0.2879835202563516,-0.2714198519874884,-0.010989010989007397,-0.5128205128205146,1
3.2344692000187933,-0.2879835202563516,-0.2714198519874884,-0.010989010989007397,-0.5128205128205146,1
3.23655830003554,-0.2879835202563516,-0.2714198519874884,-0.010989010989007397,-0.5128205128205146,1
3.237944300053641,-0.2879835202563516,-0.2714198519874884,-0.010989010989007397,-0.5128205128205146,1
3.239604700007476,-0.2879835202563516,-0.2714198519874884,-0.010989010989007397,-0.5128205128205146,1
3.240841500053648,-0.2879835202563516,-0.2714198519874884,-0.010989010989007397,-0.5128205128205146,1
3.2428329000249505,-0.2879835202563516,-0.2714198519874884,-0.010989010989007397,-0.5128205128205146,1
3.244686999998521,-0.2879835202563516,-0.2714198519874884,-0.010989010989007397,-0.5128205128205146,1
3.2463553000125103,-0.2879835202563516,-0.2714198519874884,-0.010989010989007397,-0.5128205128205146,1
3.2480229000211693,-0.2879835202563516,-0.2714198519874884,-0.010989010989007397,-0.5128205128205146,1
3.2493361000088044,-0.2879835202563516,-0.2714198519874884,-0.010989010989007397,-0.5128205128205146,1
3.250964100006968,-0.2879835202563516,-0.2714198519874884,-0.010989010989007397,-0.5128205128205146,1
3.2525710000190884,-0.2879835202563516,-0.2714198519874884,-0.010989010989007397,-0.5128205128205146,1
3.254168900020886,-0.2879835202563516,-0.2714198519874884,-0.010989010989007397,-0.5128205128205146,1
3.2556188000016846,-0.2879835202563516,-0.2714198519874884,-0.010989010989007397,-0.5128205128205146,1
3.257241500017699,-0.2879835202563516,-0.2714198519874884,-0.010989010989007397,-0.5128205128205146,1
3.258846500015352,-0.2879835202563516,-0.2714198519874884,-0.010989010989007397,-0.5128205128205146,1
3.260500000033062,-0.2879835202563516,-0.2714198519874884,-0.010989010989007397,-0.5128205128205146,1
3.26213160000043,-0.2879835202563516,-0.2714198519874884,-0.010989010989007397,-0.5128205128205146,1
3.2641973000136204,-0.2879835202563516,-0.2714198519874884,-0.010989010989007397,-0.5128205128205146,1
3.2682686000480317,-0.2879835202563516,-0.2714198519874884,-0.010989010989007397,-0.5128205128205146,1
3.26992320001591,-0.2879835202563516,-0.2714198519874884,-0.010989010989007397,-0.5128205128205146,1
3.271881200023927,-0.2879835202563516,-0.2714198519874884,-0.010989010989007397,-0.5128205128205146,1
3.2735179000301287,-0.2879835202563516,-0.2714198519874884,-0.010989010989007397,-0.5128205128205146,1
3.274988100049086,-0.2879835202563516,-0.2714198519874884,-0.010989010989007397,-0.5128205128205146,1
3.276396000001114,-0.2879835202563516,-0.2714198519874884,-0.010989010989007397,-0.5128205128205146,1
3.2780303000472486,-0.2879835202563516,-0.2714198519874884,-0.010989010989007397,-0.5128205128205146,1
3.2798048000549898,-0.2879835202563516,-0.2714198519874884,-0.010989010989007397,-0.5128205128205146,1
3.2812519000144675,-0.2879835202563516,-0.2714198519874884,-0.010989010989007397,-0.5128205128205146,1
3.2830039000255056,-0.2879835202563516,-0.2714198519874884,-0.010989010989007397,-0.5128205128205146,1
3.2846569000394084,-0.2879835202563516,-0.2714198519874884,-0.010989010989007397,-0.5128205128205146,1
3.286302699998487,-0.2879835202563516,-0.2714198519874884,-0.010989010989007397,-0.5128205128205146,1
3.2876159000443295,-0.2879835202563516,-0.2714198519874884,-0.010989010989007397,-0.5128205128205146,1
3.289224900014233,-0.2879835202563516,-0.2714198519874884,-0.010989010989007397,-0.5128205128205146,1
3.291438200045377,-0.2879835202563516,-0.2714198519874884,-0.010989010989007397,-0.5128205128205146,1
3.292583500035107,-0.2879835202563516,-0.2714198519874884,-0.010989010989007397,-0.5128205128205146,1
3.294153000053484,-0.2879835202563516,-0.2714198519874884,-0.010989010989007397,-0.5128205128205146,1
3.295701800030656,-0.2879835202563516,-0.2714198519874884,-0.010989010989007397,-0.5128205128205146,1
3.297322800033726,-0.2879835202563516,-0.2714198519874884,-0.010989010989007397,-0.5128205128205146,1
3.2989645000197925,-0.2879835202563516,-0.2714198519874884,-0.010989010989007397,-0.5128205128205146,1
3.300356700026896,-0.2879835202563516,-0.2714198519874884,-0.010989010989007397,-0.5128205128205146,1
3.301971900044009,-0.2879835202563516,-0.2714198519874884,-0.010989010989007397,-0.5128205128205146,1
3.3035802000085823,-0.2879835202563516,-0.2714198519874884,-0.010989010989007397,-0.5128205128205146,1
3.3051116000278853,-0.2879835202563516,-0.2714198519874884,-0.010989010989007397,-0.5128205128205146,1
3.306710400036536,-0.2879835202563516,-0.2714198519874884,-0.010989010989007397,-0.5128205128205146,1
3.308596300019417,-0.2879835202563516,-0.2714198519874884,-0.010989010989007397,-0.5128205128205146,1
3.3097798000089824,-0.2879835202563516,-0.2714198519874884,-0.010989010989007397,-0.5128205128205146,1
3.311408900015522,-0.2879835202563516,-0.2714198519874884,-0.010989010989007397,-0.5128205128205146,1
3.3130306000239216,-0.2879835202563516,-0.2714198519874884,-0.010989010989007397,-0.5128205128205146,1
3.314557900012005,-0.2879835202563516,-0.2714198519874884,-0.010989010989007397,-0.5128205128205146,1
3.3162698000087403,-0.2879835202563516,-0.2714198519874884,-0.010989010989007397,-0.5128205128205146,1
3.3179494000505656,-0.2879835202563516,-0.2714198519874884,-0.010989010989007397,-0.5128205128205146,1
3.3195993000408635,-0.2879835202563516,-0.2714198519874884,-0.010989010989007397,-0.5128205128205146,1
3.3212894000462256,-0.2879835202563516,-0.2714198519874884,-0.010989010989007397,-0.5128205128205146,1
3.3225728000397794,-0.2879835202563516,-0.2714198519874884,-0.010989010989007397,-0.5128205128205146,1
3.3238983000046574,-0.2879835202563516,-0.2714198519874884,-0.010989010989007397,-0.5128205128205146,1
3.325397700013127,-0.2879835202563516,-0.2714198519874884,-0.010989010989007397,-0.5128205128205146,1
3.326983300037682,-0.2879835202563516,-0.2714198519874884,-0.010989010989007397,-0.5128205128205146,1
3.328636300051585,-0.2879835202563516,-0.2714198519874884,-0.010989010989007397,-0.5128205128205146,1
3.3303039000020362,-0.2879835202563516,-0.2714198519874884,-0.010989010989007397,-0.5128205128205146,1
3.331914800044615,-0.2879835202563516,-0.2714198519874884,-0.010989010989007397,-0.5128205128205146,1
3.333449700032361,-0.2879835202563516,-0.2714198519874884,-0.010989010989007397,-0.5128205128205146,1
3.3349359999992885,-0.2879835202563516,-0.2714198519874884,-0.010989010989007397,-0.5128205128205146,1
3.3369326000101864,-0.2879835202563516,-0.2714198519874884,-0.010989010989007397,-0.5128205128205146,1
3.338400400010869,-0.2879835202563516,-0.2714198519874884,-0.010989010989007397,-0.5128205128205146,1
3.3400355000048876,-0.2879835202563516,-0.2714198519874884,-0.010989010989007397,-0.5128205128205146,1
3.3416244000545703,-0.2879835202563516,-0.2714198519874884,-0.010989010989007397,-0.5128205128205146,1
3.343216500012204,-0.2879835202563516,-0.2714198519874884,-0.010989010989007397,-0.5128205128205146,1
3.34472910000477,-0.2879835202563516,-0.2714198519874884,-0.010989010989007397,-0.5128205128205146,1
3.3463260999997146,-0.2879835202563516,-0.2714198519874884,-0.010989010989007397,-0.5128205128205146,1
3.3479027000139467,-0.2879835202563516,-0.2714198519874884,-0.010989010989007397,-0.5128205128205146,1
3.3497016000328586,-0.2879835202563516,-0.2714198519874884,-0.010989010989007397,-0.5128205128205146,1
3.3513386000413448,-0.2879835202563516,-0.2714198519874884,-0.010989010989007397,-0.5128205128205146,1
3.3529991000541486,-0.2879835202563516,-0.2714198519874884,-0.010989010989007397,-0.5128205128205146,1
3.3544820000533946,-0.2879835202563516,-0.2714198519874884,-0.010989010989007397,-0.5128205128205146,1
3.356068500026595,-0.2879835202563516,-0.2714198519874884,-0.010989010989007397,-0.5128205128205146,1
3.3576529000420123,-0.2879835202563516,-0.2714198519874884,-0.010989010989007397,-0.5128205128205146,1
3.3592782000196166,-0.2879835202563516,-0.2714198519874884,-0.010989010989007397,-0.5128205128205146,1
3.360953100025654,-0.2879835202563516,-0.2714198519874884,-0.010989010989007397,-0.5128205128205146,1
3.3627330000163056,-0.2879835202563516,-0.2714198519874884,-0.010989010989007397,-0.5128205128205146,1
3.364583600021433,-0.2879835202563516,-0.2714198519874884,-0.010989010989007397,-0.5128205128205146,1
3.3660938000539318,-0.2879835202563516,-0.2714198519874884,-0.010989010989007397,-0.5128205128205146,1
3.3677805000334047,-0.2879835202563516,-0.2714198519874884,-0.010989010989007397,-0.5128205128205146,1
3.369399600022007,-0.2879835202563516,-0.2714198519874884,-0.010989010989007397,-0.5128205128205146,1
3.371072700014338,-0.2879835202563516,-0.2714198519874884,-0.010989010989007397,-0.5128205128205146,1
3.3724791000131518,-0.2879835202563516,-0.2714198519874884,-0.010989010989007397,-0.5128205128205146,1
3.3741092000273056,-0.2879835202563516,-0.2714198519874884,-0.010989010989007397,-0.5128205128205146,1
3.375644400017336,-0.2879835202563516,-0.2714198519874884,0.010989010989007397,-0.5128205128205146,1
3.3772548000561073,-0.2879835202563516,-0.2714198519874884,0.010989010989007397,-0.5128205128205146,1
3.3789411000325345,-0.2879835202563516,-0.2714198519874884,0.010989010989007397,-0.5128205128205146,1
3.380598600022495,-0.2879835202563516,-0.2714198519874884,0.010989010989007397,-0.5128205128205146,1
3.382243300031405,-0.2879835202563516,-0.2714198519874884,0.010989010989007397,-0.5128205128205146,1
3.38341260002926,-0.2879835202563516,-0.2714198519874884,0.010989010989007397,-0.5128205128205146,1
3.384914700000081,-0.2879835202563516,-0.2714198519874884,0.010989010989007397,-0.5128205128205146,1
3.3864781000302173,-0.2879835202563516,-0.2714198519874884,0.010989010989007397,-0.5128205128205146,1
3.388207300042268,-0.2879835202563516,-0.2714198519874884,0.010989010989007397,-0.5128205128205146,1
3.3895783000043593,-0.2879835202563516,-0.2714198519874884,0.010989010989007397,-0.5128205128205146,1
3.3913478000322357,-0.2879835202563516,-0.2714198519874884,0.010989010989007397,-0.5128205128205146,1
3.392985700047575,-0.2879835202563516,-0.2714198519874884,0.010989010989007397,-0.5128205128205146,1
3.394471400009934,-0.2879835202563516,-0.2714198519874884,0.010989010989007397,-0.5128205128205146,1
3.3960838000057265,-0.2879835202563516,-0.2714198519874884,0.010989010989007397,-0.5128205128205146,1
3.3976516000111587,-0.2879835202563516,-0.2714198519874884,0.010989010989007397,-0.5128205128205146,1
3.3992451000376604,-0.2879835202563516,-0.2714198519874884,0.010989010989007397,-0.5128205128205146,1
3.4008814000408165,-0.2879835202563516,-0.2714198519874884,0.010989010989007397,-0.5128205128205146,1
3.4026230000308715,-0.2879835202563516,-0.2714198519874884,0.010989010989007397,-0.5128205128205146,1
3.4045509000425227,-0.2879835202563516,-0.2714198519874884,0.010989010989007397,-0.5128205128205146,1
3.4061538000241853,-0.2879835202563516,-0.2714198519874884,0.010989010989007397,-0.5128205128205146,1
3.407863800006453,-0.2879835202563516,-0.2714198519874884,0.010989010989007397,-0.5128205128205146,1
3.4095013000187464,-0.2879835202563516,-0.2714198519874884,0.010989010989007397,-0.5128205128205146,1
3.4111552000395022,-0.2879835202563516,-0.2714198519874884,0.010989010989007397,-0.5128205128205146,1
3.412901100004092,-0.2879835202563516,-0.2714198519874884,0.010989010989007397,-0.5128205128205146,1
3.4146167000290006,-0.2879835202563516,-0.2714198519874884,0.010989010989007397,-0.5128205128205146,1
3.4158944000373594,-0.2879835202563516,-0.2714198519874884,0.010989010989007397,-0.5128205128205146,1
3.4175038000103086,-0.2879835202563516,-0.2714198519874884,0.010989010989007397,-0.5128205128205146,1
3.4191314000054263,-0.2879835202563516,-0.2714198519874884,0.010989010989007397,-0.5128205128205146,1
3.4207396000274457,-0.2879835202563516,-0.2714198519874884,0.010989010989007397,-0.5128205128205146,1
3.42233380000107,-0.2879835202563516,-0.2714198519874884,0.010989010989007397,-0.5128205128205146,1
3.4239434000337496,-0.2879835202563516,-0.2714198519874884,0.010989010989007397,-0.5128205128205146,1
3.425460500002373,-0.2879835202563516,-0.2714198519874884,0.010989010989007397,-0.5128205128205146,1
3.427079900051467,-0.2879835202563516,-0.2714198519874884,0.010989010989007397,-0.5128205128205146,1
3.4287804000196047,-0.2879835202563516,-0.2714198519874884,0.010989010989007397,-0.5128205128205146,1
3.430475800007116,-0.2879835202563516,-0.2714198519874884,0.010989010989007397,-0.5128205128205146,1
3.4320856000413187,-0.2879835202563516,-0.2714198519874884,0.010989010989007397,-0.5128205128205146,1
3.4337430000305176,-0.2879835202563516,-0.2714198519874884,0.010989010989007397,-0.5128205128205146,1
3.4352552000200376,-0.2879835202563516,-0.2714198519874884,0.010989010989007397,-0.5128205128205146,1
3.436830800026655,-0.2879835202563516,-0.2714198519874884,0.010989010989007397,-0.5128205128205146,1
3.438502500008326,-0.2879835202563516,-0.2714198519874884,0.010989010989007397,-0.5128205128205146,1
3.4401387000107206,-0.2879835202563516,-0.2714198519874884,0.010989010989007397,-0.5128205128205146,1
3.4417229000246152,-0.2879835202563516,-0.2714198519874884,0.010989010989007397,-0.5128205128205146,1
3.443407000042498,-0.2879835202563516,-0.2714198519874884,0.010989010989007397,-0.5128205128205146,1
3.4448726000264287,-0.2879835202563516,-0.2714198519874884,0.010989010989007397,-0.5128205128205146,1
3.4464729000465013,-0.2879835202563516,-0.2714198519874884,0.010989010989007397,-0.5128205128205146,1
3.4481197000131942,-0.2879835202563516,-0.2714198519874884,0.010989010989007397,-0.5128205128205146,1
3.449731000000611,-0.2879835202563516,-0.2714198519874884,0.010989010989007397,-0.5128205128205146,1
3.4513101000338793,-0.2879835202563516,-0.2714198519874884,0.010989010989007397,-0.5128205128205146,1
3.452954700042028,-0.2879835202563516,-0.2714198519874884,0.010989010989007397,-0.5128205128205146,1
3.4544870000099763,-0.2879835202563516,-0.2714198519874884,0.010989010989007397,-0.5128205128205146,1
3.4561049000476487,-0.2879835202563516,-0.2714198519874884,0.010989010989007397,-0.5128205128205146,1
3.4577457000268623,-0.2879835202563516,-0.2714198519874884,0.010989010989007397,-0.5128205128205146,1
3.4593595000333153,-0.2879835202563516,-0.2714198519874884,0.010989010989007397,-0.5128205128205146,1
3.4609705000184476,-0.2879835202563516,-0.2714198519874884,0.010989010989007397,-0.5128205128205146,1
3.4625603000167757,-0.2879835202563516,-0.2714198519874884,0.010989010989007397,-0.5128205128205146,1
3.46416470000986,-0.2879835202563516,-0.2714198519874884,0.010989010989007397,-0.5128205128205146,1
3.4656715000164695,-0.2879835202563516,-0.2714198519874884,0.010989010989007397,-0.5128205128205146,1
3.467263600032311,-0.2879835202563516,-0.2714198519874884,0.010989010989007397,-0.5128205128205146,1
3.468901900050696,-0.2879835202563516,-0.2714198519874884,0.010989010989007397,-0.5128205128205146,1
3.4705533000524156,-0.2879835202563516,-0.2714198519874884,0.010989010989007397,-0.5128205128205146,1
3.472236100002192,-0.2879835202563516,-0.2714198519874884,0.010989010989007397,-0.5128205128205146,1
3.473817600053735,-0.2879835202563516,-0.2714198519874884,0.010989010989007397,-0.5128205128205146,1
3.4753250000067055,-0.2879835202563516,-0.2714198519874884,0.010989010989007397,-0.5128205128205146,1
3.476908700016793,-0.2879835202563516,-0.2714198519874884,0.010989010989007397,-0.5128205128205146,1
3.4782135999994352,-0.2879835202563516,-0.2714198519874884,0.010989010989007397,-0.5128205128205146,1
3.479810400051065,-0.2879835202563516,-0.2714198519874884,0.010989010989007397,-0.5128205128205146,1
3.4813913000398315,-0.2879835202563516,-0.2714198519874884,0.010989010989007397,-0.5128205128205146,1
3.4829584000399336,-0.2879835202563516,-0.2714198519874884,0.010989010989007397,-0.5128205128205146,1
3.4844591000000946,-0.2879835202563516,-0.2714198519874884,0.010989010989007397,-0.5128205128205146,1
3.4860502000083216,-0.2879835202563516,-0.2714198519874884,0.010989010989007397,-0.5128205128205146,1
3.4878077000030316,-0.2879835202563516,-0.2714198519874884,-0.0329670329670364,-0.5030525030525048,1
3.489408800029196,-0.2879835202563516,-0.2714198519874884,-0.0329670329670364,-0.5030525030525048,1
3.490560500009451,-0.2879835202563516,-0.2714198519874884,-0.0329670329670364,-0.5030525030525048,1
3.4921310000354424,-0.2879835202563516,-0.2714198519874884,-0.0329670329670364,-0.5030525030525048,1
3.493750000023283,-0.2879835202563516,-0.2714198519874884,-0.0329670329670364,-0.5030525030525048,1
3.4952445000526495,-0.2879835202563516,-0.2714198519874884,-0.0329670329670364,-0.5030525030525048,1
3.496833700046409,-0.2879835202563516,-0.2714198519874884,-0.0329670329670364,-0.5030525030525048,1
3.4984655000152998,-0.2879835202563516,-0.2714198519874884,-0.0329670329670364,-0.5030525030525048,1
3.500082500046119,-0.2879835202563516,-0.2714198519874884,-0.0329670329670364,-0.5030525030525048,1
3.5019723000004888,-0.2879835202563516,-0.2714198519874884,-0.0329670329670364,-0.5030525030525048,1
3.5040918000158854,-0.2879835202563516,-0.2714198519874884,-0.0329670329670364,-0.5030525030525048,1
3.5055957000004128,-0.2879835202563516,-0.2714198519874884,-0.0329670329670364,-0.5030525030525048,1
3.506893400044646,-0.2879835202563516,-0.2714198519874884,-0.0329670329670364,-0.5030525030525048,1
3.5085008000023663,-0.2879835202563516,-0.2714198519874884,-0.0329670329670364,-0.5030525030525048,1
3.5100829000002705,-0.2879835202563516,-0.2714198519874884,-0.0329670329670364,-0.5030525030525048,1
3.511473200051114,-0.2879835202563516,-0.2714198519874884,-0.0329670329670364,-0.5030525030525048,1
3.512916400039103,-0.2879835202563516,-0.2714198519874884,-0.0329670329670364,-0.5030525030525048,1
3.5144924000487663,-0.2879835202563516,-0.2714198519874884,-0.0329670329670364,-0.5030525030525048,1
3.5161633000243455,-0.2879835202563516,-0.2714198519874884,-0.0329670329670364,-0.5030525030525048,1
3.517935200012289,-0.2879835202563516,-0.2714198519874884,-0.0329670329670364,-0.5030525030525048,1
3.519594000012148,-0.2879835202563516,-0.2714198519874884,-0.0329670329670364,-0.5030525030525048,1
3.5213601000141352,-0.2879835202563516,-0.2714198519874884,-0.0329670329670364,-0.5030525030525048,1
3.5224620000226423,-0.2879835202563516,-0.2714198519874884,-0.0329670329670364,-0.5030525030525048,1
3.524097800021991,-0.2879835202563516,-0.2714198519874884,-0.0329670329670364,-0.5030525030525048,1
3.5256302000489086,-0.2879835202563516,-0.2714198519874884,-0.0329670329670364,-0.5030525030525048,1
3.527255500026513,-0.2879835202563516,-0.2714198519874884,-0.0329670329670364,-0.5030525030525048,1
3.528862500039395,-0.2879835202563516,-0.2714198519874884,-0.0329670329670364,-0.5030525030525048,1
3.53050010005245,-0.2879835202563516,-0.2714198519874884,-0.0329670329670364,-0.5030525030525048,1
3.532321500009857,-0.2879835202563516,-0.2714198519874884,-0.0329670329670364,-0.5030525030525048,1
3.5342081999988295,-0.2879835202563516,-0.2714198519874884,-0.0329670329670364,-0.5030525030525048,1
3.5357198000419885,-0.2879835202563516,-0.2714198519874884,-0.0329670329670364,-0.5030525030525048,1
3.5372309000231326,-0.2879835202563516,-0.2714198519874884,-0.0329670329670364,-0.5030525030525048,1
3.5388583000167273,-0.2879835202563516,-0.2714198519874884,-0.0329670329670364,-0.5030525030525048,1
3.540499599999748,-0.2879835202563516,-0.2714198519874884,-0.0329670329670364,-0.5030525030525048,1
3.5421995000215247,-0.2879835202563516,-0.2714198519874884,-0.0329670329670364,-0.5030525030525048,1
3.5438661000225693,-0.2879835202563516,-0.2714198519874884,-0.0329670329670364,-0.5030525030525048,1
3.5453940000152215,-0.2879835202563516,-0.2714198519874884,-0.0329670329670364,-0.5030525030525048,1
3.547005500004161,-0.2879835202563516,-0.2714198519874884,-0.0329670329670364,-0.5030525030525048,1
3.5485916000325233,-0.2879835202563516,-0.2714198519874884,-0.0329670329670364,-0.5030525030525048,1
3.5502164000063203,-0.2879835202563516,-0.2714198519874884,-0.0329670329670364,-0.5030525030525048,1
3.551822000008542,-0.2879835202563516,-0.2714198519874884,-0.0329670329670364,-0.5030525030525048,1
3.553453700034879,-0.2879835202563516,-0.2714198519874884,-0.0329670329670364,-0.5030525030525048,1
3.5549594000331126,-0.2879835202563516,-0.2714198519874884,-0.0329670329670364,-0.5030525030525048,1
3.5565758000011556,-0.2879835202563516,-0.2714198519874884,-0.0329670329670364,-0.5030525030525048,1
3.5582815000088885,-0.2879835202563516,-0.2714198519874884,-0.0329670329670364,-0.5030525030525048,1
3.5599308000528254,-0.2879835202563516,-0.2714198519874884,-0.0329670329670364,-0.5030525030525048,1
3.561516000016127,-0.2879835202563516,-0.2714198519874884,-0.0329670329670364,-0.5030525030525048,1
3.5631478000432253,-0.2879835202563516,-0.2714198519874884,-0.0329670329670364,-0.5030525030525048,1
3.5647046000231057,-0.2879835202563516,-0.2714198519874884,-0.0329670329670364,-0.5030525030525048,1
3.5663583000423387,-0.2879835202563516,-0.2714198519874884,-0.0329670329670364,-0.5030525030525048,1
3.567894800042268,-0.2879835202563516,-0.2714198519874884,-0.0329670329670364,-0.5030525030525048,1
3.569443100015633,-0.2879835202563516,-0.2714198519874884,-0.0329670329670364,-0.5030525030525048,1
3.5710952000226825,-0.2879835202563516,-0.2714198519874884,-0.0329670329670364,-0.5030525030525048,1
3.572683500009589,-0.2879835202563516,-0.2714198519874884,-0.0329670329670364,-0.5030525030525048,1
3.5744070000364445,-0.2879835202563516,-0.2714198519874884,-0.0329670329670364,-0.5030525030525048,1
3.575646500044968,-0.2879835202563516,-0.2714198519874884,-0.0329670329670364,-0.5030525030525048,1
3.5771561000146903,-0.2879835202563516,-0.2714198519874884,-0.0329670329670364,-0.5030525030525048,1
3.578674000047613,-0.2879835202563516,-0.2714198519874884,-0.0329670329670364,-0.5030525030525048,1
3.5803415000555106,-0.2879835202563516,-0.2714198519874884,-0.0329670329670364,-0.5030525030525048,1
3.581974800035823,-0.2879835202563516,-0.2714198519874884,-0.0329670329670364,-0.5030525030525048,1
3.5836625000229105,-0.2879835202563516,-0.2714198519874884,-0.0329670329670364,-0.5030525030525048,1
3.585137600020971,-0.2879835202563516,-0.2714198519874884,-0.0329670329670364,-0.5030525030525048,1
3.586724100052379,-0.2879835202563516,-0.2714198519874884,-0.0329670329670364,-0.5030525030525048,1
3.588370500016026,-0.2879835202563516,-0.2714198519874884,-0.0329670329670364,-0.5030525030525048,1
3.58991680003237,-0.2879835202563516,-0.2714198519874884,-0.0329670329670364,-0.5030525030525048,1
3.591485000040848,-0.2879835202563516,-0.271038376440071,0.010989010989007397,-0.5128205128205146,1
3.5931247000116855,-0.2879835202563516,-0.271038376440071,0.010989010989007397,-0.5128205128205146,1
3.594647200021427,-0.2879835202563516,-0.271038376440071,0.010989010989007397,-0.5128205128205146,1
3.596208800037857,-0.2879835202563516,-0.271038376440071,0.010989010989007397,-0.5128205128205146,1
3.5977711000014096,-0.2879835202563516,-0.271038376440071,0.010989010989007397,-0.5128205128205146,1
3.5993270000326447,-0.2879835202563516,-0.271038376440071,0.010989010989007397,-0.5128205128205146,1
3.6009134000050835,-0.2879835202563516,-0.271038376440071,0.010989010989007397,-0.5128205128205146,1
3.6024869000539184,-0.2879835202563516,-0.271038376440071,0.010989010989007397,-0.5128205128205146,1
3.6041172000113875,-0.2879835202563516,-0.271038376440071,0.010989010989007397,-0.5128205128205146,1
3.605659900000319,-0.2879835202563516,-0.271038376440071,0.010989010989007397,-0.5128205128205146,1
3.607253000023775,-0.2879835202563516,-0.271038376440071,0.010989010989007397,-0.5128205128205146,1
3.608854800055269,-0.2879835202563516,-0.271038376440071,0.010989010989007397,-0.5128205128205146,1
3.6104885000386275,-0.2879835202563516,-0.271038376440071,0.010989010989007397,-0.5128205128205146,1
3.612106300017331,-0.2879835202563516,-0.271038376440071,0.010989010989007397,-0.5128205128205146,1
3.6136973000247963,-0.2879835202563516,-0.271038376440071,0.010989010989007397,-0.5128205128205146,1
3.6152333000209183,-0.2879835202563516,-0.271038376440071,0.010989010989007397,-0.5128205128205146,1
3.6168384000193328,-0.2879835202563516,-0.271038376440071,0.010989010989007397,-0.5128205128205146,1
3.618732300004922,-0.2879835202563516,-0.271038376440071,0.010989010989007397,-0.5128205128205146,1
3.6203535000095144,-0.2879835202563516,-0.271038376440071,0.010989010989007397,-0.5128205128205146,1
3.6220104000531137,-0.2879835202563516,-0.271038376440071,0.010989010989007397,-0.5128205128205146,1
3.623679100011941,-0.2879835202563516,-0.271038376440071,0.010989010989007397,-0.5128205128205146,1
3.625147700018715,-0.2879835202563516,-0.271038376440071,0.010989010989007397,-0.5128205128205146,1
3.6267508000019006,-0.2879835202563516,-0.271038376440071,0.010989010989007397,-0.5128205128205146,1
3.6283891000202857,-0.2879835202563516,-0.271038376440071,0.010989010989007397,-0.5128205128205146,1
3.6301049000467174,-0.2879835202563516,-0.271038376440071,0.010989010989007397,-0.5128205128205146,1
3.6317628000397235,-0.2879835202563516,-0.271038376440071,0.010989010989007397,-0.5128205128205146,1
3.63334300002316,-0.2879835202563516,-0.271038376440071,0.010989010989007397,-0.5128205128205146,1
3.634959000046365,-0.2879835202563516,-0.271038376440071,0.010989010989007397,-0.5128205128205146,1
3.6363228000118397,-0.2879835202563516,-0.271038376440071,0.010989010989007397,-0.5128205128205146,1
3.637915100029204,-0.2879835202563516,-0.271038376440071,0.010989010989007397,-0.5128205128205146,1
3.639613100036513,-0.2879835202563516,-0.271038376440071,0.010989010989007397,-0.5128205128205146,1
3.6412790000322275,-0.2879835202563516,-0.271038376440071,0.010989010989007397,-0.5128205128205146,1
3.6428622000385076,-0.2879835202563516,-0.271038376440071,0.010989010989007397,-0.5128205128205146,1
3.6446278000366874,-0.2879835202563516,-0.271038376440071,0.010989010989007397,-0.5128205128205146,1
3.6462669000029564,-0.2879835202563516,-0.271038376440071,0.010989010989007397,-0.5128205128205146,1
3.6479352000169456,-0.2879835202563516,-0.271038376440071,0.010989010989007397,-0.5128205128205146,1
3.649157700012438,-0.2879835202563516,-0.271038376440071,0.010989010989007397,-0.5128205128205146,1
3.6507668000413105,-0.2879835202563516,-0.271038376440071,0.010989010989007397,-0.5128205128205146,1
3.652373200049624,-0.2879835202563516,-0.271038376440071,0.010989010989007397,-0.5128205128205146,1
3.653980800008867,-0.2879835202563516,-0.271038376440071,0.010989010989007397,-0.5128205128205146,1
3.6555780000053346,-0.2879835202563516,-0.271038376440071,0.010989010989007397,-0.5128205128205146,1
3.657210400037002,-0.2879835202563516,-0.271038376440071,0.010989010989007397,-0.5128205128205146,1
3.658913500024937,-0.2879835202563516,-0.271038376440071,0.010989010989007397,-0.5128205128205146,1
3.6605926000047475,-0.2879835202563516,-0.271038376440071,0.010989010989007397,-0.5128205128205146,1
3.662252600013744,-0.2879835202563516,-0.271038376440071,0.010989010989007397,-0.5128205128205146,1
3.6637006000382826,-0.2879835202563516,-0.271038376440071,0.010989010989007397,-0.5128205128205146,1
3.6655876000295393,-0.2879835202563516,-0.271038376440071,0.010989010989007397,-0.5128205128205146,1
3.667267900018487,-0.2879835202563516,-0.271038376440071,0.010989010989007397,-0.5128205128205146,1
3.6689394999993965,-0.2879835202563516,-0.271038376440071,0.010989010989007397,-0.5128205128205146,1
3.6705989000038244,-0.2879835202563516,-0.271038376440071,0.010989010989007397,-0.5128205128205146,1
3.671920799999498,-0.2879835202563516,-0.271038376440071,0.010989010989007397,-0.5128205128205146,1
3.6734246000414714,-0.2879835202563516,-0.271038376440071,0.010989010989007397,-0.5128205128205146,1
3.6749965000199154,-0.2879835202563516,-0.271038376440071,0.010989010989007397,-0.5128205128205146,1
3.676707400009036,-0.2879835202563516,-0.271038376440071,0.010989010989007397,-0.5128205128205146,1
3.6783738000085577,-0.2879835202563516,-0.271038376440071,0.010989010989007397,-0.5128205128205146,1
3.6802322000148706,-0.2879835202563516,-0.271038376440071,0.010989010989007397,-0.5128205128205146,1
3.6815914000035264,-0.2879835202563516,-0.271038376440071,0.010989010989007397,-0.5128205128205146,1
3.683204700006172,-0.2879835202563516,-0.271038376440071,0.010989010989007397,-0.5128205128205146,1
3.684719100012444,-0.2879835202563516,-0.271038376440071,0.010989010989007397,-0.5128205128205146,1
3.6860957000171766,-0.2879835202563516,-0.271038376440071,0.010989010989007397,-0.5128205128205146,1
3.687415200052783,-0.2879835202563516,-0.271038376440071,0.010989010989007397,-0.5128205128205146,1
3.689038000011351,-0.2879835202563516,-0.271038376440071,0.010989010989007397,-0.5128205128205146,1
3.690581500006374,-0.2879835202563516,-0.271038376440071,0.010989010989007397,-0.5128205128205146,1
3.6922142000403255,-0.2879835202563516,-0.271038376440071,0.010989010989007397,-0.5128205128205146,1
3.6938930000178516,-0.2879835202563516,-0.271038376440071,0.010989010989007397,-0.5128205128205146,1
3.6954283000086434,-0.2879835202563516,-0.271038376440071,0.010989010989007397,-0.5128205128205146,1
3.6969663000199944,-0.2879835202563516,-0.271038376440071,-0.010989010989007397,-0.5128205128205146,1
3.698638000001665,-0.2879835202563516,-0.271038376440071,-0.010989010989007397,-0.5128205128205146,1
3.7003274000016972,-0.2879835202563516,-0.271038376440071,-0.010989010989007397,-0.5128205128205146,1
3.7019567000097595,-0.2879835202563516,-0.271038376440071,-0.010989010989007397,-0.5128205128205146,1
3.703571100020781,-0.2879835202563516,-0.271038376440071,-0.010989010989007397,-0.5128205128205146,1
3.7050387000199407,-0.2879835202563516,-0.271038376440071,-0.010989010989007397,-0.5128205128205146,1
3.7066172000486404,-0.2879835202563516,-0.271038376440071,-0.010989010989007397,-0.5128205128205146,1
3.7082574000232853,-0.2879835202563516,-0.271038376440071,-0.010989010989007397,-0.5128205128205146,1
3.709845300007146,-0.2879835202563516,-0.271038376440071,-0.010989010989007397,-0.5128205128205146,1
3.7115681000286713,-0.2879835202563516,-0.271038376440071,-0.010989010989007397,-0.5128205128205146,1
3.7133134000469,-0.2879835202563516,-0.271038376440071,-0.010989010989007397,-0.5128205128205146,1
3.7148207999998704,-0.2879835202563516,-0.271038376440071,-0.010989010989007397,-0.5128205128205146,1
3.71641140000429,-0.2879835202563516,-0.271038376440071,-0.010989010989007397,-0.5128205128205146,1
3.718022200046107,-0.2879835202563516,-0.271038376440071,-0.010989010989007397,-0.5128205128205146,1
3.7196450000046752,-0.2879835202563516,-0.271038376440071,-0.010989010989007397,-0.5128205128205146,1
3.721306600025855,-0.2879835202563516,-0.271038376440071,-0.010989010989007397,-0.5128205128205146,1
3.7229315000004135,-0.2879835202563516,-0.271038376440071,-0.010989010989007397,-0.5128205128205146,1
3.7244808000396006,-0.2879835202563516,-0.271038376440071,-0.010989010989007397,-0.5128205128205146,1
3.7260978000122122,-0.2879835202563516,-0.271038376440071,-0.010989010989007397,-0.5128205128205146,1
3.727593000046909,-0.2879835202563516,-0.271038376440071,-0.010989010989007397,-0.5128205128205146,1
3.7295236000209115,-0.2879835202563516,-0.271038376440071,-0.010989010989007397,-0.5128205128205146,1
3.7311131000169553,-0.2879835202563516,-0.271038376440071,-0.010989010989007397,-0.5128205128205146,1
3.7327157000545412,-0.2879835202563516,-0.271038376440071,-0.010989010989007397,-0.5128205128205146,1
3.734221700055059,-0.2879835202563516,-0.271038376440071,-0.010989010989007397,-0.5128205128205146,1
3.7353867000201717,-0.2879835202563516,-0.271038376440071,-0.010989010989007397,-0.5128205128205146,1
3.736984700022731,-0.2879835202563516,-0.271038376440071,-0.010989010989007397,-0.5128205128205146,1
3.7386735000181943,-0.2879835202563516,-0.271038376440071,-0.010989010989007397,-0.5128205128205146,1
3.7403129000449553,-0.2879835202563516,-0.271038376440071,-0.010989010989007397,-0.5128205128205146,1
3.741911200049799,-0.2879835202563516,-0.271038376440071,-0.010989010989007397,-0.5128205128205146,1
3.743524600053206,-0.2879835202563516,-0.271038376440071,-0.010989010989007397,-0.5128205128205146,1
3.745502200035844,-0.2879835202563516,-0.271038376440071,-0.010989010989007397,-0.5128205128205146,1
3.74708840000676,-0.2879835202563516,-0.271038376440071,-0.010989010989007397,-0.5128205128205146,1
3.7487842000555247,-0.2879835202563516,-0.271038376440071,-0.010989010989007397,-0.5128205128205146,1
3.7503754000063054,-0.2879835202563516,-0.271038376440071,-0.010989010989007397,-0.5128205128205146,1
3.7520514000207186,-0.2879835202563516,-0.271038376440071,-0.010989010989007397,-0.5128205128205146,1
3.7536630000104196,-0.2879835202563516,-0.271038376440071,-0.010989010989007397,-0.5128205128205146,1
3.755169100011699,-0.2879835202563516,-0.271038376440071,-0.010989010989007397,-0.5128205128205146,1
3.7567798000527546,-0.2879835202563516,-0.271038376440071,-0.010989010989007397,-0.5128205128205146,1
3.7586194000323303,-0.2879835202563516,-0.271038376440071,-0.010989010989007397,-0.5128205128205146,1
3.75997750001261,-0.2879835202563516,-0.271038376440071,-0.010989010989007397,-0.5128205128205146,1
3.7615732999984175,-0.2879835202563516,-0.271038376440071,-0.010989010989007397,-0.5128205128205146,1
3.763393900007941,-0.2879835202563516,-0.271038376440071,-0.010989010989007397,-0.5128205128205146,1
3.76496080000652,-0.2879835202563516,-0.271038376440071,-0.010989010989007397,-0.5128205128205146,1
3.766587900056038,-0.2879835202563516,-0.271038376440071,-0.010989010989007397,-0.5128205128205146,1
3.767766800010577,-0.2879835202563516,-0.271038376440071,-0.010989010989007397,-0.5128205128205146,1
3.7692686000373214,-0.2879835202563516,-0.271038376440071,-0.010989010989007397,-0.5128205128205146,1
3.770898000046145,-0.2879835202563516,-0.271038376440071,-0.010989010989007397,-0.5128205128205146,1
3.7725085000274703,-0.2879835202563516,-0.271038376440071,-0.010989010989007397,-0.5128205128205146,1
3.7741285000229254,-0.2879835202563516,-0.271038376440071,-0.010989010989007397,-0.5128205128205146,1
3.775626500020735,-0.2879835202563516,-0.271038376440071,-0.010989010989007397,-0.5128205128205146,1
3.7772407000302337,-0.2879835202563516,-0.271038376440071,-0.010989010989007397,-0.5128205128205146,1
3.7789210000191815,-0.2879835202563516,-0.271038376440071,-0.010989010989007397,-0.5128205128205146,1
3.780571000010241,-0.2879835202563516,-0.271038376440071,-0.010989010989007397,-0.5128205128205146,1
3.7821499000419863,-0.2879835202563516,-0.271038376440071,-0.010989010989007397,-0.5128205128205146,1
3.7832868000259623,-0.2879835202563516,-0.271038376440071,-0.010989010989007397,-0.5128205128205146,1
3.7848996000248007,-0.2879835202563516,-0.271038376440071,-0.010989010989007397,-0.5128205128205146,1
3.7864816000219434,-0.2879835202563516,-0.271038376440071,-0.010989010989007397,-0.5128205128205146,1
3.7881582000409253,-0.2879835202563516,-0.271038376440071,-0.010989010989007397,-0.5128205128205146,1
3.7898022000445053,-0.2879835202563516,-0.271038376440071,-0.010989010989007397,-0.5128205128205146,1
3.7909566000453196,-0.2879835202563516,-0.271038376440071,-0.010989010989007397,-0.5128205128205146,1
3.793119400041178,-0.2879835202563516,-0.271038376440071,-0.010989010989007397,-0.5128205128205146,1
3.794661800027825,-0.2879835202563516,-0.271038376440071,-0.010989010989007397,-0.5128205128205146,1
3.7962731000152417,-0.2879835202563516,-0.271038376440071,-0.010989010989007397,-0.5128205128205146,1
3.797958000039216,-0.2879835202563516,-0.271038376440071,-0.010989010989007397,-0.5128205128205146,1
3.7996023000450805,-0.2879835202563516,-0.271038376440071,-0.010989010989007397,-0.5128205128205146,1
3.80133610003395,-0.2879835202563516,-0.271038376440071,-0.010989010989007397,-0.5128205128205146,1
3.802976100007072,-0.2879835202563516,-0.271038376440071,-0.010989010989007397,-0.5128205128205146,1
3.80452340003103,-0.2879835202563516,-0.271038376440071,-0.010989010989007397,-0.5128205128205146,1
3.806192700052634,-0.2879835202563516,-0.271038376440071,-0.010989010989007397,-0.5128205128205146,1
3.8074162999982946,-0.2879835202563516,-0.2714198519874884,-0.010989010989007397,-0.5128205128205146,1
3.809105000051204,-0.2879835202563516,-0.2714198519874884,-0.010989010989007397,-0.5128205128205146,1
3.8107651000027545,-0.2879835202563516,-0.2714198519874884,-0.010989010989007397,-0.5128205128205146,1
3.8124127000337467,-0.2879835202563516,-0.2714198519874884,-0.010989010989007397,-0.5128205128205146,1
3.8140578000457026,-0.2879835202563516,-0.2714198519874884,-0.010989010989007397,-0.5128205128205146,1
3.81557450001128,-0.2879835202563516,-0.2714198519874884,-0.010989010989007397,-0.5128205128205146,1
3.8172730000223964,-0.2879835202563516,-0.2714198519874884,-0.010989010989007397,-0.5128205128205146,1
3.8188652000389993,-0.2879835202563516,-0.2714198519874884,-0.010989010989007397,-0.5128205128205146,1
3.8204605000209995,-0.2879835202563516,-0.2714198519874884,-0.010989010989007397,-0.5128205128205146,1
3.8221166000002995,-0.2879835202563516,-0.2714198519874884,-0.010989010989007397,-0.5128205128205146,1
3.823813800001517,-0.2879835202563516,-0.2714198519874884,-0.010989010989007397,-0.5128205128205146,1
3.8253105000476353,-0.2879835202563516,-0.2714198519874884,-0.010989010989007397,-0.5128205128205146,1
3.8266803000005893,-0.2879835202563516,-0.2714198519874884,-0.010989010989007397,-0.5128205128205146,1
3.8282860000035726,-0.2879835202563516,-0.2714198519874884,-0.010989010989007397,-0.5128205128205146,1
3.829856700031087,-0.2879835202563516,-0.2714198519874884,-0.010989010989007397,-0.5128205128205146,1
3.8314618000295013,-0.2879835202563516,-0.2714198519874884,-0.010989010989007397,-0.5128205128205146,1
3.83307860000059,-0.2879835202563516,-0.2714198519874884,-0.010989010989007397,-0.5128205128205146,1
3.8346619000076316,-0.2879835202563516,-0.2714198519874884,-0.010989010989007397,-0.5128205128205146,1
3.836240100034047,-0.2879835202563516,-0.2714198519874884,-0.010989010989007397,-0.5128205128205146,1
3.837972500012256,-0.2879835202563516,-0.2714198519874884,-0.010989010989007397,-0.5128205128205146,1
3.8391796000069007,-0.2879835202563516,-0.2714198519874884,-0.010989010989007397,-0.5128205128205146,1
3.840861800010316,-0.2879835202563516,-0.2714198519874884,-0.010989010989007397,-0.5128205128205146,1
3.842540900048334,-0.2879835202563516,-0.2714198519874884,-0.010989010989007397,-0.5128205128205146,1
3.8441900000325404,-0.2879835202563516,-0.2714198519874884,-0.010989010989007397,-0.5128205128205146,1
3.845696400036104,-0.2879835202563516,-0.2714198519874884,-0.010989010989007397,-0.5128205128205146,1
3.8472830000100657,-0.2879835202563516,-0.2714198519874884,-0.010989010989007397,-0.5128205128205146,1
3.8489468000479974,-0.2879835202563516,-0.2714198519874884,-0.010989010989007397,-0.5128205128205146,1
3.8505681000533514,-0.2879835202563516,-0.2714198519874884,-0.010989010989007397,-0.5128205128205146,1
3.8518450999981724,-0.2879835202563516,-0.2714198519874884,-0.010989010989007397,-0.5128205128205146,1
3.8533591000013985,-0.2879835202563516,-0.2714198519874884,-0.010989010989007397,-0.5128205128205146,1
3.8548646999988705,-0.2879835202563516,-0.2714198519874884,-0.010989010989007397,-0.5128205128205146,1
3.856423800054472,-0.2879835202563516,-0.2714198519874884,-0.010989010989007397,-0.5128205128205146,1
3.8581842000130564,-0.2879835202563516,-0.2714198519874884,-0.010989010989007397,-0.5128205128205146,1
3.859887600003276,-0.2879835202563516,-0.2714198519874884,-0.010989010989007397,-0.5128205128205146,1
3.861193800054025,-0.2879835202563516,-0.2714198519874884,-0.010989010989007397,-0.5128205128205146,1
3.862884700007271,-0.2879835202563516,-0.2714198519874884,-0.010989010989007397,-0.5128205128205146,1
3.864410400041379,-0.2879835202563516,-0.2714198519874884,-0.010989010989007397,-0.5128205128205146,1
3.8660884000128135,-0.2879835202563516,-0.2714198519874884,-0.010989010989007397,-0.5128205128205146,1
3.8677353000384755,-0.2879835202563516,-0.2714198519874884,-0.010989010989007397,-0.5128205128205146,1
3.8696728000068106,-0.2879835202563516,-0.2714198519874884,-0.010989010989007397,-0.5128205128205146,1
3.871314100048039,-0.2879835202563516,-0.2714198519874884,-0.010989010989007397,-0.5128205128205146,1
3.8727982999989763,-0.2879835202563516,-0.2714198519874884,-0.010989010989007397,-0.5128205128205146,1
3.87430540000787,-0.2879835202563516,-0.2714198519874884,-0.010989010989007397,-0.5128205128205146,1
3.8759215000318363,-0.2879835202563516,-0.2714198519874884,-0.010989010989007397,-0.5128205128205146,1
3.8775126000400633,-0.2879835202563516,-0.2714198519874884,-0.010989010989007397,-0.5128205128205146,1
3.879107400018256,-0.2879835202563516,-0.2714198519874884,-0.010989010989007397,-0.5128205128205146,1
3.8807113000075333,-0.2879835202563516,-0.2714198519874884,-0.010989010989007397,-0.5128205128205146,1
3.8822756000445224,-0.2879835202563516,-0.2714198519874884,-0.010989010989007397,-0.5128205128205146,1
3.8840511000016704,-0.2879835202563516,-0.2714198519874884,-0.010989010989007397,-0.5128205128205146,1
3.8855190000031143,-0.2879835202563516,-0.2714198519874884,-0.010989010989007397,-0.5128205128205146,1
3.887033300008625,-0.2879835202563516,-0.2714198519874884,-0.010989010989007397,-0.5128205128205146,1
3.888691700005438,-0.2879835202563516,-0.2714198519874884,-0.010989010989007397,-0.5128205128205146,1
3.8901864000363275,-0.2879835202563516,-0.2714198519874884,-0.010989010989007397,-0.5128205128205146,1
3.891805800027214,-0.2879835202563516,-0.2714198519874884,-0.010989010989007397,-0.5128205128205146,1
3.8933999000000767,-0.2879835202563516,-0.2714198519874884,-0.010989010989007397,-0.5128205128205146,1
3.8948811000445858,-0.2879835202563516,-0.2714198519874884,-0.010989010989007397,-0.5128205128205146,1
3.8963980000116862,-0.2879835202563516,-0.2714198519874884,-0.010989010989007397,-0.5128205128205146,1
3.8981626000022516,-0.2879835202563516,-0.2714198519874884,-0.010989010989007397,-0.5128205128205146,1
3.899398800043855,-0.2879835202563516,-0.2714198519874884,-0.010989010989007397,-0.5128205128205146,1
3.901021600002423,-0.2879835202563516,-0.2714198519874884,-0.010989010989007397,-0.5128205128205146,1
3.9026699000387453,-0.2879835202563516,-0.2714198519874884,-0.010989010989007397,-0.5128205128205146,1
3.9043701000045985,-0.2879835202563516,-0.2714198519874884,-0.010989010989007397,-0.5128205128205146,1
3.9060186000424437,-0.2879835202563516,-0.2714198519874884,-0.010989010989007397,-0.5128205128205146,1
3.907685400045011,-0.2879835202563516,-0.2714198519874884,-0.010989010989007397,-0.5128205128205146,1
3.9093856000108644,-0.2879835202563516,-0.2714198519874884,-0.010989010989007397,-0.5128205128205146,1
3.9110849000280723,-0.2879835202563516,-0.2714198519874884,-0.010989010989007397,-0.5128205128205146,1
3.912706400034949,-0.2879835202563516,-0.2714198519874884,-0.010989010989007397,-0.5128205128205146,1
3.914470400020946,-0.2879835202563516,-0.2714198519874884,-0.010989010989007397,-0.5128205128205146,1
3.91595180000877,-0.2879835202563516,-0.2714198519874884,-0.010989010989007397,-0.5225885225885243,1
3.9176847000489943,-0.2879835202563516,-0.2714198519874884,-0.010989010989007397,-0.5225885225885243,1
3.919356200029142,-0.2879835202563516,-0.2714198519874884,-0.010989010989007397,-0.5225885225885243,1
3.9210456000291742,-0.2879835202563516,-0.2714198519874884,-0.010989010989007397,-0.5225885225885243,1
3.9226270000217482,-0.2879835202563516,-0.2714198519874884,-0.010989010989007397,-0.5225885225885243,1
3.9242894000490196,-0.2879835202563516,-0.2714198519874884,-0.010989010989007397,-0.5225885225885243,1
3.9259393000393175,-0.2879835202563516,-0.2714198519874884,-0.010989010989007397,-0.5225885225885243,1
3.927511500020046,-0.2879835202563516,-0.2714198519874884,-0.010989010989007397,-0.5225885225885243,1
3.928838700056076,-0.2879835202563516,-0.2714198519874884,-0.010989010989007397,-0.5225885225885243,1
3.9305671000038274,-0.2879835202563516,-0.2714198519874884,-0.010989010989007397,-0.5225885225885243,1
3.9333238000399433,-0.2879835202563516,-0.2714198519874884,-0.010989010989007397,-0.5225885225885243,1
3.9352565000299364,-0.2879835202563516,-0.2714198519874884,-0.010989010989007397,-0.5225885225885243,1
3.936870200035628,-0.2879835202563516,-0.2714198519874884,-0.010989010989007397,-0.5225885225885243,1
3.938213200017344,-0.2879835202563516,-0.2714198519874884,-0.010989010989007397,-0.5225885225885243,1
3.93984480004292,-0.2879835202563516,-0.2714198519874884,-0.010989010989007397,-0.5225885225885243,1
3.9414561000303365,-0.2879835202563516,-0.2714198519874884,-0.010989010989007397,-0.5225885225885243,1
3.9430901000159793,-0.2879835202563516,-0.2714198519874884,-0.010989010989007397,-0.5225885225885243,1
3.944617400004063,-0.2879835202563516,-0.2714198519874884,-0.010989010989007397,-0.5225885225885243,1
3.947148000006564,-0.2879835202563516,-0.2714198519874884,-0.010989010989007397,-0.5225885225885243,1
3.9483203000272624,-0.2879835202563516,-0.2714198519874884,-0.010989010989007397,-0.5225885225885243,1
3.949971700028982,-0.2879835202563516,-0.2714198519874884,-0.010989010989007397,-0.5225885225885243,1
3.9517590000177734,-0.2879835202563516,-0.2714198519874884,-0.010989010989007397,-0.5225885225885243,1
3.953424100007396,-0.2879835202563516,-0.2714198519874884,-0.010989010989007397,-0.5225885225885243,1
3.9549164000200108,-0.2879835202563516,-0.2714198519874884,-0.010989010989007397,-0.5225885225885243,1
3.956476500025019,-0.2879835202563516,-0.2714198519874884,-0.010989010989007397,-0.5225885225885243,1
3.9580848000478,-0.2879835202563516,-0.2714198519874884,-0.010989010989007397,-0.5225885225885243,1
3.9596797000267543,-0.2879835202563516,-0.2714198519874884,-0.010989010989007397,-0.5225885225885243,1
3.9613260000478476,-0.2879835202563516,-0.2714198519874884,-0.010989010989007397,-0.5225885225885243,1
3.9630274000228383,-0.2879835202563516,-0.2714198519874884,-0.010989010989007397,-0.5225885225885243,1
3.9644700000062585,-0.2879835202563516,-0.2714198519874884,-0.010989010989007397,-0.5225885225885243,1
3.9660713000339456,-0.2879835202563516,-0.2714198519874884,-0.010989010989007397,-0.5225885225885243,1
3.9678437000256963,-0.2879835202563516,-0.2714198519874884,-0.010989010989007397,-0.5225885225885243,1
3.9693542000022717,-0.2879835202563516,-0.2714198519874884,-0.010989010989007397,-0.5225885225885243,1
3.970946300018113,-0.2879835202563516,-0.2714198519874884,-0.010989010989007397,-0.5225885225885243,1
3.972536300017964,-0.2879835202563516,-0.2714198519874884,-0.010989010989007397,-0.5225885225885243,1
3.9741790000116453,-0.2879835202563516,-0.2714198519874884,-0.010989010989007397,-0.5225885225885243,1
3.9756637000245973,-0.2879835202563516,-0.2714198519874884,-0.010989010989007397,-0.5225885225885243,1
3.977349100052379,-0.2879835202563516,-0.2714198519874884,-0.010989010989007397,-0.5225885225885243,1
3.981468500045594,-0.2879835202563516,-0.2714198519874884,-0.010989010989007397,-0.5225885225885243,1
3.9831356000504456,-0.2879835202563516,-0.2714198519874884,-0.010989010989007397,-0.5225885225885243,1
3.9846533000236377,-0.2879835202563516,-0.2714198519874884,-0.010989010989007397,-0.5225885225885243,1
3.9863513000309467,-0.2879835202563516,-0.2714198519874884,-0.010989010989007397,-0.5225885225885243,1
3.987901700020302,-0.2879835202563516,-0.2714198519874884,-0.010989010989007397,-0.5225885225885243,1
3.989411100046709,-0.2879835202563516,-0.2714198519874884,-0.010989010989007397,-0.5225885225885243,1
3.991077800048515,-0.2879835202563516,-0.2714198519874884,-0.010989010989007397,-0.5225885225885243,1
3.992870200017933,-0.2879835202563516,-0.2714198519874884,-0.010989010989007397,-0.5225885225885243,1
3.994600900041405,-0.2879835202563516,-0.2714198519874884,-0.010989010989007397,-0.5225885225885243,1
3.996317800018005,-0.2879835202563516,-0.2714198519874884,-0.010989010989007397,-0.5225885225885243,1
3.997750900045503,-0.2879835202563516,-0.2714198519874884,-0.010989010989007397,-0.5225885225885243,1
3.9993318000342697,-0.2879835202563516,-0.2714198519874884,-0.010989010989007397,-0.5225885225885243,1
4.00097790005384,-0.2879835202563516,-0.2714198519874884,-0.010989010989007397,-0.5225885225885243,1
4.002566500043031,-0.2879835202563516,-0.2714198519874884,-0.010989010989007397,-0.5225885225885243,1
4.00417260004906,-0.2879835202563516,-0.2714198519874884,-0.010989010989007397,-0.5225885225885243,1
4.005664299998898,-0.2879835202563516,-0.2714198519874884,-0.010989010989007397,-0.5225885225885243,1
4.007229800045025,-0.2879835202563516,-0.2714198519874884,-0.010989010989007397,-0.5225885225885243,1
4.009048400039319,-0.2879835202563516,-0.2714198519874884,-0.010989010989007397,-0.5225885225885243,1
4.010335800005123,-0.2879835202563516,-0.2714198519874884,-0.010989010989007397,-0.5225885225885243,1
4.0119676000322215,-0.2879835202563516,-0.2714198519874884,-0.010989010989007397,-0.5225885225885243,1
4.013618600030895,-0.2879835202563516,-0.2714198519874884,-0.010989010989007397,-0.5225885225885243,1
4.015106200007722,-0.2879835202563516,-0.2714198519874884,-0.010989010989007397,-0.5225885225885243,1
4.01669340004446,-0.2879835202563516,-0.2714198519874884,-0.010989010989007397,-0.5225885225885243,1
4.018301100004464,-0.2879835202563516,-0.2714198519874884,-0.010989010989007397,-0.5225885225885243,1
4.019873200042639,-0.2879835202563516,-0.2714198519874884,-0.010989010989007397,-0.5225885225885243,1
4.021461700031068,-0.2879835202563516,-0.2714198519874884,-0.010989010989007397,-0.5225885225885243,1
4.023292700003367,-0.2879835202563516,-0.2714198519874884,-0.010989010989007397,-0.5225885225885243,1
4.0248419000417925,-0.2879835202563516,-0.2714198519874884,-0.0329670329670364,-0.5128205128205146,1
4.02645930001745,-0.2879835202563516,-0.2714198519874884,-0.0329670329670364,-0.5128205128205146,1
4.0280850999988616,-0.2879835202563516,-0.2714198519874884,-0.0329670329670364,-0.5128205128205146,1
4.029669500014279,-0.2879835202563516,-0.2714198519874884,-0.0329670329670364,-0.5128205128205146,1
4.031288400001358,-0.2879835202563516,-0.2714198519874884,-0.0329670329670364,-0.5128205128205146,1
4.032691200030968,-0.2879835202563516,-0.2714198519874884,-0.0329670329670364,-0.5128205128205146,1
4.034319000027608,-0.2879835202563516,-0.2714198519874884,-0.0329670329670364,-0.5128205128205146,1
4.0359113000449724,-0.2879835202563516,-0.2714198519874884,-0.0329670329670364,-0.5128205128205146,1
4.037559000018518,-0.2879835202563516,-0.2714198519874884,-0.0329670329670364,-0.5128205128205146,1
4.039377300010528,-0.2879835202563516,-0.2714198519874884,-0.0329670329670364,-0.5128205128205146,1
4.040905900008511,-0.2879835202563516,-0.2714198519874884,-0.0329670329670364,-0.5128205128205146,1
4.042574100021739,-0.2879835202563516,-0.2714198519874884,-0.0329670329670364,-0.5128205128205146,1
4.0442333000246435,-0.2879835202563516,-0.2714198519874884,-0.0329670329670364,-0.5128205128205146,1
4.045718700042926,-0.2879835202563516,-0.2714198519874884,-0.0329670329670364,-0.5128205128205146,1
4.047309400048107,-0.2879835202563516,-0.2714198519874884,-0.0329670329670364,-0.5128205128205146,1
4.048823700053617,-0.2879835202563516,-0.2714198519874884,-0.0329670329670364,-0.5128205128205146,1
4.050434300035704,-0.2879835202563516,-0.2714198519874884,-0.0329670329670364,-0.5128205128205146,1
4.052026400051545,-0.2879835202563516,-0.2714198519874884,-0.0329670329670364,-0.5128205128205146,1
4.053613300027791,-0.2879835202563516,-0.2714198519874884,-0.0329670329670364,-0.5128205128205146,1
4.055226500029676,-0.2879835202563516,-0.2714198519874884,-0.0329670329670364,-0.5128205128205146,1
4.056868100014981,-0.2879835202563516,-0.2714198519874884,-0.0329670329670364,-0.5128205128205146,1
4.058495900011621,-0.2879835202563516,-0.2714198519874884,-0.0329670329670364,-0.5128205128205146,1
4.0601227000006475,-0.2879835202563516,-0.2714198519874884,-0.0329670329670364,-0.5128205128205146,1
4.061711400048807,-0.2879835202563516,-0.2714198519874884,-0.0329670329670364,-0.5128205128205146,1
4.063312500016764,-0.2879835202563516,-0.2714198519874884,-0.0329670329670364,-0.5128205128205146,1
4.064823100052308,-0.2879835202563516,-0.2714198519874884,-0.0329670329670364,-0.5128205128205146,1
4.0664078000118025,-0.2879835202563516,-0.2714198519874884,-0.0329670329670364,-0.5128205128205146,1
4.067985100031365,-0.2879835202563516,-0.2714198519874884,-0.0329670329670364,-0.5128205128205146,1
4.070110500033479,-0.2879835202563516,-0.2714198519874884,-0.0329670329670364,-0.5128205128205146,1
4.072227800032124,-0.2879835202563516,-0.2714198519874884,-0.0329670329670364,-0.5128205128205146,1
4.0739458000171,-0.2879835202563516,-0.2714198519874884,-0.0329670329670364,-0.5128205128205146,1
4.075422000023536,-0.2879835202563516,-0.2714198519874884,-0.0329670329670364,-0.5128205128205146,1
4.076999600045383,-0.2879835202563516,-0.2714198519874884,-0.0329670329670364,-0.5128205128205146,1
4.078683500003535,-0.2879835202563516,-0.2714198519874884,-0.0329670329670364,-0.5128205128205146,1
4.080313700018451,-0.2879835202563516,-0.2714198519874884,-0.0329670329670364,-0.5128205128205146,1
4.081958200025838,-0.2879835202563516,-0.2714198519874884,-0.0329670329670364,-0.5128205128205146,1
4.083600600017235,-0.2879835202563516,-0.2714198519874884,-0.0329670329670364,-0.5128205128205146,1
4.085067100008018,-0.2879835202563516,-0.2714198519874884,-0.0329670329670364,-0.5128205128205146,1
4.086693200049922,-0.2879835202563516,-0.2714198519874884,-0.0329670329670364,-0.5128205128205146,1
4.088424600020517,-0.2879835202563516,-0.2714198519874884,-0.0329670329670364,-0.5128205128205146,1
4.089870300027542,-0.2879835202563516,-0.2714198519874884,-0.0329670329670364,-0.5128205128205146,1
4.091458300012164,-0.2879835202563516,-0.2714198519874884,-0.0329670329670364,-0.5128205128205146,1
4.093026600021403,-0.2879835202563516,-0.2714198519874884,-0.0329670329670364,-0.5128205128205146,1
4.094531500013545,-0.2879835202563516,-0.2714198519874884,-0.0329670329670364,-0.5128205128205146,1
4.096107500023209,-0.2879835202563516,-0.2714198519874884,-0.0329670329670364,-0.5128205128205146,1
4.097905200032983,-0.2879835202563516,-0.2714198519874884,-0.0329670329670364,-0.5128205128205146,1
4.099983700027224,-0.2879835202563516,-0.2714198519874884,-0.0329670329670364,-0.5128205128205146,1
4.101334200007841,-0.2879835202563516,-0.2714198519874884,-0.0329670329670364,-0.5128205128205146,1
4.103003300027922,-0.2879835202563516,-0.2714198519874884,-0.0329670329670364,-0.5128205128205146,1
4.104469700017944,-0.2879835202563516,-0.2714198519874884,-0.0329670329670364,-0.5128205128205146,1
4.106112800014671,-0.2879835202563516,-0.2714198519874884,-0.0329670329670364,-0.5128205128205146,1
4.107761899998877,-0.2879835202563516,-0.2714198519874884,-0.0329670329670364,-0.5128205128205146,1
4.109400600020308,-0.2879835202563516,-0.2714198519874884,-0.0329670329670364,-0.5128205128205146,1
4.11108530004276,-0.2879835202563516,-0.2714198519874884,-0.0329670329670364,-0.5128205128205146,1
4.112846200005151,-0.2879835202563516,-0.2714198519874884,-0.0329670329670364,-0.5128205128205146,1
4.114555700041819,-0.2879835202563516,-0.2714198519874884,-0.0329670329670364,-0.5128205128205146,1
4.11569690000033,-0.2879835202563516,-0.2714198519874884,-0.0329670329670364,-0.5128205128205146,1
4.1172804000088945,-0.2879835202563516,-0.2714198519874884,-0.0329670329670364,-0.5128205128205146,1
4.118956700025592,-0.2879835202563516,-0.2714198519874884,-0.0329670329670364,-0.5128205128205146,1
4.120578000030946,-0.2879835202563516,-0.2714198519874884,-0.0329670329670364,-0.5128205128205146,1
4.122154600045178,-0.2879835202563516,-0.2714198519874884,-0.0329670329670364,-0.5128205128205146,1
4.123754900007043,-0.2879835202563516,-0.2714198519874884,-0.0329670329670364,-0.5128205128205146,1
4.125284700014163,-0.2879835202563516,-0.2714198519874884,-0.0329670329670364,-0.5128205128205146,1
4.126912000006996,-0.2879835202563516,-0.2714198519874884,-0.0329670329670364,-0.5128205128205146,1
4.128582100034691,-0.2879835202563516,-0.2714198519874884,-0.0329670329670364,-0.5128205128205146,1
4.130208900023717,-0.2879835202563516,-0.2714198519874884,-0.0329670329670364,-0.5128205128205146,1
4.131772799999453,-0.2879835202563516,-0.2714198519874884,-0.0329670329670364,-0.5128205128205146,1
4.133370399998967,-0.2879835202563516,-0.2714198519874884,-0.0329670329670364,-0.5128205128205146,1
4.13488300004974,-0.2879835202563516,-0.2714198519874884,-0.0329670329670364,-0.5128205128205146,1
4.136454900028184,-0.2879835202563516,-0.2714198519874884,-0.0329670329670364,-0.5128205128205146,1
4.138233600009698,-0.2879835202563516,-0.2714198519874884,-0.010989010989007397,-0.5225885225885243,1
4.139828200044576,-0.2879835202563516,-0.271038376440071,0.010989010989007397,-0.5128205128205146,1
4.141398500010837,-0.2879835202563516,-0.271038376440071,0.010989010989007397,-0.5128205128205146,1
4.142985200043768,-0.2879835202563516,-0.271038376440071,0.010989010989007397,-0.5128205128205146,1
4.144490900042001,-0.2879835202563516,-0.271038376440071,0.010989010989007397,-0.5128205128205146,1
4.146105400053784,-0.2879835202563516,-0.271038376440071,0.010989010989007397,-0.5128205128205146,1
4.147795700002462,-0.2879835202563516,-0.271038376440071,0.010989010989007397,-0.5128205128205146,1
4.149403600022197,-0.2879835202563516,-0.271038376440071,0.010989010989007397,-0.5128205128205146,1
4.150978400022723,-0.2879835202563516,-0.271038376440071,0.010989010989007397,-0.5128205128205146,1
4.152705700020306,-0.2879835202563516,-0.271038376440071,0.010989010989007397,-0.5128205128205146,1
4.154713800002355,-0.2879835202563516,-0.271038376440071,0.010989010989007397,-0.5128205128205146,1
4.156353600032162,-0.2879835202563516,-0.271038376440071,0.010989010989007397,-0.5128205128205146,1
4.157968900050037,-0.2879835202563516,-0.271038376440071,0.010989010989007397,-0.5128205128205146,1
4.159628599998541,-0.2879835202563516,-0.271038376440071,0.010989010989007397,-0.5128205128205146,1
4.161298600025475,-0.2879835202563516,-0.271038376440071,0.010989010989007397,-0.5128205128205146,1
4.162620900024194,-0.2879835202563516,-0.271038376440071,0.010989010989007397,-0.5128205128205146,1
4.164252900052816,-0.2879835202563516,-0.271038376440071,0.010989010989007397,-0.5128205128205146,1
4.165884100017138,-0.2879835202563516,-0.271038376440071,0.010989010989007397,-0.5128205128205146,1
4.167532999999821,-0.2879835202563516,-0.271038376440071,0.010989010989007397,-0.5128205128205146,1
4.169051400036551,-0.2879835202563516,-0.271038376440071,0.010989010989007397,-0.5128205128205146,1
4.170723200018983,-0.2879835202563516,-0.271038376440071,0.010989010989007397,-0.5128205128205146,1
4.172319500008598,-0.2879835202563516,-0.271038376440071,0.010989010989007397,-0.5128205128205146,1
4.173926000017673,-0.2879835202563516,-0.271038376440071,0.010989010989007397,-0.5128205128205146,1
4.175458700046875,-0.2879835202563516,-0.271038376440071,0.010989010989007397,-0.5128205128205146,1
4.177139200037345,-0.2879835202563516,-0.271038376440071,0.010989010989007397,-0.5128205128205146,1
4.17898960004095,-0.2879835202563516,-0.271038376440071,0.010989010989007397,-0.5128205128205146,1
4.180564500042237,-0.2879835202563516,-0.271038376440071,0.010989010989007397,-0.5128205128205146,1
4.182130400033202,-0.2879835202563516,-0.271038376440071,0.010989010989007397,-0.5128205128205146,1
4.183725400012918,-0.2879835202563516,-0.271038376440071,0.010989010989007397,-0.5128205128205146,1
4.185252700001001,-0.2879835202563516,-0.271038376440071,0.010989010989007397,-0.5128205128205146,1
4.186861800029874,-0.2879835202563516,-0.271038376440071,0.010989010989007397,-0.5128205128205146,1
4.188557600020431,-0.2879835202563516,-0.271038376440071,0.010989010989007397,-0.5128205128205146,1
4.190039000008255,-0.2879835202563516,-0.271038376440071,0.010989010989007397,-0.5128205128205146,1
4.191624800034333,-0.2879835202563516,-0.271038376440071,0.010989010989007397,-0.5128205128205146,1
4.193543500034139,-0.2879835202563516,-0.271038376440071,0.010989010989007397,-0.5128205128205146,1
4.194829300045967,-0.2879835202563516,-0.271038376440071,0.010989010989007397,-0.5128205128205146,1
4.1964705000282265,-0.2879835202563516,-0.271038376440071,0.010989010989007397,-0.5128205128205146,1
4.198193500051275,-0.2879835202563516,-0.271038376440071,0.010989010989007397,-0.5128205128205146,1
4.199788300029468,-0.2879835202563516,-0.271038376440071,0.010989010989007397,-0.5128205128205146,1
4.201403300045058,-0.2879835202563516,-0.271038376440071,0.010989010989007397,-0.5128205128205146,1
4.2030011000460945,-0.2879835202563516,-0.271038376440071,0.010989010989007397,-0.5128205128205146,1
4.204545100044925,-0.2879835202563516,-0.271038376440071,0.010989010989007397,-0.5128205128205146,1
4.206207800016273,-0.2879835202563516,-0.271038376440071,0.010989010989007397,-0.5128205128205146,1
4.207917500054464,-0.2879835202563516,-0.271038376440071,0.010989010989007397,-0.5128205128205146,1
4.209298600035254,-0.2879835202563516,-0.271038376440071,0.010989010989007397,-0.5128205128205146,1
4.211019100039266,-0.2879835202563516,-0.271038376440071,0.010989010989007397,-0.5128205128205146,1
4.212623200030066,-0.2879835202563516,-0.271038376440071,0.010989010989007397,-0.5128205128205146,1
4.214238300046418,-0.2879835202563516,-0.271038376440071,0.010989010989007397,-0.5128205128205146,1
4.215725900023244,-0.2879835202563516,-0.271038376440071,0.010989010989007397,-0.5128205128205146,1
4.217331700026989,-0.2879835202563516,-0.271038376440071,0.010989010989007397,-0.5128205128205146,1
4.219082100025844,-0.2879835202563516,-0.271038376440071,0.010989010989007397,-0.5128205128205146,1
4.220727100037038,-0.2879835202563516,-0.271038376440071,0.010989010989007397,-0.5128205128205146,1
4.222445100022014,-0.2879835202563516,-0.271038376440071,0.010989010989007397,-0.5128205128205146,1
4.224058000021614,-0.2879835202563516,-0.271038376440071,0.010989010989007397,-0.5128205128205146,1
4.225224000052549,-0.2879835202563516,-0.271038376440071,0.010989010989007397,-0.5128205128205146,1
4.226923400012311,-0.2879835202563516,-0.271038376440071,0.010989010989007397,-0.5128205128205146,1
4.2285630000405945,-0.2879835202563516,-0.271038376440071,0.010989010989007397,-0.5128205128205146,1
4.230214700044598,-0.2879835202563516,-0.271038376440071,0.010989010989007397,-0.5128205128205146,1
4.231425000005402,-0.2879835202563516,-0.271038376440071,0.010989010989007397,-0.5128205128205146,1
4.233035000041127,-0.2879835202563516,-0.271038376440071,0.010989010989007397,-0.5128205128205146,1
4.234522800019477,-0.2879835202563516,-0.271038376440071,0.010989010989007397,-0.5128205128205146,1
4.236150000011548,-0.2879835202563516,-0.271038376440071,0.010989010989007397,-0.5128205128205146,1
4.238882100034971,-0.2879835202563516,-0.271038376440071,0.010989010989007397,-0.5128205128205146,1
4.2404317000182346,-0.2879835202563516,-0.271038376440071,0.010989010989007397,-0.5128205128205146,1
4.242080100055318,-0.2879835202563516,-0.271038376440071,0.010989010989007397,-0.5128205128205146,1
4.2437168000033125,-0.2879835202563516,-0.271038376440071,0.010989010989007397,-0.5128205128205146,1
4.24522280000383,-0.2879835202563516,-0.271038376440071,0.010989010989007397,-0.5128205128205146,1
4.246846600028221,-0.2879835202563516,-0.271038376440071,0.010989010989007397,-0.5128205128205146,1
4.2484064000309445,-0.2879835202563516,-0.271038376440071,0.010989010989007397,-0.5128205128205146,1
4.249798400036525,-0.2879835202563516,-0.271038376440071,0.010989010989007397,-0.5128205128205146,1
4.251453000004403,-0.2879835202563516,-0.271038376440071,0.010989010989007397,-0.5128205128205146,1
4.253044700017199,-0.2879835202563516,-0.271038376440071,0.010989010989007397,-0.5128205128205146,1
4.255096600041725,-0.2879835202563516,-0.2714198519874884,-0.010989010989007397,-0.5128205128205146,1
4.256735500006471,-0.2879835202563516,-0.2714198519874884,-0.010989010989007397,-0.5128205128205146,1
4.258400400052778,-0.2879835202563516,-0.2714198519874884,-0.010989010989007397,-0.5128205128205146,1
4.260094900033437,-0.2879835202563516,-0.2714198519874884,-0.010989010989007397,-0.5128205128205146,1
4.261704500007909,-0.2879835202563516,-0.2714198519874884,-0.010989010989007397,-0.5128205128205146,1
4.26330680004321,-0.2879835202563516,-0.2714198519874884,-0.010989010989007397,-0.5128205128205146,1
4.264883499999996,-0.2879835202563516,-0.2714198519874884,-0.010989010989007397,-0.5128205128205146,1
4.266502600046806,-0.2879835202563516,-0.2714198519874884,-0.010989010989007397,-0.5128205128205146,1
4.268314900051337,-0.2879835202563516,-0.2714198519874884,-0.010989010989007397,-0.5128205128205146,1
4.269675700052176,-0.2879835202563516,-0.2714198519874884,-0.010989010989007397,-0.5128205128205146,1
4.27099090005504,-0.2879835202563516,-0.2714198519874884,-0.010989010989007397,-0.5128205128205146,1
4.272674800013192,-0.2879835202563516,-0.2714198519874884,-0.010989010989007397,-0.5128205128205146,1
4.274312200024724,-0.2879835202563516,-0.2714198519874884,-0.010989010989007397,-0.5128205128205146,1
4.275962300016545,-0.2879835202563516,-0.2714198519874884,-0.010989010989007397,-0.5128205128205146,1
4.277627200004645,-0.2879835202563516,-0.2714198519874884,-0.010989010989007397,-0.5128205128205146,1
4.2788908000220545,-0.2879835202563516,-0.2714198519874884,-0.010989010989007397,-0.5128205128205146,1
4.280368100036867,-0.2879835202563516,-0.2714198519874884,-0.010989010989007397,-0.5128205128205146,1
4.28197100001853,-0.2879835202563516,-0.2714198519874884,-0.010989010989007397,-0.5128205128205146,1
4.283922400034498,-0.2879835202563516,-0.2714198519874884,-0.010989010989007397,-0.5128205128205146,1
4.2861471000360325,-0.2879835202563516,-0.2714198519874884,-0.010989010989007397,-0.5128205128205146,1
4.288986600004137,-0.2879835202563516,-0.2714198519874884,-0.010989010989007397,-0.5128205128205146,1
4.291107600030955,-0.2879835202563516,-0.2714198519874884,-0.010989010989007397,-0.5128205128205146,1
4.293544800020754,-0.2879835202563516,-0.2714198519874884,-0.010989010989007397,-0.5128205128205146,1
4.29495270003099,-0.2879835202563516,-0.2714198519874884,-0.010989010989007397,-0.5128205128205146,1
4.29646630003117,-0.2879835202563516,-0.2714198519874884,-0.010989010989007397,-0.5128205128205146,1
4.297886800020933,-0.2879835202563516,-0.2714198519874884,-0.010989010989007397,-0.5128205128205146,1
4.299634900002275,-0.2879835202563516,-0.2714198519874884,-0.010989010989007397,-0.5128205128205146,1
4.30089750001207,-0.2879835202563516,-0.2714198519874884,-0.010989010989007397,-0.5128205128205146,1
4.302500300051179,-0.2879835202563516,-0.2714198519874884,-0.010989010989007397,-0.5128205128205146,1
4.304200900020078,-0.2879835202563516,-0.2714198519874884,-0.010989010989007397,-0.5128205128205146,1
4.30540250003105,-0.2879835202563516,-0.2714198519874884,-0.010989010989007397,-0.5128205128205146,1
4.30698360002134,-0.2879835202563516,-0.2714198519874884,-0.010989010989007397,-0.5128205128205146,1
4.308726400020532,-0.2879835202563516,-0.2714198519874884,-0.010989010989007397,-0.5128205128205146,1
4.310339000017848,-0.2879835202563516,-0.2714198519874884,-0.010989010989007397,-0.5128205128205146,1
4.311789300001692,-0.2879835202563516,-0.2714198519874884,-0.010989010989007397,-0.5128205128205146,1
4.313430100039113,-0.2879835202563516,-0.2714198519874884,-0.010989010989007397,-0.5128205128205146,1
4.315080200030934,-0.2879835202563516,-0.2714198519874884,-0.010989010989007397,-0.5128205128205146,1
4.316698000009637,-0.2879835202563516,-0.2714198519874884,-0.010989010989007397,-0.5128205128205146,1
4.318294100055937,-0.2879835202563516,-0.2714198519874884,-0.010989010989007397,-0.5128205128205146,1
4.319803200021852,-0.2879835202563516,-0.2714198519874884,-0.010989010989007397,-0.5128205128205146,1
4.321180600032676,-0.2879835202563516,-0.2714198519874884,-0.010989010989007397,-0.5128205128205146,1
4.322848900046665,-0.2879835202563516,-0.2714198519874884,-0.010989010989007397,-0.5128205128205146,1
4.324580100015737,-0.2879835202563516,-0.2714198519874884,-0.010989010989007397,-0.5128205128205146,1
4.3263875000411645,-0.2879835202563516,-0.2714198519874884,-0.010989010989007397,-0.5128205128205146,1
4.327924300043378,-0.2879835202563516,-0.2714198519874884,-0.010989010989007397,-0.5128205128205146,1
4.32955290004611,-0.2879835202563516,-0.2714198519874884,-0.010989010989007397,-0.5128205128205146,1
4.331343600002583,-0.2879835202563516,-0.2714198519874884,-0.010989010989007397,-0.5128205128205146,1
4.3333595000440255,-0.2879835202563516,-0.2714198519874884,-0.010989010989007397,-0.5128205128205146,1
4.334861600014847,-0.2879835202563516,-0.2714198519874884,-0.010989010989007397,-0.5128205128205146,1
4.336370100034401,-0.2879835202563516,-0.2714198519874884,-0.010989010989007397,-0.5128205128205146,1
4.33787760004634,-0.2879835202563516,-0.2714198519874884,-0.010989010989007397,-0.5128205128205146,1
4.339467700046953,-0.2879835202563516,-0.2714198519874884,-0.010989010989007397,-0.5128205128205146,1
4.341118600044865,-0.2879835202563516,-0.2714198519874884,-0.010989010989007397,-0.5128205128205146,1
4.342417500040028,-0.2879835202563516,-0.2714198519874884,-0.010989010989007397,-0.5128205128205146,1
4.343802300048992,-0.2879835202563516,-0.2714198519874884,-0.010989010989007397,-0.5128205128205146,1
4.345309399999678,-0.2879835202563516,-0.2714198519874884,-0.010989010989007397,-0.5128205128205146,1
4.3469216000521556,-0.2879835202563516,-0.2714198519874884,-0.010989010989007397,-0.5128205128205146,1
4.348621100012679,-0.2879835202563516,-0.2714198519874884,-0.010989010989007397,-0.5128205128205146,1
4.350239400053397,-0.2879835202563516,-0.2714198519874884,-0.010989010989007397,-0.5128205128205146,1
4.351862100011203,-0.2879835202563516,-0.2714198519874884,-0.010989010989007397,-0.5128205128205146,1
4.353549899999052,-0.2879835202563516,-0.2714198519874884,-0.010989010989007397,-0.5128205128205146,1
4.355006400030106,-0.2879835202563516,-0.2714198519874884,-0.010989010989007397,-0.5128205128205146,1
4.356597000034526,-0.2879835202563516,-0.2714198519874884,-0.010989010989007397,-0.5128205128205146,1
4.3582420000457205,-0.2879835202563516,-0.2714198519874884,-0.010989010989007397,-0.5128205128205146,1
4.359923300042283,-0.2879835202563516,-0.2714198519874884,-0.010989010989007397,-0.5128205128205146,1
4.361632800020743,-0.2879835202563516,-0.2714198519874884,-0.010989010989007397,-0.5128205128205146,1
4.363227300054859,-0.2879835202563516,-0.2714198519874884,-0.010989010989007397,-0.5128205128205146,1
4.364729900029488,-0.2879835202563516,-0.2714198519874884,-0.010989010989007397,-0.5128205128205146,1
4.366326500021387,-0.2879835202563516,-0.2714198519874884,-0.010989010989007397,-0.5128205128205146,1
4.3676965000340715,-0.2879835202563516,-0.2714198519874884,-0.010989010989007397,-0.5128205128205146,1
4.3691991000087,-0.2879835202563516,-0.2714198519874884,-0.010989010989007397,-0.5128205128205146,1
4.370707600028254,-0.2879835202563516,-0.2714198519874884,-0.010989010989007397,-0.5128205128205146,1
4.372240600001533,-0.2879835202563516,-0.2714198519874884,-0.010989010989007397,-0.5128205128205146,1
4.373905300046317,-0.2879835202563516,-0.2714198519874884,-0.010989010989007397,-0.5128205128205146,1
4.37543650000589,-0.2879835202563516,-0.2714198519874884,-0.010989010989007397,-0.5128205128205146,1
4.377164500008803,-0.2879835202563516,-0.2714198519874884,-0.010989010989007397,-0.5128205128205146,1
4.37884010002017,-0.2879835202563516,-0.2714198519874884,-0.010989010989007397,-0.5128205128205146,1
4.380503400054295,-0.2879835202563516,-0.2714198519874884,-0.010989010989007397,-0.5128205128205146,1
4.3821315000532195,-0.2879835202563516,-0.2714198519874884,-0.010989010989007397,-0.5128205128205146,1
4.383529300044756,-0.2879835202563516,-0.2714198519874884,-0.010989010989007397,-0.5128205128205146,1
4.385114000004251,-0.2879835202563516,-0.2714198519874884,-0.010989010989007397,-0.5128205128205146,1
4.386714500025846,-0.2879835202563516,-0.2714198519874884,-0.010989010989007397,-0.5128205128205146,1
4.388352500041947,-0.2879835202563516,-0.2714198519874884,-0.010989010989007397,-0.5128205128205146,1
4.38985540001886,-0.2879835202563516,-0.2714198519874884,-0.010989010989007397,-0.5128205128205146,1
4.391300500021316,-0.2879835202563516,-0.2714198519874884,-0.010989010989007397,-0.5128205128205146,1
4.392796100000851,-0.2879835202563516,-0.2714198519874884,-0.010989010989007397,-0.5128205128205146,1
4.394390900037251,-0.2879835202563516,-0.2714198519874884,-0.010989010989007397,-0.5128205128205146,1
4.395968400000129,-0.2879835202563516,-0.2714198519874884,-0.010989010989007397,-0.5128205128205146,1
4.397578600037377,-0.2879835202563516,-0.2714198519874884,-0.010989010989007397,-0.5128205128205146,1
4.398882700013928,-0.2879835202563516,-0.2714198519874884,-0.010989010989007397,-0.5128205128205146,1
4.400289800018072,-0.2879835202563516,-0.2714198519874884,-0.010989010989007397,-0.5128205128205146,1
4.401900100056082,-0.2879835202563516,-0.2714198519874884,-0.010989010989007397,-0.5128205128205146,1
4.403589400055353,-0.2879835202563516,-0.2714198519874884,-0.010989010989007397,-0.5128205128205146,1
4.405076500028372,-0.2879835202563516,-0.2714198519874884,-0.010989010989007397,-0.5128205128205146,1
4.40680950001115,-0.2879835202563516,-0.2714198519874884,-0.010989010989007397,-0.5128205128205146,1
4.408267000049818,-0.2879835202563516,-0.2714198519874884,-0.010989010989007397,-0.5128205128205146,1
4.409873399999924,-0.2879835202563516,-0.2714198519874884,-0.010989010989007397,-0.5128205128205146,1
4.411341500002891,-0.2879835202563516,-0.2714198519874884,-0.010989010989007397,-0.5128205128205146,1
4.412861800054088,-0.2879835202563516,-0.2714198519874884,-0.010989010989007397,-0.5128205128205146,1
4.414443500048947,-0.2879835202563516,-0.2714198519874884,-0.010989010989007397,-0.5128205128205146,1
4.415912299999036,-0.2879835202563516,-0.2714198519874884,-0.010989010989007397,-0.5128205128205146,1
4.417545800039079,-0.2879835202563516,-0.2714198519874884,-0.010989010989007397,-0.5128205128205146,1
4.418992999999318,-0.2879835202563516,-0.2714198519874884,-0.010989010989007397,-0.5128205128205146,1
4.420611000037752,-0.2879835202563516,-0.2714198519874884,-0.010989010989007397,-0.5128205128205146,1
4.422287400055211,-0.2879835202563516,-0.2714198519874884,-0.010989010989007397,-0.5128205128205146,1
4.423737200035248,-0.2879835202563516,-0.2714198519874884,-0.010989010989007397,-0.5128205128205146,1
4.425242600031197,-0.2879835202563516,-0.2714198519874884,-0.010989010989007397,-0.5128205128205146,1
4.426849600044079,-0.2879835202563516,-0.2714198519874884,-0.010989010989007397,-0.5128205128205146,1
4.428499900037423,-0.2879835202563516,-0.2714198519874884,-0.010989010989007397,-0.5128205128205146,1
4.430089000030421,-0.2879835202563516,-0.2714198519874884,-0.010989010989007397,-0.5128205128205146,1
4.431685700023081,-0.2879835202563516,-0.2714198519874884,-0.010989010989007397,-0.5128205128205146,1
4.4333650000044145,-0.2879835202563516,-0.2714198519874884,-0.010989010989007397,-0.5128205128205146,1
4.434862599999178,-0.2879835202563516,-0.2714198519874884,-0.010989010989007397,-0.5128205128205146,1
4.436471900029574,-0.2879835202563516,-0.2714198519874884,-0.010989010989007397,-0.5128205128205146,1
4.438161400030367,-0.2879835202563516,-0.2714198519874884,-0.010989010989007397,-0.5128205128205146,1
4.439747600001283,-0.2879835202563516,-0.2714198519874884,-0.010989010989007397,-0.5128205128205146,1
4.441363000019919,-0.2879835202563516,-0.2714198519874884,-0.010989010989007397,-0.5128205128205146,1
4.443033700052183,-0.2879835202563516,-0.2714198519874884,-0.010989010989007397,-0.5128205128205146,1
4.444588800019119,-0.2879835202563516,-0.2714198519874884,-0.010989010989007397,-0.5128205128205146,1
4.446231700014323,-0.2879835202563516,-0.2714198519874884,-0.010989010989007397,-0.5128205128205146,1
4.447388300031889,-0.2879835202563516,-0.2714198519874884,-0.010989010989007397,-0.5128205128205146,1
4.449060400016606,-0.2879835202563516,-0.2714198519874884,-0.010989010989007397,-0.5128205128205146,1
4.450716100051068,-0.2879835202563516,-0.2714198519874884,-0.010989010989007397,-0.5128205128205146,1
4.452147700008936,-0.2879835202563516,-0.2714198519874884,-0.010989010989007397,-0.5128205128205146,1
4.45380820002174,-0.2879835202563516,-0.2714198519874884,-0.010989010989007397,-0.5128205128205146,1
4.455403900006786,-0.2879835202563516,-0.2714198519874884,-0.010989010989007397,-0.5128205128205146,1
4.457183899998199,-0.2879835202563516,-0.2714198519874884,-0.010989010989007397,-0.5128205128205146,1
4.458853300020564,-0.2879835202563516,-0.2714198519874884,-0.010989010989007397,-0.5128205128205146,1
4.460494500002824,-0.2879835202563516,-0.2714198519874884,-0.010989010989007397,-0.5128205128205146,1
4.46212340000784,-0.2879835202563516,-0.2714198519874884,-0.010989010989007397,-0.5128205128205146,1
4.463298600050621,-0.2879835202563516,-0.2714198519874884,-0.010989010989007397,-0.5128205128205146,1
4.464879900042433,-0.2879835202563516,-0.2714198519874884,-0.010989010989007397,-0.5128205128205146,1
4.466458600014448,-0.2879835202563516,-0.2714198519874884,-0.010989010989007397,-0.5128205128205146,1
4.468280900036916,-0.2879835202563516,-0.2714198519874884,-0.010989010989007397,-0.5128205128205146,1
4.46990480000386,-0.2879835202563516,-0.2714198519874884,-0.010989010989007397,-0.5128205128205146,1
4.471789900038857,-0.2879835202563516,-0.2714198519874884,-0.010989010989007397,-0.5128205128205146,1
4.473521300009452,-0.2879835202563516,-0.2714198519874884,-0.010989010989007397,-0.5128205128205146,1
4.474955400044564,-0.2879835202563516,-0.2714198519874884,-0.010989010989007397,-0.5128205128205146,1
4.476556700014044,-0.2879835202563516,-0.2714198519874884,-0.010989010989007397,-0.5128205128205146,1
4.478193800023291,-0.2879835202563516,-0.2714198519874884,-0.010989010989007397,-0.5128205128205146,1
4.479844500019681,-0.2879835202563516,-0.2714198519874884,-0.010989010989007397,-0.5128205128205146,1
4.481457000016235,-0.2879835202563516,-0.2714198519874884,-0.010989010989007397,-0.5128205128205146,1
4.483063900028355,-0.2879835202563516,-0.2714198519874884,-0.010989010989007397,-0.5128205128205146,1
4.4847188999992795,-0.2879835202563516,-0.2714198519874884,-0.010989010989007397,-0.5128205128205146,1
4.48636500001885,-0.2879835202563516,-0.2714198519874884,-0.010989010989007397,-0.5030525030525048,1
4.488020300050266,-0.2879835202563516,-0.2714198519874884,-0.010989010989007397,-0.5030525030525048,1
4.489666900015436,-0.2879835202563516,-0.2714198519874884,-0.010989010989007397,-0.5030525030525048,1
4.49117470002966,-0.2879835202563516,-0.2714198519874884,-0.010989010989007397,-0.5030525030525048,1
4.492857300036121,-0.2879835202563516,-0.2714198519874884,-0.010989010989007397,-0.5030525030525048,1
4.49454510002397,-0.2879835202563516,-0.2714198519874884,-0.010989010989007397,-0.5030525030525048,1
4.495991400035564,-0.2879835202563516,-0.2714198519874884,-0.010989010989007397,-0.5030525030525048,1
4.4976917000021785,-0.2879835202563516,-0.2714198519874884,-0.010989010989007397,-0.5030525030525048,1
4.499392700032331,-0.2879835202563516,-0.2714198519874884,-0.010989010989007397,-0.5030525030525048,1
4.500865800015163,-0.2879835202563516,-0.2714198519874884,-0.010989010989007397,-0.5030525030525048,1
4.502368400047999,-0.2879835202563516,-0.2714198519874884,-0.010989010989007397,-0.5030525030525048,1
4.503998900006991,-0.2879835202563516,-0.2714198519874884,-0.010989010989007397,-0.5030525030525048,1
4.505622200027574,-0.2879835202563516,-0.2714198519874884,-0.010989010989007397,-0.5030525030525048,1
4.507223699998576,-0.2879835202563516,-0.2714198519874884,-0.010989010989007397,-0.5030525030525048,1
4.508925700036343,-0.2879835202563516,-0.2714198519874884,-0.010989010989007397,-0.5030525030525048,1
4.510568500030786,-0.2879835202563516,-0.2714198519874884,-0.010989010989007397,-0.5030525030525048,1
4.511767100018915,-0.2879835202563516,-0.2714198519874884,-0.010989010989007397,-0.5030525030525048,1
4.513380800024606,-0.2879835202563516,-0.2714198519874884,-0.010989010989007397,-0.5030525030525048,1
4.514883299998473,-0.2879835202563516,-0.2714198519874884,-0.010989010989007397,-0.5030525030525048,1
4.516517200041562,-0.2879835202563516,-0.2714198519874884,-0.010989010989007397,-0.5030525030525048,1
4.518160700041335,-0.2879835202563516,-0.2714198519874884,-0.010989010989007397,-0.5030525030525048,1
4.519379300007131,-0.2879835202563516,-0.2714198519874884,-0.010989010989007397,-0.5030525030525048,1
4.52102929999819,-0.2879835202563516,-0.2714198519874884,-0.010989010989007397,-0.5030525030525048,1
4.522681800008286,-0.2879835202563516,-0.2714198519874884,-0.010989010989007397,-0.5030525030525048,1
4.524331200052984,-0.2879835202563516,-0.2714198519874884,-0.010989010989007397,-0.5030525030525048,1
4.5258084000088274,-0.2879835202563516,-0.2714198519874884,-0.010989010989007397,-0.5030525030525048,1
4.5272052000509575,-0.2879835202563516,-0.2714198519874884,-0.010989010989007397,-0.5030525030525048,1
4.528799700026866,-0.2879835202563516,-0.2714198519874884,-0.010989010989007397,-0.5030525030525048,1
4.5304266000166535,-0.2879835202563516,-0.2714198519874884,-0.010989010989007397,-0.5030525030525048,1
4.532053700007964,-0.2879835202563516,-0.2714198519874884,-0.010989010989007397,-0.5030525030525048,1
4.533662900037598,-0.2879835202563516,-0.2714198519874884,-0.010989010989007397,-0.5030525030525048,1
4.535015000030398,-0.2879835202563516,-0.2714198519874884,-0.010989010989007397,-0.5030525030525048,1
4.536712200031616,-0.2879835202563516,-0.2714198519874884,-0.010989010989007397,-0.5030525030525048,1
4.538282000052277,-0.2879835202563516,-0.2714198519874884,-0.010989010989007397,-0.5030525030525048,1
4.53980320005212,-0.2879835202563516,-0.2714198519874884,-0.010989010989007397,-0.5030525030525048,1
4.541294900001958,-0.2879835202563516,-0.2714198519874884,-0.010989010989007397,-0.5030525030525048,1
4.54288910003379,-0.2879835202563516,-0.2714198519874884,-0.010989010989007397,-0.5030525030525048,1
4.544611200049985,-0.2879835202563516,-0.2714198519874884,-0.010989010989007397,-0.5030525030525048,1
4.546215000038501,-0.2879835202563516,-0.2714198519874884,-0.010989010989007397,-0.5030525030525048,1
4.547628300031647,-0.2879835202563516,-0.2714198519874884,-0.010989010989007397,-0.5030525030525048,1
4.549234800040722,-0.2879835202563516,-0.2714198519874884,-0.010989010989007397,-0.5030525030525048,1
4.55087730003288,-0.2879835202563516,-0.2714198519874884,-0.010989010989007397,-0.5030525030525048,1
4.552194600051735,-0.2879835202563516,-0.2714198519874884,-0.010989010989007397,-0.5030525030525048,1
4.553832000005059,-0.2879835202563516,-0.2714198519874884,-0.010989010989007397,-0.5030525030525048,1
4.55587150005158,-0.2879835202563516,-0.2714198519874884,-0.010989010989007397,-0.5030525030525048,1
4.5577224000007845,-0.2879835202563516,-0.2714198519874884,-0.010989010989007397,-0.5030525030525048,1
4.55903650005348,-0.2879835202563516,-0.2714198519874884,-0.010989010989007397,-0.5030525030525048,1
4.56076290004421,-0.2879835202563516,-0.2714198519874884,-0.010989010989007397,-0.5030525030525048,1
4.5624462000560015,-0.2879835202563516,-0.2714198519874884,-0.010989010989007397,-0.5030525030525048,1
4.564179500041064,-0.2879835202563516,-0.2714198519874884,-0.010989010989007397,-0.5030525030525048,1
4.565697900019586,-0.2879835202563516,-0.2714198519874884,-0.010989010989007397,-0.5030525030525048,1
4.567529000050854,-0.2879835202563516,-0.2714198519874884,-0.010989010989007397,-0.5030525030525048,1
4.5687577000353485,-0.2879835202563516,-0.2714198519874884,-0.010989010989007397,-0.5030525030525048,1
4.570257300045341,-0.2879835202563516,-0.2714198519874884,-0.010989010989007397,-0.5030525030525048,1
4.571765200002119,-0.2879835202563516,-0.2714198519874884,-0.010989010989007397,-0.5030525030525048,1
4.5732706999988295,-0.2879835202563516,-0.2714198519874884,-0.010989010989007397,-0.5030525030525048,1
4.57478310004808,-0.2879835202563516,-0.2714198519874884,-0.010989010989007397,-0.5030525030525048,1
4.57635940000182,-0.2879835202563516,-0.2714198519874884,-0.010989010989007397,-0.5030525030525048,1
4.577817200042773,-0.2879835202563516,-0.2714198519874884,-0.010989010989007397,-0.5030525030525048,1
4.579321000026539,-0.2879835202563516,-0.2714198519874884,-0.010989010989007397,-0.5030525030525048,1
4.580989500042051,-0.2879835202563516,-0.2714198519874884,-0.010989010989007397,-0.5030525030525048,1
4.582621100009419,-0.2879835202563516,-0.2714198519874884,-0.010989010989007397,-0.5030525030525048,1
4.584274600027129,-0.2879835202563516,-0.2714198519874884,-0.010989010989007397,-0.5030525030525048,1
4.58586390002165,-0.2879835202563516,-0.2714198519874884,-0.010989010989007397,-0.5030525030525048,1
4.588189100031741,-0.2879835202563516,-0.2714198519874884,-0.010989010989007397,-0.5030525030525048,1
4.589703600038774,-0.2879835202563516,-0.2714198519874884,-0.010989010989007397,-0.5030525030525048,1
4.5913392000366,-0.2879835202563516,-0.2714198519874884,-0.010989010989007397,-0.5030525030525048,1
4.593259800050873,-0.2879835202563516,-0.2714198519874884,0.010989010989007397,-0.5030525030525048,1
4.594526200031396,-0.2879835202563516,-0.271038376440071,-0.010989010989007397,-0.5128205128205146,1
4.5961474000359885,-0.2879835202563516,-0.271038376440071,-0.010989010989007397,-0.5128205128205146,1
4.597758200019598,-0.2879835202563516,-0.271038376440071,-0.010989010989007397,-0.5128205128205146,1
4.5991255000117235,-0.2879835202563516,-0.271038376440071,-0.010989010989007397,-0.5128205128205146,1
4.600609900022391,-0.2879835202563516,-0.271038376440071,-0.010989010989007397,-0.5128205128205146,1
4.602380700001959,-0.2879835202563516,-0.271038376440071,-0.010989010989007397,-0.5128205128205146,1
4.604041600017808,-0.2879835202563516,-0.271038376440071,-0.010989010989007397,-0.5128205128205146,1
4.6055964000406675,-0.2879835202563516,-0.271038376440071,-0.010989010989007397,-0.5128205128205146,1
4.607233700051438,-0.2879835202563516,-0.271038376440071,-0.010989010989007397,-0.5128205128205146,1
4.608499200025108,-0.2879835202563516,-0.271038376440071,-0.010989010989007397,-0.5128205128205146,1
4.610167900042143,-0.2879835202563516,-0.271038376440071,-0.010989010989007397,-0.5128205128205146,1
4.611430100048892,-0.2879835202563516,-0.271038376440071,-0.010989010989007397,-0.5128205128205146,1
4.613009600026999,-0.2879835202563516,-0.271038376440071,-0.010989010989007397,-0.5128205128205146,1
4.614531300030649,-0.2879835202563516,-0.271038376440071,-0.010989010989007397,-0.5128205128205146,1
4.616160800040234,-0.2879835202563516,-0.271038376440071,-0.010989010989007397,-0.5128205128205146,1
4.617749300028663,-0.2879835202563516,-0.271038376440071,-0.010989010989007397,-0.5128205128205146,1
4.6193839000188746,-0.2879835202563516,-0.271038376440071,-0.010989010989007397,-0.5128205128205146,1
4.6210281000239775,-0.2879835202563516,-0.271038376440071,-0.010989010989007397,-0.5128205128205146,1
4.622699700004887,-0.2879835202563516,-0.271038376440071,-0.010989010989007397,-0.5128205128205146,1
4.624364100047387,-0.2879835202563516,-0.271038376440071,-0.010989010989007397,-0.5128205128205146,1
4.6257600000244565,-0.2879835202563516,-0.271038376440071,-0.010989010989007397,-0.5128205128205146,1
4.627467200043611,-0.2879835202563516,-0.271038376440071,-0.010989010989007397,-0.5128205128205146,1
4.628719800035469,-0.2879835202563516,-0.271038376440071,-0.010989010989007397,-0.5128205128205146,1
4.630360900016967,-0.2879835202563516,-0.271038376440071,-0.010989010989007397,-0.5128205128205146,1
4.6319988000323065,-0.2879835202563516,-0.271038376440071,-0.010989010989007397,-0.5128205128205146,1
4.633630000054836,-0.2879835202563516,-0.271038376440071,-0.010989010989007397,-0.5128205128205146,1
4.635140300029889,-0.2879835202563516,-0.271038376440071,-0.010989010989007397,-0.5128205128205146,1
4.636752400023397,-0.2879835202563516,-0.271038376440071,-0.010989010989007397,-0.5128205128205146,1
4.638433000014629,-0.2879835202563516,-0.271038376440071,-0.010989010989007397,-0.5128205128205146,1
4.640063400031067,-0.2879835202563516,-0.271038376440071,-0.010989010989007397,-0.5128205128205146,1
4.641648700053338,-0.2879835202563516,-0.271038376440071,-0.010989010989007397,-0.5128205128205146,1
4.643304100027308,-0.2879835202563516,-0.271038376440071,-0.010989010989007397,-0.5128205128205146,1
4.644882799999323,-0.2879835202563516,-0.271038376440071,-0.010989010989007397,-0.5128205128205146,1
4.6464893000083975,-0.2879835202563516,-0.271038376440071,-0.010989010989007397,-0.5128205128205146,1
4.648162099998444,-0.2879835202563516,-0.271038376440071,-0.010989010989007397,-0.5128205128205146,1
4.649818500038236,-0.2879835202563516,-0.271038376440071,-0.010989010989007397,-0.5128205128205146,1
4.651451300014742,-0.2879835202563516,-0.271038376440071,-0.010989010989007397,-0.5128205128205146,1
4.653099900053348,-0.2879835202563516,-0.271038376440071,-0.010989010989007397,-0.5128205128205146,1
4.654713900003117,-0.2879835202563516,-0.271038376440071,-0.010989010989007397,-0.5128205128205146,1
4.6563495000009425,-0.2879835202563516,-0.271038376440071,-0.010989010989007397,-0.5128205128205146,1
4.65801630000351,-0.2879835202563516,-0.271038376440071,-0.010989010989007397,-0.5128205128205146,1
4.659680200042203,-0.2879835202563516,-0.271038376440071,-0.010989010989007397,-0.5128205128205146,1
4.661503000010271,-0.2879835202563516,-0.271038376440071,-0.010989010989007397,-0.5128205128205146,1
4.6635765000246465,-0.2879835202563516,-0.271038376440071,-0.010989010989007397,-0.5128205128205146,1
4.665106500033289,-0.2879835202563516,-0.271038376440071,-0.010989010989007397,-0.5128205128205146,1
4.666892100009136,-0.2879835202563516,-0.271038376440071,-0.010989010989007397,-0.5128205128205146,1
4.668094200023916,-0.2879835202563516,-0.271038376440071,-0.010989010989007397,-0.5128205128205146,1
4.669773700006772,-0.2879835202563516,-0.271038376440071,-0.010989010989007397,-0.5128205128205146,1
4.671430200047325,-0.2879835202563516,-0.271038376440071,-0.010989010989007397,-0.5128205128205146,1
4.673047900025267,-0.2879835202563516,-0.271038376440071,-0.010989010989007397,-0.5128205128205146,1
4.67460020002909,-0.2879835202563516,-0.271038376440071,-0.010989010989007397,-0.5128205128205146,1
4.676263600005768,-0.2879835202563516,-0.271038376440071,-0.010989010989007397,-0.5128205128205146,1
4.677898100053426,-0.2879835202563516,-0.271038376440071,-0.010989010989007397,-0.5128205128205146,1
4.679513500013854,-0.2879835202563516,-0.271038376440071,-0.010989010989007397,-0.5128205128205146,1
4.681359100039117,-0.2879835202563516,-0.271038376440071,-0.010989010989007397,-0.5128205128205146,1
4.682513200037647,-0.2879835202563516,-0.271038376440071,-0.010989010989007397,-0.5128205128205146,1
4.684114800009411,-0.2879835202563516,-0.271038376440071,-0.010989010989007397,-0.5128205128205146,1
4.685626000049524,-0.2879835202563516,-0.271038376440071,-0.010989010989007397,-0.5128205128205146,1
4.687221500033047,-0.2879835202563516,-0.271038376440071,-0.010989010989007397,-0.5128205128205146,1
4.688829999999143,-0.2879835202563516,-0.271038376440071,-0.010989010989007397,-0.5128205128205146,1
4.690360100008547,-0.2879835202563516,-0.271038376440071,-0.010989010989007397,-0.5128205128205146,1
4.691962200042326,-0.2879835202563516,-0.271038376440071,-0.010989010989007397,-0.5128205128205146,1
4.6936241000075825,-0.2879835202563516,-0.271038376440071,-0.010989010989007397,-0.5128205128205146,1
4.695127300044987,-0.2879835202563516,-0.271038376440071,0.010989010989007397,-0.5030525030525048,1
4.696726100053638,-0.2879835202563516,-0.271038376440071,0.010989010989007397,-0.5030525030525048,1
4.698338500049431,-0.2879835202563516,-0.271038376440071,0.010989010989007397,-0.5030525030525048,1
4.700081000046339,-0.2879835202563516,-0.271038376440071,0.010989010989007397,-0.5030525030525048,1
4.701666300010402,-0.2879835202563516,-0.271038376440071,0.010989010989007397,-0.5030525030525048,1
4.703269700054079,-0.2879835202563516,-0.271038376440071,0.010989010989007397,-0.5030525030525048,1
4.7048214000533335,-0.2879835202563516,-0.271038376440071,0.010989010989007397,-0.5030525030525048,1
4.70646570000099,-0.2879835202563516,-0.271038376440071,0.010989010989007397,-0.5030525030525048,1
4.708143700030632,-0.2879835202563516,-0.271038376440071,0.010989010989007397,-0.5030525030525048,1
4.709392800054047,-0.2879835202563516,-0.271038376440071,0.010989010989007397,-0.5030525030525048,1
4.710993500018958,-0.2879835202563516,-0.271038376440071,0.010989010989007397,-0.5030525030525048,1
4.712314500007778,-0.2879835202563516,-0.271038376440071,0.010989010989007397,-0.5030525030525048,1
4.7139026000513695,-0.2879835202563516,-0.271038376440071,0.010989010989007397,-0.5030525030525048,1
4.715144700021483,-0.2879835202563516,-0.271038376440071,0.010989010989007397,-0.5030525030525048,1
4.716555200051516,-0.2879835202563516,-0.271038376440071,0.010989010989007397,-0.5030525030525048,1
4.717716900049709,-0.2879835202563516,-0.271038376440071,0.010989010989007397,-0.5030525030525048,1
4.719325400015805,-0.2879835202563516,-0.271038376440071,0.010989010989007397,-0.5030525030525048,1
4.720983500010334,-0.2879835202563516,-0.271038376440071,0.010989010989007397,-0.5030525030525048,1
4.7225858000456356,-0.2879835202563516,-0.271038376440071,0.010989010989007397,-0.5030525030525048,1
4.724388700036798,-0.2879835202563516,-0.271038376440071,0.010989010989007397,-0.5030525030525048,1
4.725858000048902,-0.2879835202563516,-0.271038376440071,0.010989010989007397,-0.5030525030525048,1
4.727480400004424,-0.2879835202563516,-0.271038376440071,0.010989010989007397,-0.5030525030525048,1
4.72912410000572,-0.2879835202563516,-0.271038376440071,0.010989010989007397,-0.5030525030525048,1
4.730746100016404,-0.2879835202563516,-0.271038376440071,0.010989010989007397,-0.5030525030525048,1
4.732356400054414,-0.2879835202563516,-0.271038376440071,0.010989010989007397,-0.5030525030525048,1
4.733645600033924,-0.2879835202563516,-0.271038376440071,0.010989010989007397,-0.5030525030525048,1
4.73516700003529,-0.2879835202563516,-0.271038376440071,0.010989010989007397,-0.5030525030525048,1
4.736780500039458,-0.2879835202563516,-0.271038376440071,0.010989010989007397,-0.5030525030525048,1
4.738290000008419,-0.2879835202563516,-0.271038376440071,0.010989010989007397,-0.5030525030525048,1
4.739900900050998,-0.2879835202563516,-0.271038376440071,0.010989010989007397,-0.5030525030525048,1
4.741546400007792,-0.2879835202563516,-0.271038376440071,0.010989010989007397,-0.5030525030525048,1
4.743159600009676,-0.2879835202563516,-0.271038376440071,0.010989010989007397,-0.5030525030525048,1
4.744662000040989,-0.2879835202563516,-0.271038376440071,0.010989010989007397,-0.5030525030525048,1
4.7462922999984585,-0.2879835202563516,-0.271038376440071,0.010989010989007397,-0.5030525030525048,1
4.74790670000948,-0.2879835202563516,-0.271038376440071,0.010989010989007397,-0.5030525030525048,1
4.749570300045889,-0.2879835202563516,-0.271038376440071,0.010989010989007397,-0.5030525030525048,1
4.751302500022575,-0.2879835202563516,-0.271038376440071,0.010989010989007397,-0.5030525030525048,1
4.753013500012457,-0.2879835202563516,-0.271038376440071,0.010989010989007397,-0.5030525030525048,1
4.754568500036839,-0.2879835202563516,-0.271038376440071,0.010989010989007397,-0.5030525030525048,1
4.756278300017584,-0.2879835202563516,-0.271038376440071,0.010989010989007397,-0.5030525030525048,1
4.7594670000253245,-0.2879835202563516,-0.271038376440071,0.010989010989007397,-0.5030525030525048,1
4.761235200043302,-0.2879835202563516,-0.271038376440071,0.010989010989007397,-0.5030525030525048,1
4.76283570000669,-0.2879835202563516,-0.271038376440071,0.010989010989007397,-0.5030525030525048,1
4.764547099999618,-0.2879835202563516,-0.271038376440071,0.010989010989007397,-0.5030525030525048,1
4.766197300050408,-0.2879835202563516,-0.271038376440071,0.010989010989007397,-0.5030525030525048,1
4.768198800040409,-0.2879835202563516,-0.271038376440071,0.010989010989007397,-0.5030525030525048,1
4.769916800025385,-0.2879835202563516,-0.271038376440071,0.010989010989007397,-0.5030525030525048,1
4.772400400019251,-0.2879835202563516,-0.271038376440071,0.010989010989007397,-0.5030525030525048,1
4.773950600007083,-0.2879835202563516,-0.271038376440071,0.010989010989007397,-0.5030525030525048,1
4.7756339000188746,-0.2879835202563516,-0.271038376440071,0.010989010989007397,-0.5030525030525048,1
4.7777433000155725,-0.2879835202563516,-0.271038376440071,0.010989010989007397,-0.5030525030525048,1
4.778917100047693,-0.2879835202563516,-0.271038376440071,0.010989010989007397,-0.5030525030525048,1
4.7806666000396945,-0.2879835202563516,-0.271038376440071,0.010989010989007397,-0.5030525030525048,1
4.782282700005453,-0.2879835202563516,-0.271038376440071,0.010989010989007397,-0.5030525030525048,1
4.783877500041854,-0.2879835202563516,-0.271038376440071,0.010989010989007397,-0.5030525030525048,1
4.785428100032732,-0.2879835202563516,-0.271038376440071,0.010989010989007397,-0.5030525030525048,1
4.787024000019301,-0.2879835202563516,-0.271038376440071,0.010989010989007397,-0.5030525030525048,1
4.788540400040802,-0.2879835202563516,-0.271038376440071,0.010989010989007397,-0.5030525030525048,1
4.790059700026177,-0.2879835202563516,-0.271038376440071,0.010989010989007397,-0.5030525030525048,1
4.7917232000036165,-0.2879835202563516,-0.271038376440071,0.010989010989007397,-0.5030525030525048,1
4.793354100023862,-0.2879835202563516,-0.271038376440071,0.010989010989007397,-0.5030525030525048,1
4.794860600028187,-0.2879835202563516,-0.271038376440071,0.010989010989007397,-0.5030525030525048,1
4.796456000010949,-0.2879835202563516,-0.271038376440071,0.010989010989007397,-0.5030525030525048,1
4.7980711000273,-0.2879835202563516,-0.271038376440071,0.010989010989007397,-0.5030525030525048,1
4.799649799999315,-0.2879835202563516,-0.271038376440071,0.010989010989007397,-0.5030525030525048,1
4.80127600004198,-0.2879835202563516,-0.271038376440071,0.010989010989007397,-0.5030525030525048,1
4.802929600002244,-0.2879835202563516,-0.271038376440071,0.010989010989007397,-0.5030525030525048,1
4.804436700011138,-0.2879835202563516,-0.2714198519874884,-0.0329670329670364,-0.5225885225885243,1
4.806038900045678,-0.2879835202563516,-0.2714198519874884,-0.0329670329670364,-0.5225885225885243,1
4.807666200038511,-0.2879835202563516,-0.2714198519874884,-0.0329670329670364,-0.5225885225885243,1
4.8093468000297435,-0.2879835202563516,-0.2714198519874884,-0.0329670329670364,-0.5225885225885243,1
4.811041500011925,-0.2879835202563516,-0.2714198519874884,-0.0329670329670364,-0.5225885225885243,1
4.812278000055812,-0.2879835202563516,-0.2714198519874884,-0.0329670329670364,-0.5225885225885243,1
4.813575800042599,-0.2879835202563516,-0.2714198519874884,-0.0329670329670364,-0.5225885225885243,1
4.815046800009441,-0.2879835202563516,-0.2714198519874884,-0.0329670329670364,-0.5225885225885243,1
4.816697100002784,-0.2879835202563516,-0.2714198519874884,-0.0329670329670364,-0.5225885225885243,1
4.818420200026594,-0.2879835202563516,-0.2714198519874884,-0.0329670329670364,-0.5225885225885243,1
4.820040400023572,-0.2879835202563516,-0.2714198519874884,-0.0329670329670364,-0.5225885225885243,1
4.821674800012261,-0.2879835202563516,-0.2714198519874884,-0.0329670329670364,-0.5225885225885243,1
4.8233307000482455,-0.2879835202563516,-0.2714198519874884,-0.0329670329670364,-0.5225885225885243,1
4.824859400046989,-0.2879835202563516,-0.2714198519874884,-0.0329670329670364,-0.5225885225885243,1
4.826486100035254,-0.2879835202563516,-0.2714198519874884,-0.0329670329670364,-0.5225885225885243,1
4.82813520001946,-0.2879835202563516,-0.2714198519874884,-0.0329670329670364,-0.5225885225885243,1
4.8297511000419036,-0.2879835202563516,-0.2714198519874884,-0.0329670329670364,-0.5225885225885243,1
4.831456500047352,-0.2879835202563516,-0.2714198519874884,-0.0329670329670364,-0.5225885225885243,1
4.832910900004208,-0.2879835202563516,-0.2714198519874884,-0.0329670329670364,-0.5225885225885243,1
4.834417000005487,-0.2879835202563516,-0.2714198519874884,-0.0329670329670364,-0.5225885225885243,1
4.836011600040365,-0.2879835202563516,-0.2714198519874884,-0.0329670329670364,-0.5225885225885243,1
4.837658100004774,-0.2879835202563516,-0.2714198519874884,-0.0329670329670364,-0.5225885225885243,1
4.83914100000402,-0.2879835202563516,-0.2714198519874884,-0.0329670329670364,-0.5225885225885243,1
4.840761200000998,-0.2879835202563516,-0.2714198519874884,-0.0329670329670364,-0.5225885225885243,1
4.842034600034822,-0.2879835202563516,-0.2714198519874884,-0.0329670329670364,-0.5225885225885243,1
4.843661400023848,-0.2879835202563516,-0.2714198519874884,-0.0329670329670364,-0.5225885225885243,1
4.84524200001033,-0.2879835202563516,-0.2714198519874884,-0.0329670329670364,-0.5225885225885243,1
4.846820400038268,-0.2879835202563516,-0.2714198519874884,-0.0329670329670364,-0.5225885225885243,1
4.848524900036864,-0.2879835202563516,-0.2714198519874884,-0.0329670329670364,-0.5225885225885243,1
4.850135200016666,-0.2879835202563516,-0.2714198519874884,-0.0329670329670364,-0.5225885225885243,1
4.8517444000463,-0.2879835202563516,-0.2714198519874884,-0.0329670329670364,-0.5225885225885243,1
4.85325450001983,-0.2879835202563516,-0.2714198519874884,-0.0329670329670364,-0.5225885225885243,1
4.854766900010873,-0.2879835202563516,-0.2714198519874884,-0.0329670329670364,-0.5225885225885243,1
4.856378000054974,-0.2879835202563516,-0.2714198519874884,-0.0329670329670364,-0.5225885225885243,1
4.85803520004265,-0.2879835202563516,-0.2714198519874884,-0.0329670329670364,-0.5225885225885243,1
4.859712000004947,-0.2879835202563516,-0.2714198519874884,-0.0329670329670364,-0.5225885225885243,1
4.861351300030947,-0.2879835202563516,-0.2714198519874884,-0.0329670329670364,-0.5225885225885243,1
4.8626310000545345,-0.2879835202563516,-0.2714198519874884,-0.0329670329670364,-0.5225885225885243,1
4.864267500001006,-0.2879835202563516,-0.2714198519874884,-0.0329670329670364,-0.5225885225885243,1
4.865804000000935,-0.2879835202563516,-0.2714198519874884,-0.0329670329670364,-0.5225885225885243,1
4.86741120001534,-0.2879835202563516,-0.2714198519874884,-0.0329670329670364,-0.5225885225885243,1
4.869011000031605,-0.2879835202563516,-0.2714198519874884,-0.0329670329670364,-0.5225885225885243,1
4.8706433000043035,-0.2879835202563516,-0.2714198519874884,-0.0329670329670364,-0.5225885225885243,1
4.872293600055855,-0.2879835202563516,-0.2714198519874884,-0.0329670329670364,-0.5225885225885243,1
4.873799200053327,-0.2879835202563516,-0.2714198519874884,-0.0329670329670364,-0.5225885225885243,1
4.8754332000389695,-0.2879835202563516,-0.2714198519874884,-0.0329670329670364,-0.5225885225885243,1
4.877420200034976,-0.2879835202563516,-0.2714198519874884,-0.0329670329670364,-0.5225885225885243,1
4.878833800030407,-0.2879835202563516,-0.2714198519874884,-0.0329670329670364,-0.5225885225885243,1
4.880589000007603,-0.2879835202563516,-0.2714198519874884,-0.0329670329670364,-0.5225885225885243,1
4.882250900031067,-0.2879835202563516,-0.2714198519874884,-0.0329670329670364,-0.5225885225885243,1
4.883900000015274,-0.2879835202563516,-0.2714198519874884,-0.0329670329670364,-0.5225885225885243,1
4.885448700049892,-0.2879835202563516,-0.2714198519874884,-0.0329670329670364,-0.5225885225885243,1
4.886941800010391,-0.2879835202563516,-0.2714198519874884,-0.0329670329670364,-0.5225885225885243,1
4.888475500047207,-0.2879835202563516,-0.2714198519874884,-0.0329670329670364,-0.5225885225885243,1
4.890521000023,-0.2879835202563516,-0.2714198519874884,-0.0329670329670364,-0.5225885225885243,1
4.892133800021838,-0.2879835202563516,-0.2714198519874884,-0.0329670329670364,-0.5225885225885243,1
4.893772800045554,-0.2879835202563516,-0.2714198519874884,-0.0329670329670364,-0.5225885225885243,1
4.895261900033802,-0.2879835202563516,-0.2714198519874884,-0.0329670329670364,-0.5225885225885243,1
4.896794800006319,-0.2879835202563516,-0.2714198519874884,-0.0329670329670364,-0.5225885225885243,1
4.8985496000386775,-0.2879835202563516,-0.2714198519874884,-0.0329670329670364,-0.5225885225885243,1
4.900132400041912,-0.2879835202563516,-0.2714198519874884,-0.0329670329670364,-0.5225885225885243,1
4.901711200014688,-0.2879835202563516,-0.2714198519874884,-0.0329670329670364,-0.5225885225885243,1
4.903466000047047,-0.2879835202563516,-0.2714198519874884,-0.0329670329670364,-0.5225885225885243,1
4.906460500031244,-0.2879835202563516,-0.2714198519874884,-0.0329670329670364,-0.5225885225885243,1
4.908139600011054,-0.2879835202563516,-0.2714198519874884,-0.0329670329670364,-0.5225885225885243,1
4.909632200025953,-0.2879835202563516,-0.2714198519874884,-0.0329670329670364,-0.5225885225885243,1
4.911289800016675,-0.2879835202563516,-0.2714198519874884,-0.0329670329670364,-0.5225885225885243,1
4.912994300015271,-0.2879835202563516,-0.2714198519874884,-0.0329670329670364,-0.5225885225885243,1
4.914551900001243,-0.2879835202563516,-0.2714198519874884,-0.0329670329670364,-0.5225885225885243,1
4.916197200014722,-0.2879835202563516,-0.2714198519874884,-0.0329670329670364,-0.5225885225885243,1
4.917847500008065,-0.2879835202563516,-0.2714198519874884,-0.0329670329670364,-0.5225885225885243,1
4.919501200027298,-0.2879835202563516,-0.271038376440071,-0.010989010989007397,-0.5030525030525048,1
4.9210915000294335,-0.2879835202563516,-0.271038376440071,-0.010989010989007397,-0.5030525030525048,1
4.92276500002481,-0.2879835202563516,-0.271038376440071,-0.010989010989007397,-0.5030525030525048,1
4.92439690005267,-0.2879835202563516,-0.271038376440071,-0.010989010989007397,-0.5030525030525048,1
4.926007300033234,-0.2879835202563516,-0.271038376440071,-0.010989010989007397,-0.5030525030525048,1
4.9276721000205725,-0.2879835202563516,-0.271038376440071,-0.010989010989007397,-0.5030525030525048,1
4.929321500007063,-0.2879835202563516,-0.271038376440071,-0.010989010989007397,-0.5030525030525048,1
4.931018200004473,-0.2879835202563516,-0.271038376440071,-0.010989010989007397,-0.5030525030525048,1
4.932253600039985,-0.2879835202563516,-0.271038376440071,-0.010989010989007397,-0.5030525030525048,1
4.933924000011757,-0.2879835202563516,-0.271038376440071,-0.010989010989007397,-0.5030525030525048,1
4.93540480005322,-0.2879835202563516,-0.271038376440071,-0.010989010989007397,-0.5030525030525048,1
4.936994900053833,-0.2879835202563516,-0.271038376440071,-0.010989010989007397,-0.5030525030525048,1
4.93859810003778,-0.2879835202563516,-0.271038376440071,-0.010989010989007397,-0.5030525030525048,1
4.9401293999981135,-0.2879835202563516,-0.271038376440071,-0.010989010989007397,-0.5030525030525048,1
4.9416269000503235,-0.2879835202563516,-0.271038376440071,-0.010989010989007397,-0.5030525030525048,1
4.943306100030895,-0.2879835202563516,-0.271038376440071,-0.010989010989007397,-0.5030525030525048,1
4.944882700045127,-0.2879835202563516,-0.271038376440071,-0.010989010989007397,-0.5030525030525048,1
4.946226400032174,-0.2879835202563516,-0.271038376440071,-0.010989010989007397,-0.5030525030525048,1
4.94799570000032,-0.2879835202563516,-0.271038376440071,-0.010989010989007397,-0.5030525030525048,1
4.9492809000075795,-0.2879835202563516,-0.271038376440071,-0.010989010989007397,-0.5030525030525048,1
4.950926800025627,-0.2879835202563516,-0.271038376440071,-0.010989010989007397,-0.5030525030525048,1
4.952374000044074,-0.2879835202563516,-0.271038376440071,-0.010989010989007397,-0.5030525030525048,1
4.954064300050959,-0.2879835202563516,-0.271038376440071,-0.010989010989007397,-0.5030525030525048,1
4.95564340002602,-0.2879835202563516,-0.271038376440071,-0.010989010989007397,-0.5030525030525048,1
4.957129900052678,-0.2879835202563516,-0.271038376440071,-0.010989010989007397,-0.5030525030525048,1
4.958803600049578,-0.2879835202563516,-0.271038376440071,-0.010989010989007397,-0.5030525030525048,1
4.960455300053582,-0.2879835202563516,-0.271038376440071,-0.010989010989007397,-0.5030525030525048,1
4.962125800026115,-0.2879835202563516,-0.271038376440071,-0.010989010989007397,-0.5030525030525048,1
4.9637604000163265,-0.2879835202563516,-0.271038376440071,-0.010989010989007397,-0.5030525030525048,1
4.965361400041729,-0.2879835202563516,-0.271038376440071,-0.010989010989007397,-0.5030525030525048,1
4.966957500029821,-0.2879835202563516,-0.271038376440071,-0.010989010989007397,-0.5030525030525048,1
4.968569000018761,-0.2879835202563516,-0.271038376440071,-0.010989010989007397,-0.5030525030525048,1
4.970211100007873,-0.2879835202563516,-0.271038376440071,-0.010989010989007397,-0.5030525030525048,1
4.971810100018047,-0.2879835202563516,-0.271038376440071,-0.010989010989007397,-0.5030525030525048,1
4.973301400023047,-0.2879835202563516,-0.271038376440071,-0.010989010989007397,-0.5030525030525048,1
4.9748078000266105,-0.2879835202563516,-0.271038376440071,-0.010989010989007397,-0.5030525030525048,1
4.9764033000101335,-0.2879835202563516,-0.271038376440071,-0.010989010989007397,-0.5030525030525048,1
4.97806190000847,-0.2879835202563516,-0.271038376440071,-0.010989010989007397,-0.5030525030525048,1
4.979793500038795,-0.2879835202563516,-0.271038376440071,-0.010989010989007397,-0.5030525030525048,1
4.981234100006986,-0.2879835202563516,-0.271038376440071,-0.010989010989007397,-0.5030525030525048,1
4.982934300031047,-0.2879835202563516,-0.271038376440071,-0.010989010989007397,-0.5030525030525048,1
4.984502400038764,-0.2879835202563516,-0.271038376440071,-0.010989010989007397,-0.5030525030525048,1
4.986117000051308,-0.2879835202563516,-0.271038376440071,-0.010989010989007397,-0.5030525030525048,1
4.987840500019956,-0.2879835202563516,-0.271038376440071,-0.010989010989007397,-0.5030525030525048,1
4.989423900027759,-0.2879835202563516,-0.271038376440071,-0.010989010989007397,-0.5030525030525048,1
4.990908100036904,-0.2879835202563516,-0.271038376440071,-0.010989010989007397,-0.5030525030525048,1
4.9924955000169575,-0.2879835202563516,-0.271038376440071,-0.010989010989007397,-0.5030525030525048,1
4.994243799999822,-0.2879835202563516,-0.271038376440071,-0.010989010989007397,-0.5030525030525048,1
4.995745400025044,-0.2879835202563516,-0.271038376440071,-0.010989010989007397,-0.5030525030525048,1
4.997360900044441,-0.2879835202563516,-0.271038376440071,-0.010989010989007397,-0.5030525030525048,1
4.998966000042856,-0.2879835202563516,-0.271038376440071,-0.010989010989007397,-0.5030525030525048,1
5.000575600017328,-0.2879835202563516,-0.271038376440071,-0.010989010989007397,-0.5030525030525048,1
5.002208200050518,-0.2879835202563516,-0.271038376440071,-0.010989010989007397,-0.5030525030525048,1
5.003863600024488,-0.2879835202563516,-0.271038376440071,-0.010989010989007397,-0.5030525030525048,1
5.005373799998779,-0.2879835202563516,-0.271038376440071,-0.010989010989007397,-0.5030525030525048,1
5.006961600040086,-0.2879835202563516,-0.271038376440071,-0.010989010989007397,-0.5030525030525048,1
5.008705800049938,-0.2879835202563516,-0.271038376440071,-0.010989010989007397,-0.5030525030525048,1
5.010333200043533,-0.2879835202563516,-0.271038376440071,-0.010989010989007397,-0.5030525030525048,1
5.011966200021561,-0.2879835202563516,-0.271038376440071,-0.010989010989007397,-0.5030525030525048,1
5.013537899998482,-0.2879835202563516,-0.271038376440071,-0.010989010989007397,-0.5030525030525048,1
5.015041500038933,-0.2879835202563516,-0.271038376440071,-0.010989010989007397,-0.5030525030525048,1
5.016609100042842,-0.2879835202563516,-0.271038376440071,-0.010989010989007397,-0.5030525030525048,1
5.018313900043722,-0.2879835202563516,-0.271038376440071,-0.010989010989007397,-0.5030525030525048,1
5.019723000004888,-0.2879835202563516,-0.271038376440071,-0.010989010989007397,-0.5030525030525048,1
5.021322400018107,-0.2879835202563516,-0.271038376440071,-0.010989010989007397,-0.5030525030525048,1
5.023020500026178,-0.2879835202563516,-0.271038376440071,-0.010989010989007397,-0.5030525030525048,1
5.024511500028893,-0.2879835202563516,-0.2714198519874884,-0.0329670329670364,-0.5225885225885243,1
5.026225700043142,-0.2879835202563516,-0.2714198519874884,-0.0329670329670364,-0.5225885225885243,1
5.027893899998162,-0.2879835202563516,-0.2714198519874884,-0.0329670329670364,-0.5225885225885243,1
5.029552899999544,-0.2879835202563516,-0.2714198519874884,-0.0329670329670364,-0.5225885225885243,1
5.031262400036212,-0.2879835202563516,-0.2714198519874884,-0.0329670329670364,-0.5225885225885243,1
5.032350000052247,-0.2879835202563516,-0.2714198519874884,-0.0329670329670364,-0.5225885225885243,1
5.033950200013351,-0.2879835202563516,-0.2714198519874884,-0.0329670329670364,-0.5225885225885243,1
5.035465200024191,-0.2879835202563516,-0.2714198519874884,-0.0329670329670364,-0.5225885225885243,1
5.037198300007731,-0.2879835202563516,-0.2714198519874884,-0.0329670329670364,-0.5225885225885243,1
5.038842500012834,-0.2879835202563516,-0.2714198519874884,-0.0329670329670364,-0.5225885225885243,1
5.040507700003218,-0.2879835202563516,-0.2714198519874884,-0.0329670329670364,-0.5225885225885243,1
5.041651300038211,-0.2879835202563516,-0.2714198519874884,-0.0329670329670364,-0.5225885225885243,1
5.043252100003883,-0.2879835202563516,-0.2714198519874884,-0.0329670329670364,-0.5225885225885243,1
5.04480329999933,-0.2879835202563516,-0.2714198519874884,-0.0329670329670364,-0.5225885225885243,1
5.046465100022033,-0.2879835202563516,-0.2714198519874884,-0.0329670329670364,-0.5225885225885243,1
5.047955100017134,-0.2879835202563516,-0.2714198519874884,-0.0329670329670364,-0.5225885225885243,1
5.049524600035511,-0.2879835202563516,-0.2714198519874884,-0.0329670329670364,-0.5225885225885243,1
5.051335100026336,-0.2879835202563516,-0.2714198519874884,-0.0329670329670364,-0.5225885225885243,1
5.053144600009546,-0.2879835202563516,-0.2714198519874884,-0.0329670329670364,-0.5225885225885243,1
5.054852800036315,-0.2879835202563516,-0.2714198519874884,-0.0329670329670364,-0.5225885225885243,1
5.056898600014392,-0.2879835202563516,-0.2714198519874884,-0.0329670329670364,-0.5225885225885243,1
5.058545600040816,-0.2879835202563516,-0.2714198519874884,-0.0329670329670364,-0.5225885225885243,1
5.059831899998244,-0.2879835202563516,-0.2714198519874884,-0.0329670329670364,-0.5225885225885243,1
5.061413100047503,-0.2879835202563516,-0.2714198519874884,-0.0329670329670364,-0.5225885225885243,1
5.0630271000554785,-0.2879835202563516,-0.2714198519874884,-0.0329670329670364,-0.5225885225885243,1
5.064576000033412,-0.2879835202563516,-0.2714198519874884,-0.0329670329670364,-0.5225885225885243,1
5.066225700022187,-0.2879835202563516,-0.2714198519874884,-0.0329670329670364,-0.5225885225885243,1
5.068074700015131,-0.2879835202563516,-0.2714198519874884,-0.0329670329670364,-0.5225885225885243,1
5.069663700007368,-0.2879835202563516,-0.2714198519874884,-0.0329670329670364,-0.5225885225885243,1
5.071193200012203,-0.2879835202563516,-0.2714198519874884,-0.0329670329670364,-0.5225885225885243,1
5.073337500041816,-0.2879835202563516,-0.2714198519874884,-0.0329670329670364,-0.5225885225885243,1
5.074906000052579,-0.2879835202563516,-0.2714198519874884,-0.0329670329670364,-0.5225885225885243,1
5.0765561000443995,-0.2879835202563516,-0.2714198519874884,-0.0329670329670364,-0.5225885225885243,1
5.078168100037146,-0.2879835202563516,-0.2714198519874884,-0.0329670329670364,-0.5225885225885243,1
5.079743000038434,-0.2879835202563516,-0.2714198519874884,-0.0329670329670364,-0.5225885225885243,1
5.0813609000178985,-0.2879835202563516,-0.2714198519874884,-0.0329670329670364,-0.5225885225885243,1
5.082992600044236,-0.2879835202563516,-0.2714198519874884,-0.0329670329670364,-0.5225885225885243,1
5.0847428000415675,-0.2879835202563516,-0.2714198519874884,-0.0329670329670364,-0.5225885225885243,1
5.086656100000255,-0.2879835202563516,-0.2714198519874884,-0.0329670329670364,-0.5225885225885243,1
5.088279100018553,-0.2879835202563516,-0.2714198519874884,-0.0329670329670364,-0.5225885225885243,1
5.089777900022455,-0.2879835202563516,-0.2714198519874884,-0.0329670329670364,-0.5225885225885243,1
5.091373000002932,-0.2879835202563516,-0.2714198519874884,-0.0329670329670364,-0.5225885225885243,1
5.092994000006001,-0.2879835202563516,-0.2714198519874884,-0.0329670329670364,-0.5225885225885243,1
5.094565900042653,-0.2879835202563516,-0.2714198519874884,-0.0329670329670364,-0.5225885225885243,1
5.096243300009519,-0.2879835202563516,-0.2714198519874884,-0.0329670329670364,-0.5225885225885243,1
5.0978207000298426,-0.2879835202563516,-0.2714198519874884,-0.0329670329670364,-0.5225885225885243,1
5.099457700038329,-0.2879835202563516,-0.2714198519874884,-0.0329670329670364,-0.5225885225885243,1
5.101430100039579,-0.2879835202563516,-0.2714198519874884,-0.0329670329670364,-0.5225885225885243,1
5.102889100031462,-0.2879835202563516,-0.2714198519874884,-0.0329670329670364,-0.5225885225885243,1
5.104443500051275,-0.2879835202563516,-0.2714198519874884,-0.0329670329670364,-0.5225885225885243,1
5.106085600040387,-0.2879835202563516,-0.2714198519874884,-0.0329670329670364,-0.5225885225885243,1
5.107835500035435,-0.2879835202563516,-0.2714198519874884,-0.0329670329670364,-0.5225885225885243,1
5.109452400007285,-0.2879835202563516,-0.2714198519874884,-0.0329670329670364,-0.5225885225885243,1
5.1110855000442825,-0.2879835202563516,-0.2714198519874884,-0.0329670329670364,-0.5225885225885243,1
5.112653200048953,-0.2879835202563516,-0.2714198519874884,-0.0329670329670364,-0.5225885225885243,1
5.114276300009806,-0.2879835202563516,-0.2714198519874884,-0.0329670329670364,-0.5225885225885243,1
5.11581590003334,-0.2879835202563516,-0.2714198519874884,-0.0329670329670364,-0.5225885225885243,1
5.1180138000054285,-0.2879835202563516,-0.2714198519874884,-0.0329670329670364,-0.5225885225885243,1
5.12054180004634,-0.2879835202563516,-0.2714198519874884,-0.0329670329670364,-0.5225885225885243,1
5.121806800016202,-0.2879835202563516,-0.2714198519874884,-0.0329670329670364,-0.5225885225885243,1
5.123433600005228,-0.2879835202563516,-0.2714198519874884,-0.0329670329670364,-0.5225885225885243,1
5.124938100052532,-0.2879835202563516,-0.2714198519874884,-0.0329670329670364,-0.5225885225885243,1
5.126625600038096,-0.2879835202563516,-0.2714198519874884,-0.0329670329670364,-0.5225885225885243,1
5.128356100001838,-0.2879835202563516,-0.2714198519874884,-0.0329670329670364,-0.5225885225885243,1
5.129956000018865,-0.2879835202563516,-0.2714198519874884,-0.010989010989007397,-0.5030525030525048,1
5.131797500012908,-0.2879835202563516,-0.2714198519874884,-0.010989010989007397,-0.5030525030525048,1
5.132999100023881,-0.2879835202563516,-0.2714198519874884,-0.010989010989007397,-0.5030525030525048,1
5.134557800018229,-0.2879835202563516,-0.2714198519874884,-0.010989010989007397,-0.5030525030525048,1
5.136172800033819,-0.2879835202563516,-0.2714198519874884,-0.010989010989007397,-0.5030525030525048,1
5.137558900052682,-0.2879835202563516,-0.2714198519874884,-0.010989010989007397,-0.5030525030525048,1
5.139171900053043,-0.2879835202563516,-0.2714198519874884,-0.010989010989007397,-0.5030525030525048,1
5.140690800035372,-0.2879835202563516,-0.2714198519874884,-0.010989010989007397,-0.5030525030525048,1
5.142205900046974,-0.2879835202563516,-0.2714198519874884,-0.010989010989007397,-0.5030525030525048,1
5.143888300051913,-0.2879835202563516,-0.2714198519874884,-0.010989010989007397,-0.5030525030525048,1
5.145401200046763,-0.2879835202563516,-0.2714198519874884,-0.010989010989007397,-0.5030525030525048,1
5.147049300023355,-0.2879835202563516,-0.2714198519874884,-0.010989010989007397,-0.5030525030525048,1
5.148771800042596,-0.2879835202563516,-0.2714198519874884,-0.010989010989007397,-0.5030525030525048,1
5.150367800029926,-0.2879835202563516,-0.2714198519874884,-0.010989010989007397,-0.5030525030525048,1
5.152129300055094,-0.2879835202563516,-0.2714198519874884,-0.010989010989007397,-0.5030525030525048,1
5.153250800038222,-0.2879835202563516,-0.2714198519874884,-0.010989010989007397,-0.5030525030525048,1
5.154754600021988,-0.2879835202563516,-0.2714198519874884,-0.010989010989007397,-0.5030525030525048,1
5.156356000050437,-0.2879835202563516,-0.2714198519874884,-0.010989010989007397,-0.5030525030525048,1
5.158028300036676,-0.2879835202563516,-0.2714198519874884,-0.010989010989007397,-0.5030525030525048,1
5.159666300052777,-0.2879835202563516,-0.2714198519874884,-0.010989010989007397,-0.5030525030525048,1
5.161289600015152,-0.2879835202563516,-0.2714198519874884,-0.010989010989007397,-0.5030525030525048,1
5.162912900035735,-0.2879835202563516,-0.2714198519874884,-0.010989010989007397,-0.5030525030525048,1
5.1644199000438675,-0.2879835202563516,-0.2714198519874884,-0.010989010989007397,-0.5030525030525048,1
5.165663800027687,-0.2879835202563516,-0.2714198519874884,-0.010989010989007397,-0.5030525030525048,1
5.166906500002369,-0.2879835202563516,-0.2714198519874884,-0.010989010989007397,-0.5030525030525048,1
5.168548300047405,-0.2879835202563516,-0.2714198519874884,-0.010989010989007397,-0.5030525030525048,1
5.169930900039617,-0.2879835202563516,-0.2714198519874884,-0.010989010989007397,-0.5030525030525048,1
5.1715653000283055,-0.2879835202563516,-0.2714198519874884,-0.010989010989007397,-0.5030525030525048,1
5.172960100055207,-0.2879835202563516,-0.2714198519874884,-0.010989010989007397,-0.5030525030525048,1
5.174343100050464,-0.2879835202563516,-0.2714198519874884,-0.010989010989007397,-0.5030525030525048,1
5.1760019000503235,-0.2879835202563516,-0.2714198519874884,-0.010989010989007397,-0.5030525030525048,1
5.177648800017778,-0.2879835202563516,-0.2714198519874884,-0.010989010989007397,-0.5030525030525048,1
5.179299800016452,-0.2879835202563516,-0.2714198519874884,-0.010989010989007397,-0.5030525030525048,1
5.180942500010133,-0.2879835202563516,-0.2714198519874884,-0.010989010989007397,-0.5030525030525048,1
5.18261950003216,-0.2879835202563516,-0.2714198519874884,-0.010989010989007397,-0.5030525030525048,1
5.184322000015527,-0.2879835202563516,-0.2714198519874884,-0.010989010989007397,-0.5030525030525048,1
5.185828900022898,-0.2879835202563516,-0.2714198519874884,-0.010989010989007397,-0.5030525030525048,1
5.187453999998979,-0.2879835202563516,-0.2714198519874884,-0.010989010989007397,-0.5030525030525048,1
5.1891516000032425,-0.2879835202563516,-0.2714198519874884,-0.010989010989007397,-0.5030525030525048,1
5.190598900022451,-0.2879835202563516,-0.2714198519874884,-0.010989010989007397,-0.5030525030525048,1
5.191821300017182,-0.2879835202563516,-0.2714198519874884,-0.010989010989007397,-0.5030525030525048,1
5.193587400019169,-0.2879835202563516,-0.2714198519874884,-0.010989010989007397,-0.5030525030525048,1
5.195089400047436,-0.2879835202563516,-0.2714198519874884,-0.010989010989007397,-0.5030525030525048,1
5.196729400020558,-0.2879835202563516,-0.2714198519874884,-0.010989010989007397,-0.5030525030525048,1
5.1983373000402935,-0.2879835202563516,-0.2714198519874884,-0.010989010989007397,-0.5030525030525048,1
5.199991200002842,-0.2879835202563516,-0.2714198519874884,-0.010989010989007397,-0.5030525030525048,1
5.201673000003211,-0.2879835202563516,-0.2714198519874884,-0.010989010989007397,-0.5030525030525048,1
5.202987100055907,-0.2879835202563516,-0.2714198519874884,-0.010989010989007397,-0.5030525030525048,1
5.204829200054519,-0.2879835202563516,-0.2714198519874884,-0.010989010989007397,-0.5030525030525048,1
5.206342800054699,-0.2879835202563516,-0.2714198519874884,-0.010989010989007397,-0.5030525030525048,1
5.207996000011917,-0.2879835202563516,-0.2714198519874884,-0.010989010989007397,-0.5030525030525048,1
5.209631100005936,-0.2879835202563516,-0.2714198519874884,-0.010989010989007397,-0.5030525030525048,1
5.211265999998432,-0.2879835202563516,-0.2714198519874884,-0.010989010989007397,-0.5030525030525048,1
5.212745000026189,-0.2879835202563516,-0.2714198519874884,-0.010989010989007397,-0.5030525030525048,1
5.214197300025262,-0.2879835202563516,-0.2714198519874884,-0.010989010989007397,-0.5030525030525048,1
5.215710600023158,-0.2879835202563516,-0.2714198519874884,-0.010989010989007397,-0.5030525030525048,1
5.217343399999663,-0.2879835202563516,-0.2714198519874884,-0.010989010989007397,-0.5030525030525048,1
5.218521500006318,-0.2879835202563516,-0.2714198519874884,-0.010989010989007397,-0.5030525030525048,1
5.22012520005228,-0.2879835202563516,-0.2714198519874884,-0.010989010989007397,-0.5030525030525048,1
5.221397800021805,-0.2879835202563516,-0.2714198519874884,-0.010989010989007397,-0.5030525030525048,1
5.223052700050175,-0.2879835202563516,-0.2714198519874884,-0.010989010989007397,-0.5030525030525048,1
5.224560900009237,-0.2879835202563516,-0.2714198519874884,-0.010989010989007397,-0.5030525030525048,1
5.226115300029051,-0.2879835202563516,-0.2714198519874884,-0.010989010989007397,-0.5030525030525048,1
5.227826200018171,-0.2879835202563516,-0.2714198519874884,-0.010989010989007397,-0.5030525030525048,1
5.229478500026744,-0.2879835202563516,-0.2714198519874884,-0.010989010989007397,-0.5030525030525048,1
5.2311934000463225,-0.2879835202563516,-0.2714198519874884,-0.010989010989007397,-0.5030525030525048,1
5.232840200013015,-0.2879835202563516,-0.2714198519874884,-0.010989010989007397,-0.5030525030525048,1
5.234438000014052,-0.2879835202563516,-0.2714198519874884,-0.010989010989007397,-0.5030525030525048,1
5.236064800003078,-0.2879835202563516,-0.2714198519874884,-0.010989010989007397,-0.5030525030525048,1
5.237643800035585,-0.2879835202563516,-0.2714198519874884,-0.010989010989007397,-0.5030525030525048,1
5.239294700033497,-0.2879835202563516,-0.2714198519874884,-0.010989010989007397,-0.5030525030525048,1
5.240960400027689,-0.2879835202563516,-0.2714198519874884,-0.010989010989007397,-0.5030525030525048,1
5.242272200004663,-0.2879835202563516,-0.2714198519874884,-0.010989010989007397,-0.5030525030525048,1
5.2439169000135735,-0.2879835202563516,-0.2714198519874884,-0.010989010989007397,-0.5030525030525048,1
5.2454291000030935,-0.2879835202563516,-0.2714198519874884,-0.010989010989007397,-0.5030525030525048,1
5.246823500026949,-0.2879835202563516,-0.2714198519874884,-0.010989010989007397,-0.5030525030525048,1
5.248461400042288,-0.2879835202563516,-0.2714198519874884,-0.010989010989007397,-0.5030525030525048,1
5.250225200026762,-0.2879835202563516,-0.2714198519874884,-0.010989010989007397,-0.5030525030525048,1
5.251884700031951,-0.2879835202563516,-0.2714198519874884,0.010989010989007397,-0.5128205128205146,1
5.253055700042751,-0.2879835202563516,-0.2714198519874884,0.010989010989007397,-0.5128205128205146,1
5.2546412000083365,-0.2879835202563516,-0.2714198519874884,0.010989010989007397,-0.5128205128205146,1
5.256314800004475,-0.2879835202563516,-0.2714198519874884,0.010989010989007397,-0.5128205128205146,1
5.257808800030034,-0.2879835202563516,-0.2714198519874884,0.010989010989007397,-0.5128205128205146,1
5.25952680001501,-0.2879835202563516,-0.2714198519874884,0.010989010989007397,-0.5128205128205146,1
5.261227900045924,-0.2879835202563516,-0.2714198519874884,0.010989010989007397,-0.5128205128205146,1
5.263079399999697,-0.2879835202563516,-0.2714198519874884,0.010989010989007397,-0.5128205128205146,1
5.264654099999461,-0.2879835202563516,-0.2714198519874884,0.010989010989007397,-0.5128205128205146,1
5.265825600014068,-0.2879835202563516,-0.2714198519874884,0.010989010989007397,-0.5128205128205146,1
5.267264800029807,-0.2879835202563516,-0.2714198519874884,0.010989010989007397,-0.5128205128205146,1
5.268883000011556,-0.2879835202563516,-0.2714198519874884,0.010989010989007397,-0.5128205128205146,1
5.27059830003418,-0.2879835202563516,-0.2714198519874884,0.010989010989007397,-0.5128205128205146,1
5.272079900023527,-0.2879835202563516,-0.2714198519874884,0.010989010989007397,-0.5128205128205146,1
5.273706000007223,-0.2879835202563516,-0.2714198519874884,0.010989010989007397,-0.5128205128205146,1
5.27523970004404,-0.2879835202563516,-0.2714198519874884,0.010989010989007397,-0.5128205128205146,1
5.276851400034502,-0.2879835202563516,-0.2714198519874884,0.010989010989007397,-0.5128205128205146,1
5.27828240004601,-0.2879835202563516,-0.2714198519874884,0.010989010989007397,-0.5128205128205146,1
5.279916700033937,-0.2879835202563516,-0.2714198519874884,0.010989010989007397,-0.5128205128205146,1
5.281416400044691,-0.2879835202563516,-0.2714198519874884,0.010989010989007397,-0.5128205128205146,1
5.282726000004914,-0.2879835202563516,-0.2714198519874884,0.010989010989007397,-0.5128205128205146,1
5.28453400003491,-0.2879835202563516,-0.2714198519874884,0.010989010989007397,-0.5128205128205146,1
5.2861612000269815,-0.2879835202563516,-0.2714198519874884,0.010989010989007397,-0.5128205128205146,1
5.287266200000886,-0.2879835202563516,-0.2714198519874884,0.010989010989007397,-0.5128205128205146,1
5.288655700045638,-0.2879835202563516,-0.2714198519874884,0.010989010989007397,-0.5128205128205146,1
5.290182700031437,-0.2879835202563516,-0.2714198519874884,0.010989010989007397,-0.5128205128205146,1
5.291784400003962,-0.2879835202563516,-0.2714198519874884,0.010989010989007397,-0.5128205128205146,1
5.293520700011868,-0.2879835202563516,-0.2714198519874884,0.010989010989007397,-0.5128205128205146,1
5.295029200031422,-0.2879835202563516,-0.2714198519874884,0.010989010989007397,-0.5128205128205146,1
5.296824700024445,-0.2879835202563516,-0.2714198519874884,0.010989010989007397,-0.5128205128205146,1
5.298193500027992,-0.2879835202563516,-0.2714198519874884,0.010989010989007397,-0.5128205128205146,1
5.299512900004629,-0.2879835202563516,-0.2714198519874884,0.010989010989007397,-0.5128205128205146,1
5.30121310002869,-0.2879835202563516,-0.2714198519874884,0.010989010989007397,-0.5128205128205146,1
5.3028541000094265,-0.2879835202563516,-0.2714198519874884,0.010989010989007397,-0.5128205128205146,1
5.304440500040073,-0.2879835202563516,-0.2714198519874884,0.010989010989007397,-0.5128205128205146,1
5.306068100035191,-0.2879835202563516,-0.2714198519874884,0.010989010989007397,-0.5128205128205146,1
5.307638700003736,-0.2879835202563516,-0.2714198519874884,0.010989010989007397,-0.5128205128205146,1
5.309353800024837,-0.2879835202563516,-0.2714198519874884,0.010989010989007397,-0.5128205128205146,1
5.3110106000094675,-0.2879835202563516,-0.2714198519874884,0.010989010989007397,-0.5128205128205146,1
5.312611400033347,-0.2879835202563516,-0.2714198519874884,0.010989010989007397,-0.5128205128205146,1
5.314223400026094,-0.2879835202563516,-0.2714198519874884,0.010989010989007397,-0.5128205128205146,1
5.3157333000563085,-0.2879835202563516,-0.2714198519874884,0.010989010989007397,-0.5128205128205146,1
5.317233500012662,-0.2879835202563516,-0.2714198519874884,0.010989010989007397,-0.5128205128205146,1
5.318859999999404,-0.2879835202563516,-0.2714198519874884,0.010989010989007397,-0.5128205128205146,1
5.320521000016015,-0.2879835202563516,-0.2714198519874884,0.010989010989007397,-0.5128205128205146,1
5.321802500053309,-0.2879835202563516,-0.2714198519874884,0.010989010989007397,-0.5128205128205146,1
5.32305050001014,-0.2879835202563516,-0.2714198519874884,0.010989010989007397,-0.5128205128205146,1
5.324622000043746,-0.2879835202563516,-0.2714198519874884,0.010989010989007397,-0.5128205128205146,1
5.326254300016444,-0.2879835202563516,-0.2714198519874884,0.010989010989007397,-0.5128205128205146,1
5.328063500055578,-0.2879835202563516,-0.2714198519874884,0.010989010989007397,-0.5128205128205146,1
5.3297370000509545,-0.2879835202563516,-0.2714198519874884,0.010989010989007397,-0.5128205128205146,1
5.33090360002825,-0.2879835202563516,-0.2714198519874884,0.010989010989007397,-0.5128205128205146,1
5.332439700025134,-0.2879835202563516,-0.2714198519874884,0.010989010989007397,-0.5128205128205146,1
5.333712999999989,-0.2879835202563516,-0.2714198519874884,0.010989010989007397,-0.5128205128205146,1
5.335437200032175,-0.2879835202563516,-0.2714198519874884,0.010989010989007397,-0.5128205128205146,1
5.337157100031618,-0.2879835202563516,-0.2714198519874884,0.010989010989007397,-0.5128205128205146,1
5.338812500005588,-0.2879835202563516,-0.2714198519874884,0.010989010989007397,-0.5128205128205146,1
5.3403740000212565,-0.2879835202563516,-0.2714198519874884,0.010989010989007397,-0.5128205128205146,1
5.341622100037057,-0.2879835202563516,-0.2714198519874884,0.010989010989007397,-0.5128205128205146,1
5.343285300012212,-0.2879835202563516,-0.2714198519874884,0.010989010989007397,-0.5128205128205146,1
5.344882100005634,-0.2879835202563516,-0.2714198519874884,0.010989010989007397,-0.5128205128205146,1
5.34652390005067,-0.2879835202563516,-0.2714198519874884,0.010989010989007397,-0.5128205128205146,1
5.348053599998821,-0.2879835202563516,-0.2714198519874884,0.010989010989007397,-0.5128205128205146,1
5.3497300000162795,-0.2879835202563516,-0.2714198519874884,0.010989010989007397,-0.5128205128205146,1
5.351257200003602,-0.2879835202563516,-0.2714198519874884,0.010989010989007397,-0.5128205128205146,1
5.352679100004025,-0.2879835202563516,-0.2714198519874884,0.010989010989007397,-0.5128205128205146,1
5.3543427000404336,-0.2879835202563516,-0.2714198519874884,0.010989010989007397,-0.5128205128205146,1
5.35585670004366,-0.2879835202563516,-0.2714198519874884,0.010989010989007397,-0.5128205128205146,1
5.357405000017025,-0.2879835202563516,-0.2714198519874884,0.010989010989007397,-0.5128205128205146,1
5.359083700051997,-0.2879835202563516,-0.2714198519874884,0.010989010989007397,-0.5128205128205146,1
5.360703400045168,-0.2879835202563516,-0.2714198519874884,-0.010989010989007397,-0.5128205128205146,1
5.3623211000231095,-0.2879835202563516,-0.2714198519874884,-0.010989010989007397,-0.5128205128205146,1
5.36392870004056,-0.2879835202563516,-0.2714198519874884,-0.010989010989007397,-0.5128205128205146,1
5.365492700017057,-0.2879835202563516,-0.2714198519874884,-0.010989010989007397,-0.5128205128205146,1
5.367431300051976,-0.2879835202563516,-0.2714198519874884,-0.010989010989007397,-0.5128205128205146,1
5.369090100051835,-0.2879835202563516,-0.2714198519874884,-0.010989010989007397,-0.5128205128205146,1
5.370711100054905,-0.2879835202563516,-0.2714198519874884,-0.010989010989007397,-0.5128205128205146,1
5.372292100044433,-0.2879835202563516,-0.2714198519874884,-0.010989010989007397,-0.5128205128205146,1
5.373780900030397,-0.2879835202563516,-0.2714198519874884,-0.010989010989007397,-0.5128205128205146,1
5.3752985000028275,-0.2879835202563516,-0.2714198519874884,-0.010989010989007397,-0.5128205128205146,1
5.376912800013088,-0.2879835202563516,-0.2714198519874884,-0.010989010989007397,-0.5128205128205146,1
5.37841770000523,-0.2879835202563516,-0.2714198519874884,-0.010989010989007397,-0.5128205128205146,1
5.380081200040877,-0.2879835202563516,-0.2714198519874884,-0.010989010989007397,-0.5128205128205146,1
5.381726500054356,-0.2879835202563516,-0.2714198519874884,-0.010989010989007397,-0.5128205128205146,1
5.383323200047016,-0.2879835202563516,-0.2714198519874884,-0.010989010989007397,-0.5128205128205146,1
5.3848291000467725,-0.2879835202563516,-0.2714198519874884,-0.010989010989007397,-0.5128205128205146,1
5.386440200032666,-0.2879835202563516,-0.2714198519874884,-0.010989010989007397,-0.5128205128205146,1
5.3883092000032775,-0.2879835202563516,-0.2714198519874884,-0.010989010989007397,-0.5128205128205146,1
5.389925600029528,-0.2879835202563516,-0.2714198519874884,-0.010989010989007397,-0.5128205128205146,1
5.391174600052182,-0.2879835202563516,-0.2714198519874884,-0.010989010989007397,-0.5128205128205146,1
5.392907300032675,-0.2879835202563516,-0.2714198519874884,-0.010989010989007397,-0.5128205128205146,1
5.394429400039371,-0.2879835202563516,-0.2714198519874884,-0.010989010989007397,-0.5128205128205146,1
5.396034400037024,-0.2879835202563516,-0.2714198519874884,-0.010989010989007397,-0.5128205128205146,1
5.397593600035179,-0.2879835202563516,-0.2714198519874884,-0.010989010989007397,-0.5128205128205146,1
5.399237900041044,-0.2879835202563516,-0.2714198519874884,-0.010989010989007397,-0.5128205128205146,1
5.400984900014009,-0.2879835202563516,-0.2714198519874884,-0.010989010989007397,-0.5128205128205146,1
5.402575300016906,-0.2879835202563516,-0.2714198519874884,-0.010989010989007397,-0.5128205128205146,1
5.404357700026594,-0.2879835202563516,-0.2714198519874884,-0.010989010989007397,-0.5128205128205146,1
5.4058420000365,-0.2879835202563516,-0.2714198519874884,-0.010989010989007397,-0.5128205128205146,1
5.407452900020871,-0.2879835202563516,-0.2714198519874884,-0.010989010989007397,-0.5128205128205146,1
5.40911440004129,-0.2879835202563516,-0.2714198519874884,-0.010989010989007397,-0.5128205128205146,1
5.410688000032678,-0.2879835202563516,-0.2714198519874884,-0.010989010989007397,-0.5128205128205146,1
5.412235100055113,-0.2879835202563516,-0.2714198519874884,-0.010989010989007397,-0.5128205128205146,1
5.413865300011821,-0.2879835202563516,-0.2714198519874884,-0.010989010989007397,-0.5128205128205146,1
5.415174600027967,-0.2879835202563516,-0.2714198519874884,-0.010989010989007397,-0.5128205128205146,1
5.416302099998575,-0.2879835202563516,-0.2714198519874884,-0.010989010989007397,-0.5128205128205146,1
5.4178196000284515,-0.2879835202563516,-0.2714198519874884,-0.010989010989007397,-0.5128205128205146,1
5.419528700003866,-0.2879835202563516,-0.2714198519874884,-0.010989010989007397,-0.5128205128205146,1
5.42117780004628,-0.2879835202563516,-0.2714198519874884,-0.010989010989007397,-0.5128205128205146,1
5.423003900039475,-0.2879835202563516,-0.2714198519874884,-0.010989010989007397,-0.5128205128205146,1
5.424877700046636,-0.2879835202563516,-0.2714198519874884,-0.010989010989007397,-0.5128205128205146,1
5.4266630000201985,-0.2879835202563516,-0.2714198519874884,-0.010989010989007397,-0.5128205128205146,1
5.4283707000431605,-0.2879835202563516,-0.2714198519874884,-0.010989010989007397,-0.5128205128205146,1
5.4300449000438675,-0.2879835202563516,-0.2714198519874884,-0.010989010989007397,-0.5128205128205146,1
5.431669200013857,-0.2879835202563516,-0.2714198519874884,-0.010989010989007397,-0.5128205128205146,1
5.433348300051875,-0.2879835202563516,-0.2714198519874884,-0.010989010989007397,-0.5128205128205146,1
5.4351058000465855,-0.2879835202563516,-0.2714198519874884,-0.010989010989007397,-0.5128205128205146,1
5.436311100027524,-0.2879835202563516,-0.2714198519874884,-0.010989010989007397,-0.5128205128205146,1
5.437957300047856,-0.2879835202563516,-0.2714198519874884,-0.010989010989007397,-0.5128205128205146,1
5.439605800027493,-0.2879835202563516,-0.2714198519874884,-0.010989010989007397,-0.5128205128205146,1
5.440793100045994,-0.2879835202563516,-0.2714198519874884,-0.010989010989007397,-0.5128205128205146,1
5.442413100041449,-0.2879835202563516,-0.2714198519874884,-0.010989010989007397,-0.5128205128205146,1
5.444709300005343,-0.2879835202563516,-0.2714198519874884,-0.010989010989007397,-0.5128205128205146,1
5.446342500043102,-0.2879835202563516,-0.2714198519874884,-0.010989010989007397,-0.5128205128205146,1
5.44796530000167,-0.2879835202563516,-0.2714198519874884,-0.010989010989007397,-0.5128205128205146,1
5.449661400052719,-0.2879835202563516,-0.2714198519874884,-0.010989010989007397,-0.5128205128205146,1
5.451453800022136,-0.2879835202563516,-0.2714198519874884,-0.010989010989007397,-0.5128205128205146,1
5.453258500027005,-0.2879835202563516,-0.2714198519874884,-0.010989010989007397,-0.5128205128205146,1
5.454766600043513,-0.2879835202563516,-0.2714198519874884,-0.010989010989007397,-0.5128205128205146,1
5.457145799999125,-0.2879835202563516,-0.2714198519874884,-0.010989010989007397,-0.5128205128205146,1
5.45877200004179,-0.2879835202563516,-0.2714198519874884,-0.010989010989007397,-0.5128205128205146,1
5.4604279000195675,-0.2879835202563516,-0.2714198519874884,-0.010989010989007397,-0.5128205128205146,1
5.46184440003708,-0.2879835202563516,-0.2714198519874884,-0.010989010989007397,-0.5128205128205146,1
5.463007100042887,-0.2879835202563516,-0.2714198519874884,-0.010989010989007397,-0.5128205128205146,1
5.464568000053987,-0.2879835202563516,-0.2714198519874884,-0.010989010989007397,-0.5128205128205146,1
5.466432700050063,-0.2879835202563516,-0.2714198519874884,-0.010989010989007397,-0.5128205128205146,1
5.467686800053343,-0.2879835202563516,-0.271038376440071,0.010989010989007397,-0.5030525030525048,1
5.469355400011409,-0.2879835202563516,-0.271038376440071,0.010989010989007397,-0.5030525030525048,1
