t_host_mono_ns,t_rel_s,phase,q_cmd_rad,kp,kd,q_real_rad,dq_real,tau_real_nm
199054955486800,5e-07,ramp,-0.0040054932478827965,2.3333333333333332e-05,2.0,-0.0040054932478827965,-0.010989010989007397,-0.0146520146520146
199054956710300,0.001224,ramp,-0.0040054932478827965,0.057120000000000004,2.0,-0.0040054932478827965,-0.010989010989007397,-0.0146520146520146
199054957702800,0.0022165,ramp,-0.0040054932478827965,0.10343666666666668,2.0,-0.0040054932478827965,-0.010989010989007397,-0.0146520146520146
199054958761900,0.0032756,ramp,-0.0040054932478827965,0.15286133333333335,2.0,-0.0040054932478827965,-0.010989010989007397,-0.0146520146520146
199054959762500,0.0042762,ramp,-0.0040054932478827965,0.19955599999999998,2.0,-0.0040054932478827965,-0.010989010989007397,-0.0146520146520146
199054960774800,0.0052885,ramp,-0.0040054932478827965,0.24679666666666666,2.0,-0.0040054932478827965,-0.010989010989007397,-0.0146520146520146
199054961777000,0.0062907,ramp,-0.0040054932478827965,0.293566,2.0,-0.0040054932478827965,-0.010989010989007397,-0.0146520146520146
199054962850800,0.0073645,ramp,-0.0040054932478827965,0.34367666666666663,2.0,-0.0040054932478827965,-0.010989010989007397,-0.0146520146520146
199054963943700,0.0084574,ramp,-0.0040054932478827965,0.3946786666666666,2.0,-0.0040054932478827965,-0.010989010989007397,-0.0146520146520146
199054965000000,0.0095137,ramp,-0.0040054932478827965,0.4439726666666667,2.0,-0.0040054932478827965,-0.010989010989007397,-0.0146520146520146
199054966102000,0.0106157,ramp,-0.0040054932478827965,0.49539933333333336,2.0,-0.0040054932478827965,-0.010989010989007397,-0.0146520146520146
199054967214000,0.0117277,ramp,-0.0040054932478827965,0.5472926666666666,2.0,-0.0040054932478827965,-0.010989010989007397,-0.0146520146520146
199054967832200,0.0123459,ramp,-0.0040054932478827965,0.576142,2.0,-0.0040054932478827965,-0.010989010989007397,-0.0146520146520146
199054968831600,0.0133453,ramp,-0.0040054932478827965,0.6227806666666666,2.0,-0.0040054932478827965,-0.010989010989007397,-0.0146520146520146
199054969927700,0.0144414,ramp,-0.0040054932478827965,0.673932,2.0,-0.0040054932478827965,-0.010989010989007397,-0.0146520146520146
199054971091000,0.0156047,ramp,-0.0040054932478827965,0.7282193333333333,2.0,-0.0040054932478827965,-0.010989010989007397,-0.0146520146520146
199054971998500,0.0165122,ramp,-0.0040054932478827965,0.7705693333333333,2.0,-0.0040054932478827965,-0.010989010989007397,-0.0146520146520146
199054973004200,0.0175179,ramp,-0.0040054932478827965,0.817502,2.0,-0.0040054932478827965,-0.010989010989007397,-0.0146520146520146
199054974103200,0.0186169,ramp,-0.0040054932478827965,0.8687886666666667,2.0,-0.0040054932478827965,-0.010989010989007397,-0.0146520146520146
199054975244400,0.0197581,ramp,-0.0040054932478827965,0.9220446666666667,2.0,-0.0040054932478827965,-0.010989010989007397,-0.0146520146520146
199054975843800,0.0203575,ramp,-0.0040054932478827965,0.9500166666666667,2.0,-0.0040054932478827965,-0.010989010989007397,-0.0146520146520146
199054976865300,0.021379,ramp,-0.0040054932478827965,0.9976866666666666,2.0,-0.0040054932478827965,-0.010989010989007397,-0.0146520146520146
199054978027500,0.0225412,ramp,-0.0040054932478827965,1.0519226666666666,2.0,-0.0040054932478827965,-0.010989010989007397,-0.0146520146520146
199054979025700,0.0235394,ramp,-0.0040054932478827965,1.0985053333333334,2.0,-0.0040054932478827965,-0.010989010989007397,-0.0146520146520146
199054980085500,0.0245992,ramp,-0.0040054932478827965,1.1479626666666667,2.0,-0.0040054932478827965,-0.010989010989007397,-0.0146520146520146
199054980690000,0.0252037,ramp,-0.0040054932478827965,1.1761726666666665,2.0,-0.0040054932478827965,-0.010989010989007397,-0.0146520146520146
199054981728500,0.0262422,ramp,-0.0040054932478827965,1.2246359999999998,2.0,-0.0040054932478827965,-0.010989010989007397,-0.0146520146520146
199054982795100,0.0273088,ramp,-0.0040054932478827965,1.2744106666666668,2.0,-0.0040054932478827965,-0.010989010989007397,-0.0146520146520146
199054983855300,0.028369,ramp,-0.0040054932478827965,1.3238866666666667,2.0,-0.0040054932478827965,-0.010989010989007397,-0.0146520146520146
199054984920600,0.0294343,ramp,-0.0040054932478827965,1.3736006666666667,2.0,-0.0040054932478827965,-0.010989010989007397,-0.0146520146520146
199054985970200,0.0304839,ramp,-0.0040054932478827965,1.422582,2.0,-0.0040054932478827965,-0.010989010989007397,-0.0146520146520146
199054987134600,0.0316483,ramp,-0.0040054932478827965,1.4769206666666665,2.0,-0.0040054932478827965,-0.010989010989007397,-0.0146520146520146
199054988040500,0.0325542,ramp,-0.0040054932478827965,1.519196,2.0,-0.0040054932478827965,-0.010989010989007397,-0.004884004884004867
199054989063100,0.0335768,ramp,-0.0040054932478827965,1.5669173333333335,2.0,-0.0040054932478827965,-0.010989010989007397,-0.004884004884004867
199054990157800,0.0346715,ramp,-0.0040054932478827965,1.6180033333333335,2.0,-0.0040054932478827965,-0.010989010989007397,-0.004884004884004867
199054990743700,0.0352574,ramp,-0.0040054932478827965,1.6453453333333332,2.0,-0.0040054932478827965,-0.010989010989007397,-0.004884004884004867
199054991744400,0.0362581,ramp,-0.0040054932478827965,1.6920446666666666,2.0,-0.0040054932478827965,-0.010989010989007397,-0.004884004884004867
199054992839000,0.0373527,ramp,-0.0040054932478827965,1.743126,2.0,-0.0040054932478827965,-0.010989010989007397,-0.004884004884004867
199054993900000,0.0384137,ramp,-0.0040054932478827965,1.7926393333333333,2.0,-0.0040054932478827965,-0.010989010989007397,-0.004884004884004867
199054994964100,0.0394778,ramp,-0.0040054932478827965,1.8422973333333332,2.0,-0.0040054932478827965,-0.010989010989007397,-0.004884004884004867
199054996072000,0.0405857,ramp,-0.0040054932478827965,1.8939993333333334,2.0,-0.0040054932478827965,-0.010989010989007397,-0.004884004884004867
199054997163400,0.0416771,ramp,-0.0040054932478827965,1.9449313333333333,2.0,-0.0040054932478827965,-0.010989010989007397,-0.004884004884004867
199054997771500,0.0422852,ramp,-0.0040054932478827965,1.9733093333333334,2.0,-0.0040054932478827965,-0.010989010989007397,-0.004884004884004867
199054998777400,0.0432911,ramp,-0.0040054932478827965,2.0202513333333334,2.0,-0.0040054932478827965,-0.010989010989007397,-0.004884004884004867
199054999784000,0.0442977,ramp,-0.0040054932478827965,2.0672260000000002,2.0,-0.0040054932478827965,-0.010989010989007397,-0.004884004884004867
199055000794900,0.0453086,ramp,-0.0040054932478827965,2.1144013333333334,2.0,-0.0040054932478827965,-0.010989010989007397,-0.004884004884004867
199055001798700,0.0463124,ramp,-0.0040054932478827965,2.1612453333333335,2.0,-0.0040054932478827965,-0.010989010989007397,-0.004884004884004867
199055002930400,0.0474441,ramp,-0.0040054932478827965,2.214058,2.0,-0.0040054932478827965,-0.010989010989007397,-0.004884004884004867
199055004211100,0.0487248,ramp,-0.0040054932478827965,2.2738240000000003,2.0,-0.0040054932478827965,-0.010989010989007397,-0.004884004884004867
199055004844900,0.0493586,ramp,-0.0040054932478827965,2.3034013333333334,2.0,-0.0040054932478827965,-0.010989010989007397,-0.004884004884004867
199055005848900,0.0503626,ramp,-0.0040054932478827965,2.3502546666666664,2.0,-0.0040054932478827965,-0.010989010989007397,-0.004884004884004867
199055006892200,0.0514059,ramp,-0.0040054932478827965,2.398942,2.0,-0.0040054932478827965,-0.010989010989007397,-0.004884004884004867
199055007984600,0.0524983,ramp,-0.0040054932478827965,2.449920666666667,2.0,-0.0040054932478827965,-0.010989010989007397,-0.004884004884004867
199055009069700,0.0535834,ramp,-0.0040054932478827965,2.5005586666666666,2.0,-0.0040054932478827965,-0.010989010989007397,-0.004884004884004867
199055010314200,0.0548279,ramp,-0.0040054932478827965,2.558635333333333,2.0,-0.0040054932478827965,-0.010989010989007397,-0.004884004884004867
199055010937700,0.0554514,ramp,-0.0040054932478827965,2.587732,2.0,-0.0040054932478827965,-0.010989010989007397,-0.004884004884004867
199055011949400,0.0564631,ramp,-0.0040054932478827965,2.6349446666666667,2.0,-0.0040054932478827965,-0.010989010989007397,-0.004884004884004867
199055012953200,0.0574669,ramp,-0.0040054932478827965,2.681788666666667,2.0,-0.0040054932478827965,-0.010989010989007397,-0.004884004884004867
199055013958700,0.0584724,ramp,-0.0040054932478827965,2.728712,2.0,-0.0040054932478827965,-0.010989010989007397,-0.004884004884004867
199055014966200,0.0594799,ramp,-0.0040054932478827965,2.7757286666666667,2.0,-0.0040054932478827965,-0.010989010989007397,-0.004884004884004867
199055015993900,0.0605076,ramp,-0.0040054932478827965,2.823688,2.0,-0.0040054932478827965,-0.010989010989007397,-0.004884004884004867
199055016979500,0.0614932,ramp,-0.0040054932478827965,2.869682666666667,2.0,-0.0040054932478827965,-0.010989010989007397,-0.004884004884004867
199055018084100,0.0625978,ramp,-0.0040054932478827965,2.9212306666666668,2.0,-0.0040054932478827965,-0.010989010989007397,-0.004884004884004867
199055018985400,0.0634991,ramp,-0.0040054932478827965,2.9632913333333333,2.0,-0.0040054932478827965,-0.010989010989007397,-0.004884004884004867
199055019993600,0.0645073,ramp,-0.0040054932478827965,3.010340666666667,2.0,-0.0040054932478827965,-0.010989010989007397,-0.004884004884004867
199055021139700,0.0656534,ramp,-0.0040054932478827965,3.0638253333333334,2.0,-0.0040054932478827965,-0.010989010989007397,-0.004884004884004867
199055021781900,0.0662956,ramp,-0.0040054932478827965,3.0937946666666667,2.0,-0.0040054932478827965,-0.010989010989007397,-0.004884004884004867
199055022781000,0.0672947,ramp,-0.0040054932478827965,3.1404193333333335,2.0,-0.0040054932478827965,-0.010989010989007397,-0.004884004884004867
199055023856200,0.0683699,ramp,-0.0040054932478827965,3.1905953333333334,2.0,-0.0040054932478827965,-0.010989010989007397,-0.004884004884004867
199055024939600,0.0694533,ramp,-0.0040054932478827965,3.241154,2.0,-0.0040054932478827965,-0.010989010989007397,-0.004884004884004867
199055026009400,0.0705231,ramp,-0.0040054932478827965,3.291078,2.0,-0.0040054932478827965,-0.010989010989007397,-0.004884004884004867
199055027010900,0.0715246,ramp,-0.0040054932478827965,3.3378146666666666,2.0,-0.0040054932478827965,-0.010989010989007397,-0.004884004884004867
199055028015500,0.0725292,ramp,-0.0040054932478827965,3.384696,2.0,-0.0040054932478827965,-0.010989010989007397,-0.004884004884004867
199055029031100,0.0735448,ramp,-0.0040054932478827965,3.4320906666666664,2.0,-0.0040054932478827965,-0.010989010989007397,-0.004884004884004867
199055030030500,0.0745442,ramp,-0.0040054932478827965,3.4787293333333333,2.0,-0.0040054932478827965,-0.010989010989007397,-0.004884004884004867
199055031033600,0.0755473,ramp,-0.0040054932478827965,3.525540666666666,2.0,-0.0040054932478827965,-0.010989010989007397,-0.004884004884004867
199055032044900,0.0765586,ramp,-0.0040054932478827965,3.5727346666666664,2.0,-0.0040054932478827965,-0.010989010989007397,-0.004884004884004867
199055033046000,0.0775597,ramp,-0.0040054932478827965,3.619452666666666,2.0,-0.0040054932478827965,-0.010989010989007397,-0.004884004884004867
199055034145000,0.0786587,ramp,-0.0040054932478827965,3.670739333333333,2.0,-0.0040054932478827965,-0.010989010989007397,-0.004884004884004867
199055035358400,0.0798721,ramp,-0.0040054932478827965,3.727364666666667,2.0,-0.0040054932478827965,-0.010989010989007397,-0.004884004884004867
199055035974200,0.0804879,ramp,-0.0040054932478827965,3.7561020000000003,2.0,-0.0040054932478827965,-0.010989010989007397,-0.004884004884004867
199055036997800,0.0815115,ramp,-0.0040054932478827965,3.80387,2.0,-0.0040054932478827965,-0.010989010989007397,-0.004884004884004867
199055038220100,0.0827338,ramp,-0.0040054932478827965,3.8609106666666664,2.0,-0.0040054932478827965,-0.010989010989007397,-0.004884004884004867
199055038856000,0.0833697,ramp,-0.0040054932478827965,3.890586,2.0,-0.0040054932478827965,-0.010989010989007397,-0.004884004884004867
199055039859500,0.0843732,ramp,-0.0040054932478827965,3.937416,2.0,-0.0040054932478827965,-0.010989010989007397,-0.004884004884004867
199055040974500,0.0854882,ramp,-0.0040054932478827965,3.989449333333333,2.0,-0.0040054932478827965,-0.010989010989007397,-0.004884004884004867
199055042107800,0.0866215,ramp,-0.0040054932478827965,4.0423366666666665,2.0,-0.0040054932478827965,-0.010989010989007397,-0.004884004884004867
199055042705800,0.0872195,ramp,-0.0040054932478827965,4.070243333333333,2.0,-0.0040054932478827965,-0.010989010989007397,-0.004884004884004867
199055043776500,0.0882902,ramp,-0.0040054932478827965,4.120209333333333,2.0,-0.0040054932478827965,-0.010989010989007397,-0.004884004884004867
199055044867200,0.0893809,ramp,-0.0040054932478827965,4.171108666666667,2.0,-0.0040054932478827965,-0.010989010989007397,-0.004884004884004867
199055045941500,0.0904552,ramp,-0.0040054932478827965,4.221242666666667,2.0,-0.0040054932478827965,-0.010989010989007397,-0.004884004884004867
199055047035500,0.0915492,ramp,-0.0040054932478827965,4.272296,2.0,-0.0040054932478827965,-0.010989010989007397,-0.004884004884004867
199055048279800,0.0927935,ramp,-0.0040054932478827965,4.330363333333333,2.0,-0.0040054932478827965,-0.010989010989007397,-0.004884004884004867
199055048986400,0.0935001,ramp,-0.0040054932478827965,4.363338000000001,2.0,-0.0040054932478827965,-0.010989010989007397,-0.004884004884004867
199055049716400,0.0942301,ramp,-0.0040054932478827965,4.397404666666667,2.0,-0.0040054932478827965,-0.010989010989007397,-0.004884004884004867
199055050719700,0.0952334,ramp,-0.0040054932478827965,4.444225333333333,2.0,-0.0040054932478827965,-0.010989010989007397,-0.004884004884004867
199055051825200,0.0963389,ramp,-0.0040054932478827965,4.495815333333333,2.0,-0.0040054932478827965,-0.010989010989007397,-0.004884004884004867
199055052925000,0.0974387,ramp,-0.0040054932478827965,4.547139333333333,2.0,-0.0040054932478827965,-0.010989010989007397,-0.004884004884004867
199055054034200,0.0985479,ramp,-0.0040054932478827965,4.598902,2.0,-0.0040054932478827965,-0.010989010989007397,-0.004884004884004867
199055055131800,0.0996455,ramp,-0.0040054932478827965,4.650123333333333,2.0,-0.0040054932478827965,-0.010989010989007397,-0.004884004884004867
199055055744400,0.1002581,ramp,-0.0040054932478827965,4.678711333333333,2.0,-0.0040054932478827965,-0.010989010989007397,-0.004884004884004867
199055056746300,0.10126,ramp,-0.0040054932478827965,4.725466666666667,2.0,-0.0040054932478827965,-0.010989010989007397,-0.004884004884004867
199055057811800,0.1023255,ramp,-0.0040054932478827965,4.77519,2.0,-0.0040054932478827965,-0.010989010989007397,-0.004884004884004867
199055058877700,0.1033914,ramp,-0.0040054932478827965,4.824932,2.0,-0.0040054932478827965,-0.010989010989007397,-0.004884004884004867
199055059942600,0.1044563,ramp,-0.0040054932478827965,4.874627333333334,2.0,-0.0040054932478827965,-0.010989010989007397,-0.004884004884004867
199055060942400,0.1054561,ramp,-0.0040054932478827965,4.921284666666667,2.0,-0.0040054932478827965,-0.010989010989007397,-0.004884004884004867
199055061950600,0.1064643,ramp,-0.0040054932478827965,4.9683340000000005,2.0,-0.0040054932478827965,-0.010989010989007397,-0.004884004884004867
199055062958000,0.1074717,ramp,-0.0040054932478827965,5.015345999999999,2.0,-0.0040054932478827965,-0.010989010989007397,-0.004884004884004867
199055064105800,0.1086195,ramp,-0.0040054932478827965,5.068910000000001,2.0,-0.0040054932478827965,-0.010989010989007397,-0.004884004884004867
199055064970000,0.1094837,ramp,-0.0040054932478827965,5.109239333333333,2.0,-0.0040054932478827965,-0.010989010989007397,-0.004884004884004867
199055065969400,0.1104831,ramp,-0.0040054932478827965,5.155878,2.0,-0.0040054932478827965,-0.010989010989007397,-0.004884004884004867
199055067076600,0.1115903,ramp,-0.0040054932478827965,5.207547333333333,2.0,-0.0040054932478827965,-0.010989010989007397,-0.004884004884004867
199055067643500,0.1121572,ramp,-0.0040054932478827965,5.234002666666666,2.0,-0.0040054932478827965,-0.010989010989007397,-0.004884004884004867
199055068645900,0.1131596,ramp,-0.0040054932478827965,5.2807813333333335,2.0,-0.0040054932478827965,-0.010989010989007397,-0.004884004884004867
199055069691500,0.1142052,ramp,-0.0040054932478827965,5.329576,2.0,-0.0040054932478827965,-0.010989010989007397,-0.004884004884004867
199055071155700,0.1156694,ramp,-0.0040054932478827965,5.397905333333333,2.0,-0.0040054932478827965,-0.010989010989007397,-0.004884004884004867
199055071731200,0.1162449,ramp,-0.0040054932478827965,5.424762,2.0,-0.0040054932478827965,-0.010989010989007397,-0.004884004884004867
199055072733000,0.1172467,ramp,-0.0040054932478827965,5.4715126666666665,2.0,-0.0040054932478827965,-0.010989010989007397,-0.004884004884004867
199055073834500,0.1183482,ramp,-0.0040054932478827965,5.522916,2.0,-0.0040054932478827965,-0.010989010989007397,-0.004884004884004867
199055074885800,0.1193995,ramp,-0.0040054932478827965,5.571976666666667,2.0,-0.0040054932478827965,-0.010989010989007397,-0.004884004884004867
199055075989800,0.1205035,ramp,-0.0040054932478827965,5.623496666666667,2.0,-0.0040054932478827965,-0.010989010989007397,-0.004884004884004867
199055077293400,0.1218071,ramp,-0.0040054932478827965,5.684331333333334,2.0,-0.0040054932478827965,-0.010989010989007397,-0.004884004884004867
199055077886400,0.1224001,ramp,-0.0040054932478827965,5.712004666666667,2.0,-0.0040054932478827965,-0.010989010989007397,-0.004884004884004867
199055079019600,0.1235333,ramp,-0.0040054932478827965,5.764887333333333,2.0,-0.0040054932478827965,-0.010989010989007397,-0.004884004884004867
199055079897300,0.124411,ramp,-0.0040054932478827965,5.805846666666667,2.0,-0.0040054932478827965,-0.010989010989007397,-0.004884004884004867
199055080898500,0.1254122,ramp,-0.0040054932478827965,5.852569333333333,2.0,-0.0040054932478827965,-0.010989010989007397,-0.004884004884004867
199055081929300,0.126443,ramp,-0.0040054932478827965,5.900673333333334,2.0,-0.0040054932478827965,-0.010989010989007397,-0.004884004884004867
199055082924600,0.1274383,ramp,-0.0040054932478827965,5.947120666666667,2.0,-0.0040054932478827965,-0.010989010989007397,-0.004884004884004867
199055083905900,0.1284196,ramp,-0.0040054932478827965,5.992914666666667,2.0,-0.0040054932478827965,-0.010989010989007397,-0.004884004884004867
199055084907700,0.1294214,ramp,-0.0040054932478827965,6.039665333333334,2.0,-0.0040054932478827965,-0.010989010989007397,-0.004884004884004867
199055085909400,0.1304231,ramp,-0.0040054932478827965,6.0864113333333325,2.0,-0.0040054932478827965,-0.010989010989007397,-0.004884004884004867
199055086911400,0.1314251,ramp,-0.0040054932478827965,6.133171333333333,2.0,-0.0040054932478827965,-0.010989010989007397,-0.004884004884004867
199055087980900,0.1324946,ramp,-0.0040054932478827965,6.183081333333334,2.0,-0.0040054932478827965,-0.010989010989007397,-0.004884004884004867
199055089083300,0.133597,ramp,-0.0040054932478827965,6.2345266666666666,2.0,-0.0040054932478827965,-0.010989010989007397,-0.004884004884004867
199055090075600,0.1345893,ramp,-0.0040054932478827965,6.2808340000000005,2.0,-0.0040054932478827965,-0.010989010989007397,-0.004884004884004867
199055090656300,0.13517,ramp,-0.0040054932478827965,6.307933333333334,2.0,-0.0040054932478827965,-0.010989010989007397,-0.004884004884004867
199055091657300,0.136171,ramp,-0.0040054932478827965,6.3546466666666666,2.0,-0.0040054932478827965,-0.010989010989007397,-0.004884004884004867
199055092704400,0.1372181,ramp,-0.0040054932478827965,6.403511333333333,2.0,-0.0040054932478827965,-0.010989010989007397,-0.004884004884004867
199055093812800,0.1383265,ramp,-0.0040054932478827965,6.455236666666666,2.0,-0.0040054932478827965,-0.010989010989007397,-0.004884004884004867
199055095010200,0.1395239,ramp,-0.0040054932478827965,6.511115333333334,2.0,-0.0040054932478827965,-0.010989010989007397,-0.004884004884004867
199055095866300,0.14038,ramp,-0.0040054932478827965,6.551066666666666,2.0,-0.0040054932478827965,-0.010989010989007397,-0.0146520146520146
199055096873100,0.1413868,ramp,-0.0040054932478827965,6.5980506666666665,2.0,-0.0040054932478827965,-0.010989010989007397,-0.0146520146520146
199055097939200,0.1424529,ramp,-0.0040054932478827965,6.647802,2.0,-0.0040054932478827965,-0.010989010989007397,-0.0146520146520146
199055099136300,0.14365,ramp,-0.0040054932478827965,6.703666666666667,2.0,-0.0040054932478827965,-0.010989010989007397,-0.0146520146520146
199055099759900,0.1442736,ramp,-0.0040054932478827965,6.732768,2.0,-0.0040054932478827965,-0.010989010989007397,-0.0146520146520146
199055100757600,0.1452713,ramp,-0.0040054932478827965,6.779327333333334,2.0,-0.0040054932478827965,-0.010989010989007397,-0.0146520146520146
199055101815200,0.1463289,ramp,-0.0040054932478827965,6.828682,2.0,-0.0040054932478827965,-0.010989010989007397,-0.0146520146520146
199055102916700,0.1474304,ramp,-0.0040054932478827965,6.880085333333334,2.0,-0.0040054932478827965,-0.010989010989007397,-0.0146520146520146
199055104007800,0.1485215,ramp,-0.0040054932478827965,6.931003333333334,2.0,-0.0040054932478827965,-0.010989010989007397,-0.0146520146520146
199055105059000,0.1495727,ramp,-0.0040054932478827965,6.980059333333333,2.0,-0.0040054932478827965,-0.010989010989007397,-0.0146520146520146
199055105650700,0.1501644,ramp,-0.0040054932478827965,7.0076719999999995,2.0,-0.0040054932478827965,-0.010989010989007397,-0.0146520146520146
199055106738600,0.1512523,ramp,-0.0040054932478827965,7.058440666666666,2.0,-0.0040054932478827965,-0.010989010989007397,-0.0146520146520146
199055107889200,0.1524029,ramp,-0.0040054932478827965,7.112135333333334,2.0,-0.0040054932478827965,-0.010989010989007397,-0.0146520146520146
199055108937000,0.1534507,ramp,-0.0040054932478827965,7.1610326666666655,2.0,-0.0040054932478827965,-0.010989010989007397,-0.0146520146520146
199055110130700,0.1546444,ramp,-0.0040054932478827965,7.216738666666667,2.0,-0.0040054932478827965,-0.010989010989007397,-0.0146520146520146
199055111032100,0.1555458,ramp,-0.0040054932478827965,7.258804,2.0,-0.0040054932478827965,-0.010989010989007397,-0.0146520146520146
199055112035700,0.1565494,ramp,-0.0040054932478827965,7.305638666666667,2.0,-0.0040054932478827965,-0.010989010989007397,-0.0146520146520146
199055113157500,0.1576712,ramp,-0.0040054932478827965,7.357989333333332,2.0,-0.0040054932478827965,-0.010989010989007397,-0.0146520146520146
199055113740200,0.1582539,ramp,-0.0040054932478827965,7.385182,2.0,-0.0040054932478827965,-0.010989010989007397,-0.0146520146520146
199055114752500,0.1592662,ramp,-0.0040054932478827965,7.4324226666666675,2.0,-0.0040054932478827965,-0.010989010989007397,-0.0146520146520146
199055115835900,0.1603496,ramp,-0.0040054932478827965,7.482981333333333,2.0,-0.0040054932478827965,-0.010989010989007397,-0.0146520146520146
199055116948700,0.1614624,ramp,-0.0040054932478827965,7.534912,2.0,-0.0040054932478827965,-0.010989010989007397,-0.0146520146520146
199055118042200,0.1625559,ramp,-0.0040054932478827965,7.585942,2.0,-0.0040054932478827965,-0.010989010989007397,-0.0146520146520146
199055119104000,0.1636177,ramp,-0.0040054932478827965,7.635492666666667,2.0,-0.0040054932478827965,-0.010989010989007397,-0.0146520146520146
199055120231500,0.1647452,ramp,-0.0040054932478827965,7.688109333333333,2.0,-0.0040054932478827965,-0.010989010989007397,-0.0146520146520146
199055120841700,0.1653554,ramp,-0.0040054932478827965,7.716585333333333,2.0,-0.0040054932478827965,-0.010989010989007397,-0.0146520146520146
199055121841600,0.1663553,ramp,-0.0040054932478827965,7.763247333333334,2.0,-0.0040054932478827965,-0.010989010989007397,-0.0146520146520146
199055122927200,0.1674409,ramp,-0.0040054932478827965,7.813908666666666,2.0,-0.0040054932478827965,-0.010989010989007397,-0.0146520146520146
199055123965100,0.1684788,ramp,-0.0040054932478827965,7.862344,2.0,-0.0040054932478827965,-0.010989010989007397,-0.0146520146520146
199055125077200,0.1695909,ramp,-0.0040054932478827965,7.914242,2.0,-0.0040054932478827965,-0.010989010989007397,-0.0146520146520146
199055126276700,0.1707904,ramp,-0.0040054932478827965,7.970218666666667,2.0,-0.0040054932478827965,-0.010989010989007397,-0.0146520146520146
199055126971400,0.1714851,ramp,-0.0040054932478827965,8.002638000000001,2.0,-0.0040054932478827965,-0.010989010989007397,-0.0146520146520146
199055127972600,0.1724863,ramp,-0.0040054932478827965,8.049360666666667,2.0,-0.0040054932478827965,-0.010989010989007397,-0.0146520146520146
199055129054400,0.1735681,ramp,-0.0040054932478827965,8.099844666666666,2.0,-0.0040054932478827965,-0.010989010989007397,-0.0146520146520146
199055130180000,0.1746937,ramp,-0.0040054932478827965,8.152372666666666,2.0,-0.0040054932478827965,-0.010989010989007397,-0.0146520146520146
199055130815100,0.1753288,ramp,-0.0040054932478827965,8.182010666666667,2.0,-0.0040054932478827965,-0.010989010989007397,-0.0146520146520146
199055131816700,0.1763304,ramp,-0.0040054932478827965,8.228752,2.0,-0.0040054932478827965,-0.010989010989007397,-0.0146520146520146
199055132922100,0.1774358,ramp,-0.0040054932478827965,8.280337333333332,2.0,-0.0040054932478827965,-0.010989010989007397,-0.0146520146520146
199055134013000,0.1785267,ramp,-0.0040054932478827965,8.331246,2.0,-0.0040054932478827965,-0.010989010989007397,-0.0146520146520146
199055135039400,0.1795531,ramp,-0.0040054932478827965,8.379144666666667,2.0,-0.0040054932478827965,-0.010989010989007397,-0.0146520146520146
199055136157700,0.1806714,ramp,-0.0040054932478827965,8.431332000000001,2.0,-0.0040054932478827965,-0.010989010989007397,-0.0146520146520146
199055136756000,0.1812697,ramp,-0.0040054932478827965,8.459252666666668,2.0,-0.0040054932478827965,-0.010989010989007397,-0.0146520146520146
199055137762600,0.1822763,ramp,-0.0040054932478827965,8.506227333333333,2.0,-0.0040054932478827965,-0.010989010989007397,-0.0146520146520146
199055138860400,0.1833741,ramp,-0.0040054932478827965,8.557458,2.0,-0.0040054932478827965,-0.010989010989007397,-0.0146520146520146
199055139989700,0.1845034,ramp,-0.0040054932478827965,8.610158666666667,2.0,-0.0040054932478827965,-0.010989010989007397,-0.0146520146520146
199055141178000,0.1856917,ramp,-0.0040054932478827965,8.665612666666666,2.0,-0.0040054932478827965,-0.010989010989007397,-0.0146520146520146
199055141878500,0.1863922,ramp,-0.0040054932478827965,8.698302666666667,2.0,-0.0040054932478827965,-0.010989010989007397,-0.0146520146520146
199055142788400,0.1873021,ramp,-0.0040054932478827965,8.740764666666667,2.0,-0.0040054932478827965,-0.010989010989007397,-0.0146520146520146
199055143789400,0.1883031,ramp,-0.0040054932478827965,8.787478,2.0,-0.0040054932478827965,-0.010989010989007397,-0.0146520146520146
199055144793700,0.1893074,ramp,-0.0040054932478827965,8.834345333333333,2.0,-0.0040054932478827965,-0.010989010989007397,-0.0146520146520146
199055145903500,0.1904172,ramp,-0.0040054932478827965,8.886135999999999,2.0,-0.0040054932478827965,-0.010989010989007397,-0.0146520146520146
199055147038500,0.1915522,ramp,-0.0040054932478827965,8.939102666666667,2.0,-0.0040054932478827965,-0.010989010989007397,-0.0146520146520146
199055148145700,0.1926594,ramp,-0.0040054932478827965,8.990772,2.0,-0.0040054932478827965,-0.010989010989007397,-0.0146520146520146
199055148742600,0.1932563,ramp,-0.0040054932478827965,9.018627333333335,2.0,-0.0040054932478827965,-0.010989010989007397,-0.0146520146520146
199055149747100,0.1942608,ramp,-0.0040054932478827965,9.065504,2.0,-0.0040054932478827965,-0.010989010989007397,-0.0146520146520146
199055150790200,0.1953039,ramp,-0.0040054932478827965,9.114182,2.0,-0.0040054932478827965,-0.010989010989007397,-0.0146520146520146
199055151877300,0.196391,ramp,-0.0040054932478827965,9.164913333333333,2.0,-0.0040054932478827965,-0.010989010989007397,-0.0146520146520146
199055152995800,0.1975095,ramp,-0.0040054932478827965,9.21711,2.0,-0.0040054932478827965,-0.010989010989007397,-0.0146520146520146
199055154141000,0.1986547,ramp,-0.0040054932478827965,9.270552666666667,2.0,-0.0040054932478827965,-0.010989010989007397,-0.0146520146520146
199055155065900,0.1995796,ramp,-0.0040054932478827965,9.313714666666668,2.0,-0.0040054932478827965,-0.010989010989007397,-0.0146520146520146
199055156068000,0.2005817,ramp,-0.0040054932478827965,9.360479333333334,2.0,-0.0040054932478827965,-0.010989010989007397,-0.0146520146520146
199055157221500,0.2017352,ramp,-0.0040054932478827965,9.414309333333334,2.0,-0.0040054932478827965,-0.010989010989007397,-0.0146520146520146
199055157635200,0.2021489,ramp,-0.0040054932478827965,9.433615333333334,2.0,-0.0040054932478827965,-0.010989010989007397,-0.0146520146520146
199055159307700,0.2038214,ramp,-0.0040054932478827965,9.511665333333333,2.0,-0.0040054932478827965,-0.010989010989007397,-0.0146520146520146
199055159924700,0.2044384,ramp,-0.0040054932478827965,9.540458666666668,2.0,-0.0040054932478827965,-0.010989010989007397,-0.0146520146520146
199055160929900,0.2054436,ramp,-0.0040054932478827965,9.587368,2.0,-0.0040054932478827965,-0.010989010989007397,-0.0146520146520146
199055162068500,0.2065822,ramp,-0.0040054932478827965,9.640502666666666,2.0,-0.0040054932478827965,-0.010989010989007397,-0.0146520146520146
199055163045200,0.2075589,ramp,-0.0040054932478827965,9.686082,2.0,-0.0040054932478827965,-0.010989010989007397,-0.0146520146520146
199055164134800,0.2086485,ramp,-0.0040054932478827965,9.73693,2.0,-0.0040054932478827965,-0.010989010989007397,-0.0146520146520146
199055164728000,0.2092417,ramp,-0.0040054932478827965,9.764612666666666,2.0,-0.0040054932478827965,-0.010989010989007397,-0.0146520146520146
199055165731400,0.2102451,ramp,-0.0040054932478827965,9.811438,2.0,-0.0040054932478827965,-0.010989010989007397,-0.0146520146520146
199055166775800,0.2112895,ramp,-0.0040054932478827965,9.860176666666668,2.0,-0.0040054932478827965,-0.010989010989007397,-0.0146520146520146
199055167835400,0.2123491,ramp,-0.0040054932478827965,9.909624666666666,2.0,-0.0040054932478827965,-0.010989010989007397,-0.0146520146520146
199055169023900,0.2135376,ramp,-0.0040054932478827965,9.965088,2.0,-0.0040054932478827965,-0.010989010989007397,-0.0146520146520146
199055170091100,0.2146048,ramp,-0.0040054932478827965,10.014890666666666,2.0,-0.0040054932478827965,-0.010989010989007397,-0.0146520146520146
199055170691900,0.2152056,ramp,-0.0040054932478827965,10.042928,2.0,-0.0040054932478827965,-0.010989010989007397,-0.0146520146520146
199055171727900,0.2162416,ramp,-0.0040054932478827965,10.091274666666667,2.0,-0.0040054932478827965,-0.010989010989007397,-0.0146520146520146
199055172942900,0.2174566,ramp,-0.0040054932478827965,10.147974666666666,2.0,-0.0040054932478827965,-0.010989010989007397,-0.0146520146520146
199055173816700,0.2183304,ramp,-0.0040054932478827965,10.188752,2.0,-0.0040054932478827965,-0.010989010989007397,-0.0146520146520146
199055174823100,0.2193368,ramp,-0.0040054932478827965,10.235717333333334,2.0,-0.0040054932478827965,-0.010989010989007397,-0.0146520146520146
199055175913700,0.2204274,ramp,-0.0040054932478827965,10.286612,2.0,-0.0040054932478827965,-0.010989010989007397,-0.0146520146520146
199055176957900,0.2214716,ramp,-0.0040054932478827965,10.335341333333334,2.0,-0.0040054932478827965,-0.010989010989007397,-0.0146520146520146
199055178036400,0.2225501,ramp,-0.0040054932478827965,10.385671333333333,2.0,-0.0040054932478827965,-0.010989010989007397,-0.0146520146520146
199055179135000,0.2236487,ramp,-0.0040054932478827965,10.436939333333333,2.0,-0.0040054932478827965,-0.010989010989007397,-0.0146520146520146
199055179745300,0.224259,ramp,-0.0040054932478827965,10.46542,2.0,-0.0040054932478827965,-0.010989010989007397,-0.0146520146520146
199055180750900,0.2252646,ramp,-0.0040054932478827965,10.512348000000001,2.0,-0.0040054932478827965,-0.010989010989007397,-0.0146520146520146
199055181794000,0.2263077,ramp,-0.0040054932478827965,10.561026,2.0,-0.0040054932478827965,-0.010989010989007397,-0.0146520146520146
199055182837600,0.2273513,ramp,-0.0040054932478827965,10.609727333333332,2.0,-0.0040054932478827965,-0.010989010989007397,-0.0146520146520146
199055183920900,0.2284346,ramp,-0.0040054932478827965,10.660281333333334,2.0,-0.0040054932478827965,-0.010989010989007397,-0.0146520146520146
199055184924700,0.2294384,ramp,-0.0040054932478827965,10.707125333333332,2.0,-0.0040054932478827965,-0.010989010989007397,-0.0146520146520146
199055185931700,0.2304454,ramp,-0.0040054932478827965,10.754118666666667,2.0,-0.0040054932478827965,-0.010989010989007397,-0.0146520146520146
199055186989800,0.2315035,ramp,-0.0040054932478827965,10.803496666666668,2.0,-0.0040054932478827965,-0.010989010989007397,-0.0146520146520146
199055188166500,0.2326802,ramp,-0.0040054932478827965,10.858409333333334,2.0,-0.0040054932478827965,-0.010989010989007397,-0.0146520146520146
199055189350300,0.233864,ramp,-0.0040054932478827965,10.913653333333334,2.0,-0.0040054932478827965,-0.010989010989007397,-0.0146520146520146
199055189970900,0.2344846,ramp,-0.0040054932478827965,10.942614666666667,2.0,-0.0040054932478827965,-0.010989010989007397,-0.0146520146520146
199055190995400,0.2355091,ramp,-0.0040054932478827965,10.990424666666668,2.0,-0.0040054932478827965,-0.010989010989007397,-0.0146520146520146
199055191995400,0.2365091,ramp,-0.0040054932478827965,11.037091333333333,2.0,-0.0040054932478827965,-0.010989010989007397,-0.0146520146520146
199055192978000,0.2374917,ramp,-0.0040054932478827965,11.082946,2.0,-0.0040054932478827965,-0.010989010989007397,-0.0146520146520146
199055193999800,0.2385135,ramp,-0.0040054932478827965,11.13063,2.0,-0.0040054932478827965,-0.010989010989007397,-0.0146520146520146
199055194983100,0.2394968,ramp,-0.0040054932478827965,11.176517333333333,2.0,-0.0040054932478827965,-0.010989010989007397,-0.0146520146520146
199055195989200,0.2405029,ramp,-0.0040054932478827965,11.223468666666667,2.0,-0.0040054932478827965,-0.010989010989007397,-0.0146520146520146
199055196996500,0.2415102,ramp,-0.0040054932478827965,11.270476,2.0,-0.0040054932478827965,-0.010989010989007397,-0.0146520146520146
199055197999900,0.2425136,ramp,-0.0040054932478827965,11.317301333333333,2.0,-0.0040054932478827965,-0.010989010989007397,-0.0146520146520146
199055199009400,0.2435231,ramp,-0.0040054932478827965,11.364411333333333,2.0,-0.0040054932478827965,-0.010989010989007397,-0.0146520146520146
199055200043100,0.2445568,ramp,-0.0040054932478827965,11.412650666666666,2.0,-0.0040054932478827965,-0.010989010989007397,-0.0146520146520146
199055201138600,0.2456523,ramp,-0.0040054932478827965,11.463774,2.0,-0.0040054932478827965,-0.010989010989007397,-0.0146520146520146
199055201750100,0.2462638,ramp,-0.0040054932478827965,11.492310666666667,2.0,-0.0040054932478827965,-0.010989010989007397,-0.0146520146520146
199055202752100,0.2472658,ramp,-0.0040054932478827965,11.539070666666666,2.0,-0.0040054932478827965,-0.010989010989007397,-0.0146520146520146
199055203939800,0.2484535,ramp,-0.0040054932478827965,11.594496666666666,2.0,-0.0040054932478827965,-0.010989010989007397,-0.0146520146520146
199055205336700,0.2498504,ramp,-0.0040054932478827965,11.659685333333332,2.0,-0.0040054932478827965,-0.010989010989007397,-0.0146520146520146
199055205827900,0.2503416,ramp,-0.0040054932478827965,11.682608,2.0,-0.0040054932478827965,-0.010989010989007397,-0.0146520146520146
199055206827900,0.2513416,ramp,-0.0040054932478827965,11.729274666666665,2.0,-0.0040054932478827965,-0.010989010989007397,-0.0146520146520146
199055207831900,0.2523456,ramp,-0.0040054932478827965,11.776128,2.0,-0.0040054932478827965,-0.010989010989007397,-0.0146520146520146
199055208833500,0.2533472,ramp,-0.0040054932478827965,11.822869333333333,2.0,-0.0040054932478827965,-0.010989010989007397,-0.0146520146520146
199055209837200,0.2543509,ramp,-0.0040054932478827965,11.869708666666666,2.0,-0.0040054932478827965,-0.010989010989007397,-0.0146520146520146
199055210861000,0.2553747,ramp,-0.0040054932478827965,11.917486,2.0,-0.0040054932478827965,-0.010989010989007397,-0.0146520146520146
199055211847100,0.2563608,ramp,-0.0040054932478827965,11.963504,2.0,-0.0040054932478827965,-0.010989010989007397,-0.0146520146520146
199055212851900,0.2573656,ramp,-0.0040054932478827965,12.010394666666667,2.0,-0.0040054932478827965,-0.010989010989007397,-0.0146520146520146
199055213866600,0.2583803,ramp,-0.0040054932478827965,12.057747333333333,2.0,-0.0040054932478827965,-0.010989010989007397,-0.0146520146520146
199055214865300,0.259379,ramp,-0.0040054932478827965,12.104353333333334,2.0,-0.0040054932478827965,-0.010989010989007397,-0.0146520146520146
199055215870500,0.2603842,ramp,-0.0040054932478827965,12.151262666666666,2.0,-0.0040054932478827965,-0.010989010989007397,-0.0146520146520146
199055216875000,0.2613887,ramp,-0.0040054932478827965,12.198139333333334,2.0,-0.0040054932478827965,-0.010989010989007397,-0.0146520146520146
199055217881200,0.2623949,ramp,-0.0040054932478827965,12.245095333333333,2.0,-0.0040054932478827965,-0.010989010989007397,-0.0146520146520146
199055218887600,0.2634013,ramp,-0.0040054932478827965,12.292060666666668,2.0,-0.0040054932478827965,-0.010989010989007397,-0.0146520146520146
199055219894700,0.2644084,ramp,-0.0040054932478827965,12.339058666666666,2.0,-0.0040054932478827965,-0.010989010989007397,-0.0146520146520146
199055220894300,0.265408,ramp,-0.0040054932478827965,12.385706666666668,2.0,-0.0040054932478827965,-0.010989010989007397,-0.0146520146520146
199055221960600,0.2664743,ramp,-0.0040054932478827965,12.435467333333333,2.0,-0.0040054932478827965,-0.010989010989007397,-0.0146520146520146
199055223101700,0.2676154,ramp,-0.0040054932478827965,12.488718666666667,2.0,-0.0040054932478827965,-0.010989010989007397,-0.0146520146520146
199055224101500,0.2686152,ramp,-0.0040054932478827965,12.535376,2.0,-0.0040054932478827965,-0.010989010989007397,-0.0146520146520146
199055225222800,0.2697365,ramp,-0.0040054932478827965,12.587703333333334,2.0,-0.0040054932478827965,-0.010989010989007397,-0.0146520146520146
199055226659400,0.2711731,ramp,-0.0040054932478827965,12.654744666666668,2.0,-0.0040054932478827965,-0.010989010989007397,-0.0146520146520146
199055226773700,0.2712874,ramp,-0.0040054932478827965,12.660078666666667,2.0,-0.0040054932478827965,-0.010989010989007397,-0.0146520146520146
199055227849100,0.2723628,ramp,-0.0040054932478827965,12.710264,2.0,-0.0040054932478827965,-0.010989010989007397,-0.0146520146520146
199055229037100,0.2735508,ramp,-0.0040054932478827965,12.765704,2.0,-0.0040054932478827965,-0.010989010989007397,-0.0146520146520146
199055230095300,0.274609,ramp,-0.0040054932478827965,12.815086666666666,2.0,-0.0040054932478827965,-0.010989010989007397,-0.0146520146520146
199055231131300,0.275645,ramp,-0.0040054932478827965,12.863433333333333,2.0,-0.0040054932478827965,-0.010989010989007397,-0.0146520146520146
199055231740000,0.2762537,ramp,-0.0040054932478827965,12.891839333333333,2.0,-0.0040054932478827965,-0.010989010989007397,-0.0146520146520146
199055232740300,0.277254,ramp,-0.0040054932478827965,12.93852,2.0,-0.0040054932478827965,-0.010989010989007397,-0.0146520146520146
199055233848000,0.2783617,ramp,-0.0040054932478827965,12.990212666666666,2.0,-0.0040054932478827965,-0.010989010989007397,-0.0146520146520146
199055234993800,0.2795075,ramp,-0.0040054932478827965,13.043683333333334,2.0,-0.0040054932478827965,-0.010989010989007397,-0.0146520146520146
199055235787100,0.2803008,ramp,-0.0040054932478827965,13.080704,2.0,-0.0040054932478827965,-0.010989010989007397,-0.0146520146520146
199055236788700,0.2813024,ramp,-0.0040054932478827965,13.127445333333334,2.0,-0.0040054932478827965,-0.010989010989007397,-0.0146520146520146
199055237887200,0.2824009,ramp,-0.0040054932478827965,13.178708666666667,2.0,-0.0040054932478827965,-0.010989010989007397,-0.0146520146520146
199055239058000,0.2835717,ramp,-0.0040054932478827965,13.233346000000001,2.0,-0.0040054932478827965,-0.010989010989007397,-0.0146520146520146
199055239590900,0.2841046,ramp,-0.0040054932478827965,13.258214666666667,2.0,-0.0040054932478827965,-0.010989010989007397,-0.0146520146520146
199055240607100,0.2851208,ramp,-0.0040054932478827965,13.305637333333333,2.0,-0.0040054932478827965,-0.010989010989007397,-0.0146520146520146
199055241620500,0.2861342,ramp,-0.0040054932478827965,13.352929333333334,2.0,-0.0040054932478827965,-0.010989010989007397,-0.0146520146520146
199055242635700,0.2871494,ramp,-0.0040054932478827965,13.400305333333334,2.0,-0.0040054932478827965,-0.010989010989007397,-0.0146520146520146
199055243667300,0.288181,ramp,-0.0040054932478827965,13.448446666666667,2.0,-0.0040054932478827965,-0.010989010989007397,-0.0146520146520146
199055244682900,0.2891966,ramp,-0.0040054932478827965,13.495841333333335,2.0,-0.0040054932478827965,-0.010989010989007397,-0.0146520146520146
199055245703900,0.2902176,ramp,-0.0040054932478827965,13.543488,2.0,-0.0040054932478827965,-0.010989010989007397,-0.0146520146520146
199055246708400,0.2912221,ramp,-0.0040054932478827965,13.590364666666666,2.0,-0.0040054932478827965,-0.010989010989007397,-0.0146520146520146
199055247714700,0.2922284,ramp,-0.0040054932478827965,13.637325333333333,2.0,-0.0040054932478827965,-0.010989010989007397,-0.0146520146520146
199055248743600,0.2932573,ramp,-0.0040054932478827965,13.685340666666667,2.0,-0.0040054932478827965,-0.010989010989007397,-0.0146520146520146
199055249725100,0.2942388,ramp,-0.0040054932478827965,13.731144,2.0,-0.0040054932478827965,-0.010989010989007397,-0.0146520146520146
199055250792100,0.2953058,ramp,-0.0040054932478827965,13.780937333333334,2.0,-0.0040054932478827965,-0.010989010989007397,-0.0146520146520146
199055252051000,0.2965647,ramp,-0.0040054932478827965,13.839686,2.0,-0.0040054932478827965,-0.010989010989007397,-0.0146520146520146
199055253046400,0.2975601,ramp,-0.0040054932478827965,13.886138,2.0,-0.0040054932478827965,-0.010989010989007397,-0.0146520146520146
199055254254700,0.2987684,ramp,-0.0040054932478827965,13.942525333333334,2.0,-0.0040054932478827965,-0.010989010989007397,-0.0146520146520146
199055254911100,0.2994248,ramp,-0.0040054932478827965,13.973157333333333,2.0,-0.0040054932478827965,-0.010989010989007397,-0.0146520146520146
199055255912200,0.3004259,ramp,-0.0040054932478827965,14.019875333333331,2.0,-0.0040054932478827965,-0.010989010989007397,-0.0146520146520146
199055256953800,0.3014675,ramp,-0.0040054932478827965,14.068483333333335,2.0,-0.0040054932478827965,-0.010989010989007397,-0.0146520146520146
199055258014100,0.3025278,ramp,-0.0040054932478827965,14.117964,2.0,-0.0040054932478827965,-0.010989010989007397,-0.0146520146520146
199055259131500,0.3036452,ramp,-0.0040054932478827965,14.170109333333333,2.0,-0.0040054932478827965,-0.010989010989007397,-0.0146520146520146
199055260098400,0.3046121,ramp,-0.0040054932478827965,14.215231333333332,2.0,-0.0040054932478827965,-0.010989010989007397,-0.0146520146520146
199055261341500,0.3058552,ramp,-0.0040054932478827965,14.273242666666668,2.0,-0.0040054932478827965,-0.010989010989007397,-0.0146520146520146
199055261953500,0.3064672,ramp,-0.0040054932478827965,14.301802666666667,2.0,-0.0040054932478827965,-0.010989010989007397,-0.0146520146520146
199055262958700,0.3074724,ramp,-0.0040054932478827965,14.348711999999999,2.0,-0.0040054932478827965,-0.010989010989007397,-0.0146520146520146
199055263984800,0.3084985,ramp,-0.0040054932478827965,14.396596666666666,2.0,-0.0040054932478827965,-0.010989010989007397,-0.0146520146520146
199055264975900,0.3094896,ramp,-0.0040054932478827965,14.442848000000001,2.0,-0.0040054932478827965,-0.010989010989007397,-0.0146520146520146
199055266214800,0.3107285,ramp,-0.0040054932478827965,14.500663333333334,2.0,-0.0040054932478827965,-0.010989010989007397,-0.0146520146520146
199055267122900,0.3116366,ramp,-0.0040054932478827965,14.543041333333331,2.0,-0.0040054932478827965,-0.010989010989007397,-0.0146520146520146
199055267716300,0.31223,ramp,-0.0040054932478827965,14.570733333333333,2.0,-0.0040054932478827965,-0.010989010989007397,-0.0146520146520146
199055268718300,0.313232,ramp,-0.0040054932478827965,14.617493333333334,2.0,-0.0040054932478827965,-0.010989010989007397,-0.0146520146520146
199055269784800,0.3142985,ramp,-0.0040054932478827965,14.667263333333334,2.0,-0.0040054932478827965,-0.010989010989007397,-0.0146520146520146
199055270856500,0.3153702,ramp,-0.0040054932478827965,14.717276,2.0,-0.0040054932478827965,-0.010989010989007397,-0.0146520146520146
199055271943400,0.3164571,ramp,-0.0040054932478827965,14.767997999999999,2.0,-0.0040054932478827965,-0.010989010989007397,-0.0146520146520146
199055273050000,0.3175637,ramp,-0.0040054932478827965,14.819639333333333,2.0,-0.0040054932478827965,-0.010989010989007397,-0.0146520146520146
199055274175900,0.3186896,ramp,-0.0040054932478827965,14.872181333333334,2.0,-0.0040054932478827965,-0.010989010989007397,-0.0146520146520146
199055274764400,0.3192781,ramp,-0.0040054932478827965,14.899644666666667,2.0,-0.0040054932478827965,-0.010989010989007397,-0.0146520146520146
199055275767000,0.3202807,ramp,-0.0040054932478827965,14.946432666666666,2.0,-0.0040054932478827965,-0.010989010989007397,-0.0146520146520146
199055276772500,0.3212862,ramp,-0.0040054932478827965,14.993355999999999,2.0,-0.0040054932478827965,-0.010989010989007397,-0.0146520146520146
199055277806700,0.3223204,ramp,-0.0040054932478827965,15.041618666666666,2.0,-0.0040054932478827965,-0.010989010989007397,-0.0146520146520146
199055278885900,0.3233996,ramp,-0.0040054932478827965,15.091981333333335,2.0,-0.0040054932478827965,-0.010989010989007397,-0.0146520146520146
199055279972700,0.3244864,ramp,-0.0040054932478827965,15.142698666666666,2.0,-0.0040054932478827965,-0.010989010989007397,-0.0146520146520146
199055281065400,0.3255791,ramp,-0.0040054932478827965,15.193691333333334,2.0,-0.0040054932478827965,-0.010989010989007397,-0.0146520146520146
199055281984400,0.3264981,ramp,-0.0040054932478827965,15.236578000000002,2.0,-0.0040054932478827965,-0.010989010989007397,-0.0146520146520146
199055283073200,0.3275869,ramp,-0.0040054932478827965,15.287388666666667,2.0,-0.0040054932478827965,-0.010989010989007397,-0.0146520146520146
199055284195300,0.328709,ramp,-0.0040054932478827965,15.339753333333334,2.0,-0.0040054932478827965,-0.010989010989007397,-0.0146520146520146
199055284836100,0.3293498,ramp,-0.0040054932478827965,15.369657333333333,2.0,-0.0040054932478827965,-0.010989010989007397,-0.0146520146520146
199055285842600,0.3303563,ramp,-0.0040054932478827965,15.416627333333334,2.0,-0.0040054932478827965,-0.010989010989007397,-0.0146520146520146
199055286889700,0.3314034,ramp,-0.0040054932478827965,15.465492000000001,2.0,-0.0040054932478827965,-0.010989010989007397,-0.0146520146520146
199055288000200,0.3325139,ramp,-0.0040054932478827965,15.517315333333334,2.0,-0.0040054932478827965,-0.010989010989007397,-0.0146520146520146
199055289180800,0.3336945,ramp,-0.0040054932478827965,15.57241,2.0,-0.0040054932478827965,-0.010989010989007397,-0.0146520146520146
199055290367500,0.3348812,ramp,-0.0040054932478827965,15.627789333333332,2.0,-0.0040054932478827965,-0.010989010989007397,-0.0146520146520146
199055290959600,0.3354733,ramp,-0.0040054932478827965,15.655420666666668,2.0,-0.0040054932478827965,-0.010989010989007397,-0.0146520146520146
199055291961600,0.3364753,ramp,-0.0040054932478827965,15.702180666666667,2.0,-0.0040054932478827965,-0.010989010989007397,-0.0146520146520146
199055293002900,0.3375166,ramp,-0.0040054932478827965,15.750774666666667,2.0,-0.0040054932478827965,-0.010989010989007397,-0.0146520146520146
199055294080600,0.3385943,ramp,-0.0040054932478827965,15.801067333333334,2.0,-0.0040054932478827965,-0.010989010989007397,-0.0146520146520146
199055294651300,0.339165,ramp,-0.0040054932478827965,15.8277,2.0,-0.0040054932478827965,-0.010989010989007397,-0.0146520146520146
199055295653900,0.3401676,ramp,-0.0040054932478827965,15.874488,2.0,-0.0040054932478827965,-0.010989010989007397,-0.0146520146520146
199055296827100,0.3413408,ramp,-0.0040054932478827965,15.929237333333335,2.0,-0.0040054932478827965,-0.010989010989007397,-0.0146520146520146
199055297750100,0.3422638,ramp,-0.0040054932478827965,15.972310666666667,2.0,-0.0040054932478827965,-0.010989010989007397,-0.0146520146520146
199055298752500,0.3432662,ramp,-0.0040054932478827965,16.019089333333334,2.0,-0.0040054932478827965,-0.010989010989007397,-0.0146520146520146
199055299818800,0.3443325,ramp,-0.0040054932478827965,16.06885,2.0,-0.0040054932478827965,-0.010989010989007397,-0.0146520146520146
199055300921000,0.3454347,ramp,-0.0040054932478827965,16.120286,2.0,-0.0040054932478827965,-0.010989010989007397,-0.0146520146520146
199055301939700,0.3464534,ramp,-0.0040054932478827965,16.167825333333333,2.0,-0.0040054932478827965,-0.010989010989007397,-0.0146520146520146
199055303016100,0.3475298,ramp,-0.0040054932478827965,16.218057333333334,2.0,-0.0040054932478827965,-0.010989010989007397,-0.0146520146520146
199055304157800,0.3486715,ramp,-0.0040054932478827965,16.271336666666667,2.0,-0.0040054932478827965,-0.010989010989007397,-0.0146520146520146
199055304748900,0.3492626,ramp,-0.0040054932478827965,16.298921333333332,2.0,-0.0040054932478827965,-0.010989010989007397,-0.0146520146520146
199055305752200,0.3502659,ramp,-0.0040054932478827965,16.345742,2.0,-0.0040054932478827965,-0.010989010989007397,-0.0146520146520146
199055306766500,0.3512802,ramp,-0.0040054932478827965,16.393076,2.0,-0.0040054932478827965,-0.010989010989007397,-0.0146520146520146
199055307780700,0.3522944,ramp,-0.0040054932478827965,16.44040533333333,2.0,-0.0040054932478827965,-0.010989010989007397,-0.0146520146520146
199055308790300,0.353304,ramp,-0.0040054932478827965,16.48752,2.0,-0.0040054932478827965,-0.010989010989007397,-0.0146520146520146
199055309795900,0.3543096,ramp,-0.0040054932478827965,16.534448,2.0,-0.0040054932478827965,-0.010989010989007397,-0.0146520146520146
199055310884800,0.3553985,ramp,-0.0040054932478827965,16.585263333333334,2.0,-0.0040054932478827965,-0.010989010989007397,-0.0146520146520146
199055312013300,0.356527,ramp,-0.0040054932478827965,16.63792666666667,2.0,-0.0040054932478827965,-0.010989010989007397,-0.0146520146520146
199055313181500,0.3576952,ramp,-0.0040054932478827965,16.692442666666665,2.0,-0.004386968795300206,-0.010989010989007397,-0.024420024420024333
199055313822800,0.3583365,ramp,-0.0040054932478827965,16.72237,2.0,-0.004386968795300206,-0.010989010989007397,-0.024420024420024333
199055314798700,0.3593124,ramp,-0.0040054932478827965,16.767912,2.0,-0.004386968795300206,-0.010989010989007397,-0.024420024420024333
199055315800200,0.3603139,ramp,-0.0040054932478827965,16.814648666666667,2.0,-0.004386968795300206,-0.010989010989007397,-0.024420024420024333
199055316802100,0.3613158,ramp,-0.0040054932478827965,16.861404,2.0,-0.004386968795300206,-0.010989010989007397,-0.024420024420024333
199055317804200,0.3623179,ramp,-0.0040054932478827965,16.908168666666665,2.0,-0.004386968795300206,-0.010989010989007397,-0.024420024420024333
199055318808500,0.3633222,ramp,-0.0040054932478827965,16.955036,2.0,-0.004386968795300206,-0.010989010989007397,-0.024420024420024333
199055319813100,0.3643268,ramp,-0.0040054932478827965,17.00191733333333,2.0,-0.004386968795300206,-0.010989010989007397,-0.024420024420024333
199055320820800,0.3653345,ramp,-0.0040054932478827965,17.048943333333334,2.0,-0.004386968795300206,-0.010989010989007397,-0.024420024420024333
199055321840700,0.3663544,ramp,-0.0040054932478827965,17.096538666666664,2.0,-0.004386968795300206,-0.010989010989007397,-0.024420024420024333
199055322826400,0.3673401,ramp,-0.0040054932478827965,17.142538,2.0,-0.004386968795300206,-0.010989010989007397,-0.024420024420024333
199055323923700,0.3684374,ramp,-0.0040054932478827965,17.193745333333336,2.0,-0.004386968795300206,-0.010989010989007397,-0.024420024420024333
199055324921600,0.3694353,ramp,-0.0040054932478827965,17.240314,2.0,-0.004386968795300206,-0.010989010989007397,-0.024420024420024333
199055325929100,0.3704428,ramp,-0.0040054932478827965,17.28733066666667,2.0,-0.004386968795300206,-0.010989010989007397,-0.024420024420024333
199055327032900,0.3715466,ramp,-0.0040054932478827965,17.33884133333333,2.0,-0.004386968795300206,-0.010989010989007397,-0.024420024420024333
199055328250900,0.3727646,ramp,-0.0040054932478827965,17.395681333333336,2.0,-0.004386968795300206,-0.010989010989007397,-0.024420024420024333
199055328981100,0.3734948,ramp,-0.0040054932478827965,17.42975733333333,2.0,-0.004386968795300206,-0.010989010989007397,-0.024420024420024333
199055329983000,0.3744967,ramp,-0.0040054932478827965,17.476512666666665,2.0,-0.004386968795300206,-0.010989010989007397,-0.024420024420024333
199055331061900,0.3755756,ramp,-0.0040054932478827965,17.526861333333333,2.0,-0.004386968795300206,-0.010989010989007397,-0.024420024420024333
199055332252400,0.3767661,ramp,-0.0040054932478827965,17.582418,2.0,-0.004386968795300206,-0.010989010989007397,-0.024420024420024333
199055332885200,0.3773989,ramp,-0.0040054932478827965,17.611948666666667,2.0,-0.004386968795300206,-0.010989010989007397,-0.024420024420024333
199055333904700,0.3784184,ramp,-0.0040054932478827965,17.659525333333335,2.0,-0.004386968795300206,-0.010989010989007397,-0.024420024420024333
199055334972100,0.3794858,ramp,-0.0040054932478827965,17.709337333333334,2.0,-0.004386968795300206,-0.010989010989007397,-0.024420024420024333
199055336065200,0.3805789,ramp,-0.0040054932478827965,17.76034866666667,2.0,-0.004386968795300206,-0.010989010989007397,-0.024420024420024333
199055337166500,0.3816802,ramp,-0.0040054932478827965,17.811742666666667,2.0,-0.004386968795300206,-0.010989010989007397,-0.024420024420024333
199055337760300,0.382274,ramp,-0.0040054932478827965,17.839453333333335,2.0,-0.004386968795300206,-0.010989010989007397,-0.024420024420024333
199055338770000,0.3832837,ramp,-0.0040054932478827965,17.886572666666666,2.0,-0.004386968795300206,-0.010989010989007397,-0.024420024420024333
199055339774600,0.3842883,ramp,-0.0040054932478827965,17.933454,2.0,-0.004386968795300206,-0.010989010989007397,-0.024420024420024333
199055340779000,0.3852927,ramp,-0.0040054932478827965,17.980325999999998,2.0,-0.004386968795300206,-0.010989010989007397,-0.024420024420024333
199055342152700,0.3866664,ramp,-0.0040054932478827965,18.044432,2.0,-0.004386968795300206,-0.010989010989007397,-0.024420024420024333
199055343131100,0.3876448,ramp,-0.0040054932478827965,18.09009066666667,2.0,-0.004386968795300206,-0.010989010989007397,-0.024420024420024333
199055343855100,0.3883688,ramp,-0.0040054932478827965,18.123877333333333,2.0,-0.004386968795300206,-0.010989010989007397,-0.024420024420024333
199055345085000,0.3895987,ramp,-0.0040054932478827965,18.18127266666667,2.0,-0.004386968795300206,-0.010989010989007397,-0.024420024420024333
199055346089200,0.3906029,ramp,-0.0040054932478827965,18.228135333333334,2.0,-0.004386968795300206,-0.010989010989007397,-0.024420024420024333
199055347178700,0.3916924,ramp,-0.0040054932478827965,18.278978666666667,2.0,-0.004386968795300206,-0.010989010989007397,-0.024420024420024333
199055347790900,0.3923046,ramp,-0.0040054932478827965,18.307548,2.0,-0.004386968795300206,-0.010989010989007397,-0.024420024420024333
199055348833800,0.3933475,ramp,-0.0040054932478827965,18.35621666666667,2.0,-0.004386968795300206,-0.010989010989007397,-0.024420024420024333
199055349924200,0.3944379,ramp,-0.0040054932478827965,18.407102000000002,2.0,-0.004386968795300206,-0.010989010989007397,-0.024420024420024333
199055350974100,0.3954878,ramp,-0.0040054932478827965,18.456097333333332,2.0,-0.004386968795300206,-0.010989010989007397,-0.024420024420024333
199055352044700,0.3965584,ramp,-0.0040054932478827965,18.506058666666668,2.0,-0.004386968795300206,-0.010989010989007397,-0.024420024420024333
199055352626300,0.39714,ramp,-0.0040054932478827965,18.5332,2.0,-0.004386968795300206,-0.010989010989007397,-0.024420024420024333
199055353668600,0.3981823,ramp,-0.0040054932478827965,18.581840666666665,2.0,-0.004386968795300206,-0.010989010989007397,-0.024420024420024333
199055354753400,0.3992671,ramp,-0.0040054932478827965,18.632464666666667,2.0,-0.004386968795300206,-0.010989010989007397,-0.024420024420024333
199055355805800,0.4003195,ramp,-0.0040054932478827965,18.68157666666667,2.0,-0.004386968795300206,-0.010989010989007397,-0.024420024420024333
199055356890200,0.4014039,ramp,-0.0040054932478827965,18.732181999999998,2.0,-0.004386968795300206,-0.010989010989007397,-0.024420024420024333
199055357934100,0.4024478,ramp,-0.0040054932478827965,18.780897333333332,2.0,-0.004386968795300206,-0.010989010989007397,-0.024420024420024333
199055359113900,0.4036276,ramp,-0.0040054932478827965,18.835954666666666,2.0,-0.004386968795300206,-0.010989010989007397,-0.024420024420024333
199055360057800,0.4045715,ramp,-0.0040054932478827965,18.880003333333335,2.0,-0.004386968795300206,-0.010989010989007397,-0.024420024420024333
199055361062800,0.4055765,ramp,-0.0040054932478827965,18.926903333333335,2.0,-0.004386968795300206,-0.010989010989007397,-0.024420024420024333
199055362078300,0.406592,ramp,-0.0040054932478827965,18.974293333333332,2.0,-0.004386968795300206,-0.010989010989007397,-0.024420024420024333
199055363115600,0.4076293,ramp,-0.0040054932478827965,19.022700666666665,2.0,-0.004386968795300206,-0.010989010989007397,-0.024420024420024333
199055364267500,0.4087812,ramp,-0.0040054932478827965,19.076456,2.0,-0.004386968795300206,-0.010989010989007397,-0.024420024420024333
199055364856600,0.4093703,ramp,-0.0040054932478827965,19.103947333333334,2.0,-0.004386968795300206,-0.010989010989007397,-0.024420024420024333
199055365857300,0.410371,ramp,-0.0040054932478827965,19.150646666666667,2.0,-0.004386968795300206,-0.010989010989007397,-0.024420024420024333
199055366988200,0.4115019,ramp,-0.0040054932478827965,19.203422,2.0,-0.004386968795300206,-0.010989010989007397,-0.024420024420024333
199055368079000,0.4125927,ramp,-0.0040054932478827965,19.254326,2.0,-0.004386968795300206,-0.010989010989007397,-0.024420024420024333
199055368650000,0.4131637,ramp,-0.0040054932478827965,19.280972666666667,2.0,-0.004386968795300206,-0.010989010989007397,-0.024420024420024333
199055369653700,0.4141674,ramp,-0.0040054932478827965,19.327811999999998,2.0,-0.004386968795300206,-0.010989010989007397,-0.024420024420024333
199055370737700,0.4152514,ramp,-0.0040054932478827965,19.37839866666667,2.0,-0.004386968795300206,-0.010989010989007397,-0.024420024420024333
199055371769400,0.4162831,ramp,-0.0040054932478827965,19.42654466666667,2.0,-0.004386968795300206,-0.010989010989007397,-0.024420024420024333
199055372845900,0.4173596,ramp,-0.0040054932478827965,19.476781333333335,2.0,-0.004386968795300206,-0.010989010989007397,-0.024420024420024333
199055373930900,0.4184446,ramp,-0.0040054932478827965,19.527414666666665,2.0,-0.004386968795300206,-0.010989010989007397,-0.024420024420024333
199055375095400,0.4196091,ramp,-0.0040054932478827965,19.581758,2.0,-0.004386968795300206,-0.010989010989007397,-0.024420024420024333
199055375978500,0.4204922,ramp,-0.0040054932478827965,19.622969333333334,2.0,-0.004386968795300206,-0.010989010989007397,-0.024420024420024333
199055376978800,0.4214925,ramp,-0.0040054932478827965,19.66965,2.0,-0.004386968795300206,-0.010989010989007397,-0.024420024420024333
199055377979600,0.4224933,ramp,-0.0040054932478827965,19.716354000000003,2.0,-0.004386968795300206,-0.010989010989007397,-0.024420024420024333
199055378982300,0.423496,ramp,-0.0040054932478827965,19.763146666666668,2.0,-0.004386968795300206,-0.010989010989007397,-0.024420024420024333
199055379988200,0.4245019,ramp,-0.0040054932478827965,19.810088666666665,2.0,-0.004386968795300206,-0.010989010989007397,-0.024420024420024333
199055381010100,0.4255238,ramp,-0.0040054932478827965,19.857777333333335,2.0,-0.004386968795300206,-0.010989010989007397,-0.024420024420024333
199055382100600,0.4266143,ramp,-0.0040054932478827965,19.908667333333334,2.0,-0.004386968795300206,-0.010989010989007397,-0.024420024420024333
199055382696400,0.4272101,ramp,-0.0040054932478827965,19.936471333333333,2.0,-0.004386968795300206,-0.010989010989007397,-0.024420024420024333
199055383718200,0.4282319,ramp,-0.0040054932478827965,19.984155333333334,2.0,-0.004386968795300206,-0.010989010989007397,-0.024420024420024333
199055384790700,0.4293044,ramp,-0.0040054932478827965,20.034205333333336,2.0,-0.004386968795300206,-0.010989010989007397,-0.024420024420024333
199055385872100,0.4303858,ramp,-0.0040054932478827965,20.084670666666664,2.0,-0.004386968795300206,-0.010989010989007397,-0.024420024420024333
199055386877300,0.431391,ramp,-0.0040054932478827965,20.13158,2.0,-0.004386968795300206,-0.010989010989007397,-0.024420024420024333
199055387885100,0.4323988,ramp,-0.0040054932478827965,20.178610666666664,2.0,-0.004386968795300206,-0.010989010989007397,-0.024420024420024333
199055388893300,0.433407,ramp,-0.0040054932478827965,20.22566,2.0,-0.004386968795300206,-0.010989010989007397,-0.024420024420024333
199055390299400,0.4348131,ramp,-0.0040054932478827965,20.291278,2.0,-0.004386968795300206,-0.010989010989007397,-0.024420024420024333
199055391126500,0.4356402,ramp,-0.0040054932478827965,20.329876,2.0,-0.004386968795300206,-0.010989010989007397,-0.024420024420024333
199055392052500,0.4365662,ramp,-0.0040054932478827965,20.373089333333333,2.0,-0.004386968795300206,-0.010989010989007397,-0.024420024420024333
199055393191500,0.4377052,ramp,-0.0040054932478827965,20.426242666666667,2.0,-0.004386968795300206,-0.010989010989007397,-0.024420024420024333
199055394064100,0.4385778,ramp,-0.0040054932478827965,20.466964,2.0,-0.004386968795300206,-0.010989010989007397,-0.024420024420024333
199055395066300,0.43958,ramp,-0.0040054932478827965,20.513733333333334,2.0,-0.004386968795300206,-0.010989010989007397,-0.024420024420024333
199055396174000,0.4406877,ramp,-0.0040054932478827965,20.565426,2.0,-0.004386968795300206,-0.010989010989007397,-0.024420024420024333
199055396756300,0.44127,ramp,-0.0040054932478827965,20.5926,2.0,-0.004386968795300206,-0.010989010989007397,-0.024420024420024333
199055397793800,0.4423075,ramp,-0.0040054932478827965,20.64101666666667,2.0,-0.004386968795300206,-0.010989010989007397,-0.024420024420024333
199055398869400,0.4433831,ramp,-0.0040054932478827965,20.691211333333335,2.0,-0.004386968795300206,-0.010989010989007397,-0.024420024420024333
199055399949300,0.444463,ramp,-0.0040054932478827965,20.74160666666667,2.0,-0.004386968795300206,-0.010989010989007397,-0.024420024420024333
199055401062500,0.4455762,ramp,-0.0040054932478827965,20.793556000000002,2.0,-0.004386968795300206,-0.010989010989007397,-0.024420024420024333
199055402155600,0.4466693,ramp,-0.0040054932478827965,20.844567333333334,2.0,-0.004386968795300206,-0.010989010989007397,-0.024420024420024333
199055402742700,0.4472564,ramp,-0.0040054932478827965,20.871965333333332,2.0,-0.004386968795300206,-0.010989010989007397,-0.024420024420024333
199055403747600,0.4482613,ramp,-0.0040054932478827965,20.918860666666667,2.0,-0.004386968795300206,-0.010989010989007397,-0.024420024420024333
199055404820800,0.4493345,ramp,-0.0040054932478827965,20.968943333333332,2.0,-0.004386968795300206,-0.010989010989007397,-0.024420024420024333
199055406141400,0.4506551,ramp,-0.0040054932478827965,21.03057133333333,2.0,-0.004386968795300206,-0.010989010989007397,-0.024420024420024333
199055413787500,0.4583012,ramp,-0.0040054932478827965,21.38738933333333,2.0,-0.004386968795300206,-0.010989010989007397,-0.024420024420024333
199055414094400,0.4586081,ramp,-0.0040054932478827965,21.40171133333333,2.0,-0.004386968795300206,-0.010989010989007397,-0.024420024420024333
199055414219400,0.4587331,ramp,-0.0040054932478827965,21.407544666666666,2.0,-0.004386968795300206,-0.010989010989007397,-0.024420024420024333
199055414338200,0.4588519,ramp,-0.0040054932478827965,21.413088666666667,2.0,-0.004386968795300206,-0.010989010989007397,-0.024420024420024333
199055414442000,0.4589557,ramp,-0.0040054932478827965,21.417932666666665,2.0,-0.004386968795300206,-0.010989010989007397,-0.024420024420024333
199055414845200,0.4593589,ramp,-0.0040054932478827965,21.436748666666666,2.0,-0.004386968795300206,-0.010989010989007397,-0.024420024420024333
199055414985800,0.4594995,ramp,-0.0040054932478827965,21.44331,2.0,-0.004386968795300206,-0.010989010989007397,-0.024420024420024333
199055415112900,0.4596266,ramp,-0.0040054932478827965,21.449241333333333,2.0,-0.004386968795300206,-0.010989010989007397,-0.024420024420024333
199055415199600,0.4597133,ramp,-0.0040054932478827965,21.453287333333332,2.0,-0.004386968795300206,-0.010989010989007397,-0.024420024420024333
199055415904200,0.4604179,ramp,-0.0040054932478827965,21.486168666666668,2.0,-0.004386968795300206,-0.010989010989007397,-0.024420024420024333
199055417062300,0.461576,ramp,-0.0040054932478827965,21.540213333333334,2.0,-0.004386968795300206,-0.010989010989007397,-0.024420024420024333
199055417955700,0.4624694,ramp,-0.0040054932478827965,21.581905333333335,2.0,-0.004386968795300206,-0.010989010989007397,-0.024420024420024333
199055418926400,0.4634401,ramp,-0.0040054932478827965,21.627204666666668,2.0,-0.004386968795300206,-0.010989010989007397,-0.024420024420024333
199055420350100,0.4648638,ramp,-0.0040054932478827965,21.693644000000003,2.0,-0.004386968795300206,-0.010989010989007397,-0.024420024420024333
199055421123200,0.4656369,ramp,-0.0040054932478827965,21.729722,2.0,-0.004386968795300206,-0.010989010989007397,-0.024420024420024333
199055422026800,0.4665405,ramp,-0.0040054932478827965,21.77189,2.0,-0.0040054932478827965,-0.010989010989007397,-0.0146520146520146
199055423118800,0.4676325,ramp,-0.0040054932478827965,21.82285,2.0,-0.0040054932478827965,-0.010989010989007397,-0.0146520146520146
199055424283600,0.4687973,ramp,-0.0040054932478827965,21.877207333333335,2.0,-0.0040054932478827965,-0.010989010989007397,-0.0146520146520146
199055424935100,0.4694488,ramp,-0.0040054932478827965,21.907610666666667,2.0,-0.0040054932478827965,-0.010989010989007397,-0.0146520146520146
199055426037200,0.4705509,ramp,-0.0040054932478827965,21.959042,2.0,-0.0040054932478827965,-0.010989010989007397,-0.0146520146520146
199055427038800,0.4715525,ramp,-0.0040054932478827965,22.005783333333333,2.0,-0.0040054932478827965,-0.010989010989007397,-0.0146520146520146
199055428055400,0.4725691,ramp,-0.0040054932478827965,22.053224666666665,2.0,-0.0040054932478827965,-0.010989010989007397,-0.0146520146520146
199055429161900,0.4736756,ramp,-0.0040054932478827965,22.104861333333332,2.0,-0.0040054932478827965,-0.010989010989007397,-0.0146520146520146
199055429764600,0.4742783,ramp,-0.0040054932478827965,22.132987333333332,2.0,-0.0040054932478827965,-0.010989010989007397,-0.0146520146520146
199055430766600,0.4752803,ramp,-0.0040054932478827965,22.17974733333333,2.0,-0.0040054932478827965,-0.010989010989007397,-0.0146520146520146
199055431895300,0.476409,ramp,-0.0040054932478827965,22.23242,2.0,-0.0040054932478827965,-0.010989010989007397,-0.0146520146520146
199055432949400,0.4774631,ramp,-0.0040054932478827965,22.281611333333334,2.0,-0.0040054932478827965,-0.010989010989007397,-0.0146520146520146
199055434057300,0.478571,ramp,-0.0040054932478827965,22.333313333333333,2.0,-0.0040054932478827965,-0.010989010989007397,-0.0146520146520146
199055435159300,0.479673,ramp,-0.0040054932478827965,22.38474,2.0,-0.0040054932478827965,-0.010989010989007397,-0.0146520146520146
199055435771400,0.4802851,ramp,-0.0040054932478827965,22.413304666666665,2.0,-0.0040054932478827965,-0.010989010989007397,-0.0146520146520146
199055436861900,0.4813756,ramp,-0.0040054932478827965,22.464194666666668,2.0,-0.0040054932478827965,-0.010989010989007397,-0.0146520146520146
199055437788400,0.4823021,ramp,-0.0040054932478827965,22.507431333333333,2.0,-0.0040054932478827965,-0.010989010989007397,-0.0146520146520146
199055438790400,0.4833041,ramp,-0.0040054932478827965,22.554191333333332,2.0,-0.0040054932478827965,-0.010989010989007397,-0.0146520146520146
199055439892900,0.4844066,ramp,-0.0040054932478827965,22.605641333333335,2.0,-0.0040054932478827965,-0.010989010989007397,-0.0146520146520146
199055441044500,0.4855582,ramp,-0.0040054932478827965,22.65938266666667,2.0,-0.0040054932478827965,-0.010989010989007397,-0.0146520146520146
199055442191700,0.4867054,ramp,-0.0040054932478827965,22.712918666666667,2.0,-0.0040054932478827965,-0.010989010989007397,-0.0146520146520146
199055442819900,0.4873336,ramp,-0.0040054932478827965,22.742234666666665,2.0,-0.0040054932478827965,-0.010989010989007397,-0.0146520146520146
199055443849000,0.4883627,ramp,-0.0040054932478827965,22.790259333333335,2.0,-0.0040054932478827965,-0.010989010989007397,-0.0146520146520146
199055444987500,0.4895012,ramp,-0.0040054932478827965,22.843389333333334,2.0,-0.0040054932478827965,-0.010989010989007397,-0.0146520146520146
199055446120800,0.4906345,ramp,-0.0040054932478827965,22.89627666666667,2.0,-0.0040054932478827965,-0.010989010989007397,-0.0146520146520146
199055446622400,0.4911361,ramp,-0.0040054932478827965,22.919684666666665,2.0,-0.0040054932478827965,-0.010989010989007397,-0.0146520146520146
199055447626400,0.4921401,ramp,-0.0040054932478827965,22.966538,2.0,-0.0040054932478827965,-0.010989010989007397,-0.0146520146520146
199055448648100,0.4931618,ramp,-0.0040054932478827965,23.014217333333335,2.0,-0.0040054932478827965,-0.010989010989007397,-0.0146520146520146
199055449665600,0.4941793,ramp,-0.0040054932478827965,23.061700666666667,2.0,-0.0040054932478827965,-0.010989010989007397,-0.0146520146520146
199055450888000,0.4954017,ramp,-0.0040054932478827965,23.118745999999998,2.0,-0.0040054932478827965,-0.010989010989007397,-0.0146520146520146
199055451894500,0.4964082,ramp,-0.0040054932478827965,23.165716000000003,2.0,-0.0040054932478827965,-0.010989010989007397,-0.0146520146520146
199055452963100,0.4974768,ramp,-0.0040054932478827965,23.215584,2.0,-0.0040054932478827965,-0.010989010989007397,-0.0146520146520146
199055454045400,0.4985591,ramp,-0.0040054932478827965,23.266091333333332,2.0,-0.0040054932478827965,-0.010989010989007397,-0.0146520146520146
199055455115400,0.4996291,ramp,-0.0040054932478827965,23.316024666666667,2.0,-0.0040054932478827965,-0.010989010989007397,-0.0146520146520146
199055455614200,0.5001279,ramp,-0.0040054932478827965,23.339302,2.0,-0.0040054932478827965,-0.010989010989007397,-0.0146520146520146
199055456616400,0.5011301,ramp,-0.0040054932478827965,23.386071333333334,2.0,-0.0040054932478827965,-0.010989010989007397,-0.0146520146520146
199055458309200,0.5028229,ramp,-0.0040054932478827965,23.465068666666667,2.0,-0.0040054932478827965,-0.010989010989007397,-0.0146520146520146
199055458973200,0.5034869,ramp,-0.0040054932478827965,23.496055333333334,2.0,-0.0040054932478827965,-0.010989010989007397,-0.0146520146520146
199055459975600,0.5044893,ramp,-0.0040054932478827965,23.542834000000003,2.0,-0.0040054932478827965,-0.010989010989007397,-0.0146520146520146
199055460979800,0.5054935,ramp,-0.0040054932478827965,23.589696666666665,2.0,-0.0040054932478827965,-0.010989010989007397,-0.0146520146520146
199055461982300,0.506496,ramp,-0.0040054932478827965,23.63648,2.0,-0.0040054932478827965,-0.010989010989007397,-0.0146520146520146
199055463102100,0.5076158,ramp,-0.0040054932478827965,23.688737333333332,2.0,-0.0040054932478827965,-0.010989010989007397,-0.0146520146520146
199055464110900,0.5086246,ramp,-0.0040054932478827965,23.735814666666666,2.0,-0.0040054932478827965,-0.010989010989007397,-0.0146520146520146
199055464726600,0.5092403,ramp,-0.0040054932478827965,23.764547333333333,2.0,-0.0040054932478827965,-0.010989010989007397,-0.0146520146520146
199055465753800,0.5102675,ramp,-0.0040054932478827965,23.812483333333333,2.0,-0.0040054932478827965,-0.010989010989007397,-0.0146520146520146
199055466898000,0.5114117,ramp,-0.0040054932478827965,23.865879333333332,2.0,-0.0040054932478827965,-0.010989010989007397,-0.0146520146520146
199055467905000,0.5124187,ramp,-0.0040054932478827965,23.912872666666665,2.0,-0.0040054932478827965,-0.010989010989007397,-0.0146520146520146
199055468904300,0.513418,ramp,-0.0040054932478827965,23.959506666666666,2.0,-0.0040054932478827965,-0.010989010989007397,-0.0146520146520146
199055469899900,0.5144136,ramp,-0.0040054932478827965,24.005968,2.0,-0.0040054932478827965,-0.010989010989007397,-0.0146520146520146
199055470969100,0.5154828,ramp,-0.0040054932478827965,24.055864,2.0,-0.0040054932478827965,-0.010989010989007397,-0.0146520146520146
199055472077000,0.5165907,ramp,-0.0040054932478827965,24.107566000000002,2.0,-0.0040054932478827965,-0.010989010989007397,-0.0146520146520146
199055473199800,0.5177135,ramp,-0.0040054932478827965,24.159963333333334,2.0,-0.0040054932478827965,-0.010989010989007397,-0.0146520146520146
199055473839300,0.518353,ramp,-0.0040054932478827965,24.18980666666667,2.0,-0.0040054932478827965,-0.010989010989007397,-0.0146520146520146
199055474830100,0.5193438,ramp,-0.0040054932478827965,24.236044,2.0,-0.0040054932478827965,-0.010989010989007397,-0.0146520146520146
199055475989100,0.5205028,ramp,-0.0040054932478827965,24.290130666666666,2.0,-0.0040054932478827965,-0.010989010989007397,-0.0146520146520146
199055477109900,0.5216236,ramp,-0.0040054932478827965,24.342434666666666,2.0,-0.0040054932478827965,-0.010989010989007397,-0.0146520146520146
199055478099700,0.5226134,ramp,-0.0040054932478827965,24.388625333333334,2.0,-0.0040054932478827965,-0.010989010989007397,-0.0146520146520146
199055478685800,0.5231995,ramp,-0.0040054932478827965,24.415976666666666,2.0,-0.0040054932478827965,-0.010989010989007397,-0.0146520146520146
199055479684200,0.5241979,ramp,-0.0040054932478827965,24.462568666666666,2.0,-0.0040054932478827965,-0.010989010989007397,-0.0146520146520146
199055480753900,0.5252676,ramp,-0.0040054932478827965,24.512487999999998,2.0,-0.0040054932478827965,-0.010989010989007397,-0.0146520146520146
199055481831000,0.5263447,ramp,-0.0040054932478827965,24.562752666666665,2.0,-0.0040054932478827965,-0.010989010989007397,-0.0146520146520146
199055482936300,0.52745,ramp,-0.0040054932478827965,24.614333333333335,2.0,-0.0040054932478827965,-0.010989010989007397,-0.0146520146520146
199055484140900,0.5286546,ramp,-0.0040054932478827965,24.670548,2.0,-0.0040054932478827965,-0.010989010989007397,-0.0146520146520146
199055485019900,0.5295336,ramp,-0.0040054932478827965,24.711568,2.0,-0.0040054932478827965,-0.010989010989007397,-0.0146520146520146
199055486026400,0.5305401,ramp,-0.0040054932478827965,24.758538,2.0,-0.0040054932478827965,-0.010989010989007397,-0.0146520146520146
199055487182000,0.5316957,ramp,-0.0040054932478827965,24.812466,2.0,-0.0040054932478827965,-0.010989010989007397,-0.0146520146520146
199055487809900,0.5323236,ramp,-0.0040054932478827965,24.841768000000002,2.0,-0.0040054932478827965,-0.010989010989007397,-0.0146520146520146
199055488813400,0.5333271,ramp,-0.0040054932478827965,24.888598,2.0,-0.0040054932478827965,-0.010989010989007397,-0.0146520146520146
199055489865000,0.5343787,ramp,-0.0040054932478827965,24.937672666666664,2.0,-0.0040054932478827965,-0.010989010989007397,-0.0146520146520146
199055490939400,0.5354531,ramp,-0.0040054932478827965,24.987811333333333,2.0,-0.0040054932478827965,-0.010989010989007397,-0.0146520146520146
199055491989800,0.5365035,ramp,-0.0040054932478827965,25.036830000000002,2.0,-0.0040054932478827965,-0.010989010989007397,-0.0146520146520146
199055493062000,0.5375757,ramp,-0.0040054932478827965,25.086866,2.0,-0.0040054932478827965,-0.010989010989007397,-0.0146520146520146
199055494202600,0.5387163,ramp,-0.0040054932478827965,25.140093999999998,2.0,-0.0040054932478827965,-0.010989010989007397,-0.0146520146520146
199055494789400,0.5393031,ramp,-0.0040054932478827965,25.167478,2.0,-0.0040054932478827965,-0.010989010989007397,-0.0146520146520146
199055495845200,0.5403589,ramp,-0.0040054932478827965,25.216748666666668,2.0,-0.0040054932478827965,-0.010989010989007397,-0.0146520146520146
199055496835300,0.541349,ramp,-0.0040054932478827965,25.262953333333332,2.0,-0.0040054932478827965,-0.010989010989007397,-0.0146520146520146
199055497833200,0.5423469,ramp,-0.0040054932478827965,25.309522,2.0,-0.0040054932478827965,-0.010989010989007397,-0.0146520146520146
199055499071900,0.5435856,ramp,-0.0040054932478827965,25.367328,2.0,-0.0040054932478827965,-0.010989010989007397,-0.0146520146520146
199055500192100,0.5447058,ramp,-0.0040054932478827965,25.419604,2.0,-0.0040054932478827965,-0.010989010989007397,-0.0146520146520146
199055501445000,0.5459587,ramp,-0.0040054932478827965,25.478072666666666,2.0,-0.0040054932478827965,-0.010989010989007397,-0.0146520146520146
199055502077800,0.5465915,ramp,-0.0040054932478827965,25.507603333333336,2.0,-0.0040054932478827965,-0.010989010989007397,-0.0146520146520146
199055503079700,0.5475934,ramp,-0.0040054932478827965,25.554358666666666,2.0,-0.0040054932478827965,-0.010989010989007397,-0.0146520146520146
199055503662000,0.5481757,ramp,-0.0040054932478827965,25.581532666666664,2.0,-0.0040054932478827965,-0.010989010989007397,-0.0146520146520146
199055504665800,0.5491795,ramp,-0.0040054932478827965,25.628376666666668,2.0,-0.0040054932478827965,-0.010989010989007397,-0.0146520146520146
199055505740300,0.550254,ramp,-0.0040054932478827965,25.67852,2.0,-0.0040054932478827965,-0.010989010989007397,-0.0146520146520146
199055506839900,0.5513536,ramp,-0.0040054932478827965,25.729834666666665,2.0,-0.0040054932478827965,-0.010989010989007397,-0.0146520146520146
199055507958000,0.5524717,ramp,-0.0040054932478827965,25.782012666666667,2.0,-0.0040054932478827965,-0.010989010989007397,-0.0146520146520146
199055509032400,0.5535461,ramp,-0.0040054932478827965,25.832151333333332,2.0,-0.0040054932478827965,-0.010989010989007397,-0.0146520146520146
199055510113100,0.5546268,ramp,-0.0040054932478827965,25.882584,2.0,-0.0040054932478827965,-0.010989010989007397,-0.0146520146520146
199055510720000,0.5552337,ramp,-0.0040054932478827965,25.910906,2.0,-0.0040054932478827965,-0.010989010989007397,-0.0146520146520146
199055511725500,0.5562392,ramp,-0.0040054932478827965,25.957829333333333,2.0,-0.0040054932478827965,-0.010989010989007397,-0.0146520146520146
199055512730700,0.5572444,ramp,-0.0040054932478827965,26.004738666666668,2.0,-0.0040054932478827965,-0.010989010989007397,-0.0146520146520146
199055513735100,0.5582488,ramp,-0.0040054932478827965,26.051610666666665,2.0,-0.0040054932478827965,-0.010989010989007397,-0.0146520146520146
199055514742300,0.559256,ramp,-0.0040054932478827965,26.098613333333333,2.0,-0.0040054932478827965,-0.010989010989007397,-0.0146520146520146
199055515835700,0.5603494,ramp,-0.0040054932478827965,26.149638666666668,2.0,-0.0040054932478827965,-0.010989010989007397,-0.0146520146520146
199055517138400,0.5616521,ramp,-0.0040054932478827965,26.210431333333332,2.0,-0.0040054932478827965,-0.010989010989007397,-0.0146520146520146
199055517759300,0.562273,ramp,-0.0040054932478827965,26.239406666666667,2.0,-0.0040054932478827965,-0.010989010989007397,-0.0146520146520146
199055518755800,0.5632695,ramp,-0.0040054932478827965,26.285909999999998,2.0,-0.0040054932478827965,-0.010989010989007397,-0.0146520146520146
199055519760300,0.564274,ramp,-0.0040054932478827965,26.332786666666667,2.0,-0.0040054932478827965,-0.010989010989007397,-0.0146520146520146
199055520762800,0.5652765,ramp,-0.0040054932478827965,26.37957,2.0,-0.0040054932478827965,-0.010989010989007397,-0.0146520146520146
199055521790400,0.5663041,ramp,-0.0040054932478827965,26.427524666666667,2.0,-0.0040054932478827965,-0.010989010989007397,-0.0146520146520146
199055522785400,0.5672991,ramp,-0.0040054932478827965,26.473958,2.0,-0.0040054932478827965,-0.010989010989007397,-0.0146520146520146
199055523770200,0.5682839,ramp,-0.0040054932478827965,26.519915333333334,2.0,-0.0040054932478827965,-0.010989010989007397,-0.0146520146520146
199055524777200,0.5692909,ramp,-0.0040054932478827965,26.566908666666667,2.0,-0.0040054932478827965,-0.010989010989007397,-0.0146520146520146
199055525778800,0.5702925,ramp,-0.0040054932478827965,26.61365,2.0,-0.0040054932478827965,-0.010989010989007397,-0.0146520146520146
199055526784400,0.5712981,ramp,-0.0040054932478827965,26.660578,2.0,-0.0040054932478827965,-0.010989010989007397,-0.0146520146520146
199055527857400,0.5723711,ramp,-0.0040054932478827965,26.710651333333335,2.0,-0.0040054932478827965,-0.010989010989007397,-0.0146520146520146
199055528946000,0.5734597,ramp,-0.0040054932478827965,26.761452666666667,2.0,-0.0040054932478827965,-0.010989010989007397,-0.0146520146520146
199055529952700,0.5744664,ramp,-0.0040054932478827965,26.808432,2.0,-0.0040054932478827965,-0.010989010989007397,-0.0146520146520146
199055531033900,0.5755476,ramp,-0.0040054932478827965,26.858888,2.0,-0.0040054932478827965,-0.010989010989007397,-0.0146520146520146
199055531961000,0.5764747,ramp,-0.0040054932478827965,26.902152666666666,2.0,-0.0040054932478827965,-0.010989010989007397,-0.0146520146520146
199055532961200,0.5774749,ramp,-0.0040054932478827965,26.948828666666664,2.0,-0.0040054932478827965,-0.010989010989007397,-0.0146520146520146
199055534084100,0.5785978,ramp,-0.0040054932478827965,27.001230666666665,2.0,-0.0040054932478827965,-0.010989010989007397,-0.0146520146520146
199055535065600,0.5795793,ramp,-0.0040054932478827965,27.047034,2.0,-0.0040054932478827965,-0.010989010989007397,-0.0146520146520146
199055536069800,0.5805835,ramp,-0.0040054932478827965,27.09389666666667,2.0,-0.0040054932478827965,-0.010989010989007397,-0.0146520146520146
199055537159300,0.581673,ramp,-0.0040054932478827965,27.14474,2.0,-0.0040054932478827965,-0.010989010989007397,-0.0146520146520146
199055537735100,0.5822488,ramp,-0.0040054932478827965,27.171610666666666,2.0,-0.0040054932478827965,-0.010989010989007397,-0.0146520146520146
199055538737000,0.5832507,ramp,-0.0040054932478827965,27.218366,2.0,-0.0040054932478827965,-0.010989010989007397,-0.0146520146520146
199055539813200,0.5843269,ramp,-0.0040054932478827965,27.268588666666666,2.0,-0.0040054932478827965,-0.010989010989007397,-0.0146520146520146
199055540879500,0.5853932,ramp,-0.0040054932478827965,27.318349333333334,2.0,-0.0040054932478827965,-0.010989010989007397,-0.0146520146520146
199055541943300,0.586457,ramp,-0.0040054932478827965,27.367993333333335,2.0,-0.0040054932478827965,-0.010989010989007397,-0.0146520146520146
199055543004100,0.5875178,ramp,-0.0040054932478827965,27.417497333333333,2.0,-0.0040054932478827965,-0.010989010989007397,-0.0146520146520146
199055544102700,0.5886164,ramp,-0.0040054932478827965,27.468765333333334,2.0,-0.0040054932478827965,-0.010989010989007397,-0.0146520146520146
199055545239700,0.5897534,ramp,-0.0040054932478827965,27.521825333333332,2.0,-0.0040054932478827965,-0.010989010989007397,-0.0146520146520146
199055546054900,0.5905686,ramp,-0.0040054932478827965,27.559867999999998,2.0,-0.0040054932478827965,-0.010989010989007397,-0.0146520146520146
199055546947600,0.5914613,ramp,-0.0040054932478827965,27.601527333333333,2.0,-0.0040054932478827965,-0.010989010989007397,-0.0146520146520146
199055547952200,0.5924659,ramp,-0.0040054932478827965,27.648408666666665,2.0,-0.0040054932478827965,-0.010989010989007397,-0.0146520146520146
199055548983600,0.5934973,ramp,-0.0040054932478827965,27.696540666666667,2.0,-0.0040054932478827965,-0.010989010989007397,-0.0146520146520146
199055549961400,0.5944751,ramp,-0.0040054932478827965,27.74217133333333,2.0,-0.0040054932478827965,-0.010989010989007397,-0.0146520146520146
199055550962300,0.595476,ramp,-0.0040054932478827965,27.78888,2.0,-0.0040054932478827965,-0.010989010989007397,-0.0146520146520146
199055551964800,0.5964785,ramp,-0.0040054932478827965,27.835663333333333,2.0,-0.0040054932478827965,-0.010989010989007397,-0.0146520146520146
199055552987000,0.5975007,ramp,-0.0040054932478827965,27.883366,2.0,-0.0040054932478827965,-0.010989010989007397,-0.0146520146520146
199055553969700,0.5984834,ramp,-0.0040054932478827965,27.92922533333333,2.0,-0.0040054932478827965,-0.010989010989007397,-0.0146520146520146
199055554977800,0.5994915,ramp,-0.0040054932478827965,27.97627,2.0,-0.0040054932478827965,-0.010989010989007397,-0.0146520146520146
199055555980200,0.6004939,hold,-0.0040054932478827965,28.0,2.0,-0.0040054932478827965,-0.010989010989007397,-0.0146520146520146
199055556989200,0.6015029,hold,-0.0040054932478827965,28.0,2.0,-0.0040054932478827965,-0.010989010989007397,-0.0146520146520146
199055557996700,0.6025104,hold,-0.0040054932478827965,28.0,2.0,-0.0040054932478827965,-0.010989010989007397,-0.0146520146520146
199055559079200,0.6035929,hold,-0.0040054932478827965,28.0,2.0,-0.0040054932478827965,-0.010989010989007397,-0.0146520146520146
199055560087100,0.6046008,hold,-0.0040054932478827965,28.0,2.0,-0.0040054932478827965,-0.010989010989007397,-0.0146520146520146
199055561259000,0.6057727,hold,-0.0040054932478827965,28.0,2.0,-0.0040054932478827965,-0.010989010989007397,-0.0146520146520146
199055562100900,0.6066146,hold,-0.0040054932478827965,28.0,2.0,-0.0040054932478827965,-0.010989010989007397,-0.0146520146520146
199055562613100,0.6071268,hold,-0.0040054932478827965,28.0,2.0,-0.0040054932478827965,-0.010989010989007397,-0.0146520146520146
199055564269600,0.6087833,hold,-0.0040054932478827965,28.0,2.0,-0.0040054932478827965,-0.010989010989007397,-0.0146520146520146
199055564893800,0.6094075,hold,-0.0040054932478827965,28.0,2.0,-0.0040054932478827965,-0.010989010989007397,-0.0146520146520146
199055565896900,0.6104106,hold,-0.0040054932478827965,28.0,2.0,-0.0040054932478827965,-0.010989010989007397,-0.0146520146520146
199055566943000,0.6114567,hold,-0.0040054932478827965,28.0,2.0,-0.0040054932478827965,-0.010989010989007397,-0.0146520146520146
199055568027000,0.6125407,hold,-0.0040054932478827965,28.0,2.0,-0.0040054932478827965,-0.010989010989007397,-0.0146520146520146
199055569079300,0.613593,hold,-0.0040054932478827965,28.0,2.0,-0.0040054932478827965,-0.010989010989007397,-0.0146520146520146
199055569654900,0.6141686,hold,-0.0040054932478827965,28.0,2.0,-0.0040054932478827965,-0.010989010989007397,-0.0146520146520146
199055570653800,0.6151675,hold,-0.0040054932478827965,28.0,2.0,-0.0040054932478827965,-0.010989010989007397,-0.0146520146520146
199055571724900,0.6162386,hold,-0.0040054932478827965,28.0,2.0,-0.0040054932478827965,-0.010989010989007397,-0.0146520146520146
199055572728000,0.6172417,hold,-0.0040054932478827965,28.0,2.0,-0.0040054932478827965,-0.010989010989007397,-0.0146520146520146
199055573748900,0.6182626,hold,-0.0040054932478827965,28.0,2.0,-0.0040054932478827965,-0.010989010989007397,-0.0146520146520146
199055574813100,0.6193268,hold,-0.0040054932478827965,28.0,2.0,-0.0040054932478827965,-0.010989010989007397,-0.0146520146520146
199055575889200,0.6204029,hold,-0.0040054932478827965,28.0,2.0,-0.0040054932478827965,-0.010989010989007397,-0.0146520146520146
199055577021300,0.621535,hold,-0.0040054932478827965,28.0,2.0,-0.0040054932478827965,-0.010989010989007397,-0.0146520146520146
199055577950200,0.6224639,hold,-0.0040054932478827965,28.0,2.0,-0.0040054932478827965,-0.010989010989007397,-0.0146520146520146
199055578950300,0.623464,hold,-0.0040054932478827965,28.0,2.0,-0.0040054932478827965,-0.010989010989007397,-0.0146520146520146
199055580002500,0.6245162,hold,-0.0040054932478827965,28.0,2.0,-0.0040054932478827965,-0.010989010989007397,-0.0146520146520146
199055581057300,0.625571,hold,-0.0040054932478827965,28.0,2.0,-0.0040054932478827965,-0.010989010989007397,-0.0146520146520146
199055581632000,0.6261457,hold,-0.0040054932478827965,28.0,2.0,-0.0040054932478827965,-0.010989010989007397,-0.0146520146520146
199055582637900,0.6271516,hold,-0.0040054932478827965,28.0,2.0,-0.0040054932478827965,-0.010989010989007397,-0.0146520146520146
199055583755400,0.6282691,hold,-0.0040054932478827965,28.0,2.0,-0.0040054932478827965,-0.010989010989007397,-0.0146520146520146
199055584863200,0.6293769,hold,-0.0040054932478827965,28.0,2.0,-0.0040054932478827965,-0.010989010989007397,-0.0146520146520146
199055585871200,0.6303849,hold,-0.0040054932478827965,28.0,2.0,-0.0040054932478827965,-0.010989010989007397,-0.0146520146520146
199055586998800,0.6315125,hold,-0.0040054932478827965,28.0,2.0,-0.0040054932478827965,-0.010989010989007397,-0.0146520146520146
199055588518500,0.6330322,hold,-0.0040054932478827965,28.0,2.0,-0.0040054932478827965,-0.010989010989007397,-0.0146520146520146
199055588628000,0.6331417,hold,-0.0040054932478827965,28.0,2.0,-0.0040054932478827965,-0.010989010989007397,-0.0146520146520146
199055590268600,0.6347823,hold,-0.0040054932478827965,28.0,2.0,-0.0040054932478827965,-0.010989010989007397,-0.0146520146520146
199055590871000,0.6353847,hold,-0.0040054932478827965,28.0,2.0,-0.0040054932478827965,-0.010989010989007397,-0.0146520146520146
199055591956400,0.6364701,hold,-0.0040054932478827965,28.0,2.0,-0.0040054932478827965,-0.010989010989007397,-0.0146520146520146
199055592877700,0.6373914,hold,-0.0040054932478827965,28.0,2.0,-0.0040054932478827965,-0.010989010989007397,-0.0146520146520146
199055593882600,0.6383963,hold,-0.0040054932478827965,28.0,2.0,-0.0040054932478827965,-0.010989010989007397,-0.0146520146520146
199055594995200,0.6395089,hold,-0.0040054932478827965,28.0,2.0,-0.0040054932478827965,-0.010989010989007397,-0.0146520146520146
199055595999500,0.6405132,hold,-0.0040054932478827965,28.0,2.0,-0.0040054932478827965,-0.010989010989007397,-0.0146520146520146
199055597127200,0.6416409,hold,-0.0040054932478827965,28.0,2.0,-0.0040054932478827965,-0.010989010989007397,-0.0146520146520146
199055597734000,0.6422477,hold,-0.0040054932478827965,28.0,2.0,-0.0040054932478827965,-0.010989010989007397,-0.0146520146520146
199055598737100,0.6432508,hold,-0.0040054932478827965,28.0,2.0,-0.0040054932478827965,-0.010989010989007397,-0.0146520146520146
199055599809200,0.6443229,hold,-0.0040054932478827965,28.0,2.0,-0.0040054932478827965,-0.010989010989007397,-0.0146520146520146
199055600914700,0.6454284,hold,-0.0040054932478827965,28.0,2.0,-0.0040054932478827965,-0.010989010989007397,-0.0146520146520146
199055602016500,0.6465302,hold,-0.0040054932478827965,28.0,2.0,-0.0040054932478827965,-0.010989010989007397,-0.0146520146520146
199055603098500,0.6476122,hold,-0.0040054932478827965,28.0,2.0,-0.0040054932478827965,-0.010989010989007397,-0.0146520146520146
199055604102500,0.6486162,hold,-0.0040054932478827965,28.0,2.0,-0.0040054932478827965,-0.010989010989007397,-0.0146520146520146
199055605103200,0.6496169,hold,-0.0040054932478827965,28.0,2.0,-0.0040054932478827965,-0.010989010989007397,-0.0146520146520146
199055605717200,0.6502309,hold,-0.0040054932478827965,28.0,2.0,-0.0040054932478827965,-0.010989010989007397,-0.0146520146520146
199055606784100,0.6512978,hold,-0.0040054932478827965,28.0,2.0,-0.0040054932478827965,-0.010989010989007397,-0.0146520146520146
199055607939100,0.6524528,hold,-0.0040054932478827965,28.0,2.0,-0.0040054932478827965,-0.010989010989007397,-0.0146520146520146
199055608851900,0.6533656,hold,-0.0040054932478827965,28.0,2.0,-0.0040054932478827965,-0.010989010989007397,-0.0146520146520146
199055609859000,0.6543727,hold,-0.0040054932478827965,28.0,2.0,-0.0040054932478827965,-0.010989010989007397,-0.0146520146520146
199055610964200,0.6554779,hold,-0.0040054932478827965,28.0,2.0,-0.0040054932478827965,-0.010989010989007397,-0.0146520146520146
199055612063600,0.6565773,hold,-0.0040054932478827965,28.0,2.0,-0.0040054932478827965,-0.010989010989007397,-0.0146520146520146
199055612697100,0.6572108,hold,-0.0040054932478827965,28.0,2.0,-0.0040054932478827965,-0.010989010989007397,-0.0146520146520146
199055613705000,0.6582187,hold,-0.0040054932478827965,28.0,2.0,-0.0040054932478827965,-0.010989010989007397,-0.0146520146520146
199055614767700,0.6592814,hold,-0.0040054932478827965,28.0,2.0,-0.0040054932478827965,-0.010989010989007397,-0.0146520146520146
199055615845100,0.6603588,hold,-0.0040054932478827965,28.0,2.0,-0.0040054932478827965,-0.010989010989007397,-0.0146520146520146
199055616937100,0.6614508,hold,-0.0040054932478827965,28.0,2.0,-0.0040054932478827965,-0.010989010989007397,-0.0146520146520146
199055618003700,0.6625174,hold,-0.0040054932478827965,28.0,2.0,-0.0040054932478827965,-0.010989010989007397,-0.0146520146520146
199055619187500,0.6637012,hold,-0.0040054932478827965,28.0,2.0,-0.0040054932478827965,-0.010989010989007397,-0.0146520146520146
199055619753400,0.6642671,hold,-0.0040054932478827965,28.0,2.0,-0.0040054932478827965,-0.010989010989007397,-0.0146520146520146
199055620756800,0.6652705,hold,-0.0040054932478827965,28.0,2.0,-0.0040054932478827965,-0.010989010989007397,-0.0146520146520146
199055621831100,0.6663448,hold,-0.0040054932478827965,28.0,2.0,-0.0040054932478827965,-0.010989010989007397,-0.0146520146520146
199055622936700,0.6674504,hold,-0.0040054932478827965,28.0,2.0,-0.0040054932478827965,-0.010989010989007397,-0.0146520146520146
199055624225300,0.668739,hold,-0.0040054932478827965,28.0,2.0,-0.0040054932478827965,-0.010989010989007397,-0.0146520146520146
199055625072800,0.6695865,hold,-0.0040054932478827965,28.0,2.0,-0.0040054932478827965,-0.010989010989007397,-0.0146520146520146
199055626076400,0.6705901,hold,-0.0040054932478827965,28.0,2.0,-0.0040054932478827965,-0.010989010989007397,-0.0146520146520146
199055627080000,0.6715937,hold,-0.0040054932478827965,28.0,2.0,-0.0040054932478827965,-0.010989010989007397,-0.0146520146520146
199055628084600,0.6725983,hold,-0.0040054932478827965,28.0,2.0,-0.0040054932478827965,-0.010989010989007397,-0.0146520146520146
199055628583500,0.6730972,hold,-0.0040054932478827965,28.0,2.0,-0.0040054932478827965,-0.010989010989007397,-0.0146520146520146
199055629591300,0.674105,hold,-0.0040054932478827965,28.0,2.0,-0.0040054932478827965,-0.010989010989007397,-0.0146520146520146
199055631357300,0.675871,hold,-0.0040054932478827965,28.0,2.0,-0.0040054932478827965,-0.010989010989007397,-0.0146520146520146
199055632013500,0.6765272,hold,-0.0040054932478827965,28.0,2.0,-0.0040054932478827965,-0.010989010989007397,-0.0146520146520146
199055633015100,0.6775288,hold,-0.0040054932478827965,28.0,2.0,-0.0040054932478827965,-0.010989010989007397,-0.0146520146520146
199055634136000,0.6786497,hold,-0.0040054932478827965,28.0,2.0,-0.0040054932478827965,-0.010989010989007397,-0.0146520146520146
199055634728800,0.6792425,hold,-0.0040054932478827965,28.0,2.0,-0.0040054932478827965,-0.010989010989007397,-0.0146520146520146
199055635741000,0.6802547,hold,-0.0040054932478827965,28.0,2.0,-0.0040054932478827965,-0.010989010989007397,-0.0146520146520146
199055636744500,0.6812582,hold,-0.0040054932478827965,28.0,2.0,-0.0040054932478827965,-0.010989010989007397,-0.0146520146520146
199055637747800,0.6822615,hold,-0.0040054932478827965,28.0,2.0,-0.0040054932478827965,-0.010989010989007397,-0.0146520146520146
199055638776500,0.6832902,hold,-0.0040054932478827965,28.0,2.0,-0.0040054932478827965,-0.010989010989007397,-0.0146520146520146
199055639858200,0.6843719,hold,-0.0040054932478827965,28.0,2.0,-0.0040054932478827965,-0.010989010989007397,-0.0146520146520146
199055641084500,0.6855982,hold,-0.0040054932478827965,28.0,2.0,-0.0040054932478827965,-0.010989010989007397,-0.0146520146520146
199055642086300,0.6866,hold,-0.0040054932478827965,28.0,2.0,-0.0040054932478827965,-0.010989010989007397,-0.0146520146520146
199055642650100,0.6871638,hold,-0.0040054932478827965,28.0,2.0,-0.0040054932478827965,-0.010989010989007397,-0.0146520146520146
199055643652400,0.6881661,hold,-0.0040054932478827965,28.0,2.0,-0.0040054932478827965,-0.010989010989007397,-0.0146520146520146
199055644716100,0.6892298,hold,-0.0040054932478827965,28.0,2.0,-0.0040054932478827965,-0.010989010989007397,-0.0146520146520146
199055645798000,0.6903117,hold,-0.0040054932478827965,28.0,2.0,-0.0040054932478827965,-0.010989010989007397,-0.0146520146520146
199055646862900,0.6913766,hold,-0.0040054932478827965,28.0,2.0,-0.0040054932478827965,-0.010989010989007397,-0.0146520146520146
199055647938300,0.692452,hold,-0.0040054932478827965,28.0,2.0,-0.0040054932478827965,-0.010989010989007397,-0.0146520146520146
199055649038700,0.6935524,hold,-0.0040054932478827965,28.0,2.0,-0.0040054932478827965,-0.010989010989007397,-0.0146520146520146
199055650149100,0.6946628,hold,-0.0040054932478827965,28.0,2.0,-0.0040054932478827965,-0.010989010989007397,-0.0146520146520146
199055651090300,0.695604,hold,-0.0040054932478827965,28.0,2.0,-0.0040054932478827965,-0.010989010989007397,-0.0146520146520146
199055652092100,0.6966058,hold,-0.0040054932478827965,28.0,2.0,-0.0040054932478827965,-0.010989010989007397,-0.0146520146520146
199055652697900,0.6972116,hold,-0.0040054932478827965,28.0,2.0,-0.0040054932478827965,-0.010989010989007397,-0.0146520146520146
199055653700200,0.6982139,hold,-0.0040054932478827965,28.0,2.0,-0.0040054932478827965,-0.010989010989007397,-0.0146520146520146
199055654769000,0.6992827,hold,-0.0040054932478827965,28.0,2.0,-0.0040054932478827965,-0.010989010989007397,-0.0146520146520146
199055656008000,0.7005217,hold,-0.0040054932478827965,28.0,2.0,-0.0040054932478827965,-0.010989010989007397,-0.0146520146520146
199055657722200,0.7022359,hold,-0.0040054932478827965,28.0,2.0,-0.0040054932478827965,-0.010989010989007397,-0.0146520146520146
199055657846900,0.7023606,hold,-0.0040054932478827965,28.0,2.0,-0.0040054932478827965,-0.010989010989007397,-0.0146520146520146
199055658725700,0.7032394,hold,-0.0040054932478827965,28.0,2.0,-0.0040054932478827965,-0.010989010989007397,-0.0146520146520146
199055659858500,0.7043722,hold,-0.0040054932478827965,28.0,2.0,-0.0040054932478827965,-0.010989010989007397,-0.0146520146520146
199055660967100,0.7054808,hold,-0.0040054932478827965,28.0,2.0,-0.0040054932478827965,-0.010989010989007397,-0.0146520146520146
199055661947700,0.7064614,hold,-0.0040054932478827965,28.0,2.0,-0.0040054932478827965,-0.010989010989007397,-0.0146520146520146
199055662950100,0.7074638,hold,-0.0040054932478827965,28.0,2.0,-0.0040054932478827965,-0.010989010989007397,-0.0146520146520146
199055664027900,0.7085416,hold,-0.0040054932478827965,28.0,2.0,-0.0040054932478827965,-0.010989010989007397,-0.0146520146520146
199055665187000,0.7097007,hold,-0.0040054932478827965,28.0,2.0,-0.0040054932478827965,-0.010989010989007397,-0.0146520146520146
199055666145700,0.7106594,hold,-0.0040054932478827965,28.0,2.0,-0.0040054932478827965,-0.010989010989007397,-0.0146520146520146
199055666766600,0.7112803,hold,-0.0040054932478827965,28.0,2.0,-0.0040054932478827965,-0.010989010989007397,-0.0146520146520146
199055667770900,0.7122846,hold,-0.0040054932478827965,28.0,2.0,-0.0040054932478827965,-0.010989010989007397,-0.0146520146520146
199055668784200,0.7132979,hold,-0.0040054932478827965,28.0,2.0,-0.0040054932478827965,-0.010989010989007397,-0.0146520146520146
199055669777900,0.7142916,hold,-0.0040054932478827965,28.0,2.0,-0.0040054932478827965,-0.010989010989007397,-0.0146520146520146
199055670874100,0.7153878,hold,-0.0040054932478827965,28.0,2.0,-0.0040054932478827965,-0.010989010989007397,-0.0146520146520146
199055671879900,0.7163936,hold,-0.0040054932478827965,28.0,2.0,-0.0040054932478827965,-0.010989010989007397,-0.0146520146520146
199055672890500,0.7174042,hold,-0.0040054932478827965,28.0,2.0,-0.0040054932478827965,-0.010989010989007397,-0.0146520146520146
199055674096600,0.7186103,hold,-0.0040054932478827965,28.0,2.0,-0.0040054932478827965,-0.010989010989007397,-0.0146520146520146
199055675098100,0.7196118,hold,-0.0040054932478827965,28.0,2.0,-0.0040054932478827965,-0.010989010989007397,-0.0146520146520146
199055676109300,0.720623,hold,-0.0040054932478827965,28.0,2.0,-0.0040054932478827965,-0.010989010989007397,-0.0146520146520146
199055676729100,0.7212428,hold,-0.0040054932478827965,28.0,2.0,-0.0040054932478827965,-0.010989010989007397,-0.0146520146520146
199055677735300,0.722249,hold,-0.0040054932478827965,28.0,2.0,-0.0040054932478827965,-0.010989010989007397,-0.0146520146520146
199055678848400,0.7233621,hold,-0.0040054932478827965,28.0,2.0,-0.0040054932478827965,-0.010989010989007397,-0.0146520146520146
199055679940200,0.7244539,hold,-0.0040054932478827965,28.0,2.0,-0.0040054932478827965,-0.010989010989007397,-0.0146520146520146
199055681015600,0.7255293,hold,-0.0040054932478827965,28.0,2.0,-0.0040054932478827965,-0.010989010989007397,-0.0146520146520146
199055682165300,0.726679,hold,-0.0040054932478827965,28.0,2.0,-0.0040054932478827965,-0.010989010989007397,-0.0146520146520146
199055683389400,0.7279031,hold,-0.0040054932478827965,28.0,2.0,-0.0040054932478827965,-0.010989010989007397,-0.0146520146520146
199055684025800,0.7285395,hold,-0.0040054932478827965,28.0,2.0,-0.0040054932478827965,-0.010989010989007397,-0.0146520146520146
199055685026600,0.7295403,hold,-0.0040054932478827965,28.0,2.0,-0.0040054932478827965,-0.010989010989007397,-0.0146520146520146
199055686176100,0.7306898,hold,-0.0040054932478827965,28.0,2.0,-0.0040054932478827965,-0.010989010989007397,-0.0146520146520146
199055686599900,0.7311136,hold,-0.0040054932478827965,28.0,2.0,-0.0040054932478827965,-0.010989010989007397,-0.0146520146520146
199055687599800,0.7321135,hold,-0.0040054932478827965,28.0,2.0,-0.0040054932478827965,-0.010989010989007397,-0.0146520146520146
199055688785800,0.7332995,hold,-0.0040054932478827965,28.0,2.0,-0.0040054932478827965,-0.010989010989007397,-0.0146520146520146
199055689774600,0.7342883,hold,-0.0040054932478827965,28.0,2.0,-0.0040054932478827965,-0.010989010989007397,-0.0146520146520146
199055690777100,0.7352908,hold,-0.0040054932478827965,28.0,2.0,-0.0040054932478827965,-0.010989010989007397,-0.0146520146520146
199055691864400,0.7363781,hold,-0.0040054932478827965,28.0,2.0,-0.0040054932478827965,-0.010989010989007397,-0.0146520146520146
199055692939100,0.7374528,hold,-0.0040054932478827965,28.0,2.0,-0.0040054932478827965,-0.010989010989007397,-0.0146520146520146
199055694054100,0.7385678,hold,-0.0040054932478827965,28.0,2.0,-0.0040054932478827965,-0.010989010989007397,-0.0146520146520146
199055695183000,0.7396967,hold,-0.0040054932478827965,28.0,2.0,-0.0040054932478827965,-0.010989010989007397,-0.0146520146520146
199055695785600,0.7402993,hold,-0.0040054932478827965,28.0,2.0,-0.0040054932478827965,-0.010989010989007397,-0.0146520146520146
199055696789000,0.7413027,hold,-0.0040054932478827965,28.0,2.0,-0.0040054932478827965,-0.010989010989007397,-0.0146520146520146
199055697830000,0.7423437,hold,-0.0040054932478827965,28.0,2.0,-0.0040054932478827965,-0.010989010989007397,-0.0146520146520146
199055698919100,0.7434328,hold,-0.0040054932478827965,28.0,2.0,-0.0040054932478827965,-0.010989010989007397,-0.0146520146520146
199055699960900,0.7444746,hold,-0.0040054932478827965,28.0,2.0,-0.0040054932478827965,-0.010989010989007397,-0.0146520146520146
199055701034400,0.7455481,hold,-0.0040054932478827965,28.0,2.0,-0.0040054932478827965,-0.010989010989007397,-0.0146520146520146
199055702266400,0.7467801,hold,-0.0040054932478827965,28.0,2.0,-0.0040054932478827965,-0.010989010989007397,-0.0146520146520146
199055702863300,0.747377,hold,-0.0040054932478827965,28.0,2.0,-0.0040054932478827965,-0.010989010989007397,-0.0146520146520146
199055703866700,0.7483804,hold,-0.0040054932478827965,28.0,2.0,-0.0040054932478827965,-0.010989010989007397,-0.0146520146520146
199055704869800,0.7493835,hold,-0.0040054932478827965,28.0,2.0,-0.0040054932478827965,-0.010989010989007397,-0.0146520146520146
199055705871000,0.7503847,hold,-0.0040054932478827965,28.0,2.0,-0.0040054932478827965,-0.010989010989007397,-0.0146520146520146
199055706902700,0.7514164,hold,-0.0040054932478827965,28.0,2.0,-0.0040054932478827965,-0.010989010989007397,-0.0146520146520146
199055707876200,0.7523899,hold,-0.0040054932478827965,28.0,2.0,-0.0040054932478827965,-0.010989010989007397,-0.0146520146520146
199055708882200,0.7533959,hold,-0.0040054932478827965,28.0,2.0,-0.0040054932478827965,-0.010989010989007397,-0.0146520146520146
199055709887600,0.7544013,hold,-0.0040054932478827965,28.0,2.0,-0.0040054932478827965,-0.010989010989007397,-0.0146520146520146
199055710888900,0.7554026,hold,-0.0040054932478827965,28.0,2.0,-0.0040054932478827965,-0.010989010989007397,-0.0146520146520146
199055711889700,0.7564034,hold,-0.0040054932478827965,28.0,2.0,-0.0040054932478827965,-0.010989010989007397,-0.0146520146520146
199055712941100,0.7574548,hold,-0.0040054932478827965,28.0,2.0,-0.0040054932478827965,-0.010989010989007397,-0.0146520146520146
199055713947400,0.7584611,hold,-0.0040054932478827965,28.0,2.0,-0.0040054932478827965,-0.010989010989007397,-0.0146520146520146
199055714949700,0.7594634,hold,-0.0040054932478827965,28.0,2.0,-0.0040054932478827965,-0.010989010989007397,-0.0146520146520146
199055716035800,0.7605495,hold,-0.0040054932478827965,28.0,2.0,-0.0040054932478827965,-0.010989010989007397,-0.0146520146520146
199055717110800,0.7616245,hold,-0.0040054932478827965,28.0,2.0,-0.0040054932478827965,-0.010989010989007397,-0.0146520146520146
199055717862000,0.7623757,hold,-0.0040054932478827965,28.0,2.0,-0.0040054932478827965,-0.010989010989007397,-0.0146520146520146
199055718720900,0.7632346,hold,-0.0040054932478827965,28.0,2.0,-0.0040054932478827965,-0.010989010989007397,-0.0146520146520146
199055719799400,0.7643131,hold,-0.0040054932478827965,28.0,2.0,-0.0040054932478827965,-0.010989010989007397,-0.0146520146520146
199055720851600,0.7653653,hold,-0.0040054932478827965,28.0,2.0,-0.0040054932478827965,-0.010989010989007397,-0.0146520146520146
199055721920000,0.7664337,hold,-0.0040054932478827965,28.0,2.0,-0.0040054932478827965,-0.010989010989007397,-0.0146520146520146
199055722980800,0.7674945,hold,-0.0040054932478827965,28.0,2.0,-0.0040054932478827965,-0.010989010989007397,-0.0146520146520146
199055724127000,0.7686407,hold,-0.0040054932478827965,28.0,2.0,-0.0040054932478827965,-0.010989010989007397,-0.0146520146520146
199055725210600,0.7697243,hold,-0.0040054932478827965,28.0,2.0,-0.0040054932478827965,-0.010989010989007397,-0.0146520146520146
199055726087700,0.7706014,hold,-0.0040054932478827965,28.0,2.0,-0.0040054932478827965,-0.010989010989007397,-0.0146520146520146
199055726685100,0.7711988,hold,-0.0040054932478827965,28.0,2.0,-0.0040054932478827965,-0.010989010989007397,-0.0146520146520146
199055727696900,0.7722106,hold,-0.0040054932478827965,28.0,2.0,-0.0040054932478827965,-0.010989010989007397,-0.0146520146520146
199055728948600,0.7734623,hold,-0.0040054932478827965,28.0,2.0,-0.0040054932478827965,-0.010989010989007397,-0.0146520146520146
199055729951400,0.7744651,hold,-0.0040054932478827965,28.0,2.0,-0.0040054932478827965,-0.010989010989007397,-0.0146520146520146
199055731049500,0.7755632,hold,-0.0040054932478827965,28.0,2.0,-0.0040054932478827965,-0.010989010989007397,-0.0146520146520146
199055732153400,0.7766671,hold,-0.0040054932478827965,28.0,2.0,-0.0040054932478827965,-0.010989010989007397,-0.0146520146520146
199055732791300,0.777305,hold,-0.0040054932478827965,28.0,2.0,-0.0040054932478827965,-0.010989010989007397,-0.0146520146520146
199055734116700,0.7786304,hold,-0.0040054932478827965,28.0,2.0,-0.0040054932478827965,-0.010989010989007397,-0.0146520146520146
199055737765600,0.7822793,hold,-0.0040054932478827965,28.0,2.0,-0.0040054932478827965,-0.010989010989007397,-0.0146520146520146
199055737937400,0.7824511,hold,-0.0040054932478827965,28.0,2.0,-0.0040054932478827965,-0.010989010989007397,-0.0146520146520146
199055738073600,0.7825873,hold,-0.0040054932478827965,28.0,2.0,-0.0040054932478827965,-0.010989010989007397,-0.0146520146520146
199055738239400,0.7827531,hold,-0.0040054932478827965,28.0,2.0,-0.0040054932478827965,-0.010989010989007397,-0.0146520146520146
199055738832600,0.7833463,hold,-0.0040054932478827965,28.0,2.0,-0.0040054932478827965,-0.010989010989007397,-0.0146520146520146
199055739848300,0.784362,hold,-0.0040054932478827965,28.0,2.0,-0.0040054932478827965,-0.010989010989007397,-0.0146520146520146
199055740844700,0.7853584,hold,-0.0040054932478827965,28.0,2.0,-0.0040054932478827965,-0.010989010989007397,-0.0146520146520146
199055741849000,0.7863627,hold,-0.0040054932478827965,28.0,2.0,-0.0040054932478827965,-0.010989010989007397,-0.0146520146520146
199055742852400,0.7873661,hold,-0.0040054932478827965,28.0,2.0,-0.0040054932478827965,-0.010989010989007397,-0.0146520146520146
199055743875000,0.7883887,hold,-0.0040054932478827965,28.0,2.0,-0.0040054932478827965,-0.010989010989007397,-0.0146520146520146
199055744861700,0.7893754,hold,-0.0040054932478827965,28.0,2.0,-0.0040054932478827965,-0.010989010989007397,-0.0146520146520146
199055745913600,0.7904273,hold,-0.0040054932478827965,28.0,2.0,-0.0040054932478827965,-0.010989010989007397,-0.0146520146520146
199055746873400,0.7913871,hold,-0.0040054932478827965,28.0,2.0,-0.0040054932478827965,-0.010989010989007397,-0.0146520146520146
199055747878000,0.7923917,hold,-0.0040054932478827965,28.0,2.0,-0.0040054932478827965,-0.010989010989007397,-0.0146520146520146
199055749591500,0.7941052,hold,-0.0040054932478827965,28.0,2.0,-0.0040054932478827965,-0.010989010989007397,-0.0146520146520146
199055749894700,0.7944084,hold,-0.0040054932478827965,28.0,2.0,-0.0040054932478827965,-0.0329670329670364,-0.0146520146520146
199055751082300,0.795596,hold,-0.0040054932478827965,28.0,2.0,-0.0040054932478827965,-0.010989010989007397,-0.0146520146520146
199055752085900,0.7965996,hold,-0.0040054932478827965,28.0,2.0,-0.0040054932478827965,-0.010989010989007397,-0.0146520146520146
199055753097400,0.7976111,hold,-0.0040054932478827965,28.0,2.0,-0.0040054932478827965,-0.010989010989007397,-0.0146520146520146
199055754102700,0.7986164,hold,-0.0040054932478827965,28.0,2.0,-0.0040054932478827965,-0.010989010989007397,-0.0146520146520146
199055755104000,0.7996177,hold,-0.0040054932478827965,28.0,2.0,-0.0040054932478827965,-0.010989010989007397,-0.0146520146520146
199055755741600,0.8002553,hold,-0.0040054932478827965,28.0,2.0,-0.0040054932478827965,-0.010989010989007397,-0.0146520146520146
199055756785600,0.8012993,hold,-0.0040054932478827965,28.0,2.0,-0.0040054932478827965,-0.010989010989007397,-0.0146520146520146
199055757737300,0.802251,hold,-0.0040054932478827965,28.0,2.0,-0.0040054932478827965,-0.010989010989007397,-0.0146520146520146
199055758738000,0.8032517,hold,-0.0040054932478827965,28.0,2.0,-0.0040054932478827965,-0.010989010989007397,-0.0146520146520146
199055759810800,0.8043245,hold,-0.0040054932478827965,28.0,2.0,-0.0040054932478827965,-0.010989010989007397,-0.0146520146520146
199055760816000,0.8053297,hold,-0.0040054932478827965,28.0,2.0,-0.0040054932478827965,-0.010989010989007397,-0.0146520146520146
199055761818000,0.8063317,hold,-0.0040054932478827965,28.0,2.0,-0.0040054932478827965,-0.010989010989007397,-0.0146520146520146
199055762846200,0.8073599,hold,-0.0040054932478827965,28.0,2.0,-0.0040054932478827965,-0.010989010989007397,-0.0146520146520146
199055763835600,0.8083493,hold,-0.0040054932478827965,28.0,2.0,-0.0040054932478827965,-0.010989010989007397,-0.0146520146520146
199055764925500,0.8094392,hold,-0.0040054932478827965,28.0,2.0,-0.0040054932478827965,-0.010989010989007397,-0.0146520146520146
199055765933200,0.8104469,hold,-0.0040054932478827965,28.0,2.0,-0.0040054932478827965,-0.010989010989007397,-0.0146520146520146
199055766934600,0.8114483,hold,-0.0040054932478827965,28.0,2.0,-0.0040054932478827965,-0.010989010989007397,-0.0146520146520146
199055767938100,0.8124518,hold,-0.0040054932478827965,28.0,2.0,-0.0040054932478827965,-0.010989010989007397,-0.0146520146520146
199055768941000,0.8134547,hold,-0.0040054932478827965,28.0,2.0,-0.0040054932478827965,-0.010989010989007397,-0.0146520146520146
199055769947000,0.8144607,hold,-0.0040054932478827965,28.0,2.0,-0.0040054932478827965,-0.010989010989007397,-0.0146520146520146
199055770947600,0.8154613,hold,-0.0040054932478827965,28.0,2.0,-0.0040054932478827965,-0.010989010989007397,-0.0146520146520146
199055771949800,0.8164635,hold,-0.0040054932478827965,28.0,2.0,-0.0040054932478827965,-0.010989010989007397,-0.0146520146520146
199055772949400,0.8174631,hold,-0.0040054932478827965,28.0,2.0,-0.0040054932478827965,-0.010989010989007397,-0.0146520146520146
199055773951300,0.818465,hold,-0.0040054932478827965,28.0,2.0,-0.0040054932478827965,-0.010989010989007397,-0.0146520146520146
199055774954100,0.8194678,hold,-0.0040054932478827965,28.0,2.0,-0.0040054932478827965,-0.010989010989007397,-0.0146520146520146
199055775962900,0.8204766,hold,-0.0040054932478827965,28.0,2.0,-0.0040054932478827965,-0.010989010989007397,-0.0146520146520146
199055776969200,0.8214829,hold,-0.0040054932478827965,28.0,2.0,-0.0040054932478827965,-0.010989010989007397,-0.0146520146520146
199055778407800,0.8229215,hold,-0.0040054932478827965,28.0,2.0,-0.0040054932478827965,-0.010989010989007397,-0.0146520146520146
199055779080000,0.8235937,hold,-0.0040054932478827965,28.0,2.0,-0.0040054932478827965,-0.010989010989007397,-0.0146520146520146
199055780165700,0.8246794,hold,-0.0040054932478827965,28.0,2.0,-0.0040054932478827965,-0.010989010989007397,-0.0146520146520146
199055781331900,0.8258456,hold,-0.0040054932478827965,28.0,2.0,-0.0040054932478827965,-0.010989010989007397,-0.0146520146520146
199055781976600,0.8264903,hold,-0.0040054932478827965,28.0,2.0,-0.0040054932478827965,-0.010989010989007397,-0.0146520146520146
199055782977800,0.8274915,hold,-0.0040054932478827965,28.0,2.0,-0.0040054932478827965,-0.010989010989007397,-0.0146520146520146
199055784379600,0.8288933,hold,-0.0040054932478827965,28.0,2.0,-0.0040054932478827965,-0.010989010989007397,-0.0146520146520146
199055785093900,0.8296076,hold,-0.0040054932478827965,28.0,2.0,-0.0040054932478827965,-0.010989010989007397,-0.0146520146520146
199055786093400,0.8306071,hold,-0.0040054932478827965,28.0,2.0,-0.0040054932478827965,-0.010989010989007397,-0.0146520146520146
199055787097800,0.8316115,hold,-0.0040054932478827965,28.0,2.0,-0.0040054932478827965,-0.010989010989007397,-0.0146520146520146
199055788122700,0.8326364,hold,-0.0040054932478827965,28.0,2.0,-0.0040054932478827965,-0.010989010989007397,-0.0146520146520146
199055789103300,0.833617,hold,-0.0040054932478827965,28.0,2.0,-0.0040054932478827965,-0.010989010989007397,-0.0146520146520146
199055789726600,0.8342403,hold,-0.0040054932478827965,28.0,2.0,-0.0040054932478827965,-0.010989010989007397,-0.0146520146520146
199055790729100,0.8352428,hold,-0.0040054932478827965,28.0,2.0,-0.0040054932478827965,-0.010989010989007397,-0.0146520146520146
199055791732000,0.8362457,hold,-0.0040054932478827965,28.0,2.0,-0.0040054932478827965,-0.010989010989007397,-0.0146520146520146
199055792737200,0.8372509,hold,-0.0040054932478827965,28.0,2.0,-0.0040054932478827965,-0.010989010989007397,-0.0146520146520146
199055793832000,0.8383457,hold,-0.0040054932478827965,28.0,2.0,-0.0040054932478827965,-0.010989010989007397,-0.0146520146520146
199055794875000,0.8393887,hold,-0.0040054932478827965,28.0,2.0,-0.0040054932478827965,-0.010989010989007397,-0.0146520146520146
199055795905100,0.8404188,hold,-0.0040054932478827965,28.0,2.0,-0.0040054932478827965,-0.010989010989007397,-0.0146520146520146
199055796990200,0.8415039,hold,-0.0040054932478827965,28.0,2.0,-0.0040054932478827965,-0.010989010989007397,-0.0146520146520146
199055798069800,0.8425835,hold,-0.0040054932478827965,28.0,2.0,-0.0040054932478827965,-0.010989010989007397,-0.0146520146520146
199055799066000,0.8435797,hold,-0.0040054932478827965,28.0,2.0,-0.0040054932478827965,-0.010989010989007397,-0.0146520146520146
199055800072700,0.8445864,hold,-0.0040054932478827965,28.0,2.0,-0.0040054932478827965,-0.010989010989007397,-0.0146520146520146
199055801216900,0.8457306,hold,-0.0040054932478827965,28.0,2.0,-0.0040054932478827965,-0.010989010989007397,-0.0146520146520146
199055801866500,0.8463802,hold,-0.0040054932478827965,28.0,2.0,-0.0040054932478827965,-0.010989010989007397,-0.0146520146520146
199055802866100,0.8473798,hold,-0.0040054932478827965,28.0,2.0,-0.0040054932478827965,-0.010989010989007397,-0.0146520146520146
199055803870800,0.8483845,hold,-0.0040054932478827965,28.0,2.0,-0.0040054932478827965,-0.010989010989007397,-0.0146520146520146
199055804880200,0.8493939,hold,-0.0040054932478827965,28.0,2.0,-0.0040054932478827965,-0.010989010989007397,-0.0146520146520146
199055805882800,0.8503965,hold,-0.0040054932478827965,28.0,2.0,-0.0040054932478827965,-0.010989010989007397,-0.0146520146520146
199055806886100,0.8513998,hold,-0.0040054932478827965,28.0,2.0,-0.0040054932478827965,-0.010989010989007397,-0.0146520146520146
199055807896400,0.8524101,hold,-0.0040054932478827965,28.0,2.0,-0.0040054932478827965,-0.010989010989007397,-0.0146520146520146
199055808905000,0.8534187,hold,-0.0040054932478827965,28.0,2.0,-0.0040054932478827965,-0.010989010989007397,-0.0146520146520146
199055809902500,0.8544162,hold,-0.0040054932478827965,28.0,2.0,-0.0040054932478827965,-0.010989010989007397,-0.0146520146520146
199055810902600,0.8554163,hold,-0.0040054932478827965,28.0,2.0,-0.0040054932478827965,-0.010989010989007397,-0.0146520146520146
199055812154600,0.8566683,hold,-0.0040054932478827965,28.0,2.0,-0.0040054932478827965,-0.010989010989007397,-0.0146520146520146
199055813048200,0.8575619,hold,-0.0040054932478827965,28.0,2.0,-0.0040054932478827965,-0.010989010989007397,-0.0146520146520146
199055814192300,0.858706,hold,-0.0040054932478827965,28.0,2.0,-0.0040054932478827965,-0.010989010989007397,-0.0146520146520146
199055814836700,0.8593504,hold,-0.0040054932478827965,28.0,2.0,-0.0040054932478827965,-0.010989010989007397,-0.0146520146520146
199055815837200,0.8603509,hold,-0.0040054932478827965,28.0,2.0,-0.0040054932478827965,-0.010989010989007397,-0.0146520146520146
199055817271300,0.861785,hold,-0.0040054932478827965,28.0,2.0,-0.0040054932478827965,-0.010989010989007397,-0.0146520146520146
199055817872800,0.8623865,hold,-0.0040054932478827965,28.0,2.0,-0.0040054932478827965,-0.010989010989007397,-0.0146520146520146
199055818876900,0.8633906,hold,-0.0040054932478827965,28.0,2.0,-0.0040054932478827965,-0.010989010989007397,-0.0146520146520146
199055820344200,0.8648579,hold,-0.0040054932478827965,28.0,2.0,-0.0040054932478827965,-0.010989010989007397,-0.0146520146520146
199055820974300,0.865488,hold,-0.0040054932478827965,28.0,2.0,-0.0040054932478827965,-0.010989010989007397,-0.0146520146520146
199055821983500,0.8664972,hold,-0.0040054932478827965,28.0,2.0,-0.0040054932478827965,-0.010989010989007397,-0.0146520146520146
199055822987500,0.8675012,hold,-0.0040054932478827965,28.0,2.0,-0.0040054932478827965,-0.010989010989007397,-0.0146520146520146
199055824009300,0.868523,hold,-0.0040054932478827965,28.0,2.0,-0.0040054932478827965,-0.010989010989007397,-0.0146520146520146
199055824990500,0.8695042,hold,-0.0040054932478827965,28.0,2.0,-0.0040054932478827965,-0.010989010989007397,-0.0146520146520146
199055825993100,0.8705068,hold,-0.0040054932478827965,28.0,2.0,-0.0040054932478827965,-0.010989010989007397,-0.0146520146520146
199055827014500,0.8715282,hold,-0.0040054932478827965,28.0,2.0,-0.0040054932478827965,-0.010989010989007397,-0.0146520146520146
199055828069600,0.8725833,hold,-0.0040054932478827965,28.0,2.0,-0.0040054932478827965,-0.010989010989007397,-0.0146520146520146
199055829003100,0.8735168,hold,-0.0040054932478827965,28.0,2.0,-0.0040054932478827965,-0.010989010989007397,-0.0146520146520146
199055830004800,0.8745185,hold,-0.0040054932478827965,28.0,2.0,-0.0040054932478827965,-0.010989010989007397,-0.0146520146520146
199055831006000,0.8755197,hold,-0.0040054932478827965,28.0,2.0,-0.0040054932478827965,-0.010989010989007397,-0.0146520146520146
199055832008300,0.876522,hold,-0.0040054932478827965,28.0,2.0,-0.0040054932478827965,-0.010989010989007397,-0.0146520146520146
199055833017300,0.877531,hold,-0.0040054932478827965,28.0,2.0,-0.0040054932478827965,-0.010989010989007397,-0.0146520146520146
199055834021300,0.878535,hold,-0.0040054932478827965,28.0,2.0,-0.0040054932478827965,-0.010989010989007397,-0.0146520146520146
199055835430200,0.8799439,hold,-0.0040054932478827965,28.0,2.0,-0.0040054932478827965,-0.010989010989007397,-0.0146520146520146
199055836092000,0.8806057,hold,-0.0040054932478827965,28.0,2.0,-0.0040054932478827965,-0.010989010989007397,-0.0146520146520146
199055837053100,0.8815668,hold,-0.0040054932478827965,28.0,2.0,-0.0040054932478827965,-0.010989010989007397,-0.0146520146520146
199055838056700,0.8825704,hold,-0.0040054932478827965,28.0,2.0,-0.0040054932478827965,-0.010989010989007397,-0.0146520146520146
199055839110100,0.8836238,hold,-0.0040054932478827965,28.0,2.0,-0.0040054932478827965,-0.010989010989007397,-0.0146520146520146
199055840069600,0.8845833,hold,-0.0040054932478827965,28.0,2.0,-0.0040054932478827965,-0.010989010989007397,-0.0146520146520146
199055840653600,0.8851673,hold,-0.0040054932478827965,28.0,2.0,-0.0040054932478827965,-0.010989010989007397,-0.0146520146520146
199055841658800,0.8861725,hold,-0.0040054932478827965,28.0,2.0,-0.0040054932478827965,-0.010989010989007397,-0.0146520146520146
199055842663600,0.8871773,hold,-0.0040054932478827965,28.0,2.0,-0.0040054932478827965,-0.010989010989007397,-0.0146520146520146
199055843768900,0.8882826,hold,-0.0040054932478827965,28.0,2.0,-0.0040054932478827965,-0.010989010989007397,-0.0146520146520146
199055845265100,0.8897788,hold,-0.0040054932478827965,28.0,2.0,-0.0040054932478827965,-0.010989010989007397,-0.0146520146520146
199055846009900,0.8905236,hold,-0.0040054932478827965,28.0,2.0,-0.0040054932478827965,-0.010989010989007397,-0.0146520146520146
199055847015100,0.8915288,hold,-0.0040054932478827965,28.0,2.0,-0.0040054932478827965,-0.010989010989007397,-0.0146520146520146
199055848150200,0.8926639,hold,-0.0040054932478827965,28.0,2.0,-0.0040054932478827965,-0.010989010989007397,-0.0146520146520146
199055848741800,0.8932555,hold,-0.0040054932478827965,28.0,2.0,-0.0040054932478827965,-0.010989010989007397,-0.0146520146520146
199055849750500,0.8942642,hold,-0.0040054932478827965,28.0,2.0,-0.0040054932478827965,-0.010989010989007397,-0.0146520146520146
199055851027900,0.8955416,hold,-0.0040054932478827965,28.0,2.0,-0.0040054932478827965,-0.010989010989007397,-0.0146520146520146
199055851657500,0.8961712,hold,-0.0040054932478827965,28.0,2.0,-0.0040054932478827965,-0.010989010989007397,-0.0146520146520146
199055852662400,0.8971761,hold,-0.0040054932478827965,28.0,2.0,-0.0040054932478827965,-0.010989010989007397,-0.0146520146520146
199055853665900,0.8981796,hold,-0.0040054932478827965,28.0,2.0,-0.0040054932478827965,-0.010989010989007397,-0.0146520146520146
199055854670400,0.8991841,hold,-0.0040054932478827965,28.0,2.0,-0.0040054932478827965,-0.010989010989007397,-0.0146520146520146
199055855737900,0.9002516,hold,-0.0040054932478827965,28.0,2.0,-0.0040054932478827965,-0.010989010989007397,-0.0146520146520146
199055856944000,0.9014577,hold,-0.0040054932478827965,28.0,2.0,-0.0040054932478827965,-0.010989010989007397,-0.0146520146520146
199055857949900,0.9024636,hold,-0.0040054932478827965,28.0,2.0,-0.0040054932478827965,-0.010989010989007397,-0.0146520146520146
199055859208200,0.9037219,hold,-0.0040054932478827965,28.0,2.0,-0.0040054932478827965,-0.010989010989007397,-0.0146520146520146
199055859862200,0.9043759,hold,-0.0040054932478827965,28.0,2.0,-0.004386968795300206,-0.0329670329670364,-0.0146520146520146
199055860856800,0.9053705,hold,-0.0040054932478827965,28.0,2.0,-0.0040054932478827965,-0.010989010989007397,-0.0146520146520146
199055861864400,0.9063781,hold,-0.0040054932478827965,28.0,2.0,-0.0040054932478827965,-0.010989010989007397,-0.0146520146520146
199055862861100,0.9073748,hold,-0.0040054932478827965,28.0,2.0,-0.0040054932478827965,-0.010989010989007397,-0.0146520146520146
199055863961900,0.9084756,hold,-0.0040054932478827965,28.0,2.0,-0.0040054932478827965,-0.010989010989007397,-0.0146520146520146
199055865464900,0.9099786,hold,-0.0040054932478827965,28.0,2.0,-0.0040054932478827965,-0.010989010989007397,-0.0146520146520146
199055866130300,0.910644,hold,-0.0040054932478827965,28.0,2.0,-0.0040054932478827965,-0.010989010989007397,-0.0146520146520146
199055866746600,0.9112603,hold,-0.0040054932478827965,28.0,2.0,-0.0040054932478827965,-0.010989010989007397,-0.0146520146520146
199055867774500,0.9122882,hold,-0.0040054932478827965,28.0,2.0,-0.0040054932478827965,-0.010989010989007397,-0.0146520146520146
199055868763700,0.9132774,hold,-0.0040054932478827965,28.0,2.0,-0.0040054932478827965,-0.010989010989007397,-0.0146520146520146
199055869766100,0.9142798,hold,-0.0040054932478827965,28.0,2.0,-0.0040054932478827965,-0.010989010989007397,-0.0146520146520146
199055870769700,0.9152834,hold,-0.0040054932478827965,28.0,2.0,-0.0040054932478827965,-0.010989010989007397,-0.0146520146520146
199055871794300,0.916308,hold,-0.0040054932478827965,28.0,2.0,-0.0040054932478827965,-0.010989010989007397,-0.0146520146520146
199055872779400,0.9172931,hold,-0.0040054932478827965,28.0,2.0,-0.0040054932478827965,-0.010989010989007397,-0.0146520146520146
199055873811400,0.9183251,hold,-0.0040054932478827965,28.0,2.0,-0.0040054932478827965,-0.010989010989007397,-0.0146520146520146
199055875363700,0.9198774,hold,-0.0040054932478827965,28.0,2.0,-0.0040054932478827965,-0.010989010989007397,-0.0146520146520146
199055876014100,0.9205278,hold,-0.0040054932478827965,28.0,2.0,-0.0040054932478827965,-0.010989010989007397,-0.0146520146520146
199055877019800,0.9215335,hold,-0.0040054932478827965,28.0,2.0,-0.0040054932478827965,-0.010989010989007397,-0.0146520146520146
199055878026800,0.9225405,hold,-0.0040054932478827965,28.0,2.0,-0.0040054932478827965,-0.010989010989007397,-0.0146520146520146
199055879034200,0.9235479,hold,-0.0040054932478827965,28.0,2.0,-0.0040054932478827965,-0.010989010989007397,-0.0146520146520146
199055880037900,0.9245516,hold,-0.0040054932478827965,28.0,2.0,-0.0040054932478827965,-0.010989010989007397,-0.0146520146520146
199055881043600,0.9255573,hold,-0.0040054932478827965,28.0,2.0,-0.0040054932478827965,-0.010989010989007397,-0.0146520146520146
199055882092700,0.9266064,hold,-0.0040054932478827965,28.0,2.0,-0.0040054932478827965,-0.010989010989007397,-0.0146520146520146
199055883053400,0.9275671,hold,-0.0040054932478827965,28.0,2.0,-0.0040054932478827965,-0.010989010989007397,-0.0146520146520146
199055884060900,0.9285746,hold,-0.0040054932478827965,28.0,2.0,-0.0040054932478827965,-0.010989010989007397,-0.0146520146520146
199055885065800,0.9295795,hold,-0.0040054932478827965,28.0,2.0,-0.0040054932478827965,-0.010989010989007397,-0.0146520146520146
199055886073200,0.9305869,hold,-0.0040054932478827965,28.0,2.0,-0.0040054932478827965,-0.010989010989007397,-0.0146520146520146
199055887077200,0.9315909,hold,-0.0040054932478827965,28.0,2.0,-0.0040054932478827965,-0.010989010989007397,-0.0146520146520146
199055887578300,0.932092,hold,-0.0040054932478827965,28.0,2.0,-0.0040054932478827965,-0.010989010989007397,-0.0146520146520146
199055888581500,0.9330952,hold,-0.0040054932478827965,28.0,2.0,-0.0040054932478827965,-0.010989010989007397,-0.0146520146520146
199055890107800,0.9346215,hold,-0.0040054932478827965,28.0,2.0,-0.0040054932478827965,-0.010989010989007397,-0.0146520146520146
199055891169900,0.9356836,hold,-0.0040054932478827965,28.0,2.0,-0.0040054932478827965,-0.010989010989007397,-0.0146520146520146
199055891594400,0.9361081,hold,-0.0040054932478827965,28.0,2.0,-0.0040054932478827965,-0.010989010989007397,-0.0146520146520146
199055893213800,0.9377275,hold,-0.0040054932478827965,28.0,2.0,-0.0040054932478827965,-0.010989010989007397,-0.0146520146520146
199055893850200,0.9383639,hold,-0.0040054932478827965,28.0,2.0,-0.0040054932478827965,-0.010989010989007397,-0.0146520146520146
199055894885400,0.9393991,hold,-0.0040054932478827965,28.0,2.0,-0.0040054932478827965,-0.010989010989007397,-0.0146520146520146
199055895868300,0.940382,hold,-0.0040054932478827965,28.0,2.0,-0.0040054932478827965,-0.010989010989007397,-0.0146520146520146
199055896886200,0.9413999,hold,-0.0040054932478827965,28.0,2.0,-0.0040054932478827965,-0.010989010989007397,-0.0146520146520146
199055897899000,0.9424127,hold,-0.0040054932478827965,28.0,2.0,-0.0040054932478827965,-0.010989010989007397,-0.0146520146520146
199055898912100,0.9434258,hold,-0.0040054932478827965,28.0,2.0,-0.0040054932478827965,-0.010989010989007397,-0.0146520146520146
199055899888100,0.9444018,hold,-0.0040054932478827965,28.0,2.0,-0.0040054932478827965,-0.010989010989007397,-0.0146520146520146
199055900917600,0.9454313,hold,-0.0040054932478827965,28.0,2.0,-0.0040054932478827965,-0.010989010989007397,-0.0146520146520146
199055902261500,0.9467752,hold,-0.0040054932478827965,28.0,2.0,-0.0040054932478827965,-0.010989010989007397,-0.0146520146520146
199055902881600,0.9473953,hold,-0.0040054932478827965,28.0,2.0,-0.0040054932478827965,-0.010989010989007397,-0.0146520146520146
199055903890900,0.9484046,hold,-0.0040054932478827965,28.0,2.0,-0.0040054932478827965,-0.010989010989007397,-0.0146520146520146
199055904893900,0.9494076,hold,-0.0040054932478827965,28.0,2.0,-0.0040054932478827965,-0.010989010989007397,-0.0146520146520146
199055905909000,0.9504227,hold,-0.0040054932478827965,28.0,2.0,-0.0040054932478827965,-0.010989010989007397,-0.0146520146520146
199055906907000,0.9514207,hold,-0.0040054932478827965,28.0,2.0,-0.0040054932478827965,-0.010989010989007397,-0.0146520146520146
199055907911400,0.9524251,hold,-0.0040054932478827965,28.0,2.0,-0.0040054932478827965,-0.010989010989007397,-0.0146520146520146
199055908917000,0.9534307,hold,-0.0040054932478827965,28.0,2.0,-0.0040054932478827965,-0.010989010989007397,-0.0146520146520146
199055909921300,0.954435,hold,-0.0040054932478827965,28.0,2.0,-0.0040054932478827965,-0.010989010989007397,-0.0146520146520146
199055910923900,0.9554376,hold,-0.0040054932478827965,28.0,2.0,-0.0040054932478827965,-0.010989010989007397,-0.0146520146520146
199055911922900,0.9564366,hold,-0.0040054932478827965,28.0,2.0,-0.0040054932478827965,-0.010989010989007397,-0.0146520146520146
199055912946600,0.9574603,hold,-0.0040054932478827965,28.0,2.0,-0.0040054932478827965,-0.010989010989007397,-0.0146520146520146
199055913929100,0.9584428,hold,-0.0040054932478827965,28.0,2.0,-0.0040054932478827965,-0.010989010989007397,-0.0146520146520146
199055914935600,0.9594493,hold,-0.0040054932478827965,28.0,2.0,-0.0040054932478827965,-0.010989010989007397,-0.0146520146520146
199055915940300,0.960454,hold,-0.0040054932478827965,28.0,2.0,-0.0040054932478827965,-0.010989010989007397,-0.0146520146520146
199055916945100,0.9614588,hold,-0.0040054932478827965,28.0,2.0,-0.0040054932478827965,-0.010989010989007397,-0.0146520146520146
199055917949100,0.9624628,hold,-0.0040054932478827965,28.0,2.0,-0.0040054932478827965,-0.010989010989007397,-0.0146520146520146
199055919024100,0.9635378,hold,-0.0040054932478827965,28.0,2.0,-0.0040054932478827965,-0.010989010989007397,-0.0146520146520146
199055920110800,0.9646245,hold,-0.0040054932478827965,28.0,2.0,-0.0040054932478827965,-0.010989010989007397,-0.0146520146520146
199055921119400,0.9656331,hold,-0.0040054932478827965,28.0,2.0,-0.0040054932478827965,-0.010989010989007397,-0.0146520146520146
199055921672400,0.9661861,hold,-0.0040054932478827965,28.0,2.0,-0.0040054932478827965,-0.010989010989007397,-0.0146520146520146
199055922622000,0.9671357,hold,-0.0040054932478827965,28.0,2.0,-0.0040054932478827965,-0.010989010989007397,-0.0146520146520146
199055923697100,0.9682108,hold,-0.0040054932478827965,28.0,2.0,-0.0040054932478827965,-0.010989010989007397,-0.0146520146520146
199055924818300,0.969332,hold,-0.0040054932478827965,28.0,2.0,-0.0040054932478827965,-0.010989010989007397,-0.0146520146520146
199055925852700,0.9703664,hold,-0.0040054932478827965,28.0,2.0,-0.0040054932478827965,-0.010989010989007397,-0.0146520146520146
199055926823800,0.9713375,hold,-0.0040054932478827965,28.0,2.0,-0.0040054932478827965,-0.010989010989007397,-0.0146520146520146
199055927847400,0.9723611,hold,-0.0040054932478827965,28.0,2.0,-0.0040054932478827965,-0.010989010989007397,-0.0146520146520146
199055928828200,0.9733419,hold,-0.0040054932478827965,28.0,2.0,-0.0040054932478827965,-0.010989010989007397,-0.0146520146520146
199055929852100,0.9743658,hold,-0.0040054932478827965,28.0,2.0,-0.0040054932478827965,-0.010989010989007397,-0.0146520146520146
199055930837900,0.9753516,hold,-0.0040054932478827965,28.0,2.0,-0.0040054932478827965,-0.010989010989007397,-0.0146520146520146
199055931835800,0.9763495,hold,-0.0040054932478827965,28.0,2.0,-0.0040054932478827965,-0.010989010989007397,-0.0146520146520146
199055932838600,0.9773523,hold,-0.0040054932478827965,28.0,2.0,-0.0040054932478827965,-0.010989010989007397,-0.0146520146520146
199055933849700,0.9783634,hold,-0.0040054932478827965,28.0,2.0,-0.0040054932478827965,-0.010989010989007397,-0.0146520146520146
199055934843500,0.9793572,hold,-0.0040054932478827965,28.0,2.0,-0.0040054932478827965,-0.010989010989007397,-0.0146520146520146
199055935848600,0.9803623,hold,-0.0040054932478827965,28.0,2.0,-0.0040054932478827965,-0.010989010989007397,-0.0146520146520146
199055936924700,0.9814384,hold,-0.0040054932478827965,28.0,2.0,-0.0040054932478827965,-0.010989010989007397,-0.0146520146520146
199055937859600,0.9823733,hold,-0.0040054932478827965,28.0,2.0,-0.0040054932478827965,-0.010989010989007397,-0.0146520146520146
199055938890000,0.9834037,hold,-0.0040054932478827965,28.0,2.0,-0.0040054932478827965,-0.010989010989007397,-0.0146520146520146
199055940290700,0.9848044,hold,-0.0040054932478827965,28.0,2.0,-0.0040054932478827965,-0.010989010989007397,-0.0146520146520146
199055940897200,0.9854109,hold,-0.0040054932478827965,28.0,2.0,-0.0040054932478827965,-0.010989010989007397,-0.0146520146520146
199055941900800,0.9864145,hold,-0.0040054932478827965,28.0,2.0,-0.0040054932478827965,-0.010989010989007397,-0.0146520146520146
199055942904800,0.9874185,hold,-0.0040054932478827965,28.0,2.0,-0.0040054932478827965,-0.010989010989007397,-0.0146520146520146
199055943910200,0.9884239,hold,-0.0040054932478827965,28.0,2.0,-0.0040054932478827965,-0.010989010989007397,-0.0146520146520146
199055944925500,0.9894392,hold,-0.0040054932478827965,28.0,2.0,-0.0040054932478827965,-0.010989010989007397,-0.0146520146520146
199055945916700,0.9904304,hold,-0.0040054932478827965,28.0,2.0,-0.0040054932478827965,-0.010989010989007397,-0.0146520146520146
199055946919900,0.9914336,hold,-0.0040054932478827965,28.0,2.0,-0.0040054932478827965,-0.010989010989007397,-0.0146520146520146
199055947941700,0.9924554,hold,-0.0040054932478827965,28.0,2.0,-0.0040054932478827965,-0.010989010989007397,-0.0146520146520146
199055948932000,0.9934457,hold,-0.0040054932478827965,28.0,2.0,-0.0040054932478827965,-0.010989010989007397,-0.0146520146520146
199055949937600,0.9944513,hold,-0.0040054932478827965,28.0,2.0,-0.0040054932478827965,-0.010989010989007397,-0.0146520146520146
199055951426300,0.99594,hold,-0.0040054932478827965,28.0,2.0,-0.0040054932478827965,-0.010989010989007397,-0.0146520146520146
199055952128600,0.9966423,hold,-0.0040054932478827965,28.0,2.0,-0.0040054932478827965,-0.010989010989007397,-0.0146520146520146
199055953044900,0.9975586,hold,-0.0040054932478827965,28.0,2.0,-0.0040054932478827965,-0.010989010989007397,-0.0146520146520146
199055954114800,0.9986285,hold,-0.0040054932478827965,28.0,2.0,-0.0040054932478827965,-0.010989010989007397,-0.0146520146520146
199055955118200,0.9996319,hold,-0.0040054932478827965,28.0,2.0,-0.0040054932478827965,-0.010989010989007397,-0.0146520146520146
199055955719600,1.0002333,hold,-0.0040054932478827965,28.0,2.0,-0.0040054932478827965,-0.010989010989007397,-0.0146520146520146
199055956726300,1.00124,hold,-0.0040054932478827965,28.0,2.0,-0.0040054932478827965,-0.010989010989007397,-0.0146520146520146
199055957771100,1.0022848,hold,-0.0040054932478827965,28.0,2.0,-0.0040054932478827965,-0.010989010989007397,-0.0146520146520146
199055958821200,1.0033349,hold,-0.0040054932478827965,28.0,2.0,-0.0040054932478827965,-0.010989010989007397,-0.0146520146520146
199055959880900,1.0043946,hold,-0.0040054932478827965,28.0,2.0,-0.0040054932478827965,-0.010989010989007397,-0.0146520146520146
199055960932200,1.0054459,hold,-0.0040054932478827965,28.0,2.0,-0.0040054932478827965,-0.010989010989007397,-0.0146520146520146
199055961976200,1.0064899,hold,-0.0040054932478827965,28.0,2.0,-0.0040054932478827965,-0.010989010989007397,-0.0146520146520146
199055963075500,1.0075892,hold,-0.0040054932478827965,28.0,2.0,-0.0040054932478827965,-0.010989010989007397,-0.0146520146520146
199055964548000,1.0090617,hold,-0.0040054932478827965,28.0,2.0,-0.0040054932478827965,-0.010989010989007397,-0.0146520146520146
199055964670200,1.0091839,hold,-0.0040054932478827965,28.0,2.0,-0.0040054932478827965,-0.010989010989007397,-0.0146520146520146
199055966173700,1.0106874,hold,-0.0040054932478827965,28.0,2.0,-0.0040054932478827965,-0.010989010989007397,-0.0146520146520146
199055966823900,1.0113376,hold,-0.0040054932478827965,28.0,2.0,-0.0040054932478827965,-0.010989010989007397,-0.0146520146520146
199055967934100,1.0124478,hold,-0.0040054932478827965,28.0,2.0,-0.0040054932478827965,-0.010989010989007397,-0.0146520146520146
199055969336400,1.0138501,hold,-0.0040054932478827965,28.0,2.0,-0.0040054932478827965,-0.010989010989007397,-0.0146520146520146
199055970339900,1.0148536,hold,-0.0040054932478827965,28.0,2.0,-0.0040054932478827965,-0.010989010989007397,-0.0146520146520146
199055970983000,1.0154967,hold,-0.0040054932478827965,28.0,2.0,-0.0040054932478827965,-0.010989010989007397,-0.0146520146520146
199055972013200,1.0165269,hold,-0.0040054932478827965,28.0,2.0,-0.0040054932478827965,-0.010989010989007397,-0.0146520146520146
199055973088100,1.0176018,hold,-0.0040054932478827965,28.0,2.0,-0.0040054932478827965,-0.010989010989007397,-0.0146520146520146
199055974092300,1.018606,hold,-0.0040054932478827965,28.0,2.0,-0.0040054932478827965,-0.010989010989007397,-0.0146520146520146
199055975095200,1.0196089,hold,-0.0040054932478827965,28.0,2.0,-0.0040054932478827965,-0.010989010989007397,-0.0146520146520146
199055976244700,1.0207584,hold,-0.0040054932478827965,28.0,2.0,-0.0040054932478827965,-0.010989010989007397,-0.0146520146520146
199055976883000,1.0213967,hold,-0.0040054932478827965,28.0,2.0,-0.0040054932478827965,-0.010989010989007397,-0.0146520146520146
199055977889600,1.0224033,hold,-0.0040054932478827965,28.0,2.0,-0.0040054932478827965,-0.010989010989007397,-0.0146520146520146
199055978891900,1.0234056,hold,-0.0040054932478827965,28.0,2.0,-0.0040054932478827965,-0.010989010989007397,-0.0146520146520146
199055979898500,1.0244122,hold,-0.0040054932478827965,28.0,2.0,-0.0040054932478827965,-0.010989010989007397,-0.0146520146520146
199055980905400,1.0254191,hold,-0.0040054932478827965,28.0,2.0,-0.0040054932478827965,-0.010989010989007397,-0.0146520146520146
199055981938900,1.0264526,hold,-0.0040054932478827965,28.0,2.0,-0.0040054932478827965,-0.010989010989007397,-0.0146520146520146
199055983182500,1.0276962,hold,-0.0040054932478827965,28.0,2.0,-0.0040054932478827965,-0.010989010989007397,-0.0146520146520146
199055984156800,1.0286705,hold,-0.0040054932478827965,28.0,2.0,-0.0040054932478827965,-0.010989010989007397,-0.0146520146520146
199055984631300,1.029145,hold,-0.0040054932478827965,28.0,2.0,-0.0040054932478827965,-0.010989010989007397,-0.0146520146520146
199055985632700,1.0301464,hold,-0.0040054932478827965,28.0,2.0,-0.0040054932478827965,-0.010989010989007397,-0.0146520146520146
199055986710900,1.0312246,hold,-0.0040054932478827965,28.0,2.0,-0.0040054932478827965,-0.010989010989007397,-0.0146520146520146
199055987841100,1.0323548,hold,-0.0040054932478827965,28.0,2.0,-0.0040054932478827965,-0.010989010989007397,-0.0146520146520146
199055988963700,1.0334774,hold,-0.0040054932478827965,28.0,2.0,-0.0040054932478827965,-0.010989010989007397,-0.0146520146520146
199055990044200,1.0345579,hold,-0.0040054932478827965,28.0,2.0,-0.0040054932478827965,-0.010989010989007397,-0.0146520146520146
199055991130100,1.0356438,hold,-0.0040054932478827965,28.0,2.0,-0.0040054932478827965,-0.010989010989007397,-0.0146520146520146
199055991707600,1.0362213,hold,-0.0040054932478827965,28.0,2.0,-0.0040054932478827965,-0.010989010989007397,-0.0146520146520146
199055992741400,1.0372551,hold,-0.0040054932478827965,28.0,2.0,-0.0040054932478827965,-0.010989010989007397,-0.0146520146520146
199055993835700,1.0383494,hold,-0.0040054932478827965,28.0,2.0,-0.0040054932478827965,-0.010989010989007397,-0.0146520146520146
199055994910600,1.0394243,hold,-0.0040054932478827965,28.0,2.0,-0.0040054932478827965,-0.010989010989007397,-0.0146520146520146
199055995916600,1.0404303,hold,-0.0040054932478827965,28.0,2.0,-0.0040054932478827965,-0.010989010989007397,-0.0146520146520146
199055996918600,1.0414323,hold,-0.0040054932478827965,28.0,2.0,-0.0040054932478827965,-0.010989010989007397,-0.0146520146520146
199055997993000,1.0425067,hold,-0.0040054932478827965,28.0,2.0,-0.0040054932478827965,-0.010989010989007397,-0.0146520146520146
199055999226900,1.0437406,hold,-0.0040054932478827965,28.0,2.0,-0.0040054932478827965,-0.010989010989007397,-0.0146520146520146
199056000125600,1.0446393,hold,-0.0040054932478827965,28.0,2.0,-0.0040054932478827965,-0.010989010989007397,-0.0146520146520146
199056000750900,1.0452646,hold,-0.0040054932478827965,28.0,2.0,-0.0040054932478827965,-0.010989010989007397,-0.0146520146520146
199056001758400,1.0462721,hold,-0.0040054932478827965,28.0,2.0,-0.0040054932478827965,-0.010989010989007397,-0.0146520146520146
199056002845500,1.0473592,hold,-0.0040054932478827965,28.0,2.0,-0.0040054932478827965,-0.010989010989007397,-0.0146520146520146
199056003874600,1.0483883,hold,-0.0040054932478827965,28.0,2.0,-0.0040054932478827965,-0.010989010989007397,-0.0146520146520146
199056004855400,1.0493691,hold,-0.0040054932478827965,28.0,2.0,-0.0040054932478827965,-0.010989010989007397,-0.0146520146520146
199056005857800,1.0503715,hold,-0.0040054932478827965,28.0,2.0,-0.0040054932478827965,-0.010989010989007397,-0.0146520146520146
199056006937900,1.0514516,hold,-0.0040054932478827965,28.0,2.0,-0.0040054932478827965,-0.010989010989007397,-0.0146520146520146
199056007976800,1.0524905,hold,-0.0040054932478827965,28.0,2.0,-0.0040054932478827965,-0.010989010989007397,-0.0146520146520146
199056009049800,1.0535635,hold,-0.0040054932478827965,28.0,2.0,-0.0040054932478827965,-0.010989010989007397,-0.0146520146520146
199056010131100,1.0546448,hold,-0.0040054932478827965,28.0,2.0,-0.0040054932478827965,-0.010989010989007397,-0.0146520146520146
199056010716400,1.0552301,hold,-0.0040054932478827965,28.0,2.0,-0.0040054932478827965,-0.010989010989007397,-0.0146520146520146
199056011720800,1.0562345,hold,-0.0040054932478827965,28.0,2.0,-0.0040054932478827965,-0.010989010989007397,-0.0146520146520146
199056012784700,1.0572984,hold,-0.0040054932478827965,28.0,2.0,-0.0040054932478827965,-0.010989010989007397,-0.0146520146520146
199056013879200,1.0583929,hold,-0.0040054932478827965,28.0,2.0,-0.0040054932478827965,-0.010989010989007397,-0.0146520146520146
199056015063000,1.0595767,hold,-0.0040054932478827965,28.0,2.0,-0.0040054932478827965,-0.010989010989007397,-0.0146520146520146
199056015930000,1.0604437,hold,-0.0040054932478827965,28.0,2.0,-0.0040054932478827965,-0.010989010989007397,-0.0146520146520146
199056016931300,1.061445,hold,-0.0040054932478827965,28.0,2.0,-0.0040054932478827965,-0.010989010989007397,-0.0146520146520146
199056018046700,1.0625604,hold,-0.0040054932478827965,28.0,2.0,-0.0040054932478827965,-0.010989010989007397,-0.0146520146520146
199056019164800,1.0636785,hold,-0.0040054932478827965,28.0,2.0,-0.0040054932478827965,-0.010989010989007397,-0.0146520146520146
199056019734200,1.0642479,hold,-0.0040054932478827965,28.0,2.0,-0.0040054932478827965,-0.010989010989007397,-0.0146520146520146
199056020812200,1.0653259,hold,-0.0040054932478827965,28.0,2.0,-0.0040054932478827965,-0.010989010989007397,-0.0146520146520146
199056021880800,1.0663945,hold,-0.0040054932478827965,28.0,2.0,-0.0040054932478827965,-0.010989010989007397,-0.0146520146520146
199056022996700,1.0675104,hold,-0.0040054932478827965,28.0,2.0,-0.0040054932478827965,-0.010989010989007397,-0.0146520146520146
199056024132000,1.0686457,hold,-0.0040054932478827965,28.0,2.0,-0.0040054932478827965,-0.010989010989007397,-0.0146520146520146
199056025249100,1.0697628,hold,-0.0040054932478827965,28.0,2.0,-0.0040054932478827965,-0.010989010989007397,-0.0146520146520146
199056025834800,1.0703485,hold,-0.0040054932478827965,28.0,2.0,-0.0040054932478827965,-0.010989010989007397,-0.0146520146520146
199056026837000,1.0713507,hold,-0.0040054932478827965,28.0,2.0,-0.0040054932478827965,-0.010989010989007397,-0.0146520146520146
199056027923700,1.0724374,hold,-0.0040054932478827965,28.0,2.0,-0.0040054932478827965,-0.010989010989007397,-0.0146520146520146
199056028985000,1.0734987,hold,-0.0040054932478827965,28.0,2.0,-0.0040054932478827965,-0.010989010989007397,-0.0146520146520146
199056030199200,1.0747129,hold,-0.0040054932478827965,28.0,2.0,-0.0040054932478827965,-0.010989010989007397,-0.0146520146520146
199056031394400,1.0759081,hold,-0.0040054932478827965,28.0,2.0,-0.0040054932478827965,-0.010989010989007397,-0.0146520146520146
199056032128100,1.0766418,hold,-0.0040054932478827965,28.0,2.0,-0.0040054932478827965,-0.010989010989007397,-0.0146520146520146
199056033130300,1.077644,hold,-0.0040054932478827965,28.0,2.0,-0.0040054932478827965,-0.010989010989007397,-0.0146520146520146
199056033769000,1.0782827,hold,-0.0040054932478827965,28.0,2.0,-0.0040054932478827965,-0.010989010989007397,-0.0146520146520146
199056034772200,1.0792859,hold,-0.0040054932478827965,28.0,2.0,-0.0040054932478827965,-0.010989010989007397,-0.0146520146520146
199056035807000,1.0803207,hold,-0.0040054932478827965,28.0,2.0,-0.0040054932478827965,-0.010989010989007397,-0.0146520146520146
199056036864400,1.0813781,hold,-0.0040054932478827965,28.0,2.0,-0.0040054932478827965,-0.010989010989007397,-0.0146520146520146
199056037943400,1.0824571,hold,-0.0040054932478827965,28.0,2.0,-0.0040054932478827965,-0.010989010989007397,-0.0146520146520146
199056038952800,1.0834665,hold,-0.0040054932478827965,28.0,2.0,-0.0040054932478827965,-0.010989010989007397,-0.0146520146520146
199056039956600,1.0844703,hold,-0.0040054932478827965,28.0,2.0,-0.0040054932478827965,-0.010989010989007397,-0.0146520146520146
199056040979200,1.0854929,hold,-0.0040054932478827965,28.0,2.0,-0.0040054932478827965,-0.010989010989007397,-0.0146520146520146
199056041981300,1.086495,hold,-0.0040054932478827965,28.0,2.0,-0.0040054932478827965,-0.010989010989007397,-0.0146520146520146
199056042966500,1.0874802,hold,-0.0040054932478827965,28.0,2.0,-0.0040054932478827965,-0.010989010989007397,-0.0146520146520146
199056043968100,1.0884818,hold,-0.0040054932478827965,28.0,2.0,-0.0040054932478827965,-0.010989010989007397,-0.0146520146520146
199056045078800,1.0895925,hold,-0.0040054932478827965,28.0,2.0,-0.0040054932478827965,-0.010989010989007397,-0.0146520146520146
199056046618600,1.0911323,hold,-0.0040054932478827965,28.0,2.0,-0.0040054932478827965,-0.010989010989007397,-0.0146520146520146
199056046703800,1.0912175,hold,-0.0040054932478827965,28.0,2.0,-0.0040054932478827965,-0.010989010989007397,-0.0146520146520146
199056050622600,1.0951363,hold,-0.0040054932478827965,28.0,2.0,-0.0040054932478827965,-0.010989010989007397,-0.0146520146520146
199056050889700,1.0954034,hold,-0.0040054932478827965,28.0,2.0,-0.0040054932478827965,-0.010989010989007397,-0.0146520146520146
199056050994400,1.0955081,hold,-0.0040054932478827965,28.0,2.0,-0.0040054932478827965,-0.010989010989007397,-0.0146520146520146
199056051082600,1.0955963,hold,-0.0040054932478827965,28.0,2.0,-0.0040054932478827965,-0.010989010989007397,-0.0146520146520146
199056051707400,1.0962211,hold,-0.0040054932478827965,28.0,2.0,-0.0040054932478827965,-0.010989010989007397,-0.0146520146520146
199056052711800,1.0972255,hold,-0.0040054932478827965,28.0,2.0,-0.0040054932478827965,-0.010989010989007397,-0.0146520146520146
199056053716200,1.0982299,hold,-0.0040054932478827965,28.0,2.0,-0.0040054932478827965,-0.010989010989007397,-0.0146520146520146
199056054728000,1.0992417,hold,-0.0040054932478827965,28.0,2.0,-0.0040054932478827965,-0.010989010989007397,-0.0146520146520146
199056055726900,1.1002406,hold,-0.0040054932478827965,28.0,2.0,-0.0040054932478827965,-0.010989010989007397,-0.0146520146520146
199056056732800,1.1012465,hold,-0.0040054932478827965,28.0,2.0,-0.0040054932478827965,-0.010989010989007397,-0.0146520146520146
199056057937400,1.1024511,hold,-0.0040054932478827965,28.0,2.0,-0.0040054932478827965,-0.010989010989007397,-0.0146520146520146
199056058958400,1.1034721,hold,-0.0040054932478827965,28.0,2.0,-0.0040054932478827965,-0.010989010989007397,-0.0146520146520146
199056059945300,1.104459,hold,-0.0040054932478827965,28.0,2.0,-0.0040054932478827965,-0.010989010989007397,-0.0146520146520146
199056060959700,1.1054734,hold,-0.0040054932478827965,28.0,2.0,-0.0040054932478827965,-0.010989010989007397,-0.0146520146520146
199056062622700,1.1071364,hold,-0.0040054932478827965,28.0,2.0,-0.0040054932478827965,-0.010989010989007397,-0.0146520146520146
199056062755200,1.1072689,hold,-0.0040054932478827965,28.0,2.0,-0.0040054932478827965,-0.010989010989007397,-0.0146520146520146
199056063869300,1.108383,hold,-0.0040054932478827965,28.0,2.0,-0.0040054932478827965,-0.010989010989007397,-0.0146520146520146
199056064869100,1.1093828,hold,-0.0040054932478827965,28.0,2.0,-0.0040054932478827965,-0.010989010989007397,-0.0146520146520146
199056065874000,1.1103877,hold,-0.0040054932478827965,28.0,2.0,-0.0040054932478827965,-0.010989010989007397,-0.0146520146520146
199056066873700,1.1113874,hold,-0.0040054932478827965,28.0,2.0,-0.0040054932478827965,-0.010989010989007397,-0.0146520146520146
199056067970000,1.1124837,hold,-0.0040054932478827965,28.0,2.0,-0.0040054932478827965,-0.010989010989007397,-0.0146520146520146
199056069089100,1.1136028,hold,-0.0040054932478827965,28.0,2.0,-0.0040054932478827965,-0.010989010989007397,-0.0146520146520146
199056070180800,1.1146945,hold,-0.0040054932478827965,28.0,2.0,-0.0040054932478827965,-0.010989010989007397,-0.0146520146520146
199056070749000,1.1152627,hold,-0.0040054932478827965,28.0,2.0,-0.0040054932478827965,-0.010989010989007397,-0.0146520146520146
199056071760000,1.1162737,hold,-0.0040054932478827965,28.0,2.0,-0.0040054932478827965,-0.010989010989007397,-0.0146520146520146
199056072760100,1.1172738,hold,-0.0040054932478827965,28.0,2.0,-0.0040054932478827965,-0.010989010989007397,-0.0146520146520146
199056073760500,1.1182742,hold,-0.0040054932478827965,28.0,2.0,-0.0040054932478827965,-0.010989010989007397,-0.0146520146520146
199056074809500,1.1193232,hold,-0.0040054932478827965,28.0,2.0,-0.0040054932478827965,-0.010989010989007397,-0.0146520146520146
199056075852000,1.1203657,hold,-0.0040054932478827965,28.0,2.0,-0.0040054932478827965,-0.010989010989007397,-0.0146520146520146
199056076945800,1.1214595,hold,-0.0040054932478827965,28.0,2.0,-0.0040054932478827965,-0.010989010989007397,-0.0146520146520146
199056077960400,1.1224741,hold,-0.0040054932478827965,28.0,2.0,-0.0040054932478827965,0.010989010989007397,-0.0146520146520146
199056078958400,1.1234721,hold,-0.0040054932478827965,28.0,2.0,-0.0040054932478827965,0.010989010989007397,-0.004884004884004867
199056079965900,1.1244796,hold,-0.0040054932478827965,28.0,2.0,-0.0040054932478827965,0.010989010989007397,-0.004884004884004867
199056080969800,1.1254835,hold,-0.0040054932478827965,28.0,2.0,-0.0040054932478827965,0.010989010989007397,-0.004884004884004867
199056081980900,1.1264946,hold,-0.0040054932478827965,28.0,2.0,-0.0040054932478827965,0.010989010989007397,-0.004884004884004867
199056082981900,1.1274956,hold,-0.0040054932478827965,28.0,2.0,-0.0040054932478827965,0.010989010989007397,-0.004884004884004867
199056084001500,1.1285152,hold,-0.0040054932478827965,28.0,2.0,-0.0040054932478827965,0.010989010989007397,-0.004884004884004867
199056085034000,1.1295477,hold,-0.0040054932478827965,28.0,2.0,-0.0040054932478827965,0.010989010989007397,-0.004884004884004867
199056086048800,1.1305625,hold,-0.0040054932478827965,28.0,2.0,-0.0040054932478827965,0.010989010989007397,-0.004884004884004867
199056087063500,1.1315772,hold,-0.0040054932478827965,28.0,2.0,-0.0040054932478827965,0.010989010989007397,-0.004884004884004867
199056087626200,1.1321399,hold,-0.0040054932478827965,28.0,2.0,-0.0040054932478827965,0.010989010989007397,-0.004884004884004867
199056088629800,1.1331435,hold,-0.0040054932478827965,28.0,2.0,-0.0040054932478827965,0.010989010989007397,-0.004884004884004867
199056089644800,1.1341585,hold,-0.0040054932478827965,28.0,2.0,-0.0040054932478827965,0.010989010989007397,-0.004884004884004867
199056090659900,1.1351736,hold,-0.0040054932478827965,28.0,2.0,-0.0040054932478827965,0.010989010989007397,-0.004884004884004867
199056091674400,1.1361881,hold,-0.0040054932478827965,28.0,2.0,-0.0040054932478827965,0.010989010989007397,-0.004884004884004867
199056092790800,1.1373045,hold,-0.0040054932478827965,28.0,2.0,-0.0040054932478827965,0.010989010989007397,-0.004884004884004867
199056093859800,1.1383735,hold,-0.0040054932478827965,28.0,2.0,-0.0040054932478827965,0.010989010989007397,-0.004884004884004867
199056094945000,1.1394587,hold,-0.0040054932478827965,28.0,2.0,-0.0040054932478827965,0.010989010989007397,-0.004884004884004867
199056096000000,1.1405137,hold,-0.0040054932478827965,28.0,2.0,-0.0040054932478827965,0.010989010989007397,-0.004884004884004867
199056097063500,1.1415772,hold,-0.0040054932478827965,28.0,2.0,-0.0040054932478827965,0.010989010989007397,-0.004884004884004867
199056098176500,1.1426902,hold,-0.0040054932478827965,28.0,2.0,-0.0040054932478827965,0.010989010989007397,-0.004884004884004867
199056098832600,1.1433463,hold,-0.0040054932478827965,28.0,2.0,-0.0040054932478827965,0.010989010989007397,-0.004884004884004867
199056099836000,1.1443497,hold,-0.0040054932478827965,28.0,2.0,-0.0040054932478827965,0.010989010989007397,-0.004884004884004867
199056100837300,1.145351,hold,-0.0040054932478827965,28.0,2.0,-0.0040054932478827965,0.010989010989007397,-0.004884004884004867
199056101844700,1.1463584,hold,-0.0040054932478827965,28.0,2.0,-0.0040054932478827965,0.010989010989007397,-0.004884004884004867
199056102852300,1.147366,hold,-0.0040054932478827965,28.0,2.0,-0.0040054932478827965,0.010989010989007397,-0.004884004884004867
199056103854000,1.1483677,hold,-0.0040054932478827965,28.0,2.0,-0.0040054932478827965,0.010989010989007397,-0.004884004884004867
199056105049600,1.1495633,hold,-0.0040054932478827965,28.0,2.0,-0.0040054932478827965,0.010989010989007397,-0.004884004884004867
199056106055500,1.1505692,hold,-0.0040054932478827965,28.0,2.0,-0.0040054932478827965,0.010989010989007397,-0.004884004884004867
199056107060400,1.1515741,hold,-0.0040054932478827965,28.0,2.0,-0.0040054932478827965,0.010989010989007397,-0.004884004884004867
199056108199300,1.152713,hold,-0.0040054932478827965,28.0,2.0,-0.0040054932478827965,0.010989010989007397,-0.004884004884004867
199056109080800,1.1535945,hold,-0.0040054932478827965,28.0,2.0,-0.0040054932478827965,0.010989010989007397,-0.004884004884004867
199056110082800,1.1545965,hold,-0.0040054932478827965,28.0,2.0,-0.0040054932478827965,0.010989010989007397,-0.004884004884004867
199056111083900,1.1555976,hold,-0.0040054932478827965,28.0,2.0,-0.0040054932478827965,0.010989010989007397,-0.004884004884004867
199056112083800,1.1565975,hold,-0.0040054932478827965,28.0,2.0,-0.0040054932478827965,0.010989010989007397,-0.004884004884004867
199056112583700,1.1570974,hold,-0.0040054932478827965,28.0,2.0,-0.0040054932478827965,0.010989010989007397,-0.004884004884004867
199056114243300,1.158757,hold,-0.0040054932478827965,28.0,2.0,-0.0040054932478827965,0.010989010989007397,-0.004884004884004867
199056114851100,1.1593648,hold,-0.0040054932478827965,28.0,2.0,-0.0040054932478827965,0.010989010989007397,-0.004884004884004867
199056115851800,1.1603655,hold,-0.0040054932478827965,28.0,2.0,-0.0040054932478827965,0.010989010989007397,-0.004884004884004867
199056116860600,1.1613743,hold,-0.0040054932478827965,28.0,2.0,-0.0040054932478827965,0.010989010989007397,-0.004884004884004867
199056117862900,1.1623766,hold,-0.0040054932478827965,28.0,2.0,-0.0040054932478827965,0.010989010989007397,-0.004884004884004867
199056118871000,1.1633847,hold,-0.0040054932478827965,28.0,2.0,-0.0040054932478827965,0.010989010989007397,-0.004884004884004867
199056119873300,1.164387,hold,-0.0040054932478827965,28.0,2.0,-0.0040054932478827965,0.010989010989007397,-0.004884004884004867
199056120933500,1.1654472,hold,-0.0040054932478827965,28.0,2.0,-0.0040054932478827965,0.010989010989007397,-0.004884004884004867
199056121945700,1.1664594,hold,-0.0040054932478827965,28.0,2.0,-0.0040054932478827965,0.010989010989007397,-0.004884004884004867
199056122945000,1.1674587,hold,-0.0040054932478827965,28.0,2.0,-0.0040054932478827965,0.010989010989007397,-0.004884004884004867
199056123954100,1.1684678,hold,-0.0040054932478827965,28.0,2.0,-0.0040054932478827965,0.010989010989007397,-0.004884004884004867
199056124952500,1.1694662,hold,-0.0040054932478827965,28.0,2.0,-0.0040054932478827965,0.010989010989007397,-0.004884004884004867
199056126055900,1.1705696,hold,-0.0040054932478827965,28.0,2.0,-0.0040054932478827965,0.010989010989007397,-0.004884004884004867
199056127058300,1.171572,hold,-0.0040054932478827965,28.0,2.0,-0.0040054932478827965,0.010989010989007397,-0.004884004884004867
199056128057800,1.1725715,hold,-0.0040054932478827965,28.0,2.0,-0.0040054932478827965,0.010989010989007397,-0.004884004884004867
199056128560000,1.1730737,hold,-0.0040054932478827965,28.0,2.0,-0.0040054932478827965,0.010989010989007397,-0.004884004884004867
199056130234400,1.1747481,hold,-0.0040054932478827965,28.0,2.0,-0.0040054932478827965,0.010989010989007397,-0.004884004884004867
199056130840500,1.1753542,hold,-0.0040054932478827965,28.0,2.0,-0.0040054932478827965,0.010989010989007397,-0.004884004884004867
199056131866800,1.1763805,hold,-0.0040054932478827965,28.0,2.0,-0.0040054932478827965,0.010989010989007397,-0.004884004884004867
199056132877700,1.1773914,hold,-0.0040054932478827965,28.0,2.0,-0.0040054932478827965,0.010989010989007397,-0.004884004884004867
199056133860800,1.1783745,hold,-0.0040054932478827965,28.0,2.0,-0.0040054932478827965,0.010989010989007397,-0.004884004884004867
199056134947000,1.1794607,hold,-0.0040054932478827965,28.0,2.0,-0.0040054932478827965,0.010989010989007397,-0.004884004884004867
199056136321800,1.1808355,hold,-0.0040054932478827965,28.0,2.0,-0.0040054932478827965,0.010989010989007397,-0.004884004884004867
199056136942200,1.1814559,hold,-0.0040054932478827965,28.0,2.0,-0.0040054932478827965,0.010989010989007397,-0.004884004884004867
199056137947000,1.1824607,hold,-0.0040054932478827965,28.0,2.0,-0.0040054932478827965,0.010989010989007397,-0.004884004884004867
199056139267000,1.1837807,hold,-0.0040054932478827965,28.0,2.0,-0.0040054932478827965,0.010989010989007397,-0.004884004884004867
199056140061300,1.184575,hold,-0.0040054932478827965,28.0,2.0,-0.0040054932478827965,0.010989010989007397,-0.004884004884004867
199056141067200,1.1855809,hold,-0.0040054932478827965,28.0,2.0,-0.0040054932478827965,0.010989010989007397,-0.004884004884004867
199056142072100,1.1865858,hold,-0.0040054932478827965,28.0,2.0,-0.0040054932478827965,0.010989010989007397,-0.004884004884004867
199056143092800,1.1876065,hold,-0.0040054932478827965,28.0,2.0,-0.0040054932478827965,0.010989010989007397,-0.004884004884004867
199056144209900,1.1887236,hold,-0.0040054932478827965,28.0,2.0,-0.0040054932478827965,0.010989010989007397,-0.004884004884004867
199056144835500,1.1893492,hold,-0.0040054932478827965,28.0,2.0,-0.0040054932478827965,0.010989010989007397,-0.004884004884004867
199056145835400,1.1903491,hold,-0.0040054932478827965,28.0,2.0,-0.0040054932478827965,0.010989010989007397,-0.004884004884004867
199056146911600,1.1914253,hold,-0.0040054932478827965,28.0,2.0,-0.0040054932478827965,0.010989010989007397,-0.004884004884004867
199056147954800,1.1924685,hold,-0.0040054932478827965,28.0,2.0,-0.0040054932478827965,0.010989010989007397,-0.004884004884004867
199056149015200,1.1935289,hold,-0.0040054932478827965,28.0,2.0,-0.0040054932478827965,0.010989010989007397,-0.004884004884004867
199056150078400,1.1945921,hold,-0.0040054932478827965,28.0,2.0,-0.0040054932478827965,0.010989010989007397,-0.004884004884004867
199056150650700,1.1951644,hold,-0.0040054932478827965,28.0,2.0,-0.0040054932478827965,0.010989010989007397,-0.004884004884004867
199056151710500,1.1962242,hold,-0.0040054932478827965,28.0,2.0,-0.0040054932478827965,0.010989010989007397,-0.004884004884004867
199056152750700,1.1972644,hold,-0.0040054932478827965,28.0,2.0,-0.0040054932478827965,0.010989010989007397,-0.004884004884004867
199056153811500,1.1983252,hold,-0.0040054932478827965,28.0,2.0,-0.0040054932478827965,0.010989010989007397,-0.004884004884004867
199056154978000,1.1994917,hold,-0.0040054932478827965,28.0,2.0,-0.0040054932478827965,0.010989010989007397,-0.004884004884004867
199056155862600,1.2003763,hold,-0.0040054932478827965,28.0,2.0,-0.0040054932478827965,0.010989010989007397,-0.004884004884004867
199056156868300,1.201382,hold,-0.0040054932478827965,28.0,2.0,-0.0040054932478827965,0.010989010989007397,-0.004884004884004867
199056157935300,1.202449,hold,-0.0040054932478827965,28.0,2.0,-0.0040054932478827965,0.010989010989007397,-0.004884004884004867
199056159092600,1.2036063,hold,-0.0040054932478827965,28.0,2.0,-0.0040054932478827965,0.010989010989007397,-0.004884004884004867
199056160148200,1.2046619,hold,-0.0040054932478827965,28.0,2.0,-0.0040054932478827965,0.010989010989007397,-0.004884004884004867
199056160741100,1.2052548,hold,-0.0040054932478827965,28.0,2.0,-0.0040054932478827965,0.010989010989007397,-0.004884004884004867
199056161741900,1.2062556,hold,-0.0040054932478827965,28.0,2.0,-0.0040054932478827965,0.010989010989007397,-0.004884004884004867
199056162838800,1.2073525,hold,-0.0040054932478827965,28.0,2.0,-0.0040054932478827965,0.010989010989007397,-0.004884004884004867
199056163923900,1.2084376,hold,-0.0040054932478827965,28.0,2.0,-0.0040054932478827965,0.010989010989007397,-0.004884004884004867
199056165003600,1.2095173,hold,-0.0040054932478827965,28.0,2.0,-0.0040054932478827965,0.010989010989007397,-0.004884004884004867
199056166013300,1.210527,hold,-0.0040054932478827965,28.0,2.0,-0.0040054932478827965,0.010989010989007397,-0.004884004884004867
199056167017900,1.2115316,hold,-0.0040054932478827965,28.0,2.0,-0.0040054932478827965,0.010989010989007397,-0.004884004884004867
199056168069200,1.2125829,hold,-0.0040054932478827965,28.0,2.0,-0.0040054932478827965,0.010989010989007397,-0.004884004884004867
199056168651800,1.2131655,hold,-0.0040054932478827965,28.0,2.0,-0.0040054932478827965,0.010989010989007397,-0.004884004884004867
199056169728200,1.2142419,hold,-0.0040054932478827965,28.0,2.0,-0.0040054932478827965,0.010989010989007397,-0.004884004884004867
199056170850500,1.2153642,hold,-0.0040054932478827965,28.0,2.0,-0.0040054932478827965,0.010989010989007397,-0.004884004884004867
199056172240000,1.2167537,hold,-0.0040054932478827965,28.0,2.0,-0.0040054932478827965,0.010989010989007397,-0.004884004884004867
199056172861500,1.2173752,hold,-0.0040054932478827965,28.0,2.0,-0.0040054932478827965,0.010989010989007397,-0.004884004884004867
199056173884900,1.2183986,hold,-0.0040054932478827965,28.0,2.0,-0.0040054932478827965,0.010989010989007397,-0.004884004884004867
199056174936900,1.2194506,hold,-0.0040054932478827965,28.0,2.0,-0.0040054932478827965,0.010989010989007397,-0.004884004884004867
199056176040400,1.2205541,hold,-0.0040054932478827965,28.0,2.0,-0.0040054932478827965,0.010989010989007397,-0.004884004884004867
199056177172500,1.2216862,hold,-0.0040054932478827965,28.0,2.0,-0.0040054932478827965,0.010989010989007397,-0.004884004884004867
199056177785700,1.2222994,hold,-0.0040054932478827965,28.0,2.0,-0.0040054932478827965,0.010989010989007397,-0.004884004884004867
199056178791900,1.2233056,hold,-0.0040054932478827965,28.0,2.0,-0.0040054932478827965,0.010989010989007397,-0.004884004884004867
199056179867800,1.2243815,hold,-0.0040054932478827965,28.0,2.0,-0.0040054932478827965,0.010989010989007397,-0.004884004884004867
199056180926700,1.2254404,hold,-0.0040054932478827965,28.0,2.0,-0.0040054932478827965,0.010989010989007397,-0.004884004884004867
199056182015000,1.2265287,hold,-0.0040054932478827965,28.0,2.0,-0.0040054932478827965,0.010989010989007397,-0.004884004884004867
199056183095000,1.2276087,hold,-0.0040054932478827965,28.0,2.0,-0.0040054932478827965,0.010989010989007397,-0.004884004884004867
199056183693800,1.2282075,hold,-0.0040054932478827965,28.0,2.0,-0.0040054932478827965,0.010989010989007397,-0.004884004884004867
199056184701600,1.2292153,hold,-0.0040054932478827965,28.0,2.0,-0.0040054932478827965,0.010989010989007397,-0.004884004884004867
199056186004100,1.2305178,hold,-0.0040054932478827965,28.0,2.0,-0.0040054932478827965,0.010989010989007397,-0.004884004884004867
199056187207600,1.2317213,hold,-0.0040054932478827965,28.0,2.0,-0.0040054932478827965,-0.010989010989007397,-0.004884004884004867
199056187827900,1.2323416,hold,-0.0040054932478827965,28.0,2.0,-0.0040054932478827965,-0.010989010989007397,-0.004884004884004867
199056188843400,1.2333571,hold,-0.0040054932478827965,28.0,2.0,-0.0040054932478827965,-0.010989010989007397,-0.004884004884004867
199056189878100,1.2343918,hold,-0.0040054932478827965,28.0,2.0,-0.0040054932478827965,-0.010989010989007397,-0.004884004884004867
199056190932000,1.2354457,hold,-0.0040054932478827965,28.0,2.0,-0.0040054932478827965,-0.010989010989007397,-0.004884004884004867
199056191977100,1.2364908,hold,-0.0040054932478827965,28.0,2.0,-0.0040054932478827965,-0.010989010989007397,-0.004884004884004867
199056193044500,1.2375582,hold,-0.0040054932478827965,28.0,2.0,-0.0040054932478827965,-0.010989010989007397,-0.004884004884004867
199056193598700,1.2381124,hold,-0.0040054932478827965,28.0,2.0,-0.0040054932478827965,-0.010989010989007397,-0.004884004884004867
199056194610000,1.2391237,hold,-0.0040054932478827965,28.0,2.0,-0.0040054932478827965,-0.010989010989007397,-0.004884004884004867
199056195615900,1.2401296,hold,-0.0040054932478827965,28.0,2.0,-0.0040054932478827965,-0.010989010989007397,-0.004884004884004867
199056196619100,1.2411328,hold,-0.0040054932478827965,28.0,2.0,-0.0040054932478827965,-0.010989010989007397,-0.004884004884004867
199056197646300,1.24216,hold,-0.0040054932478827965,28.0,2.0,-0.0040054932478827965,-0.010989010989007397,-0.004884004884004867
199056198642100,1.2431558,hold,-0.0040054932478827965,28.0,2.0,-0.0040054932478827965,-0.010989010989007397,-0.004884004884004867
199056199902900,1.2444166,hold,-0.0040054932478827965,28.0,2.0,-0.0040054932478827965,-0.010989010989007397,-0.004884004884004867
199056200904700,1.2454184,hold,-0.0040054932478827965,28.0,2.0,-0.0040054932478827965,-0.010989010989007397,-0.004884004884004867
199056201970300,1.246484,hold,-0.0040054932478827965,28.0,2.0,-0.0040054932478827965,-0.010989010989007397,-0.004884004884004867
199056202908100,1.2474218,hold,-0.0040054932478827965,28.0,2.0,-0.0040054932478827965,-0.010989010989007397,-0.004884004884004867
199056204045700,1.2485594,hold,-0.0040054932478827965,28.0,2.0,-0.0040054932478827965,-0.010989010989007397,-0.004884004884004867
199056205175000,1.2496887,hold,-0.0040054932478827965,28.0,2.0,-0.0040054932478827965,-0.010989010989007397,-0.004884004884004867
199056205751000,1.2502647,hold,-0.0040054932478827965,28.0,2.0,-0.0040054932478827965,-0.010989010989007397,-0.004884004884004867
199056206753400,1.2512671,hold,-0.0040054932478827965,28.0,2.0,-0.0040054932478827965,-0.010989010989007397,-0.004884004884004867
199056207816100,1.2523298,hold,-0.0040054932478827965,28.0,2.0,-0.0040054932478827965,-0.010989010989007397,-0.004884004884004867
199056208822700,1.2533364,hold,-0.0040054932478827965,28.0,2.0,-0.0040054932478827965,-0.010989010989007397,-0.004884004884004867
199056209827200,1.2543409,hold,-0.0040054932478827965,28.0,2.0,-0.0040054932478827965,-0.010989010989007397,-0.004884004884004867
199056210833800,1.2553475,hold,-0.0040054932478827965,28.0,2.0,-0.0040054932478827965,-0.010989010989007397,-0.004884004884004867
199056211840800,1.2563545,hold,-0.0040054932478827965,28.0,2.0,-0.0040054932478827965,-0.010989010989007397,-0.004884004884004867
199056212843800,1.2573575,hold,-0.0040054932478827965,28.0,2.0,-0.0040054932478827965,-0.010989010989007397,-0.004884004884004867
199056213856500,1.2583702,hold,-0.0040054932478827965,28.0,2.0,-0.0040054932478827965,-0.010989010989007397,-0.004884004884004867
199056214859000,1.2593727,hold,-0.0040054932478827965,28.0,2.0,-0.0040054932478827965,-0.010989010989007397,-0.004884004884004867
199056215862000,1.2603757,hold,-0.0040054932478827965,28.0,2.0,-0.0040054932478827965,-0.010989010989007397,-0.004884004884004867
199056217107700,1.2616214,hold,-0.0040054932478827965,28.0,2.0,-0.0040054932478827965,-0.010989010989007397,-0.004884004884004867
199056217956900,1.2624706,hold,-0.0040054932478827965,28.0,2.0,-0.0040054932478827965,-0.010989010989007397,-0.004884004884004867
199056218961100,1.2634748,hold,-0.0040054932478827965,28.0,2.0,-0.0040054932478827965,-0.010989010989007397,-0.004884004884004867
199056220177900,1.2646916,hold,-0.0040054932478827965,28.0,2.0,-0.0040054932478827965,-0.010989010989007397,-0.004884004884004867
199056220843200,1.2653569,hold,-0.0040054932478827965,28.0,2.0,-0.0040054932478827965,-0.010989010989007397,-0.004884004884004867
199056221794900,1.2663086,hold,-0.0040054932478827965,28.0,2.0,-0.0040054932478827965,-0.010989010989007397,-0.004884004884004867
199056222887700,1.2674014,hold,-0.0040054932478827965,28.0,2.0,-0.0040054932478827965,-0.010989010989007397,-0.004884004884004867
199056223992200,1.2685059,hold,-0.0040054932478827965,28.0,2.0,-0.0040054932478827965,-0.010989010989007397,-0.004884004884004867
199056225064400,1.2695781,hold,-0.0040054932478827965,28.0,2.0,-0.0040054932478827965,-0.010989010989007397,-0.004884004884004867
199056226138700,1.2706524,hold,-0.0040054932478827965,28.0,2.0,-0.0040054932478827965,-0.010989010989007397,-0.004884004884004867
199056226706800,1.2712205,hold,-0.0040054932478827965,28.0,2.0,-0.0040054932478827965,-0.010989010989007397,-0.004884004884004867
199056227707500,1.2722212,hold,-0.0040054932478827965,28.0,2.0,-0.0040054932478827965,-0.010989010989007397,-0.004884004884004867
199056228748800,1.2732625,hold,-0.0040054932478827965,28.0,2.0,-0.0040054932478827965,-0.010989010989007397,-0.004884004884004867
199056229801200,1.2743149,hold,-0.0040054932478827965,28.0,2.0,-0.0040054932478827965,-0.010989010989007397,-0.004884004884004867
199056230865400,1.2753791,hold,-0.0040054932478827965,28.0,2.0,-0.0040054932478827965,-0.010989010989007397,-0.004884004884004867
199056231871300,1.276385,hold,-0.0040054932478827965,28.0,2.0,-0.0040054932478827965,-0.010989010989007397,-0.004884004884004867
199056232968100,1.2774818,hold,-0.0040054932478827965,28.0,2.0,-0.0040054932478827965,-0.010989010989007397,-0.004884004884004867
199056233883900,1.2783976,hold,-0.0040054932478827965,28.0,2.0,-0.0040054932478827965,-0.010989010989007397,-0.004884004884004867
199056234893200,1.2794069,hold,-0.0040054932478827965,28.0,2.0,-0.0040054932478827965,-0.010989010989007397,-0.004884004884004867
199056235900000,1.2804137,hold,-0.0040054932478827965,28.0,2.0,-0.0040054932478827965,-0.010989010989007397,-0.004884004884004867
199056236906500,1.2814202,hold,-0.0040054932478827965,28.0,2.0,-0.0040054932478827965,-0.010989010989007397,-0.004884004884004867
199056237969800,1.2824835,hold,-0.0040054932478827965,28.0,2.0,-0.0040054932478827965,-0.010989010989007397,-0.004884004884004867
199056238985100,1.2834988,hold,-0.0040054932478827965,28.0,2.0,-0.0040054932478827965,-0.010989010989007397,-0.004884004884004867
199056240026000,1.2845397,hold,-0.0040054932478827965,28.0,2.0,-0.0040054932478827965,-0.010989010989007397,-0.004884004884004867
199056241043100,1.2855568,hold,-0.0040054932478827965,28.0,2.0,-0.0040054932478827965,-0.010989010989007397,-0.004884004884004867
199056242057200,1.2865709,hold,-0.0040054932478827965,28.0,2.0,-0.0040054932478827965,-0.010989010989007397,-0.004884004884004867
199056242585600,1.2870993,hold,-0.0040054932478827965,28.0,2.0,-0.0040054932478827965,-0.010989010989007397,-0.004884004884004867
199056243600300,1.288114,hold,-0.0040054932478827965,28.0,2.0,-0.0040054932478827965,-0.010989010989007397,-0.004884004884004867
199056244619100,1.2891328,hold,-0.0040054932478827965,28.0,2.0,-0.0040054932478827965,-0.010989010989007397,-0.004884004884004867
199056245649300,1.290163,hold,-0.0040054932478827965,28.0,2.0,-0.0040054932478827965,-0.010989010989007397,-0.004884004884004867
199056246663400,1.2911771,hold,-0.0040054932478827965,28.0,2.0,-0.0040054932478827965,-0.010989010989007397,-0.004884004884004867
199056247673900,1.2921876,hold,-0.0040054932478827965,28.0,2.0,-0.0040054932478827965,-0.010989010989007397,-0.004884004884004867
199056248675100,1.2931888,hold,-0.0040054932478827965,28.0,2.0,-0.0040054932478827965,-0.010989010989007397,-0.004884004884004867
199056249681200,1.2941949,hold,-0.0040054932478827965,28.0,2.0,-0.0040054932478827965,-0.010989010989007397,-0.004884004884004867
199056250732500,1.2952462,hold,-0.0040054932478827965,28.0,2.0,-0.0040054932478827965,-0.010989010989007397,-0.004884004884004867
199056251730400,1.2962441,hold,-0.0040054932478827965,28.0,2.0,-0.0040054932478827965,-0.010989010989007397,-0.004884004884004867
199056252730600,1.2972443,hold,-0.0040054932478827965,28.0,2.0,-0.0040054932478827965,-0.010989010989007397,-0.004884004884004867
199056253837400,1.2983511,hold,-0.0040054932478827965,28.0,2.0,-0.0040054932478827965,-0.010989010989007397,-0.004884004884004867
199056254938400,1.2994521,hold,-0.0040054932478827965,28.0,2.0,-0.0040054932478827965,-0.010989010989007397,-0.004884004884004867
199056256044200,1.3005579,hold,-0.0040054932478827965,28.0,2.0,-0.0040054932478827965,-0.010989010989007397,-0.004884004884004867
199056257161900,1.3016756,hold,-0.0040054932478827965,28.0,2.0,-0.0040054932478827965,-0.010989010989007397,-0.004884004884004867
199056257730600,1.3022443,hold,-0.0040054932478827965,28.0,2.0,-0.0040054932478827965,-0.010989010989007397,-0.004884004884004867
199056258736500,1.3032502,hold,-0.0040054932478827965,28.0,2.0,-0.0040054932478827965,-0.010989010989007397,-0.004884004884004867
199056259743200,1.3042569,hold,-0.0040054932478827965,28.0,2.0,-0.0040054932478827965,-0.010989010989007397,-0.004884004884004867
199056260748000,1.3052617,hold,-0.0040054932478827965,28.0,2.0,-0.0040054932478827965,-0.010989010989007397,-0.004884004884004867
199056261759500,1.3062732,hold,-0.0040054932478827965,28.0,2.0,-0.0040054932478827965,-0.010989010989007397,-0.004884004884004867
199056262779900,1.3072936,hold,-0.0040054932478827965,28.0,2.0,-0.0040054932478827965,-0.010989010989007397,-0.004884004884004867
199056263855900,1.3083696,hold,-0.0040054932478827965,28.0,2.0,-0.0040054932478827965,-0.010989010989007397,-0.004884004884004867
199056264768100,1.3092818,hold,-0.0040054932478827965,28.0,2.0,-0.0040054932478827965,-0.010989010989007397,-0.004884004884004867
199056265831700,1.3103454,hold,-0.0040054932478827965,28.0,2.0,-0.0040054932478827965,-0.010989010989007397,-0.004884004884004867
199056266931100,1.3114448,hold,-0.0040054932478827965,28.0,2.0,-0.0040054932478827965,-0.010989010989007397,-0.004884004884004867
199056267941200,1.3124549,hold,-0.0040054932478827965,28.0,2.0,-0.0040054932478827965,-0.010989010989007397,-0.004884004884004867
199056268951600,1.3134653,hold,-0.0040054932478827965,28.0,2.0,-0.0040054932478827965,-0.010989010989007397,-0.004884004884004867
199056269949600,1.3144633,hold,-0.0040054932478827965,28.0,2.0,-0.0040054932478827965,-0.010989010989007397,-0.004884004884004867
199056270951200,1.3154649,hold,-0.0040054932478827965,28.0,2.0,-0.0040054932478827965,-0.010989010989007397,-0.004884004884004867
199056272013100,1.3165268,hold,-0.0040054932478827965,28.0,2.0,-0.0040054932478827965,-0.010989010989007397,-0.004884004884004867
199056273068500,1.3175822,hold,-0.0040054932478827965,28.0,2.0,-0.0040054932478827965,-0.010989010989007397,-0.004884004884004867
199056273652700,1.3181664,hold,-0.0040054932478827965,28.0,2.0,-0.0040054932478827965,-0.010989010989007397,-0.004884004884004867
199056274653900,1.3191676,hold,-0.0040054932478827965,28.0,2.0,-0.0040054932478827965,-0.010989010989007397,-0.004884004884004867
199056275734700,1.3202484,hold,-0.0040054932478827965,28.0,2.0,-0.0040054932478827965,-0.010989010989007397,-0.004884004884004867
199056276907600,1.3214213,hold,-0.0040054932478827965,28.0,2.0,-0.0040054932478827965,-0.010989010989007397,-0.004884004884004867
199056277895400,1.3224091,hold,-0.0040054932478827965,28.0,2.0,-0.0040054932478827965,-0.010989010989007397,-0.004884004884004867
199056279090500,1.3236042,hold,-0.0040054932478827965,28.0,2.0,-0.0040054932478827965,-0.010989010989007397,-0.004884004884004867
199056279981600,1.3244953,hold,-0.0040054932478827965,28.0,2.0,-0.0040054932478827965,-0.010989010989007397,-0.004884004884004867
199056281558100,1.3260718,hold,-0.0040054932478827965,28.0,2.0,-0.0040054932478827965,-0.010989010989007397,-0.004884004884004867
199056281652300,1.326166,hold,-0.0040054932478827965,28.0,2.0,-0.0040054932478827965,-0.010989010989007397,-0.004884004884004867
199056282561300,1.327075,hold,-0.0040054932478827965,28.0,2.0,-0.0040054932478827965,-0.010989010989007397,-0.004884004884004867
199056283605100,1.3281188,hold,-0.0040054932478827965,28.0,2.0,-0.0040054932478827965,-0.010989010989007397,-0.004884004884004867
199056284673800,1.3291875,hold,-0.0040054932478827965,28.0,2.0,-0.0040054932478827965,-0.010989010989007397,-0.004884004884004867
199056285741900,1.3302556,hold,-0.0040054932478827965,28.0,2.0,-0.0040054932478827965,-0.010989010989007397,-0.004884004884004867
199056286788800,1.3313025,hold,-0.0040054932478827965,28.0,2.0,-0.0040054932478827965,-0.010989010989007397,-0.004884004884004867
199056287867500,1.3323812,hold,-0.0040054932478827965,28.0,2.0,-0.0040054932478827965,-0.010989010989007397,-0.004884004884004867
199056288949000,1.3334627,hold,-0.0040054932478827965,28.0,2.0,-0.0040054932478827965,-0.010989010989007397,-0.004884004884004867
199056289949100,1.3344628,hold,-0.0040054932478827965,28.0,2.0,-0.0040054932478827965,-0.010989010989007397,-0.004884004884004867
199056290950200,1.3354639,hold,-0.0040054932478827965,28.0,2.0,-0.0040054932478827965,-0.010989010989007397,-0.004884004884004867
199056292000000,1.3365137,hold,-0.0040054932478827965,28.0,2.0,-0.0040054932478827965,-0.010989010989007397,-0.004884004884004867
199056293083600,1.3375973,hold,-0.0040054932478827965,28.0,2.0,-0.0040054932478827965,-0.010989010989007397,-0.004884004884004867
199056293646800,1.3381605,hold,-0.0040054932478827965,28.0,2.0,-0.0040054932478827965,-0.010989010989007397,-0.004884004884004867
199056294862600,1.3393763,hold,-0.0040054932478827965,28.0,2.0,-0.0040054932478827965,-0.010989010989007397,-0.004884004884004867
199056296165100,1.3406788,hold,-0.0040054932478827965,28.0,2.0,-0.0040054932478827965,-0.0329670329670364,-0.004884004884004867
199056296664800,1.3411785,hold,-0.0040054932478827965,28.0,2.0,-0.0040054932478827965,-0.0329670329670364,-0.004884004884004867
199056297685800,1.3421995,hold,-0.0040054932478827965,28.0,2.0,-0.0040054932478827965,-0.0329670329670364,-0.004884004884004867
199056298670300,1.343184,hold,-0.0040054932478827965,28.0,2.0,-0.0040054932478827965,-0.0329670329670364,-0.004884004884004867
199056299672000,1.3441857,hold,-0.0040054932478827965,28.0,2.0,-0.0040054932478827965,-0.0329670329670364,-0.004884004884004867
199056300673600,1.3451873,hold,-0.0040054932478827965,28.0,2.0,-0.0040054932478827965,-0.0329670329670364,-0.004884004884004867
199056301677000,1.3461907,hold,-0.0040054932478827965,28.0,2.0,-0.0040054932478827965,-0.0329670329670364,-0.004884004884004867
199056302916400,1.3474301,hold,-0.0040054932478827965,28.0,2.0,-0.0040054932478827965,-0.0329670329670364,-0.004884004884004867
199056303926900,1.3484406,hold,-0.0040054932478827965,28.0,2.0,-0.0040054932478827965,-0.0329670329670364,-0.004884004884004867
199056305015800,1.3495295,hold,-0.0040054932478827965,28.0,2.0,-0.0040054932478827965,-0.0329670329670364,-0.004884004884004867
199056306019200,1.3505329,hold,-0.0040054932478827965,28.0,2.0,-0.0040054932478827965,-0.0329670329670364,-0.004884004884004867
199056307021600,1.3515353,hold,-0.0040054932478827965,28.0,2.0,-0.0040054932478827965,-0.0329670329670364,-0.004884004884004867
199056308112700,1.3526264,hold,-0.0040054932478827965,28.0,2.0,-0.0040054932478827965,-0.0329670329670364,-0.004884004884004867
199056308704400,1.3532181,hold,-0.0040054932478827965,28.0,2.0,-0.0040054932478827965,-0.0329670329670364,-0.004884004884004867
199056309711400,1.3542251,hold,-0.0040054932478827965,28.0,2.0,-0.0040054932478827965,-0.0329670329670364,-0.004884004884004867
199056310894700,1.3554084,hold,-0.0040054932478827965,28.0,2.0,-0.0040054932478827965,-0.0329670329670364,-0.004884004884004867
199056311792200,1.3563059,hold,-0.0040054932478827965,28.0,2.0,-0.0040054932478827965,-0.0329670329670364,-0.004884004884004867
199056312798400,1.3573121,hold,-0.0040054932478827965,28.0,2.0,-0.0040054932478827965,-0.0329670329670364,-0.004884004884004867
199056313803500,1.3583172,hold,-0.0040054932478827965,28.0,2.0,-0.0040054932478827965,-0.0329670329670364,-0.004884004884004867
199056314807100,1.3593208,hold,-0.0040054932478827965,28.0,2.0,-0.0040054932478827965,-0.0329670329670364,-0.004884004884004867
199056315882400,1.3603961,hold,-0.0040054932478827965,28.0,2.0,-0.0040054932478827965,-0.0329670329670364,-0.004884004884004867
199056316885400,1.3613991,hold,-0.0040054932478827965,28.0,2.0,-0.0040054932478827965,-0.0329670329670364,-0.004884004884004867
199056317887800,1.3624015,hold,-0.0040054932478827965,28.0,2.0,-0.0040054932478827965,-0.0329670329670364,-0.004884004884004867
199056318936300,1.36345,hold,-0.0040054932478827965,28.0,2.0,-0.0040054932478827965,-0.0329670329670364,-0.004884004884004867
199056320014200,1.3645279,hold,-0.0040054932478827965,28.0,2.0,-0.0040054932478827965,-0.0329670329670364,-0.004884004884004867
199056321226800,1.3657405,hold,-0.0040054932478827965,28.0,2.0,-0.0040054932478827965,-0.0329670329670364,-0.004884004884004867
199056321855500,1.3663692,hold,-0.0040054932478827965,28.0,2.0,-0.0040054932478827965,-0.0329670329670364,-0.004884004884004867
199056322861200,1.3673749,hold,-0.0040054932478827965,28.0,2.0,-0.0040054932478827965,-0.0329670329670364,-0.004884004884004867
199056323870600,1.3683843,hold,-0.0040054932478827965,28.0,2.0,-0.0040054932478827965,-0.0329670329670364,-0.004884004884004867
199056324875100,1.3693888,hold,-0.0040054932478827965,28.0,2.0,-0.0040054932478827965,-0.0329670329670364,-0.004884004884004867
199056326147700,1.3706614,hold,-0.0040054932478827965,28.0,2.0,-0.0040054932478827965,-0.0329670329670364,-0.004884004884004867
199056327032900,1.3715466,hold,-0.0040054932478827965,28.0,2.0,-0.0040054932478827965,-0.0329670329670364,-0.004884004884004867
199056328696300,1.37321,hold,-0.0040054932478827965,28.0,2.0,-0.0040054932478827965,-0.0329670329670364,-0.004884004884004867
199056328866000,1.3733797,hold,-0.0040054932478827965,28.0,2.0,-0.0040054932478827965,-0.0329670329670364,-0.004884004884004867
199056329649000,1.3741627,hold,-0.0040054932478827965,28.0,2.0,-0.0040054932478827965,-0.0329670329670364,-0.004884004884004867
199056330650000,1.3751637,hold,-0.0040054932478827965,28.0,2.0,-0.0040054932478827965,-0.0329670329670364,-0.004884004884004867
199056331652300,1.376166,hold,-0.0040054932478827965,28.0,2.0,-0.0040054932478827965,-0.0329670329670364,-0.004884004884004867
199056332672100,1.3771858,hold,-0.0040054932478827965,28.0,2.0,-0.0040054932478827965,-0.0329670329670364,-0.004884004884004867
199056333732100,1.3782458,hold,-0.0040054932478827965,28.0,2.0,-0.0040054932478827965,-0.0329670329670364,-0.004884004884004867
199056334781000,1.3792947,hold,-0.0040054932478827965,28.0,2.0,-0.0040054932478827965,-0.0329670329670364,-0.004884004884004867
199056335827400,1.3803411,hold,-0.0040054932478827965,28.0,2.0,-0.0040054932478827965,-0.0329670329670364,-0.004884004884004867
199056336786800,1.3813005,hold,-0.0040054932478827965,28.0,2.0,-0.0040054932478827965,-0.0329670329670364,-0.004884004884004867
199056337867200,1.3823809,hold,-0.0040054932478827965,28.0,2.0,-0.0040054932478827965,-0.0329670329670364,-0.004884004884004867
199056338956300,1.38347,hold,-0.0040054932478827965,28.0,2.0,-0.0040054932478827965,-0.0329670329670364,-0.004884004884004867
199056339997400,1.3845111,hold,-0.0040054932478827965,28.0,2.0,-0.0040054932478827965,-0.0329670329670364,-0.004884004884004867
199056340999800,1.3855135,hold,-0.0040054932478827965,28.0,2.0,-0.0040054932478827965,-0.0329670329670364,-0.004884004884004867
199056342225500,1.3867392,hold,-0.0040054932478827965,28.0,2.0,-0.0040054932478827965,-0.0329670329670364,-0.004884004884004867
199056343035000,1.3875487,hold,-0.0040054932478827965,28.0,2.0,-0.0040054932478827965,-0.0329670329670364,-0.004884004884004867
199056344035700,1.3885494,hold,-0.0040054932478827965,28.0,2.0,-0.0040054932478827965,-0.0329670329670364,-0.004884004884004867
199056345327600,1.3898413,hold,-0.0040054932478827965,28.0,2.0,-0.0040054932478827965,-0.0329670329670364,-0.004884004884004867
199056346011300,1.390525,hold,-0.0040054932478827965,28.0,2.0,-0.0040054932478827965,-0.0329670329670364,-0.004884004884004867
199056347009000,1.3915227,hold,-0.0040054932478827965,28.0,2.0,-0.0040054932478827965,-0.0329670329670364,-0.004884004884004867
199056348006800,1.3925205,hold,-0.0040054932478827965,28.0,2.0,-0.0040054932478827965,-0.0329670329670364,-0.004884004884004867
199056349007900,1.3935216,hold,-0.0040054932478827965,28.0,2.0,-0.0040054932478827965,-0.0329670329670364,-0.004884004884004867
199056350077800,1.3945915,hold,-0.0040054932478827965,28.0,2.0,-0.0040054932478827965,-0.0329670329670364,-0.004884004884004867
199056351195200,1.3957089,hold,-0.0040054932478827965,28.0,2.0,-0.0040054932478827965,-0.0329670329670364,-0.004884004884004867
199056351829800,1.3963435,hold,-0.0040054932478827965,28.0,2.0,-0.0040054932478827965,-0.0329670329670364,-0.004884004884004867
199056352832300,1.397346,hold,-0.0040054932478827965,28.0,2.0,-0.0040054932478827965,-0.0329670329670364,-0.004884004884004867
199056353952300,1.398466,hold,-0.0040054932478827965,28.0,2.0,-0.0040054932478827965,-0.0329670329670364,-0.004884004884004867
199056355054400,1.3995681,hold,-0.0040054932478827965,28.0,2.0,-0.0040054932478827965,-0.0329670329670364,-0.004884004884004867
199056356102300,1.400616,step,0.1459945067521172,28.0,2.0,-0.0040054932478827965,-0.0329670329670364,-0.004884004884004867
199056357264500,1.4017782,step,0.1459945067521172,28.0,2.0,-0.0040054932478827965,-0.0329670329670364,-0.004884004884004867
199056357669900,1.4021836,step,0.1459945067521172,28.0,2.0,-0.0040054932478827965,-0.0329670329670364,-0.004884004884004867
199056358669300,1.403183,step,0.1459945067521172,28.0,2.0,-0.0040054932478827965,-0.0329670329670364,-0.004884004884004867
199056359675000,1.4041887,step,0.1459945067521172,28.0,2.0,-0.0040054932478827965,-0.0329670329670364,-0.004884004884004867
199056360681100,1.4051948,step,0.1459945067521172,28.0,2.0,-0.0040054932478827965,-0.0329670329670364,-0.004884004884004867
199056361772100,1.4062858,step,0.1459945067521172,28.0,2.0,-0.0040054932478827965,-0.0329670329670364,-0.004884004884004867
199056362896300,1.40741,step,0.1459945067521172,28.0,2.0,-0.0040054932478827965,-0.0329670329670364,-0.004884004884004867
199056363966100,1.4084798,step,0.1459945067521172,28.0,2.0,-0.0040054932478827965,-0.0329670329670364,-0.004884004884004867
199056365329700,1.4098434,step,0.1459945067521172,28.0,2.0,-0.0040054932478827965,-0.0329670329670364,-0.004884004884004867
199056365951000,1.4104647,step,0.1459945067521172,28.0,2.0,-0.0040054932478827965,-0.0329670329670364,-0.004884004884004867
199056366964800,1.4114785,step,0.1459945067521172,28.0,2.0,-0.0040054932478827965,-0.0329670329670364,-0.004884004884004867
199056367988000,1.4125017,step,0.1459945067521172,28.0,2.0,-0.0040054932478827965,-0.0329670329670364,-0.004884004884004867
199056369094100,1.4136078,step,0.1459945067521172,28.0,2.0,-0.0040054932478827965,-0.0329670329670364,-0.004884004884004867
199056370236200,1.4147499,step,0.1459945067521172,28.0,2.0,-0.0040054932478827965,-0.0329670329670364,-0.004884004884004867
199056370853300,1.415367,step,0.1459945067521172,28.0,2.0,-0.0040054932478827965,-0.0329670329670364,-0.004884004884004867
199056371855700,1.4163694,step,0.1459945067521172,28.0,2.0,-0.0040054932478827965,-0.0329670329670364,-0.004884004884004867
199056373056200,1.4175699,step,0.1459945067521172,28.0,2.0,-0.0040054932478827965,-0.0329670329670364,-0.004884004884004867
199056373965800,1.4184795,step,0.1459945067521172,28.0,2.0,-0.0040054932478827965,-0.0329670329670364,-0.004884004884004867
199056374969300,1.419483,step,0.1459945067521172,28.0,2.0,-0.0040054932478827965,-0.0329670329670364,-0.004884004884004867
199056376073400,1.4205871,step,0.1459945067521172,28.0,2.0,-0.0040054932478827965,-0.0329670329670364,-0.004884004884004867
199056377164900,1.4216786,step,0.1459945067521172,28.0,2.0,-0.0040054932478827965,-0.0329670329670364,-0.004884004884004867
199056377726600,1.4222403,step,0.1459945067521172,28.0,2.0,-0.0040054932478827965,-0.0329670329670364,-0.004884004884004867
199056378729500,1.4232432,step,0.1459945067521172,28.0,2.0,-0.0040054932478827965,-0.0329670329670364,-0.004884004884004867
199056379798500,1.4243122,step,0.1459945067521172,28.0,2.0,-0.0040054932478827965,-0.0329670329670364,-0.004884004884004867
199056380863600,1.4253773,step,0.1459945067521172,28.0,2.0,-0.0040054932478827965,-0.0329670329670364,-0.004884004884004867
199056381946400,1.4264601,step,0.1459945067521172,28.0,2.0,-0.0040054932478827965,-0.0329670329670364,-0.004884004884004867
199056382990300,1.427504,step,0.1459945067521172,28.0,2.0,-0.0040054932478827965,-0.0329670329670364,-0.004884004884004867
199056384081900,1.4285956,step,0.1459945067521172,28.0,2.0,-0.0040054932478827965,-0.0329670329670364,-0.004884004884004867
199056385200300,1.429714,step,0.1459945067521172,28.0,2.0,-0.0040054932478827965,-0.0329670329670364,-0.004884004884004867
199056385821700,1.4303354,step,0.1459945067521172,28.0,2.0,-0.0040054932478827965,-0.0329670329670364,-0.004884004884004867
199056386849900,1.4313636,step,0.1459945067521172,28.0,2.0,-0.0040054932478827965,-0.0329670329670364,-0.004884004884004867
199056387986600,1.4325003,step,0.1459945067521172,28.0,2.0,-0.0040054932478827965,-0.0329670329670364,-0.004884004884004867
199056389091600,1.4336053,step,0.1459945067521172,28.0,2.0,-0.0040054932478827965,-0.0329670329670364,-0.004884004884004867
199056390039400,1.4345531,step,0.1459945067521172,28.0,2.0,-0.0040054932478827965,-0.0329670329670364,-0.004884004884004867
199056391039800,1.4355535,step,0.1459945067521172,28.0,2.0,-0.0040054932478827965,-0.0329670329670364,-0.004884004884004867
199056392151800,1.4366655,step,0.1459945067521172,28.0,2.0,-0.0040054932478827965,-0.0329670329670364,-0.004884004884004867
199056392752500,1.4372662,step,0.1459945067521172,28.0,2.0,-0.0040054932478827965,-0.0329670329670364,-0.004884004884004867
199056393754900,1.4382686,step,0.1459945067521172,28.0,2.0,-0.0040054932478827965,-0.0329670329670364,-0.004884004884004867
199056394822400,1.4393361,step,0.1459945067521172,28.0,2.0,-0.0040054932478827965,-0.0329670329670364,-0.004884004884004867
199056395896500,1.4404102,step,0.1459945067521172,28.0,2.0,-0.0040054932478827965,-0.0329670329670364,-0.004884004884004867
199056397015500,1.4415292,step,0.1459945067521172,28.0,2.0,-0.0040054932478827965,-0.0329670329670364,-0.004884004884004867
199056398021300,1.442535,step,0.1459945067521172,28.0,2.0,-0.0040054932478827965,-0.0329670329670364,-0.004884004884004867
199056399044700,1.4435584,step,0.1459945067521172,28.0,2.0,-0.0040054932478827965,-0.0329670329670364,-0.004884004884004867
199056400168000,1.4446817,step,0.1459945067521172,28.0,2.0,-0.0040054932478827965,-0.0329670329670364,-0.004884004884004867
199056400761200,1.4452749,step,0.1459945067521172,28.0,2.0,-0.0040054932478827965,-0.0329670329670364,-0.004884004884004867
199056401785700,1.4462994,step,0.1459945067521172,28.0,2.0,-0.0040054932478827965,-0.0329670329670364,-0.004884004884004867
199056402875100,1.4473888,step,0.1459945067521172,28.0,2.0,-0.0040054932478827965,-0.0329670329670364,-0.004884004884004867
199056403951600,1.4484653,step,0.1459945067521172,28.0,2.0,-0.0040054932478827965,-0.0329670329670364,-0.004884004884004867
199056405177700,1.4496914,step,0.1459945067521172,28.0,2.0,-0.0040054932478827965,-0.0329670329670364,-0.004884004884004867
199056405908200,1.4504219,step,0.1459945067521172,28.0,2.0,-0.0040054932478827965,-0.010989010989007397,-0.004884004884004867
199056406913600,1.4514273,step,0.1459945067521172,28.0,2.0,-0.0040054932478827965,-0.010989010989007397,-0.004884004884004867
199056408052900,1.4525666,step,0.1459945067521172,28.0,2.0,-0.0040054932478827965,-0.010989010989007397,-0.004884004884004867
199056409049700,1.4535634,step,0.1459945067521172,28.0,2.0,-0.0040054932478827965,-0.010989010989007397,-0.004884004884004867
199056410161800,1.4546755,step,0.1459945067521172,28.0,2.0,-0.0040054932478827965,-0.010989010989007397,-0.004884004884004867
199056410775500,1.4552892,step,0.1459945067521172,28.0,2.0,-0.0040054932478827965,-0.010989010989007397,-0.004884004884004867
199056411902800,1.4564165,step,0.1459945067521172,28.0,2.0,-0.0040054932478827965,-0.010989010989007397,-0.004884004884004867
199056413026500,1.4575402,step,0.1459945067521172,28.0,2.0,-0.0040054932478827965,-0.010989010989007397,-0.004884004884004867
199056414177100,1.4586908,step,0.1459945067521172,28.0,2.0,-0.0040054932478827965,-0.010989010989007397,-0.004884004884004867
199056415295300,1.459809,step,0.1459945067521172,28.0,2.0,-0.0040054932478827965,-0.010989010989007397,-0.004884004884004867
199056415886100,1.4603998,step,0.1459945067521172,28.0,2.0,-0.0040054932478827965,-0.010989010989007397,-0.004884004884004867
199056416913700,1.4614274,step,0.1459945067521172,28.0,2.0,-0.0040054932478827965,-0.010989010989007397,-0.004884004884004867
199056417990900,1.4625046,step,0.1459945067521172,28.0,2.0,-0.0040054932478827965,-0.010989010989007397,-0.004884004884004867
199056419052000,1.4635657,step,0.1459945067521172,28.0,2.0,-0.0040054932478827965,-0.010989010989007397,-0.004884004884004867
199056420108400,1.4646221,step,0.1459945067521172,28.0,2.0,-0.0040054932478827965,-0.010989010989007397,-0.004884004884004867
199056420777200,1.4652909,step,0.1459945067521172,28.0,2.0,-0.0040054932478827965,-0.010989010989007397,-0.004884004884004867
199056421718300,1.466232,step,0.1459945067521172,28.0,2.0,-0.0040054932478827965,-0.010989010989007397,-0.004884004884004867
199056422798000,1.4673117,step,0.1459945067521172,28.0,2.0,-0.0040054932478827965,-0.010989010989007397,-0.004884004884004867
199056423833400,1.4683471,step,0.1459945067521172,28.0,2.0,-0.0040054932478827965,-0.010989010989007397,-0.004884004884004867
199056424867800,1.4693815,step,0.1459945067521172,28.0,2.0,-0.0040054932478827965,-0.010989010989007397,-0.004884004884004867
199056425915200,1.4704289,step,0.1459945067521172,28.0,2.0,-0.0040054932478827965,-0.010989010989007397,-0.004884004884004867
199056426951100,1.4714648,step,0.1459945067521172,28.0,2.0,-0.0040054932478827965,-0.010989010989007397,-0.004884004884004867
199056427988400,1.4725021,step,0.1459945067521172,28.0,2.0,-0.0040054932478827965,-0.010989010989007397,-0.004884004884004867
199056429026600,1.4735403,step,0.1459945067521172,28.0,2.0,-0.0040054932478827965,-0.010989010989007397,-0.004884004884004867
199056430093200,1.4746069,step,0.1459945067521172,28.0,2.0,-0.0040054932478827965,-0.010989010989007397,-0.004884004884004867
199056430700800,1.4752145,step,0.1459945067521172,28.0,2.0,-0.0040054932478827965,-0.010989010989007397,-0.004884004884004867
199056431786600,1.4763003,step,0.1459945067521172,28.0,2.0,-0.0040054932478827965,-0.010989010989007397,-0.004884004884004867
199056432864200,1.4773779,step,0.1459945067521172,28.0,2.0,-0.0040054932478827965,-0.010989010989007397,-0.004884004884004867
199056433937900,1.4784516,step,0.1459945067521172,28.0,2.0,-0.0040054932478827965,-0.010989010989007397,-0.004884004884004867
199056434977800,1.4794915,step,0.1459945067521172,28.0,2.0,-0.0040054932478827965,-0.010989010989007397,-0.004884004884004867
199056436126500,1.4806402,step,0.1459945067521172,28.0,2.0,-0.0040054932478827965,-0.010989010989007397,-0.004884004884004867
199056437345600,1.4818593,step,0.1459945067521172,28.0,2.0,-0.0040054932478827965,-0.010989010989007397,-0.004884004884004867
199056437958300,1.482472,step,0.1459945067521172,28.0,2.0,-0.0040054932478827965,-0.010989010989007397,-0.004884004884004867
199056438968500,1.4834822,step,0.1459945067521172,28.0,2.0,-0.0040054932478827965,-0.010989010989007397,-0.004884004884004867
199056439963300,1.484477,step,0.1459945067521172,28.0,2.0,-0.0040054932478827965,-0.010989010989007397,-0.004884004884004867
199056440969700,1.4854834,step,0.1459945067521172,28.0,2.0,-0.0040054932478827965,-0.010989010989007397,-0.004884004884004867
199056441988500,1.4865022,step,0.1459945067521172,28.0,2.0,-0.0040054932478827965,-0.010989010989007397,-0.004884004884004867
199056442976900,1.4874906,step,0.1459945067521172,28.0,2.0,-0.0040054932478827965,-0.010989010989007397,-0.004884004884004867
199056444002400,1.4885161,step,0.1459945067521172,28.0,2.0,-0.0040054932478827965,-0.010989010989007397,-0.004884004884004867
199056444983700,1.4894974,step,0.1459945067521172,28.0,2.0,-0.0040054932478827965,-0.010989010989007397,-0.004884004884004867
199056445992000,1.4905057,step,0.1459945067521172,28.0,2.0,-0.0040054932478827965,-0.010989010989007397,-0.004884004884004867
199056446995700,1.4915094,step,0.1459945067521172,28.0,2.0,-0.0040054932478827965,-0.010989010989007397,-0.004884004884004867
199056447999300,1.492513,step,0.1459945067521172,28.0,2.0,-0.0040054932478827965,-0.010989010989007397,-0.004884004884004867
199056449032500,1.4935462,step,0.1459945067521172,28.0,2.0,-0.0040054932478827965,-0.010989010989007397,-0.004884004884004867
199056450011500,1.4945252,step,0.1459945067521172,28.0,2.0,-0.0040054932478827965,-0.010989010989007397,-0.004884004884004867
199056451015100,1.4955288,step,0.1459945067521172,28.0,2.0,-0.0040054932478827965,-0.010989010989007397,-0.004884004884004867
199056452164600,1.4966783,step,0.1459945067521172,28.0,2.0,-0.0040054932478827965,-0.010989010989007397,-0.004884004884004867
199056453095100,1.4976088,step,0.1459945067521172,28.0,2.0,-0.0040054932478827965,-0.010989010989007397,-0.004884004884004867
199056454098200,1.4986119,step,0.1459945067521172,28.0,2.0,-0.0040054932478827965,-0.010989010989007397,-0.004884004884004867
199056454706400,1.4992201,step,0.1459945067521172,28.0,2.0,-0.0040054932478827965,-0.010989010989007397,-0.004884004884004867
199056455712700,1.5002264,step,0.1459945067521172,28.0,2.0,-0.0040054932478827965,-0.010989010989007397,-0.004884004884004867
199056456831200,1.5013449,step,0.1459945067521172,28.0,2.0,-0.0040054932478827965,-0.010989010989007397,-0.004884004884004867
199056457937200,1.5024509,step,0.1459945067521172,28.0,2.0,-0.0040054932478827965,-0.010989010989007397,-0.004884004884004867
199056458995100,1.5035088,step,0.1459945067521172,28.0,2.0,-0.0040054932478827965,-0.010989010989007397,-0.004884004884004867
199056460067700,1.5045814,step,0.1459945067521172,28.0,2.0,-0.0040054932478827965,-0.010989010989007397,-0.004884004884004867
199056461190300,1.505704,step,0.1459945067521172,28.0,2.0,-0.0040054932478827965,-0.010989010989007397,-0.004884004884004867
199056461689200,1.5062029,step,0.1459945067521172,28.0,2.0,-0.0040054932478827965,-0.010989010989007397,-0.004884004884004867
199056462691600,1.5072053,step,0.1459945067521172,28.0,2.0,-0.0040054932478827965,-0.010989010989007397,-0.004884004884004867
199056464013200,1.5085269,step,0.1459945067521172,28.0,2.0,-0.0040054932478827965,-0.010989010989007397,-0.004884004884004867
199056465609700,1.5101234,step,0.1459945067521172,28.0,2.0,-0.0040054932478827965,-0.010989010989007397,-0.004884004884004867
199056465700500,1.5102142,step,0.1459945067521172,28.0,2.0,-0.0040054932478827965,-0.010989010989007397,-0.004884004884004867
199056466580800,1.5110945,step,0.1459945067521172,28.0,2.0,-0.0040054932478827965,-0.010989010989007397,-0.004884004884004867
199056468253700,1.5127674,step,0.1459945067521172,28.0,2.0,-0.0040054932478827965,-0.010989010989007397,-0.004884004884004867
199056469195300,1.513709,step,0.1459945067521172,28.0,2.0,-0.0040054932478827965,-0.010989010989007397,-0.004884004884004867
199056469694500,1.5142082,step,0.1459945067521172,28.0,2.0,-0.0040054932478827965,-0.010989010989007397,-0.004884004884004867
199056470726400,1.5152401,step,0.1459945067521172,28.0,2.0,-0.0040054932478827965,-0.010989010989007397,-0.004884004884004867
199056471809000,1.5163227,step,0.1459945067521172,28.0,2.0,-0.0040054932478827965,-0.010989010989007397,-0.004884004884004867
199056472883100,1.5173968,step,0.1459945067521172,28.0,2.0,-0.0040054932478827965,-0.010989010989007397,-0.004884004884004867
199056473982100,1.5184958,step,0.1459945067521172,28.0,2.0,-0.0040054932478827965,-0.010989010989007397,-0.004884004884004867
199056475069100,1.5195828,step,0.1459945067521172,28.0,2.0,-0.0040054932478827965,-0.010989010989007397,-0.004884004884004867
199056475571600,1.5200853,step,0.1459945067521172,28.0,2.0,-0.0040054932478827965,-0.010989010989007397,-0.004884004884004867
199056477173300,1.521687,step,0.1459945067521172,28.0,2.0,-0.0040054932478827965,-0.010989010989007397,-0.004884004884004867
199056477770600,1.5222843,step,0.1459945067521172,28.0,2.0,-0.0040054932478827965,-0.010989010989007397,-0.004884004884004867
199056478771200,1.5232849,step,0.1459945067521172,28.0,2.0,-0.0040054932478827965,-0.010989010989007397,-0.004884004884004867
199056479833100,1.5243468,step,0.1459945067521172,28.0,2.0,-0.0040054932478827965,-0.010989010989007397,-0.004884004884004867
199056480929100,1.5254428,step,0.1459945067521172,28.0,2.0,-0.0040054932478827965,-0.010989010989007397,-0.004884004884004867
199056481936300,1.52645,step,0.1459945067521172,28.0,2.0,-0.0040054932478827965,-0.010989010989007397,-0.004884004884004867
199056482938500,1.5274522,step,0.1459945067521172,28.0,2.0,-0.0040054932478827965,-0.010989010989007397,-0.004884004884004867
199056484071800,1.5285855,step,0.1459945067521172,28.0,2.0,-0.0040054932478827965,-0.010989010989007397,-0.004884004884004867
199056485010300,1.529524,step,0.1459945067521172,28.0,2.0,-0.0040054932478827965,-0.010989010989007397,-0.004884004884004867
199056486016600,1.5305303,step,0.1459945067521172,28.0,2.0,-0.0040054932478827965,-0.010989010989007397,-0.004884004884004867
199056487138800,1.5316525,step,0.1459945067521172,28.0,2.0,-0.0040054932478827965,-0.010989010989007397,-0.004884004884004867
199056487750200,1.5322639,step,0.1459945067521172,28.0,2.0,-0.0040054932478827965,-0.010989010989007397,-0.004884004884004867
199056488824400,1.5333381,step,0.1459945067521172,28.0,2.0,-0.0040054932478827965,-0.010989010989007397,-0.004884004884004867
199056489757500,1.5342712,step,0.1459945067521172,28.0,2.0,-0.0040054932478827965,-0.010989010989007397,-0.004884004884004867
199056490779600,1.5352933,step,0.1459945067521172,28.0,2.0,-0.0040054932478827965,-0.010989010989007397,-0.004884004884004867
199056491781300,1.536295,step,0.1459945067521172,28.0,2.0,-0.0040054932478827965,-0.010989010989007397,-0.004884004884004867
199056492766200,1.5372799,step,0.1459945067521172,28.0,2.0,-0.0040054932478827965,-0.010989010989007397,-0.004884004884004867
199056493769200,1.5382829,step,0.1459945067521172,28.0,2.0,-0.0040054932478827965,-0.010989010989007397,-0.004884004884004867
199056494770900,1.5392846,step,0.1459945067521172,28.0,2.0,-0.0040054932478827965,-0.010989010989007397,-0.004884004884004867
199056495860500,1.5403742,step,0.1459945067521172,28.0,2.0,-0.0040054932478827965,-0.010989010989007397,-0.004884004884004867
199056496948200,1.5414619,step,0.1459945067521172,28.0,2.0,-0.0040054932478827965,-0.010989010989007397,-0.004884004884004867
199056497947100,1.5424608,step,0.1459945067521172,28.0,2.0,-0.0040054932478827965,-0.010989010989007397,-0.004884004884004867
199056499011800,1.5435255,step,0.1459945067521172,28.0,2.0,-0.0040054932478827965,-0.010989010989007397,-0.004884004884004867
199056499961400,1.5444751,step,0.1459945067521172,28.0,2.0,-0.0040054932478827965,-0.010989010989007397,-0.004884004884004867
199056500986000,1.5454997,step,0.1459945067521172,28.0,2.0,-0.0040054932478827965,-0.010989010989007397,-0.004884004884004867
199056501968400,1.5464821,step,0.1459945067521172,28.0,2.0,-0.0040054932478827965,-0.010989010989007397,-0.004884004884004867
199056502970600,1.5474843,step,0.1459945067521172,28.0,2.0,-0.0040054932478827965,-0.010989010989007397,-0.004884004884004867
199056504094500,1.5486082,step,0.1459945067521172,28.0,2.0,-0.0040054932478827965,-0.010989010989007397,-0.004884004884004867
199056505238700,1.5497524,step,0.1459945067521172,28.0,2.0,-0.0040054932478827965,-0.010989010989007397,-0.004884004884004867
199056505853800,1.5503675,step,0.1459945067521172,28.0,2.0,-0.0040054932478827965,-0.010989010989007397,-0.004884004884004867
199056506856100,1.5513698,step,0.1459945067521172,28.0,2.0,-0.0040054932478827965,-0.010989010989007397,-0.004884004884004867
199056507858300,1.552372,step,0.1459945067521172,28.0,2.0,-0.0040054932478827965,-0.010989010989007397,-0.004884004884004867
199056508861800,1.5533755,step,0.1459945067521172,28.0,2.0,-0.0040054932478827965,-0.010989010989007397,-0.004884004884004867
199056509895500,1.5544092,step,0.1459945067521172,28.0,2.0,-0.0040054932478827965,-0.010989010989007397,-0.004884004884004867
199056510869200,1.5553829,step,0.1459945067521172,28.0,2.0,-0.0040054932478827965,-0.010989010989007397,-0.004884004884004867
199056511964700,1.5564784,step,0.1459945067521172,28.0,2.0,-0.0040054932478827965,-0.010989010989007397,-0.004884004884004867
199056512947600,1.5574613,step,0.1459945067521172,28.0,2.0,-0.0040054932478827965,-0.010989010989007397,-0.004884004884004867
199056513955000,1.5584687,step,0.1459945067521172,28.0,2.0,-0.0040054932478827965,-0.010989010989007397,-0.004884004884004867
199056515160700,1.5596744,step,0.1459945067521172,28.0,2.0,-0.0040054932478827965,-0.010989010989007397,-0.004884004884004867
199056516548700,1.5610624,step,0.1459945067521172,28.0,2.0,-0.0040054932478827965,-0.010989010989007397,-0.0146520146520146
199056516699900,1.5612136,step,0.1459945067521172,28.0,2.0,-0.0040054932478827965,-0.010989010989007397,-0.0146520146520146
199056517859700,1.5623734,step,0.1459945067521172,28.0,2.0,-0.0040054932478827965,-0.010989010989007397,-0.0146520146520146
199056519461300,1.563975,step,0.1459945067521172,28.0,2.0,-0.0040054932478827965,-0.010989010989007397,-0.0146520146520146
199056520076600,1.5645903,step,0.1459945067521172,28.0,2.0,-0.0040054932478827965,-0.010989010989007397,-0.0146520146520146
199056521099400,1.5656131,step,0.1459945067521172,28.0,2.0,-0.0040054932478827965,-0.010989010989007397,-0.0146520146520146
199056522101200,1.5666149,step,0.1459945067521172,28.0,2.0,-0.0040054932478827965,-0.010989010989007397,-0.0146520146520146
199056523093300,1.567607,step,0.1459945067521172,28.0,2.0,-0.0040054932478827965,-0.010989010989007397,-0.0146520146520146
199056524090400,1.5686041,step,0.1459945067521172,28.0,2.0,-0.0040054932478827965,-0.010989010989007397,-0.0146520146520146
199056524688700,1.5692024,step,0.1459945067521172,28.0,2.0,-0.0040054932478827965,-0.010989010989007397,-0.0146520146520146
199056525829800,1.5703435,step,0.1459945067521172,28.0,2.0,-0.0040054932478827965,-0.010989010989007397,-0.0146520146520146
199056526882500,1.5713962,step,0.1459945067521172,28.0,2.0,-0.0040054932478827965,-0.010989010989007397,-0.0146520146520146
199056527885400,1.5723991,step,0.1459945067521172,28.0,2.0,-0.0040054932478827965,-0.010989010989007397,-0.0146520146520146
199056528890000,1.5734037,step,0.1459945067521172,28.0,2.0,-0.0040054932478827965,-0.010989010989007397,-0.0146520146520146
199056529995400,1.5745091,step,0.1459945067521172,28.0,2.0,-0.0040054932478827965,-0.010989010989007397,-0.0146520146520146
199056530900300,1.575414,step,0.1459945067521172,28.0,2.0,-0.0040054932478827965,-0.010989010989007397,-0.0146520146520146
199056532117600,1.5766313,step,0.1459945067521172,28.0,2.0,-0.0040054932478827965,-0.010989010989007397,-0.0146520146520146
199056532727900,1.5772416,step,0.1459945067521172,28.0,2.0,-0.0040054932478827965,-0.010989010989007397,-0.0146520146520146
199056533731700,1.5782454,step,0.1459945067521172,28.0,2.0,-0.0040054932478827965,-0.010989010989007397,-0.0146520146520146
199056534738400,1.5792521,step,0.1459945067521172,28.0,2.0,-0.0040054932478827965,-0.010989010989007397,-0.0146520146520146
199056535742600,1.5802563,step,0.1459945067521172,28.0,2.0,-0.0040054932478827965,-0.010989010989007397,-0.0146520146520146
199056536783100,1.5812968,step,0.1459945067521172,28.0,2.0,-0.0040054932478827965,-0.010989010989007397,-0.0146520146520146
199056537809400,1.5823231,step,0.1459945067521172,28.0,2.0,-0.0040054932478827965,-0.010989010989007397,-0.0146520146520146
199056538794300,1.583308,step,0.1459945067521172,28.0,2.0,-0.0040054932478827965,-0.010989010989007397,-0.0146520146520146
199056540240200,1.5847539,step,0.1459945067521172,28.0,2.0,-0.0040054932478827965,-0.010989010989007397,-0.0146520146520146
199056540853600,1.5853673,step,0.1459945067521172,28.0,2.0,-0.0040054932478827965,-0.010989010989007397,-0.0146520146520146
199056541857300,1.586371,step,0.1459945067521172,28.0,2.0,-0.0040054932478827965,-0.010989010989007397,-0.0146520146520146
199056542898800,1.5874125,step,0.1459945067521172,28.0,2.0,-0.0040054932478827965,-0.010989010989007397,-0.0146520146520146
199056543996200,1.5885099,step,0.1459945067521172,28.0,2.0,-0.0040054932478827965,-0.010989010989007397,-0.0146520146520146
199056545183600,1.5896973,step,0.1459945067521172,28.0,2.0,-0.0040054932478827965,-0.010989010989007397,-0.0146520146520146
199056546520100,1.5910338,step,0.1459945067521172,28.0,2.0,-0.0040054932478827965,-0.010989010989007397,-0.0146520146520146
199056546623900,1.5911376,step,0.1459945067521172,28.0,2.0,-0.0040054932478827965,-0.010989010989007397,-0.0146520146520146
199056548378700,1.5928924,step,0.1459945067521172,28.0,2.0,-0.0040054932478827965,-0.010989010989007397,-0.0146520146520146
199056549037900,1.5935516,step,0.1459945067521172,28.0,2.0,-0.0040054932478827965,-0.010989010989007397,-0.0146520146520146
199056550043300,1.594557,step,0.1459945067521172,28.0,2.0,-0.0040054932478827965,-0.010989010989007397,-0.0146520146520146
199056551129600,1.5956433,step,0.1459945067521172,28.0,2.0,-0.0040054932478827965,-0.010989010989007397,-0.0146520146520146
199056551708500,1.5962222,step,0.1459945067521172,28.0,2.0,-0.0040054932478827965,-0.010989010989007397,-0.0146520146520146
199056552710800,1.5972245,step,0.1459945067521172,28.0,2.0,-0.0040054932478827965,-0.010989010989007397,-0.0146520146520146
199056553775900,1.5982896,step,0.1459945067521172,28.0,2.0,-0.0040054932478827965,-0.010989010989007397,-0.0146520146520146
199056554831100,1.5993448,step,0.1459945067521172,28.0,2.0,-0.0040054932478827965,-0.010989010989007397,-0.0146520146520146
199056555876500,1.6003902,step,0.1459945067521172,28.0,2.0,-0.0040054932478827965,-0.010989010989007397,-0.0146520146520146
199056556911700,1.6014254,step,0.1459945067521172,28.0,2.0,-0.0040054932478827965,-0.010989010989007397,-0.0146520146520146
199056557972500,1.6024862,step,0.1459945067521172,28.0,2.0,-0.0040054932478827965,-0.010989010989007397,-0.0146520146520146
199056559049700,1.6035634,step,0.1459945067521172,28.0,2.0,-0.0040054932478827965,-0.010989010989007397,-0.0146520146520146
199056560104000,1.6046177,step,0.1459945067521172,28.0,2.0,-0.0040054932478827965,-0.010989010989007397,-0.0146520146520146
199056561356500,1.6058702,step,0.1459945067521172,28.0,2.0,-0.0040054932478827965,-0.010989010989007397,-0.0146520146520146
199056561693200,1.6062069,step,0.1459945067521172,28.0,2.0,-0.0040054932478827965,-0.010989010989007397,-0.0146520146520146
199056562693500,1.6072072,step,0.1459945067521172,28.0,2.0,-0.0040054932478827965,-0.010989010989007397,-0.0146520146520146
199056563737500,1.6082512,step,0.1459945067521172,28.0,2.0,-0.0040054932478827965,-0.010989010989007397,-0.0146520146520146
199056564747400,1.6092611,step,0.1459945067521172,28.0,2.0,-0.0040054932478827965,-0.010989010989007397,-0.0146520146520146
199056565759900,1.6102736,step,0.1459945067521172,28.0,2.0,-0.0040054932478827965,-0.010989010989007397,-0.0146520146520146
199056566812500,1.6113262,step,0.1459945067521172,28.0,2.0,-0.0040054932478827965,-0.010989010989007397,-0.0146520146520146
199056567914600,1.6124283,step,0.1459945067521172,28.0,2.0,-0.0040054932478827965,-0.010989010989007397,-0.0146520146520146
199056568890900,1.6134046,step,0.1459945067521172,28.0,2.0,-0.0040054932478827965,-0.010989010989007397,-0.0146520146520146
199056569943000,1.6144567,step,0.1459945067521172,28.0,2.0,-0.0040054932478827965,-0.010989010989007397,-0.0146520146520146
199056570960800,1.6154745,step,0.1459945067521172,28.0,2.0,-0.0040054932478827965,-0.010989010989007397,-0.0146520146520146
199056571953300,1.616467,step,0.1459945067521172,28.0,2.0,-0.0040054932478827965,-0.010989010989007397,-0.0146520146520146
199056572958900,1.6174726,step,0.1459945067521172,28.0,2.0,-0.0040054932478827965,-0.010989010989007397,-0.0146520146520146
199056573963400,1.6184771,step,0.1459945067521172,28.0,2.0,-0.0040054932478827965,-0.010989010989007397,-0.0146520146520146
199056574968000,1.6194817,step,0.1459945067521172,28.0,2.0,-0.0040054932478827965,-0.010989010989007397,-0.0146520146520146
199056575972800,1.6204865,step,0.1459945067521172,28.0,2.0,-0.0040054932478827965,-0.010989010989007397,-0.0146520146520146
199056577171300,1.621685,step,0.1459945067521172,28.0,2.0,-0.0040054932478827965,-0.010989010989007397,-0.0146520146520146
199056578364800,1.6228785,step,0.1459945067521172,28.0,2.0,-0.0040054932478827965,-0.010989010989007397,-0.0146520146520146
199056578969500,1.6234832,step,0.1459945067521172,28.0,2.0,-0.0040054932478827965,-0.010989010989007397,-0.0146520146520146
199056579971200,1.6244849,step,0.1459945067521172,28.0,2.0,-0.0040054932478827965,-0.010989010989007397,-0.0146520146520146
199056581065200,1.6255789,step,0.1459945067521172,28.0,2.0,-0.0040054932478827965,-0.010989010989007397,-0.0146520146520146
199056582141300,1.626655,step,0.1459945067521172,28.0,2.0,-0.0040054932478827965,-0.010989010989007397,-0.0146520146520146
199056583235400,1.6277491,step,0.1459945067521172,28.0,2.0,-0.0040054932478827965,-0.010989010989007397,-0.0146520146520146
199056583836900,1.6283506,step,0.1459945067521172,28.0,2.0,-0.0040054932478827965,-0.010989010989007397,-0.0146520146520146
199056584844300,1.629358,step,0.1459945067521172,28.0,2.0,-0.0040054932478827965,-0.010989010989007397,-0.0146520146520146
199056586003800,1.6305175,step,0.1459945067521172,28.0,2.0,-0.0040054932478827965,-0.010989010989007397,-0.0146520146520146
199056587003700,1.6315174,step,0.1459945067521172,28.0,2.0,-0.0040054932478827965,-0.010989010989007397,-0.0146520146520146
199056588146000,1.6326597,step,0.1459945067521172,28.0,2.0,-0.0040054932478827965,-0.010989010989007397,-0.0146520146520146
199056588753100,1.6332668,step,0.1459945067521172,28.0,2.0,-0.0040054932478827965,-0.010989010989007397,-0.0146520146520146
199056589789200,1.6343029,step,0.1459945067521172,28.0,2.0,-0.0040054932478827965,-0.010989010989007397,-0.0146520146520146
199056597788600,1.6423023,step,0.1459945067521172,28.0,2.0,-0.0040054932478827965,-0.010989010989007397,-0.0146520146520146
199056597943300,1.642457,step,0.1459945067521172,28.0,2.0,-0.0040054932478827965,-0.010989010989007397,-0.0146520146520146
199056598037400,1.6425511,step,0.1459945067521172,28.0,2.0,-0.0040054932478827965,-0.010989010989007397,-0.0146520146520146
199056598113900,1.6426276,step,0.1459945067521172,28.0,2.0,-0.0040054932478827965,-0.010989010989007397,-0.0146520146520146
199056598178900,1.6426926,step,0.1459945067521172,28.0,2.0,-0.0040054932478827965,-0.010989010989007397,-0.0146520146520146
199056598241000,1.6427547,step,0.1459945067521172,28.0,2.0,-0.0040054932478827965,-0.010989010989007397,-0.0146520146520146
199056598329300,1.642843,step,0.1459945067521172,28.0,2.0,-0.0040054932478827965,-0.010989010989007397,-0.0146520146520146
199056598442000,1.6429557,step,0.1459945067521172,28.0,2.0,-0.0040054932478827965,-0.010989010989007397,-0.0146520146520146
199056599072500,1.6435862,step,0.1459945067521172,28.0,2.0,-0.0040054932478827965,-0.010989010989007397,-0.0146520146520146
199056599665300,1.644179,step,0.1459945067521172,28.0,2.0,-0.0040054932478827965,-0.010989010989007397,-0.0146520146520146
199056600668500,1.6451822,step,0.1459945067521172,28.0,2.0,-0.0040054932478827965,-0.010989010989007397,-0.0146520146520146
199056601675600,1.6461893,step,0.1459945067521172,28.0,2.0,-0.0040054932478827965,-0.010989010989007397,-0.0146520146520146
199056602681600,1.6471953,step,0.1459945067521172,28.0,2.0,-0.0040054932478827965,-0.010989010989007397,-0.0146520146520146
199056603695400,1.6482091,step,0.1459945067521172,28.0,2.0,-0.0040054932478827965,-0.010989010989007397,-0.0146520146520146
199056604706800,1.6492205,step,0.1459945067521172,28.0,2.0,-0.0040054932478827965,-0.010989010989007397,-0.0146520146520146
199056605767300,1.650281,step,0.1459945067521172,28.0,2.0,-0.0040054932478827965,-0.010989010989007397,-0.0146520146520146
199056606902800,1.6514165,step,0.1459945067521172,28.0,2.0,-0.0040054932478827965,-0.010989010989007397,-0.0146520146520146
199056607964100,1.6524778,step,0.1459945067521172,28.0,2.0,-0.0040054932478827965,-0.010989010989007397,-0.0146520146520146
199056609054500,1.6535682,step,0.1459945067521172,28.0,2.0,-0.0040054932478827965,-0.010989010989007397,-0.0146520146520146
199056610060200,1.6545739,step,0.1459945067521172,28.0,2.0,-0.0040054932478827965,-0.010989010989007397,-0.0146520146520146
199056610634600,1.6551483,step,0.1459945067521172,28.0,2.0,-0.0040054932478827965,-0.010989010989007397,-0.0146520146520146
199056611640200,1.6561539,step,0.1459945067521172,28.0,2.0,-0.0040054932478827965,-0.010989010989007397,-0.0146520146520146
199056613072700,1.6575864,step,0.1459945067521172,28.0,2.0,-0.0040054932478827965,-0.010989010989007397,-0.0146520146520146
199056614072900,1.6585866,step,0.1459945067521172,28.0,2.0,-0.0040054932478827965,-0.010989010989007397,-0.0146520146520146
199056615192600,1.6597063,step,0.1459945067521172,28.0,2.0,-0.0040054932478827965,-0.010989010989007397,-0.0146520146520146
199056615788700,1.6603024,step,0.1459945067521172,28.0,2.0,-0.0040054932478827965,-0.010989010989007397,-0.0146520146520146
199056616791500,1.6613052,step,0.1459945067521172,28.0,2.0,-0.0040054932478827965,-0.010989010989007397,-0.0146520146520146
199056617829600,1.6623433,step,0.1459945067521172,28.0,2.0,-0.0040054932478827965,-0.010989010989007397,-0.0146520146520146
199056618879900,1.6633936,step,0.1459945067521172,28.0,2.0,-0.0040054932478827965,-0.010989010989007397,-0.0146520146520146
199056619942900,1.6644566,step,0.1459945067521172,28.0,2.0,-0.0040054932478827965,-0.010989010989007397,-0.0146520146520146
199056621004000,1.6655177,step,0.1459945067521172,28.0,2.0,-0.0040054932478827965,-0.010989010989007397,-0.0146520146520146
199056622155900,1.6666696,step,0.1459945067521172,28.0,2.0,-0.0040054932478827965,-0.010989010989007397,-0.0146520146520146
199056623245500,1.6677592,step,0.1459945067521172,28.0,2.0,-0.0040054932478827965,-0.010989010989007397,-0.0146520146520146
199056623874000,1.6683877,step,0.1459945067521172,28.0,2.0,-0.0040054932478827965,-0.010989010989007397,-0.0146520146520146
199056624873800,1.6693875,step,0.1459945067521172,28.0,2.0,-0.0040054932478827965,-0.010989010989007397,-0.0146520146520146
199056625962300,1.670476,step,0.1459945067521172,28.0,2.0,-0.0040054932478827965,-0.010989010989007397,-0.0146520146520146
199056628038000,1.6725517,step,0.1459945067521172,28.0,2.0,-0.0040054932478827965,-0.010989010989007397,-0.0146520146520146
199056628167100,1.6726808,step,0.1459945067521172,28.0,2.0,-0.0040054932478827965,-0.010989010989007397,-0.0146520146520146
199056629290000,1.6738037,step,0.1459945067521172,28.0,2.0,-0.0040054932478827965,-0.010989010989007397,-0.0146520146520146
199056629877200,1.6743909,step,0.1459945067521172,28.0,2.0,-0.0040054932478827965,-0.010989010989007397,-0.0146520146520146
199056630879500,1.6753932,step,0.1459945067521172,28.0,2.0,-0.0040054932478827965,-0.010989010989007397,-0.0146520146520146
199056631967300,1.676481,step,0.1459945067521172,28.0,2.0,-0.0040054932478827965,-0.010989010989007397,-0.0146520146520146
199056633071200,1.6775849,step,0.1459945067521172,28.0,2.0,-0.0040054932478827965,-0.010989010989007397,-0.0146520146520146
199056634217900,1.6787316,step,0.1459945067521172,28.0,2.0,-0.0040054932478827965,-0.010989010989007397,-0.0146520146520146
199056634863200,1.6793769,step,0.1459945067521172,28.0,2.0,-0.0040054932478827965,-0.010989010989007397,-0.0146520146520146
199056635868800,1.6803825,step,0.1459945067521172,28.0,2.0,-0.0040054932478827965,-0.010989010989007397,-0.0146520146520146
199056636874200,1.6813879,step,0.1459945067521172,28.0,2.0,-0.0040054932478827965,-0.010989010989007397,-0.0146520146520146
199056637972100,1.6824858,step,0.1459945067521172,28.0,2.0,-0.0040054932478827965,-0.010989010989007397,-0.0146520146520146
199056639054100,1.6835678,step,0.1459945067521172,28.0,2.0,-0.0040054932478827965,-0.010989010989007397,-0.0146520146520146
199056640188700,1.6847024,step,0.1459945067521172,28.0,2.0,-0.0040054932478827965,-0.010989010989007397,-0.0146520146520146
199056640784400,1.6852981,step,0.1459945067521172,28.0,2.0,-0.0040054932478827965,-0.010989010989007397,-0.0146520146520146
199056641786400,1.6863001,step,0.1459945067521172,28.0,2.0,-0.0040054932478827965,-0.010989010989007397,-0.0146520146520146
199056642853000,1.6873667,step,0.1459945067521172,28.0,2.0,-0.0040054932478827965,-0.010989010989007397,-0.0146520146520146
199056643965900,1.6884796,step,0.1459945067521172,28.0,2.0,-0.0040054932478827965,-0.010989010989007397,-0.0146520146520146
199056645046100,1.6895598,step,0.1459945067521172,28.0,2.0,-0.0040054932478827965,-0.010989010989007397,-0.0146520146520146
199056646133600,1.6906473,step,0.1459945067521172,28.0,2.0,-0.0040054932478827965,-0.010989010989007397,-0.0146520146520146
199056646722400,1.6912361,step,0.1459945067521172,28.0,2.0,-0.0040054932478827965,-0.010989010989007397,-0.0146520146520146
199056647723900,1.6922376,step,0.1459945067521172,28.0,2.0,-0.0040054932478827965,-0.010989010989007397,-0.0146520146520146
199056648793600,1.6933073,step,0.1459945067521172,28.0,2.0,-0.0040054932478827965,-0.010989010989007397,-0.0146520146520146
199056649798900,1.6943126,step,0.1459945067521172,28.0,2.0,-0.0040054932478827965,-0.010989010989007397,-0.0146520146520146
199056650800500,1.6953142,step,0.1459945067521172,28.0,2.0,-0.0040054932478827965,-0.010989010989007397,-0.0146520146520146
199056651856200,1.6963699,step,0.1459945067521172,28.0,2.0,-0.0040054932478827965,-0.010989010989007397,-0.0146520146520146
199056652961900,1.6974756,step,0.1459945067521172,28.0,2.0,-0.0040054932478827965,-0.010989010989007397,-0.0146520146520146
199056654165500,1.6986792,step,0.1459945067521172,28.0,2.0,-0.0040054932478827965,-0.010989010989007397,-0.0146520146520146
199056655059000,1.6995727,step,0.1459945067521172,28.0,2.0,-0.0040054932478827965,-0.010989010989007397,-0.0146520146520146
199056656051800,1.7005655,step,0.1459945067521172,28.0,2.0,-0.0040054932478827965,-0.010989010989007397,-0.0146520146520146
199056657179800,1.7016935,step,0.1459945067521172,28.0,2.0,-0.0040054932478827965,-0.010989010989007397,-0.0146520146520146
199056657836900,1.7023506,step,0.1459945067521172,28.0,2.0,-0.0040054932478827965,-0.010989010989007397,-0.0146520146520146
199056658837300,1.703351,step,0.1459945067521172,28.0,2.0,-0.0040054932478827965,-0.010989010989007397,-0.0146520146520146
199056659927900,1.7044416,step,0.1459945067521172,28.0,2.0,-0.0040054932478827965,-0.010989010989007397,-0.0146520146520146
199056661010800,1.7055245,step,0.1459945067521172,28.0,2.0,-0.0040054932478827965,-0.010989010989007397,-0.0146520146520146
199056662058200,1.7065719,step,0.1459945067521172,28.0,2.0,-0.0040054932478827965,-0.010989010989007397,-0.0146520146520146
199056662627100,1.7071408,step,0.1459945067521172,28.0,2.0,-0.0040054932478827965,-0.010989010989007397,-0.0146520146520146
199056663664900,1.7081786,step,0.1459945067521172,28.0,2.0,-0.0040054932478827965,-0.010989010989007397,-0.0146520146520146
199056664765400,1.7092791,step,0.1459945067521172,28.0,2.0,-0.0040054932478827965,-0.010989010989007397,-0.0146520146520146
199056665831700,1.7103454,step,0.1459945067521172,28.0,2.0,-0.0040054932478827965,-0.010989010989007397,-0.0146520146520146
199056666876400,1.7113901,step,0.1459945067521172,28.0,2.0,-0.0040054932478827965,-0.010989010989007397,-0.0146520146520146
199056667944900,1.7124586,step,0.1459945067521172,28.0,2.0,-0.0040054932478827965,-0.010989010989007397,-0.0146520146520146
199056669017700,1.7135314,step,0.1459945067521172,28.0,2.0,-0.0040054932478827965,-0.010989010989007397,-0.0146520146520146
199056670067500,1.7145812,step,0.1459945067521172,28.0,2.0,-0.0040054932478827965,-0.010989010989007397,-0.0146520146520146
199056671033900,1.7155476,step,0.1459945067521172,28.0,2.0,-0.0040054932478827965,-0.010989010989007397,-0.0146520146520146
199056672032700,1.7165464,step,0.1459945067521172,28.0,2.0,-0.0040054932478827965,-0.010989010989007397,-0.0146520146520146
199056673035200,1.7175489,step,0.1459945067521172,28.0,2.0,-0.0040054932478827965,-0.010989010989007397,-0.0146520146520146
199056674119000,1.7186327,step,0.1459945067521172,28.0,2.0,-0.0040054932478827965,-0.010989010989007397,-0.0146520146520146
199056674723800,1.7192375,step,0.1459945067521172,28.0,2.0,-0.0040054932478827965,-0.010989010989007397,-0.0146520146520146
199056675728900,1.7202426,step,0.1459945067521172,28.0,2.0,-0.0040054932478827965,-0.010989010989007397,-0.0146520146520146
199056676807900,1.7213216,step,0.1459945067521172,28.0,2.0,-0.0040054932478827965,-0.010989010989007397,-0.0146520146520146
199056677829300,1.722343,step,0.1459945067521172,28.0,2.0,-0.0040054932478827965,-0.010989010989007397,-0.0146520146520146
199056678829200,1.7233429,step,0.1459945067521172,28.0,2.0,-0.0040054932478827965,-0.010989010989007397,-0.0146520146520146
199056679812800,1.7243265,step,0.1459945067521172,28.0,2.0,-0.0040054932478827965,-0.010989010989007397,-0.0146520146520146
199056680834900,1.7253486,step,0.1459945067521172,28.0,2.0,-0.0040054932478827965,-0.010989010989007397,-0.0146520146520146
199056681816700,1.7263304,step,0.1459945067521172,28.0,2.0,-0.0040054932478827965,-0.010989010989007397,-0.0146520146520146
199056682824300,1.727338,step,0.1459945067521172,28.0,2.0,-0.0040054932478827965,-0.010989010989007397,-0.0146520146520146
199056683830700,1.7283444,step,0.1459945067521172,28.0,2.0,-0.0040054932478827965,-0.010989010989007397,-0.0146520146520146
199056684910000,1.7294237,step,0.1459945067521172,28.0,2.0,-0.0040054932478827965,-0.010989010989007397,-0.0146520146520146
199056685838600,1.7303523,step,0.1459945067521172,28.0,2.0,-0.0040054932478827965,-0.010989010989007397,-0.0146520146520146
199056686855200,1.7313689,step,0.1459945067521172,28.0,2.0,-0.0040054932478827965,-0.010989010989007397,-0.0146520146520146
199056687858100,1.7323718,step,0.1459945067521172,28.0,2.0,-0.0040054932478827965,-0.010989010989007397,-0.0146520146520146
199056688996800,1.7335105,step,0.1459945067521172,28.0,2.0,-0.0040054932478827965,-0.010989010989007397,-0.0146520146520146
199056689998900,1.7345126,step,0.1459945067521172,28.0,2.0,-0.0040054932478827965,-0.010989010989007397,-0.0146520146520146
199056690998800,1.7355125,step,0.1459945067521172,28.0,2.0,-0.0040054932478827965,-0.010989010989007397,-0.0146520146520146
199056692076200,1.7365899,step,0.1459945067521172,28.0,2.0,-0.0040054932478827965,-0.010989010989007397,-0.0146520146520146
199056693105900,1.7376196,step,0.1459945067521172,28.0,2.0,-0.0040054932478827965,-0.010989010989007397,-0.0146520146520146
199056694082800,1.7385965,step,0.1459945067521172,28.0,2.0,-0.0040054932478827965,-0.010989010989007397,-0.0146520146520146
199056695082600,1.7395963,step,0.1459945067521172,28.0,2.0,-0.0040054932478827965,-0.010989010989007397,-0.0146520146520146
199056696083400,1.7405971,step,0.1459945067521172,28.0,2.0,-0.0040054932478827965,-0.010989010989007397,-0.0146520146520146
199056696645900,1.7411596,step,0.1459945067521172,28.0,2.0,-0.0040054932478827965,-0.010989010989007397,-0.0146520146520146
199056697648000,1.7421617,step,0.1459945067521172,28.0,2.0,-0.0040054932478827965,-0.010989010989007397,-0.0146520146520146
199056698707000,1.7432207,step,0.1459945067521172,28.0,2.0,-0.0040054932478827965,-0.010989010989007397,-0.0146520146520146
199056699762700,1.7442764,step,0.1459945067521172,28.0,2.0,-0.0040054932478827965,-0.010989010989007397,-0.0146520146520146
199056700897700,1.7454114,step,0.1459945067521172,28.0,2.0,-0.0040054932478827965,-0.010989010989007397,-0.0146520146520146
199056702012200,1.7465259,step,0.1459945067521172,28.0,2.0,-0.0040054932478827965,-0.010989010989007397,-0.0146520146520146
199056703016700,1.7475304,step,0.1459945067521172,28.0,2.0,-0.0040054932478827965,-0.010989010989007397,-0.0146520146520146
199056704095300,1.748609,step,0.1459945067521172,28.0,2.0,-0.0040054932478827965,-0.010989010989007397,-0.0146520146520146
199056704705400,1.7492191,step,0.1459945067521172,28.0,2.0,-0.0040054932478827965,-0.010989010989007397,-0.0146520146520146
199056705707500,1.7502212,step,0.1459945067521172,28.0,2.0,-0.0040054932478827965,-0.010989010989007397,-0.0146520146520146
199056706754200,1.7512679,step,0.1459945067521172,28.0,2.0,-0.0040054932478827965,-0.010989010989007397,-0.0146520146520146
199056707813000,1.7523267,step,0.1459945067521172,28.0,2.0,-0.0040054932478827965,-0.010989010989007397,-0.0146520146520146
199056708835400,1.7533491,step,0.1459945067521172,28.0,2.0,-0.0040054932478827965,-0.010989010989007397,-0.0146520146520146
199056709835500,1.7543492,step,0.1459945067521172,28.0,2.0,-0.0040054932478827965,-0.010989010989007397,-0.0146520146520146
199056710838200,1.7553519,step,0.1459945067521172,28.0,2.0,-0.0040054932478827965,-0.010989010989007397,-0.0146520146520146
199056711840000,1.7563537,step,0.1459945067521172,28.0,2.0,-0.0040054932478827965,-0.010989010989007397,-0.0146520146520146
199056712842700,1.7573564,step,0.1459945067521172,28.0,2.0,-0.0040054932478827965,-0.010989010989007397,-0.0146520146520146
199056713831400,1.7583451,step,0.1459945067521172,28.0,2.0,-0.0040054932478827965,-0.010989010989007397,-0.0146520146520146
199056714829200,1.7593429,step,0.1459945067521172,28.0,2.0,-0.0040054932478827965,-0.010989010989007397,-0.0146520146520146
199056715894100,1.7604078,step,0.1459945067521172,28.0,2.0,-0.0040054932478827965,-0.010989010989007397,-0.0146520146520146
199056716993200,1.7615069,step,0.1459945067521172,28.0,2.0,-0.0040054932478827965,-0.010989010989007397,-0.0146520146520146
199056718000000,1.7625137,step,0.1459945067521172,28.0,2.0,-0.0040054932478827965,-0.010989010989007397,-0.0146520146520146
199056719024500,1.7635382,step,0.1459945067521172,28.0,2.0,-0.0040054932478827965,-0.010989010989007397,-0.0146520146520146
199056720204700,1.7647184,step,0.1459945067521172,28.0,2.0,-0.0040054932478827965,-0.010989010989007397,-0.0146520146520146
199056720818900,1.7653326,step,0.1459945067521172,28.0,2.0,-0.0040054932478827965,-0.010989010989007397,-0.0146520146520146
199056721825400,1.7663391,step,0.1459945067521172,28.0,2.0,-0.0040054932478827965,-0.010989010989007397,-0.0146520146520146
199056722830800,1.7673445,step,0.1459945067521172,28.0,2.0,-0.0040054932478827965,-0.010989010989007397,-0.0146520146520146
199056723837600,1.7683513,step,0.1459945067521172,28.0,2.0,-0.0040054932478827965,-0.010989010989007397,-0.0146520146520146
199056724933000,1.7694467,step,0.1459945067521172,28.0,2.0,-0.0040054932478827965,-0.010989010989007397,-0.0146520146520146
199056725932800,1.7704465,step,0.1459945067521172,28.0,2.0,-0.0040054932478827965,-0.010989010989007397,-0.0146520146520146
199056726934100,1.7714478,step,0.1459945067521172,28.0,2.0,-0.0040054932478827965,-0.010989010989007397,-0.0146520146520146
199056728005300,1.772519,step,0.1459945067521172,28.0,2.0,-0.0040054932478827965,-0.010989010989007397,-0.0146520146520146
199056729119200,1.7736329,step,0.1459945067521172,28.0,2.0,-0.0040054932478827965,-0.010989010989007397,-0.0146520146520146
199056729779900,1.7742936,step,0.1459945067521172,28.0,2.0,-0.0040054932478827965,-0.010989010989007397,-0.0146520146520146
199056730781400,1.7752951,step,0.1459945067521172,28.0,2.0,-0.0040054932478827965,-0.010989010989007397,-0.0146520146520146
199056731879900,1.7763936,step,0.1459945067521172,28.0,2.0,-0.0040054932478827965,-0.010989010989007397,-0.0146520146520146
199056732944900,1.7774586,step,0.1459945067521172,28.0,2.0,-0.0040054932478827965,-0.010989010989007397,-0.0146520146520146
199056734026100,1.7785398,step,0.1459945067521172,28.0,2.0,-0.0040054932478827965,-0.010989010989007397,-0.0146520146520146
199056735138500,1.7796522,step,0.1459945067521172,28.0,2.0,-0.0040054932478827965,-0.010989010989007397,-0.0146520146520146
199056735744200,1.7802579,step,0.1459945067521172,28.0,2.0,-0.0040054932478827965,-0.010989010989007397,-0.0146520146520146
199056736747100,1.7812608,step,0.1459945067521172,28.0,2.0,-0.0040054932478827965,-0.010989010989007397,-0.0146520146520146
199056737750600,1.7822643,step,0.1459945067521172,28.0,2.0,-0.0040054932478827965,-0.010989010989007397,-0.0146520146520146
199056738771100,1.7832848,step,0.1459945067521172,28.0,2.0,-0.0040054932478827965,-0.010989010989007397,-0.0146520146520146
199056739869500,1.7843832,step,0.1459945067521172,28.0,2.0,-0.0040054932478827965,-0.010989010989007397,-0.0146520146520146
199056740966800,1.7854805,step,0.1459945067521172,28.0,2.0,-0.0040054932478827965,-0.010989010989007397,-0.0146520146520146
199056741971000,1.7864847,step,0.1459945067521172,28.0,2.0,-0.0040054932478827965,-0.010989010989007397,-0.0146520146520146
199056742973300,1.787487,step,0.1459945067521172,28.0,2.0,-0.0040054932478827965,-0.010989010989007397,-0.0146520146520146
199056744053200,1.7885669,step,0.1459945067521172,28.0,2.0,-0.0040054932478827965,-0.010989010989007397,-0.0146520146520146
199056745214000,1.7897277,step,0.1459945067521172,28.0,2.0,-0.0040054932478827965,-0.010989010989007397,-0.0146520146520146
199056745898200,1.7904119,step,0.1459945067521172,28.0,2.0,-0.0040054932478827965,-0.010989010989007397,-0.0146520146520146
199056746899700,1.7914134,step,0.1459945067521172,28.0,2.0,-0.0040054932478827965,-0.010989010989007397,-0.0146520146520146
199056748031500,1.7925452,step,0.1459945067521172,28.0,2.0,-0.0040054932478827965,-0.010989010989007397,-0.0146520146520146
199056749330600,1.7938443,step,0.1459945067521172,28.0,2.0,-0.0040054932478827965,-0.010989010989007397,-0.0146520146520146
199056750059100,1.7945728,step,0.1459945067521172,28.0,2.0,-0.0040054932478827965,-0.010989010989007397,-0.0146520146520146
199056751060400,1.7955741,step,0.1459945067521172,28.0,2.0,-0.0040054932478827965,-0.010989010989007397,-0.0146520146520146
199056752155400,1.7966691,step,0.1459945067521172,28.0,2.0,-0.0040054932478827965,-0.010989010989007397,-0.0146520146520146
199056752739000,1.7972527,step,0.1459945067521172,28.0,2.0,-0.0040054932478827965,-0.010989010989007397,-0.0146520146520146
199056753741700,1.7982554,step,0.1459945067521172,28.0,2.0,-0.0040054932478827965,-0.010989010989007397,-0.0146520146520146
199056754822400,1.7993361,step,0.1459945067521172,28.0,2.0,-0.0040054932478827965,-0.010989010989007397,-0.0146520146520146
199056755905100,1.8004188,step,0.1459945067521172,28.0,2.0,-0.0040054932478827965,-0.010989010989007397,-0.0146520146520146
199056756982700,1.8014964,step,0.1459945067521172,28.0,2.0,-0.0040054932478827965,-0.010989010989007397,-0.0146520146520146
199056758054400,1.8025681,step,0.1459945067521172,28.0,2.0,-0.0040054932478827965,-0.010989010989007397,-0.0146520146520146
199056759167600,1.8036813,step,0.1459945067521172,28.0,2.0,-0.0040054932478827965,-0.010989010989007397,-0.0146520146520146
199056759774400,1.8042881,step,0.1459945067521172,28.0,2.0,-0.0040054932478827965,-0.010989010989007397,-0.0146520146520146
199056760796500,1.8053102,step,0.1459945067521172,28.0,2.0,-0.0040054932478827965,-0.010989010989007397,-0.0146520146520146
199056761896100,1.8064098,step,0.1459945067521172,28.0,2.0,-0.0040054932478827965,-0.010989010989007397,-0.0146520146520146
199056762957400,1.8074711,step,0.1459945067521172,28.0,2.0,-0.0040054932478827965,-0.010989010989007397,-0.0146520146520146
199056763954800,1.8084685,step,0.1459945067521172,28.0,2.0,-0.0040054932478827965,-0.010989010989007397,-0.0146520146520146
199056764961500,1.8094752,step,0.1459945067521172,28.0,2.0,-0.0040054932478827965,-0.010989010989007397,-0.0146520146520146
199056765964300,1.810478,step,0.1459945067521172,28.0,2.0,-0.0040054932478827965,-0.010989010989007397,-0.0146520146520146
199056766967300,1.811481,step,0.1459945067521172,28.0,2.0,-0.0040054932478827965,-0.010989010989007397,-0.0146520146520146
199056768245900,1.8127596,step,0.1459945067521172,28.0,2.0,-0.0040054932478827965,-0.010989010989007397,-0.0146520146520146
199056769068200,1.8135819,step,0.1459945067521172,28.0,2.0,-0.0040054932478827965,-0.010989010989007397,-0.0146520146520146
199056770076200,1.8145899,step,0.1459945067521172,28.0,2.0,-0.0040054932478827965,-0.010989010989007397,-0.0146520146520146
199056771264600,1.8157783,step,0.1459945067521172,28.0,2.0,-0.0040054932478827965,-0.010989010989007397,-0.0146520146520146
199056771861900,1.8163756,step,0.1459945067521172,28.0,2.0,-0.0040054932478827965,-0.010989010989007397,-0.0146520146520146
199056772867900,1.8173816,step,0.1459945067521172,28.0,2.0,-0.0040054932478827965,-0.010989010989007397,-0.0146520146520146
199056773878100,1.8183918,step,0.1459945067521172,28.0,2.0,-0.0040054932478827965,-0.010989010989007397,-0.0146520146520146
199056774971700,1.8194854,step,0.1459945067521172,28.0,2.0,-0.0040054932478827965,-0.010989010989007397,-0.0146520146520146
199056776095200,1.8206089,step,0.1459945067521172,28.0,2.0,-0.0040054932478827965,-0.010989010989007397,-0.0146520146520146
199056777217500,1.8217312,step,0.1459945067521172,28.0,2.0,-0.0040054932478827965,-0.010989010989007397,-0.0146520146520146
199056777850700,1.8223644,step,0.1459945067521172,28.0,2.0,-0.0040054932478827965,-0.010989010989007397,-0.0146520146520146
199056778965900,1.8234796,step,0.1459945067521172,28.0,2.0,-0.0040054932478827965,-0.010989010989007397,-0.0146520146520146
199056780114900,1.8246286,step,0.1459945067521172,28.0,2.0,-0.0040054932478827965,-0.010989010989007397,-0.0146520146520146
199056780725000,1.8252387,step,0.1459945067521172,28.0,2.0,-0.0040054932478827965,-0.010989010989007397,-0.0146520146520146
199056781734100,1.8262478,step,0.1459945067521172,28.0,2.0,-0.0040054932478827965,-0.010989010989007397,-0.0146520146520146
199056782741200,1.8272549,step,0.1459945067521172,28.0,2.0,-0.0040054932478827965,-0.010989010989007397,-0.0146520146520146
199056783745000,1.8282587,step,0.1459945067521172,28.0,2.0,-0.0040054932478827965,-0.010989010989007397,-0.0146520146520146
199056784912100,1.8294258,step,0.1459945067521172,28.0,2.0,-0.0040054932478827965,-0.010989010989007397,-0.0146520146520146
199056785918200,1.8304319,step,0.1459945067521172,28.0,2.0,-0.0040054932478827965,-0.010989010989007397,-0.0146520146520146
199056786944100,1.8314578,step,0.1459945067521172,28.0,2.0,-0.0040054932478827965,-0.010989010989007397,-0.0146520146520146
199056788013600,1.8325273,step,0.1459945067521172,28.0,2.0,-0.0040054932478827965,-0.010989010989007397,-0.0146520146520146
199056789137300,1.833651,step,0.1459945067521172,28.0,2.0,-0.0040054932478827965,-0.010989010989007397,-0.0146520146520146
199056790102400,1.8346161,step,0.1459945067521172,28.0,2.0,-0.0040054932478827965,-0.010989010989007397,-0.0146520146520146
199056790719900,1.8352336,step,0.1459945067521172,28.0,2.0,-0.0040054932478827965,-0.010989010989007397,-0.0146520146520146
199056791693100,1.8362068,step,0.1459945067521172,28.0,2.0,-0.0040054932478827965,-0.010989010989007397,-0.0146520146520146
199056792783600,1.8372973,step,0.1459945067521172,28.0,2.0,-0.0040054932478827965,-0.010989010989007397,-0.0146520146520146
199056793868500,1.8383822,step,0.1459945067521172,28.0,2.0,-0.0040054932478827965,-0.010989010989007397,-0.0146520146520146
199056794798000,1.8393117,step,0.1459945067521172,28.0,2.0,-0.0040054932478827965,-0.010989010989007397,-0.0146520146520146
199056795809700,1.8403234,step,0.1459945067521172,28.0,2.0,-0.0040054932478827965,-0.010989010989007397,-0.0146520146520146
199056796817700,1.8413314,step,0.1459945067521172,28.0,2.0,-0.0040054932478827965,-0.010989010989007397,-0.0146520146520146
199056798062100,1.8425758,step,0.1459945067521172,28.0,2.0,-0.0040054932478827965,-0.010989010989007397,-0.0146520146520146
199056799046800,1.8435605,step,0.1459945067521172,28.0,2.0,-0.0040054932478827965,-0.010989010989007397,-0.0146520146520146
199056800047600,1.8445613,step,0.1459945067521172,28.0,2.0,-0.0040054932478827965,-0.010989010989007397,-0.0146520146520146
199056801049500,1.8455632,step,0.1459945067521172,28.0,2.0,-0.0040054932478827965,-0.010989010989007397,-0.0146520146520146
199056802054200,1.8465679,step,0.1459945067521172,28.0,2.0,-0.0040054932478827965,-0.010989010989007397,-0.0146520146520146
199056803082700,1.8475964,step,0.1459945067521172,28.0,2.0,-0.0040054932478827965,-0.010989010989007397,-0.0146520146520146
199056804290600,1.8488043,step,0.1459945067521172,28.0,2.0,-0.0040054932478827965,-0.010989010989007397,-0.0146520146520146
199056804984800,1.8494985,step,0.1459945067521172,28.0,2.0,-0.0040054932478827965,-0.010989010989007397,-0.0146520146520146
199056805984600,1.8504983,step,0.1459945067521172,28.0,2.0,-0.0040054932478827965,-0.010989010989007397,-0.0146520146520146
199056806998900,1.8515126,step,0.1459945067521172,28.0,2.0,-0.0040054932478827965,-0.010989010989007397,-0.0146520146520146
199056807992100,1.8525058,step,0.1459945067521172,28.0,2.0,-0.0040054932478827965,-0.010989010989007397,-0.0146520146520146
199056809082900,1.8535966,step,0.1459945067521172,28.0,2.0,-0.0040054932478827965,-0.010989010989007397,-0.0146520146520146
199056810004900,1.8545186,step,0.1459945067521172,28.0,2.0,-0.0040054932478827965,-0.010989010989007397,-0.0146520146520146
199056811253500,1.8557672,step,0.1459945067521172,28.0,2.0,-0.0040054932478827965,-0.010989010989007397,-0.0146520146520146
199056811869500,1.8563832,step,0.1459945067521172,28.0,2.0,-0.0040054932478827965,-0.010989010989007397,-0.0146520146520146
199056812872500,1.8573862,step,0.1459945067521172,28.0,2.0,-0.0040054932478827965,-0.010989010989007397,-0.0146520146520146
199056813876300,1.85839,step,0.1459945067521172,28.0,2.0,-0.0040054932478827965,-0.010989010989007397,-0.0146520146520146
199056814888300,1.859402,step,0.1459945067521172,28.0,2.0,-0.0040054932478827965,-0.010989010989007397,-0.0146520146520146
199056815969600,1.8604833,step,0.1459945067521172,28.0,2.0,-0.0040054932478827965,-0.010989010989007397,-0.0146520146520146
199056817089200,1.8616029,step,0.1459945067521172,28.0,2.0,-0.0040054932478827965,-0.010989010989007397,-0.0146520146520146
199056818070700,1.8625844,step,0.1459945067521172,28.0,2.0,-0.0040054932478827965,-0.010989010989007397,-0.0146520146520146
199056819073600,1.8635873,step,0.1459945067521172,28.0,2.0,-0.0040054932478827965,-0.010989010989007397,-0.0146520146520146
199056819574100,1.8640878,step,0.1459945067521172,28.0,2.0,-0.0040054932478827965,-0.010989010989007397,-0.0146520146520146
199056820605000,1.8651187,step,0.1459945067521172,28.0,2.0,-0.0040054932478827965,-0.010989010989007397,-0.0146520146520146
199056821671600,1.8661853,step,0.1459945067521172,28.0,2.0,-0.0040054932478827965,-0.010989010989007397,-0.0146520146520146
199056822734100,1.8672478,step,0.1459945067521172,28.0,2.0,-0.0040054932478827965,-0.010989010989007397,-0.0146520146520146
199056823738000,1.8682517,step,0.1459945067521172,28.0,2.0,-0.0040054932478827965,-0.010989010989007397,-0.0146520146520146
199056824793200,1.8693069,step,0.1459945067521172,28.0,2.0,-0.0040054932478827965,-0.010989010989007397,-0.0146520146520146
199056825927300,1.870441,step,0.1459945067521172,28.0,2.0,-0.0040054932478827965,-0.010989010989007397,-0.0146520146520146
199056826929400,1.8714431,step,0.1459945067521172,28.0,2.0,-0.0040054932478827965,-0.010989010989007397,-0.0146520146520146
199056827935900,1.8724496,step,0.1459945067521172,28.0,2.0,-0.0040054932478827965,-0.010989010989007397,-0.0146520146520146
199056828935400,1.8734491,step,0.1459945067521172,28.0,2.0,-0.0040054932478827965,-0.010989010989007397,-0.0146520146520146
199056830168900,1.8746826,step,0.1459945067521172,28.0,2.0,-0.0040054932478827965,-0.010989010989007397,-0.0146520146520146
199056830760100,1.8752738,step,0.1459945067521172,28.0,2.0,-0.0040054932478827965,-0.010989010989007397,-0.0146520146520146
199056831761500,1.8762752,step,0.1459945067521172,28.0,2.0,-0.0040054932478827965,-0.010989010989007397,-0.0146520146520146
199056832840700,1.8773544,step,0.1459945067521172,28.0,2.0,-0.0040054932478827965,-0.010989010989007397,-0.0146520146520146
199056833841000,1.8783547,step,0.1459945067521172,28.0,2.0,-0.0040054932478827965,-0.010989010989007397,-0.0146520146520146
199056834934100,1.8794478,step,0.1459945067521172,28.0,2.0,-0.0040054932478827965,-0.010989010989007397,-0.0146520146520146
199056835978500,1.8804922,step,0.1459945067521172,28.0,2.0,-0.0040054932478827965,-0.010989010989007397,-0.0146520146520146
199056837074900,1.8815886,step,0.1459945067521172,28.0,2.0,-0.0040054932478827965,-0.010989010989007397,-0.0146520146520146
199056837654900,1.8821686,step,0.1459945067521172,28.0,2.0,-0.0040054932478827965,-0.010989010989007397,-0.0146520146520146
199056838785400,1.8832991,step,0.1459945067521172,28.0,2.0,-0.0040054932478827965,-0.010989010989007397,-0.0146520146520146
199056839757000,1.8842707,step,0.1459945067521172,28.0,2.0,-0.0040054932478827965,-0.010989010989007397,-0.0146520146520146
199056840920200,1.8854339,step,0.1459945067521172,28.0,2.0,-0.0040054932478827965,-0.010989010989007397,-0.0146520146520146
199056842040300,1.886554,step,0.1459945067521172,28.0,2.0,-0.0040054932478827965,0.010989010989007397,-0.004884004884004867
199056843105300,1.887619,step,0.1459945067521172,28.0,2.0,-0.0040054932478827965,0.010989010989007397,-0.004884004884004867
199056843717300,1.888231,step,0.1459945067521172,28.0,2.0,-0.0040054932478827965,0.010989010989007397,-0.004884004884004867
199056844718800,1.8892325,step,0.1459945067521172,28.0,2.0,-0.0040054932478827965,0.010989010989007397,-0.004884004884004867
199056845796300,1.89031,step,0.1459945067521172,28.0,2.0,-0.0040054932478827965,0.010989010989007397,-0.004884004884004867
199056846868200,1.8913819,step,0.1459945067521172,28.0,2.0,-0.0040054932478827965,0.010989010989007397,-0.004884004884004867
199056847942000,1.8924557,step,0.1459945067521172,28.0,2.0,-0.0040054932478827965,0.010989010989007397,-0.004884004884004867
199056849082300,1.893596,step,0.1459945067521172,28.0,2.0,-0.0040054932478827965,0.010989010989007397,-0.004884004884004867
199056850130200,1.8946439,step,0.1459945067521172,28.0,2.0,-0.0040054932478827965,0.010989010989007397,-0.004884004884004867
199056850715900,1.8952296,step,0.1459945067521172,28.0,2.0,-0.0040054932478827965,0.010989010989007397,-0.004884004884004867
199056851715900,1.8962296,step,0.1459945067521172,28.0,2.0,-0.0040054932478827965,0.010989010989007397,-0.004884004884004867
199056852794000,1.8973077,step,0.1459945067521172,28.0,2.0,-0.0040054932478827965,0.010989010989007397,-0.004884004884004867
199056853995900,1.8985096,step,0.1459945067521172,28.0,2.0,-0.0040054932478827965,0.010989010989007397,-0.004884004884004867
199056854999400,1.8995131,step,0.1459945067521172,28.0,2.0,-0.0040054932478827965,0.010989010989007397,-0.004884004884004867
199056856128400,1.9006421,step,0.1459945067521172,28.0,2.0,-0.0040054932478827965,0.010989010989007397,-0.004884004884004867
199056857082000,1.9015957,step,0.1459945067521172,28.0,2.0,-0.0040054932478827965,0.010989010989007397,-0.004884004884004867
199056858087500,1.9026012,step,0.1459945067521172,28.0,2.0,-0.0040054932478827965,0.010989010989007397,-0.004884004884004867
199056859247600,1.9037613,step,0.1459945067521172,28.0,2.0,-0.0040054932478827965,0.010989010989007397,-0.004884004884004867
199056859859000,1.9043727,step,0.1459945067521172,28.0,2.0,-0.0040054932478827965,0.010989010989007397,-0.004884004884004867
199056860861300,1.905375,step,0.1459945067521172,28.0,2.0,-0.0040054932478827965,0.010989010989007397,-0.004884004884004867
199056861940100,1.9064538,step,0.1459945067521172,28.0,2.0,-0.0040054932478827965,0.010989010989007397,-0.004884004884004867
199056862989700,1.9075034,step,0.1459945067521172,28.0,2.0,-0.0040054932478827965,0.010989010989007397,-0.004884004884004867
199056864113400,1.9086271,step,0.1459945067521172,28.0,2.0,-0.0040054932478827965,0.010989010989007397,-0.004884004884004867
199056865255000,1.9097687,step,0.1459945067521172,28.0,2.0,-0.0040054932478827965,0.010989010989007397,-0.004884004884004867
199056865840700,1.9103544,step,0.1459945067521172,28.0,2.0,-0.0040054932478827965,0.010989010989007397,-0.004884004884004867
199056866843000,1.9113567,step,0.1459945067521172,28.0,2.0,-0.0040054932478827965,0.010989010989007397,-0.004884004884004867
199056867937600,1.9124513,step,0.1459945067521172,28.0,2.0,-0.0040054932478827965,0.010989010989007397,-0.004884004884004867
199056869428000,1.9139417,step,0.1459945067521172,28.0,2.0,-0.0040054932478827965,0.010989010989007397,-0.004884004884004867
199056870027900,1.9145416,step,0.1459945067521172,28.0,2.0,-0.0040054932478827965,0.010989010989007397,-0.004884004884004867
199056871034200,1.9155479,step,0.1459945067521172,28.0,2.0,-0.0040054932478827965,0.010989010989007397,-0.004884004884004867
199056872041000,1.9165547,step,0.1459945067521172,28.0,2.0,-0.0040054932478827965,0.010989010989007397,-0.004884004884004867
199056873046300,1.91756,step,0.1459945067521172,28.0,2.0,-0.0040054932478827965,0.010989010989007397,-0.004884004884004867
199056874060400,1.9185741,step,0.1459945067521172,28.0,2.0,-0.0040054932478827965,0.010989010989007397,-0.004884004884004867
199056875550600,1.9200643,step,0.1459945067521172,28.0,2.0,-0.0040054932478827965,0.010989010989007397,-0.004884004884004867
199056875676900,1.9201906,step,0.1459945067521172,28.0,2.0,-0.0040054932478827965,0.010989010989007397,-0.004884004884004867
199056877311500,1.9218252,step,0.1459945067521172,28.0,2.0,-0.0040054932478827965,0.010989010989007397,-0.004884004884004867
199056877879300,1.922393,step,0.1459945067521172,28.0,2.0,-0.0040054932478827965,0.010989010989007397,-0.004884004884004867
199056878898500,1.9234122,step,0.1459945067521172,28.0,2.0,-0.0040054932478827965,0.010989010989007397,-0.004884004884004867
199056879939400,1.9244531,step,0.1459945067521172,28.0,2.0,-0.0040054932478827965,0.010989010989007397,-0.004884004884004867
199056881000300,1.925514,step,0.1459945067521172,28.0,2.0,-0.0040054932478827965,0.010989010989007397,-0.004884004884004867
199056882087600,1.9266013,step,0.1459945067521172,28.0,2.0,-0.0040054932478827965,0.010989010989007397,-0.004884004884004867
199056883092000,1.9276057,step,0.1459945067521172,28.0,2.0,-0.0040054932478827965,0.010989010989007397,-0.004884004884004867
199056884096900,1.9286106,step,0.1459945067521172,28.0,2.0,-0.0040054932478827965,0.010989010989007397,-0.004884004884004867
199056885105000,1.9296187,step,0.1459945067521172,28.0,2.0,-0.0040054932478827965,0.010989010989007397,-0.004884004884004867
199056885716900,1.9302306,step,0.1459945067521172,28.0,2.0,-0.0040054932478827965,0.010989010989007397,-0.004884004884004867
199056886858200,1.9313719,step,0.1459945067521172,28.0,2.0,-0.0040054932478827965,0.010989010989007397,-0.004884004884004867
199056888234500,1.9327482,step,0.1459945067521172,28.0,2.0,-0.0040054932478827965,0.010989010989007397,-0.004884004884004867
199056888856500,1.9333702,step,0.1459945067521172,28.0,2.0,-0.0040054932478827965,0.010989010989007397,-0.004884004884004867
199056889860400,1.9343741,step,0.1459945067521172,28.0,2.0,-0.0040054932478827965,0.010989010989007397,-0.004884004884004867
199056890905100,1.9354188,step,0.1459945067521172,28.0,2.0,-0.0040054932478827965,0.010989010989007397,-0.004884004884004867
199056892366800,1.9368805,step,0.1459945067521172,28.0,2.0,-0.0040054932478827965,0.010989010989007397,-0.004884004884004867
199056893002100,1.9375158,step,0.1459945067521172,28.0,2.0,-0.0040054932478827965,0.010989010989007397,-0.004884004884004867
199056894036400,1.9385501,step,0.1459945067521172,28.0,2.0,-0.0040054932478827965,0.010989010989007397,-0.004884004884004867
199056895026700,1.9395404,step,0.1459945067521172,28.0,2.0,-0.0040054932478827965,0.010989010989007397,-0.004884004884004867
199056896111300,1.940625,step,0.1459945067521172,28.0,2.0,-0.0040054932478827965,0.010989010989007397,-0.004884004884004867
199056896711200,1.9412249,step,0.1459945067521172,28.0,2.0,-0.0040054932478827965,0.010989010989007397,-0.004884004884004867
199056897714300,1.942228,step,0.1459945067521172,28.0,2.0,-0.0040054932478827965,0.010989010989007397,-0.004884004884004867
199056898785300,1.943299,step,0.1459945067521172,28.0,2.0,-0.0040054932478827965,0.010989010989007397,-0.004884004884004867
199056899832100,1.9443458,step,0.1459945067521172,28.0,2.0,-0.0040054932478827965,0.010989010989007397,-0.004884004884004867
199056900915300,1.945429,step,0.1459945067521172,28.0,2.0,-0.0040054932478827965,0.010989010989007397,-0.004884004884004867
199056902240500,1.9467542,step,0.1459945067521172,28.0,2.0,-0.0040054932478827965,0.010989010989007397,-0.004884004884004867
199056903485600,1.9479993,step,0.1459945067521172,28.0,2.0,-0.0040054932478827965,0.010989010989007397,-0.004884004884004867
199056904112400,1.9486261,step,0.1459945067521172,28.0,2.0,-0.0040054932478827965,0.010989010989007397,-0.004884004884004867
199056904728300,1.949242,step,0.1459945067521172,28.0,2.0,-0.0040054932478827965,0.010989010989007397,-0.004884004884004867
199056905731400,1.9502451,step,0.1459945067521172,28.0,2.0,-0.0040054932478827965,0.010989010989007397,-0.004884004884004867
199056906739700,1.9512534,step,0.1459945067521172,28.0,2.0,-0.0040054932478827965,0.010989010989007397,-0.004884004884004867
199056907746500,1.9522602,step,0.1459945067521172,28.0,2.0,-0.0040054932478827965,0.010989010989007397,-0.004884004884004867
199056908771600,1.9532853,step,0.1459945067521172,28.0,2.0,-0.0040054932478827965,0.010989010989007397,-0.004884004884004867
199056909756800,1.9542705,step,0.1459945067521172,28.0,2.0,-0.0040054932478827965,0.010989010989007397,-0.004884004884004867
199056910847900,1.9553616,step,0.1459945067521172,28.0,2.0,-0.0040054932478827965,0.010989010989007397,-0.004884004884004867
199056911913300,1.956427,step,0.1459945067521172,28.0,2.0,-0.0040054932478827965,0.010989010989007397,-0.004884004884004867
199056912955200,1.9574689,step,0.1459945067521172,28.0,2.0,-0.0040054932478827965,0.010989010989007397,-0.004884004884004867
199056914093400,1.9586071,step,0.1459945067521172,28.0,2.0,-0.0040054932478827965,0.010989010989007397,-0.004884004884004867
199056915195100,1.9597088,step,0.1459945067521172,28.0,2.0,-0.0040054932478827965,0.010989010989007397,-0.004884004884004867
199056915771800,1.9602855,step,0.1459945067521172,28.0,2.0,-0.0040054932478827965,0.010989010989007397,-0.004884004884004867
199056916774100,1.9612878,step,0.1459945067521172,28.0,2.0,-0.0040054932478827965,0.010989010989007397,-0.004884004884004867
199056917993600,1.9625073,step,0.1459945067521172,28.0,2.0,-0.0040054932478827965,0.010989010989007397,-0.004884004884004867
199056918791600,1.9633053,step,0.1459945067521172,28.0,2.0,-0.0040054932478827965,0.010989010989007397,-0.004884004884004867
199056919796000,1.9643097,step,0.1459945067521172,28.0,2.0,-0.0040054932478827965,0.010989010989007397,-0.004884004884004867
199056920801400,1.9653151,step,0.1459945067521172,28.0,2.0,-0.0040054932478827965,0.010989010989007397,-0.004884004884004867
199056921805200,1.9663189,step,0.1459945067521172,28.0,2.0,-0.0040054932478827965,0.010989010989007397,-0.004884004884004867
199056922832300,1.967346,step,0.1459945067521172,28.0,2.0,-0.0040054932478827965,0.010989010989007397,-0.004884004884004867
199056923818200,1.9683319,step,0.1459945067521172,28.0,2.0,-0.0040054932478827965,0.010989010989007397,-0.004884004884004867
199056924930100,1.9694438,step,0.1459945067521172,28.0,2.0,-0.0040054932478827965,0.010989010989007397,-0.004884004884004867
199056925935200,1.9704489,step,0.1459945067521172,28.0,2.0,-0.0040054932478827965,0.010989010989007397,-0.004884004884004867
199056926930600,1.9714443,step,0.1459945067521172,28.0,2.0,-0.0040054932478827965,0.010989010989007397,-0.004884004884004867
199056927976600,1.9724903,step,0.1459945067521172,28.0,2.0,-0.0040054932478827965,0.010989010989007397,-0.004884004884004867
199056929088800,1.9736025,step,0.1459945067521172,28.0,2.0,-0.0040054932478827965,0.010989010989007397,-0.004884004884004867
199056930183200,1.9746969,step,0.1459945067521172,28.0,2.0,-0.0040054932478827965,0.010989010989007397,-0.004884004884004867
199056930786700,1.9753004,step,0.1459945067521172,28.0,2.0,-0.0040054932478827965,0.010989010989007397,-0.004884004884004867
199056931788800,1.9763025,step,0.1459945067521172,28.0,2.0,-0.0040054932478827965,0.010989010989007397,-0.004884004884004867
199056932845100,1.9773588,step,0.1459945067521172,28.0,2.0,-0.0040054932478827965,0.010989010989007397,-0.004884004884004867
199056934361500,1.9788752,step,0.1459945067521172,28.0,2.0,-0.0040054932478827965,0.010989010989007397,-0.004884004884004867
199056935309300,1.979823,step,0.1459945067521172,28.0,2.0,-0.0040054932478827965,0.010989010989007397,-0.004884004884004867
199056935927000,1.9804407,step,0.1459945067521172,28.0,2.0,-0.0040054932478827965,0.010989010989007397,-0.004884004884004867
199056936934800,1.9814485,step,0.1459945067521172,28.0,2.0,-0.0040054932478827965,0.010989010989007397,-0.004884004884004867
199056937941300,1.982455,step,0.1459945067521172,28.0,2.0,-0.0040054932478827965,0.010989010989007397,-0.004884004884004867
199056938945400,1.9834591,step,0.1459945067521172,28.0,2.0,-0.0040054932478827965,0.010989010989007397,-0.004884004884004867
199056939949300,1.984463,step,0.1459945067521172,28.0,2.0,-0.0040054932478827965,0.010989010989007397,-0.004884004884004867
199056940956900,1.9854706,step,0.1459945067521172,28.0,2.0,-0.0040054932478827965,0.010989010989007397,-0.004884004884004867
199056941960900,1.9864746,step,0.1459945067521172,28.0,2.0,-0.0040054932478827965,0.010989010989007397,-0.004884004884004867
199056942966100,1.9874798,step,0.1459945067521172,28.0,2.0,-0.0040054932478827965,0.010989010989007397,-0.004884004884004867
199056944039700,1.9885534,step,0.1459945067521172,28.0,2.0,-0.0040054932478827965,0.010989010989007397,-0.004884004884004867
199056945401100,1.9899148,step,0.1459945067521172,28.0,2.0,-0.0040054932478827965,0.010989010989007397,-0.004884004884004867
199056945987700,1.9905014,step,0.1459945067521172,28.0,2.0,-0.0040054932478827965,0.010989010989007397,-0.004884004884004867
199056947068000,1.9915817,step,0.1459945067521172,28.0,2.0,-0.0040054932478827965,0.010989010989007397,-0.004884004884004867
199056947649600,1.9921633,step,0.1459945067521172,28.0,2.0,-0.0040054932478827965,0.010989010989007397,-0.004884004884004867
199056948728900,1.9932426,step,0.1459945067521172,28.0,2.0,-0.0040054932478827965,0.010989010989007397,-0.004884004884004867
199056949780500,1.9942942,step,0.1459945067521172,28.0,2.0,-0.0040054932478827965,0.010989010989007397,-0.004884004884004867
199056951253500,1.9957672,step,0.1459945067521172,28.0,2.0,-0.0040054932478827965,-0.010989010989007397,-0.0146520146520146
199056951874900,1.9963886,step,0.1459945067521172,28.0,2.0,-0.0040054932478827965,-0.010989010989007397,-0.0146520146520146
199056952878200,1.9973919,step,0.1459945067521172,28.0,2.0,-0.0040054932478827965,-0.010989010989007397,-0.0146520146520146
199056953967300,1.998481,step,0.1459945067521172,28.0,2.0,-0.0040054932478827965,-0.010989010989007397,-0.0146520146520146
199056955087600,1.9996013,step,0.1459945067521172,28.0,2.0,-0.0040054932478827965,-0.010989010989007397,-0.0146520146520146
199056955692500,2.0002062,step,0.1459945067521172,28.0,2.0,-0.0040054932478827965,-0.010989010989007397,-0.0146520146520146
199056956690700,2.0012044,step,0.1459945067521172,28.0,2.0,-0.0040054932478827965,-0.010989010989007397,-0.0146520146520146
199056957759900,2.0022736,step,0.1459945067521172,28.0,2.0,-0.0040054932478827965,-0.010989010989007397,-0.0146520146520146
199056958809100,2.0033228,step,0.1459945067521172,28.0,2.0,-0.0040054932478827965,-0.010989010989007397,-0.0146520146520146
199056959892700,2.0044064,step,0.1459945067521172,28.0,2.0,-0.0040054932478827965,-0.010989010989007397,-0.0146520146520146
199056960900100,2.0054138,step,0.1459945067521172,28.0,2.0,-0.0040054932478827965,-0.010989010989007397,-0.0146520146520146
199056961904800,2.0064185,step,0.1459945067521172,28.0,2.0,-0.0040054932478827965,-0.010989010989007397,-0.0146520146520146
199056963022000,2.0075357,step,0.1459945067521172,28.0,2.0,-0.0040054932478827965,-0.010989010989007397,-0.0146520146520146
199056964097300,2.008611,step,0.1459945067521172,28.0,2.0,-0.0040054932478827965,-0.010989010989007397,-0.0146520146520146
199056965257600,2.0097713,step,0.1459945067521172,28.0,2.0,-0.0040054932478827965,-0.010989010989007397,-0.0146520146520146
199056965694500,2.0102082,step,0.1459945067521172,28.0,2.0,-0.0040054932478827965,-0.010989010989007397,-0.0146520146520146
199056966693900,2.0112076,step,0.1459945067521172,28.0,2.0,-0.0040054932478827965,-0.010989010989007397,-0.0146520146520146
199056967754000,2.0122677,step,0.1459945067521172,28.0,2.0,-0.0040054932478827965,-0.010989010989007397,-0.0146520146520146
199056968830100,2.0133438,step,0.1459945067521172,28.0,2.0,-0.0040054932478827965,-0.010989010989007397,-0.0146520146520146
199056969893000,2.0144067,step,0.1459945067521172,28.0,2.0,-0.0040054932478827965,-0.010989010989007397,-0.0146520146520146
199056970995000,2.0155087,step,0.1459945067521172,28.0,2.0,-0.0040054932478827965,-0.010989010989007397,-0.0146520146520146
199056972115300,2.016629,step,0.1459945067521172,28.0,2.0,-0.0040054932478827965,-0.010989010989007397,-0.0146520146520146
199056972619400,2.0171331,step,0.1459945067521172,28.0,2.0,-0.0040054932478827965,-0.010989010989007397,-0.0146520146520146
199056973620800,2.0181345,step,0.1459945067521172,28.0,2.0,-0.0040054932478827965,-0.010989010989007397,-0.0146520146520146
199056974664200,2.0191779,step,0.1459945067521172,28.0,2.0,-0.0040054932478827965,-0.010989010989007397,-0.0146520146520146
199056975736600,2.0202503,step,0.1459945067521172,28.0,2.0,-0.0040054932478827965,-0.010989010989007397,-0.0146520146520146
199056977066900,2.0215806,step,0.1459945067521172,28.0,2.0,-0.0040054932478827965,-0.010989010989007397,-0.0146520146520146
199056978093500,2.0226072,step,0.1459945067521172,28.0,2.0,-0.0040054932478827965,-0.010989010989007397,-0.0146520146520146
199056979081800,2.0235955,step,0.1459945067521172,28.0,2.0,-0.0040054932478827965,-0.010989010989007397,-0.0146520146520146
199056980083900,2.0245976,step,0.1459945067521172,28.0,2.0,-0.0040054932478827965,-0.010989010989007397,-0.0146520146520146
199056981085600,2.0255993,step,0.1459945067521172,28.0,2.0,-0.0040054932478827965,-0.010989010989007397,-0.0146520146520146
199056982086500,2.0266002,step,0.1459945067521172,28.0,2.0,-0.0040054932478827965,-0.010989010989007397,-0.0146520146520146
199056983213800,2.0277275,step,0.1459945067521172,28.0,2.0,-0.0040054932478827965,-0.010989010989007397,-0.0146520146520146
199056983804600,2.0283183,step,0.1459945067521172,28.0,2.0,-0.0040054932478827965,-0.010989010989007397,-0.0146520146520146
199056984811200,2.0293249,step,0.1459945067521172,28.0,2.0,-0.0040054932478827965,-0.010989010989007397,-0.0146520146520146
199056985883900,2.0303976,step,0.1459945067521172,28.0,2.0,-0.0040054932478827965,-0.010989010989007397,-0.0146520146520146
199056986937900,2.0314516,step,0.1459945067521172,28.0,2.0,-0.0040054932478827965,-0.010989010989007397,-0.0146520146520146
199056987976800,2.0324905,step,0.1459945067521172,28.0,2.0,-0.0040054932478827965,-0.010989010989007397,-0.0146520146520146
199056989052500,2.0335662,step,0.1459945067521172,28.0,2.0,-0.0040054932478827965,-0.010989010989007397,-0.0146520146520146
199056990174900,2.0346886,step,0.1459945067521172,28.0,2.0,-0.0040054932478827965,-0.010989010989007397,-0.0146520146520146
199056990793300,2.035307,step,0.1459945067521172,28.0,2.0,-0.0040054932478827965,-0.010989010989007397,-0.0146520146520146
199056991794600,2.0363083,step,0.1459945067521172,28.0,2.0,-0.0040054932478827965,-0.010989010989007397,-0.0146520146520146
199056992861500,2.0373752,step,0.1459945067521172,28.0,2.0,-0.0040054932478827965,-0.010989010989007397,-0.0146520146520146
199056993922400,2.0384361,step,0.1459945067521172,28.0,2.0,-0.0040054932478827965,-0.010989010989007397,-0.0146520146520146
199056994927700,2.0394414,step,0.1459945067521172,28.0,2.0,-0.0040054932478827965,-0.010989010989007397,-0.0146520146520146
199056996052200,2.0405659,step,0.1459945067521172,28.0,2.0,-0.0040054932478827965,-0.010989010989007397,-0.0146520146520146
199056997251000,2.0417647,step,0.1459945067521172,28.0,2.0,-0.0040054932478827965,-0.010989010989007397,-0.0146520146520146
199056997847200,2.0423609,step,0.1459945067521172,28.0,2.0,-0.0040054932478827965,-0.010989010989007397,-0.0146520146520146
199056998853600,2.0433673,step,0.1459945067521172,28.0,2.0,-0.0040054932478827965,-0.010989010989007397,-0.0146520146520146
199056999869500,2.0443832,step,0.1459945067521172,28.0,2.0,-0.0040054932478827965,-0.010989010989007397,-0.0146520146520146
199057000870900,2.0453846,step,0.1459945067521172,28.0,2.0,-0.0040054932478827965,-0.010989010989007397,-0.0146520146520146
199057001865600,2.0463793,step,0.1459945067521172,28.0,2.0,-0.0040054932478827965,-0.010989010989007397,-0.0146520146520146
199057002866400,2.0473801,step,0.1459945067521172,28.0,2.0,-0.0040054932478827965,-0.010989010989007397,-0.0146520146520146
199057003955200,2.0484689,step,0.1459945067521172,28.0,2.0,-0.0040054932478827965,-0.010989010989007397,-0.0146520146520146
199057005040100,2.0495538,step,0.1459945067521172,28.0,2.0,-0.0040054932478827965,-0.010989010989007397,-0.0146520146520146
199057006151000,2.0506647,step,0.1459945067521172,28.0,2.0,-0.0040054932478827965,-0.010989010989007397,-0.0146520146520146
199057006742500,2.0512562,step,0.1459945067521172,28.0,2.0,-0.0040054932478827965,-0.010989010989007397,-0.0146520146520146
199057007742100,2.0522558,step,0.1459945067521172,28.0,2.0,-0.0040054932478827965,-0.010989010989007397,-0.0146520146520146
199057008812900,2.0533266,step,0.1459945067521172,28.0,2.0,-0.0040054932478827965,-0.010989010989007397,-0.0146520146520146
199057009853400,2.0543671,step,0.1459945067521172,28.0,2.0,-0.0040054932478827965,-0.010989010989007397,-0.0146520146520146
199057010946800,2.0554605,step,0.1459945067521172,28.0,2.0,-0.0040054932478827965,-0.010989010989007397,-0.0146520146520146
199057011950900,2.0564646,step,0.1459945067521172,28.0,2.0,-0.0040054932478827965,-0.010989010989007397,-0.0146520146520146
199057012956400,2.0574701,step,0.1459945067521172,28.0,2.0,-0.0040054932478827965,-0.010989010989007397,-0.0146520146520146
199057014161600,2.0586753,step,0.1459945067521172,28.0,2.0,-0.0040054932478827965,-0.010989010989007397,-0.0146520146520146
199057015125700,2.0596394,step,0.1459945067521172,28.0,2.0,-0.0040054932478827965,-0.010989010989007397,-0.0146520146520146
199057015723900,2.0602376,step,0.1459945067521172,28.0,2.0,-0.0040054932478827965,-0.010989010989007397,-0.0146520146520146
199057016726500,2.0612402,step,0.1459945067521172,28.0,2.0,-0.0040054932478827965,-0.010989010989007397,-0.0146520146520146
199057017822400,2.0623361,step,0.1459945067521172,28.0,2.0,-0.0040054932478827965,-0.010989010989007397,-0.0146520146520146
199057018905200,2.0634189,step,0.1459945067521172,28.0,2.0,-0.0040054932478827965,-0.010989010989007397,-0.0146520146520146
199057019957500,2.0644712,step,0.1459945067521172,28.0,2.0,-0.0040054932478827965,-0.010989010989007397,-0.0146520146520146
199057021042400,2.0655561,step,0.1459945067521172,28.0,2.0,-0.0040054932478827965,-0.010989010989007397,-0.0146520146520146
199057022046500,2.0665602,step,0.1459945067521172,28.0,2.0,-0.0040054932478827965,-0.010989010989007397,-0.0146520146520146
199057023044800,2.0675585,step,0.1459945067521172,28.0,2.0,-0.0040054932478827965,-0.010989010989007397,-0.0146520146520146
199057024144600,2.0686583,step,0.1459945067521172,28.0,2.0,-0.0040054932478827965,-0.010989010989007397,-0.0146520146520146
199057024745700,2.0692594,step,0.1459945067521172,28.0,2.0,-0.0040054932478827965,-0.010989010989007397,-0.0146520146520146
199057025751700,2.0702654,step,0.1459945067521172,28.0,2.0,-0.0040054932478827965,-0.010989010989007397,-0.0146520146520146
199057026860700,2.0713744,step,0.1459945067521172,28.0,2.0,-0.0040054932478827965,-0.010989010989007397,-0.0146520146520146
199057027759700,2.0722734,step,0.1459945067521172,28.0,2.0,-0.0040054932478827965,-0.010989010989007397,-0.0146520146520146
199057028766200,2.0732799,step,0.1459945067521172,28.0,2.0,-0.0040054932478827965,-0.010989010989007397,-0.0146520146520146
199057029770900,2.0742846,step,0.1459945067521172,28.0,2.0,-0.0040054932478827965,-0.010989010989007397,-0.0146520146520146
199057030838400,2.0753521,step,0.1459945067521172,28.0,2.0,-0.0040054932478827965,-0.010989010989007397,-0.0146520146520146
199057031838900,2.0763526,step,0.1459945067521172,28.0,2.0,-0.0040054932478827965,-0.010989010989007397,-0.0146520146520146
199057032840000,2.0773537,step,0.1459945067521172,28.0,2.0,-0.0040054932478827965,-0.010989010989007397,-0.0146520146520146
199057033844000,2.0783577,step,0.1459945067521172,28.0,2.0,-0.0040054932478827965,-0.010989010989007397,-0.0146520146520146
199057034845200,2.0793589,step,0.1459945067521172,28.0,2.0,-0.0040054932478827965,-0.010989010989007397,-0.0146520146520146
199057035924200,2.0804379,step,0.1459945067521172,28.0,2.0,-0.0040054932478827965,-0.010989010989007397,-0.0146520146520146
199057036977500,2.0814912,step,0.1459945067521172,28.0,2.0,-0.0040054932478827965,-0.010989010989007397,-0.0146520146520146
199057038064400,2.0825781,step,0.1459945067521172,28.0,2.0,-0.0040054932478827965,-0.010989010989007397,-0.0146520146520146
199057038626600,2.0831403,step,0.1459945067521172,28.0,2.0,-0.0040054932478827965,-0.010989010989007397,-0.0146520146520146
199057039632600,2.0841463,step,0.1459945067521172,28.0,2.0,-0.0040054932478827965,-0.010989010989007397,-0.0146520146520146
199057040869600,2.0853833,step,0.1459945067521172,28.0,2.0,-0.0040054932478827965,-0.010989010989007397,-0.0146520146520146
199057041895400,2.0864091,step,0.1459945067521172,28.0,2.0,-0.0040054932478827965,-0.010989010989007397,-0.0146520146520146
199057042878800,2.0873925,step,0.1459945067521172,28.0,2.0,-0.0040054932478827965,-0.010989010989007397,-0.0146520146520146
199057043884800,2.0883985,step,0.1459945067521172,28.0,2.0,-0.0040054932478827965,-0.010989010989007397,-0.0146520146520146
199057044980300,2.089494,step,0.1459945067521172,28.0,2.0,-0.0040054932478827965,-0.010989010989007397,-0.0146520146520146
199057046216100,2.0907298,step,0.1459945067521172,28.0,2.0,-0.0040054932478827965,-0.010989010989007397,-0.0146520146520146
199057046850400,2.0913641,step,0.1459945067521172,28.0,2.0,-0.0040054932478827965,-0.010989010989007397,-0.0146520146520146
199057047858400,2.0923721,step,0.1459945067521172,28.0,2.0,-0.0040054932478827965,-0.010989010989007397,-0.0146520146520146
199057048927800,2.0934415,step,0.1459945067521172,28.0,2.0,-0.0040054932478827965,-0.010989010989007397,-0.0146520146520146
199057049928900,2.0944426,step,0.1459945067521172,28.0,2.0,-0.0040054932478827965,-0.010989010989007397,-0.0146520146520146
199057050934300,2.095448,step,0.1459945067521172,28.0,2.0,-0.0040054932478827965,-0.010989010989007397,-0.0146520146520146
199057051976700,2.0964904,step,0.1459945067521172,28.0,2.0,-0.0040054932478827965,-0.010989010989007397,-0.0146520146520146
199057053098400,2.0976121,step,0.1459945067521172,28.0,2.0,-0.0040054932478827965,-0.010989010989007397,-0.0146520146520146
199057054294500,2.0988082,step,0.1459945067521172,28.0,2.0,-0.0040054932478827965,-0.010989010989007397,-0.0146520146520146
199057055144000,2.0996577,step,0.1459945067521172,28.0,2.0,-0.0040054932478827965,-0.010989010989007397,-0.0146520146520146
199057055756000,2.1002697,step,0.1459945067521172,28.0,2.0,-0.0040054932478827965,-0.010989010989007397,-0.0146520146520146
199057056755300,2.101269,step,0.1459945067521172,28.0,2.0,-0.0040054932478827965,-0.010989010989007397,-0.0146520146520146
199057057959700,2.1024734,step,0.1459945067521172,28.0,2.0,-0.0040054932478827965,-0.010989010989007397,-0.0146520146520146
199057058810000,2.1033237,step,0.1459945067521172,28.0,2.0,-0.0040054932478827965,-0.010989010989007397,-0.0146520146520146
199057059818400,2.1043321,step,0.1459945067521172,28.0,2.0,-0.0040054932478827965,-0.010989010989007397,-0.0146520146520146
199057060821000,2.1053347,step,0.1459945067521172,28.0,2.0,-0.0040054932478827965,-0.010989010989007397,-0.0146520146520146
199057061823800,2.1063375,step,0.1459945067521172,28.0,2.0,-0.0040054932478827965,-0.010989010989007397,-0.0146520146520146
199057062825500,2.1073392,step,0.1459945067521172,28.0,2.0,-0.0040054932478827965,-0.010989010989007397,-0.0146520146520146
199057063829000,2.1083427,step,0.1459945067521172,28.0,2.0,-0.0040054932478827965,-0.010989010989007397,-0.0146520146520146
199057064831400,2.1093451,step,0.1459945067521172,28.0,2.0,-0.0040054932478827965,-0.010989010989007397,-0.0146520146520146
199057065832300,2.110346,step,0.1459945067521172,28.0,2.0,-0.0040054932478827965,-0.010989010989007397,-0.0146520146520146
199057066841500,2.1113552,step,0.1459945067521172,28.0,2.0,-0.0040054932478827965,-0.010989010989007397,-0.0146520146520146
199057067845300,2.112359,step,0.1459945067521172,28.0,2.0,-0.0040054932478827965,-0.010989010989007397,-0.0146520146520146
199057068850300,2.113364,step,0.1459945067521172,28.0,2.0,-0.0040054932478827965,-0.010989010989007397,-0.0146520146520146
199057069855000,2.1143687,step,0.1459945067521172,28.0,2.0,-0.0040054932478827965,-0.010989010989007397,-0.0146520146520146
199057070879000,2.1153927,step,0.1459945067521172,28.0,2.0,-0.0040054932478827965,-0.010989010989007397,-0.0146520146520146
199057071955700,2.1164694,step,0.1459945067521172,28.0,2.0,-0.0040054932478827965,-0.010989010989007397,-0.0146520146520146
199057073330000,2.1178437,step,0.1459945067521172,28.0,2.0,-0.0040054932478827965,-0.010989010989007397,-0.0146520146520146
199057073952200,2.1184659,step,0.1459945067521172,28.0,2.0,-0.0040054932478827965,-0.010989010989007397,-0.0146520146520146
199057074956000,2.1194697,step,0.1459945067521172,28.0,2.0,-0.0040054932478827965,-0.010989010989007397,-0.0146520146520146
199057076096500,2.1206102,step,0.1459945067521172,28.0,2.0,-0.0040054932478827965,-0.010989010989007397,-0.0146520146520146
199057077066900,2.1215806,step,0.1459945067521172,28.0,2.0,-0.0040054932478827965,-0.010989010989007397,-0.0146520146520146
199057078086300,2.1226,step,0.1459945067521172,28.0,2.0,-0.0040054932478827965,-0.010989010989007397,-0.0146520146520146
199057079080700,2.1235944,step,0.1459945067521172,28.0,2.0,-0.0040054932478827965,-0.010989010989007397,-0.0146520146520146
199057079647500,2.1241612,step,0.1459945067521172,28.0,2.0,-0.0040054932478827965,-0.010989010989007397,-0.0146520146520146
199057080674300,2.125188,step,0.1459945067521172,28.0,2.0,-0.0040054932478827965,-0.010989010989007397,-0.0146520146520146
199057081811900,2.1263256,step,0.1459945067521172,28.0,2.0,-0.0040054932478827965,-0.010989010989007397,-0.0146520146520146
199057082813600,2.1273273,step,0.1459945067521172,28.0,2.0,-0.0040054932478827965,-0.010989010989007397,-0.0146520146520146
199057083988400,2.1285021,step,0.1459945067521172,28.0,2.0,-0.0040054932478827965,-0.010989010989007397,-0.0146520146520146
199057084996700,2.1295104,step,0.1459945067521172,28.0,2.0,-0.0040054932478827965,-0.010989010989007397,-0.0146520146520146
199057085997700,2.1305114,step,0.1459945067521172,28.0,2.0,-0.0040054932478827965,-0.010989010989007397,-0.0146520146520146
199057086986000,2.1314997,step,0.1459945067521172,28.0,2.0,-0.0040054932478827965,-0.010989010989007397,-0.0146520146520146
199057088068400,2.1325821,step,0.1459945067521172,28.0,2.0,-0.0040054932478827965,-0.010989010989007397,-0.0146520146520146
199057089059200,2.1335729,step,0.1459945067521172,28.0,2.0,-0.0040054932478827965,-0.010989010989007397,-0.0146520146520146
199057090226400,2.1347401,step,0.1459945067521172,28.0,2.0,-0.0040054932478827965,-0.010989010989007397,-0.0146520146520146
199057091067200,2.1355809,step,0.1459945067521172,28.0,2.0,-0.0040054932478827965,-0.010989010989007397,-0.0146520146520146
199057092085300,2.136599,step,0.1459945067521172,28.0,2.0,-0.0040054932478827965,-0.010989010989007397,-0.0146520146520146
199057092576900,2.1370906,step,0.1459945067521172,28.0,2.0,-0.0040054932478827965,-0.010989010989007397,-0.0146520146520146
199057094244000,2.1387577,step,0.1459945067521172,28.0,2.0,-0.0040054932478827965,-0.010989010989007397,-0.0146520146520146
199057094850100,2.1393638,step,0.1459945067521172,28.0,2.0,-0.0040054932478827965,-0.010989010989007397,-0.0146520146520146
199057095913900,2.1404276,step,0.1459945067521172,28.0,2.0,-0.0040054932478827965,-0.010989010989007397,-0.0146520146520146
199057096863900,2.1413776,step,0.1459945067521172,28.0,2.0,-0.0040054932478827965,-0.010989010989007397,-0.0146520146520146
199057097883700,2.1423974,step,0.1459945067521172,28.0,2.0,-0.0040054932478827965,-0.010989010989007397,-0.0146520146520146
199057098879700,2.1433934,step,0.1459945067521172,28.0,2.0,-0.0040054932478827965,-0.010989010989007397,-0.0146520146520146
199057099882400,2.1443961,step,0.1459945067521172,28.0,2.0,-0.0040054932478827965,-0.010989010989007397,-0.0146520146520146
199057101081100,2.1455948,step,0.1459945067521172,28.0,2.0,-0.0040054932478827965,-0.010989010989007397,-0.0146520146520146
199057102109800,2.1466235,step,0.1459945067521172,28.0,2.0,-0.0040054932478827965,-0.010989010989007397,-0.0146520146520146
199057103259900,2.1477736,step,0.1459945067521172,28.0,2.0,-0.0040054932478827965,-0.010989010989007397,-0.0146520146520146
199057104006300,2.14852,step,0.1459945067521172,28.0,2.0,-0.0040054932478827965,-0.010989010989007397,-0.0146520146520146
199057104933400,2.1494471,step,0.1459945067521172,28.0,2.0,-0.0040054932478827965,-0.010989010989007397,-0.0146520146520146
199057105934700,2.1504484,step,0.1459945067521172,28.0,2.0,-0.0040054932478827965,-0.010989010989007397,-0.0146520146520146
199057106988700,2.1515024,step,0.1459945067521172,28.0,2.0,-0.0040054932478827965,-0.010989010989007397,-0.0146520146520146
199057108000100,2.1525138,step,0.1459945067521172,28.0,2.0,-0.0040054932478827965,-0.010989010989007397,-0.0146520146520146
199057109006100,2.1535198,step,0.1459945067521172,28.0,2.0,-0.0040054932478827965,-0.010989010989007397,-0.0146520146520146
199057110007900,2.1545216,step,0.1459945067521172,28.0,2.0,-0.0040054932478827965,-0.010989010989007397,-0.0146520146520146
199057111101500,2.1556152,step,0.1459945067521172,28.0,2.0,-0.0040054932478827965,-0.010989010989007397,-0.0146520146520146
199057112414100,2.1569278,step,0.1459945067521172,28.0,2.0,-0.0040054932478827965,-0.010989010989007397,-0.0146520146520146
199057113018100,2.1575318,step,0.1459945067521172,28.0,2.0,-0.0040054932478827965,-0.010989010989007397,-0.0146520146520146
199057114024700,2.1585384,step,0.1459945067521172,28.0,2.0,-0.0040054932478827965,-0.010989010989007397,-0.0146520146520146
199057115029400,2.1595431,step,0.1459945067521172,28.0,2.0,-0.0040054932478827965,-0.010989010989007397,-0.0146520146520146
199057116031400,2.1605451,step,0.1459945067521172,28.0,2.0,-0.0040054932478827965,-0.010989010989007397,-0.0146520146520146
199057117033200,2.1615469,step,0.1459945067521172,28.0,2.0,-0.0040054932478827965,-0.010989010989007397,-0.0146520146520146
199057118037600,2.1625513,step,0.1459945067521172,28.0,2.0,-0.0040054932478827965,-0.010989010989007397,-0.0146520146520146
199057119199800,2.1637135,step,0.1459945067521172,28.0,2.0,-0.0040054932478827965,-0.010989010989007397,-0.0146520146520146
199057119998000,2.1645117,step,0.1459945067521172,28.0,2.0,-0.0040054932478827965,-0.010989010989007397,-0.0146520146520146
199057121001200,2.1655149,step,0.1459945067521172,28.0,2.0,-0.0040054932478827965,-0.010989010989007397,-0.0146520146520146
199057122083900,2.1665976,step,0.1459945067521172,28.0,2.0,-0.0040054932478827965,-0.010989010989007397,-0.0146520146520146
199057123260800,2.1677745,step,0.1459945067521172,28.0,2.0,-0.0040054932478827965,-0.010989010989007397,-0.0146520146520146
199057123890700,2.1684044,step,0.1459945067521172,28.0,2.0,-0.0040054932478827965,-0.010989010989007397,-0.0146520146520146
199057124892600,2.1694063,step,0.1459945067521172,28.0,2.0,-0.0040054932478827965,-0.010989010989007397,-0.0146520146520146
199057125981300,2.170495,step,0.1459945067521172,28.0,2.0,-0.0040054932478827965,-0.010989010989007397,-0.0146520146520146
199057126983800,2.1714975,step,0.1459945067521172,28.0,2.0,-0.0040054932478827965,-0.010989010989007397,-0.0146520146520146
199057128004700,2.1725184,step,0.1459945067521172,28.0,2.0,-0.0040054932478827965,-0.010989010989007397,-0.0146520146520146
199057129246100,2.1737598,step,0.1459945067521172,28.0,2.0,-0.0040054932478827965,-0.010989010989007397,-0.0146520146520146
199057129840400,2.1743541,step,0.1459945067521172,28.0,2.0,-0.0040054932478827965,-0.010989010989007397,-0.0146520146520146
199057130841500,2.1753552,step,0.1459945067521172,28.0,2.0,-0.0040054932478827965,-0.010989010989007397,-0.0146520146520146
199057132033800,2.1765475,step,0.1459945067521172,28.0,2.0,-0.0040054932478827965,-0.010989010989007397,-0.0146520146520146
199057133035300,2.177549,step,0.1459945067521172,28.0,2.0,-0.0040054932478827965,-0.010989010989007397,-0.0146520146520146
199057134321200,2.1788349,step,0.1459945067521172,28.0,2.0,-0.0040054932478827965,-0.010989010989007397,-0.0146520146520146
199057135521800,2.1800355,step,0.1459945067521172,28.0,2.0,-0.0040054932478827965,-0.010989010989007397,-0.0146520146520146
199057135607100,2.1801208,step,0.1459945067521172,28.0,2.0,-0.0040054932478827965,-0.010989010989007397,-0.0146520146520146
199057137180600,2.1816943,step,0.1459945067521172,28.0,2.0,-0.0040054932478827965,-0.010989010989007397,-0.0146520146520146
199057137798700,2.1823124,step,0.1459945067521172,28.0,2.0,-0.0040054932478827965,-0.010989010989007397,-0.0146520146520146
199057138799800,2.1833135,step,0.1459945067521172,28.0,2.0,-0.0040054932478827965,-0.010989010989007397,-0.0146520146520146
199057139899900,2.1844136,step,0.1459945067521172,28.0,2.0,-0.0040054932478827965,-0.010989010989007397,-0.0146520146520146
199057140977500,2.1854912,step,0.1459945067521172,28.0,2.0,-0.0040054932478827965,-0.010989010989007397,-0.0146520146520146
199057141980500,2.1864942,step,0.1459945067521172,28.0,2.0,-0.0040054932478827965,-0.010989010989007397,-0.0146520146520146
199057142983100,2.1874968,step,0.1459945067521172,28.0,2.0,-0.0040054932478827965,-0.010989010989007397,-0.0146520146520146
199057144079600,2.1885933,step,0.1459945067521172,28.0,2.0,-0.0040054932478827965,-0.010989010989007397,-0.0146520146520146
199057145153100,2.1896668,step,0.1459945067521172,28.0,2.0,-0.0040054932478827965,-0.010989010989007397,-0.0146520146520146
199057145739800,2.1902535,step,0.1459945067521172,28.0,2.0,-0.0040054932478827965,-0.010989010989007397,-0.0146520146520146
199057146761200,2.1912749,step,0.1459945067521172,28.0,2.0,-0.0040054932478827965,-0.010989010989007397,-0.0146520146520146
199057148248500,2.1927622,step,0.1459945067521172,28.0,2.0,-0.0040054932478827965,-0.010989010989007397,-0.0146520146520146
199057148842700,2.1933564,step,0.1459945067521172,28.0,2.0,-0.0040054932478827965,-0.010989010989007397,-0.0146520146520146
199057149961800,2.1944755,step,0.1459945067521172,28.0,2.0,-0.0040054932478827965,-0.010989010989007397,-0.0146520146520146
199057151254700,2.1957684,step,0.1459945067521172,28.0,2.0,-0.0040054932478827965,-0.010989010989007397,-0.0146520146520146
199057151878500,2.1963922,step,0.1459945067521172,28.0,2.0,-0.0040054932478827965,-0.010989010989007397,-0.0146520146520146
199057152899800,2.1974135,step,0.1459945067521172,28.0,2.0,-0.0040054932478827965,-0.010989010989007397,-0.0146520146520146
199057154058800,2.1985725,step,0.1459945067521172,28.0,2.0,-0.0040054932478827965,-0.010989010989007397,-0.0146520146520146
199057155048700,2.1995624,step,0.1459945067521172,28.0,2.0,-0.0040054932478827965,-0.010989010989007397,-0.0146520146520146
199057156151300,2.200665,step,0.1459945067521172,28.0,2.0,-0.0040054932478827965,-0.010989010989007397,-0.0146520146520146
199057156740700,2.2012544,step,0.1459945067521172,28.0,2.0,-0.0040054932478827965,-0.010989010989007397,-0.0146520146520146
199057157765800,2.2022795,step,0.1459945067521172,28.0,2.0,-0.0040054932478827965,-0.010989010989007397,-0.0146520146520146
199057158893200,2.2034069,step,0.1459945067521172,28.0,2.0,-0.0040054932478827965,-0.010989010989007397,-0.0146520146520146
199057159894600,2.2044083,step,0.1459945067521172,28.0,2.0,-0.0040054932478827965,-0.010989010989007397,-0.0146520146520146
199057161093400,2.2056071,step,0.1459945067521172,28.0,2.0,-0.0040054932478827965,-0.010989010989007397,-0.0146520146520146
199057162096900,2.2066106,step,0.1459945067521172,28.0,2.0,-0.0040054932478827965,-0.010989010989007397,-0.0146520146520146
199057162704000,2.2072177,step,0.1459945067521172,28.0,2.0,-0.0040054932478827965,-0.010989010989007397,-0.0146520146520146
199057163707000,2.2082207,step,0.1459945067521172,28.0,2.0,-0.0040054932478827965,-0.010989010989007397,-0.0146520146520146
199057164929100,2.2094428,step,0.1459945067521172,28.0,2.0,-0.0040054932478827965,-0.010989010989007397,-0.004884004884004867
199057166301300,2.210815,step,0.1459945067521172,28.0,2.0,-0.0040054932478827965,-0.0329670329670364,-0.004884004884004867
199057166804700,2.2113184,step,0.1459945067521172,28.0,2.0,-0.0040054932478827965,-0.0329670329670364,-0.004884004884004867
199057167807800,2.2123215,step,0.1459945067521172,28.0,2.0,-0.0040054932478827965,-0.0329670329670364,-0.004884004884004867
199057169027600,2.2135413,step,0.1459945067521172,28.0,2.0,-0.0040054932478827965,-0.0329670329670364,-0.004884004884004867
199057170029500,2.2145432,step,0.1459945067521172,28.0,2.0,-0.0040054932478827965,-0.0329670329670364,-0.004884004884004867
199057171111400,2.2156251,step,0.1459945067521172,28.0,2.0,-0.0040054932478827965,-0.0329670329670364,-0.004884004884004867
199057171748600,2.2162623,step,0.1459945067521172,28.0,2.0,-0.0040054932478827965,-0.0329670329670364,-0.004884004884004867
199057172747300,2.217261,step,0.1459945067521172,28.0,2.0,-0.0040054932478827965,-0.0329670329670364,-0.004884004884004867
199057173752900,2.2182666,step,0.1459945067521172,28.0,2.0,-0.0040054932478827965,-0.0329670329670364,-0.004884004884004867
199057174756400,2.2192701,step,0.1459945067521172,28.0,2.0,-0.0040054932478827965,-0.0329670329670364,-0.004884004884004867
199057175776500,2.2202902,step,0.1459945067521172,28.0,2.0,-0.0040054932478827965,-0.0329670329670364,-0.004884004884004867
199057176870200,2.2213839,step,0.1459945067521172,28.0,2.0,-0.0040054932478827965,-0.0329670329670364,-0.004884004884004867
199057177861500,2.2223752,step,0.1459945067521172,28.0,2.0,-0.0040054932478827965,-0.0329670329670364,-0.004884004884004867
199057178864100,2.2233778,step,0.1459945067521172,28.0,2.0,-0.0040054932478827965,-0.0329670329670364,-0.004884004884004867
199057179981300,2.224495,step,0.1459945067521172,28.0,2.0,-0.0040054932478827965,-0.0329670329670364,-0.004884004884004867
199057181076400,2.2255901,step,0.1459945067521172,28.0,2.0,-0.0040054932478827965,-0.0329670329670364,-0.004884004884004867
199057182093600,2.2266073,step,0.1459945067521172,28.0,2.0,-0.0040054932478827965,-0.0329670329670364,-0.004884004884004867
199057182704200,2.2272179,step,0.1459945067521172,28.0,2.0,-0.0040054932478827965,-0.0329670329670364,-0.004884004884004867
199057183738300,2.228252,step,0.1459945067521172,28.0,2.0,-0.0040054932478827965,-0.0329670329670364,-0.004884004884004867
199057184822900,2.2293366,step,0.1459945067521172,28.0,2.0,-0.0040054932478827965,-0.0329670329670364,-0.004884004884004867
199057185920100,2.2304338,step,0.1459945067521172,28.0,2.0,-0.0040054932478827965,-0.0329670329670364,-0.004884004884004867
199057187006500,2.2315202,step,0.1459945067521172,28.0,2.0,-0.0040054932478827965,-0.0329670329670364,-0.004884004884004867
199057188118600,2.2326323,step,0.1459945067521172,28.0,2.0,-0.0040054932478827965,-0.0329670329670364,-0.004884004884004867
199057188710300,2.233224,step,0.1459945067521172,28.0,2.0,-0.0040054932478827965,-0.0329670329670364,-0.004884004884004867
199057189714900,2.2342286,step,0.1459945067521172,28.0,2.0,-0.0040054932478827965,-0.0329670329670364,-0.004884004884004867
199057190806000,2.2353197,step,0.1459945067521172,28.0,2.0,-0.0040054932478827965,-0.0329670329670364,-0.004884004884004867
199057191858700,2.2363724,step,0.1459945067521172,28.0,2.0,-0.0040054932478827965,-0.0329670329670364,-0.004884004884004867
199057192859800,2.2373735,step,0.1459945067521172,28.0,2.0,-0.0040054932478827965,-0.0329670329670364,-0.004884004884004867
199057193891400,2.2384051,step,0.1459945067521172,28.0,2.0,-0.0040054932478827965,-0.0329670329670364,-0.004884004884004867
199057194963200,2.2394769,step,0.1459945067521172,28.0,2.0,-0.0040054932478827965,-0.0329670329670364,-0.004884004884004867
199057196183400,2.2406971,step,0.1459945067521172,28.0,2.0,-0.0040054932478827965,-0.0329670329670364,-0.004884004884004867
199057197066200,2.2415799,step,0.1459945067521172,28.0,2.0,-0.0040054932478827965,-0.0329670329670364,-0.004884004884004867
199057198078100,2.2425918,step,0.1459945067521172,28.0,2.0,-0.0040054932478827965,-0.0329670329670364,-0.004884004884004867
199057199076000,2.2435897,step,0.1459945067521172,28.0,2.0,-0.0040054932478827965,-0.0329670329670364,-0.004884004884004867
199057200077900,2.2445916,step,0.1459945067521172,28.0,2.0,-0.0040054932478827965,-0.0329670329670364,-0.004884004884004867
199057201201500,2.2457152,step,0.1459945067521172,28.0,2.0,-0.0040054932478827965,-0.0329670329670364,-0.004884004884004867
199057201825200,2.2463389,step,0.1459945067521172,28.0,2.0,-0.0040054932478827965,-0.0329670329670364,-0.004884004884004867
199057202828100,2.2473418,step,0.1459945067521172,28.0,2.0,-0.0040054932478827965,-0.0329670329670364,-0.004884004884004867
199057203896100,2.2484098,step,0.1459945067521172,28.0,2.0,-0.0040054932478827965,-0.0329670329670364,-0.004884004884004867
199057204972100,2.2494858,step,0.1459945067521172,28.0,2.0,-0.0040054932478827965,-0.0329670329670364,-0.004884004884004867
199057206099900,2.2506136,step,0.1459945067521172,28.0,2.0,-0.0040054932478827965,-0.0329670329670364,-0.004884004884004867
199057207221800,2.2517355,step,0.1459945067521172,28.0,2.0,-0.0040054932478827965,-0.0329670329670364,-0.004884004884004867
199057207826600,2.2523403,step,0.1459945067521172,28.0,2.0,-0.0040054932478827965,-0.0329670329670364,-0.004884004884004867
199057208831500,2.2533452,step,0.1459945067521172,28.0,2.0,-0.0040054932478827965,-0.0329670329670364,-0.004884004884004867
199057209957400,2.2544711,step,0.1459945067521172,28.0,2.0,-0.0040054932478827965,-0.0329670329670364,-0.004884004884004867
199057210987000,2.2555007,step,0.1459945067521172,28.0,2.0,-0.0040054932478827965,-0.0329670329670364,-0.004884004884004867
199057212112700,2.2566264,step,0.1459945067521172,28.0,2.0,-0.0040054932478827965,-0.0329670329670364,-0.004884004884004867
199057213047400,2.2575611,step,0.1459945067521172,28.0,2.0,-0.0040054932478827965,-0.0329670329670364,-0.004884004884004867
199057214051900,2.2585656,step,0.1459945067521172,28.0,2.0,-0.0040054932478827965,-0.0329670329670364,-0.004884004884004867
199057215137200,2.2596509,step,0.1459945067521172,28.0,2.0,-0.0040054932478827965,-0.0329670329670364,-0.004884004884004867
199057215750300,2.260264,step,0.1459945067521172,28.0,2.0,-0.0040054932478827965,-0.0329670329670364,-0.004884004884004867
199057216753700,2.2612674,step,0.1459945067521172,28.0,2.0,-0.0040054932478827965,-0.0329670329670364,-0.004884004884004867
199057217832300,2.262346,step,0.1459945067521172,28.0,2.0,-0.0040054932478827965,-0.0329670329670364,-0.004884004884004867
199057218878000,2.2633917,step,0.1459945067521172,28.0,2.0,-0.0040054932478827965,-0.0329670329670364,-0.004884004884004867
199057220007600,2.2645213,step,0.1459945067521172,28.0,2.0,-0.0040054932478827965,-0.0329670329670364,-0.004884004884004867
199057221031000,2.2655447,step,0.1459945067521172,28.0,2.0,-0.0040054932478827965,-0.0329670329670364,-0.004884004884004867
199057222023000,2.2665367,step,0.1459945067521172,28.0,2.0,-0.0040054932478827965,-0.0329670329670364,-0.004884004884004867
199057223028600,2.2675423,step,0.1459945067521172,28.0,2.0,-0.0040054932478827965,-0.0329670329670364,-0.004884004884004867
199057224126500,2.2686402,step,0.1459945067521172,28.0,2.0,-0.0040054932478827965,-0.0329670329670364,-0.004884004884004867
199057224607700,2.2691214,step,0.1459945067521172,28.0,2.0,-0.0040054932478827965,-0.0329670329670364,-0.004884004884004867
199057225608700,2.2701224,step,0.1459945067521172,28.0,2.0,-0.0040054932478827965,-0.0329670329670364,-0.004884004884004867
199057226682600,2.2711963,step,0.1459945067521172,28.0,2.0,-0.0040054932478827965,-0.0329670329670364,-0.004884004884004867
199057228118100,2.2726318,step,0.1459945067521172,28.0,2.0,-0.0040054932478827965,-0.0329670329670364,-0.004884004884004867
199057228890500,2.2734042,step,0.1459945067521172,28.0,2.0,-0.0040054932478827965,-0.0329670329670364,-0.004884004884004867
199057229895000,2.2744087,step,0.1459945067521172,28.0,2.0,-0.0040054932478827965,-0.0329670329670364,-0.004884004884004867
199057230902600,2.2754163,step,0.1459945067521172,28.0,2.0,-0.0040054932478827965,-0.0329670329670364,-0.004884004884004867
199057231904600,2.2764183,step,0.1459945067521172,28.0,2.0,-0.0040054932478827965,-0.0329670329670364,-0.004884004884004867
199057232905900,2.2774196,step,0.1459945067521172,28.0,2.0,-0.0040054932478827965,-0.0329670329670364,-0.004884004884004867
199057233910600,2.2784243,step,0.1459945067521172,28.0,2.0,-0.0040054932478827965,-0.0329670329670364,-0.004884004884004867
199057235434800,2.2799485,step,0.1459945067521172,28.0,2.0,-0.0040054932478827965,-0.0329670329670364,-0.004884004884004867
199057235983200,2.2804969,step,0.1459945067521172,28.0,2.0,-0.0040054932478827965,-0.0329670329670364,-0.004884004884004867
199057236994600,2.2815083,step,0.1459945067521172,28.0,2.0,-0.0040054932478827965,-0.0329670329670364,-0.004884004884004867
199057238017900,2.2825316,step,0.1459945067521172,28.0,2.0,-0.0040054932478827965,-0.0329670329670364,-0.004884004884004867
199057239180700,2.2836944,step,0.1459945067521172,28.0,2.0,-0.0040054932478827965,-0.0329670329670364,-0.004884004884004867
199057239839800,2.2843535,step,0.1459945067521172,28.0,2.0,-0.0040054932478827965,-0.0329670329670364,-0.004884004884004867
199057240841700,2.2853554,step,0.1459945067521172,28.0,2.0,-0.0040054932478827965,-0.0329670329670364,-0.004884004884004867
199057241971600,2.2864853,step,0.1459945067521172,28.0,2.0,-0.0040054932478827965,-0.0329670329670364,-0.004884004884004867
199057243007900,2.2875216,step,0.1459945067521172,28.0,2.0,-0.0040054932478827965,-0.0329670329670364,-0.004884004884004867
199057244383400,2.2888971,step,0.1459945067521172,28.0,2.0,-0.0040054932478827965,-0.0329670329670364,-0.004884004884004867
199057245364700,2.2898784,step,0.1459945067521172,28.0,2.0,-0.0040054932478827965,-0.0329670329670364,-0.004884004884004867
199057245979900,2.2904936,step,0.1459945067521172,28.0,2.0,-0.0040054932478827965,-0.0329670329670364,-0.004884004884004867
199057247008900,2.2915226,step,0.1459945067521172,28.0,2.0,-0.0040054932478827965,-0.0329670329670364,-0.004884004884004867
199057248142600,2.2926563,step,0.1459945067521172,28.0,2.0,-0.0040054932478827965,-0.0329670329670364,-0.004884004884004867
199057248754100,2.2932678,step,0.1459945067521172,28.0,2.0,-0.0040054932478827965,-0.0329670329670364,-0.004884004884004867
199057249756900,2.2942706,step,0.1459945067521172,28.0,2.0,-0.0040054932478827965,-0.0329670329670364,-0.004884004884004867
199057250807500,2.2953212,step,0.1459945067521172,28.0,2.0,-0.0040054932478827965,-0.0329670329670364,-0.004884004884004867
199057251886400,2.2964001,step,0.1459945067521172,28.0,2.0,-0.0040054932478827965,-0.0329670329670364,-0.004884004884004867
199057252959100,2.2974728,step,0.1459945067521172,28.0,2.0,-0.0040054932478827965,-0.0329670329670364,-0.004884004884004867
199057254066800,2.2985805,step,0.1459945067521172,28.0,2.0,-0.0040054932478827965,-0.0329670329670364,-0.004884004884004867
199057255196200,2.2997099,step,0.1459945067521172,28.0,2.0,-0.0040054932478827965,-0.0329670329670364,-0.004884004884004867
199057255784600,2.3002983,step,0.1459945067521172,28.0,2.0,-0.0040054932478827965,-0.0329670329670364,-0.004884004884004867
199057256786900,2.3013006,step,0.1459945067521172,28.0,2.0,-0.0040054932478827965,-0.0329670329670364,-0.004884004884004867
199057257818700,2.3023324,step,0.1459945067521172,28.0,2.0,-0.0040054932478827965,-0.0329670329670364,-0.004884004884004867
199057259131100,2.3036448,step,0.1459945067521172,28.0,2.0,-0.0040054932478827965,-0.0329670329670364,-0.004884004884004867
199057259828300,2.304342,step,0.1459945067521172,28.0,2.0,-0.0040054932478827965,-0.0329670329670364,-0.004884004884004867
199057261098300,2.305612,step,0.1459945067521172,28.0,2.0,-0.0040054932478827965,-0.0329670329670364,-0.004884004884004867
199057261709100,2.3062228,step,0.1459945067521172,28.0,2.0,-0.0040054932478827965,-0.0329670329670364,-0.004884004884004867
199057262716900,2.3072306,step,0.1459945067521172,28.0,2.0,-0.0040054932478827965,-0.0329670329670364,-0.004884004884004867
199057263946300,2.30846,step,0.1459945067521172,28.0,2.0,-0.0040054932478827965,-0.0329670329670364,-0.004884004884004867
199057264951600,2.3094653,step,0.1459945067521172,28.0,2.0,-0.0040054932478827965,-0.0329670329670364,-0.004884004884004867
199057266024300,2.310538,step,0.1459945067521172,28.0,2.0,-0.0040054932478827965,-0.0329670329670364,-0.004884004884004867
199057267120700,2.3116344,step,0.1459945067521172,28.0,2.0,-0.0040054932478827965,-0.0329670329670364,-0.004884004884004867
199057267756700,2.3122704,step,0.1459945067521172,28.0,2.0,-0.0040054932478827965,-0.0329670329670364,-0.004884004884004867
199057268738200,2.3132519,step,0.1459945067521172,28.0,2.0,-0.0040054932478827965,-0.0329670329670364,-0.004884004884004867
199057269852600,2.3143663,step,0.1459945067521172,28.0,2.0,-0.0040054932478827965,-0.0329670329670364,-0.004884004884004867
199057270940500,2.3154542,step,0.1459945067521172,28.0,2.0,-0.0040054932478827965,-0.0329670329670364,-0.004884004884004867
199057272005300,2.316519,step,0.1459945067521172,28.0,2.0,-0.0040054932478827965,-0.0329670329670364,-0.004884004884004867
199057273083100,2.3175968,step,0.1459945067521172,28.0,2.0,-0.0040054932478827965,-0.0329670329670364,-0.004884004884004867
199057273640800,2.3181545,step,0.1459945067521172,28.0,2.0,-0.0040054932478827965,-0.0329670329670364,-0.004884004884004867
199057274649200,2.3191629,step,0.1459945067521172,28.0,2.0,-0.0040054932478827965,-0.0329670329670364,-0.004884004884004867
199057275804600,2.3203183,step,0.1459945067521172,28.0,2.0,-0.0040054932478827965,-0.0329670329670364,-0.004884004884004867
199057277217500,2.3217312,step,0.1459945067521172,28.0,2.0,-0.0040054932478827965,-0.010989010989007397,-0.004884004884004867
199057277722900,2.3222366,step,0.1459945067521172,28.0,2.0,-0.0040054932478827965,-0.010989010989007397,-0.004884004884004867
199057278748200,2.3232619,step,0.1459945067521172,28.0,2.0,-0.0040054932478827965,-0.010989010989007397,-0.004884004884004867
199057279726100,2.3242398,step,0.1459945067521172,28.0,2.0,-0.0040054932478827965,-0.010989010989007397,-0.004884004884004867
199057280749800,2.3252635,step,0.1459945067521172,28.0,2.0,-0.0040054932478827965,-0.010989010989007397,-0.004884004884004867
199057281753400,2.3262671,step,0.1459945067521172,28.0,2.0,-0.0040054932478827965,-0.010989010989007397,-0.004884004884004867
199057282753400,2.3272671,step,0.1459945067521172,28.0,2.0,-0.0040054932478827965,-0.010989010989007397,-0.004884004884004867
199057283737300,2.328251,step,0.1459945067521172,28.0,2.0,-0.0040054932478827965,-0.010989010989007397,-0.004884004884004867
199057284744100,2.3292578,step,0.1459945067521172,28.0,2.0,-0.0040054932478827965,-0.010989010989007397,-0.004884004884004867
199057285768100,2.3302818,step,0.1459945067521172,28.0,2.0,-0.0040054932478827965,-0.010989010989007397,-0.004884004884004867
199057286750300,2.331264,step,0.1459945067521172,28.0,2.0,-0.0040054932478827965,-0.010989010989007397,-0.004884004884004867
199057287819400,2.3323331,step,0.1459945067521172,28.0,2.0,-0.0040054932478827965,-0.010989010989007397,-0.004884004884004867
199057288823400,2.3333371,step,0.1459945067521172,28.0,2.0,-0.0040054932478827965,-0.010989010989007397,-0.004884004884004867
199057289827700,2.3343414,step,0.1459945067521172,28.0,2.0,-0.0040054932478827965,-0.010989010989007397,-0.004884004884004867
199057290833300,2.335347,step,0.1459945067521172,28.0,2.0,-0.0040054932478827965,-0.010989010989007397,-0.004884004884004867
199057291974000,2.3364877,step,0.1459945067521172,28.0,2.0,-0.0040054932478827965,-0.010989010989007397,-0.004884004884004867
199057292849600,2.3373633,step,0.1459945067521172,28.0,2.0,-0.0040054932478827965,-0.010989010989007397,-0.004884004884004867
199057293881100,2.3383948,step,0.1459945067521172,28.0,2.0,-0.0040054932478827965,-0.010989010989007397,-0.004884004884004867
199057295016400,2.3395301,step,0.1459945067521172,28.0,2.0,-0.0040054932478827965,-0.010989010989007397,-0.004884004884004867
199057296020200,2.3405339,step,0.1459945067521172,28.0,2.0,-0.0040054932478827965,-0.010989010989007397,-0.004884004884004867
199057297154500,2.3416682,step,0.1459945067521172,28.0,2.0,-0.0040054932478827965,-0.010989010989007397,-0.004884004884004867
199057297777800,2.3422915,step,0.1459945067521172,28.0,2.0,-0.0040054932478827965,-0.010989010989007397,-0.004884004884004867
199057298786600,2.3433003,step,0.1459945067521172,28.0,2.0,-0.0040054932478827965,-0.010989010989007397,-0.004884004884004867
199057299855700,2.3443694,step,0.1459945067521172,28.0,2.0,-0.0040054932478827965,-0.010989010989007397,-0.004884004884004867
199057300999400,2.3455131,step,0.1459945067521172,28.0,2.0,-0.0040054932478827965,-0.010989010989007397,-0.004884004884004867
199057302002500,2.3465162,step,0.1459945067521172,28.0,2.0,-0.0040054932478827965,-0.010989010989007397,-0.004884004884004867
199057302957700,2.3474714,step,0.1459945067521172,28.0,2.0,-0.0040054932478827965,-0.010989010989007397,-0.004884004884004867
199057303998300,2.348512,step,0.1459945067521172,28.0,2.0,-0.0040054932478827965,-0.010989010989007397,-0.004884004884004867
199057304966800,2.3494805,step,0.1459945067521172,28.0,2.0,-0.0040054932478827965,-0.010989010989007397,-0.004884004884004867
199057305975100,2.3504888,step,0.1459945067521172,28.0,2.0,-0.0040054932478827965,-0.010989010989007397,-0.004884004884004867
199057307111500,2.3516252,step,0.1459945067521172,28.0,2.0,-0.0040054932478827965,-0.010989010989007397,-0.004884004884004867
199057308392000,2.3529057,step,0.1459945067521172,28.0,2.0,-0.0040054932478827965,-0.010989010989007397,-0.004884004884004867
199057308997200,2.3535109,step,0.1459945067521172,28.0,2.0,-0.0040054932478827965,-0.010989010989007397,-0.004884004884004867
199057310000300,2.354514,step,0.1459945067521172,28.0,2.0,-0.0040054932478827965,-0.010989010989007397,-0.004884004884004867
199057311071000,2.3555847,step,0.1459945067521172,28.0,2.0,-0.0040054932478827965,-0.010989010989007397,-0.004884004884004867
199057312195700,2.3567094,step,0.1459945067521172,28.0,2.0,-0.0040054932478827965,-0.010989010989007397,-0.004884004884004867
199057312748300,2.357262,step,0.1459945067521172,28.0,2.0,-0.0040054932478827965,-0.010989010989007397,-0.004884004884004867
199057313770200,2.3582839,step,0.1459945067521172,28.0,2.0,-0.0040054932478827965,-0.010989010989007397,-0.004884004884004867
199057314811200,2.3593249,step,0.1459945067521172,28.0,2.0,-0.0040054932478827965,-0.010989010989007397,-0.004884004884004867
199057315889500,2.3604032,step,0.1459945067521172,28.0,2.0,-0.0040054932478827965,-0.010989010989007397,-0.004884004884004867
199057317308500,2.3618222,step,0.1459945067521172,28.0,2.0,-0.0040054932478827965,-0.010989010989007397,-0.004884004884004867
199057317910300,2.362424,step,0.1459945067521172,28.0,2.0,-0.0040054932478827965,-0.010989010989007397,-0.004884004884004867
199057318914600,2.3634283,step,0.1459945067521172,28.0,2.0,-0.0040054932478827965,-0.010989010989007397,-0.004884004884004867
199057319963000,2.3644767,step,0.1459945067521172,28.0,2.0,-0.0040054932478827965,-0.010989010989007397,-0.004884004884004867
199057321121900,2.3656356,step,0.1459945067521172,28.0,2.0,-0.0040054932478827965,-0.010989010989007397,-0.004884004884004867
199057321734300,2.366248,step,0.1459945067521172,28.0,2.0,-0.0040054932478827965,-0.010989010989007397,-0.004884004884004867
199057322852200,2.3673659,step,0.1459945067521172,28.0,2.0,-0.0040054932478827965,-0.010989010989007397,-0.004884004884004867
199057324221900,2.3687356,step,0.1459945067521172,28.0,2.0,-0.0040054932478827965,-0.010989010989007397,-0.004884004884004867
199057324851800,2.3693655,step,0.1459945067521172,28.0,2.0,-0.0040054932478827965,-0.010989010989007397,-0.004884004884004867
199057325861500,2.3703752,step,0.1459945067521172,28.0,2.0,-0.0040054932478827965,-0.010989010989007397,-0.004884004884004867
199057326883200,2.3713969,step,0.1459945067521172,28.0,2.0,-0.0040054932478827965,-0.010989010989007397,-0.004884004884004867
199057327888000,2.3724017,step,0.1459945067521172,28.0,2.0,-0.0040054932478827965,-0.010989010989007397,-0.004884004884004867
199057328908400,2.3734221,step,0.1459945067521172,28.0,2.0,-0.0040054932478827965,-0.010989010989007397,-0.004884004884004867
199057329990500,2.3745042,step,0.1459945067521172,28.0,2.0,-0.0040054932478827965,-0.010989010989007397,-0.004884004884004867
199057331092600,2.3756063,step,0.1459945067521172,28.0,2.0,-0.0040054932478827965,-0.010989010989007397,-0.004884004884004867
199057332262500,2.3767762,step,0.1459945067521172,28.0,2.0,-0.0040054932478827965,-0.010989010989007397,-0.004884004884004867
199057332866800,2.3773805,step,0.1459945067521172,28.0,2.0,-0.0040054932478827965,-0.010989010989007397,-0.004884004884004867
199057333869200,2.3783829,step,0.1459945067521172,28.0,2.0,-0.0040054932478827965,-0.010989010989007397,-0.004884004884004867
199057334937800,2.3794515,step,0.1459945067521172,28.0,2.0,-0.0040054932478827965,-0.010989010989007397,-0.004884004884004867
199057335977500,2.3804912,step,0.1459945067521172,28.0,2.0,-0.0040054932478827965,-0.010989010989007397,-0.004884004884004867
199057337051900,2.3815656,step,0.1459945067521172,28.0,2.0,-0.0040054932478827965,-0.010989010989007397,-0.004884004884004867
199057338127800,2.3826415,step,0.1459945067521172,28.0,2.0,-0.0040054932478827965,-0.010989010989007397,-0.004884004884004867
199057339004300,2.383518,step,0.1459945067521172,28.0,2.0,-0.0040054932478827965,-0.010989010989007397,-0.004884004884004867
199057340016600,2.3845303,step,0.1459945067521172,28.0,2.0,-0.0040054932478827965,-0.010989010989007397,-0.004884004884004867
199057341016700,2.3855304,step,0.1459945067521172,28.0,2.0,-0.0040054932478827965,-0.010989010989007397,-0.004884004884004867
199057342023800,2.3865375,step,0.1459945067521172,28.0,2.0,-0.0040054932478827965,-0.010989010989007397,-0.004884004884004867
199057343132400,2.3876461,step,0.1459945067521172,28.0,2.0,-0.0040054932478827965,-0.010989010989007397,-0.004884004884004867
199057343706200,2.3882199,step,0.1459945067521172,28.0,2.0,-0.0040054932478827965,-0.010989010989007397,-0.004884004884004867
199057344708700,2.3892224,step,0.1459945067521172,28.0,2.0,-0.0040054932478827965,-0.010989010989007397,-0.004884004884004867
199057345751000,2.3902647,step,0.1459945067521172,28.0,2.0,-0.0040054932478827965,-0.010989010989007397,-0.004884004884004867
199057346839600,2.3913533,step,0.1459945067521172,28.0,2.0,-0.0040054932478827965,-0.010989010989007397,-0.004884004884004867
199057347926200,2.3924399,step,0.1459945067521172,28.0,2.0,-0.0040054932478827965,-0.010989010989007397,-0.004884004884004867
199057349020600,2.3935343,step,0.1459945067521172,28.0,2.0,-0.0040054932478827965,-0.010989010989007397,-0.004884004884004867
199057350081900,2.3945956,step,0.1459945067521172,28.0,2.0,-0.0040054932478827965,-0.010989010989007397,-0.004884004884004867
199057350667600,2.3951813,step,0.1459945067521172,28.0,2.0,-0.0040054932478827965,-0.010989010989007397,-0.004884004884004867
199057351683400,2.3961971,step,0.1459945067521172,28.0,2.0,-0.0040054932478827965,-0.010989010989007397,-0.004884004884004867
199057352685200,2.3971989,step,0.1459945067521172,28.0,2.0,-0.0040054932478827965,-0.010989010989007397,-0.004884004884004867
199057353764800,2.3982785,step,0.1459945067521172,28.0,2.0,-0.0040054932478827965,-0.010989010989007397,-0.004884004884004867
199057354807000,2.3993207,step,0.1459945067521172,28.0,2.0,-0.0040054932478827965,-0.010989010989007397,-0.004884004884004867
199057355889300,2.400403,step,0.1459945067521172,28.0,2.0,-0.0040054932478827965,-0.010989010989007397,-0.004884004884004867
199057356974400,2.4014881,step,0.1459945067521172,28.0,2.0,-0.0040054932478827965,-0.010989010989007397,-0.004884004884004867
199057357970700,2.4024844,step,0.1459945067521172,28.0,2.0,-0.0040054932478827965,-0.010989010989007397,-0.004884004884004867
199057359045300,2.403559,step,0.1459945067521172,28.0,2.0,-0.0040054932478827965,-0.010989010989007397,-0.004884004884004867
199057359997100,2.4045108,step,0.1459945067521172,28.0,2.0,-0.0040054932478827965,-0.010989010989007397,-0.004884004884004867
199057360982100,2.4054958,step,0.1459945067521172,28.0,2.0,-0.0040054932478827965,-0.010989010989007397,-0.004884004884004867
199057361980200,2.4064939,step,0.1459945067521172,28.0,2.0,-0.0040054932478827965,-0.010989010989007397,-0.004884004884004867
199057362989200,2.4075029,step,0.1459945067521172,28.0,2.0,-0.0040054932478827965,-0.010989010989007397,-0.004884004884004867
199057363991100,2.4085048,step,0.1459945067521172,28.0,2.0,-0.0040054932478827965,-0.010989010989007397,-0.004884004884004867
199057364993500,2.4095072,step,0.1459945067521172,28.0,2.0,-0.0040054932478827965,-0.010989010989007397,-0.004884004884004867
199057366003800,2.4105175,step,0.1459945067521172,28.0,2.0,-0.0040054932478827965,-0.010989010989007397,-0.004884004884004867
199057367010600,2.4115243,step,0.1459945067521172,28.0,2.0,-0.0040054932478827965,-0.010989010989007397,-0.004884004884004867
199057368014400,2.4125281,step,0.1459945067521172,28.0,2.0,-0.0040054932478827965,-0.010989010989007397,-0.004884004884004867
199057369088000,2.4136017,step,0.1459945067521172,28.0,2.0,-0.0040054932478827965,-0.010989010989007397,-0.004884004884004867
199057370027300,2.414541,step,0.1459945067521172,28.0,2.0,-0.0040054932478827965,-0.010989010989007397,-0.004884004884004867
199057371030100,2.4155438,step,0.1459945067521172,28.0,2.0,-0.0040054932478827965,-0.010989010989007397,-0.004884004884004867
199057372164000,2.4166777,step,0.1459945067521172,28.0,2.0,-0.0040054932478827965,-0.010989010989007397,-0.004884004884004867
199057372674100,2.4171878,step,0.1459945067521172,28.0,2.0,-0.0040054932478827965,-0.010989010989007397,-0.004884004884004867
199057373786100,2.4182998,step,0.1459945067521172,28.0,2.0,-0.0040054932478827965,-0.010989010989007397,-0.004884004884004867
199057374691600,2.4192053,step,0.1459945067521172,28.0,2.0,-0.0040054932478827965,-0.010989010989007397,-0.004884004884004867
199057375697700,2.4202114,step,0.1459945067521172,28.0,2.0,-0.0040054932478827965,-0.010989010989007397,-0.004884004884004867
199057376703300,2.421217,step,0.1459945067521172,28.0,2.0,-0.0040054932478827965,-0.010989010989007397,-0.004884004884004867
199057377707500,2.4222212,step,0.1459945067521172,28.0,2.0,-0.0040054932478827965,-0.010989010989007397,-0.004884004884004867
199057378770400,2.4232841,step,0.1459945067521172,28.0,2.0,-0.0040054932478827965,-0.010989010989007397,-0.004884004884004867
199057379842800,2.4243565,step,0.1459945067521172,28.0,2.0,-0.0040054932478827965,-0.010989010989007397,-0.004884004884004867
199057380947100,2.4254608,step,0.1459945067521172,28.0,2.0,-0.0040054932478827965,-0.010989010989007397,-0.004884004884004867
199057381936900,2.4264506,step,0.1459945067521172,28.0,2.0,-0.0040054932478827965,-0.010989010989007397,-0.004884004884004867
199057382943500,2.4274572,step,0.1459945067521172,28.0,2.0,-0.0040054932478827965,-0.010989010989007397,-0.004884004884004867
199057383954400,2.4284681,step,0.1459945067521172,28.0,2.0,-0.0040054932478827965,-0.010989010989007397,-0.004884004884004867
199057385142000,2.4296557,step,0.1459945067521172,28.0,2.0,-0.0040054932478827965,-0.010989010989007397,-0.004884004884004867
199057385971400,2.4304851,step,0.1459945067521172,28.0,2.0,-0.0040054932478827965,-0.0329670329670364,-0.004884004884004867
199057386974300,2.431488,step,0.1459945067521172,28.0,2.0,-0.0040054932478827965,-0.0329670329670364,-0.0146520146520146
199057387977000,2.4324907,step,0.1459945067521172,28.0,2.0,-0.0040054932478827965,-0.0329670329670364,-0.0146520146520146
199057389001600,2.4335153,step,0.1459945067521172,28.0,2.0,-0.0040054932478827965,-0.0329670329670364,-0.0146520146520146
199057390062500,2.4345762,step,0.1459945067521172,28.0,2.0,-0.0040054932478827965,-0.0329670329670364,-0.0146520146520146
199057390627100,2.4351408,step,0.1459945067521172,28.0,2.0,-0.0040054932478827965,-0.0329670329670364,-0.0146520146520146
199057391630900,2.4361446,step,0.1459945067521172,28.0,2.0,-0.0040054932478827965,-0.0329670329670364,-0.0146520146520146
199057392717100,2.4372308,step,0.1459945067521172,28.0,2.0,-0.0040054932478827965,-0.0329670329670364,-0.0146520146520146
199057393841000,2.4383547,step,0.1459945067521172,28.0,2.0,-0.0040054932478827965,-0.0329670329670364,-0.0146520146520146
199057394921500,2.4394352,step,0.1459945067521172,28.0,2.0,-0.0040054932478827965,-0.0329670329670364,-0.0146520146520146
199057396010600,2.4405243,step,0.1459945067521172,28.0,2.0,-0.0040054932478827965,-0.0329670329670364,-0.0146520146520146
199057397116100,2.4416298,step,0.1459945067521172,28.0,2.0,-0.0040054932478827965,-0.0329670329670364,-0.0146520146520146
199057398256900,2.4427706,step,0.1459945067521172,28.0,2.0,-0.0040054932478827965,-0.0329670329670364,-0.0146520146520146
199057398856800,2.4433705,step,0.1459945067521172,28.0,2.0,-0.0040054932478827965,-0.0329670329670364,-0.0146520146520146
199057399940500,2.4444542,step,0.1459945067521172,28.0,2.0,-0.0040054932478827965,-0.0329670329670364,-0.0146520146520146
199057401002800,2.4455165,step,0.1459945067521172,28.0,2.0,-0.0040054932478827965,-0.0329670329670364,-0.0146520146520146
199057402132100,2.4466458,step,0.1459945067521172,28.0,2.0,-0.0040054932478827965,-0.0329670329670364,-0.0146520146520146
199057402589300,2.447103,step,0.1459945067521172,28.0,2.0,-0.0040054932478827965,-0.0329670329670364,-0.0146520146520146
199057403606600,2.4481203,step,0.1459945067521172,28.0,2.0,-0.0040054932478827965,-0.0329670329670364,-0.0146520146520146
199057404682300,2.449196,step,0.1459945067521172,28.0,2.0,-0.0040054932478827965,-0.0329670329670364,-0.0146520146520146
199057405686600,2.4502003,step,0.1459945067521172,28.0,2.0,-0.0040054932478827965,-0.0329670329670364,-0.0146520146520146
199057406690200,2.4512039,step,0.1459945067521172,28.0,2.0,-0.0040054932478827965,-0.0329670329670364,-0.0146520146520146
199057407716700,2.4522304,step,0.1459945067521172,28.0,2.0,-0.0040054932478827965,-0.0329670329670364,-0.0146520146520146
199057408703200,2.4532169,step,0.1459945067521172,28.0,2.0,-0.0040054932478827965,-0.0329670329670364,-0.0146520146520146
199057409708200,2.4542219,step,0.1459945067521172,28.0,2.0,-0.0040054932478827965,-0.0329670329670364,-0.0146520146520146
199057410713700,2.4552274,step,0.1459945067521172,28.0,2.0,-0.0040054932478827965,-0.0329670329670364,-0.0146520146520146
199057411736900,2.4562506,step,0.1459945067521172,28.0,2.0,-0.0040054932478827965,-0.0329670329670364,-0.0146520146520146
199057412722800,2.4572365,step,0.1459945067521172,28.0,2.0,-0.0040054932478827965,-0.0329670329670364,-0.0146520146520146
199057413740600,2.4582543,step,0.1459945067521172,28.0,2.0,-0.0040054932478827965,-0.0329670329670364,-0.0146520146520146
199057414726200,2.4592399,step,0.1459945067521172,28.0,2.0,-0.0040054932478827965,-0.0329670329670364,-0.0146520146520146
199057415733200,2.4602469,step,0.1459945067521172,28.0,2.0,-0.0040054932478827965,-0.0329670329670364,-0.0146520146520146
199057416731700,2.4612454,step,0.1459945067521172,28.0,2.0,-0.0040054932478827965,-0.0329670329670364,-0.0146520146520146
199057417803700,2.4623174,step,0.1459945067521172,28.0,2.0,-0.0040054932478827965,-0.0329670329670364,-0.0146520146520146
199057419038800,2.4635525,step,0.1459945067521172,28.0,2.0,-0.0040054932478827965,-0.0329670329670364,-0.0146520146520146
199057420018000,2.4645317,step,0.1459945067521172,28.0,2.0,-0.0040054932478827965,-0.0329670329670364,-0.0146520146520146
199057421102700,2.4656164,step,0.1459945067521172,28.0,2.0,-0.0040054932478827965,-0.0329670329670364,-0.0146520146520146
199057422103900,2.4666176,step,0.1459945067521172,28.0,2.0,-0.0040054932478827965,-0.0329670329670364,-0.0146520146520146
199057422702200,2.4672159,step,0.1459945067521172,28.0,2.0,-0.0040054932478827965,-0.0329670329670364,-0.0146520146520146
199057423712600,2.4682263,step,0.1459945067521172,28.0,2.0,-0.0040054932478827965,-0.0329670329670364,-0.0146520146520146
199057424717200,2.4692309,step,0.1459945067521172,28.0,2.0,-0.0040054932478827965,-0.0329670329670364,-0.0146520146520146
199057425724500,2.4702382,step,0.1459945067521172,28.0,2.0,-0.0040054932478827965,-0.0329670329670364,-0.0146520146520146
199057426727700,2.4712414,step,0.1459945067521172,28.0,2.0,-0.0040054932478827965,-0.0329670329670364,-0.0146520146520146
199057427745400,2.4722591,step,0.1459945067521172,28.0,2.0,-0.0040054932478827965,-0.0329670329670364,-0.0146520146520146
199057428747500,2.4732612,step,0.1459945067521172,28.0,2.0,-0.0040054932478827965,-0.0329670329670364,-0.0146520146520146
199057429732700,2.4742464,step,0.1459945067521172,28.0,2.0,-0.0040054932478827965,-0.0329670329670364,-0.0146520146520146
199057430819900,2.4753336,step,0.1459945067521172,28.0,2.0,-0.0040054932478827965,-0.0329670329670364,-0.0146520146520146
199057431996800,2.4765105,step,0.1459945067521172,28.0,2.0,-0.0040054932478827965,-0.0329670329670364,-0.0146520146520146
199057432998300,2.477512,step,0.1459945067521172,28.0,2.0,-0.0040054932478827965,-0.0329670329670364,-0.0146520146520146
199057434081500,2.4785952,step,0.1459945067521172,28.0,2.0,-0.0040054932478827965,-0.0329670329670364,-0.0146520146520146
199057435082800,2.4795965,step,0.1459945067521172,28.0,2.0,-0.0040054932478827965,-0.0329670329670364,-0.0146520146520146
199057436086500,2.4806002,step,0.1459945067521172,28.0,2.0,-0.0040054932478827965,-0.0329670329670364,-0.0146520146520146
199057436589300,2.481103,step,0.1459945067521172,28.0,2.0,-0.0040054932478827965,-0.0329670329670364,-0.0146520146520146
199057437624200,2.4821379,step,0.1459945067521172,28.0,2.0,-0.0040054932478827965,-0.0329670329670364,-0.0146520146520146
199057439101400,2.4836151,step,0.1459945067521172,28.0,2.0,-0.0040054932478827965,-0.0329670329670364,-0.0146520146520146
199057439721600,2.4842353,step,0.1459945067521172,28.0,2.0,-0.0040054932478827965,-0.0329670329670364,-0.0146520146520146
199057440726500,2.4852402,step,0.1459945067521172,28.0,2.0,-0.0040054932478827965,-0.0329670329670364,-0.0146520146520146
199057441732500,2.4862462,step,0.1459945067521172,28.0,2.0,-0.0040054932478827965,-0.0329670329670364,-0.0146520146520146
199057442738900,2.4872526,step,0.1459945067521172,28.0,2.0,-0.0040054932478827965,-0.0329670329670364,-0.0146520146520146
199057443746800,2.4882605,step,0.1459945067521172,28.0,2.0,-0.0040054932478827965,-0.0329670329670364,-0.0146520146520146
199057444752900,2.4892666,step,0.1459945067521172,28.0,2.0,-0.0040054932478827965,-0.0329670329670364,-0.0146520146520146
199057446098500,2.4906122,step,0.1459945067521172,28.0,2.0,-0.0040054932478827965,-0.0329670329670364,-0.0146520146520146
199057447050700,2.4915644,step,0.1459945067521172,28.0,2.0,-0.0040054932478827965,-0.0329670329670364,-0.0146520146520146
199057448054600,2.4925683,step,0.1459945067521172,28.0,2.0,-0.0040054932478827965,-0.0329670329670364,-0.0146520146520146
199057449074500,2.4935882,step,0.1459945067521172,28.0,2.0,-0.0040054932478827965,-0.0329670329670364,-0.0146520146520146
199057450165400,2.4946791,step,0.1459945067521172,28.0,2.0,-0.0040054932478827965,-0.0329670329670364,-0.0146520146520146
199057450761200,2.4952749,step,0.1459945067521172,28.0,2.0,-0.0040054932478827965,-0.0329670329670364,-0.0146520146520146
199057451763100,2.4962768,step,0.1459945067521172,28.0,2.0,-0.0040054932478827965,-0.0329670329670364,-0.0146520146520146
199057452765900,2.4972796,step,0.1459945067521172,28.0,2.0,-0.0040054932478827965,-0.0329670329670364,-0.0146520146520146
199057453795800,2.4983095,step,0.1459945067521172,28.0,2.0,-0.0040054932478827965,-0.0329670329670364,-0.0146520146520146
199057454778100,2.4992918,step,0.1459945067521172,28.0,2.0,-0.0040054932478827965,-0.0329670329670364,-0.0146520146520146
199057455779100,2.5002928,step,0.1459945067521172,28.0,2.0,-0.0040054932478827965,-0.0329670329670364,-0.0146520146520146
199057456783300,2.501297,step,0.1459945067521172,28.0,2.0,-0.0040054932478827965,-0.0329670329670364,-0.0146520146520146
199057457786800,2.5023005,step,0.1459945067521172,28.0,2.0,-0.0040054932478827965,-0.0329670329670364,-0.0146520146520146
199057458872500,2.5033862,step,0.1459945067521172,28.0,2.0,-0.0040054932478827965,-0.0329670329670364,-0.0146520146520146
199057459878400,2.5043921,step,0.1459945067521172,28.0,2.0,-0.0040054932478827965,-0.0329670329670364,-0.0146520146520146
199057460882800,2.5053965,step,0.1459945067521172,28.0,2.0,-0.0040054932478827965,-0.0329670329670364,-0.0146520146520146
199057461887400,2.5064011,step,0.1459945067521172,28.0,2.0,-0.0040054932478827965,-0.0329670329670364,-0.0146520146520146
199057462891100,2.5074048,step,0.1459945067521172,28.0,2.0,-0.0040054932478827965,-0.0329670329670364,-0.0146520146520146
199057463967500,2.5084812,step,0.1459945067521172,28.0,2.0,-0.0040054932478827965,-0.0329670329670364,-0.0146520146520146
199057464976000,2.5094897,step,0.1459945067521172,28.0,2.0,-0.0040054932478827965,-0.0329670329670364,-0.0146520146520146
199057465986000,2.5104997,step,0.1459945067521172,28.0,2.0,-0.0040054932478827965,-0.0329670329670364,-0.0146520146520146
199057466989800,2.5115035,step,0.1459945067521172,28.0,2.0,-0.0040054932478827965,-0.0329670329670364,-0.0146520146520146
199057468116900,2.5126306,step,0.1459945067521172,28.0,2.0,-0.0040054932478827965,-0.0329670329670364,-0.0146520146520146
199057469113100,2.5136268,step,0.1459945067521172,28.0,2.0,-0.0040054932478827965,-0.0329670329670364,-0.0146520146520146
199057471057400,2.5155711,step,0.1459945067521172,28.0,2.0,-0.0040054932478827965,-0.0329670329670364,-0.0146520146520146
199057471168400,2.5156821,step,0.1459945067521172,28.0,2.0,-0.0040054932478827965,-0.0329670329670364,-0.0146520146520146
199057472315400,2.5168291,step,0.1459945067521172,28.0,2.0,-0.0040054932478827965,-0.0329670329670364,-0.0146520146520146
199057472953500,2.5174672,step,0.1459945067521172,28.0,2.0,-0.0040054932478827965,-0.0329670329670364,-0.0146520146520146
199057473960800,2.5184745,step,0.1459945067521172,28.0,2.0,-0.0040054932478827965,-0.0329670329670364,-0.0146520146520146
199057475061100,2.5195748,step,0.1459945067521172,28.0,2.0,-0.0040054932478827965,-0.0329670329670364,-0.0146520146520146
199057476194700,2.5207084,step,0.1459945067521172,28.0,2.0,-0.0040054932478827965,-0.0329670329670364,-0.0146520146520146
199057476904100,2.5214178,step,0.1459945067521172,28.0,2.0,-0.0040054932478827965,-0.0329670329670364,-0.0146520146520146
199057477825800,2.5223395,step,0.1459945067521172,28.0,2.0,-0.0040054932478827965,-0.0329670329670364,-0.0146520146520146
199057478938600,2.5234523,step,0.1459945067521172,28.0,2.0,-0.0040054932478827965,-0.0329670329670364,-0.0146520146520146
199057480005200,2.5245189,step,0.1459945067521172,28.0,2.0,-0.0040054932478827965,-0.0329670329670364,-0.0146520146520146
199057481067900,2.5255816,step,0.1459945067521172,28.0,2.0,-0.0040054932478827965,-0.0329670329670364,-0.0146520146520146
199057482232800,2.5267465,step,0.1459945067521172,28.0,2.0,-0.0040054932478827965,-0.0329670329670364,-0.0146520146520146
199057482874100,2.5273878,step,0.1459945067521172,28.0,2.0,-0.0040054932478827965,-0.0329670329670364,-0.0146520146520146
199057483876100,2.5283898,step,0.1459945067521172,28.0,2.0,-0.0040054932478827965,-0.0329670329670364,-0.0146520146520146
199057484940200,2.5294539,step,0.1459945067521172,28.0,2.0,-0.0040054932478827965,-0.0329670329670364,-0.0146520146520146
199057486051200,2.5305649,step,0.1459945067521172,28.0,2.0,-0.0040054932478827965,-0.0329670329670364,-0.0146520146520146
199057487204000,2.5317177,step,0.1459945067521172,28.0,2.0,-0.0040054932478827965,-0.0329670329670364,-0.0146520146520146
199057487873400,2.5323871,step,0.1459945067521172,28.0,2.0,-0.0040054932478827965,-0.0329670329670364,-0.0146520146520146
199057488833600,2.5333473,step,0.1459945067521172,28.0,2.0,-0.0040054932478827965,-0.0329670329670364,-0.0146520146520146
199057490003600,2.5345173,step,0.1459945067521172,28.0,2.0,-0.0040054932478827965,-0.0329670329670364,-0.0146520146520146
199057491026500,2.5355402,step,0.1459945067521172,28.0,2.0,-0.0040054932478827965,-0.0329670329670364,-0.0146520146520146
199057492095400,2.5366091,step,0.1459945067521172,28.0,2.0,-0.0040054932478827965,-0.0329670329670364,-0.0146520146520146
199057493172900,2.5376866,step,0.1459945067521172,28.0,2.0,-0.0040054932478827965,-0.010989010989007397,-0.0146520146520146
199057493766900,2.5382806,step,0.1459945067521172,28.0,2.0,-0.0040054932478827965,-0.010989010989007397,-0.0146520146520146
199057494774600,2.5392883,step,0.1459945067521172,28.0,2.0,-0.0040054932478827965,-0.010989010989007397,-0.0146520146520146
199057495777700,2.5402914,step,0.1459945067521172,28.0,2.0,-0.0040054932478827965,-0.010989010989007397,-0.0146520146520146
199057496786100,2.5412998,step,0.1459945067521172,28.0,2.0,-0.0040054932478827965,-0.010989010989007397,-0.0146520146520146
199057497791400,2.5423051,step,0.1459945067521172,28.0,2.0,-0.0040054932478827965,-0.010989010989007397,-0.0146520146520146
199057498799000,2.5433127,step,0.1459945067521172,28.0,2.0,-0.0040054932478827965,-0.010989010989007397,-0.0146520146520146
199057500290100,2.5448038,step,0.1459945067521172,28.0,2.0,-0.0040054932478827965,-0.010989010989007397,-0.0146520146520146
199057500909300,2.545423,step,0.1459945067521172,28.0,2.0,-0.0040054932478827965,-0.010989010989007397,-0.0146520146520146
199057501912500,2.5464262,step,0.1459945067521172,28.0,2.0,-0.0040054932478827965,-0.010989010989007397,-0.0146520146520146
199057502916700,2.5474304,step,0.1459945067521172,28.0,2.0,-0.0040054932478827965,-0.010989010989007397,-0.0146520146520146
199057503914600,2.5484283,step,0.1459945067521172,28.0,2.0,-0.0040054932478827965,-0.010989010989007397,-0.0146520146520146
199057504917700,2.5494314,step,0.1459945067521172,28.0,2.0,-0.0040054932478827965,-0.010989010989007397,-0.0146520146520146
199057505940600,2.5504543,step,0.1459945067521172,28.0,2.0,-0.0040054932478827965,-0.010989010989007397,-0.0146520146520146
199057506928400,2.5514421,step,0.1459945067521172,28.0,2.0,-0.0040054932478827965,-0.010989010989007397,-0.0146520146520146
199057508022300,2.552536,step,0.1459945067521172,28.0,2.0,-0.0040054932478827965,-0.010989010989007397,-0.0146520146520146
199057508933800,2.5534475,step,0.1459945067521172,28.0,2.0,-0.0040054932478827965,-0.010989010989007397,-0.0146520146520146
199057509942500,2.5544562,step,0.1459945067521172,28.0,2.0,-0.0040054932478827965,-0.010989010989007397,-0.0146520146520146
199057511022900,2.5555366,step,0.1459945067521172,28.0,2.0,-0.0040054932478827965,-0.010989010989007397,-0.0146520146520146
199057512144500,2.5566582,step,0.1459945067521172,28.0,2.0,-0.0040054932478827965,-0.010989010989007397,-0.0146520146520146
199057512732900,2.5572466,step,0.1459945067521172,28.0,2.0,-0.0040054932478827965,-0.010989010989007397,-0.0146520146520146
199057513741600,2.5582553,step,0.1459945067521172,28.0,2.0,-0.0040054932478827965,-0.010989010989007397,-0.0146520146520146
199057514775100,2.5592888,step,0.1459945067521172,28.0,2.0,-0.0040054932478827965,-0.010989010989007397,-0.0146520146520146
199057515778300,2.560292,step,0.1459945067521172,28.0,2.0,-0.0040054932478827965,-0.010989010989007397,-0.0146520146520146
199057516780400,2.5612941,step,0.1459945067521172,28.0,2.0,-0.0040054932478827965,-0.010989010989007397,-0.0146520146520146
199057517810900,2.5623246,step,0.1459945067521172,28.0,2.0,-0.0040054932478827965,-0.010989010989007397,-0.0146520146520146
199057518786100,2.5632998,step,0.1459945067521172,28.0,2.0,-0.0040054932478827965,-0.010989010989007397,-0.0146520146520146
199057519840300,2.564354,step,0.1459945067521172,28.0,2.0,-0.0040054932478827965,-0.010989010989007397,-0.0146520146520146
199057520847800,2.5653615,step,0.1459945067521172,28.0,2.0,-0.0040054932478827965,-0.010989010989007397,-0.0146520146520146
199057521851100,2.5663648,step,0.1459945067521172,28.0,2.0,-0.0040054932478827965,-0.010989010989007397,-0.0146520146520146
199057522976700,2.5674904,step,0.1459945067521172,28.0,2.0,-0.0040054932478827965,-0.010989010989007397,-0.0146520146520146
199057524296600,2.5688103,step,0.1459945067521172,28.0,2.0,-0.0040054932478827965,-0.010989010989007397,-0.0146520146520146
199057525080600,2.5695943,step,0.1459945067521172,28.0,2.0,-0.0040054932478827965,-0.010989010989007397,-0.0146520146520146
199057526082900,2.5705966,step,0.1459945067521172,28.0,2.0,-0.0040054932478827965,-0.010989010989007397,-0.0146520146520146
199057527236000,2.5717497,step,0.1459945067521172,28.0,2.0,-0.0040054932478827965,-0.010989010989007397,-0.0146520146520146
199057527841600,2.5723553,step,0.1459945067521172,28.0,2.0,-0.0040054932478827965,-0.010989010989007397,-0.0146520146520146
199057528847800,2.5733615,step,0.1459945067521172,28.0,2.0,-0.0040054932478827965,-0.010989010989007397,-0.0146520146520146
199057529897100,2.5744108,step,0.1459945067521172,28.0,2.0,-0.0040054932478827965,-0.010989010989007397,-0.0146520146520146
199057530894600,2.5754083,step,0.1459945067521172,28.0,2.0,-0.0040054932478827965,-0.010989010989007397,-0.0146520146520146
199057531895100,2.5764088,step,0.1459945067521172,28.0,2.0,-0.0040054932478827965,-0.010989010989007397,-0.0146520146520146
199057532933500,2.5774472,step,0.1459945067521172,28.0,2.0,-0.0040054932478827965,-0.010989010989007397,-0.0146520146520146
199057534037100,2.5785508,step,0.1459945067521172,28.0,2.0,-0.0040054932478827965,-0.010989010989007397,-0.0146520146520146
199057535105500,2.5796192,step,0.1459945067521172,28.0,2.0,-0.0040054932478827965,-0.010989010989007397,-0.0146520146520146
199057535711800,2.5802255,step,0.1459945067521172,28.0,2.0,-0.0040054932478827965,-0.010989010989007397,-0.0146520146520146
199057536713700,2.5812274,step,0.1459945067521172,28.0,2.0,-0.0040054932478827965,-0.010989010989007397,-0.0146520146520146
199057537815200,2.5823289,step,0.1459945067521172,28.0,2.0,-0.0040054932478827965,-0.010989010989007397,-0.0146520146520146
199057538915000,2.5834287,step,0.1459945067521172,28.0,2.0,-0.0040054932478827965,-0.010989010989007397,-0.0146520146520146
199057540071400,2.5845851,step,0.1459945067521172,28.0,2.0,-0.0040054932478827965,-0.010989010989007397,-0.0146520146520146
199057540995900,2.5855096,step,0.1459945067521172,28.0,2.0,-0.0040054932478827965,-0.010989010989007397,-0.0146520146520146
199057542025800,2.5865395,step,0.1459945067521172,28.0,2.0,-0.0040054932478827965,-0.010989010989007397,-0.0146520146520146
199057543004700,2.5875184,step,0.1459945067521172,28.0,2.0,-0.0040054932478827965,-0.010989010989007397,-0.0146520146520146
199057544012600,2.5885263,step,0.1459945067521172,28.0,2.0,-0.0040054932478827965,-0.010989010989007397,-0.0146520146520146
199057545017800,2.5895315,step,0.1459945067521172,28.0,2.0,-0.0040054932478827965,-0.010989010989007397,-0.0146520146520146
199057546022000,2.5905357,step,0.1459945067521172,28.0,2.0,-0.0040054932478827965,-0.010989010989007397,-0.0146520146520146
199057547119600,2.5916333,step,0.1459945067521172,28.0,2.0,-0.0040054932478827965,-0.010989010989007397,-0.0146520146520146
199057547726000,2.5922397,step,0.1459945067521172,28.0,2.0,-0.0040054932478827965,-0.010989010989007397,-0.0146520146520146
199057548736000,2.5932497,step,0.1459945067521172,28.0,2.0,-0.0040054932478827965,-0.010989010989007397,-0.0146520146520146
199057550211200,2.5947249,step,0.1459945067521172,28.0,2.0,-0.0040054932478827965,-0.010989010989007397,-0.0146520146520146
199057550842000,2.5953557,step,0.1459945067521172,28.0,2.0,-0.0040054932478827965,-0.010989010989007397,-0.0146520146520146
199057551920300,2.596434,step,0.1459945067521172,28.0,2.0,-0.0040054932478827965,-0.010989010989007397,-0.0146520146520146
199057553007400,2.5975211,step,0.1459945067521172,28.0,2.0,-0.0040054932478827965,-0.010989010989007397,-0.0146520146520146
199057554048700,2.5985624,step,0.1459945067521172,28.0,2.0,-0.0040054932478827965,-0.010989010989007397,-0.0146520146520146
199057555230000,2.5997437,step,0.1459945067521172,28.0,2.0,-0.0040054932478827965,-0.010989010989007397,-0.0146520146520146
199057555949000,2.6004627,step,0.1459945067521172,28.0,2.0,-0.0040054932478827965,-0.010989010989007397,-0.0146520146520146
199057556952000,2.6014657,step,0.1459945067521172,28.0,2.0,-0.0040054932478827965,-0.010989010989007397,-0.0146520146520146
199057558030300,2.602544,step,0.1459945067521172,28.0,2.0,-0.0040054932478827965,-0.010989010989007397,-0.0146520146520146
199057559086900,2.6036006,step,0.1459945067521172,28.0,2.0,-0.0040054932478827965,-0.010989010989007397,-0.0146520146520146
199057560088200,2.6046019,step,0.1459945067521172,28.0,2.0,-0.0040054932478827965,-0.010989010989007397,-0.0146520146520146
199057561090300,2.605604,step,0.1459945067521172,28.0,2.0,-0.0040054932478827965,-0.010989010989007397,-0.0146520146520146
199057561590800,2.6061045,step,0.1459945067521172,28.0,2.0,-0.0040054932478827965,-0.010989010989007397,-0.0146520146520146
199057562592300,2.607106,step,0.1459945067521172,28.0,2.0,-0.0040054932478827965,-0.010989010989007397,-0.0146520146520146
199057563599300,2.608113,step,0.1459945067521172,28.0,2.0,-0.0040054932478827965,-0.010989010989007397,-0.0146520146520146
199057564604100,2.6091178,step,0.1459945067521172,28.0,2.0,-0.0040054932478827965,-0.010989010989007397,-0.0146520146520146
199057565610500,2.6101242,step,0.1459945067521172,28.0,2.0,-0.0040054932478827965,-0.010989010989007397,-0.0146520146520146
199057566617900,2.6111316,step,0.1459945067521172,28.0,2.0,-0.0040054932478827965,-0.010989010989007397,-0.0146520146520146
199057567623100,2.6121368,step,0.1459945067521172,28.0,2.0,-0.0040054932478827965,-0.010989010989007397,-0.0146520146520146
199057568627800,2.6131415,step,0.1459945067521172,28.0,2.0,-0.0040054932478827965,-0.010989010989007397,-0.0146520146520146
199057569634900,2.6141486,step,0.1459945067521172,28.0,2.0,-0.0040054932478827965,-0.010989010989007397,-0.0146520146520146
199057570765100,2.6152788,step,0.1459945067521172,28.0,2.0,-0.0040054932478827965,-0.010989010989007397,-0.0146520146520146
199057572147900,2.6166616,step,0.1459945067521172,28.0,2.0,-0.0040054932478827965,-0.010989010989007397,-0.0146520146520146
199057572649000,2.6171627,step,0.1459945067521172,28.0,2.0,-0.0040054932478827965,-0.010989010989007397,-0.0146520146520146
199057573675200,2.6181889,step,0.1459945067521172,28.0,2.0,-0.0040054932478827965,-0.010989010989007397,-0.0146520146520146
199057574653200,2.6191669,step,0.1459945067521172,28.0,2.0,-0.0040054932478827965,-0.010989010989007397,-0.0146520146520146
199057575662400,2.6201761,step,0.1459945067521172,28.0,2.0,-0.0040054932478827965,-0.010989010989007397,-0.0146520146520146
199057576684700,2.6211984,step,0.1459945067521172,28.0,2.0,-0.0040054932478827965,-0.010989010989007397,-0.0146520146520146
199057577686700,2.6222004,step,0.1459945067521172,28.0,2.0,-0.0040054932478827965,-0.010989010989007397,-0.0146520146520146
199057578674100,2.6231878,step,0.1459945067521172,28.0,2.0,-0.0040054932478827965,-0.010989010989007397,-0.0146520146520146
199057579697300,2.624211,step,0.1459945067521172,28.0,2.0,-0.0040054932478827965,-0.010989010989007397,-0.0146520146520146
199057580682700,2.6251964,step,0.1459945067521172,28.0,2.0,-0.0040054932478827965,-0.010989010989007397,-0.0146520146520146
199057581690700,2.6262044,step,0.1459945067521172,28.0,2.0,-0.0040054932478827965,-0.010989010989007397,-0.0146520146520146
199057582695500,2.6272092,step,0.1459945067521172,28.0,2.0,-0.0040054932478827965,-0.010989010989007397,-0.0146520146520146
199057584003600,2.6285173,step,0.1459945067521172,28.0,2.0,-0.0040054932478827965,-0.010989010989007397,-0.0146520146520146
199057585183300,2.629697,step,0.1459945067521172,28.0,2.0,-0.0040054932478827965,-0.010989010989007397,-0.0146520146520146
199057585693700,2.6302074,step,0.1459945067521172,28.0,2.0,-0.0040054932478827965,-0.010989010989007397,-0.0146520146520146
199057587073500,2.6315872,step,0.1459945067521172,28.0,2.0,-0.0040054932478827965,-0.010989010989007397,-0.0146520146520146
199057587741300,2.632255,step,0.1459945067521172,28.0,2.0,-0.0040054932478827965,-0.010989010989007397,-0.0146520146520146
199057588742300,2.633256,step,0.1459945067521172,28.0,2.0,-0.0040054932478827965,-0.010989010989007397,-0.0146520146520146
199057589888900,2.6344026,step,0.1459945067521172,28.0,2.0,-0.0040054932478827965,-0.010989010989007397,-0.0146520146520146
199057590867800,2.6353815,step,0.1459945067521172,28.0,2.0,-0.0040054932478827965,-0.010989010989007397,-0.0146520146520146
199057592000900,2.6365146,step,0.1459945067521172,28.0,2.0,-0.0040054932478827965,-0.010989010989007397,-0.0146520146520146
199057593081000,2.6375947,step,0.1459945067521172,28.0,2.0,-0.0040054932478827965,-0.010989010989007397,-0.0146520146520146
199057593641200,2.6381549,step,0.1459945067521172,28.0,2.0,-0.0040054932478827965,-0.010989010989007397,-0.0146520146520146
199057594645700,2.6391594,step,0.1459945067521172,28.0,2.0,-0.0040054932478827965,-0.010989010989007397,-0.0146520146520146
199057595738400,2.6402521,step,0.1459945067521172,28.0,2.0,-0.0040054932478827965,-0.010989010989007397,-0.0146520146520146
199057596703500,2.6412172,step,0.1459945067521172,28.0,2.0,-0.0040054932478827965,-0.010989010989007397,-0.0146520146520146
199057597713900,2.6422276,step,0.1459945067521172,28.0,2.0,-0.0040054932478827965,-0.010989010989007397,-0.0146520146520146
199057599121600,2.6436353,step,0.1459945067521172,28.0,2.0,-0.0040054932478827965,-0.010989010989007397,-0.0146520146520146
199057599728000,2.6442417,step,0.1459945067521172,28.0,2.0,-0.0040054932478827965,-0.010989010989007397,-0.0146520146520146
199057600736300,2.64525,step,0.1459945067521172,28.0,2.0,-0.0040054932478827965,-0.010989010989007397,-0.0146520146520146
199057601739000,2.6462527,step,0.1459945067521172,28.0,2.0,-0.0040054932478827965,-0.010989010989007397,-0.0146520146520146
199057602844500,2.6473582,step,0.1459945067521172,28.0,2.0,-0.0040054932478827965,-0.010989010989007397,-0.0146520146520146
199057604241500,2.6487552,step,0.1459945067521172,28.0,2.0,-0.0040054932478827965,-0.010989010989007397,-0.004884004884004867
199057604849400,2.6493631,step,0.1459945067521172,28.0,2.0,-0.0040054932478827965,-0.010989010989007397,-0.004884004884004867
199057605855500,2.6503692,step,0.1459945067521172,28.0,2.0,-0.0040054932478827965,-0.010989010989007397,-0.004884004884004867
199057606860800,2.6513745,step,0.1459945067521172,28.0,2.0,-0.0040054932478827965,-0.010989010989007397,-0.004884004884004867
199057607866700,2.6523804,step,0.1459945067521172,28.0,2.0,-0.0040054932478827965,-0.010989010989007397,-0.004884004884004867
199057609205500,2.6537192,step,0.1459945067521172,28.0,2.0,-0.0040054932478827965,-0.010989010989007397,-0.004884004884004867
199057609822200,2.6543359,step,0.1459945067521172,28.0,2.0,-0.0040054932478827965,-0.010989010989007397,-0.004884004884004867
199057610822800,2.6553365,step,0.1459945067521172,28.0,2.0,-0.0040054932478827965,-0.010989010989007397,-0.004884004884004867
199057611909600,2.6564233,step,0.1459945067521172,28.0,2.0,-0.0040054932478827965,-0.010989010989007397,-0.004884004884004867
199057613014700,2.6575284,step,0.1459945067521172,28.0,2.0,-0.0040054932478827965,-0.010989010989007397,-0.004884004884004867
199057614101000,2.6586147,step,0.1459945067521172,28.0,2.0,-0.0040054932478827965,-0.010989010989007397,-0.004884004884004867
199057615579400,2.6600931,step,0.1459945067521172,28.0,2.0,-0.0040054932478827965,-0.010989010989007397,-0.004884004884004867
199057615648200,2.6601619,step,0.1459945067521172,28.0,2.0,-0.0040054932478827965,-0.010989010989007397,-0.004884004884004867
199057616585800,2.6610995,step,0.1459945067521172,28.0,2.0,-0.0040054932478827965,-0.010989010989007397,-0.004884004884004867
199057618173000,2.6626867,step,0.1459945067521172,28.0,2.0,-0.0040054932478827965,-0.010989010989007397,-0.004884004884004867
199057619096200,2.6636099,step,0.1459945067521172,28.0,2.0,-0.0040054932478827965,-0.010989010989007397,-0.004884004884004867
199057619597300,2.664111,step,0.1459945067521172,28.0,2.0,-0.0040054932478827965,-0.010989010989007397,-0.004884004884004867
199057620602500,2.6651162,step,0.1459945067521172,28.0,2.0,-0.0040054932478827965,-0.010989010989007397,-0.004884004884004867
199057621609100,2.6661228,step,0.1459945067521172,28.0,2.0,-0.0040054932478827965,-0.010989010989007397,-0.004884004884004867
199057622612300,2.667126,step,0.1459945067521172,28.0,2.0,-0.0040054932478827965,-0.010989010989007397,-0.004884004884004867
199057624292000,2.6688057,step,0.1459945067521172,28.0,2.0,-0.0040054932478827965,-0.010989010989007397,-0.004884004884004867
199057624985200,2.6694989,step,0.1459945067521172,28.0,2.0,-0.0040054932478827965,-0.010989010989007397,-0.004884004884004867
199057626007700,2.6705214,step,0.1459945067521172,28.0,2.0,-0.0040054932478827965,-0.010989010989007397,-0.004884004884004867
199057627008300,2.671522,step,0.1459945067521172,28.0,2.0,-0.0040054932478827965,-0.010989010989007397,-0.004884004884004867
199057628009400,2.6725231,step,0.1459945067521172,28.0,2.0,-0.0040054932478827965,-0.010989010989007397,-0.004884004884004867
199057629013800,2.6735275,step,0.1459945067521172,28.0,2.0,-0.0040054932478827965,-0.010989010989007397,-0.004884004884004867
199057630000300,2.674514,step,0.1459945067521172,28.0,2.0,-0.0040054932478827965,-0.010989010989007397,-0.004884004884004867
199057631007400,2.6755211,step,0.1459945067521172,28.0,2.0,-0.0040054932478827965,-0.010989010989007397,-0.004884004884004867
199057632010700,2.6765244,step,0.1459945067521172,28.0,2.0,-0.0040054932478827965,-0.010989010989007397,-0.004884004884004867
199057633015500,2.6775292,step,0.1459945067521172,28.0,2.0,-0.0040054932478827965,-0.010989010989007397,-0.004884004884004867
199057634109300,2.678623,step,0.1459945067521172,28.0,2.0,-0.0040054932478827965,-0.010989010989007397,-0.004884004884004867
199057635027400,2.6795411,step,0.1459945067521172,28.0,2.0,-0.0040054932478827965,-0.010989010989007397,-0.004884004884004867
199057636058100,2.6805718,step,0.1459945067521172,28.0,2.0,-0.0040054932478827965,-0.010989010989007397,-0.004884004884004867
199057637038700,2.6815524,step,0.1459945067521172,28.0,2.0,-0.0040054932478827965,-0.010989010989007397,-0.004884004884004867
199057638045300,2.682559,step,0.1459945067521172,28.0,2.0,-0.0040054932478827965,-0.010989010989007397,-0.004884004884004867
199057639172000,2.6836857,step,0.1459945067521172,28.0,2.0,-0.0040054932478827965,-0.010989010989007397,-0.004884004884004867
199057639769400,2.6842831,step,0.1459945067521172,28.0,2.0,-0.0040054932478827965,-0.010989010989007397,-0.004884004884004867
199057640775200,2.6852889,step,0.1459945067521172,28.0,2.0,-0.0040054932478827965,-0.010989010989007397,-0.004884004884004867
199057641832000,2.6863457,step,0.1459945067521172,28.0,2.0,-0.0040054932478827965,-0.010989010989007397,-0.004884004884004867
199057642875900,2.6873896,step,0.1459945067521172,28.0,2.0,-0.0040054932478827965,-0.010989010989007397,-0.004884004884004867
199057643957400,2.6884711,step,0.1459945067521172,28.0,2.0,-0.0040054932478827965,-0.010989010989007397,-0.004884004884004867
199057645005500,2.6895192,step,0.1459945067521172,28.0,2.0,-0.0040054932478827965,-0.010989010989007397,-0.004884004884004867
199057646060200,2.6905739,step,0.1459945067521172,28.0,2.0,-0.0040054932478827965,-0.010989010989007397,-0.004884004884004867
199057646625300,2.691139,step,0.1459945067521172,28.0,2.0,-0.0040054932478827965,-0.010989010989007397,-0.004884004884004867
199057647628900,2.6921426,step,0.1459945067521172,28.0,2.0,-0.0040054932478827965,-0.010989010989007397,-0.004884004884004867
199057648692600,2.6932063,step,0.1459945067521172,28.0,2.0,-0.0040054932478827965,-0.010989010989007397,-0.004884004884004867
199057650151400,2.6946651,step,0.1459945067521172,28.0,2.0,-0.0040054932478827965,-0.010989010989007397,-0.004884004884004867
199057651094900,2.6956086,step,0.1459945067521172,28.0,2.0,-0.0040054932478827965,-0.010989010989007397,-0.004884004884004867
199057652101600,2.6966153,step,0.1459945067521172,28.0,2.0,-0.0040054932478827965,-0.010989010989007397,-0.004884004884004867
199057653103400,2.6976171,step,0.1459945067521172,28.0,2.0,-0.0040054932478827965,-0.010989010989007397,-0.004884004884004867
199057653732100,2.6982458,step,0.1459945067521172,28.0,2.0,-0.0040054932478827965,-0.010989010989007397,-0.004884004884004867
199057654731500,2.6992452,step,0.1459945067521172,28.0,2.0,-0.0040054932478827965,-0.010989010989007397,-0.004884004884004867
199057655852600,2.7003663,step,0.1459945067521172,28.0,2.0,-0.0040054932478827965,-0.010989010989007397,-0.004884004884004867
199057656836100,2.7013498,step,0.1459945067521172,28.0,2.0,-0.0040054932478827965,-0.010989010989007397,-0.004884004884004867
199057657846400,2.7023601,step,0.1459945067521172,28.0,2.0,-0.0040054932478827965,-0.010989010989007397,-0.004884004884004867
199057658851700,2.7033654,step,0.1459945067521172,28.0,2.0,-0.0040054932478827965,-0.010989010989007397,-0.004884004884004867
199057659850000,2.7043637,step,0.1459945067521172,28.0,2.0,-0.0040054932478827965,-0.010989010989007397,-0.004884004884004867
199057660852700,2.7053664,step,0.1459945067521172,28.0,2.0,-0.0040054932478827965,-0.010989010989007397,-0.004884004884004867
199057661888500,2.7064022,step,0.1459945067521172,28.0,2.0,-0.0040054932478827965,-0.010989010989007397,-0.004884004884004867
199057662936500,2.7074502,step,0.1459945067521172,28.0,2.0,-0.0040054932478827965,-0.010989010989007397,-0.004884004884004867
199057664077400,2.7085911,step,0.1459945067521172,28.0,2.0,-0.0040054932478827965,-0.010989010989007397,-0.004884004884004867
199057665318500,2.7098322,step,0.1459945067521172,28.0,2.0,-0.0040054932478827965,-0.010989010989007397,-0.004884004884004867
199057665910600,2.7104243,step,0.1459945067521172,28.0,2.0,-0.0040054932478827965,-0.010989010989007397,-0.004884004884004867
199057666911600,2.7114253,step,0.1459945067521172,28.0,2.0,-0.0040054932478827965,-0.010989010989007397,-0.004884004884004867
199057668056600,2.7125703,step,0.1459945067521172,28.0,2.0,-0.0040054932478827965,-0.010989010989007397,-0.004884004884004867
199057669057700,2.7135714,step,0.1459945067521172,28.0,2.0,-0.0040054932478827965,-0.010989010989007397,-0.004884004884004867
199057670039900,2.7145536,step,0.1459945067521172,28.0,2.0,-0.0040054932478827965,-0.010989010989007397,-0.004884004884004867
199057671062200,2.7155759,step,0.1459945067521172,28.0,2.0,-0.0040054932478827965,-0.010989010989007397,-0.004884004884004867
199057672063800,2.7165775,step,0.1459945067521172,28.0,2.0,-0.0040054932478827965,-0.010989010989007397,-0.004884004884004867
199057673064900,2.7175786,step,0.1459945067521172,28.0,2.0,-0.0040054932478827965,-0.010989010989007397,-0.004884004884004867
199057674069100,2.7185828,step,0.1459945067521172,28.0,2.0,-0.0040054932478827965,-0.010989010989007397,-0.004884004884004867
199057675053800,2.7195675,step,0.1459945067521172,28.0,2.0,-0.0040054932478827965,-0.010989010989007397,-0.004884004884004867
199057676134500,2.7206482,step,0.1459945067521172,28.0,2.0,-0.0040054932478827965,-0.010989010989007397,-0.004884004884004867
199057676770000,2.7212837,step,0.1459945067521172,28.0,2.0,-0.0040054932478827965,-0.010989010989007397,-0.004884004884004867
199057677758900,2.7222726,step,0.1459945067521172,28.0,2.0,-0.0040054932478827965,-0.010989010989007397,-0.004884004884004867
199057678805300,2.723319,step,0.1459945067521172,28.0,2.0,-0.0040054932478827965,-0.010989010989007397,-0.004884004884004867
199057679888300,2.724402,step,0.1459945067521172,28.0,2.0,-0.0040054932478827965,-0.010989010989007397,-0.004884004884004867
199057680896300,2.72541,step,0.1459945067521172,28.0,2.0,-0.0040054932478827965,-0.010989010989007397,-0.004884004884004867
199057681897500,2.7264112,step,0.1459945067521172,28.0,2.0,-0.0040054932478827965,-0.010989010989007397,-0.004884004884004867
199057683018900,2.7275326,step,0.1459945067521172,28.0,2.0,-0.0040054932478827965,-0.010989010989007397,-0.004884004884004867
199057684018400,2.7285321,step,0.1459945067521172,28.0,2.0,-0.0040054932478827965,-0.010989010989007397,-0.004884004884004867
199057685076800,2.7295905,step,0.1459945067521172,28.0,2.0,-0.0040054932478827965,-0.010989010989007397,-0.004884004884004867
199057686066800,2.7305805,step,0.1459945067521172,28.0,2.0,-0.0040054932478827965,-0.010989010989007397,-0.004884004884004867
199057687159200,2.7316729,step,0.1459945067521172,28.0,2.0,-0.0040054932478827965,-0.010989010989007397,-0.004884004884004867
199057687684300,2.732198,step,0.1459945067521172,28.0,2.0,-0.0040054932478827965,-0.010989010989007397,-0.004884004884004867
199057688662600,2.7331763,step,0.1459945067521172,28.0,2.0,-0.0040054932478827965,-0.010989010989007397,-0.004884004884004867
199057689666900,2.7341806,step,0.1459945067521172,28.0,2.0,-0.0040054932478827965,-0.010989010989007397,-0.004884004884004867
199057690667600,2.7351813,step,0.1459945067521172,28.0,2.0,-0.0040054932478827965,-0.010989010989007397,-0.004884004884004867
199057691707800,2.7362215,step,0.1459945067521172,28.0,2.0,-0.0040054932478827965,-0.010989010989007397,-0.004884004884004867
199057692776700,2.7372904,step,0.1459945067521172,28.0,2.0,-0.0040054932478827965,-0.010989010989007397,-0.004884004884004867
199057694202100,2.7387158,step,0.1459945067521172,28.0,2.0,-0.0040054932478827965,-0.010989010989007397,-0.004884004884004867
199057694801700,2.7393154,step,0.1459945067521172,28.0,2.0,-0.0040054932478827965,-0.010989010989007397,-0.004884004884004867
199057695904400,2.7404181,step,0.1459945067521172,28.0,2.0,-0.0040054932478827965,-0.010989010989007397,-0.004884004884004867
199057697134000,2.7416477,step,0.1459945067521172,28.0,2.0,-0.0040054932478827965,-0.010989010989007397,-0.004884004884004867
199057697749900,2.7422636,step,0.1459945067521172,28.0,2.0,-0.0040054932478827965,-0.010989010989007397,-0.004884004884004867
199057698750900,2.7432646,step,0.1459945067521172,28.0,2.0,-0.0040054932478827965,-0.010989010989007397,-0.004884004884004867
199057699754800,2.7442685,step,0.1459945067521172,28.0,2.0,-0.0040054932478827965,-0.010989010989007397,-0.004884004884004867
199057700756400,2.7452701,step,0.1459945067521172,28.0,2.0,-0.0040054932478827965,-0.010989010989007397,-0.004884004884004867
199057701757600,2.7462713,step,0.1459945067521172,28.0,2.0,-0.0040054932478827965,-0.010989010989007397,-0.004884004884004867
199057702759400,2.7472731,step,0.1459945067521172,28.0,2.0,-0.0040054932478827965,-0.010989010989007397,-0.004884004884004867
199057703764600,2.7482783,step,0.1459945067521172,28.0,2.0,-0.0040054932478827965,-0.010989010989007397,-0.004884004884004867
199057704771800,2.7492855,step,0.1459945067521172,28.0,2.0,-0.0040054932478827965,-0.010989010989007397,-0.004884004884004867
199057705775000,2.7502887,step,0.1459945067521172,28.0,2.0,-0.0040054932478827965,-0.010989010989007397,-0.004884004884004867
199057706778000,2.7512917,step,0.1459945067521172,28.0,2.0,-0.0040054932478827965,-0.010989010989007397,-0.004884004884004867
199057707834400,2.7523481,step,0.1459945067521172,28.0,2.0,-0.0040054932478827965,-0.010989010989007397,-0.004884004884004867
199057708877000,2.7533907,step,0.1459945067521172,28.0,2.0,-0.0040054932478827965,-0.010989010989007397,-0.004884004884004867
199057709941700,2.7544554,step,0.1459945067521172,28.0,2.0,-0.0040054932478827965,-0.010989010989007397,-0.004884004884004867
199057711140800,2.7556545,step,0.1459945067521172,28.0,2.0,-0.0040054932478827965,-0.010989010989007397,-0.004884004884004867
199057712008200,2.7565219,step,0.1459945067521172,28.0,2.0,-0.0040054932478827965,-0.010989010989007397,-0.004884004884004867
199057713010600,2.7575243,step,0.1459945067521172,28.0,2.0,-0.0040054932478827965,-0.010989010989007397,-0.004884004884004867
199057714091100,2.7586048,step,0.1459945067521172,28.0,2.0,-0.0040054932478827965,-0.010989010989007397,-0.004884004884004867
199057715088500,2.7596022,step,0.1459945067521172,28.0,2.0,-0.0040054932478827965,-0.010989010989007397,-0.004884004884004867
199057716203900,2.7607176,step,0.1459945067521172,28.0,2.0,-0.0040054932478827965,-0.010989010989007397,-0.004884004884004867
199057716822800,2.7613365,step,0.1459945067521172,28.0,2.0,-0.0040054932478827965,-0.010989010989007397,-0.004884004884004867
199057717845100,2.7623588,step,0.1459945067521172,28.0,2.0,-0.0040054932478827965,-0.010989010989007397,-0.004884004884004867
199057718964600,2.7634783,step,0.1459945067521172,28.0,2.0,-0.0040054932478827965,-0.010989010989007397,-0.004884004884004867
199057720048400,2.7645621,step,0.1459945067521172,28.0,2.0,-0.0040054932478827965,-0.010989010989007397,-0.004884004884004867
199057721212200,2.7657259,step,0.1459945067521172,28.0,2.0,-0.0040054932478827965,-0.010989010989007397,-0.004884004884004867
199057721878100,2.7663918,step,0.1459945067521172,28.0,2.0,-0.0040054932478827965,-0.010989010989007397,-0.004884004884004867
199057722879800,2.7673935,step,0.1459945067521172,28.0,2.0,-0.0040054932478827965,-0.010989010989007397,-0.004884004884004867
199057723882000,2.7683957,step,0.1459945067521172,28.0,2.0,-0.0040054932478827965,-0.010989010989007397,-0.004884004884004867
199057724885400,2.7693991,step,0.1459945067521172,28.0,2.0,-0.0040054932478827965,-0.010989010989007397,-0.004884004884004867
199057725889900,2.7704036,step,0.1459945067521172,28.0,2.0,-0.0040054932478827965,-0.010989010989007397,-0.004884004884004867
199057727000300,2.771514,step,0.1459945067521172,28.0,2.0,-0.0040054932478827965,-0.010989010989007397,-0.004884004884004867
199057727766400,2.7722801,step,0.1459945067521172,28.0,2.0,-0.0040054932478827965,-0.010989010989007397,-0.004884004884004867
199057728771400,2.7732851,step,0.1459945067521172,28.0,2.0,-0.0040054932478827965,-0.010989010989007397,-0.004884004884004867
199057729851800,2.7743655,step,0.1459945067521172,28.0,2.0,-0.0040054932478827965,-0.010989010989007397,-0.004884004884004867
199057730854800,2.7753685,step,0.1459945067521172,28.0,2.0,-0.0040054932478827965,-0.010989010989007397,-0.004884004884004867
199057731858900,2.7763726,step,0.1459945067521172,28.0,2.0,-0.0040054932478827965,-0.010989010989007397,-0.004884004884004867
199057732887500,2.7774012,step,0.1459945067521172,28.0,2.0,-0.0040054932478827965,-0.010989010989007397,-0.004884004884004867
199057733873100,2.7783868,step,0.1459945067521172,28.0,2.0,-0.0040054932478827965,-0.010989010989007397,-0.004884004884004867
199057735201900,2.7797156,step,0.1459945067521172,28.0,2.0,-0.0040054932478827965,-0.010989010989007397,-0.004884004884004867
199057735826100,2.7803398,step,0.1459945067521172,28.0,2.0,-0.0040054932478827965,-0.010989010989007397,-0.004884004884004867
199057736826300,2.78134,step,0.1459945067521172,28.0,2.0,-0.0040054932478827965,-0.010989010989007397,-0.004884004884004867
199057737885800,2.7823995,step,0.1459945067521172,28.0,2.0,-0.0040054932478827965,-0.010989010989007397,-0.004884004884004867
199057738948400,2.7834621,step,0.1459945067521172,28.0,2.0,-0.0040054932478827965,-0.010989010989007397,-0.004884004884004867
199057740001700,2.7845154,step,0.1459945067521172,28.0,2.0,-0.0040054932478827965,-0.010989010989007397,-0.004884004884004867
199057741072100,2.7855858,step,0.1459945067521172,28.0,2.0,-0.0040054932478827965,-0.010989010989007397,-0.004884004884004867
199057742496100,2.7870098,step,0.1459945067521172,28.0,2.0,-0.0040054932478827965,-0.010989010989007397,-0.004884004884004867
199057743566500,2.7880802,step,0.1459945067521172,28.0,2.0,-0.0040054932478827965,-0.010989010989007397,-0.004884004884004867
199057743670200,2.7881839,step,0.1459945067521172,28.0,2.0,-0.0040054932478827965,-0.010989010989007397,-0.004884004884004867
199057744679100,2.7891928,step,0.1459945067521172,28.0,2.0,-0.0040054932478827965,-0.010989010989007397,-0.004884004884004867
199057745681700,2.7901954,step,0.1459945067521172,28.0,2.0,-0.0040054932478827965,-0.010989010989007397,-0.004884004884004867
199057746685400,2.7911991,step,0.1459945067521172,28.0,2.0,-0.0040054932478827965,-0.010989010989007397,-0.004884004884004867
199057747693900,2.7922076,step,0.1459945067521172,28.0,2.0,-0.0040054932478827965,-0.010989010989007397,-0.004884004884004867
199057748713600,2.7932273,step,0.1459945067521172,28.0,2.0,-0.0040054932478827965,-0.010989010989007397,-0.004884004884004867
199057749942600,2.7944563,step,0.1459945067521172,28.0,2.0,-0.0040054932478827965,-0.010989010989007397,-0.004884004884004867
199057751094300,2.795608,step,0.1459945067521172,28.0,2.0,-0.0040054932478827965,-0.010989010989007397,-0.004884004884004867
199057751944000,2.7964577,step,0.1459945067521172,28.0,2.0,-0.0040054932478827965,-0.010989010989007397,-0.004884004884004867
199057752945900,2.7974596,step,0.1459945067521172,28.0,2.0,-0.0040054932478827965,-0.010989010989007397,-0.004884004884004867
199057753954500,2.7984682,step,0.1459945067521172,28.0,2.0,-0.0040054932478827965,-0.010989010989007397,-0.004884004884004867
199057754952700,2.7994664,step,0.1459945067521172,28.0,2.0,-0.0040054932478827965,-0.010989010989007397,-0.004884004884004867
199057755958000,2.8004717,step,0.1459945067521172,28.0,2.0,-0.0040054932478827965,-0.010989010989007397,-0.004884004884004867
199057756963100,2.8014768,step,0.1459945067521172,28.0,2.0,-0.0040054932478827965,-0.010989010989007397,-0.004884004884004867
199057757965800,2.8024795,step,0.1459945067521172,28.0,2.0,-0.0040054932478827965,-0.010989010989007397,-0.004884004884004867
199057758973200,2.8034869,step,0.1459945067521172,28.0,2.0,-0.0040054932478827965,-0.010989010989007397,-0.004884004884004867
199057759980100,2.8044938,step,0.1459945067521172,28.0,2.0,-0.0040054932478827965,-0.010989010989007397,-0.004884004884004867
199057760981500,2.8054952,step,0.1459945067521172,28.0,2.0,-0.0040054932478827965,-0.010989010989007397,-0.004884004884004867
199057761994400,2.8065081,step,0.1459945067521172,28.0,2.0,-0.0040054932478827965,-0.010989010989007397,-0.004884004884004867
199057762988000,2.8075017,step,0.1459945067521172,28.0,2.0,-0.0040054932478827965,-0.010989010989007397,-0.004884004884004867
199057764073100,2.8085868,step,0.1459945067521172,28.0,2.0,-0.0040054932478827965,-0.010989010989007397,-0.004884004884004867
199057765081500,2.8095952,step,0.1459945067521172,28.0,2.0,-0.0040054932478827965,-0.010989010989007397,-0.004884004884004867
199057766080400,2.8105941,step,0.1459945067521172,28.0,2.0,-0.0040054932478827965,-0.010989010989007397,-0.004884004884004867
199057766660000,2.8111737,step,0.1459945067521172,28.0,2.0,-0.0040054932478827965,-0.010989010989007397,-0.004884004884004867
199057767665200,2.8121789,step,0.1459945067521172,28.0,2.0,-0.0040054932478827965,-0.010989010989007397,-0.004884004884004867
199057768748400,2.8132621,step,0.1459945067521172,28.0,2.0,-0.0040054932478827965,-0.010989010989007397,-0.004884004884004867
199057769763400,2.8142771,step,0.1459945067521172,28.0,2.0,-0.0040054932478827965,-0.010989010989007397,-0.004884004884004867
199057770758500,2.8152722,step,0.1459945067521172,28.0,2.0,-0.0040054932478827965,-0.010989010989007397,-0.004884004884004867
199057771851500,2.8163652,step,0.1459945067521172,28.0,2.0,-0.0040054932478827965,-0.010989010989007397,-0.004884004884004867
199057773439200,2.8179529,step,0.1459945067521172,28.0,2.0,-0.0040054932478827965,-0.010989010989007397,-0.004884004884004867
199057774472100,2.8189858,step,0.1459945067521172,28.0,2.0,-0.0040054932478827965,-0.010989010989007397,-0.004884004884004867
199057774957800,2.8194715,step,0.1459945067521172,28.0,2.0,-0.0040054932478827965,-0.010989010989007397,-0.004884004884004867
199057776095900,2.8206096,step,0.1459945067521172,28.0,2.0,-0.0040054932478827965,-0.010989010989007397,-0.004884004884004867
199057777097700,2.8216114,step,0.1459945067521172,28.0,2.0,-0.0040054932478827965,-0.010989010989007397,-0.004884004884004867
199057777594600,2.8221083,step,0.1459945067521172,28.0,2.0,-0.0040054932478827965,-0.010989010989007397,-0.004884004884004867
199057778596500,2.8231102,step,0.1459945067521172,28.0,2.0,-0.0040054932478827965,-0.010989010989007397,-0.004884004884004867
199057779601700,2.8241154,step,0.1459945067521172,28.0,2.0,-0.0040054932478827965,-0.010989010989007397,-0.004884004884004867
199057780604500,2.8251182,step,0.1459945067521172,28.0,2.0,-0.0040054932478827965,-0.010989010989007397,-0.004884004884004867
199057781605200,2.8261189,step,0.1459945067521172,28.0,2.0,-0.0040054932478827965,-0.010989010989007397,-0.004884004884004867
199057782610100,2.8271238,step,0.1459945067521172,28.0,2.0,-0.0040054932478827965,-0.010989010989007397,-0.004884004884004867
199057783637600,2.8281513,step,0.1459945067521172,28.0,2.0,-0.0040054932478827965,-0.010989010989007397,-0.004884004884004867
199057784620300,2.829134,step,0.1459945067521172,28.0,2.0,-0.0040054932478827965,-0.010989010989007397,-0.004884004884004867
199057785628000,2.8301417,step,0.1459945067521172,28.0,2.0,-0.0040054932478827965,-0.010989010989007397,-0.004884004884004867
199057786631400,2.8311451,step,0.1459945067521172,28.0,2.0,-0.0040054932478827965,-0.010989010989007397,-0.004884004884004867
199057787642900,2.8321566,step,0.1459945067521172,28.0,2.0,-0.0040054932478827965,-0.010989010989007397,-0.004884004884004867
199057788795500,2.8333092,step,0.1459945067521172,28.0,2.0,-0.0040054932478827965,-0.010989010989007397,-0.004884004884004867
199057790152200,2.8346659,step,0.1459945067521172,28.0,2.0,-0.0040054932478827965,-0.010989010989007397,-0.004884004884004867
199057790735400,2.8352491,step,0.1459945067521172,28.0,2.0,-0.0040054932478827965,-0.010989010989007397,-0.004884004884004867
199057791739700,2.8362534,step,0.1459945067521172,28.0,2.0,-0.0040054932478827965,-0.010989010989007397,-0.004884004884004867
199057792823700,2.8373374,step,0.1459945067521172,28.0,2.0,-0.0040054932478827965,-0.010989010989007397,-0.004884004884004867
199057793833300,2.838347,step,0.1459945067521172,28.0,2.0,-0.0040054932478827965,-0.010989010989007397,-0.004884004884004867
199057794831000,2.8393447,step,0.1459945067521172,28.0,2.0,-0.0040054932478827965,-0.010989010989007397,-0.004884004884004867
199057795856500,2.8403702,step,0.1459945067521172,28.0,2.0,-0.0040054932478827965,-0.010989010989007397,-0.004884004884004867
199057796854100,2.8413678,step,0.1459945067521172,28.0,2.0,-0.0040054932478827965,-0.010989010989007397,-0.004884004884004867
199057797859400,2.8423731,step,0.1459945067521172,28.0,2.0,-0.0040054932478827965,-0.010989010989007397,-0.004884004884004867
199057798864700,2.8433784,step,0.1459945067521172,28.0,2.0,-0.0040054932478827965,-0.010989010989007397,-0.004884004884004867
199057799850900,2.8443646,step,0.1459945067521172,28.0,2.0,-0.0040054932478827965,-0.010989010989007397,-0.004884004884004867
199057800882000,2.8453957,step,0.1459945067521172,28.0,2.0,-0.0040054932478827965,-0.010989010989007397,-0.004884004884004867
199057801857500,2.8463712,step,0.1459945067521172,28.0,2.0,-0.0040054932478827965,-0.010989010989007397,-0.004884004884004867
199057802862500,2.8473762,step,0.1459945067521172,28.0,2.0,-0.0040054932478827965,-0.010989010989007397,-0.004884004884004867
199057804057800,2.8485715,step,0.1459945067521172,28.0,2.0,-0.0040054932478827965,-0.010989010989007397,-0.004884004884004867
199057805268900,2.8497826,step,0.1459945067521172,28.0,2.0,-0.0040054932478827965,-0.010989010989007397,-0.004884004884004867
199057805892900,2.8504066,step,0.1459945067521172,28.0,2.0,-0.0040054932478827965,-0.010989010989007397,-0.004884004884004867
199057806894100,2.8514078,step,0.1459945067521172,28.0,2.0,-0.0040054932478827965,-0.010989010989007397,-0.004884004884004867
199057807941700,2.8524554,step,0.1459945067521172,28.0,2.0,-0.0040054932478827965,-0.010989010989007397,-0.004884004884004867
199057808950300,2.853464,step,0.1459945067521172,28.0,2.0,-0.0040054932478827965,-0.010989010989007397,-0.004884004884004867
199057809948600,2.8544623,step,0.1459945067521172,28.0,2.0,-0.0040054932478827965,-0.010989010989007397,-0.004884004884004867
199057810950000,2.8554637,step,0.1459945067521172,28.0,2.0,-0.0040054932478827965,-0.010989010989007397,-0.004884004884004867
199057811957600,2.8564713,step,0.1459945067521172,28.0,2.0,-0.0040054932478827965,-0.010989010989007397,-0.004884004884004867
199057812954700,2.8574684,step,0.1459945067521172,28.0,2.0,-0.0040054932478827965,-0.010989010989007397,-0.004884004884004867
199057813958300,2.858472,step,0.1459945067521172,28.0,2.0,-0.0040054932478827965,-0.010989010989007397,-0.004884004884004867
199057814965800,2.8594795,step,0.1459945067521172,28.0,2.0,-0.0040054932478827965,-0.010989010989007397,-0.004884004884004867
199057815970600,2.8604843,step,0.1459945067521172,28.0,2.0,-0.0040054932478827965,-0.010989010989007397,-0.004884004884004867
199057816975300,2.861489,step,0.1459945067521172,28.0,2.0,-0.0040054932478827965,-0.010989010989007397,-0.004884004884004867
199057817980400,2.8624941,step,0.1459945067521172,28.0,2.0,-0.0040054932478827965,-0.010989010989007397,-0.004884004884004867
199057818986600,2.8635003,step,0.1459945067521172,28.0,2.0,-0.0040054932478827965,-0.010989010989007397,-0.004884004884004867
199057820147100,2.8646608,step,0.1459945067521172,28.0,2.0,-0.0040054932478827965,-0.010989010989007397,-0.004884004884004867
199057820993900,2.8655076,step,0.1459945067521172,28.0,2.0,-0.0040054932478827965,-0.010989010989007397,-0.0146520146520146
199057822001500,2.8665152,step,0.1459945067521172,28.0,2.0,-0.0040054932478827965,-0.010989010989007397,-0.0146520146520146
199057823025900,2.8675396,step,0.1459945067521172,28.0,2.0,-0.0040054932478827965,-0.010989010989007397,-0.0146520146520146
199057824033100,2.8685468,step,0.1459945067521172,28.0,2.0,-0.0040054932478827965,-0.010989010989007397,-0.0146520146520146
199057825035700,2.8695494,step,0.1459945067521172,28.0,2.0,-0.0040054932478827965,-0.010989010989007397,-0.0146520146520146
199057826154500,2.8706682,step,0.1459945067521172,28.0,2.0,-0.0040054932478827965,-0.010989010989007397,-0.0146520146520146
199057826739100,2.8712528,step,0.1459945067521172,28.0,2.0,-0.0040054932478827965,-0.010989010989007397,-0.0146520146520146
199057827748700,2.8722624,step,0.1459945067521172,28.0,2.0,-0.0040054932478827965,-0.010989010989007397,-0.0146520146520146
199057828749900,2.8732636,step,0.1459945067521172,28.0,2.0,-0.0040054932478827965,-0.010989010989007397,-0.0146520146520146
199057829757400,2.8742711,step,0.1459945067521172,28.0,2.0,-0.0040054932478827965,-0.010989010989007397,-0.0146520146520146
199057830836800,2.8753505,step,0.1459945067521172,28.0,2.0,-0.0040054932478827965,-0.010989010989007397,-0.0146520146520146
199057831876000,2.8763897,step,0.1459945067521172,28.0,2.0,-0.0040054932478827965,-0.010989010989007397,-0.0146520146520146
199057832939400,2.8774531,step,0.1459945067521172,28.0,2.0,-0.0040054932478827965,-0.010989010989007397,-0.0146520146520146
199057833979000,2.8784927,step,0.1459945067521172,28.0,2.0,-0.0040054932478827965,-0.010989010989007397,-0.0146520146520146
199057835038100,2.8795518,step,0.1459945067521172,28.0,2.0,-0.0040054932478827965,-0.010989010989007397,-0.0146520146520146
199057836227800,2.8807415,step,0.1459945067521172,28.0,2.0,-0.0040054932478827965,-0.010989010989007397,-0.0146520146520146
199057836949300,2.881463,step,0.1459945067521172,28.0,2.0,-0.0040054932478827965,-0.010989010989007397,-0.0146520146520146
199057837952400,2.8824661,step,0.1459945067521172,28.0,2.0,-0.0040054932478827965,-0.010989010989007397,-0.0146520146520146
199057839108400,2.8836221,step,0.1459945067521172,28.0,2.0,-0.0040054932478827965,-0.010989010989007397,-0.0146520146520146
199057840196600,2.8847103,step,0.1459945067521172,28.0,2.0,-0.0040054932478827965,-0.010989010989007397,-0.0146520146520146
199057840781100,2.8852948,step,0.1459945067521172,28.0,2.0,-0.0040054932478827965,-0.010989010989007397,-0.0146520146520146
199057841803200,2.8863169,step,0.1459945067521172,28.0,2.0,-0.0040054932478827965,-0.010989010989007397,-0.0146520146520146
199057842805000,2.8873187,step,0.1459945067521172,28.0,2.0,-0.0040054932478827965,-0.010989010989007397,-0.0146520146520146
199057843789600,2.8883033,step,0.1459945067521172,28.0,2.0,-0.0040054932478827965,-0.010989010989007397,-0.0146520146520146
199057844792800,2.8893065,step,0.1459945067521172,28.0,2.0,-0.0040054932478827965,-0.010989010989007397,-0.0146520146520146
199057845805200,2.8903189,step,0.1459945067521172,28.0,2.0,-0.0040054932478827965,-0.010989010989007397,-0.0146520146520146
199057846804100,2.8913178,step,0.1459945067521172,28.0,2.0,-0.0040054932478827965,-0.010989010989007397,-0.0146520146520146
199057847808700,2.8923224,step,0.1459945067521172,28.0,2.0,-0.0040054932478827965,-0.010989010989007397,-0.0146520146520146
199057848898100,2.8934118,step,0.1459945067521172,28.0,2.0,-0.0040054932478827965,-0.010989010989007397,-0.0146520146520146
199057850126800,2.8946405,step,0.1459945067521172,28.0,2.0,-0.0040054932478827965,-0.010989010989007397,-0.0146520146520146
199057850720600,2.8952343,step,0.1459945067521172,28.0,2.0,-0.0040054932478827965,-0.010989010989007397,-0.0146520146520146
199057851873700,2.8963874,step,0.1459945067521172,28.0,2.0,-0.0040054932478827965,-0.010989010989007397,-0.0146520146520146
199057853174900,2.8976886,step,0.1459945067521172,28.0,2.0,-0.0040054932478827965,-0.010989010989007397,-0.0146520146520146
199057853799200,2.8983129,step,0.1459945067521172,28.0,2.0,-0.0040054932478827965,-0.010989010989007397,-0.0146520146520146
199057854802900,2.8993166,step,0.1459945067521172,28.0,2.0,-0.0040054932478827965,-0.010989010989007397,-0.0146520146520146
199057855802300,2.900316,step,0.1459945067521172,28.0,2.0,-0.0040054932478827965,-0.010989010989007397,-0.0146520146520146
199057856804000,2.9013177,step,0.1459945067521172,28.0,2.0,-0.0040054932478827965,-0.010989010989007397,-0.0146520146520146
199057857806400,2.9023201,step,0.1459945067521172,28.0,2.0,-0.0040054932478827965,-0.010989010989007397,-0.0146520146520146
199057858817200,2.9033309,step,0.1459945067521172,28.0,2.0,-0.0040054932478827965,-0.010989010989007397,-0.0146520146520146
199057859812500,2.9043262,step,0.1459945067521172,28.0,2.0,-0.0040054932478827965,-0.010989010989007397,-0.0146520146520146
199057860819100,2.9053328,step,0.1459945067521172,28.0,2.0,-0.0040054932478827965,-0.010989010989007397,-0.0146520146520146
199057861822200,2.9063359,step,0.1459945067521172,28.0,2.0,-0.0040054932478827965,-0.010989010989007397,-0.0146520146520146
199057862825500,2.9073392,step,0.1459945067521172,28.0,2.0,-0.0040054932478827965,-0.010989010989007397,-0.0146520146520146
199057863890900,2.9084046,step,0.1459945067521172,28.0,2.0,-0.0040054932478827965,-0.010989010989007397,-0.0146520146520146
199057865113100,2.9096268,step,0.1459945067521172,28.0,2.0,-0.0040054932478827965,-0.010989010989007397,-0.0146520146520146
199057865725900,2.9102396,step,0.1459945067521172,28.0,2.0,-0.0040054932478827965,-0.010989010989007397,-0.0146520146520146
199057866727800,2.9112415,step,0.1459945067521172,28.0,2.0,-0.0040054932478827965,-0.010989010989007397,-0.0146520146520146
199057867921100,2.9124348,step,0.1459945067521172,28.0,2.0,-0.0040054932478827965,-0.010989010989007397,-0.0146520146520146
199057869112900,2.9136266,step,0.1459945067521172,28.0,2.0,-0.0040054932478827965,-0.010989010989007397,-0.0146520146520146
199057870124700,2.9146384,step,0.1459945067521172,28.0,2.0,-0.0040054932478827965,-0.010989010989007397,-0.0146520146520146
199057870746400,2.9152601,step,0.1459945067521172,28.0,2.0,-0.0040054932478827965,-0.010989010989007397,-0.0146520146520146
199057871747900,2.9162616,step,0.1459945067521172,28.0,2.0,-0.0040054932478827965,-0.010989010989007397,-0.0146520146520146
199057872813400,2.9173271,step,0.1459945067521172,28.0,2.0,-0.0040054932478827965,-0.010989010989007397,-0.0146520146520146
199057873852000,2.9183657,step,0.1459945067521172,28.0,2.0,-0.0040054932478827965,-0.010989010989007397,-0.0146520146520146
199057874916400,2.9194301,step,0.1459945067521172,28.0,2.0,-0.0040054932478827965,-0.010989010989007397,-0.0146520146520146
199057876114300,2.920628,step,0.1459945067521172,28.0,2.0,-0.0040054932478827965,-0.010989010989007397,-0.0146520146520146
199057876713700,2.9212274,step,0.1459945067521172,28.0,2.0,-0.0040054932478827965,-0.010989010989007397,-0.0146520146520146
199057877725300,2.922239,step,0.1459945067521172,28.0,2.0,-0.0040054932478827965,-0.010989010989007397,-0.0146520146520146
199057878730400,2.9232441,step,0.1459945067521172,28.0,2.0,-0.0040054932478827965,-0.010989010989007397,-0.0146520146520146
199057879734500,2.9242482,step,0.1459945067521172,28.0,2.0,-0.0040054932478827965,-0.010989010989007397,-0.0146520146520146
199057880771500,2.9252852,step,0.1459945067521172,28.0,2.0,-0.0040054932478827965,-0.010989010989007397,-0.0146520146520146
199057881767000,2.9262807,step,0.1459945067521172,28.0,2.0,-0.0040054932478827965,-0.010989010989007397,-0.0146520146520146
199057883364700,2.9278784,step,0.1459945067521172,28.0,2.0,-0.0040054932478827965,-0.010989010989007397,-0.0146520146520146
199057884457900,2.9289716,step,0.1459945067521172,28.0,2.0,-0.0040054932478827965,-0.010989010989007397,-0.0146520146520146
199057885109800,2.9296235,step,0.1459945067521172,28.0,2.0,-0.0040054932478827965,-0.010989010989007397,-0.0146520146520146
199057885715700,2.9302294,step,0.1459945067521172,28.0,2.0,-0.0040054932478827965,-0.010989010989007397,-0.0146520146520146
199057886715700,2.9312294,step,0.1459945067521172,28.0,2.0,-0.0040054932478827965,-0.010989010989007397,-0.0146520146520146
199057887813100,2.9323268,step,0.1459945067521172,28.0,2.0,-0.0040054932478827965,-0.010989010989007397,-0.0146520146520146
199057888816200,2.9333299,step,0.1459945067521172,28.0,2.0,-0.0040054932478827965,-0.010989010989007397,-0.0146520146520146
199057889818600,2.9343323,step,0.1459945067521172,28.0,2.0,-0.0040054932478827965,-0.010989010989007397,-0.0146520146520146
199057890880700,2.9353944,step,0.1459945067521172,28.0,2.0,-0.0040054932478827965,-0.010989010989007397,-0.0146520146520146
199057891963400,2.9364771,step,0.1459945067521172,28.0,2.0,-0.0040054932478827965,-0.010989010989007397,-0.0146520146520146
199057893079500,2.9375932,step,0.1459945067521172,28.0,2.0,-0.0040054932478827965,-0.010989010989007397,-0.0146520146520146
199057894081200,2.9385949,step,0.1459945067521172,28.0,2.0,-0.0040054932478827965,-0.010989010989007397,-0.0146520146520146
199057895060100,2.9395738,step,0.1459945067521172,28.0,2.0,-0.0040054932478827965,-0.010989010989007397,-0.0146520146520146
199057896159600,2.9406733,step,0.1459945067521172,28.0,2.0,-0.0040054932478827965,-0.010989010989007397,-0.0146520146520146
199057896744200,2.9412579,step,0.1459945067521172,28.0,2.0,-0.0040054932478827965,-0.010989010989007397,-0.0146520146520146
199057897767200,2.9422809,step,0.1459945067521172,28.0,2.0,-0.0040054932478827965,-0.010989010989007397,-0.0146520146520146
199057898753300,2.943267,step,0.1459945067521172,28.0,2.0,-0.0040054932478827965,-0.010989010989007397,-0.0146520146520146
199057899754900,2.9442686,step,0.1459945067521172,28.0,2.0,-0.0040054932478827965,-0.010989010989007397,-0.0146520146520146
199057900820100,2.9453338,step,0.1459945067521172,28.0,2.0,-0.0040054932478827965,-0.010989010989007397,-0.0146520146520146
199057901821400,2.9463351,step,0.1459945067521172,28.0,2.0,-0.0040054932478827965,-0.010989010989007397,-0.0146520146520146
199057902824900,2.9473386,step,0.1459945067521172,28.0,2.0,-0.0040054932478827965,-0.010989010989007397,-0.0146520146520146
199057903838300,2.948352,step,0.1459945067521172,28.0,2.0,-0.0040054932478827965,-0.010989010989007397,-0.0146520146520146
199057904844600,2.9493583,step,0.1459945067521172,28.0,2.0,-0.0040054932478827965,-0.010989010989007397,-0.0146520146520146
199057905842200,2.9503559,step,0.1459945067521172,28.0,2.0,-0.0040054932478827965,-0.010989010989007397,-0.0146520146520146
199057906844100,2.9513578,step,0.1459945067521172,28.0,2.0,-0.0040054932478827965,-0.010989010989007397,-0.0146520146520146
199057907912000,2.9524257,step,0.1459945067521172,28.0,2.0,-0.0040054932478827965,-0.010989010989007397,-0.0146520146520146
199057908983400,2.9534971,step,0.1459945067521172,28.0,2.0,-0.0040054932478827965,-0.010989010989007397,-0.0146520146520146
199057910064500,2.9545782,step,0.1459945067521172,28.0,2.0,-0.0040054932478827965,-0.010989010989007397,-0.0146520146520146
199057911151500,2.9556652,step,0.1459945067521172,28.0,2.0,-0.0040054932478827965,-0.010989010989007397,-0.0146520146520146
199057911729600,2.9562433,step,0.1459945067521172,28.0,2.0,-0.0040054932478827965,-0.010989010989007397,-0.0146520146520146
199057912732400,2.9572461,step,0.1459945067521172,28.0,2.0,-0.0040054932478827965,-0.010989010989007397,-0.0146520146520146
199057913968400,2.9584821,step,0.1459945067521172,28.0,2.0,-0.0040054932478827965,-0.010989010989007397,-0.0146520146520146
199057914815000,2.9593287,step,0.1459945067521172,28.0,2.0,-0.0040054932478827965,-0.010989010989007397,-0.0146520146520146
199057915817400,2.9603311,step,0.1459945067521172,28.0,2.0,-0.0040054932478827965,-0.010989010989007397,-0.0146520146520146
199057916883100,2.9613968,step,0.1459945067521172,28.0,2.0,-0.0040054932478827965,-0.010989010989007397,-0.0146520146520146
199057917990900,2.9625046,step,0.1459945067521172,28.0,2.0,-0.0040054932478827965,-0.010989010989007397,-0.0146520146520146
199057918997700,2.9635114,step,0.1459945067521172,28.0,2.0,-0.0040054932478827965,-0.010989010989007397,-0.0146520146520146
199057920004100,2.9645178,step,0.1459945067521172,28.0,2.0,-0.0040054932478827965,-0.010989010989007397,-0.0146520146520146
199057921003000,2.9655167,step,0.1459945067521172,28.0,2.0,-0.0040054932478827965,-0.010989010989007397,-0.0146520146520146
199057922069100,2.9665828,step,0.1459945067521172,28.0,2.0,-0.0040054932478827965,-0.010989010989007397,-0.0146520146520146
199057923066700,2.9675804,step,0.1459945067521172,28.0,2.0,-0.0040054932478827965,-0.010989010989007397,-0.0146520146520146
199057924068100,2.9685818,step,0.1459945067521172,28.0,2.0,-0.0040054932478827965,-0.010989010989007397,-0.0146520146520146
199057925074200,2.9695879,step,0.1459945067521172,28.0,2.0,-0.0040054932478827965,-0.010989010989007397,-0.0146520146520146
199057925650100,2.9701638,step,0.1459945067521172,28.0,2.0,-0.0040054932478827965,-0.010989010989007397,-0.0146520146520146
199057926652300,2.971166,step,0.1459945067521172,28.0,2.0,-0.0040054932478827965,-0.010989010989007397,-0.0146520146520146
199057927660600,2.9721743,step,0.1459945067521172,28.0,2.0,-0.0040054932478827965,-0.010989010989007397,-0.0146520146520146
199057928664900,2.9731786,step,0.1459945067521172,28.0,2.0,-0.0040054932478827965,-0.010989010989007397,-0.0146520146520146
199057929671600,2.9741853,step,0.1459945067521172,28.0,2.0,-0.0040054932478827965,-0.010989010989007397,-0.0146520146520146
199057930674200,2.9751879,step,0.1459945067521172,28.0,2.0,-0.0040054932478827965,0.010989010989007397,-0.0146520146520146
199057931695400,2.9762091,step,0.1459945067521172,28.0,2.0,-0.0040054932478827965,0.010989010989007397,-0.0146520146520146
199057932700400,2.9772141,step,0.1459945067521172,28.0,2.0,-0.0040054932478827965,0.010989010989007397,-0.0146520146520146
199057933730200,2.9782439,step,0.1459945067521172,28.0,2.0,-0.0040054932478827965,0.010989010989007397,-0.0146520146520146
199057934716500,2.9792302,step,0.1459945067521172,28.0,2.0,-0.0040054932478827965,0.010989010989007397,-0.0146520146520146
199057935717600,2.9802313,step,0.1459945067521172,28.0,2.0,-0.0040054932478827965,0.010989010989007397,-0.0146520146520146
199057936725000,2.9812387,step,0.1459945067521172,28.0,2.0,-0.0040054932478827965,0.010989010989007397,-0.0146520146520146
199057937730900,2.9822446,step,0.1459945067521172,28.0,2.0,-0.0040054932478827965,0.010989010989007397,-0.0146520146520146
199057938873300,2.983387,step,0.1459945067521172,28.0,2.0,-0.0040054932478827965,0.010989010989007397,-0.0146520146520146
199057939880500,2.9843942,step,0.1459945067521172,28.0,2.0,-0.0040054932478827965,0.010989010989007397,-0.0146520146520146
199057940886100,2.9853998,step,0.1459945067521172,28.0,2.0,-0.0040054932478827965,0.010989010989007397,-0.0146520146520146
199057941891700,2.9864054,step,0.1459945067521172,28.0,2.0,-0.0040054932478827965,0.010989010989007397,-0.0146520146520146
199057943159800,2.9876735,step,0.1459945067521172,28.0,2.0,-0.0040054932478827965,0.010989010989007397,-0.0146520146520146
199057943763000,2.9882767,step,0.1459945067521172,28.0,2.0,-0.0040054932478827965,0.010989010989007397,-0.0146520146520146
199057944936800,2.9894505,step,0.1459945067521172,28.0,2.0,-0.0040054932478827965,0.010989010989007397,-0.0146520146520146
199057945771300,2.990285,step,0.1459945067521172,28.0,2.0,-0.0040054932478827965,0.010989010989007397,-0.0146520146520146
199057946776500,2.9912902,step,0.1459945067521172,28.0,2.0,-0.0040054932478827965,0.010989010989007397,-0.0146520146520146
199057947879900,2.9923936,step,0.1459945067521172,28.0,2.0,-0.0040054932478827965,0.010989010989007397,-0.0146520146520146
199057948970700,2.9934844,step,0.1459945067521172,28.0,2.0,-0.0040054932478827965,0.010989010989007397,-0.0146520146520146
199057949951100,2.9944648,step,0.1459945067521172,28.0,2.0,-0.0040054932478827965,0.010989010989007397,-0.0146520146520146
199057950952000,2.9954657,step,0.1459945067521172,28.0,2.0,-0.0040054932478827965,0.010989010989007397,-0.0146520146520146
199057951954300,2.996468,step,0.1459945067521172,28.0,2.0,-0.0040054932478827965,0.010989010989007397,-0.0146520146520146
199057952956300,2.99747,step,0.1459945067521172,28.0,2.0,-0.0040054932478827965,0.010989010989007397,-0.0146520146520146
199057953967800,2.9984815,step,0.1459945067521172,28.0,2.0,-0.0040054932478827965,0.010989010989007397,-0.0146520146520146
199057954970700,2.9994844,step,0.1459945067521172,28.0,2.0,-0.0040054932478827965,0.010989010989007397,-0.0146520146520146
199057955996400,3.0005101,step,0.1459945067521172,28.0,2.0,-0.0040054932478827965,0.010989010989007397,-0.0146520146520146
199057956981300,3.001495,step,0.1459945067521172,28.0,2.0,-0.0040054932478827965,0.010989010989007397,-0.0146520146520146
199057958147300,3.002661,step,0.1459945067521172,28.0,2.0,-0.0040054932478827965,0.010989010989007397,-0.0146520146520146
199057958797500,3.0033112,step,0.1459945067521172,28.0,2.0,-0.0040054932478827965,0.010989010989007397,-0.0146520146520146
199057959801700,3.0043154,step,0.1459945067521172,28.0,2.0,-0.0040054932478827965,0.010989010989007397,-0.0146520146520146
199057960807400,3.0053211,step,0.1459945067521172,28.0,2.0,-0.0040054932478827965,0.010989010989007397,-0.0146520146520146
199057961812500,3.0063262,step,0.1459945067521172,28.0,2.0,-0.0040054932478827965,0.010989010989007397,-0.0146520146520146
199057962891900,3.0074056,step,0.1459945067521172,28.0,2.0,-0.0040054932478827965,0.010989010989007397,-0.0146520146520146
199057963967500,3.0084812,step,0.1459945067521172,28.0,2.0,-0.0040054932478827965,0.010989010989007397,-0.0146520146520146
199057965038400,3.0095521,step,0.1459945067521172,28.0,2.0,-0.0040054932478827965,0.010989010989007397,-0.0146520146520146
199057966113000,3.0106267,step,0.1459945067521172,28.0,2.0,-0.0040054932478827965,0.010989010989007397,-0.0146520146520146
199057966690600,3.0112043,step,0.1459945067521172,28.0,2.0,-0.0040054932478827965,0.010989010989007397,-0.0146520146520146
199057967691400,3.0122051,step,0.1459945067521172,28.0,2.0,-0.0040054932478827965,0.010989010989007397,-0.0146520146520146
199057968732100,3.0132458,step,0.1459945067521172,28.0,2.0,-0.0040054932478827965,0.010989010989007397,-0.0146520146520146
199057969790800,3.0143045,step,0.1459945067521172,28.0,2.0,-0.0040054932478827965,0.010989010989007397,-0.0146520146520146
199057970863000,3.0153767,step,0.1459945067521172,28.0,2.0,-0.0040054932478827965,0.010989010989007397,-0.0146520146520146
199057971948400,3.0164621,step,0.1459945067521172,28.0,2.0,-0.0040054932478827965,0.010989010989007397,-0.0146520146520146
199057973144100,3.0176578,step,0.1459945067521172,28.0,2.0,-0.0040054932478827965,0.010989010989007397,-0.0146520146520146
199057973781800,3.0182955,step,0.1459945067521172,28.0,2.0,-0.0040054932478827965,0.010989010989007397,-0.0146520146520146
199057974784100,3.0192978,step,0.1459945067521172,28.0,2.0,-0.0040054932478827965,0.010989010989007397,-0.0146520146520146
199057975931700,3.0204454,step,0.1459945067521172,28.0,2.0,-0.0040054932478827965,0.010989010989007397,-0.0146520146520146
199057977113000,3.0216267,step,0.1459945067521172,28.0,2.0,-0.0040054932478827965,0.010989010989007397,-0.0146520146520146
199057977735000,3.0222487,step,0.1459945067521172,28.0,2.0,-0.0040054932478827965,0.010989010989007397,-0.0146520146520146
199057978732800,3.0232465,step,0.1459945067521172,28.0,2.0,-0.0040054932478827965,0.010989010989007397,-0.0146520146520146
199057979735700,3.0242494,step,0.1459945067521172,28.0,2.0,-0.0040054932478827965,0.010989010989007397,-0.0146520146520146
199057980738500,3.0252522,step,0.1459945067521172,28.0,2.0,-0.0040054932478827965,0.010989010989007397,-0.0146520146520146
199057981849400,3.0263631,step,0.1459945067521172,28.0,2.0,-0.0040054932478827965,0.010989010989007397,-0.0146520146520146
199057982889600,3.0274033,step,0.1459945067521172,28.0,2.0,-0.0040054932478827965,0.010989010989007397,-0.0146520146520146
199057983953700,3.0284674,step,0.1459945067521172,28.0,2.0,-0.0040054932478827965,0.010989010989007397,-0.0146520146520146
199057984955200,3.0294689,step,0.1459945067521172,28.0,2.0,-0.0040054932478827965,0.010989010989007397,-0.0146520146520146
199057985980700,3.0304944,step,0.1459945067521172,28.0,2.0,-0.0040054932478827965,0.010989010989007397,-0.0146520146520146
199057986959500,3.0314732,step,0.1459945067521172,28.0,2.0,-0.0040054932478827965,0.010989010989007397,-0.0146520146520146
199057987963600,3.0324773,step,0.1459945067521172,28.0,2.0,-0.0040054932478827965,0.010989010989007397,-0.0146520146520146
199057988990800,3.0335045,step,0.1459945067521172,28.0,2.0,-0.0040054932478827965,0.010989010989007397,-0.0146520146520146
199057990067200,3.0345809,step,0.1459945067521172,28.0,2.0,-0.0040054932478827965,0.010989010989007397,-0.0146520146520146
199057990647600,3.0351613,step,0.1459945067521172,28.0,2.0,-0.0040054932478827965,0.010989010989007397,-0.0146520146520146
199057991813200,3.0363269,step,0.1459945067521172,28.0,2.0,-0.0040054932478827965,0.010989010989007397,-0.0146520146520146
199057993160500,3.0376742,step,0.1459945067521172,28.0,2.0,-0.0040054932478827965,0.010989010989007397,-0.0146520146520146
199057993772400,3.0382861,step,0.1459945067521172,28.0,2.0,-0.0040054932478827965,0.010989010989007397,-0.0146520146520146
199057994775200,3.0392889,step,0.1459945067521172,28.0,2.0,-0.0040054932478827965,0.010989010989007397,-0.0146520146520146
199057995836700,3.0403504,step,0.1459945067521172,28.0,2.0,-0.0040054932478827965,0.010989010989007397,-0.0146520146520146
199057996842600,3.0413563,step,0.1459945067521172,28.0,2.0,-0.0040054932478827965,0.010989010989007397,-0.0146520146520146
199057997847500,3.0423612,step,0.1459945067521172,28.0,2.0,-0.0040054932478827965,0.010989010989007397,-0.0146520146520146
199057998932000,3.0434457,step,0.1459945067521172,28.0,2.0,-0.0040054932478827965,0.010989010989007397,-0.0146520146520146
199057999977100,3.0444908,step,0.1459945067521172,28.0,2.0,-0.0040054932478827965,0.010989010989007397,-0.0146520146520146
199058001104900,3.0456186,step,0.1459945067521172,28.0,2.0,-0.0040054932478827965,0.010989010989007397,-0.0146520146520146
199058002251000,3.0467647,step,0.1459945067521172,28.0,2.0,-0.0040054932478827965,0.010989010989007397,-0.0146520146520146
199058002901600,3.0474153,step,0.1459945067521172,28.0,2.0,-0.0040054932478827965,0.010989010989007397,-0.0146520146520146
199058003904000,3.0484177,step,0.1459945067521172,28.0,2.0,-0.0040054932478827965,0.010989010989007397,-0.0146520146520146
199058004906900,3.0494206,step,0.1459945067521172,28.0,2.0,-0.0040054932478827965,0.010989010989007397,-0.0146520146520146
199058005914700,3.0504284,step,0.1459945067521172,28.0,2.0,-0.0040054932478827965,0.010989010989007397,-0.0146520146520146
199058007081500,3.0515952,step,0.1459945067521172,28.0,2.0,-0.0040054932478827965,0.010989010989007397,-0.0146520146520146
199058007728700,3.0522424,step,0.1459945067521172,28.0,2.0,-0.0040054932478827965,0.010989010989007397,-0.0146520146520146
199058008727300,3.053241,step,0.1459945067521172,28.0,2.0,-0.0040054932478827965,0.010989010989007397,-0.0146520146520146
199058009825800,3.0543395,step,0.1459945067521172,28.0,2.0,-0.0040054932478827965,0.010989010989007397,-0.0146520146520146
199058010865800,3.0553795,step,0.1459945067521172,28.0,2.0,-0.0040054932478827965,0.010989010989007397,-0.0146520146520146
199058011872300,3.056386,step,0.1459945067521172,28.0,2.0,-0.0040054932478827965,0.010989010989007397,-0.0146520146520146
199058012898000,3.0574117,step,0.1459945067521172,28.0,2.0,-0.0040054932478827965,0.010989010989007397,-0.0146520146520146
199058013884800,3.0583985,step,0.1459945067521172,28.0,2.0,-0.0040054932478827965,0.010989010989007397,-0.0146520146520146
199058014887000,3.0594007,step,0.1459945067521172,28.0,2.0,-0.0040054932478827965,0.010989010989007397,-0.0146520146520146
199058015972500,3.0604862,step,0.1459945067521172,28.0,2.0,-0.0040054932478827965,0.010989010989007397,-0.0146520146520146
199058017044400,3.0615581,step,0.1459945067521172,28.0,2.0,-0.0040054932478827965,0.010989010989007397,-0.0146520146520146
199058018149300,3.062663,step,0.1459945067521172,28.0,2.0,-0.0040054932478827965,0.010989010989007397,-0.0146520146520146
199058018748600,3.0632623,step,0.1459945067521172,28.0,2.0,-0.0040054932478827965,0.010989010989007397,-0.0146520146520146
199058019751700,3.0642654,step,0.1459945067521172,28.0,2.0,-0.0040054932478827965,0.010989010989007397,-0.0146520146520146
199058020817400,3.0653311,step,0.1459945067521172,28.0,2.0,-0.0040054932478827965,0.010989010989007397,-0.0146520146520146
199058021858800,3.0663725,step,0.1459945067521172,28.0,2.0,-0.0040054932478827965,0.010989010989007397,-0.0146520146520146
199058023046100,3.0675598,step,0.1459945067521172,28.0,2.0,-0.0040054932478827965,0.010989010989007397,-0.0146520146520146
199058023960400,3.0684741,step,0.1459945067521172,28.0,2.0,-0.0040054932478827965,0.010989010989007397,-0.0146520146520146
199058024976000,3.0694897,step,0.1459945067521172,28.0,2.0,-0.0040054932478827965,0.010989010989007397,-0.0146520146520146
199058026078600,3.0705923,step,0.1459945067521172,28.0,2.0,-0.0040054932478827965,0.010989010989007397,-0.0146520146520146
199058027077900,3.0715916,step,0.1459945067521172,28.0,2.0,-0.0040054932478827965,0.010989010989007397,-0.0146520146520146
199058027655500,3.0721692,step,0.1459945067521172,28.0,2.0,-0.0040054932478827965,0.010989010989007397,-0.0146520146520146
199058028661200,3.0731749,step,0.1459945067521172,28.0,2.0,-0.0040054932478827965,0.010989010989007397,-0.0146520146520146
199058030073700,3.0745874,step,0.1459945067521172,28.0,2.0,-0.0040054932478827965,0.010989010989007397,-0.0146520146520146
199058031072600,3.0755863,step,0.1459945067521172,28.0,2.0,-0.0040054932478827965,0.010989010989007397,-0.0146520146520146
199058032261100,3.0767748,step,0.1459945067521172,28.0,2.0,-0.0040054932478827965,0.010989010989007397,-0.0146520146520146
199058032852400,3.0773661,step,0.1459945067521172,28.0,2.0,-0.0040054932478827965,0.010989010989007397,-0.0146520146520146
199058033874800,3.0783885,step,0.1459945067521172,28.0,2.0,-0.0040054932478827965,0.010989010989007397,-0.0146520146520146
199058034940700,3.0794544,step,0.1459945067521172,28.0,2.0,-0.0040054932478827965,0.010989010989007397,-0.0146520146520146
199058036005700,3.0805194,step,0.1459945067521172,28.0,2.0,-0.0040054932478827965,0.010989010989007397,-0.0146520146520146
199058037098800,3.0816125,step,0.1459945067521172,28.0,2.0,-0.0040054932478827965,0.010989010989007397,-0.0146520146520146
199058038165800,3.0826795,step,0.1459945067521172,28.0,2.0,-0.0040054932478827965,0.010989010989007397,-0.0146520146520146
199058038768100,3.0832818,step,0.1459945067521172,28.0,2.0,-0.0040054932478827965,-0.010989010989007397,-0.004884004884004867
199058039769000,3.0842827,step,0.1459945067521172,28.0,2.0,-0.0040054932478827965,-0.010989010989007397,-0.0146520146520146
199058040836700,3.0853504,step,0.1459945067521172,28.0,2.0,-0.0040054932478827965,-0.010989010989007397,-0.0146520146520146
199058041876000,3.0863897,step,0.1459945067521172,28.0,2.0,-0.0040054932478827965,-0.010989010989007397,-0.0146520146520146
199058042945100,3.0874588,step,0.1459945067521172,28.0,2.0,-0.0040054932478827965,-0.010989010989007397,-0.0146520146520146
199058044007200,3.0885209,step,0.1459945067521172,28.0,2.0,-0.0040054932478827965,-0.010989010989007397,-0.0146520146520146
199058045094600,3.0896083,step,0.1459945067521172,28.0,2.0,-0.0040054932478827965,-0.010989010989007397,-0.0146520146520146
199058045583200,3.0900969,step,0.1459945067521172,28.0,2.0,-0.0040054932478827965,-0.010989010989007397,-0.0146520146520146
199058047193800,3.0917075,step,0.1459945067521172,28.0,2.0,-0.0040054932478827965,-0.010989010989007397,-0.0146520146520146
199058047793300,3.092307,step,0.1459945067521172,28.0,2.0,-0.0040054932478827965,-0.010989010989007397,-0.0146520146520146
199058048822400,3.0933361,step,0.1459945067521172,28.0,2.0,-0.0040054932478827965,-0.010989010989007397,-0.0146520146520146
199058050011100,3.0945248,step,0.1459945067521172,28.0,2.0,-0.0040054932478827965,-0.010989010989007397,-0.0146520146520146
199058051021000,3.0955347,step,0.1459945067521172,28.0,2.0,-0.0040054932478827965,-0.010989010989007397,-0.0146520146520146
199058051608300,3.096122,step,0.1459945067521172,28.0,2.0,-0.0040054932478827965,-0.010989010989007397,-0.0146520146520146
199058052723800,3.0972375,step,0.1459945067521172,28.0,2.0,-0.0040054932478827965,-0.010989010989007397,-0.0146520146520146
199058053778500,3.0982922,step,0.1459945067521172,28.0,2.0,-0.0040054932478827965,-0.010989010989007397,-0.0146520146520146
199058054903400,3.0994171,step,0.1459945067521172,28.0,2.0,-0.0040054932478827965,-0.010989010989007397,-0.0146520146520146
199058055957000,3.1004707,step,0.1459945067521172,28.0,2.0,-0.0040054932478827965,-0.010989010989007397,-0.0146520146520146
199058057031200,3.1015449,step,0.1459945067521172,28.0,2.0,-0.0040054932478827965,-0.010989010989007397,-0.0146520146520146
199058058112500,3.1026262,step,0.1459945067521172,28.0,2.0,-0.0040054932478827965,-0.010989010989007397,-0.0146520146520146
199058059297100,3.1038108,step,0.1459945067521172,28.0,2.0,-0.0040054932478827965,-0.010989010989007397,-0.0146520146520146
199058059980300,3.104494,step,0.1459945067521172,28.0,2.0,-0.0040054932478827965,-0.010989010989007397,-0.0146520146520146
199058060982000,3.1054957,step,0.1459945067521172,28.0,2.0,-0.0040054932478827965,-0.010989010989007397,-0.0146520146520146
199058062046900,3.1065606,step,0.1459945067521172,28.0,2.0,-0.0040054932478827965,-0.010989010989007397,-0.0146520146520146
199058062546800,3.1070605,step,0.1459945067521172,28.0,2.0,-0.0040054932478827965,-0.010989010989007397,-0.0146520146520146
199058063567800,3.1080815,step,0.1459945067521172,28.0,2.0,-0.0040054932478827965,-0.010989010989007397,-0.0146520146520146
199058065218600,3.1097323,step,0.1459945067521172,28.0,2.0,-0.0040054932478827965,-0.010989010989007397,-0.0146520146520146
199058065825600,3.1103393,step,0.1459945067521172,28.0,2.0,-0.0040054932478827965,-0.010989010989007397,-0.0146520146520146
199058066828700,3.1113424,step,0.1459945067521172,28.0,2.0,-0.0040054932478827965,-0.010989010989007397,-0.0146520146520146
199058067875300,3.112389,step,0.1459945067521172,28.0,2.0,-0.0040054932478827965,-0.010989010989007397,-0.0146520146520146
199058069020100,3.1135338,step,0.1459945067521172,28.0,2.0,-0.0040054932478827965,-0.010989010989007397,-0.0146520146520146
199058069951200,3.1144649,step,0.1459945067521172,28.0,2.0,-0.0040054932478827965,-0.010989010989007397,-0.0146520146520146
199058070958800,3.1154725,step,0.1459945067521172,28.0,2.0,-0.0040054932478827965,-0.010989010989007397,-0.0146520146520146
199058071967200,3.1164809,step,0.1459945067521172,28.0,2.0,-0.0040054932478827965,-0.010989010989007397,-0.0146520146520146
199058072972700,3.1174864,step,0.1459945067521172,28.0,2.0,-0.0040054932478827965,-0.010989010989007397,-0.0146520146520146
199058073979100,3.1184928,step,0.1459945067521172,28.0,2.0,-0.0040054932478827965,-0.010989010989007397,-0.0146520146520146
199058074985600,3.1194993,step,0.1459945067521172,28.0,2.0,-0.0040054932478827965,-0.010989010989007397,-0.0146520146520146
199058075988700,3.1205024,step,0.1459945067521172,28.0,2.0,-0.0040054932478827965,-0.010989010989007397,-0.0146520146520146
199058076992500,3.1215062,step,0.1459945067521172,28.0,2.0,-0.0040054932478827965,-0.010989010989007397,-0.0146520146520146
199058077993000,3.1225067,step,0.1459945067521172,28.0,2.0,-0.0040054932478827965,-0.010989010989007397,-0.0146520146520146
199058078996400,3.1235101,step,0.1459945067521172,28.0,2.0,-0.0040054932478827965,-0.010989010989007397,-0.0146520146520146
199058079998700,3.1245124,step,0.1459945067521172,28.0,2.0,-0.0040054932478827965,-0.010989010989007397,-0.0146520146520146
199058081001200,3.1255149,step,0.1459945067521172,28.0,2.0,-0.0040054932478827965,-0.010989010989007397,-0.0146520146520146
199058082011500,3.1265252,step,0.1459945067521172,28.0,2.0,-0.0040054932478827965,-0.010989010989007397,-0.0146520146520146
199058083033300,3.127547,step,0.1459945067521172,28.0,2.0,-0.0040054932478827965,-0.010989010989007397,-0.0146520146520146
199058084020100,3.1285338,step,0.1459945067521172,28.0,2.0,-0.0040054932478827965,-0.010989010989007397,-0.0146520146520146
199058085120700,3.1296344,step,0.1459945067521172,28.0,2.0,-0.0040054932478827965,-0.010989010989007397,-0.0146520146520146
199058086346400,3.1308601,step,0.1459945067521172,28.0,2.0,-0.0040054932478827965,-0.010989010989007397,-0.0146520146520146
199058086964600,3.1314783,step,0.1459945067521172,28.0,2.0,-0.0040054932478827965,-0.010989010989007397,-0.0146520146520146
199058087965100,3.1324788,step,0.1459945067521172,28.0,2.0,-0.0040054932478827965,-0.010989010989007397,-0.0146520146520146
199058088971400,3.1334851,step,0.1459945067521172,28.0,2.0,-0.0040054932478827965,-0.010989010989007397,-0.0146520146520146
199058089975700,3.1344894,step,0.1459945067521172,28.0,2.0,-0.0040054932478827965,-0.010989010989007397,-0.0146520146520146
199058090978100,3.1354918,step,0.1459945067521172,28.0,2.0,-0.0040054932478827965,-0.010989010989007397,-0.0146520146520146
199058091980800,3.1364945,step,0.1459945067521172,28.0,2.0,-0.0040054932478827965,-0.010989010989007397,-0.0146520146520146
199058093075300,3.137589,step,0.1459945067521172,28.0,2.0,-0.0040054932478827965,-0.010989010989007397,-0.0146520146520146
199058093645400,3.1381591,step,0.1459945067521172,28.0,2.0,-0.0040054932478827965,-0.010989010989007397,-0.0146520146520146
199058094648100,3.1391618,step,0.1459945067521172,28.0,2.0,-0.0040054932478827965,-0.010989010989007397,-0.0146520146520146
199058095708300,3.140222,step,0.1459945067521172,28.0,2.0,-0.0040054932478827965,-0.010989010989007397,-0.0146520146520146
199058096785400,3.1412991,step,0.1459945067521172,28.0,2.0,-0.0040054932478827965,-0.010989010989007397,-0.0146520146520146
199058097853600,3.1423673,step,0.1459945067521172,28.0,2.0,-0.0040054932478827965,-0.010989010989007397,-0.0146520146520146
199058098862200,3.1433759,step,0.1459945067521172,28.0,2.0,-0.0040054932478827965,-0.010989010989007397,-0.0146520146520146
199058099918200,3.1444319,step,0.1459945067521172,28.0,2.0,-0.0040054932478827965,-0.010989010989007397,-0.0146520146520146
199058101237200,3.1457509,step,0.1459945067521172,28.0,2.0,-0.0040054932478827965,-0.010989010989007397,-0.0146520146520146
199058101848900,3.1463626,step,0.1459945067521172,28.0,2.0,-0.0040054932478827965,-0.010989010989007397,-0.0146520146520146
199058102851500,3.1473652,step,0.1459945067521172,28.0,2.0,-0.0040054932478827965,-0.010989010989007397,-0.0146520146520146
199058103924200,3.1484379,step,0.1459945067521172,28.0,2.0,-0.0040054932478827965,-0.010989010989007397,-0.0146520146520146
199058104999400,3.1495131,step,0.1459945067521172,28.0,2.0,-0.0040054932478827965,-0.010989010989007397,-0.0146520146520146
199058106000900,3.1505146,step,0.1459945067521172,28.0,2.0,-0.0040054932478827965,-0.010989010989007397,-0.0146520146520146
199058107007000,3.1515207,step,0.1459945067521172,28.0,2.0,-0.0040054932478827965,-0.010989010989007397,-0.0146520146520146
199058108069200,3.1525829,step,0.1459945067521172,28.0,2.0,-0.0040054932478827965,-0.010989010989007397,-0.0146520146520146
199058109417200,3.1539309,step,0.1459945067521172,28.0,2.0,-0.0040054932478827965,-0.010989010989007397,-0.0146520146520146
199058110032700,3.1545464,step,0.1459945067521172,28.0,2.0,-0.0040054932478827965,-0.010989010989007397,-0.0146520146520146
199058110603200,3.1551169,step,0.1459945067521172,28.0,2.0,-0.0040054932478827965,-0.010989010989007397,-0.0146520146520146
199058111662800,3.1561765,step,0.1459945067521172,28.0,2.0,-0.0040054932478827965,-0.010989010989007397,-0.0146520146520146
199058112723500,3.1572372,step,0.1459945067521172,28.0,2.0,-0.0040054932478827965,-0.010989010989007397,-0.0146520146520146
199058113789900,3.1583036,step,0.1459945067521172,28.0,2.0,-0.0040054932478827965,-0.010989010989007397,-0.0146520146520146
199058114848300,3.159362,step,0.1459945067521172,28.0,2.0,-0.0040054932478827965,-0.010989010989007397,-0.0146520146520146
199058116190400,3.1607041,step,0.1459945067521172,28.0,2.0,-0.0040054932478827965,-0.010989010989007397,-0.0146520146520146
199058117089600,3.1616033,step,0.1459945067521172,28.0,2.0,-0.0040054932478827965,-0.010989010989007397,-0.0146520146520146
199058117922800,3.1624365,step,0.1459945067521172,28.0,2.0,-0.0040054932478827965,-0.010989010989007397,-0.0146520146520146
199058118923200,3.1634369,step,0.1459945067521172,28.0,2.0,-0.0040054932478827965,-0.010989010989007397,-0.0146520146520146
199058119980100,3.1644938,step,0.1459945067521172,28.0,2.0,-0.0040054932478827965,-0.010989010989007397,-0.0146520146520146
199058121093800,3.1656075,step,0.1459945067521172,28.0,2.0,-0.0040054932478827965,-0.010989010989007397,-0.0146520146520146
199058122251300,3.166765,step,0.1459945067521172,28.0,2.0,-0.0040054932478827965,-0.010989010989007397,-0.0146520146520146
199058122878500,3.1673922,step,0.1459945067521172,28.0,2.0,-0.0040054932478827965,-0.010989010989007397,-0.0146520146520146
199058123915900,3.1684296,step,0.1459945067521172,28.0,2.0,-0.0040054932478827965,-0.010989010989007397,-0.0146520146520146
199058124958000,3.1694717,step,0.1459945067521172,28.0,2.0,-0.0040054932478827965,-0.010989010989007397,-0.0146520146520146
199058126002100,3.1705158,step,0.1459945067521172,28.0,2.0,-0.0040054932478827965,-0.010989010989007397,-0.0146520146520146
199058127096600,3.1716103,step,0.1459945067521172,28.0,2.0,-0.0040054932478827965,-0.010989010989007397,-0.0146520146520146
199058128286800,3.1728005,step,0.1459945067521172,28.0,2.0,-0.0040054932478827965,-0.010989010989007397,-0.0146520146520146
199058128928900,3.1734426,step,0.1459945067521172,28.0,2.0,-0.0040054932478827965,-0.010989010989007397,-0.0146520146520146
199058129932400,3.1744461,step,0.1459945067521172,28.0,2.0,-0.0040054932478827965,-0.010989010989007397,-0.0146520146520146
199058131015400,3.1755291,step,0.1459945067521172,28.0,2.0,-0.0040054932478827965,-0.010989010989007397,-0.0146520146520146
199058132237400,3.1767511,step,0.1459945067521172,28.0,2.0,-0.0040054932478827965,-0.010989010989007397,-0.0146520146520146
199058133123000,3.1776367,step,0.1459945067521172,28.0,2.0,-0.0040054932478827965,-0.010989010989007397,-0.0146520146520146
199058133721400,3.1782351,step,0.1459945067521172,28.0,2.0,-0.0040054932478827965,-0.010989010989007397,-0.0146520146520146
199058134732000,3.1792457,step,0.1459945067521172,28.0,2.0,-0.0040054932478827965,-0.010989010989007397,-0.0146520146520146
199058135822800,3.1803365,step,0.1459945067521172,28.0,2.0,-0.0040054932478827965,-0.010989010989007397,-0.0146520146520146
199058136959900,3.1814736,step,0.1459945067521172,28.0,2.0,-0.0040054932478827965,-0.010989010989007397,-0.0146520146520146
199058138072800,3.1825865,step,0.1459945067521172,28.0,2.0,-0.0040054932478827965,-0.010989010989007397,-0.0146520146520146
199058139277800,3.1837915,step,0.1459945067521172,28.0,2.0,-0.0040054932478827965,-0.010989010989007397,-0.0146520146520146
199058140009200,3.1845229,step,0.1459945067521172,28.0,2.0,-0.0040054932478827965,-0.010989010989007397,-0.0146520146520146
199058141010700,3.1855244,step,0.1459945067521172,28.0,2.0,-0.0040054932478827965,-0.010989010989007397,-0.0146520146520146
199058142107300,3.186621,step,0.1459945067521172,28.0,2.0,-0.0040054932478827965,-0.010989010989007397,-0.0146520146520146
199058143236400,3.1877501,step,0.1459945067521172,28.0,2.0,-0.0040054932478827965,-0.010989010989007397,-0.0146520146520146
199058143836900,3.1883506,step,0.1459945067521172,28.0,2.0,-0.0040054932478827965,-0.010989010989007397,-0.0146520146520146
199058144842100,3.1893558,step,0.1459945067521172,28.0,2.0,-0.0040054932478827965,-0.010989010989007397,-0.0146520146520146
199058145911600,3.1904253,step,0.1459945067521172,28.0,2.0,-0.0040054932478827965,-0.010989010989007397,-0.0146520146520146
199058146955700,3.1914694,step,0.1459945067521172,28.0,2.0,-0.0040054932478827965,-0.010989010989007397,-0.0146520146520146
199058148124300,3.192638,step,0.1459945067521172,28.0,2.0,-0.0040054932478827965,-0.010989010989007397,-0.0146520146520146
199058149265200,3.1937789,step,0.1459945067521172,28.0,2.0,-0.0040054932478827965,-0.010989010989007397,-0.004884004884004867
199058149949600,3.1944633,step,0.1459945067521172,28.0,2.0,-0.0040054932478827965,-0.010989010989007397,-0.004884004884004867
199058150960400,3.1954741,step,0.1459945067521172,28.0,2.0,-0.0040054932478827965,-0.010989010989007397,-0.004884004884004867
199058151965600,3.1964793,step,0.1459945067521172,28.0,2.0,-0.0040054932478827965,-0.010989010989007397,-0.004884004884004867
199058152974000,3.1974877,step,0.1459945067521172,28.0,2.0,-0.0040054932478827965,-0.010989010989007397,-0.004884004884004867
199058154003700,3.1985174,step,0.1459945067521172,28.0,2.0,-0.0040054932478827965,-0.010989010989007397,-0.004884004884004867
199058154986100,3.1994998,step,0.1459945067521172,28.0,2.0,-0.0040054932478827965,-0.010989010989007397,-0.004884004884004867
199058155990600,3.2005043,step,0.1459945067521172,28.0,2.0,-0.0040054932478827965,-0.010989010989007397,-0.004884004884004867
199058156997000,3.2015107,step,0.1459945067521172,28.0,2.0,-0.0040054932478827965,-0.010989010989007397,-0.004884004884004867
199058157997600,3.2025113,step,0.1459945067521172,28.0,2.0,-0.0040054932478827965,-0.010989010989007397,-0.004884004884004867
199058159000400,3.2035141,step,0.1459945067521172,28.0,2.0,-0.0040054932478827965,-0.010989010989007397,-0.004884004884004867
199058160003200,3.2045169,step,0.1459945067521172,28.0,2.0,-0.0040054932478827965,-0.010989010989007397,-0.004884004884004867
199058161004100,3.2055178,step,0.1459945067521172,28.0,2.0,-0.0040054932478827965,-0.010989010989007397,-0.004884004884004867
199058162007600,3.2065213,step,0.1459945067521172,28.0,2.0,-0.0040054932478827965,-0.010989010989007397,-0.004884004884004867
199058163012700,3.2075264,step,0.1459945067521172,28.0,2.0,-0.0040054932478827965,-0.010989010989007397,-0.004884004884004867
199058164020300,3.208534,step,0.1459945067521172,28.0,2.0,-0.0040054932478827965,-0.010989010989007397,-0.004884004884004867
199058165021400,3.2095351,step,0.1459945067521172,28.0,2.0,-0.0040054932478827965,-0.010989010989007397,-0.004884004884004867
199058166093400,3.2106071,step,0.1459945067521172,28.0,2.0,-0.0040054932478827965,-0.010989010989007397,-0.004884004884004867
199058167240500,3.2117542,step,0.1459945067521172,28.0,2.0,-0.0040054932478827965,-0.010989010989007397,-0.004884004884004867
199058167849400,3.2123631,step,0.1459945067521172,28.0,2.0,-0.0040054932478827965,-0.010989010989007397,-0.004884004884004867
199058168856600,3.2133703,step,0.1459945067521172,28.0,2.0,-0.0040054932478827965,-0.010989010989007397,-0.004884004884004867
199058169863000,3.2143767,step,0.1459945067521172,28.0,2.0,-0.0040054932478827965,-0.010989010989007397,-0.004884004884004867
199058170865800,3.2153795,step,0.1459945067521172,28.0,2.0,-0.0040054932478827965,-0.010989010989007397,-0.004884004884004867
199058171880900,3.2163946,step,0.1459945067521172,28.0,2.0,-0.0040054932478827965,-0.010989010989007397,-0.004884004884004867
199058172877600,3.2173913,step,0.1459945067521172,28.0,2.0,-0.0040054932478827965,-0.010989010989007397,-0.004884004884004867
199058174594200,3.2191079,step,0.1459945067521172,28.0,2.0,-0.0040054932478827965,-0.010989010989007397,-0.004884004884004867
199058174703700,3.2192174,step,0.1459945067521172,28.0,2.0,-0.0040054932478827965,-0.010989010989007397,-0.004884004884004867
199058175902600,3.2204163,step,0.1459945067521172,28.0,2.0,-0.0040054932478827965,-0.010989010989007397,-0.004884004884004867
199058176893900,3.2214076,step,0.1459945067521172,28.0,2.0,-0.0040054932478827965,-0.010989010989007397,-0.004884004884004867
199058177900100,3.2224138,step,0.1459945067521172,28.0,2.0,-0.0040054932478827965,-0.010989010989007397,-0.004884004884004867
199058179047600,3.2235613,step,0.1459945067521172,28.0,2.0,-0.0040054932478827965,-0.010989010989007397,-0.004884004884004867
199058180313800,3.2248275,step,0.1459945067521172,28.0,2.0,-0.0040054932478827965,-0.010989010989007397,-0.004884004884004867
199058180901300,3.225415,step,0.1459945067521172,28.0,2.0,-0.0040054932478827965,-0.010989010989007397,-0.004884004884004867
199058181911500,3.2264252,step,0.1459945067521172,28.0,2.0,-0.0040054932478827965,-0.010989010989007397,-0.004884004884004867
199058183092100,3.2276058,step,0.1459945067521172,28.0,2.0,-0.0040054932478827965,-0.010989010989007397,-0.004884004884004867
199058184095700,3.2286094,step,0.1459945067521172,28.0,2.0,-0.0040054932478827965,-0.010989010989007397,-0.004884004884004867
199058184599000,3.2291127,step,0.1459945067521172,28.0,2.0,-0.0040054932478827965,-0.010989010989007397,-0.004884004884004867
199058185605000,3.2301187,step,0.1459945067521172,28.0,2.0,-0.0040054932478827965,-0.010989010989007397,-0.004884004884004867
199058186895100,3.2314088,step,0.1459945067521172,28.0,2.0,-0.0040054932478827965,-0.010989010989007397,-0.004884004884004867
199058187900300,3.232414,step,0.1459945067521172,28.0,2.0,-0.0040054932478827965,-0.010989010989007397,-0.004884004884004867
199058188906700,3.2334204,step,0.1459945067521172,28.0,2.0,-0.0040054932478827965,-0.010989010989007397,-0.004884004884004867
199058189915100,3.2344288,step,0.1459945067521172,28.0,2.0,-0.0040054932478827965,-0.010989010989007397,-0.004884004884004867
199058191373300,3.235887,step,0.1459945067521172,28.0,2.0,-0.0040054932478827965,-0.010989010989007397,-0.004884004884004867
199058191981400,3.2364951,step,0.1459945067521172,28.0,2.0,-0.0040054932478827965,-0.010989010989007397,-0.004884004884004867
199058192983300,3.237497,step,0.1459945067521172,28.0,2.0,-0.0040054932478827965,-0.010989010989007397,-0.004884004884004867
199058194243700,3.2387574,step,0.1459945067521172,28.0,2.0,-0.0040054932478827965,-0.010989010989007397,-0.004884004884004867
199058195041400,3.2395551,step,0.1459945067521172,28.0,2.0,-0.0040054932478827965,-0.010989010989007397,-0.004884004884004867
199058196044100,3.2405578,step,0.1459945067521172,28.0,2.0,-0.0040054932478827965,-0.010989010989007397,-0.004884004884004867
199058197138800,3.2416525,step,0.1459945067521172,28.0,2.0,-0.0040054932478827965,-0.010989010989007397,-0.004884004884004867
199058197725000,3.2422387,step,0.1459945067521172,28.0,2.0,-0.0040054932478827965,-0.010989010989007397,-0.004884004884004867
199058198746500,3.2432602,step,0.1459945067521172,28.0,2.0,-0.0040054932478827965,-0.010989010989007397,-0.004884004884004867
199058199797800,3.2443115,step,0.1459945067521172,28.0,2.0,-0.0040054932478827965,-0.010989010989007397,-0.004884004884004867
199058200863100,3.2453768,step,0.1459945067521172,28.0,2.0,-0.0040054932478827965,-0.010989010989007397,-0.004884004884004867
199058201905500,3.2464192,step,0.1459945067521172,28.0,2.0,-0.0040054932478827965,-0.010989010989007397,-0.004884004884004867
199058203016300,3.24753,step,0.1459945067521172,28.0,2.0,-0.0040054932478827965,-0.010989010989007397,-0.004884004884004867
199058204061500,3.2485752,step,0.1459945067521172,28.0,2.0,-0.0040054932478827965,-0.010989010989007397,-0.004884004884004867
199058205164000,3.2496777,step,0.1459945067521172,28.0,2.0,-0.0040054932478827965,-0.010989010989007397,-0.004884004884004867
199058205759300,3.250273,step,0.1459945067521172,28.0,2.0,-0.0040054932478827965,-0.010989010989007397,-0.004884004884004867
199058206760900,3.2512746,step,0.1459945067521172,28.0,2.0,-0.0040054932478827965,-0.010989010989007397,-0.004884004884004867
199058207845400,3.2523591,step,0.1459945067521172,28.0,2.0,-0.0040054932478827965,-0.010989010989007397,-0.004884004884004867
199058208911700,3.2534254,step,0.1459945067521172,28.0,2.0,-0.0040054932478827965,-0.010989010989007397,-0.004884004884004867
199058210069300,3.254583,step,0.1459945067521172,28.0,2.0,-0.0040054932478827965,-0.010989010989007397,-0.004884004884004867
199058211170500,3.2556842,step,0.1459945067521172,28.0,2.0,-0.0040054932478827965,-0.010989010989007397,-0.004884004884004867
199058211761000,3.2562747,step,0.1459945067521172,28.0,2.0,-0.0040054932478827965,-0.010989010989007397,-0.004884004884004867
199058212766800,3.2572805,step,0.1459945067521172,28.0,2.0,-0.0040054932478827965,-0.010989010989007397,-0.004884004884004867
199058213918200,3.2584319,step,0.1459945067521172,28.0,2.0,-0.0040054932478827965,-0.010989010989007397,-0.004884004884004867
199058214899400,3.2594131,step,0.1459945067521172,28.0,2.0,-0.0040054932478827965,-0.010989010989007397,-0.004884004884004867
199058215965100,3.2604788,step,0.1459945067521172,28.0,2.0,-0.0040054932478827965,-0.010989010989007397,-0.004884004884004867
199058216968900,3.2614826,step,0.1459945067521172,28.0,2.0,-0.0040054932478827965,-0.010989010989007397,-0.004884004884004867
199058217973700,3.2624874,step,0.1459945067521172,28.0,2.0,-0.0040054932478827965,-0.010989010989007397,-0.004884004884004867
199058218979200,3.2634929,step,0.1459945067521172,28.0,2.0,-0.0040054932478827965,-0.010989010989007397,-0.004884004884004867
199058219993700,3.2645074,step,0.1459945067521172,28.0,2.0,-0.0040054932478827965,-0.010989010989007397,-0.004884004884004867
199058221056600,3.2655703,step,0.1459945067521172,28.0,2.0,-0.0040054932478827965,-0.010989010989007397,-0.004884004884004867
199058221627900,3.2661416,step,0.1459945067521172,28.0,2.0,-0.0040054932478827965,-0.010989010989007397,-0.004884004884004867
199058222627500,3.2671412,step,0.1459945067521172,28.0,2.0,-0.0040054932478827965,-0.010989010989007397,-0.004884004884004867
199058223723400,3.2682371,step,0.1459945067521172,28.0,2.0,-0.0040054932478827965,-0.010989010989007397,-0.004884004884004867
199058224797100,3.2693108,step,0.1459945067521172,28.0,2.0,-0.0040054932478827965,-0.010989010989007397,-0.004884004884004867
199058225987000,3.2705007,step,0.1459945067521172,28.0,2.0,-0.0040054932478827965,-0.010989010989007397,-0.004884004884004867
199058227167100,3.2716808,step,0.1459945067521172,28.0,2.0,-0.0040054932478827965,-0.010989010989007397,-0.004884004884004867
199058227770900,3.2722846,step,0.1459945067521172,28.0,2.0,-0.0040054932478827965,-0.010989010989007397,-0.004884004884004867
199058228782600,3.2732963,step,0.1459945067521172,28.0,2.0,-0.0040054932478827965,-0.010989010989007397,-0.004884004884004867
199058230268100,3.2747818,step,0.1459945067521172,28.0,2.0,-0.0040054932478827965,-0.010989010989007397,-0.004884004884004867
199058230885400,3.2753991,step,0.1459945067521172,28.0,2.0,-0.0040054932478827965,-0.010989010989007397,-0.004884004884004867
199058231892500,3.2764062,step,0.1459945067521172,28.0,2.0,-0.0040054932478827965,-0.010989010989007397,-0.004884004884004867
199058232898400,3.2774121,step,0.1459945067521172,28.0,2.0,-0.0040054932478827965,-0.010989010989007397,-0.004884004884004867
199058233903500,3.2784172,step,0.1459945067521172,28.0,2.0,-0.0040054932478827965,-0.010989010989007397,-0.004884004884004867
199058234990200,3.2795039,step,0.1459945067521172,28.0,2.0,-0.0040054932478827965,-0.010989010989007397,-0.004884004884004867
199058235999800,3.2805135,step,0.1459945067521172,28.0,2.0,-0.0040054932478827965,-0.010989010989007397,-0.004884004884004867
199058237013900,3.2815276,step,0.1459945067521172,28.0,2.0,-0.0040054932478827965,-0.010989010989007397,-0.004884004884004867
199058238036300,3.28255,step,0.1459945067521172,28.0,2.0,-0.0040054932478827965,-0.010989010989007397,-0.004884004884004867
199058239047100,3.2835608,step,0.1459945067521172,28.0,2.0,-0.0040054932478827965,-0.010989010989007397,-0.004884004884004867
199058240066700,3.2845804,step,0.1459945067521172,28.0,2.0,-0.0040054932478827965,-0.010989010989007397,-0.004884004884004867
199058241137200,3.2856509,step,0.1459945067521172,28.0,2.0,-0.0040054932478827965,-0.010989010989007397,-0.004884004884004867
199058241688600,3.2862023,step,0.1459945067521172,28.0,2.0,-0.0040054932478827965,-0.010989010989007397,-0.004884004884004867
199058242734200,3.2872479,step,0.1459945067521172,28.0,2.0,-0.0040054932478827965,-0.010989010989007397,-0.004884004884004867
199058243795800,3.2883095,step,0.1459945067521172,28.0,2.0,-0.0040054932478827965,-0.010989010989007397,-0.004884004884004867
199058244963200,3.2894769,step,0.1459945067521172,28.0,2.0,-0.0040054932478827965,-0.010989010989007397,-0.004884004884004867
199058245979800,3.2904935,step,0.1459945067521172,28.0,2.0,-0.0040054932478827965,-0.010989010989007397,-0.004884004884004867
199058246995200,3.2915089,step,0.1459945067521172,28.0,2.0,-0.0040054932478827965,-0.010989010989007397,-0.004884004884004867
199058248002800,3.2925165,step,0.1459945067521172,28.0,2.0,-0.0040054932478827965,-0.010989010989007397,-0.004884004884004867
199058249008600,3.2935223,step,0.1459945067521172,28.0,2.0,-0.0040054932478827965,-0.010989010989007397,-0.004884004884004867
199058250014800,3.2945285,step,0.1459945067521172,28.0,2.0,-0.0040054932478827965,-0.010989010989007397,-0.004884004884004867
199058251025400,3.2955391,step,0.1459945067521172,28.0,2.0,-0.0040054932478827965,-0.010989010989007397,-0.004884004884004867
199058252029300,3.296543,step,0.1459945067521172,28.0,2.0,-0.0040054932478827965,-0.010989010989007397,-0.004884004884004867
199058253145100,3.2976588,step,0.1459945067521172,28.0,2.0,-0.0040054932478827965,-0.010989010989007397,-0.004884004884004867
199058253739900,3.2982536,step,0.1459945067521172,28.0,2.0,-0.0040054932478827965,-0.010989010989007397,-0.004884004884004867
199058254748800,3.2992625,step,0.1459945067521172,28.0,2.0,-0.0040054932478827965,-0.010989010989007397,-0.004884004884004867
199058256151500,3.3006652,step,0.1459945067521172,28.0,2.0,-0.0040054932478827965,-0.010989010989007397,-0.004884004884004867
199058256814600,3.3013283,step,0.1459945067521172,28.0,2.0,-0.0040054932478827965,-0.0329670329670364,-0.004884004884004867
199058257816100,3.3023298,step,0.1459945067521172,28.0,2.0,-0.0040054932478827965,-0.010989010989007397,-0.0146520146520146
199058258902600,3.3034163,step,0.1459945067521172,28.0,2.0,-0.0040054932478827965,-0.010989010989007397,-0.0146520146520146
199058259975700,3.3044894,step,0.1459945067521172,28.0,2.0,-0.0040054932478827965,-0.010989010989007397,-0.0146520146520146
199058261001200,3.3055149,step,0.1459945067521172,28.0,2.0,-0.0040054932478827965,-0.010989010989007397,-0.0146520146520146
199058261978800,3.3064925,step,0.1459945067521172,28.0,2.0,-0.0040054932478827965,-0.010989010989007397,-0.0146520146520146
199058262981700,3.3074954,step,0.1459945067521172,28.0,2.0,-0.0040054932478827965,-0.010989010989007397,-0.0146520146520146
199058263983500,3.3084972,step,0.1459945067521172,28.0,2.0,-0.0040054932478827965,-0.010989010989007397,-0.0146520146520146
199058264990700,3.3095044,step,0.1459945067521172,28.0,2.0,-0.0040054932478827965,-0.010989010989007397,-0.0146520146520146
199058266016900,3.3105306,step,0.1459945067521172,28.0,2.0,-0.0040054932478827965,-0.010989010989007397,-0.0146520146520146
199058267019400,3.3115331,step,0.1459945067521172,28.0,2.0,-0.0040054932478827965,-0.010989010989007397,-0.0146520146520146
199058268000300,3.312514,step,0.1459945067521172,28.0,2.0,-0.0040054932478827965,-0.010989010989007397,-0.0146520146520146
199058269066200,3.3135799,step,0.1459945067521172,28.0,2.0,-0.0040054932478827965,-0.010989010989007397,-0.0146520146520146
199058270072300,3.314586,step,0.1459945067521172,28.0,2.0,-0.0040054932478827965,-0.010989010989007397,-0.0146520146520146
199058271070800,3.3155845,step,0.1459945067521172,28.0,2.0,-0.0040054932478827965,-0.010989010989007397,-0.0146520146520146
199058271712600,3.3162263,step,0.1459945067521172,28.0,2.0,-0.0040054932478827965,-0.010989010989007397,-0.0146520146520146
199058272660500,3.3171742,step,0.1459945067521172,28.0,2.0,-0.0040054932478827965,-0.010989010989007397,-0.0146520146520146
199058273664600,3.3181783,step,0.1459945067521172,28.0,2.0,-0.0040054932478827965,-0.010989010989007397,-0.0146520146520146
199058274665200,3.3191789,step,0.1459945067521172,28.0,2.0,-0.0040054932478827965,-0.010989010989007397,-0.0146520146520146
199058275666600,3.3201803,step,0.1459945067521172,28.0,2.0,-0.0040054932478827965,-0.010989010989007397,-0.0146520146520146
199058276668700,3.3211824,step,0.1459945067521172,28.0,2.0,-0.0040054932478827965,-0.010989010989007397,-0.0146520146520146
199058277671400,3.3221851,step,0.1459945067521172,28.0,2.0,-0.0040054932478827965,-0.010989010989007397,-0.0146520146520146
199058278680400,3.3231941,step,0.1459945067521172,28.0,2.0,-0.0040054932478827965,-0.010989010989007397,-0.0146520146520146
199058279682100,3.3241958,step,0.1459945067521172,28.0,2.0,-0.0040054932478827965,-0.010989010989007397,-0.0146520146520146
199058280685300,3.325199,step,0.1459945067521172,28.0,2.0,-0.0040054932478827965,-0.010989010989007397,-0.0146520146520146
199058281691300,3.326205,step,0.1459945067521172,28.0,2.0,-0.0040054932478827965,-0.010989010989007397,-0.0146520146520146
199058282697000,3.3272107,step,0.1459945067521172,28.0,2.0,-0.0040054932478827965,-0.010989010989007397,-0.0146520146520146
199058283782600,3.3282963,step,0.1459945067521172,28.0,2.0,-0.0040054932478827965,-0.010989010989007397,-0.0146520146520146
199058284791400,3.3293051,step,0.1459945067521172,28.0,2.0,-0.0040054932478827965,-0.010989010989007397,-0.0146520146520146
199058285795800,3.3303095,step,0.1459945067521172,28.0,2.0,-0.0040054932478827965,-0.010989010989007397,-0.0146520146520146
199058287038600,3.3315523,step,0.1459945067521172,28.0,2.0,-0.0040054932478827965,-0.010989010989007397,-0.0146520146520146
199058287902500,3.3324162,step,0.1459945067521172,28.0,2.0,-0.0040054932478827965,-0.010989010989007397,-0.0146520146520146
199058288975000,3.3334887,step,0.1459945067521172,28.0,2.0,-0.0040054932478827965,-0.010989010989007397,-0.0146520146520146
199058290068400,3.3345821,step,0.1459945067521172,28.0,2.0,-0.0040054932478827965,-0.010989010989007397,-0.0146520146520146
199058291184700,3.3356984,step,0.1459945067521172,28.0,2.0,-0.0040054932478827965,-0.010989010989007397,-0.0146520146520146
199058291741300,3.336255,step,0.1459945067521172,28.0,2.0,-0.0040054932478827965,-0.010989010989007397,-0.0146520146520146
199058292746600,3.3372603,step,0.1459945067521172,28.0,2.0,-0.0040054932478827965,-0.010989010989007397,-0.0146520146520146
199058293821900,3.3383356,step,0.1459945067521172,28.0,2.0,-0.0040054932478827965,-0.010989010989007397,-0.0146520146520146
199058294915800,3.3394295,step,0.1459945067521172,28.0,2.0,-0.0040054932478827965,-0.010989010989007397,-0.0146520146520146
199058296001900,3.3405156,step,0.1459945067521172,28.0,2.0,-0.0040054932478827965,-0.010989010989007397,-0.0146520146520146
199058297116000,3.3416297,step,0.1459945067521172,28.0,2.0,-0.0040054932478827965,-0.010989010989007397,-0.0146520146520146
199058298246100,3.3427598,step,0.1459945067521172,28.0,2.0,-0.0040054932478827965,-0.010989010989007397,-0.0146520146520146
199058298857400,3.3433711,step,0.1459945067521172,28.0,2.0,-0.0040054932478827965,-0.010989010989007397,-0.0146520146520146
199058299857800,3.3443715,step,0.1459945067521172,28.0,2.0,-0.0040054932478827965,-0.010989010989007397,-0.0146520146520146
199058300939500,3.3454532,step,0.1459945067521172,28.0,2.0,-0.0040054932478827965,-0.010989010989007397,-0.0146520146520146
199058302007800,3.3465215,step,0.1459945067521172,28.0,2.0,-0.0040054932478827965,-0.010989010989007397,-0.0146520146520146
199058303468400,3.3479821,step,0.1459945067521172,28.0,2.0,-0.0040054932478827965,-0.010989010989007397,-0.0146520146520146
199058304198500,3.3487122,step,0.1459945067521172,28.0,2.0,-0.0040054932478827965,-0.010989010989007397,-0.0146520146520146
199058304820800,3.3493345,step,0.1459945067521172,28.0,2.0,-0.0040054932478827965,-0.010989010989007397,-0.0146520146520146
199058305826400,3.3503401,step,0.1459945067521172,28.0,2.0,-0.0040054932478827965,-0.010989010989007397,-0.0146520146520146
199058306943800,3.3514575,step,0.1459945067521172,28.0,2.0,-0.0040054932478827965,-0.010989010989007397,-0.0146520146520146
199058307939600,3.3524533,step,0.1459945067521172,28.0,2.0,-0.0040054932478827965,-0.010989010989007397,-0.0146520146520146
199058308942800,3.3534565,step,0.1459945067521172,28.0,2.0,-0.0040054932478827965,-0.010989010989007397,-0.0146520146520146
199058310024000,3.3545377,step,0.1459945067521172,28.0,2.0,-0.0040054932478827965,-0.010989010989007397,-0.0146520146520146
199058311049700,3.3555634,step,0.1459945067521172,28.0,2.0,-0.0040054932478827965,-0.010989010989007397,-0.0146520146520146
199058312047700,3.3565614,step,0.1459945067521172,28.0,2.0,-0.0040054932478827965,-0.010989010989007397,-0.0146520146520146
199058313028800,3.3575425,step,0.1459945067521172,28.0,2.0,-0.0040054932478827965,-0.010989010989007397,-0.0146520146520146
199058314032700,3.3585464,step,0.1459945067521172,28.0,2.0,-0.0040054932478827965,-0.010989010989007397,-0.0146520146520146
199058315035400,3.3595491,step,0.1459945067521172,28.0,2.0,-0.0040054932478827965,-0.010989010989007397,-0.0146520146520146
199058316041300,3.360555,step,0.1459945067521172,28.0,2.0,-0.0040054932478827965,-0.010989010989007397,-0.0146520146520146
199058317552500,3.3620662,step,0.1459945067521172,28.0,2.0,-0.0040054932478827965,-0.010989010989007397,-0.0146520146520146
199058317622000,3.3621357,step,0.1459945067521172,28.0,2.0,-0.0040054932478827965,-0.010989010989007397,-0.0146520146520146
199058319239500,3.3637532,step,0.1459945067521172,28.0,2.0,-0.0040054932478827965,-0.010989010989007397,-0.0146520146520146
199058319949500,3.3644632,step,0.1459945067521172,28.0,2.0,-0.0040054932478827965,-0.010989010989007397,-0.0146520146520146
199058320952800,3.3654665,step,0.1459945067521172,28.0,2.0,-0.0040054932478827965,-0.010989010989007397,-0.0146520146520146
199058322018000,3.3665317,step,0.1459945067521172,28.0,2.0,-0.0040054932478827965,-0.010989010989007397,-0.0146520146520146
199058323095400,3.3676091,step,0.1459945067521172,28.0,2.0,-0.0040054932478827965,-0.010989010989007397,-0.0146520146520146
199058324099700,3.3686134,step,0.1459945067521172,28.0,2.0,-0.0040054932478827965,-0.010989010989007397,-0.0146520146520146
199058324704200,3.3692179,step,0.1459945067521172,28.0,2.0,-0.0040054932478827965,-0.010989010989007397,-0.0146520146520146
199058325712000,3.3702257,step,0.1459945067521172,28.0,2.0,-0.0040054932478827965,-0.010989010989007397,-0.0146520146520146
199058326737800,3.3712515,step,0.1459945067521172,28.0,2.0,-0.0040054932478827965,-0.010989010989007397,-0.0146520146520146
199058327721500,3.3722352,step,0.1459945067521172,28.0,2.0,-0.0040054932478827965,-0.010989010989007397,-0.0146520146520146
199058328798200,3.3733119,step,0.1459945067521172,28.0,2.0,-0.0040054932478827965,-0.010989010989007397,-0.0146520146520146
199058329855300,3.374369,step,0.1459945067521172,28.0,2.0,-0.0040054932478827965,-0.010989010989007397,-0.0146520146520146
199058330939500,3.3754532,step,0.1459945067521172,28.0,2.0,-0.0040054932478827965,-0.010989010989007397,-0.0146520146520146
199058332035900,3.3765496,step,0.1459945067521172,28.0,2.0,-0.0040054932478827965,-0.010989010989007397,-0.0146520146520146
199058333211600,3.3777253,step,0.1459945067521172,28.0,2.0,-0.0040054932478827965,-0.010989010989007397,-0.0146520146520146
199058333784800,3.3782985,step,0.1459945067521172,28.0,2.0,-0.0040054932478827965,-0.010989010989007397,-0.0146520146520146
199058334885300,3.379399,step,0.1459945067521172,28.0,2.0,-0.0040054932478827965,-0.010989010989007397,-0.0146520146520146
199058336150500,3.3806642,step,0.1459945067521172,28.0,2.0,-0.0040054932478827965,-0.010989010989007397,-0.0146520146520146
199058336758700,3.3812724,step,0.1459945067521172,28.0,2.0,-0.0040054932478827965,-0.010989010989007397,-0.0146520146520146
199058337763900,3.3822776,step,0.1459945067521172,28.0,2.0,-0.0040054932478827965,-0.010989010989007397,-0.0146520146520146
199058338766600,3.3832803,step,0.1459945067521172,28.0,2.0,-0.0040054932478827965,-0.010989010989007397,-0.0146520146520146
199058339774600,3.3842883,step,0.1459945067521172,28.0,2.0,-0.0040054932478827965,-0.010989010989007397,-0.0146520146520146
199058340776200,3.3852899,step,0.1459945067521172,28.0,2.0,-0.0040054932478827965,-0.010989010989007397,-0.0146520146520146
199058341779900,3.3862936,step,0.1459945067521172,28.0,2.0,-0.0040054932478827965,-0.010989010989007397,-0.0146520146520146
199058342840200,3.3873539,step,0.1459945067521172,28.0,2.0,-0.0040054932478827965,-0.010989010989007397,-0.0146520146520146
199058343849700,3.3883634,step,0.1459945067521172,28.0,2.0,-0.0040054932478827965,-0.010989010989007397,-0.0146520146520146
199058344843000,3.3893567,step,0.1459945067521172,28.0,2.0,-0.0040054932478827965,-0.010989010989007397,-0.0146520146520146
199058345843200,3.3903569,step,0.1459945067521172,28.0,2.0,-0.0040054932478827965,-0.010989010989007397,-0.0146520146520146
199058346845600,3.3913593,step,0.1459945067521172,28.0,2.0,-0.0040054932478827965,-0.010989010989007397,-0.0146520146520146
199058347853700,3.3923674,step,0.1459945067521172,28.0,2.0,-0.0040054932478827965,-0.010989010989007397,-0.0146520146520146
199058348862700,3.3933764,step,0.1459945067521172,28.0,2.0,-0.0040054932478827965,-0.010989010989007397,-0.0146520146520146
199058349976200,3.3944899,step,0.1459945067521172,28.0,2.0,-0.0040054932478827965,-0.010989010989007397,-0.0146520146520146
199058351369100,3.3958828,step,0.1459945067521172,28.0,2.0,-0.0040054932478827965,-0.010989010989007397,-0.0146520146520146
199058351975600,3.3964893,step,0.1459945067521172,28.0,2.0,-0.0040054932478827965,-0.010989010989007397,-0.0146520146520146
199058352978700,3.3974924,step,0.1459945067521172,28.0,2.0,-0.0040054932478827965,-0.010989010989007397,-0.0146520146520146
199058354068600,3.3985823,step,0.1459945067521172,28.0,2.0,-0.0040054932478827965,-0.010989010989007397,-0.0146520146520146
199058354650300,3.399164,step,0.1459945067521172,28.0,2.0,-0.0040054932478827965,-0.010989010989007397,-0.0146520146520146
199058355656500,3.4001702,step,0.1459945067521172,28.0,2.0,-0.0040054932478827965,-0.010989010989007397,-0.0146520146520146
199058356715200,3.4012289,back,-0.0040054932478827965,28.0,2.0,-0.0040054932478827965,-0.010989010989007397,-0.0146520146520146
199058357720400,3.4022341,back,-0.0040054932478827965,28.0,2.0,-0.0040054932478827965,-0.010989010989007397,-0.0146520146520146
199058358725200,3.4032389,back,-0.0040054932478827965,28.0,2.0,-0.0040054932478827965,-0.010989010989007397,-0.0146520146520146
199058359836100,3.4043498,back,-0.0040054932478827965,28.0,2.0,-0.0040054932478827965,-0.010989010989007397,-0.0146520146520146
199058361066500,3.4055802,back,-0.0040054932478827965,28.0,2.0,-0.0040054932478827965,-0.010989010989007397,-0.0146520146520146
199058362231800,3.4067455,back,-0.0040054932478827965,28.0,2.0,-0.0040054932478827965,-0.010989010989007397,-0.0146520146520146
199058363113200,3.4076269,back,-0.0040054932478827965,28.0,2.0,-0.0040054932478827965,-0.010989010989007397,-0.0146520146520146
199058364073500,3.4085872,back,-0.0040054932478827965,28.0,2.0,-0.0040054932478827965,-0.010989010989007397,-0.0146520146520146
199058364903500,3.4094172,back,-0.0040054932478827965,28.0,2.0,-0.0040054932478827965,0.010989010989007397,-0.004884004884004867
199058366664600,3.4111783,back,-0.0040054932478827965,28.0,2.0,-0.004386968795300206,-0.0329670329670364,-0.0146520146520146
199058366746000,3.4112597,back,-0.0040054932478827965,28.0,2.0,-0.004386968795300206,-0.0329670329670364,-0.0146520146520146
199058367738300,3.412252,back,-0.0040054932478827965,28.0,2.0,-0.004386968795300206,-0.0329670329670364,-0.0146520146520146
199058368743800,3.4132575,back,-0.0040054932478827965,28.0,2.0,-0.004386968795300206,-0.0329670329670364,-0.0146520146520146
199058369758200,3.4142719,back,-0.0040054932478827965,28.0,2.0,-0.004386968795300206,-0.0329670329670364,-0.0146520146520146
199058370745700,3.4152594,back,-0.0040054932478827965,28.0,2.0,-0.004386968795300206,-0.0329670329670364,-0.0146520146520146
199058371747400,3.4162611,back,-0.0040054932478827965,28.0,2.0,-0.004386968795300206,-0.0329670329670364,-0.0146520146520146
199058372749900,3.4172636,back,-0.0040054932478827965,28.0,2.0,-0.004386968795300206,-0.0329670329670364,-0.0146520146520146
199058373770800,3.4182845,back,-0.0040054932478827965,28.0,2.0,-0.004386968795300206,-0.0329670329670364,-0.0146520146520146
199058374841400,3.4193551,back,-0.0040054932478827965,28.0,2.0,-0.004386968795300206,-0.0329670329670364,-0.0146520146520146
199058375847800,3.4203615,back,-0.0040054932478827965,28.0,2.0,-0.004386968795300206,-0.0329670329670364,-0.0146520146520146
199058377363100,3.4218768,back,-0.0040054932478827965,28.0,2.0,-0.004386968795300206,-0.0329670329670364,-0.0146520146520146
199058377978300,3.422492,back,-0.0040054932478827965,28.0,2.0,-0.004386968795300206,-0.0329670329670364,-0.0146520146520146
199058379004500,3.4235182,back,-0.0040054932478827965,28.0,2.0,-0.004386968795300206,-0.0329670329670364,-0.0146520146520146
199058380153000,3.4246667,back,-0.0040054932478827965,28.0,2.0,-0.004386968795300206,-0.0329670329670364,-0.0146520146520146
199058381442900,3.4259566,back,-0.0040054932478827965,28.0,2.0,-0.004386968795300206,-0.0329670329670364,-0.0146520146520146
199058382042300,3.426556,back,-0.0040054932478827965,28.0,2.0,-0.004386968795300206,-0.0329670329670364,-0.0146520146520146
199058383049100,3.4275628,back,-0.0040054932478827965,28.0,2.0,-0.004386968795300206,-0.0329670329670364,-0.0146520146520146
199058384054300,3.428568,back,-0.0040054932478827965,28.0,2.0,-0.004386968795300206,-0.0329670329670364,-0.0146520146520146
199058385076400,3.4295901,back,-0.0040054932478827965,28.0,2.0,-0.004386968795300206,-0.0329670329670364,-0.0146520146520146
199058386077700,3.4305914,back,-0.0040054932478827965,28.0,2.0,-0.004386968795300206,-0.0329670329670364,-0.0146520146520146
199058387080500,3.4315942,back,-0.0040054932478827965,28.0,2.0,-0.004386968795300206,-0.0329670329670364,-0.0146520146520146
199058388081900,3.4325956,back,-0.0040054932478827965,28.0,2.0,-0.004386968795300206,-0.0329670329670364,-0.0146520146520146
199058389070900,3.4335846,back,-0.0040054932478827965,28.0,2.0,-0.004386968795300206,-0.0329670329670364,-0.0146520146520146
199058390067800,3.4345815,back,-0.0040054932478827965,28.0,2.0,-0.004386968795300206,-0.0329670329670364,-0.0146520146520146
199058390633500,3.4351472,back,-0.0040054932478827965,28.0,2.0,-0.004386968795300206,-0.0329670329670364,-0.0146520146520146
199058391657200,3.4361709,back,-0.0040054932478827965,28.0,2.0,-0.004386968795300206,-0.0329670329670364,-0.0146520146520146
199058392644100,3.4371578,back,-0.0040054932478827965,28.0,2.0,-0.004386968795300206,-0.0329670329670364,-0.0146520146520146
199058393667600,3.4381813,back,-0.0040054932478827965,28.0,2.0,-0.004386968795300206,-0.0329670329670364,-0.0146520146520146
199058394789300,3.439303,back,-0.0040054932478827965,28.0,2.0,-0.004386968795300206,-0.0329670329670364,-0.0146520146520146
199058396238400,3.4407521,back,-0.0040054932478827965,28.0,2.0,-0.004386968795300206,-0.0329670329670364,-0.0146520146520146
199058396858100,3.4413718,back,-0.0040054932478827965,28.0,2.0,-0.004386968795300206,-0.0329670329670364,-0.0146520146520146
199058397859900,3.4423736,back,-0.0040054932478827965,28.0,2.0,-0.004386968795300206,-0.0329670329670364,-0.0146520146520146
199058398950500,3.4434642,back,-0.0040054932478827965,28.0,2.0,-0.004386968795300206,-0.0329670329670364,-0.0146520146520146
199058399950800,3.4444645,back,-0.0040054932478827965,28.0,2.0,-0.004386968795300206,-0.0329670329670364,-0.0146520146520146
199058400971900,3.4454856,back,-0.0040054932478827965,28.0,2.0,-0.004386968795300206,-0.0329670329670364,-0.0146520146520146
199058401973400,3.4464871,back,-0.0040054932478827965,28.0,2.0,-0.004386968795300206,-0.0329670329670364,-0.0146520146520146
199058402975200,3.4474889,back,-0.0040054932478827965,28.0,2.0,-0.004386968795300206,-0.0329670329670364,-0.0146520146520146
199058403977500,3.4484912,back,-0.0040054932478827965,28.0,2.0,-0.004386968795300206,-0.0329670329670364,-0.0146520146520146
199058404963600,3.4494773,back,-0.0040054932478827965,28.0,2.0,-0.004386968795300206,-0.0329670329670364,-0.0146520146520146
199058405990700,3.4505044,back,-0.0040054932478827965,28.0,2.0,-0.004386968795300206,-0.0329670329670364,-0.0146520146520146
199058406973000,3.4514867,back,-0.0040054932478827965,28.0,2.0,-0.004386968795300206,-0.0329670329670364,-0.0146520146520146
199058407981400,3.4524951,back,-0.0040054932478827965,28.0,2.0,-0.004386968795300206,-0.0329670329670364,-0.0146520146520146
199058408986800,3.4535005,back,-0.0040054932478827965,28.0,2.0,-0.004386968795300206,-0.0329670329670364,-0.0146520146520146
199058409990600,3.4545043,back,-0.0040054932478827965,28.0,2.0,-0.004386968795300206,-0.0329670329670364,-0.0146520146520146
199058410991200,3.4555049,back,-0.0040054932478827965,28.0,2.0,-0.004386968795300206,-0.0329670329670364,-0.0146520146520146
199058412187500,3.4567012,back,-0.0040054932478827965,28.0,2.0,-0.004386968795300206,-0.0329670329670364,-0.0146520146520146
199058412569100,3.4570828,back,-0.0040054932478827965,28.0,2.0,-0.004386968795300206,-0.0329670329670364,-0.0146520146520146
199058414182400,3.4586961,back,-0.0040054932478827965,28.0,2.0,-0.004386968795300206,-0.0329670329670364,-0.0146520146520146
199058414800200,3.4593139,back,-0.0040054932478827965,28.0,2.0,-0.004386968795300206,-0.0329670329670364,-0.0146520146520146
199058415829500,3.4603432,back,-0.0040054932478827965,28.0,2.0,-0.004386968795300206,-0.0329670329670364,-0.0146520146520146
199058416830700,3.4613444,back,-0.0040054932478827965,28.0,2.0,-0.004386968795300206,-0.0329670329670364,-0.0146520146520146
199058417816500,3.4623302,back,-0.0040054932478827965,28.0,2.0,-0.004386968795300206,-0.0329670329670364,-0.0146520146520146
199058418823200,3.4633369,back,-0.0040054932478827965,28.0,2.0,-0.004386968795300206,-0.0329670329670364,-0.0146520146520146
199058419828600,3.4643423,back,-0.0040054932478827965,28.0,2.0,-0.004386968795300206,-0.0329670329670364,-0.0146520146520146
199058420931000,3.4654447,back,-0.0040054932478827965,28.0,2.0,-0.004386968795300206,-0.0329670329670364,-0.0146520146520146
199058422037600,3.4665513,back,-0.0040054932478827965,28.0,2.0,-0.004386968795300206,-0.0329670329670364,-0.0146520146520146
199058422683500,3.4671972,back,-0.0040054932478827965,28.0,2.0,-0.004386968795300206,-0.0329670329670364,-0.0146520146520146
199058423726000,3.4682397,back,-0.0040054932478827965,28.0,2.0,-0.004386968795300206,-0.0329670329670364,-0.0146520146520146
199058424790100,3.4693038,back,-0.0040054932478827965,28.0,2.0,-0.004386968795300206,-0.0329670329670364,-0.0146520146520146
199058425851800,3.4703655,back,-0.0040054932478827965,28.0,2.0,-0.004386968795300206,-0.0329670329670364,-0.0146520146520146
199058426911400,3.4714251,back,-0.0040054932478827965,28.0,2.0,-0.004386968795300206,-0.0329670329670364,-0.0146520146520146
199058428060400,3.4725741,back,-0.0040054932478827965,28.0,2.0,-0.004386968795300206,-0.0329670329670364,-0.0146520146520146
199058429412700,3.4739264,back,-0.0040054932478827965,28.0,2.0,-0.004386968795300206,-0.0329670329670364,-0.0146520146520146
199058430028800,3.4745425,back,-0.0040054932478827965,28.0,2.0,-0.004386968795300206,-0.0329670329670364,-0.0146520146520146
199058431031800,3.4755455,back,-0.0040054932478827965,28.0,2.0,-0.004386968795300206,-0.0329670329670364,-0.0146520146520146
199058432042800,3.4765565,back,-0.0040054932478827965,28.0,2.0,-0.004386968795300206,-0.0329670329670364,-0.0146520146520146
199058433152200,3.4776659,back,-0.0040054932478827965,28.0,2.0,-0.004386968795300206,-0.0329670329670364,-0.0146520146520146
199058433734400,3.4782481,back,-0.0040054932478827965,28.0,2.0,-0.004386968795300206,-0.0329670329670364,-0.0146520146520146
199058434748600,3.4792623,back,-0.0040054932478827965,28.0,2.0,-0.004386968795300206,-0.0329670329670364,-0.0146520146520146
199058436059100,3.4805728,back,-0.0040054932478827965,28.0,2.0,-0.004386968795300206,-0.0329670329670364,-0.0146520146520146
199058436626500,3.4811402,back,-0.0040054932478827965,28.0,2.0,-0.004386968795300206,-0.0329670329670364,-0.0146520146520146
199058437633200,3.4821469,back,-0.0040054932478827965,28.0,2.0,-0.004386968795300206,-0.0329670329670364,-0.0146520146520146
199058438736300,3.48325,back,-0.0040054932478827965,28.0,2.0,-0.004386968795300206,-0.0329670329670364,-0.0146520146520146
199058439681600,3.4841953,back,-0.0040054932478827965,28.0,2.0,-0.004386968795300206,-0.0329670329670364,-0.0146520146520146
199058440696500,3.4852102,back,-0.0040054932478827965,28.0,2.0,-0.004386968795300206,-0.0329670329670364,-0.0146520146520146
199058441735300,3.486249,back,-0.0040054932478827965,28.0,2.0,-0.004386968795300206,-0.0329670329670364,-0.0146520146520146
199058442781000,3.4872947,back,-0.0040054932478827965,28.0,2.0,-0.004386968795300206,-0.0329670329670364,-0.0146520146520146
199058443879900,3.4883936,back,-0.0040054932478827965,28.0,2.0,-0.004386968795300206,-0.0329670329670364,-0.0146520146520146
199058444932200,3.4894459,back,-0.0040054932478827965,28.0,2.0,-0.004386968795300206,-0.0329670329670364,-0.0146520146520146
199058445982100,3.4904958,back,-0.0040054932478827965,28.0,2.0,-0.004386968795300206,-0.0329670329670364,-0.0146520146520146
199058447048000,3.4915617,back,-0.0040054932478827965,28.0,2.0,-0.004386968795300206,-0.0329670329670364,-0.0146520146520146
199058448113400,3.4926271,back,-0.0040054932478827965,28.0,2.0,-0.004386968795300206,-0.0329670329670364,-0.0146520146520146
199058449119200,3.4936329,back,-0.0040054932478827965,28.0,2.0,-0.004386968795300206,-0.0329670329670364,-0.0146520146520146
199058449730800,3.4942445,back,-0.0040054932478827965,28.0,2.0,-0.004386968795300206,-0.0329670329670364,-0.0146520146520146
199058450737000,3.4952507,back,-0.0040054932478827965,28.0,2.0,-0.004386968795300206,-0.0329670329670364,-0.0146520146520146
199058451769000,3.4962827,back,-0.0040054932478827965,28.0,2.0,-0.004386968795300206,-0.0329670329670364,-0.0146520146520146
199058452747300,3.497261,back,-0.0040054932478827965,28.0,2.0,-0.004386968795300206,-0.0329670329670364,-0.0146520146520146
199058453851400,3.4983651,back,-0.0040054932478827965,28.0,2.0,-0.004386968795300206,-0.0329670329670364,-0.0146520146520146
199058454942500,3.4994562,back,-0.0040054932478827965,28.0,2.0,-0.004386968795300206,-0.0329670329670364,-0.0146520146520146
199058456003700,3.5005174,back,-0.0040054932478827965,28.0,2.0,-0.004386968795300206,-0.0329670329670364,-0.0146520146520146
199058457056200,3.5015699,back,-0.0040054932478827965,28.0,2.0,-0.004386968795300206,-0.0329670329670364,-0.0146520146520146
199058458117500,3.5026312,back,-0.0040054932478827965,28.0,2.0,-0.004386968795300206,-0.0329670329670364,-0.0146520146520146
199058458710400,3.5032241,back,-0.0040054932478827965,28.0,2.0,-0.004386968795300206,-0.0329670329670364,-0.0146520146520146
199058459942800,3.5044565,back,-0.0040054932478827965,28.0,2.0,-0.004386968795300206,-0.0329670329670364,-0.0146520146520146
199058461224600,3.5057383,back,-0.0040054932478827965,28.0,2.0,-0.004386968795300206,-0.0329670329670364,-0.0146520146520146
199058461851000,3.5063647,back,-0.0040054932478827965,28.0,2.0,-0.004386968795300206,-0.0329670329670364,-0.0146520146520146
199058462861800,3.5073755,back,-0.0040054932478827965,28.0,2.0,-0.004386968795300206,-0.0329670329670364,-0.0146520146520146
199058464093600,3.5086073,back,-0.0040054932478827965,28.0,2.0,-0.004386968795300206,-0.0329670329670364,-0.0146520146520146
199058465097600,3.5096113,back,-0.0040054932478827965,28.0,2.0,-0.004386968795300206,-0.0329670329670364,-0.0146520146520146
199058466105700,3.5106194,back,-0.0040054932478827965,28.0,2.0,-0.004386968795300206,-0.0329670329670364,-0.0146520146520146
199058466608000,3.5111217,back,-0.0040054932478827965,28.0,2.0,-0.004386968795300206,-0.0329670329670364,-0.0146520146520146
199058467718100,3.5122318,back,-0.0040054932478827965,28.0,2.0,-0.004386968795300206,-0.0329670329670364,-0.0146520146520146
199058468719500,3.5132332,back,-0.0040054932478827965,28.0,2.0,-0.004386968795300206,-0.0329670329670364,-0.0146520146520146
199058469877100,3.5143908,back,-0.0040054932478827965,28.0,2.0,-0.004386968795300206,-0.0329670329670364,-0.0146520146520146
199058470877400,3.5153911,back,-0.0040054932478827965,28.0,2.0,-0.004386968795300206,-0.0329670329670364,-0.0146520146520146
199058471876800,3.5163905,back,-0.0040054932478827965,28.0,2.0,-0.004386968795300206,-0.0329670329670364,-0.0146520146520146
199058472904100,3.5174178,back,-0.0040054932478827965,28.0,2.0,-0.004386968795300206,-0.0329670329670364,-0.0146520146520146
199058473893200,3.5184069,back,-0.0040054932478827965,28.0,2.0,-0.004386968795300206,-0.0329670329670364,-0.0146520146520146
199058475016500,3.5195302,back,-0.0040054932478827965,28.0,2.0,-0.004386968795300206,-0.0329670329670364,-0.0146520146520146
199058475918500,3.5204322,back,-0.0040054932478827965,28.0,2.0,-0.0040054932478827965,-0.010989010989007397,-0.004884004884004867
199058476928200,3.5214419,back,-0.0040054932478827965,28.0,2.0,-0.0040054932478827965,-0.010989010989007397,-0.004884004884004867
199058477934800,3.5224485,back,-0.0040054932478827965,28.0,2.0,-0.0040054932478827965,-0.010989010989007397,-0.004884004884004867
199058478943100,3.5234568,back,-0.0040054932478827965,28.0,2.0,-0.0040054932478827965,-0.010989010989007397,-0.004884004884004867
199058479948700,3.5244624,back,-0.0040054932478827965,28.0,2.0,-0.0040054932478827965,-0.010989010989007397,-0.004884004884004867
199058480979400,3.5254931,back,-0.0040054932478827965,28.0,2.0,-0.0040054932478827965,-0.010989010989007397,-0.004884004884004867
199058482293300,3.526807,back,-0.0040054932478827965,28.0,2.0,-0.0040054932478827965,-0.010989010989007397,-0.004884004884004867
199058482863100,3.5273768,back,-0.0040054932478827965,28.0,2.0,-0.0040054932478827965,-0.010989010989007397,-0.004884004884004867
199058483870000,3.5283837,back,-0.0040054932478827965,28.0,2.0,-0.0040054932478827965,-0.010989010989007397,-0.004884004884004867
199058485319600,3.5298333,back,-0.0040054932478827965,28.0,2.0,-0.0040054932478827965,-0.010989010989007397,-0.004884004884004867
199058485943200,3.5304569,back,-0.0040054932478827965,28.0,2.0,-0.0040054932478827965,-0.010989010989007397,-0.004884004884004867
199058486968000,3.5314817,back,-0.0040054932478827965,28.0,2.0,-0.0040054932478827965,-0.010989010989007397,-0.004884004884004867
199058487954700,3.5324684,back,-0.0040054932478827965,28.0,2.0,-0.0040054932478827965,-0.010989010989007397,-0.004884004884004867
199058488956800,3.5334705,back,-0.0040054932478827965,28.0,2.0,-0.0040054932478827965,-0.010989010989007397,-0.004884004884004867
199058490226700,3.5347404,back,-0.0040054932478827965,28.0,2.0,-0.0040054932478827965,-0.010989010989007397,-0.004884004884004867
199058491554700,3.5360684,back,-0.0040054932478827965,28.0,2.0,-0.0040054932478827965,-0.010989010989007397,-0.004884004884004867
199058491652500,3.5361662,back,-0.0040054932478827965,28.0,2.0,-0.0040054932478827965,-0.010989010989007397,-0.004884004884004867
199058493238600,3.5377523,back,-0.0040054932478827965,28.0,2.0,-0.0040054932478827965,-0.010989010989007397,-0.004884004884004867
199058493854700,3.5383684,back,-0.0040054932478827965,28.0,2.0,-0.0040054932478827965,-0.010989010989007397,-0.004884004884004867
199058494860300,3.539374,back,-0.0040054932478827965,28.0,2.0,-0.0040054932478827965,-0.010989010989007397,-0.004884004884004867
199058495881500,3.5403952,back,-0.0040054932478827965,28.0,2.0,-0.0040054932478827965,-0.010989010989007397,-0.004884004884004867
199058496882700,3.5413964,back,-0.0040054932478827965,28.0,2.0,-0.0040054932478827965,-0.010989010989007397,-0.004884004884004867
199058497865600,3.5423793,back,-0.0040054932478827965,28.0,2.0,-0.0040054932478827965,-0.010989010989007397,-0.004884004884004867
199058498877600,3.5433913,back,-0.0040054932478827965,28.0,2.0,-0.0040054932478827965,-0.010989010989007397,-0.004884004884004867
199058499876700,3.5443904,back,-0.0040054932478827965,28.0,2.0,-0.0040054932478827965,-0.010989010989007397,-0.004884004884004867
199058500876800,3.5453905,back,-0.0040054932478827965,28.0,2.0,-0.0040054932478827965,-0.010989010989007397,-0.004884004884004867
199058501948300,3.546462,back,-0.0040054932478827965,28.0,2.0,-0.0040054932478827965,-0.010989010989007397,-0.004884004884004867
199058503377800,3.5478915,back,-0.0040054932478827965,28.0,2.0,-0.0040054932478827965,-0.010989010989007397,-0.004884004884004867
199058503971800,3.5484855,back,-0.0040054932478827965,28.0,2.0,-0.0040054932478827965,-0.010989010989007397,-0.004884004884004867
199058504979300,3.549493,back,-0.0040054932478827965,28.0,2.0,-0.0040054932478827965,-0.010989010989007397,-0.004884004884004867
199058505983700,3.5504974,back,-0.0040054932478827965,28.0,2.0,-0.0040054932478827965,-0.010989010989007397,-0.004884004884004867
199058506988600,3.5515023,back,-0.0040054932478827965,28.0,2.0,-0.0040054932478827965,-0.010989010989007397,-0.004884004884004867
199058508015900,3.5525296,back,-0.0040054932478827965,28.0,2.0,-0.0040054932478827965,-0.010989010989007397,-0.004884004884004867
199058508996100,3.5535098,back,-0.0040054932478827965,28.0,2.0,-0.0040054932478827965,-0.010989010989007397,-0.004884004884004867
199058509998500,3.5545122,back,-0.0040054932478827965,28.0,2.0,-0.0040054932478827965,-0.010989010989007397,-0.004884004884004867
199058511019900,3.5555336,back,-0.0040054932478827965,28.0,2.0,-0.0040054932478827965,-0.010989010989007397,-0.004884004884004867
199058512021600,3.5565353,back,-0.0040054932478827965,28.0,2.0,-0.0040054932478827965,-0.010989010989007397,-0.004884004884004867
199058513023400,3.5575371,back,-0.0040054932478827965,28.0,2.0,-0.0040054932478827965,-0.010989010989007397,-0.004884004884004867
199058514014800,3.5585285,back,-0.0040054932478827965,28.0,2.0,-0.0040054932478827965,-0.010989010989007397,-0.004884004884004867
199058515018800,3.5595325,back,-0.0040054932478827965,28.0,2.0,-0.0040054932478827965,-0.010989010989007397,-0.004884004884004867
199058516044600,3.5605583,back,-0.0040054932478827965,28.0,2.0,-0.0040054932478827965,-0.010989010989007397,-0.004884004884004867
199058517025800,3.5615395,back,-0.0040054932478827965,28.0,2.0,-0.0040054932478827965,-0.010989010989007397,-0.004884004884004867
199058518119600,3.5626333,back,-0.0040054932478827965,28.0,2.0,-0.0040054932478827965,-0.010989010989007397,-0.004884004884004867
199058518729600,3.5632433,back,-0.0040054932478827965,28.0,2.0,-0.0040054932478827965,-0.010989010989007397,-0.004884004884004867
199058519734700,3.5642484,back,-0.0040054932478827965,28.0,2.0,-0.0040054932478827965,-0.010989010989007397,-0.004884004884004867
199058520928100,3.5654418,back,-0.0040054932478827965,28.0,2.0,-0.0040054932478827965,-0.010989010989007397,-0.004884004884004867
199058521748900,3.5662626,back,-0.0040054932478827965,28.0,2.0,-0.0040054932478827965,-0.010989010989007397,-0.004884004884004867
199058523145500,3.5676592,back,-0.0040054932478827965,28.0,2.0,-0.0040054932478827965,-0.010989010989007397,-0.004884004884004867
199058523739800,3.5682535,back,-0.0040054932478827965,28.0,2.0,-0.0040054932478827965,-0.010989010989007397,-0.004884004884004867
199058524756100,3.5692698,back,-0.0040054932478827965,28.0,2.0,-0.0040054932478827965,-0.010989010989007397,-0.004884004884004867
199058525742700,3.5702564,back,-0.0040054932478827965,28.0,2.0,-0.0040054932478827965,-0.010989010989007397,-0.004884004884004867
199058526743000,3.5712567,back,-0.0040054932478827965,28.0,2.0,-0.0040054932478827965,-0.010989010989007397,-0.004884004884004867
199058527745600,3.5722593,back,-0.0040054932478827965,28.0,2.0,-0.0040054932478827965,-0.010989010989007397,-0.004884004884004867
199058528750900,3.5732646,back,-0.0040054932478827965,28.0,2.0,-0.0040054932478827965,-0.010989010989007397,-0.004884004884004867
199058529823900,3.5743376,back,-0.0040054932478827965,28.0,2.0,-0.0040054932478827965,-0.010989010989007397,-0.004884004884004867
199058530885300,3.575399,back,-0.0040054932478827965,28.0,2.0,-0.0040054932478827965,-0.010989010989007397,-0.004884004884004867
199058532331100,3.5768448,back,-0.0040054932478827965,28.0,2.0,-0.0040054932478827965,-0.010989010989007397,-0.004884004884004867
199058532938100,3.5774518,back,-0.0040054932478827965,28.0,2.0,-0.0040054932478827965,-0.010989010989007397,-0.004884004884004867
199058533948100,3.5784618,back,-0.0040054932478827965,28.0,2.0,-0.0040054932478827965,-0.010989010989007397,-0.004884004884004867
199058534947200,3.5794609,back,-0.0040054932478827965,28.0,2.0,-0.0040054932478827965,-0.010989010989007397,-0.004884004884004867
199058536116900,3.5806306,back,-0.0040054932478827965,28.0,2.0,-0.0040054932478827965,-0.010989010989007397,-0.004884004884004867
199058537340400,3.5818541,back,-0.0040054932478827965,28.0,2.0,-0.0040054932478827965,-0.010989010989007397,-0.004884004884004867
199058537942500,3.5824562,back,-0.0040054932478827965,28.0,2.0,-0.0040054932478827965,-0.010989010989007397,-0.004884004884004867
199058538950100,3.5834638,back,-0.0040054932478827965,28.0,2.0,-0.0040054932478827965,-0.010989010989007397,-0.004884004884004867
199058539957300,3.584471,back,-0.0040054932478827965,28.0,2.0,-0.0040054932478827965,-0.010989010989007397,-0.004884004884004867
199058540959000,3.5854727,back,-0.0040054932478827965,28.0,2.0,-0.0040054932478827965,-0.010989010989007397,-0.004884004884004867
199058542462800,3.5869765,back,-0.0040054932478827965,28.0,2.0,-0.0040054932478827965,-0.010989010989007397,-0.004884004884004867
199058543109900,3.5876236,back,-0.0040054932478827965,28.0,2.0,-0.0040054932478827965,-0.010989010989007397,-0.004884004884004867
199058543719100,3.5882328,back,-0.0040054932478827965,28.0,2.0,-0.0040054932478827965,-0.010989010989007397,-0.004884004884004867
199058544727600,3.5892413,back,-0.0040054932478827965,28.0,2.0,-0.0040054932478827965,-0.010989010989007397,-0.004884004884004867
199058545814600,3.5903283,back,-0.0040054932478827965,28.0,2.0,-0.0040054932478827965,-0.010989010989007397,-0.004884004884004867
199058546884700,3.5913984,back,-0.0040054932478827965,28.0,2.0,-0.0040054932478827965,-0.010989010989007397,-0.004884004884004867
199058547907300,3.592421,back,-0.0040054932478827965,28.0,2.0,-0.0040054932478827965,-0.010989010989007397,-0.004884004884004867
199058548890000,3.5934037,back,-0.0040054932478827965,28.0,2.0,-0.0040054932478827965,-0.010989010989007397,-0.004884004884004867
199058549897400,3.5944111,back,-0.0040054932478827965,28.0,2.0,-0.0040054932478827965,-0.010989010989007397,-0.004884004884004867
199058550900600,3.5954143,back,-0.0040054932478827965,28.0,2.0,-0.0040054932478827965,-0.010989010989007397,-0.004884004884004867
199058551904100,3.5964178,back,-0.0040054932478827965,28.0,2.0,-0.0040054932478827965,-0.010989010989007397,-0.004884004884004867
199058552908600,3.5974223,back,-0.0040054932478827965,28.0,2.0,-0.0040054932478827965,-0.010989010989007397,-0.004884004884004867
199058553912600,3.5984263,back,-0.0040054932478827965,28.0,2.0,-0.0040054932478827965,-0.010989010989007397,-0.004884004884004867
199058554918900,3.5994326,back,-0.0040054932478827965,28.0,2.0,-0.0040054932478827965,-0.010989010989007397,-0.004884004884004867
199058555945100,3.6004588,back,-0.0040054932478827965,28.0,2.0,-0.0040054932478827965,-0.010989010989007397,-0.004884004884004867
199058556949800,3.6014635,back,-0.0040054932478827965,28.0,2.0,-0.0040054932478827965,-0.010989010989007397,-0.004884004884004867
199058557935500,3.6024492,back,-0.0040054932478827965,28.0,2.0,-0.0040054932478827965,-0.010989010989007397,-0.004884004884004867
199058558956900,3.6034706,back,-0.0040054932478827965,28.0,2.0,-0.0040054932478827965,-0.010989010989007397,-0.004884004884004867
199058560003000,3.6045167,back,-0.0040054932478827965,28.0,2.0,-0.0040054932478827965,-0.010989010989007397,-0.004884004884004867
199058561068600,3.6055823,back,-0.0040054932478827965,28.0,2.0,-0.0040054932478827965,-0.010989010989007397,-0.004884004884004867
199058561651300,3.606165,back,-0.0040054932478827965,28.0,2.0,-0.0040054932478827965,-0.010989010989007397,-0.004884004884004867
199058562654000,3.6071677,back,-0.0040054932478827965,28.0,2.0,-0.0040054932478827965,-0.010989010989007397,-0.004884004884004867
199058563741300,3.608255,back,-0.0040054932478827965,28.0,2.0,-0.0040054932478827965,-0.010989010989007397,-0.004884004884004867
199058564816300,3.60933,back,-0.0040054932478827965,28.0,2.0,-0.0040054932478827965,-0.010989010989007397,-0.004884004884004867
199058565897400,3.6104111,back,-0.0040054932478827965,28.0,2.0,-0.0040054932478827965,-0.010989010989007397,-0.004884004884004867
199058567070800,3.6115845,back,-0.0040054932478827965,28.0,2.0,-0.0040054932478827965,-0.010989010989007397,-0.004884004884004867
199058568456500,3.6129702,back,-0.0040054932478827965,28.0,2.0,-0.0040054932478827965,-0.010989010989007397,-0.004884004884004867
199058569086100,3.6135998,back,-0.0040054932478827965,28.0,2.0,-0.0040054932478827965,-0.010989010989007397,-0.004884004884004867
199058570091100,3.6146048,back,-0.0040054932478827965,28.0,2.0,-0.0040054932478827965,-0.010989010989007397,-0.004884004884004867
199058571096600,3.6156103,back,-0.0040054932478827965,28.0,2.0,-0.0040054932478827965,-0.010989010989007397,-0.004884004884004867
199058572101300,3.616615,back,-0.0040054932478827965,28.0,2.0,-0.0040054932478827965,-0.010989010989007397,-0.004884004884004867
199058573209300,3.617723,back,-0.0040054932478827965,28.0,2.0,-0.0040054932478827965,-0.010989010989007397,-0.004884004884004867
199058573842500,3.6183562,back,-0.0040054932478827965,28.0,2.0,-0.0040054932478827965,-0.010989010989007397,-0.004884004884004867
199058574844700,3.6193584,back,-0.0040054932478827965,28.0,2.0,-0.0040054932478827965,-0.010989010989007397,-0.004884004884004867
199058575961800,3.6204755,back,-0.0040054932478827965,28.0,2.0,-0.0040054932478827965,-0.010989010989007397,-0.004884004884004867
199058577029200,3.6215429,back,-0.0040054932478827965,28.0,2.0,-0.0040054932478827965,-0.010989010989007397,-0.004884004884004867
199058578132100,3.6226458,back,-0.0040054932478827965,28.0,2.0,-0.0040054932478827965,-0.010989010989007397,-0.004884004884004867
199058578742900,3.6232566,back,-0.0040054932478827965,28.0,2.0,-0.0040054932478827965,-0.010989010989007397,-0.004884004884004867
199058579747600,3.6242613,back,-0.0040054932478827965,28.0,2.0,-0.0040054932478827965,-0.010989010989007397,-0.004884004884004867
199058580843500,3.6253572,back,-0.0040054932478827965,28.0,2.0,-0.0040054932478827965,-0.010989010989007397,-0.004884004884004867
199058581947100,3.6264608,back,-0.0040054932478827965,28.0,2.0,-0.0040054932478827965,-0.010989010989007397,-0.004884004884004867
199058583272100,3.6277858,back,-0.0040054932478827965,28.0,2.0,-0.0040054932478827965,-0.010989010989007397,-0.004884004884004867
199058583905600,3.6284193,back,-0.0040054932478827965,28.0,2.0,-0.004386968795300206,-0.0329670329670364,-0.0146520146520146
199058584908800,3.6294225,back,-0.0040054932478827965,28.0,2.0,-0.0040054932478827965,-0.010989010989007397,-0.0146520146520146
199058585936000,3.6304497,back,-0.0040054932478827965,28.0,2.0,-0.0040054932478827965,-0.010989010989007397,-0.0146520146520146
199058586920000,3.6314337,back,-0.0040054932478827965,28.0,2.0,-0.0040054932478827965,-0.010989010989007397,-0.0146520146520146
199058588041800,3.6325555,back,-0.0040054932478827965,28.0,2.0,-0.0040054932478827965,-0.010989010989007397,-0.0146520146520146
199058590553600,3.6350673,back,-0.0040054932478827965,28.0,2.0,-0.0040054932478827965,-0.010989010989007397,-0.0146520146520146
199058590771700,3.6352854,back,-0.0040054932478827965,28.0,2.0,-0.0040054932478827965,-0.010989010989007397,-0.0146520146520146
199058590884400,3.6353981,back,-0.0040054932478827965,28.0,2.0,-0.0040054932478827965,-0.010989010989007397,-0.0146520146520146
199058591984800,3.6364985,back,-0.0040054932478827965,28.0,2.0,-0.0040054932478827965,-0.010989010989007397,-0.0146520146520146
199058592990900,3.6375046,back,-0.0040054932478827965,28.0,2.0,-0.0040054932478827965,-0.010989010989007397,-0.0146520146520146
199058594117600,3.6386313,back,-0.0040054932478827965,28.0,2.0,-0.0040054932478827965,-0.010989010989007397,-0.0146520146520146
199058594728400,3.6392421,back,-0.0040054932478827965,28.0,2.0,-0.0040054932478827965,-0.010989010989007397,-0.0146520146520146
199058595731300,3.640245,back,-0.0040054932478827965,28.0,2.0,-0.0040054932478827965,-0.010989010989007397,-0.0146520146520146
199058596791300,3.641305,back,-0.0040054932478827965,28.0,2.0,-0.0040054932478827965,-0.010989010989007397,-0.0146520146520146
199058597864700,3.6423784,back,-0.0040054932478827965,28.0,2.0,-0.0040054932478827965,-0.010989010989007397,-0.0146520146520146
199058599037000,3.6435507,back,-0.0040054932478827965,28.0,2.0,-0.0040054932478827965,-0.010989010989007397,-0.0146520146520146
199058600314600,3.6448283,back,-0.0040054932478827965,28.0,2.0,-0.0040054932478827965,-0.010989010989007397,-0.0146520146520146
199058600924300,3.645438,back,-0.0040054932478827965,28.0,2.0,-0.0040054932478827965,-0.010989010989007397,-0.0146520146520146
199058601930000,3.6464437,back,-0.0040054932478827965,28.0,2.0,-0.0040054932478827965,-0.010989010989007397,-0.0146520146520146
199058603012900,3.6475266,back,-0.0040054932478827965,28.0,2.0,-0.0040054932478827965,-0.010989010989007397,-0.0146520146520146
199058604180500,3.6486942,back,-0.0040054932478827965,28.0,2.0,-0.0040054932478827965,-0.010989010989007397,-0.0146520146520146
199058604922000,3.6494357,back,-0.0040054932478827965,28.0,2.0,-0.0040054932478827965,-0.010989010989007397,-0.0146520146520146
199058605925900,3.6504396,back,-0.0040054932478827965,28.0,2.0,-0.0040054932478827965,-0.010989010989007397,-0.0146520146520146
199058607009800,3.6515235,back,-0.0040054932478827965,28.0,2.0,-0.0040054932478827965,-0.010989010989007397,-0.0146520146520146
199058608130700,3.6526444,back,-0.0040054932478827965,28.0,2.0,-0.0040054932478827965,-0.010989010989007397,-0.0146520146520146
199058608738700,3.6532524,back,-0.0040054932478827965,28.0,2.0,-0.0040054932478827965,-0.010989010989007397,-0.0146520146520146
199058609739600,3.6542533,back,-0.0040054932478827965,28.0,2.0,-0.0040054932478827965,-0.010989010989007397,-0.0146520146520146
199058610796300,3.65531,back,-0.0040054932478827965,28.0,2.0,-0.0040054932478827965,-0.010989010989007397,-0.0146520146520146
199058611867300,3.656381,back,-0.0040054932478827965,28.0,2.0,-0.0040054932478827965,-0.010989010989007397,-0.0146520146520146
199058612965900,3.6574796,back,-0.0040054932478827965,28.0,2.0,-0.0040054932478827965,-0.010989010989007397,-0.0146520146520146
199058614032100,3.6585458,back,-0.0040054932478827965,28.0,2.0,-0.0040054932478827965,-0.010989010989007397,-0.0146520146520146
199058615239800,3.6597535,back,-0.0040054932478827965,28.0,2.0,-0.0040054932478827965,-0.010989010989007397,-0.0146520146520146
199058615861700,3.6603754,back,-0.0040054932478827965,28.0,2.0,-0.0040054932478827965,-0.010989010989007397,-0.0146520146520146
199058616863000,3.6613767,back,-0.0040054932478827965,28.0,2.0,-0.0040054932478827965,-0.010989010989007397,-0.0146520146520146
199058618013800,3.6625275,back,-0.0040054932478827965,28.0,2.0,-0.0040054932478827965,-0.010989010989007397,-0.0146520146520146
199058619022500,3.6635362,back,-0.0040054932478827965,28.0,2.0,-0.0040054932478827965,-0.010989010989007397,-0.0146520146520146
199058620024600,3.6645383,back,-0.0040054932478827965,28.0,2.0,-0.0040054932478827965,-0.010989010989007397,-0.0146520146520146
199058621056700,3.6655704,back,-0.0040054932478827965,28.0,2.0,-0.0040054932478827965,-0.010989010989007397,-0.0146520146520146
199058622186200,3.6666999,back,-0.0040054932478827965,28.0,2.0,-0.0040054932478827965,-0.010989010989007397,-0.0146520146520146
199058622827800,3.6673415,back,-0.0040054932478827965,28.0,2.0,-0.0040054932478827965,-0.010989010989007397,-0.0146520146520146
199058623833700,3.6683474,back,-0.0040054932478827965,28.0,2.0,-0.0040054932478827965,-0.010989010989007397,-0.0146520146520146
199058624887400,3.6694011,back,-0.0040054932478827965,28.0,2.0,-0.0040054932478827965,-0.010989010989007397,-0.0146520146520146
199058625892200,3.6704059,back,-0.0040054932478827965,28.0,2.0,-0.0040054932478827965,-0.010989010989007397,-0.0146520146520146
199058626896000,3.6714097,back,-0.0040054932478827965,28.0,2.0,-0.0040054932478827965,-0.010989010989007397,-0.0146520146520146
199058627959700,3.6724734,back,-0.0040054932478827965,28.0,2.0,-0.0040054932478827965,-0.010989010989007397,-0.0146520146520146
199058629091800,3.6736055,back,-0.0040054932478827965,28.0,2.0,-0.0040054932478827965,-0.010989010989007397,-0.0146520146520146
199058630238300,3.674752,back,-0.0040054932478827965,28.0,2.0,-0.0040054932478827965,-0.010989010989007397,-0.0146520146520146
199058630967200,3.6754809,back,-0.0040054932478827965,28.0,2.0,-0.0040054932478827965,-0.010989010989007397,-0.0146520146520146
199058631847000,3.6763607,back,-0.0040054932478827965,28.0,2.0,-0.0040054932478827965,-0.010989010989007397,-0.0146520146520146
199058632849900,3.6773636,back,-0.0040054932478827965,28.0,2.0,-0.0040054932478827965,-0.010989010989007397,-0.0146520146520146
199058633934000,3.6784477,back,-0.0040054932478827965,28.0,2.0,-0.0040054932478827965,-0.010989010989007397,-0.0146520146520146
199058634862100,3.6793758,back,-0.0040054932478827965,28.0,2.0,-0.0040054932478827965,-0.010989010989007397,-0.0146520146520146
199058635893400,3.6804071,back,-0.0040054932478827965,28.0,2.0,-0.0040054932478827965,-0.010989010989007397,-0.0146520146520146
199058636873600,3.6813873,back,-0.0040054932478827965,28.0,2.0,-0.0040054932478827965,-0.010989010989007397,-0.0146520146520146
199058637905800,3.6824195,back,-0.0040054932478827965,28.0,2.0,-0.0040054932478827965,-0.010989010989007397,-0.0146520146520146
199058638906700,3.6834204,back,-0.0040054932478827965,28.0,2.0,-0.0040054932478827965,-0.010989010989007397,-0.0146520146520146
199058639890500,3.6844042,back,-0.0040054932478827965,28.0,2.0,-0.0040054932478827965,-0.010989010989007397,-0.0146520146520146
199058640960500,3.6854742,back,-0.0040054932478827965,28.0,2.0,-0.0040054932478827965,-0.010989010989007397,-0.0146520146520146
199058641984200,3.6864979,back,-0.0040054932478827965,28.0,2.0,-0.0040054932478827965,-0.010989010989007397,-0.0146520146520146
199058642983800,3.6874975,back,-0.0040054932478827965,28.0,2.0,-0.0040054932478827965,-0.010989010989007397,-0.0146520146520146
199058643972700,3.6884864,back,-0.0040054932478827965,28.0,2.0,-0.0040054932478827965,-0.010989010989007397,-0.0146520146520146
199058644969200,3.6894829,back,-0.0040054932478827965,28.0,2.0,-0.0040054932478827965,-0.010989010989007397,-0.0146520146520146
199058646062200,3.6905759,back,-0.0040054932478827965,28.0,2.0,-0.0040054932478827965,-0.010989010989007397,-0.0146520146520146
199058646978100,3.6914918,back,-0.0040054932478827965,28.0,2.0,-0.0040054932478827965,-0.010989010989007397,-0.0146520146520146
199058648024300,3.692538,back,-0.0040054932478827965,28.0,2.0,-0.0040054932478827965,-0.010989010989007397,-0.0146520146520146
199058649136100,3.6936498,back,-0.0040054932478827965,28.0,2.0,-0.0040054932478827965,-0.010989010989007397,-0.0146520146520146
199058649742400,3.6942561,back,-0.0040054932478827965,28.0,2.0,-0.0040054932478827965,-0.010989010989007397,-0.0146520146520146
199058650752500,3.6952662,back,-0.0040054932478827965,28.0,2.0,-0.0040054932478827965,-0.010989010989007397,-0.0146520146520146
199058651754700,3.6962684,back,-0.0040054932478827965,28.0,2.0,-0.0040054932478827965,-0.010989010989007397,-0.0146520146520146
199058652757600,3.6972713,back,-0.0040054932478827965,28.0,2.0,-0.0040054932478827965,-0.010989010989007397,-0.0146520146520146
199058653786200,3.6982999,back,-0.0040054932478827965,28.0,2.0,-0.0040054932478827965,-0.010989010989007397,-0.0146520146520146
199058654772500,3.6992862,back,-0.0040054932478827965,28.0,2.0,-0.0040054932478827965,-0.010989010989007397,-0.0146520146520146
199058655798100,3.7003118,back,-0.0040054932478827965,28.0,2.0,-0.0040054932478827965,-0.010989010989007397,-0.0146520146520146
199058656783700,3.7012974,back,-0.0040054932478827965,28.0,2.0,-0.0040054932478827965,-0.010989010989007397,-0.0146520146520146
199058657788100,3.7023018,back,-0.0040054932478827965,28.0,2.0,-0.0040054932478827965,-0.010989010989007397,-0.0146520146520146
199058658798900,3.7033126,back,-0.0040054932478827965,28.0,2.0,-0.0040054932478827965,-0.010989010989007397,-0.0146520146520146
199058659902100,3.7044158,back,-0.0040054932478827965,28.0,2.0,-0.0040054932478827965,-0.010989010989007397,-0.0146520146520146
199058660904800,3.7054185,back,-0.0040054932478827965,28.0,2.0,-0.0040054932478827965,-0.010989010989007397,-0.0146520146520146
199058662116000,3.7066297,back,-0.0040054932478827965,28.0,2.0,-0.0040054932478827965,-0.010989010989007397,-0.0146520146520146
199058663306900,3.7078206,back,-0.0040054932478827965,28.0,2.0,-0.0040054932478827965,-0.010989010989007397,-0.0146520146520146
199058663918000,3.7084317,back,-0.0040054932478827965,28.0,2.0,-0.0040054932478827965,-0.010989010989007397,-0.0146520146520146
199058664920000,3.7094337,back,-0.0040054932478827965,28.0,2.0,-0.0040054932478827965,-0.010989010989007397,-0.0146520146520146
199058665995200,3.7105089,back,-0.0040054932478827965,28.0,2.0,-0.0040054932478827965,-0.010989010989007397,-0.0146520146520146
199058667074500,3.7115882,back,-0.0040054932478827965,28.0,2.0,-0.0040054932478827965,-0.010989010989007397,-0.0146520146520146
199058668168300,3.712682,back,-0.0040054932478827965,28.0,2.0,-0.0040054932478827965,-0.010989010989007397,-0.0146520146520146
199058668813000,3.7133267,back,-0.0040054932478827965,28.0,2.0,-0.0040054932478827965,-0.010989010989007397,-0.0146520146520146
199058669820300,3.714334,back,-0.0040054932478827965,28.0,2.0,-0.0040054932478827965,-0.010989010989007397,-0.0146520146520146
199058670876500,3.7153902,back,-0.0040054932478827965,28.0,2.0,-0.0040054932478827965,-0.010989010989007397,-0.0146520146520146
199058671996700,3.7165104,back,-0.0040054932478827965,28.0,2.0,-0.0040054932478827965,-0.010989010989007397,-0.0146520146520146
199058673085800,3.7175995,back,-0.0040054932478827965,28.0,2.0,-0.0040054932478827965,-0.010989010989007397,-0.0146520146520146
199058673645200,3.7181589,back,-0.0040054932478827965,28.0,2.0,-0.0040054932478827965,-0.010989010989007397,-0.0146520146520146
199058674648200,3.7191619,back,-0.0040054932478827965,28.0,2.0,-0.0040054932478827965,-0.010989010989007397,-0.0146520146520146
199058675686200,3.7201999,back,-0.0040054932478827965,28.0,2.0,-0.0040054932478827965,-0.010989010989007397,-0.0146520146520146
199058676729200,3.7212429,back,-0.0040054932478827965,28.0,2.0,-0.0040054932478827965,-0.010989010989007397,-0.0146520146520146
199058677883500,3.7223972,back,-0.0040054932478827965,28.0,2.0,-0.0040054932478827965,-0.010989010989007397,-0.0146520146520146
199058679033800,3.7235475,back,-0.0040054932478827965,28.0,2.0,-0.0040054932478827965,-0.010989010989007397,-0.0146520146520146
199058680015200,3.7245289,back,-0.0040054932478827965,28.0,2.0,-0.0040054932478827965,-0.010989010989007397,-0.0146520146520146
199058681059100,3.7255728,back,-0.0040054932478827965,28.0,2.0,-0.0040054932478827965,-0.010989010989007397,-0.0146520146520146
199058682154600,3.7266683,back,-0.0040054932478827965,28.0,2.0,-0.0040054932478827965,-0.010989010989007397,-0.0146520146520146
199058682767400,3.7272811,back,-0.0040054932478827965,28.0,2.0,-0.0040054932478827965,-0.010989010989007397,-0.0146520146520146
199058683748400,3.7282621,back,-0.0040054932478827965,28.0,2.0,-0.0040054932478827965,-0.010989010989007397,-0.0146520146520146
199058684755100,3.7292688,back,-0.0040054932478827965,28.0,2.0,-0.0040054932478827965,-0.010989010989007397,-0.0146520146520146
199058685761700,3.7302754,back,-0.0040054932478827965,28.0,2.0,-0.0040054932478827965,-0.010989010989007397,-0.0146520146520146
199058686785600,3.7312993,back,-0.0040054932478827965,28.0,2.0,-0.0040054932478827965,-0.010989010989007397,-0.0146520146520146
199058687896600,3.7324103,back,-0.0040054932478827965,28.0,2.0,-0.0040054932478827965,-0.010989010989007397,-0.0146520146520146
199058688905100,3.7334188,back,-0.0040054932478827965,28.0,2.0,-0.0040054932478827965,-0.010989010989007397,-0.0146520146520146
199058689909600,3.7344233,back,-0.0040054932478827965,28.0,2.0,-0.0040054932478827965,-0.010989010989007397,-0.0146520146520146
199058690983900,3.7354976,back,-0.0040054932478827965,28.0,2.0,-0.0040054932478827965,-0.010989010989007397,-0.0146520146520146
199058692070900,3.7365846,back,-0.0040054932478827965,28.0,2.0,-0.0040054932478827965,-0.010989010989007397,-0.0146520146520146
199058692575900,3.7370896,back,-0.0040054932478827965,28.0,2.0,-0.0040054932478827965,-0.010989010989007397,-0.0146520146520146
199058693834700,3.7383484,back,-0.0040054932478827965,28.0,2.0,-0.0040054932478827965,-0.010989010989007397,-0.0146520146520146
199058694703000,3.7392167,back,-0.0040054932478827965,28.0,2.0,-0.0040054932478827965,-0.010989010989007397,-0.004884004884004867
199058695708800,3.7402225,back,-0.0040054932478827965,28.0,2.0,-0.0040054932478827965,-0.010989010989007397,-0.004884004884004867
199058696711900,3.7412256,back,-0.0040054932478827965,28.0,2.0,-0.0040054932478827965,-0.010989010989007397,-0.004884004884004867
199058697718600,3.7422323,back,-0.0040054932478827965,28.0,2.0,-0.0040054932478827965,-0.010989010989007397,-0.004884004884004867
199058698724500,3.7432382,back,-0.0040054932478827965,28.0,2.0,-0.0040054932478827965,-0.010989010989007397,-0.004884004884004867
199058699732600,3.7442463,back,-0.0040054932478827965,28.0,2.0,-0.0040054932478827965,-0.010989010989007397,-0.004884004884004867
199058700749300,3.745263,back,-0.0040054932478827965,28.0,2.0,-0.0040054932478827965,-0.010989010989007397,-0.004884004884004867
199058701960500,3.7464742,back,-0.0040054932478827965,28.0,2.0,-0.0040054932478827965,-0.010989010989007397,-0.004884004884004867
199058702961600,3.7474753,back,-0.0040054932478827965,28.0,2.0,-0.0040054932478827965,-0.010989010989007397,-0.004884004884004867
199058704127900,3.7486416,back,-0.0040054932478827965,28.0,2.0,-0.0040054932478827965,-0.010989010989007397,-0.004884004884004867
199058706138300,3.750652,back,-0.0040054932478827965,28.0,2.0,-0.0040054932478827965,-0.010989010989007397,-0.004884004884004867
199058706993400,3.7515071,back,-0.0040054932478827965,28.0,2.0,-0.0040054932478827965,-0.010989010989007397,-0.004884004884004867
199058707059000,3.7515727,back,-0.0040054932478827965,28.0,2.0,-0.0040054932478827965,-0.010989010989007397,-0.004884004884004867
199058708054100,3.7525678,back,-0.0040054932478827965,28.0,2.0,-0.0040054932478827965,-0.010989010989007397,-0.004884004884004867
199058709367400,3.7538811,back,-0.0040054932478827965,28.0,2.0,-0.0040054932478827965,-0.010989010989007397,-0.004884004884004867
199058710558600,3.7550723,back,-0.0040054932478827965,28.0,2.0,-0.0040054932478827965,-0.010989010989007397,-0.004884004884004867
199058710622700,3.7551364,back,-0.0040054932478827965,28.0,2.0,-0.0040054932478827965,-0.010989010989007397,-0.004884004884004867
199058711560100,3.7560738,back,-0.0040054932478827965,28.0,2.0,-0.0040054932478827965,-0.010989010989007397,-0.004884004884004867
199058713150100,3.7576638,back,-0.0040054932478827965,28.0,2.0,-0.0040054932478827965,-0.010989010989007397,-0.004884004884004867
199058713737700,3.7582514,back,-0.0040054932478827965,28.0,2.0,-0.0040054932478827965,-0.010989010989007397,-0.004884004884004867
199058714743600,3.7592573,back,-0.0040054932478827965,28.0,2.0,-0.0040054932478827965,-0.010989010989007397,-0.004884004884004867
199058715764700,3.7602784,back,-0.0040054932478827965,28.0,2.0,-0.0040054932478827965,-0.010989010989007397,-0.004884004884004867
199058716874100,3.7613878,back,-0.0040054932478827965,28.0,2.0,-0.0040054932478827965,-0.010989010989007397,-0.004884004884004867
199058717942100,3.7624558,back,-0.0040054932478827965,28.0,2.0,-0.0040054932478827965,-0.010989010989007397,-0.004884004884004867
199058719023400,3.7635371,back,-0.0040054932478827965,28.0,2.0,-0.0040054932478827965,-0.010989010989007397,-0.004884004884004867
199058720025000,3.7645387,back,-0.0040054932478827965,28.0,2.0,-0.0040054932478827965,-0.010989010989007397,-0.004884004884004867
199058721026700,3.7655404,back,-0.0040054932478827965,28.0,2.0,-0.0040054932478827965,-0.010989010989007397,-0.004884004884004867
199058722116100,3.7666298,back,-0.0040054932478827965,28.0,2.0,-0.0040054932478827965,-0.010989010989007397,-0.004884004884004867
199058722725700,3.7672394,back,-0.0040054932478827965,28.0,2.0,-0.0040054932478827965,-0.010989010989007397,-0.004884004884004867
199058723734200,3.7682479,back,-0.0040054932478827965,28.0,2.0,-0.0040054932478827965,-0.010989010989007397,-0.004884004884004867
199058725039900,3.7695536,back,-0.0040054932478827965,28.0,2.0,-0.0040054932478827965,-0.010989010989007397,-0.004884004884004867
199058725842000,3.7703557,back,-0.0040054932478827965,28.0,2.0,-0.0040054932478827965,-0.010989010989007397,-0.004884004884004867
199058726845300,3.771359,back,-0.0040054932478827965,28.0,2.0,-0.0040054932478827965,-0.010989010989007397,-0.004884004884004867
199058727922500,3.7724362,back,-0.0040054932478827965,28.0,2.0,-0.0040054932478827965,-0.010989010989007397,-0.004884004884004867
199058728993600,3.7735073,back,-0.0040054932478827965,28.0,2.0,-0.0040054932478827965,-0.010989010989007397,-0.004884004884004867
199058729991400,3.7745051,back,-0.0040054932478827965,28.0,2.0,-0.0040054932478827965,-0.010989010989007397,-0.004884004884004867
199058730991500,3.7755052,back,-0.0040054932478827965,28.0,2.0,-0.0040054932478827965,-0.010989010989007397,-0.004884004884004867
199058731996600,3.7765103,back,-0.0040054932478827965,28.0,2.0,-0.0040054932478827965,-0.010989010989007397,-0.004884004884004867
199058733024300,3.777538,back,-0.0040054932478827965,28.0,2.0,-0.0040054932478827965,-0.010989010989007397,-0.004884004884004867
199058734005700,3.7785194,back,-0.0040054932478827965,28.0,2.0,-0.0040054932478827965,-0.010989010989007397,-0.004884004884004867
199058735006500,3.7795202,back,-0.0040054932478827965,28.0,2.0,-0.0040054932478827965,-0.010989010989007397,-0.004884004884004867
199058736060900,3.7805746,back,-0.0040054932478827965,28.0,2.0,-0.0040054932478827965,-0.010989010989007397,-0.004884004884004867
199058737167300,3.781681,back,-0.0040054932478827965,28.0,2.0,-0.0040054932478827965,-0.010989010989007397,-0.004884004884004867
199058737776800,3.7822905,back,-0.0040054932478827965,28.0,2.0,-0.0040054932478827965,-0.010989010989007397,-0.004884004884004867
199058738781700,3.7832954,back,-0.0040054932478827965,28.0,2.0,-0.0040054932478827965,-0.010989010989007397,-0.004884004884004867
199058739789500,3.7843032,back,-0.0040054932478827965,28.0,2.0,-0.0040054932478827965,-0.010989010989007397,-0.004884004884004867
199058741042300,3.785556,back,-0.0040054932478827965,28.0,2.0,-0.0040054932478827965,-0.010989010989007397,-0.004884004884004867
199058741801800,3.7863155,back,-0.0040054932478827965,28.0,2.0,-0.0040054932478827965,-0.010989010989007397,-0.004884004884004867
199058742799600,3.7873133,back,-0.0040054932478827965,28.0,2.0,-0.0040054932478827965,-0.010989010989007397,-0.004884004884004867
199058743892400,3.7884061,back,-0.0040054932478827965,28.0,2.0,-0.0040054932478827965,-0.010989010989007397,-0.004884004884004867
199058744939200,3.7894529,back,-0.0040054932478827965,28.0,2.0,-0.0040054932478827965,-0.010989010989007397,-0.004884004884004867
199058746014600,3.7905283,back,-0.0040054932478827965,28.0,2.0,-0.0040054932478827965,-0.010989010989007397,-0.004884004884004867
199058747104600,3.7916183,back,-0.0040054932478827965,28.0,2.0,-0.0040054932478827965,-0.010989010989007397,-0.004884004884004867
199058747727700,3.7922414,back,-0.0040054932478827965,28.0,2.0,-0.0040054932478827965,-0.010989010989007397,-0.004884004884004867
199058748750700,3.7932644,back,-0.0040054932478827965,28.0,2.0,-0.0040054932478827965,-0.010989010989007397,-0.004884004884004867
199058749737200,3.7942509,back,-0.0040054932478827965,28.0,2.0,-0.0040054932478827965,-0.010989010989007397,-0.004884004884004867
199058750765500,3.7952792,back,-0.0040054932478827965,28.0,2.0,-0.0040054932478827965,-0.010989010989007397,-0.004884004884004867
199058751764300,3.796278,back,-0.0040054932478827965,28.0,2.0,-0.0040054932478827965,-0.010989010989007397,-0.004884004884004867
199058752748600,3.7972623,back,-0.0040054932478827965,28.0,2.0,-0.0040054932478827965,-0.010989010989007397,-0.004884004884004867
199058753818100,3.7983318,back,-0.0040054932478827965,28.0,2.0,-0.0040054932478827965,-0.010989010989007397,-0.004884004884004867
199058754823200,3.7993369,back,-0.0040054932478827965,28.0,2.0,-0.0040054932478827965,-0.010989010989007397,-0.004884004884004867
199058755830900,3.8003446,back,-0.0040054932478827965,28.0,2.0,-0.0040054932478827965,-0.010989010989007397,-0.004884004884004867
199058756832800,3.8013465,back,-0.0040054932478827965,28.0,2.0,-0.0040054932478827965,-0.010989010989007397,-0.004884004884004867
199058757835900,3.8023496,back,-0.0040054932478827965,28.0,2.0,-0.0040054932478827965,-0.010989010989007397,-0.004884004884004867
199058759002000,3.8035157,back,-0.0040054932478827965,28.0,2.0,-0.0040054932478827965,-0.010989010989007397,-0.004884004884004867
199058760007500,3.8045212,back,-0.0040054932478827965,28.0,2.0,-0.0040054932478827965,-0.010989010989007397,-0.004884004884004867
199058761006500,3.8055202,back,-0.0040054932478827965,28.0,2.0,-0.0040054932478827965,-0.010989010989007397,-0.004884004884004867
199058762008500,3.8065222,back,-0.0040054932478827965,28.0,2.0,-0.0040054932478827965,-0.010989010989007397,-0.004884004884004867
199058763011300,3.807525,back,-0.0040054932478827965,28.0,2.0,-0.0040054932478827965,-0.010989010989007397,-0.004884004884004867
199058764021900,3.8085356,back,-0.0040054932478827965,28.0,2.0,-0.0040054932478827965,-0.010989010989007397,-0.004884004884004867
199058765021000,3.8095347,back,-0.0040054932478827965,28.0,2.0,-0.0040054932478827965,-0.010989010989007397,-0.004884004884004867
199058766024800,3.8105385,back,-0.0040054932478827965,28.0,2.0,-0.0040054932478827965,-0.010989010989007397,-0.004884004884004867
199058767081900,3.8115956,back,-0.0040054932478827965,28.0,2.0,-0.0040054932478827965,-0.010989010989007397,-0.004884004884004867
199058767652700,3.8121664,back,-0.0040054932478827965,28.0,2.0,-0.0040054932478827965,-0.010989010989007397,-0.004884004884004867
199058768674800,3.8131885,back,-0.0040054932478827965,28.0,2.0,-0.0040054932478827965,-0.010989010989007397,-0.004884004884004867
199058769734600,3.8142483,back,-0.0040054932478827965,28.0,2.0,-0.0040054932478827965,-0.010989010989007397,-0.004884004884004867
199058770850900,3.8153646,back,-0.0040054932478827965,28.0,2.0,-0.0040054932478827965,-0.010989010989007397,-0.004884004884004867
199058772081900,3.8165956,back,-0.0040054932478827965,28.0,2.0,-0.0040054932478827965,-0.010989010989007397,-0.004884004884004867
199058772933100,3.8174468,back,-0.0040054932478827965,28.0,2.0,-0.0040054932478827965,-0.010989010989007397,-0.004884004884004867
199058773948800,3.8184625,back,-0.0040054932478827965,28.0,2.0,-0.0040054932478827965,-0.010989010989007397,-0.004884004884004867
199058774991600,3.8195053,back,-0.0040054932478827965,28.0,2.0,-0.0040054932478827965,-0.010989010989007397,-0.004884004884004867
199058776073100,3.8205868,back,-0.0040054932478827965,28.0,2.0,-0.0040054932478827965,-0.010989010989007397,-0.004884004884004867
199058776573400,3.8210871,back,-0.0040054932478827965,28.0,2.0,-0.0040054932478827965,-0.010989010989007397,-0.004884004884004867
199058777574100,3.8220878,back,-0.0040054932478827965,28.0,2.0,-0.0040054932478827965,-0.010989010989007397,-0.004884004884004867
199058778686200,3.8231999,back,-0.0040054932478827965,28.0,2.0,-0.0040054932478827965,-0.010989010989007397,-0.004884004884004867
199058779715400,3.8242291,back,-0.0040054932478827965,28.0,2.0,-0.0040054932478827965,-0.010989010989007397,-0.004884004884004867
199058780714300,3.825228,back,-0.0040054932478827965,28.0,2.0,-0.0040054932478827965,-0.010989010989007397,-0.004884004884004867
199058781757700,3.8262714,back,-0.0040054932478827965,28.0,2.0,-0.0040054932478827965,-0.010989010989007397,-0.004884004884004867
199058782818600,3.8273323,back,-0.0040054932478827965,28.0,2.0,-0.0040054932478827965,-0.010989010989007397,-0.004884004884004867
199058783894000,3.8284077,back,-0.0040054932478827965,28.0,2.0,-0.0040054932478827965,-0.010989010989007397,-0.004884004884004867
199058784936700,3.8294504,back,-0.0040054932478827965,28.0,2.0,-0.0040054932478827965,-0.010989010989007397,-0.004884004884004867
199058786007700,3.8305214,back,-0.0040054932478827965,28.0,2.0,-0.0040054932478827965,-0.010989010989007397,-0.004884004884004867
199058787284500,3.8317982,back,-0.0040054932478827965,28.0,2.0,-0.0040054932478827965,-0.010989010989007397,-0.004884004884004867
199058788084800,3.8325985,back,-0.0040054932478827965,28.0,2.0,-0.0040054932478827965,-0.010989010989007397,-0.004884004884004867
199058789099200,3.8336129,back,-0.0040054932478827965,28.0,2.0,-0.0040054932478827965,-0.010989010989007397,-0.004884004884004867
199058790230400,3.8347441,back,-0.0040054932478827965,28.0,2.0,-0.0040054932478827965,-0.010989010989007397,-0.004884004884004867
199058790852100,3.8353658,back,-0.0040054932478827965,28.0,2.0,-0.0040054932478827965,-0.010989010989007397,-0.004884004884004867
199058791859200,3.8363729,back,-0.0040054932478827965,28.0,2.0,-0.0040054932478827965,-0.010989010989007397,-0.004884004884004867
199058792864800,3.8373785,back,-0.0040054932478827965,28.0,2.0,-0.0040054932478827965,-0.010989010989007397,-0.004884004884004867
199058793869900,3.8383836,back,-0.0040054932478827965,28.0,2.0,-0.0040054932478827965,-0.010989010989007397,-0.004884004884004867
199058794879300,3.839393,back,-0.0040054932478827965,28.0,2.0,-0.0040054932478827965,-0.010989010989007397,-0.004884004884004867
199058795878600,3.8403923,back,-0.0040054932478827965,28.0,2.0,-0.0040054932478827965,-0.010989010989007397,-0.004884004884004867
199058797142100,3.8416558,back,-0.0040054932478827965,28.0,2.0,-0.0040054932478827965,-0.010989010989007397,-0.004884004884004867
199058797754800,3.8422685,back,-0.0040054932478827965,28.0,2.0,-0.0040054932478827965,-0.010989010989007397,-0.004884004884004867
199058798773300,3.843287,back,-0.0040054932478827965,28.0,2.0,-0.0040054932478827965,-0.010989010989007397,-0.004884004884004867
199058799814000,3.8443277,back,-0.0040054932478827965,28.0,2.0,-0.0040054932478827965,-0.010989010989007397,-0.004884004884004867
199058800902500,3.8454162,back,-0.0040054932478827965,28.0,2.0,-0.0040054932478827965,-0.010989010989007397,-0.004884004884004867
199058802407500,3.8469212,back,-0.0040054932478827965,28.0,2.0,-0.0040054932478827965,-0.010989010989007397,-0.004884004884004867
199058803222000,3.8477357,back,-0.0040054932478827965,28.0,2.0,-0.0040054932478827965,-0.010989010989007397,-0.004884004884004867
199058803835600,3.8483493,back,-0.0040054932478827965,28.0,2.0,-0.0040054932478827965,-0.010989010989007397,-0.004884004884004867
199058804834400,3.8493481,back,-0.0040054932478827965,28.0,2.0,-0.0040054932478827965,-0.010989010989007397,-0.004884004884004867
199058805916000,3.8504297,back,-0.0040054932478827965,28.0,2.0,-0.0040054932478827965,-0.010989010989007397,-0.004884004884004867
199058806989400,3.8515031,back,-0.0040054932478827965,28.0,2.0,-0.0040054932478827965,-0.010989010989007397,-0.004884004884004867
199058808070200,3.8525839,back,-0.0040054932478827965,28.0,2.0,-0.0040054932478827965,-0.010989010989007397,-0.004884004884004867
199058808633500,3.8531472,back,-0.0040054932478827965,28.0,2.0,-0.0040054932478827965,-0.010989010989007397,-0.004884004884004867
199058809643200,3.8541569,back,-0.0040054932478827965,28.0,2.0,-0.0040054932478827965,-0.010989010989007397,-0.004884004884004867
199058810707300,3.855221,back,-0.0040054932478827965,28.0,2.0,-0.0040054932478827965,-0.010989010989007397,-0.004884004884004867
199058811827600,3.8563413,back,-0.0040054932478827965,28.0,2.0,-0.0040054932478827965,-0.010989010989007397,-0.004884004884004867
199058812876700,3.8573904,back,-0.0040054932478827965,28.0,2.0,-0.0040054932478827965,-0.010989010989007397,-0.004884004884004867
199058814008300,3.858522,back,-0.0040054932478827965,28.0,2.0,-0.0040054932478827965,-0.010989010989007397,-0.004884004884004867
199058815060900,3.8595746,back,-0.0040054932478827965,28.0,2.0,-0.0040054932478827965,-0.010989010989007397,-0.004884004884004867
199058816064000,3.8605777,back,-0.0040054932478827965,28.0,2.0,-0.0040054932478827965,-0.010989010989007397,-0.004884004884004867
199058816639500,3.8611532,back,-0.0040054932478827965,28.0,2.0,-0.0040054932478827965,-0.010989010989007397,-0.004884004884004867
199058817764100,3.8622778,back,-0.0040054932478827965,28.0,2.0,-0.0040054932478827965,-0.010989010989007397,-0.004884004884004867
199058818649100,3.8631628,back,-0.0040054932478827965,28.0,2.0,-0.0040054932478827965,-0.010989010989007397,-0.004884004884004867
199058819659800,3.8641735,back,-0.0040054932478827965,28.0,2.0,-0.0040054932478827965,-0.010989010989007397,-0.004884004884004867
199058820759900,3.8652736,back,-0.0040054932478827965,28.0,2.0,-0.0040054932478827965,-0.010989010989007397,-0.004884004884004867
199058821840300,3.866354,back,-0.0040054932478827965,28.0,2.0,-0.0040054932478827965,-0.010989010989007397,-0.004884004884004867
199058822843400,3.8673571,back,-0.0040054932478827965,28.0,2.0,-0.0040054932478827965,-0.010989010989007397,-0.004884004884004867
199058823848400,3.8683621,back,-0.0040054932478827965,28.0,2.0,-0.0040054932478827965,-0.010989010989007397,-0.004884004884004867
199058824927100,3.8694408,back,-0.0040054932478827965,28.0,2.0,-0.0040054932478827965,-0.010989010989007397,-0.004884004884004867
199058825930400,3.8704441,back,-0.0040054932478827965,28.0,2.0,-0.0040054932478827965,-0.010989010989007397,-0.004884004884004867
199058826932300,3.871446,back,-0.0040054932478827965,28.0,2.0,-0.0040054932478827965,-0.010989010989007397,-0.004884004884004867
199058828011300,3.872525,back,-0.0040054932478827965,28.0,2.0,-0.0040054932478827965,-0.010989010989007397,-0.004884004884004867
199058829019400,3.8735331,back,-0.0040054932478827965,28.0,2.0,-0.0040054932478827965,-0.010989010989007397,-0.004884004884004867
199058830022100,3.8745358,back,-0.0040054932478827965,28.0,2.0,-0.0040054932478827965,-0.010989010989007397,-0.004884004884004867
199058831129300,3.875643,back,-0.0040054932478827965,28.0,2.0,-0.0040054932478827965,-0.010989010989007397,-0.004884004884004867
199058831720400,3.8762341,back,-0.0040054932478827965,28.0,2.0,-0.0040054932478827965,-0.010989010989007397,-0.004884004884004867
199058832722100,3.8772358,back,-0.0040054932478827965,28.0,2.0,-0.0040054932478827965,-0.010989010989007397,-0.004884004884004867
199058833916100,3.8784298,back,-0.0040054932478827965,28.0,2.0,-0.0040054932478827965,-0.010989010989007397,-0.004884004884004867
199058835756100,3.8802698,back,-0.0040054932478827965,28.0,2.0,-0.0040054932478827965,-0.010989010989007397,-0.004884004884004867
199058835827800,3.8803415,back,-0.0040054932478827965,28.0,2.0,-0.0040054932478827965,-0.010989010989007397,-0.004884004884004867
199058836760800,3.8812745,back,-0.0040054932478827965,28.0,2.0,-0.0040054932478827965,-0.010989010989007397,-0.004884004884004867
199058837765900,3.8822796,back,-0.0040054932478827965,28.0,2.0,-0.0040054932478827965,-0.010989010989007397,-0.004884004884004867
199058838773800,3.8832875,back,-0.0040054932478827965,28.0,2.0,-0.0040054932478827965,-0.010989010989007397,-0.004884004884004867
199058839869900,3.8843836,back,-0.0040054932478827965,28.0,2.0,-0.0040054932478827965,-0.010989010989007397,-0.004884004884004867
199058840872300,3.885386,back,-0.0040054932478827965,28.0,2.0,-0.0040054932478827965,-0.010989010989007397,-0.004884004884004867
199058841884800,3.8863985,back,-0.0040054932478827965,28.0,2.0,-0.0040054932478827965,-0.010989010989007397,-0.004884004884004867
199058842877500,3.8873912,back,-0.0040054932478827965,28.0,2.0,-0.0040054932478827965,-0.010989010989007397,-0.004884004884004867
199058843994800,3.8885085,back,-0.0040054932478827965,28.0,2.0,-0.0040054932478827965,-0.010989010989007397,-0.004884004884004867
199058845069700,3.8895834,back,-0.0040054932478827965,28.0,2.0,-0.0040054932478827965,-0.010989010989007397,-0.004884004884004867
199058846156300,3.89067,back,-0.0040054932478827965,28.0,2.0,-0.0040054932478827965,-0.010989010989007397,-0.004884004884004867
199058846632400,3.8911461,back,-0.0040054932478827965,28.0,2.0,-0.0040054932478827965,-0.010989010989007397,-0.004884004884004867
199058847633600,3.8921473,back,-0.0040054932478827965,28.0,2.0,-0.0040054932478827965,-0.010989010989007397,-0.004884004884004867
199058848635600,3.8931493,back,-0.0040054932478827965,28.0,2.0,-0.0040054932478827965,-0.010989010989007397,-0.004884004884004867
199058849754900,3.8942686,back,-0.0040054932478827965,28.0,2.0,-0.0040054932478827965,-0.010989010989007397,-0.004884004884004867
199058851151800,3.8956655,back,-0.0040054932478827965,28.0,2.0,-0.0040054932478827965,-0.010989010989007397,-0.004884004884004867
199058851770400,3.8962841,back,-0.0040054932478827965,28.0,2.0,-0.0040054932478827965,-0.010989010989007397,-0.004884004884004867
199058852771500,3.8972852,back,-0.0040054932478827965,28.0,2.0,-0.0040054932478827965,-0.010989010989007397,-0.004884004884004867
199058853892100,3.8984058,back,-0.0040054932478827965,28.0,2.0,-0.0040054932478827965,-0.010989010989007397,-0.004884004884004867
199058854962600,3.8994763,back,-0.0040054932478827965,28.0,2.0,-0.0040054932478827965,-0.010989010989007397,-0.004884004884004867
199058855967000,3.9004807,back,-0.0040054932478827965,28.0,2.0,-0.0040054932478827965,-0.010989010989007397,-0.004884004884004867
199058856975500,3.9014892,back,-0.0040054932478827965,28.0,2.0,-0.0040054932478827965,-0.010989010989007397,-0.004884004884004867
199058857976000,3.9024897,back,-0.0040054932478827965,28.0,2.0,-0.0040054932478827965,-0.010989010989007397,-0.004884004884004867
199058859120100,3.9036338,back,-0.0040054932478827965,28.0,2.0,-0.0040054932478827965,-0.010989010989007397,-0.004884004884004867
199058860224700,3.9047384,back,-0.0040054932478827965,28.0,2.0,-0.0040054932478827965,-0.010989010989007397,-0.004884004884004867
199058860840700,3.9053544,back,-0.0040054932478827965,28.0,2.0,-0.0040054932478827965,-0.010989010989007397,-0.004884004884004867
199058861844900,3.9063586,back,-0.0040054932478827965,28.0,2.0,-0.0040054932478827965,-0.010989010989007397,-0.004884004884004867
199058863081700,3.9075954,back,-0.0040054932478827965,28.0,2.0,-0.0040054932478827965,-0.010989010989007397,-0.004884004884004867
199058863644700,3.9081584,back,-0.0040054932478827965,28.0,2.0,-0.0040054932478827965,-0.010989010989007397,-0.004884004884004867
199058864653600,3.9091673,back,-0.0040054932478827965,28.0,2.0,-0.0040054932478827965,-0.010989010989007397,-0.004884004884004867
199058865852000,3.9103657,back,-0.0040054932478827965,28.0,2.0,-0.0040054932478827965,-0.010989010989007397,-0.004884004884004867
199058867230600,3.9117443,back,-0.0040054932478827965,28.0,2.0,-0.0040054932478827965,-0.010989010989007397,-0.004884004884004867
199058867722600,3.9122363,back,-0.0040054932478827965,28.0,2.0,-0.0040054932478827965,-0.010989010989007397,-0.004884004884004867
199058868726200,3.9132399,back,-0.0040054932478827965,28.0,2.0,-0.0040054932478827965,-0.010989010989007397,-0.004884004884004867
199058869730900,3.9142446,back,-0.0040054932478827965,28.0,2.0,-0.0040054932478827965,-0.010989010989007397,-0.004884004884004867
199058870741900,3.9152556,back,-0.0040054932478827965,28.0,2.0,-0.0040054932478827965,-0.010989010989007397,-0.004884004884004867
199058871814500,3.9163282,back,-0.0040054932478827965,28.0,2.0,-0.0040054932478827965,-0.010989010989007397,-0.004884004884004867
199058872863100,3.9173768,back,-0.0040054932478827965,28.0,2.0,-0.0040054932478827965,-0.010989010989007397,-0.004884004884004867
199058873910800,3.9184245,back,-0.0040054932478827965,28.0,2.0,-0.0040054932478827965,-0.010989010989007397,-0.004884004884004867
199058874869800,3.9193835,back,-0.0040054932478827965,28.0,2.0,-0.0040054932478827965,-0.010989010989007397,-0.004884004884004867
199058875869700,3.9203834,back,-0.0040054932478827965,28.0,2.0,-0.0040054932478827965,-0.010989010989007397,-0.004884004884004867
199058876902200,3.9214159,back,-0.0040054932478827965,28.0,2.0,-0.0040054932478827965,-0.010989010989007397,-0.004884004884004867
199058877876300,3.92239,back,-0.0040054932478827965,28.0,2.0,-0.0040054932478827965,-0.010989010989007397,-0.004884004884004867
199058878882700,3.9233964,back,-0.0040054932478827965,28.0,2.0,-0.0040054932478827965,-0.010989010989007397,-0.004884004884004867
199058879890000,3.9244037,back,-0.0040054932478827965,28.0,2.0,-0.0040054932478827965,-0.010989010989007397,-0.004884004884004867
199058880975700,3.9254894,back,-0.0040054932478827965,28.0,2.0,-0.0040054932478827965,-0.010989010989007397,-0.004884004884004867
199058881892800,3.9264065,back,-0.0040054932478827965,28.0,2.0,-0.0040054932478827965,-0.010989010989007397,-0.004884004884004867
199058882899900,3.9274136,back,-0.0040054932478827965,28.0,2.0,-0.0040054932478827965,-0.010989010989007397,-0.004884004884004867
199058883984600,3.9284983,back,-0.0040054932478827965,28.0,2.0,-0.0040054932478827965,-0.010989010989007397,-0.004884004884004867
199058884976900,3.9294906,back,-0.0040054932478827965,28.0,2.0,-0.0040054932478827965,-0.010989010989007397,-0.004884004884004867
199058885976300,3.93049,back,-0.0040054932478827965,28.0,2.0,-0.0040054932478827965,-0.010989010989007397,-0.004884004884004867
199058886981000,3.9314947,back,-0.0040054932478827965,28.0,2.0,-0.0040054932478827965,-0.010989010989007397,-0.004884004884004867
199058888011200,3.9325249,back,-0.0040054932478827965,28.0,2.0,-0.0040054932478827965,-0.010989010989007397,-0.004884004884004867
199058888994600,3.9335083,back,-0.0040054932478827965,28.0,2.0,-0.0040054932478827965,-0.010989010989007397,-0.004884004884004867
199058890002000,3.9345157,back,-0.0040054932478827965,28.0,2.0,-0.0040054932478827965,-0.010989010989007397,-0.004884004884004867
199058891217700,3.9357314,back,-0.0040054932478827965,28.0,2.0,-0.0040054932478827965,-0.010989010989007397,-0.004884004884004867
199058891831400,3.9363451,back,-0.0040054932478827965,28.0,2.0,-0.0040054932478827965,-0.010989010989007397,-0.004884004884004867
199058892840500,3.9373542,back,-0.0040054932478827965,28.0,2.0,-0.0040054932478827965,-0.010989010989007397,-0.004884004884004867
199058893842400,3.9383561,back,-0.0040054932478827965,28.0,2.0,-0.0040054932478827965,-0.010989010989007397,-0.004884004884004867
199058894845300,3.939359,back,-0.0040054932478827965,28.0,2.0,-0.0040054932478827965,-0.010989010989007397,-0.004884004884004867
199058895951700,3.9404654,back,-0.0040054932478827965,28.0,2.0,-0.0040054932478827965,-0.010989010989007397,-0.004884004884004867
199058897141700,3.9416554,back,-0.0040054932478827965,28.0,2.0,-0.0040054932478827965,-0.010989010989007397,-0.004884004884004867
199058898340700,3.9428544,back,-0.0040054932478827965,28.0,2.0,-0.0040054932478827965,-0.010989010989007397,-0.004884004884004867
199058898961200,3.9434749,back,-0.0040054932478827965,28.0,2.0,-0.0040054932478827965,-0.010989010989007397,-0.004884004884004867
199058899961000,3.9444747,back,-0.0040054932478827965,28.0,2.0,-0.0040054932478827965,-0.010989010989007397,-0.004884004884004867
199058901055200,3.9455689,back,-0.0040054932478827965,28.0,2.0,-0.0040054932478827965,-0.010989010989007397,-0.004884004884004867
199058902053200,3.9465669,back,-0.0040054932478827965,28.0,2.0,-0.0040054932478827965,-0.010989010989007397,-0.004884004884004867
199058903055000,3.9475687,back,-0.0040054932478827965,28.0,2.0,-0.0040054932478827965,-0.010989010989007397,-0.004884004884004867
199058904091000,3.9486047,back,-0.0040054932478827965,28.0,2.0,-0.0040054932478827965,-0.010989010989007397,-0.004884004884004867
199058905066300,3.94958,back,-0.0040054932478827965,28.0,2.0,-0.0040054932478827965,-0.010989010989007397,-0.004884004884004867
199058906070300,3.950584,back,-0.0040054932478827965,28.0,2.0,-0.0040054932478827965,-0.010989010989007397,-0.004884004884004867
199058907073700,3.9515874,back,-0.0040054932478827965,28.0,2.0,-0.0040054932478827965,-0.010989010989007397,-0.004884004884004867
199058908079000,3.9525927,back,-0.0040054932478827965,28.0,2.0,-0.0040054932478827965,-0.010989010989007397,-0.004884004884004867
199058908669700,3.9531834,back,-0.0040054932478827965,28.0,2.0,-0.0040054932478827965,-0.010989010989007397,-0.004884004884004867
199058909680000,3.9541937,back,-0.0040054932478827965,28.0,2.0,-0.0040054932478827965,-0.010989010989007397,-0.004884004884004867
199058910682700,3.9551964,back,-0.0040054932478827965,28.0,2.0,-0.0040054932478827965,-0.010989010989007397,-0.004884004884004867
199058911714900,3.9562286,back,-0.0040054932478827965,28.0,2.0,-0.0040054932478827965,-0.010989010989007397,-0.004884004884004867
199058912698900,3.9572126,back,-0.0040054932478827965,28.0,2.0,-0.0040054932478827965,-0.010989010989007397,-0.004884004884004867
199058913701200,3.9582149,back,-0.0040054932478827965,28.0,2.0,-0.0040054932478827965,0.010989010989007397,-0.004884004884004867
199058914735600,3.9592493,back,-0.0040054932478827965,28.0,2.0,-0.0040054932478827965,0.010989010989007397,-0.004884004884004867
199058915818000,3.9603317,back,-0.0040054932478827965,28.0,2.0,-0.0040054932478827965,0.010989010989007397,-0.004884004884004867
199058916890900,3.9614046,back,-0.0040054932478827965,28.0,2.0,-0.0040054932478827965,0.010989010989007397,-0.004884004884004867
199058917934600,3.9624483,back,-0.0040054932478827965,28.0,2.0,-0.0040054932478827965,0.010989010989007397,-0.004884004884004867
199058919001900,3.9635156,back,-0.0040054932478827965,28.0,2.0,-0.0040054932478827965,0.010989010989007397,-0.004884004884004867
199058920063600,3.9645773,back,-0.0040054932478827965,28.0,2.0,-0.0040054932478827965,0.010989010989007397,-0.004884004884004867
199058921174000,3.9656877,back,-0.0040054932478827965,28.0,2.0,-0.0040054932478827965,0.010989010989007397,-0.004884004884004867
199058921765600,3.9662793,back,-0.0040054932478827965,28.0,2.0,-0.0040054932478827965,0.010989010989007397,-0.004884004884004867
199058922763200,3.9672769,back,-0.0040054932478827965,28.0,2.0,-0.0040054932478827965,0.010989010989007397,-0.004884004884004867
199058923818700,3.9683324,back,-0.0040054932478827965,28.0,2.0,-0.0040054932478827965,0.010989010989007397,-0.004884004884004867
199058925055700,3.9695694,back,-0.0040054932478827965,28.0,2.0,-0.0040054932478827965,0.010989010989007397,-0.004884004884004867
199058926058700,3.9705724,back,-0.0040054932478827965,28.0,2.0,-0.0040054932478827965,0.010989010989007397,-0.004884004884004867
199058927142800,3.9716565,back,-0.0040054932478827965,28.0,2.0,-0.0040054932478827965,0.010989010989007397,-0.004884004884004867
199058927837400,3.9723511,back,-0.0040054932478827965,28.0,2.0,-0.0040054932478827965,0.010989010989007397,-0.004884004884004867
199058928799600,3.9733133,back,-0.0040054932478827965,28.0,2.0,-0.0040054932478827965,0.010989010989007397,-0.004884004884004867
199058930057000,3.9745707,back,-0.0040054932478827965,28.0,2.0,-0.0040054932478827965,0.010989010989007397,-0.004884004884004867
199058930701100,3.9752148,back,-0.0040054932478827965,28.0,2.0,-0.0040054932478827965,0.010989010989007397,-0.004884004884004867
199058931701100,3.9762148,back,-0.0040054932478827965,28.0,2.0,-0.0040054932478827965,0.010989010989007397,-0.004884004884004867
199058932703800,3.9772175,back,-0.0040054932478827965,28.0,2.0,-0.0040054932478827965,0.010989010989007397,-0.004884004884004867
199058933705800,3.9782195,back,-0.0040054932478827965,28.0,2.0,-0.0040054932478827965,0.010989010989007397,-0.004884004884004867
199058934710800,3.9792245,back,-0.0040054932478827965,28.0,2.0,-0.0040054932478827965,0.010989010989007397,-0.004884004884004867
199058935713800,3.9802275,back,-0.0040054932478827965,28.0,2.0,-0.0040054932478827965,0.010989010989007397,-0.004884004884004867
199058936811600,3.9813253,back,-0.0040054932478827965,28.0,2.0,-0.0040054932478827965,0.010989010989007397,-0.004884004884004867
199058937881800,3.9823955,back,-0.0040054932478827965,28.0,2.0,-0.0040054932478827965,0.010989010989007397,-0.004884004884004867
199058939239500,3.9837532,back,-0.0040054932478827965,28.0,2.0,-0.0040054932478827965,0.010989010989007397,-0.004884004884004867
199058940117800,3.9846315,back,-0.0040054932478827965,28.0,2.0,-0.0040054932478827965,0.010989010989007397,-0.004884004884004867
199058940727500,3.9852412,back,-0.0040054932478827965,28.0,2.0,-0.0040054932478827965,0.010989010989007397,-0.004884004884004867
199058941733100,3.9862468,back,-0.0040054932478827965,28.0,2.0,-0.0040054932478827965,0.010989010989007397,-0.004884004884004867
199058942789300,3.987303,back,-0.0040054932478827965,28.0,2.0,-0.0040054932478827965,0.010989010989007397,-0.004884004884004867
199058943996400,3.9885101,back,-0.0040054932478827965,28.0,2.0,-0.0040054932478827965,0.010989010989007397,-0.004884004884004867
199058944799300,3.989313,back,-0.0040054932478827965,28.0,2.0,-0.0040054932478827965,0.010989010989007397,-0.004884004884004867
199058945805500,3.9903192,back,-0.0040054932478827965,28.0,2.0,-0.0040054932478827965,0.010989010989007397,-0.004884004884004867
199058946972900,3.9914866,back,-0.0040054932478827965,28.0,2.0,-0.0040054932478827965,0.010989010989007397,-0.004884004884004867
199058947973200,3.9924869,back,-0.0040054932478827965,28.0,2.0,-0.0040054932478827965,0.010989010989007397,-0.004884004884004867
199058948978600,3.9934923,back,-0.0040054932478827965,28.0,2.0,-0.0040054932478827965,0.010989010989007397,-0.004884004884004867
199058949982200,3.9944959,back,-0.0040054932478827965,28.0,2.0,-0.0040054932478827965,0.010989010989007397,-0.004884004884004867
199058951075700,3.9955894,back,-0.0040054932478827965,28.0,2.0,-0.0040054932478827965,0.010989010989007397,-0.004884004884004867
199058952078200,3.9965919,back,-0.0040054932478827965,28.0,2.0,-0.0040054932478827965,0.010989010989007397,-0.004884004884004867
199058952660300,3.997174,back,-0.0040054932478827965,28.0,2.0,-0.0040054932478827965,0.010989010989007397,-0.004884004884004867
199058953666900,3.9981806,back,-0.0040054932478827965,28.0,2.0,-0.0040054932478827965,0.010989010989007397,-0.004884004884004867
199058954666900,3.9991806,back,-0.0040054932478827965,28.0,2.0,-0.0040054932478827965,0.010989010989007397,-0.004884004884004867
199058955667500,4.0001812,back,-0.0040054932478827965,28.0,2.0,-0.0040054932478827965,0.010989010989007397,-0.004884004884004867
199058956670700,4.0011844,back,-0.0040054932478827965,28.0,2.0,-0.0040054932478827965,0.010989010989007397,-0.004884004884004867
199058957681500,4.0021952,back,-0.0040054932478827965,28.0,2.0,-0.0040054932478827965,0.010989010989007397,-0.004884004884004867
199058958681600,4.0031953,back,-0.0040054932478827965,28.0,2.0,-0.0040054932478827965,0.010989010989007397,-0.004884004884004867
199058959755700,4.0042694,back,-0.0040054932478827965,28.0,2.0,-0.0040054932478827965,0.010989010989007397,-0.004884004884004867
199058960968300,4.005482,back,-0.0040054932478827965,28.0,2.0,-0.0040054932478827965,0.010989010989007397,-0.004884004884004867
199058961971800,4.0064855,back,-0.0040054932478827965,28.0,2.0,-0.0040054932478827965,0.010989010989007397,-0.004884004884004867
199058962998600,4.0075123,back,-0.0040054932478827965,28.0,2.0,-0.0040054932478827965,0.010989010989007397,-0.004884004884004867
199058963988300,4.008502,back,-0.0040054932478827965,28.0,2.0,-0.0040054932478827965,0.010989010989007397,-0.004884004884004867
199058964987700,4.0095014,back,-0.0040054932478827965,28.0,2.0,-0.0040054932478827965,0.010989010989007397,-0.004884004884004867
199058965985700,4.0104994,back,-0.0040054932478827965,28.0,2.0,-0.0040054932478827965,0.010989010989007397,-0.004884004884004867
199058967064600,4.0115783,back,-0.0040054932478827965,28.0,2.0,-0.0040054932478827965,0.010989010989007397,-0.004884004884004867
199058968102900,4.0126166,back,-0.0040054932478827965,28.0,2.0,-0.0040054932478827965,0.010989010989007397,-0.004884004884004867
199058968708000,4.0132217,back,-0.0040054932478827965,28.0,2.0,-0.0040054932478827965,0.010989010989007397,-0.004884004884004867
199058969709200,4.0142229,back,-0.0040054932478827965,28.0,2.0,-0.0040054932478827965,0.010989010989007397,-0.004884004884004867
199058970781000,4.0152947,back,-0.0040054932478827965,28.0,2.0,-0.0040054932478827965,0.010989010989007397,-0.004884004884004867
199058971831800,4.0163455,back,-0.0040054932478827965,28.0,2.0,-0.0040054932478827965,0.010989010989007397,-0.004884004884004867
199058972876400,4.0173901,back,-0.0040054932478827965,28.0,2.0,-0.0040054932478827965,0.010989010989007397,-0.004884004884004867
199058973982500,4.0184962,back,-0.0040054932478827965,28.0,2.0,-0.0040054932478827965,0.010989010989007397,-0.004884004884004867
199058975081000,4.0195947,back,-0.0040054932478827965,28.0,2.0,-0.0040054932478827965,0.010989010989007397,-0.004884004884004867
199058976336800,4.0208505,back,-0.0040054932478827965,28.0,2.0,-0.0040054932478827965,0.010989010989007397,-0.004884004884004867
199058976956100,4.0214698,back,-0.0040054932478827965,28.0,2.0,-0.0040054932478827965,0.010989010989007397,-0.004884004884004867
199058977957300,4.022471,back,-0.0040054932478827965,28.0,2.0,-0.0040054932478827965,0.010989010989007397,-0.004884004884004867
199058979025300,4.023539,back,-0.0040054932478827965,28.0,2.0,-0.0040054932478827965,0.010989010989007397,-0.004884004884004867
199058980102100,4.0246158,back,-0.0040054932478827965,28.0,2.0,-0.0040054932478827965,0.010989010989007397,-0.004884004884004867
199058981099900,4.0256136,back,-0.0040054932478827965,28.0,2.0,-0.0040054932478827965,0.010989010989007397,-0.004884004884004867
199058982126800,4.0266405,back,-0.0040054932478827965,28.0,2.0,-0.0040054932478827965,0.010989010989007397,-0.004884004884004867
199058982709400,4.0272231,back,-0.0040054932478827965,28.0,2.0,-0.0040054932478827965,0.010989010989007397,-0.004884004884004867
199058983730700,4.0282444,back,-0.0040054932478827965,28.0,2.0,-0.0040054932478827965,0.010989010989007397,-0.004884004884004867
199058984717400,4.0292311,back,-0.0040054932478827965,28.0,2.0,-0.0040054932478827965,0.010989010989007397,-0.004884004884004867
199058985718600,4.0302323,back,-0.0040054932478827965,28.0,2.0,-0.0040054932478827965,0.010989010989007397,-0.004884004884004867
199058986787200,4.0313009,back,-0.0040054932478827965,28.0,2.0,-0.0040054932478827965,0.010989010989007397,-0.004884004884004867
199058987860800,4.0323745,back,-0.0040054932478827965,28.0,2.0,-0.0040054932478827965,0.010989010989007397,-0.004884004884004867
199058988950900,4.0334646,back,-0.0040054932478827965,28.0,2.0,-0.0040054932478827965,0.010989010989007397,-0.004884004884004867
199058990372400,4.0348861,back,-0.0040054932478827965,28.0,2.0,-0.0040054932478827965,0.010989010989007397,-0.004884004884004867
199058990975000,4.0354887,back,-0.0040054932478827965,28.0,2.0,-0.0040054932478827965,0.010989010989007397,-0.004884004884004867
199058991978900,4.0364926,back,-0.0040054932478827965,28.0,2.0,-0.0040054932478827965,0.010989010989007397,-0.004884004884004867
199058993086600,4.0376003,back,-0.0040054932478827965,28.0,2.0,-0.0040054932478827965,0.010989010989007397,-0.004884004884004867
199058994214100,4.0387278,back,-0.0040054932478827965,28.0,2.0,-0.0040054932478827965,0.010989010989007397,-0.004884004884004867
199058995210100,4.0397238,back,-0.0040054932478827965,28.0,2.0,-0.0040054932478827965,0.010989010989007397,-0.004884004884004867
199058995825800,4.0403395,back,-0.0040054932478827965,28.0,2.0,-0.0040054932478827965,0.010989010989007397,-0.004884004884004867
199058996837300,4.041351,back,-0.0040054932478827965,28.0,2.0,-0.0040054932478827965,0.010989010989007397,-0.004884004884004867
199058997839300,4.042353,back,-0.0040054932478827965,28.0,2.0,-0.0040054932478827965,0.010989010989007397,-0.004884004884004867
199058998844500,4.0433582,back,-0.0040054932478827965,28.0,2.0,-0.0040054932478827965,0.010989010989007397,-0.004884004884004867
199058999848300,4.044362,back,-0.0040054932478827965,28.0,2.0,-0.0040054932478827965,0.010989010989007397,-0.004884004884004867
199059000851600,4.0453653,back,-0.0040054932478827965,28.0,2.0,-0.0040054932478827965,0.010989010989007397,-0.004884004884004867
199059001940700,4.0464544,back,-0.0040054932478827965,28.0,2.0,-0.0040054932478827965,0.010989010989007397,-0.004884004884004867
199059003065100,4.0475788,back,-0.0040054932478827965,28.0,2.0,-0.0040054932478827965,0.010989010989007397,-0.004884004884004867
199059003681500,4.0481952,back,-0.0040054932478827965,28.0,2.0,-0.0040054932478827965,0.010989010989007397,-0.004884004884004867
199059004686100,4.0491998,back,-0.0040054932478827965,28.0,2.0,-0.0040054932478827965,0.010989010989007397,-0.004884004884004867
199059005883100,4.0503968,back,-0.0040054932478827965,28.0,2.0,-0.0040054932478827965,0.010989010989007397,-0.004884004884004867
199059007209000,4.0517227,back,-0.0040054932478827965,28.0,2.0,-0.0040054932478827965,0.010989010989007397,-0.004884004884004867
199059007819600,4.0523333,back,-0.0040054932478827965,28.0,2.0,-0.0040054932478827965,0.010989010989007397,-0.004884004884004867
199059008846100,4.0533598,back,-0.0040054932478827965,28.0,2.0,-0.0040054932478827965,0.010989010989007397,-0.004884004884004867
199059009916800,4.0544305,back,-0.0040054932478827965,28.0,2.0,-0.0040054932478827965,0.010989010989007397,-0.004884004884004867
199059011007700,4.0555214,back,-0.0040054932478827965,28.0,2.0,-0.0040054932478827965,0.010989010989007397,-0.004884004884004867
199059012059000,4.0565727,back,-0.0040054932478827965,28.0,2.0,-0.0040054932478827965,0.010989010989007397,-0.004884004884004867
199059013159900,4.0576736,back,-0.0040054932478827965,28.0,2.0,-0.0040054932478827965,0.010989010989007397,-0.004884004884004867
199059013773500,4.0582872,back,-0.0040054932478827965,28.0,2.0,-0.0040054932478827965,0.010989010989007397,-0.004884004884004867
199059014778800,4.0592925,back,-0.0040054932478827965,28.0,2.0,-0.0040054932478827965,0.010989010989007397,-0.004884004884004867
199059015860300,4.060374,back,-0.0040054932478827965,28.0,2.0,-0.0040054932478827965,0.010989010989007397,-0.004884004884004867
199059016938600,4.0614523,back,-0.0040054932478827965,28.0,2.0,-0.0040054932478827965,0.010989010989007397,-0.004884004884004867
199059017980300,4.062494,back,-0.0040054932478827965,28.0,2.0,-0.0040054932478827965,0.010989010989007397,-0.004884004884004867
199059019045300,4.063559,back,-0.0040054932478827965,28.0,2.0,-0.0040054932478827965,0.010989010989007397,-0.004884004884004867
199059020210000,4.0647237,back,-0.0040054932478827965,28.0,2.0,-0.0040054932478827965,0.010989010989007397,-0.004884004884004867
199059020825100,4.0653388,back,-0.0040054932478827965,28.0,2.0,-0.0040054932478827965,0.010989010989007397,-0.004884004884004867
199059021942200,4.0664559,back,-0.0040054932478827965,28.0,2.0,-0.0040054932478827965,0.010989010989007397,-0.004884004884004867
199059023083300,4.067597,back,-0.0040054932478827965,28.0,2.0,-0.0040054932478827965,-0.010989010989007397,-0.004884004884004867
199059024237700,4.0687514,back,-0.0040054932478827965,28.0,2.0,-0.0040054932478827965,-0.010989010989007397,-0.004884004884004867
199059024920200,4.0694339,back,-0.0040054932478827965,28.0,2.0,-0.0040054932478827965,-0.010989010989007397,-0.004884004884004867
199059025925200,4.0704389,back,-0.0040054932478827965,28.0,2.0,-0.0040054932478827965,-0.010989010989007397,-0.004884004884004867
199059026933300,4.071447,back,-0.0040054932478827965,28.0,2.0,-0.0040054932478827965,-0.010989010989007397,-0.004884004884004867
199059027936300,4.07245,back,-0.0040054932478827965,28.0,2.0,-0.0040054932478827965,-0.010989010989007397,-0.004884004884004867
199059028940600,4.0734543,back,-0.0040054932478827965,28.0,2.0,-0.0040054932478827965,-0.010989010989007397,-0.004884004884004867
199059029945500,4.0744592,back,-0.0040054932478827965,28.0,2.0,-0.0040054932478827965,-0.010989010989007397,-0.004884004884004867
199059030954100,4.0754678,back,-0.0040054932478827965,28.0,2.0,-0.0040054932478827965,-0.010989010989007397,-0.004884004884004867
199059031950100,4.0764638,back,-0.0040054932478827965,28.0,2.0,-0.0040054932478827965,-0.010989010989007397,-0.004884004884004867
199059032951600,4.0774653,back,-0.0040054932478827965,28.0,2.0,-0.0040054932478827965,-0.010989010989007397,-0.004884004884004867
199059033956400,4.0784701,back,-0.0040054932478827965,28.0,2.0,-0.0040054932478827965,-0.010989010989007397,-0.004884004884004867
199059034958500,4.0794722,back,-0.0040054932478827965,28.0,2.0,-0.0040054932478827965,-0.010989010989007397,-0.004884004884004867
199059035964900,4.0804786,back,-0.0040054932478827965,28.0,2.0,-0.0040054932478827965,-0.010989010989007397,-0.004884004884004867
199059037058300,4.081572,back,-0.0040054932478827965,28.0,2.0,-0.0040054932478827965,-0.010989010989007397,-0.004884004884004867
199059037972700,4.0824864,back,-0.0040054932478827965,28.0,2.0,-0.0040054932478827965,-0.010989010989007397,-0.004884004884004867
199059038996100,4.0835098,back,-0.0040054932478827965,28.0,2.0,-0.0040054932478827965,-0.010989010989007397,-0.004884004884004867
199059040165200,4.0846789,back,-0.0040054932478827965,28.0,2.0,-0.0040054932478827965,-0.010989010989007397,-0.004884004884004867
199059040741500,4.0852552,back,-0.0040054932478827965,28.0,2.0,-0.0040054932478827965,-0.010989010989007397,-0.004884004884004867
199059041752300,4.086266,back,-0.0040054932478827965,28.0,2.0,-0.0040054932478827965,-0.010989010989007397,-0.004884004884004867
199059042757800,4.0872715,back,-0.0040054932478827965,28.0,2.0,-0.0040054932478827965,-0.010989010989007397,-0.004884004884004867
199059043761500,4.0882752,back,-0.0040054932478827965,28.0,2.0,-0.0040054932478827965,-0.010989010989007397,-0.004884004884004867
199059044765900,4.0892796,back,-0.0040054932478827965,28.0,2.0,-0.0040054932478827965,-0.010989010989007397,-0.004884004884004867
199059045765700,4.0902794,back,-0.0040054932478827965,28.0,2.0,-0.0040054932478827965,-0.010989010989007397,-0.004884004884004867
199059046811800,4.0913255,back,-0.0040054932478827965,28.0,2.0,-0.0040054932478827965,-0.010989010989007397,-0.004884004884004867
199059047943800,4.0924575,back,-0.0040054932478827965,28.0,2.0,-0.0040054932478827965,-0.010989010989007397,-0.004884004884004867
199059049088900,4.0936026,back,-0.0040054932478827965,28.0,2.0,-0.0040054932478827965,-0.010989010989007397,-0.004884004884004867
199059050195300,4.094709,back,-0.0040054932478827965,28.0,2.0,-0.0040054932478827965,-0.010989010989007397,-0.004884004884004867
199059050784900,4.0952986,back,-0.0040054932478827965,28.0,2.0,-0.0040054932478827965,-0.010989010989007397,-0.004884004884004867
199059051787100,4.0963008,back,-0.0040054932478827965,28.0,2.0,-0.0040054932478827965,-0.010989010989007397,-0.004884004884004867
199059052945400,4.0974591,back,-0.0040054932478827965,28.0,2.0,-0.0040054932478827965,-0.010989010989007397,-0.004884004884004867
199059054177200,4.0986909,back,-0.0040054932478827965,28.0,2.0,-0.0040054932478827965,-0.010989010989007397,-0.004884004884004867
199059054799800,4.0993135,back,-0.0040054932478827965,28.0,2.0,-0.0040054932478827965,-0.010989010989007397,-0.004884004884004867
199059055806100,4.1003198,back,-0.0040054932478827965,28.0,2.0,-0.0040054932478827965,-0.010989010989007397,-0.004884004884004867
199059056832200,4.1013459,back,-0.0040054932478827965,28.0,2.0,-0.0040054932478827965,-0.010989010989007397,-0.004884004884004867
199059057817900,4.1023316,back,-0.0040054932478827965,28.0,2.0,-0.0040054932478827965,-0.010989010989007397,-0.004884004884004867
199059058971800,4.1034855,back,-0.0040054932478827965,28.0,2.0,-0.0040054932478827965,-0.010989010989007397,-0.004884004884004867
199059059978000,4.1044917,back,-0.0040054932478827965,28.0,2.0,-0.0040054932478827965,-0.010989010989007397,-0.004884004884004867
199059060984000,4.1054977,back,-0.0040054932478827965,28.0,2.0,-0.0040054932478827965,-0.010989010989007397,-0.004884004884004867
199059061987300,4.106501,back,-0.0040054932478827965,28.0,2.0,-0.0040054932478827965,-0.010989010989007397,-0.004884004884004867
199059062994000,4.1075077,back,-0.0040054932478827965,28.0,2.0,-0.0040054932478827965,-0.010989010989007397,-0.004884004884004867
199059064003000,4.1085167,back,-0.0040054932478827965,28.0,2.0,-0.0040054932478827965,-0.010989010989007397,-0.004884004884004867
199059065004700,4.1095184,back,-0.0040054932478827965,28.0,2.0,-0.0040054932478827965,-0.010989010989007397,-0.004884004884004867
199059066005300,4.110519,back,-0.0040054932478827965,28.0,2.0,-0.0040054932478827965,-0.010989010989007397,-0.004884004884004867
199059067061100,4.1115748,back,-0.0040054932478827965,28.0,2.0,-0.0040054932478827965,-0.010989010989007397,-0.004884004884004867
199059067622800,4.1121365,back,-0.0040054932478827965,28.0,2.0,-0.0040054932478827965,-0.010989010989007397,-0.004884004884004867
199059068732300,4.113246,back,-0.0040054932478827965,28.0,2.0,-0.0040054932478827965,-0.010989010989007397,-0.004884004884004867
199059070181400,4.1146951,back,-0.0040054932478827965,28.0,2.0,-0.0040054932478827965,-0.010989010989007397,-0.004884004884004867
199059070640700,4.1151544,back,-0.0040054932478827965,28.0,2.0,-0.0040054932478827965,-0.010989010989007397,-0.004884004884004867
199059071646000,4.1161597,back,-0.0040054932478827965,28.0,2.0,-0.0040054932478827965,-0.010989010989007397,-0.004884004884004867
199059072711600,4.1172253,back,-0.0040054932478827965,28.0,2.0,-0.0040054932478827965,-0.010989010989007397,-0.004884004884004867
199059073828200,4.1183419,back,-0.0040054932478827965,28.0,2.0,-0.0040054932478827965,-0.010989010989007397,-0.004884004884004867
199059074804000,4.1193177,back,-0.0040054932478827965,28.0,2.0,-0.0040054932478827965,-0.010989010989007397,-0.004884004884004867
199059075806800,4.1203205,back,-0.0040054932478827965,28.0,2.0,-0.0040054932478827965,-0.010989010989007397,-0.004884004884004867
199059076897400,4.1214111,back,-0.0040054932478827965,28.0,2.0,-0.0040054932478827965,-0.010989010989007397,-0.004884004884004867
199059077881200,4.1223949,back,-0.0040054932478827965,28.0,2.0,-0.0040054932478827965,-0.010989010989007397,-0.004884004884004867
199059078903700,4.1234174,back,-0.0040054932478827965,28.0,2.0,-0.0040054932478827965,-0.010989010989007397,-0.004884004884004867
199059079889300,4.124403,back,-0.0040054932478827965,28.0,2.0,-0.0040054932478827965,-0.010989010989007397,-0.004884004884004867
199059080899300,4.125413,back,-0.0040054932478827965,28.0,2.0,-0.0040054932478827965,-0.010989010989007397,-0.004884004884004867
199059081901000,4.1264147,back,-0.0040054932478827965,28.0,2.0,-0.0040054932478827965,-0.010989010989007397,-0.004884004884004867
199059082903900,4.1274176,back,-0.0040054932478827965,28.0,2.0,-0.0040054932478827965,-0.010989010989007397,-0.004884004884004867
199059084083000,4.1285967,back,-0.0040054932478827965,28.0,2.0,-0.0040054932478827965,-0.010989010989007397,-0.004884004884004867
199059084785400,4.1292991,back,-0.0040054932478827965,28.0,2.0,-0.0040054932478827965,-0.010989010989007397,-0.004884004884004867
199059086175300,4.130689,back,-0.0040054932478827965,28.0,2.0,-0.0040054932478827965,-0.010989010989007397,-0.004884004884004867
199059086797400,4.1313111,back,-0.0040054932478827965,28.0,2.0,-0.0040054932478827965,-0.010989010989007397,-0.004884004884004867
199059087799400,4.1323131,back,-0.0040054932478827965,28.0,2.0,-0.0040054932478827965,-0.010989010989007397,-0.004884004884004867
199059088883600,4.1333973,back,-0.0040054932478827965,28.0,2.0,-0.0040054932478827965,-0.010989010989007397,-0.004884004884004867
199059089957700,4.1344714,back,-0.0040054932478827965,28.0,2.0,-0.0040054932478827965,-0.010989010989007397,-0.004884004884004867
199059090943000,4.1354567,back,-0.0040054932478827965,28.0,2.0,-0.0040054932478827965,-0.010989010989007397,-0.004884004884004867
199059091971900,4.1364856,back,-0.0040054932478827965,28.0,2.0,-0.0040054932478827965,-0.010989010989007397,-0.004884004884004867
199059092950900,4.1374646,back,-0.0040054932478827965,28.0,2.0,-0.0040054932478827965,-0.010989010989007397,-0.004884004884004867
199059093963500,4.1384772,back,-0.0040054932478827965,28.0,2.0,-0.0040054932478827965,-0.010989010989007397,-0.004884004884004867
199059094961600,4.1394753,back,-0.0040054932478827965,28.0,2.0,-0.0040054932478827965,-0.010989010989007397,-0.004884004884004867
199059095966200,4.1404799,back,-0.0040054932478827965,28.0,2.0,-0.0040054932478827965,-0.010989010989007397,-0.004884004884004867
199059097055000,4.1415687,back,-0.0040054932478827965,28.0,2.0,-0.0040054932478827965,-0.010989010989007397,-0.004884004884004867
199059098059200,4.1425729,back,-0.0040054932478827965,28.0,2.0,-0.0040054932478827965,-0.010989010989007397,-0.004884004884004867
199059098635300,4.143149,back,-0.0040054932478827965,28.0,2.0,-0.0040054932478827965,-0.010989010989007397,-0.004884004884004867
199059099801400,4.1443151,back,-0.0040054932478827965,28.0,2.0,-0.0040054932478827965,-0.010989010989007397,-0.004884004884004867
199059100643000,4.1451567,back,-0.0040054932478827965,28.0,2.0,-0.0040054932478827965,-0.010989010989007397,-0.004884004884004867
199059101658300,4.146172,back,-0.0040054932478827965,28.0,2.0,-0.0040054932478827965,-0.010989010989007397,-0.004884004884004867
199059102866300,4.14738,back,-0.0040054932478827965,28.0,2.0,-0.0040054932478827965,-0.010989010989007397,-0.004884004884004867
199059103865200,4.1483789,back,-0.0040054932478827965,28.0,2.0,-0.0040054932478827965,-0.010989010989007397,-0.004884004884004867
199059104866400,4.1493801,back,-0.0040054932478827965,28.0,2.0,-0.0040054932478827965,-0.010989010989007397,-0.004884004884004867
199059105869800,4.1503835,back,-0.0040054932478827965,28.0,2.0,-0.0040054932478827965,-0.010989010989007397,-0.004884004884004867
199059106869400,4.1513831,back,-0.0040054932478827965,28.0,2.0,-0.0040054932478827965,-0.010989010989007397,-0.004884004884004867
199059107871300,4.152385,back,-0.0040054932478827965,28.0,2.0,-0.0040054932478827965,-0.010989010989007397,-0.004884004884004867
199059108876900,4.1533906,back,-0.0040054932478827965,28.0,2.0,-0.0040054932478827965,-0.010989010989007397,-0.004884004884004867
199059109879600,4.1543933,back,-0.0040054932478827965,28.0,2.0,-0.0040054932478827965,-0.010989010989007397,-0.004884004884004867
199059110955900,4.1554696,back,-0.0040054932478827965,28.0,2.0,-0.0040054932478827965,-0.010989010989007397,-0.004884004884004867
199059111963100,4.1564768,back,-0.0040054932478827965,28.0,2.0,-0.0040054932478827965,-0.010989010989007397,-0.004884004884004867
199059112967600,4.1574813,back,-0.0040054932478827965,28.0,2.0,-0.0040054932478827965,-0.010989010989007397,-0.004884004884004867
199059113975100,4.1584888,back,-0.0040054932478827965,28.0,2.0,-0.0040054932478827965,-0.010989010989007397,-0.004884004884004867
199059115157600,4.1596713,back,-0.0040054932478827965,28.0,2.0,-0.0040054932478827965,-0.010989010989007397,-0.004884004884004867
199059115983300,4.160497,back,-0.0040054932478827965,28.0,2.0,-0.0040054932478827965,-0.010989010989007397,-0.004884004884004867
199059116984800,4.1614985,back,-0.0040054932478827965,28.0,2.0,-0.0040054932478827965,-0.010989010989007397,-0.004884004884004867
199059117991800,4.1625055,back,-0.0040054932478827965,28.0,2.0,-0.0040054932478827965,-0.010989010989007397,-0.004884004884004867
199059119003200,4.1635169,back,-0.0040054932478827965,28.0,2.0,-0.0040054932478827965,-0.010989010989007397,-0.004884004884004867
199059120292300,4.164806,back,-0.0040054932478827965,28.0,2.0,-0.0040054932478827965,-0.010989010989007397,-0.004884004884004867
199059120892600,4.1654063,back,-0.0040054932478827965,28.0,2.0,-0.0040054932478827965,-0.010989010989007397,-0.004884004884004867
199059121896400,4.1664101,back,-0.0040054932478827965,28.0,2.0,-0.0040054932478827965,-0.010989010989007397,-0.004884004884004867
199059122979200,4.1674929,back,-0.0040054932478827965,28.0,2.0,-0.0040054932478827965,-0.010989010989007397,-0.004884004884004867
199059123981400,4.1684951,back,-0.0040054932478827965,28.0,2.0,-0.0040054932478827965,-0.010989010989007397,-0.004884004884004867
199059124985400,4.1694991,back,-0.0040054932478827965,28.0,2.0,-0.0040054932478827965,-0.010989010989007397,-0.004884004884004867
199059126098500,4.1706122,back,-0.0040054932478827965,28.0,2.0,-0.0040054932478827965,-0.010989010989007397,-0.004884004884004867
199059126762400,4.1712761,back,-0.0040054932478827965,28.0,2.0,-0.0040054932478827965,-0.010989010989007397,-0.004884004884004867
199059127851600,4.1723653,back,-0.0040054932478827965,28.0,2.0,-0.0040054932478827965,-0.010989010989007397,-0.004884004884004867
199059128987900,4.1735016,back,-0.0040054932478827965,28.0,2.0,-0.0040054932478827965,-0.010989010989007397,-0.004884004884004867
199059130035200,4.1745489,back,-0.0040054932478827965,28.0,2.0,-0.0040054932478827965,-0.010989010989007397,-0.004884004884004867
199059131366500,4.1758802,back,-0.0040054932478827965,28.0,2.0,-0.0040054932478827965,-0.010989010989007397,-0.004884004884004867
199059132290100,4.1768038,back,-0.0040054932478827965,28.0,2.0,-0.0040054932478827965,-0.010989010989007397,-0.004884004884004867
199059132916500,4.1774302,back,-0.0040054932478827965,28.0,2.0,-0.0040054932478827965,-0.010989010989007397,-0.004884004884004867
199059133911400,4.1784251,back,-0.0040054932478827965,28.0,2.0,-0.0040054932478827965,-0.010989010989007397,-0.004884004884004867
199059134985200,4.1794989,back,-0.0040054932478827965,28.0,2.0,-0.0040054932478827965,-0.010989010989007397,-0.004884004884004867
199059136093500,4.1806072,back,-0.0040054932478827965,28.0,2.0,-0.0040054932478827965,-0.010989010989007397,-0.004884004884004867
199059137247400,4.1817611,back,-0.0040054932478827965,28.0,2.0,-0.0040054932478827965,-0.010989010989007397,-0.004884004884004867
199059137874400,4.1823881,back,-0.0040054932478827965,28.0,2.0,-0.0040054932478827965,-0.010989010989007397,-0.004884004884004867
199059138876700,4.1833904,back,-0.0040054932478827965,28.0,2.0,-0.0040054932478827965,-0.010989010989007397,-0.004884004884004867
199059139940100,4.1844538,back,-0.0040054932478827965,28.0,2.0,-0.0040054932478827965,-0.010989010989007397,-0.004884004884004867
199059141011700,4.1855254,back,-0.0040054932478827965,28.0,2.0,-0.0040054932478827965,-0.010989010989007397,-0.004884004884004867
199059142108200,4.1866219,back,-0.0040054932478827965,28.0,2.0,-0.0040054932478827965,-0.010989010989007397,-0.004884004884004867
199059143282700,4.1877964,back,-0.0040054932478827965,28.0,2.0,-0.0040054932478827965,-0.010989010989007397,-0.004884004884004867
199059143873600,4.1883873,back,-0.0040054932478827965,28.0,2.0,-0.0040054932478827965,-0.010989010989007397,-0.004884004884004867
199059144884300,4.189398,back,-0.0040054932478827965,28.0,2.0,-0.0040054932478827965,-0.010989010989007397,-0.004884004884004867
199059145963700,4.1904774,back,-0.0040054932478827965,28.0,2.0,-0.0040054932478827965,-0.010989010989007397,-0.004884004884004867
199059147114100,4.1916278,back,-0.0040054932478827965,28.0,2.0,-0.0040054932478827965,-0.010989010989007397,-0.004884004884004867
199059148253400,4.1927671,back,-0.0040054932478827965,28.0,2.0,-0.0040054932478827965,-0.010989010989007397,-0.004884004884004867
199059148877400,4.1933911,back,-0.0040054932478827965,28.0,2.0,-0.0040054932478827965,-0.010989010989007397,-0.004884004884004867
199059149884100,4.1943978,back,-0.0040054932478827965,28.0,2.0,-0.0040054932478827965,-0.010989010989007397,-0.004884004884004867
199059150934800,4.1954485,back,-0.0040054932478827965,28.0,2.0,-0.0040054932478827965,-0.010989010989007397,-0.004884004884004867
199059152027700,4.1965414,back,-0.0040054932478827965,28.0,2.0,-0.0040054932478827965,-0.010989010989007397,-0.004884004884004867
199059153007300,4.197521,back,-0.0040054932478827965,28.0,2.0,-0.0040054932478827965,-0.010989010989007397,-0.004884004884004867
199059154014000,4.1985277,back,-0.0040054932478827965,28.0,2.0,-0.0040054932478827965,-0.010989010989007397,-0.004884004884004867
199059155018700,4.1995324,back,-0.0040054932478827965,28.0,2.0,-0.0040054932478827965,-0.010989010989007397,-0.004884004884004867
199059156026500,4.2005402,back,-0.0040054932478827965,28.0,2.0,-0.0040054932478827965,-0.010989010989007397,-0.004884004884004867
199059157026300,4.20154,back,-0.0040054932478827965,28.0,2.0,-0.0040054932478827965,-0.010989010989007397,-0.004884004884004867
199059158026500,4.2025402,back,-0.0040054932478827965,28.0,2.0,-0.0040054932478827965,-0.010989010989007397,-0.004884004884004867
199059159114800,4.2036285,back,-0.0040054932478827965,28.0,2.0,-0.0040054932478827965,-0.010989010989007397,-0.004884004884004867
199059159716200,4.2042299,back,-0.0040054932478827965,28.0,2.0,-0.0040054932478827965,-0.010989010989007397,-0.004884004884004867
199059160717100,4.2052308,back,-0.0040054932478827965,28.0,2.0,-0.0040054932478827965,-0.010989010989007397,-0.004884004884004867
199059161753100,4.2062668,back,-0.0040054932478827965,28.0,2.0,-0.0040054932478827965,-0.010989010989007397,-0.004884004884004867
199059162906100,4.2074198,back,-0.0040054932478827965,28.0,2.0,-0.0040054932478827965,-0.010989010989007397,-0.004884004884004867
199059164108700,4.2086224,back,-0.0040054932478827965,28.0,2.0,-0.0040054932478827965,-0.010989010989007397,-0.004884004884004867
199059164717200,4.2092309,back,-0.0040054932478827965,28.0,2.0,-0.0040054932478827965,-0.010989010989007397,-0.004884004884004867
199059165721700,4.2102354,back,-0.0040054932478827965,28.0,2.0,-0.0040054932478827965,-0.010989010989007397,-0.004884004884004867
199059166797800,4.2113115,back,-0.0040054932478827965,28.0,2.0,-0.0040054932478827965,-0.010989010989007397,-0.004884004884004867
199059167801000,4.2123147,back,-0.0040054932478827965,28.0,2.0,-0.0040054932478827965,-0.010989010989007397,-0.004884004884004867
199059168806400,4.2133201,back,-0.0040054932478827965,28.0,2.0,-0.0040054932478827965,-0.010989010989007397,-0.004884004884004867
199059169815900,4.2143296,back,-0.0040054932478827965,28.0,2.0,-0.0040054932478827965,-0.010989010989007397,-0.004884004884004867
199059170837800,4.2153515,back,-0.0040054932478827965,28.0,2.0,-0.0040054932478827965,-0.010989010989007397,-0.004884004884004867
199059172266400,4.2167801,back,-0.0040054932478827965,28.0,2.0,-0.0040054932478827965,-0.010989010989007397,-0.004884004884004867
199059172866600,4.2173803,back,-0.0040054932478827965,28.0,2.0,-0.0040054932478827965,-0.010989010989007397,-0.004884004884004867
199059173867300,4.218381,back,-0.0040054932478827965,28.0,2.0,-0.0040054932478827965,-0.010989010989007397,-0.004884004884004867
199059174872600,4.2193863,back,-0.0040054932478827965,28.0,2.0,-0.0040054932478827965,-0.010989010989007397,-0.004884004884004867
199059175873200,4.2203869,back,-0.0040054932478827965,28.0,2.0,-0.0040054932478827965,-0.010989010989007397,-0.004884004884004867
199059176967900,4.2214816,back,-0.0040054932478827965,28.0,2.0,-0.0040054932478827965,-0.010989010989007397,-0.004884004884004867
199059178164800,4.2226785,back,-0.0040054932478827965,28.0,2.0,-0.0040054932478827965,-0.010989010989007397,-0.004884004884004867
199059179382700,4.2238964,back,-0.0040054932478827965,28.0,2.0,-0.0040054932478827965,-0.010989010989007397,-0.004884004884004867
199059179960700,4.2244744,back,-0.0040054932478827965,28.0,2.0,-0.0040054932478827965,-0.010989010989007397,-0.004884004884004867
199059180975000,4.2254887,back,-0.0040054932478827965,28.0,2.0,-0.0040054932478827965,-0.010989010989007397,-0.004884004884004867
199059181973100,4.2264868,back,-0.0040054932478827965,28.0,2.0,-0.0040054932478827965,-0.010989010989007397,-0.004884004884004867
199059182987800,4.2275015,back,-0.0040054932478827965,28.0,2.0,-0.0040054932478827965,-0.010989010989007397,-0.004884004884004867
199059184015700,4.2285294,back,-0.0040054932478827965,28.0,2.0,-0.0040054932478827965,-0.010989010989007397,-0.004884004884004867
199059185000800,4.2295145,back,-0.0040054932478827965,28.0,2.0,-0.0040054932478827965,-0.010989010989007397,-0.004884004884004867
199059186002800,4.2305165,back,-0.0040054932478827965,28.0,2.0,-0.0040054932478827965,-0.010989010989007397,-0.004884004884004867
199059187067600,4.2315813,back,-0.0040054932478827965,28.0,2.0,-0.0040054932478827965,-0.010989010989007397,-0.004884004884004867
199059188157600,4.2326713,back,-0.0040054932478827965,28.0,2.0,-0.0040054932478827965,-0.010989010989007397,-0.004884004884004867
199059189076800,4.2335905,back,-0.0040054932478827965,28.0,2.0,-0.0040054932478827965,-0.010989010989007397,-0.004884004884004867
199059189653100,4.2341668,back,-0.0040054932478827965,28.0,2.0,-0.0040054932478827965,-0.010989010989007397,-0.004884004884004867
199059190659900,4.2351736,back,-0.0040054932478827965,28.0,2.0,-0.0040054932478827965,-0.010989010989007397,-0.004884004884004867
199059191665800,4.2361795,back,-0.0040054932478827965,28.0,2.0,-0.0040054932478827965,-0.010989010989007397,-0.004884004884004867
199059192670300,4.237184,back,-0.0040054932478827965,28.0,2.0,-0.0040054932478827965,-0.010989010989007397,-0.004884004884004867
199059193896700,4.2384104,back,-0.0040054932478827965,28.0,2.0,-0.0040054932478827965,-0.010989010989007397,-0.004884004884004867
199059195252700,4.2397664,back,-0.0040054932478827965,28.0,2.0,-0.0040054932478827965,-0.010989010989007397,-0.004884004884004867
199059195858400,4.2403721,back,-0.0040054932478827965,28.0,2.0,-0.0040054932478827965,-0.010989010989007397,-0.004884004884004867
199059196862800,4.2413765,back,-0.0040054932478827965,28.0,2.0,-0.0040054932478827965,-0.010989010989007397,-0.004884004884004867
199059197958000,4.2424717,back,-0.0040054932478827965,28.0,2.0,-0.0040054932478827965,-0.010989010989007397,-0.004884004884004867
199059199021800,4.2435355,back,-0.0040054932478827965,28.0,2.0,-0.0040054932478827965,-0.010989010989007397,-0.004884004884004867
199059200083800,4.2445975,back,-0.0040054932478827965,28.0,2.0,-0.0040054932478827965,-0.010989010989007397,-0.004884004884004867
199059201216400,4.2457301,back,-0.0040054932478827965,28.0,2.0,-0.0040054932478827965,-0.010989010989007397,-0.004884004884004867
199059201832500,4.2463462,back,-0.0040054932478827965,28.0,2.0,-0.0040054932478827965,-0.010989010989007397,-0.004884004884004867
199059202835200,4.2473489,back,-0.0040054932478827965,28.0,2.0,-0.0040054932478827965,-0.010989010989007397,-0.004884004884004867
199059203943800,4.2484575,back,-0.0040054932478827965,28.0,2.0,-0.0040054932478827965,-0.010989010989007397,-0.004884004884004867
199059205008600,4.2495223,back,-0.0040054932478827965,28.0,2.0,-0.0040054932478827965,-0.010989010989007397,-0.004884004884004867
199059206117100,4.2506308,back,-0.0040054932478827965,28.0,2.0,-0.0040054932478827965,-0.010989010989007397,-0.004884004884004867
199059206710000,4.2512237,back,-0.0040054932478827965,28.0,2.0,-0.0040054932478827965,-0.010989010989007397,-0.004884004884004867
199059207713600,4.2522273,back,-0.0040054932478827965,28.0,2.0,-0.0040054932478827965,-0.010989010989007397,-0.004884004884004867
199059208898400,4.2534121,back,-0.0040054932478827965,28.0,2.0,-0.0040054932478827965,-0.010989010989007397,-0.004884004884004867
199059209984600,4.2544983,back,-0.0040054932478827965,28.0,2.0,-0.0040054932478827965,-0.010989010989007397,-0.004884004884004867
199059210989500,4.2555032,back,-0.0040054932478827965,28.0,2.0,-0.0040054932478827965,-0.010989010989007397,-0.004884004884004867
199059212048100,4.2565618,back,-0.0040054932478827965,28.0,2.0,-0.0040054932478827965,-0.010989010989007397,-0.004884004884004867
199059213219600,4.2577333,back,-0.0040054932478827965,28.0,2.0,-0.0040054932478827965,-0.010989010989007397,-0.004884004884004867
199059213819900,4.2583336,back,-0.0040054932478827965,28.0,2.0,-0.0040054932478827965,-0.010989010989007397,-0.004884004884004867
199059214820700,4.2593344,back,-0.0040054932478827965,28.0,2.0,-0.0040054932478827965,-0.010989010989007397,-0.004884004884004867
199059215883000,4.2603967,back,-0.0040054932478827965,28.0,2.0,-0.0040054932478827965,-0.010989010989007397,-0.004884004884004867
199059217378100,4.2618918,back,-0.0040054932478827965,28.0,2.0,-0.0040054932478827965,-0.010989010989007397,-0.004884004884004867
199059218007400,4.2625211,back,-0.0040054932478827965,28.0,2.0,-0.0040054932478827965,-0.010989010989007397,-0.004884004884004867
199059219017800,4.2635315,back,-0.0040054932478827965,28.0,2.0,-0.0040054932478827965,-0.010989010989007397,-0.004884004884004867
199059220156900,4.2646706,back,-0.0040054932478827965,28.0,2.0,-0.0040054932478827965,-0.010989010989007397,-0.004884004884004867
199059220794400,4.2653081,back,-0.0040054932478827965,28.0,2.0,-0.0040054932478827965,-0.010989010989007397,-0.004884004884004867
199059221816100,4.2663298,back,-0.0040054932478827965,28.0,2.0,-0.0040054932478827965,-0.010989010989007397,-0.004884004884004867
199059222818600,4.2673323,back,-0.0040054932478827965,28.0,2.0,-0.0040054932478827965,-0.010989010989007397,-0.004884004884004867
199059223819700,4.2683334,back,-0.0040054932478827965,28.0,2.0,-0.0040054932478827965,-0.010989010989007397,-0.004884004884004867
199059224807000,4.2693207,back,-0.0040054932478827965,28.0,2.0,-0.0040054932478827965,-0.010989010989007397,-0.004884004884004867
199059225810700,4.2703244,back,-0.0040054932478827965,28.0,2.0,-0.0040054932478827965,-0.010989010989007397,-0.004884004884004867
199059226852600,4.2713663,back,-0.0040054932478827965,28.0,2.0,-0.0040054932478827965,-0.010989010989007397,-0.004884004884004867
199059227918400,4.2724321,back,-0.0040054932478827965,28.0,2.0,-0.0040054932478827965,-0.010989010989007397,-0.004884004884004867
199059228989300,4.273503,back,-0.0040054932478827965,28.0,2.0,-0.0040054932478827965,-0.010989010989007397,-0.004884004884004867
199059230019000,4.2745327,back,-0.0040054932478827965,28.0,2.0,-0.0040054932478827965,-0.010989010989007397,-0.004884004884004867
199059231155500,4.2756692,back,-0.0040054932478827965,28.0,2.0,-0.0040054932478827965,-0.010989010989007397,-0.004884004884004867
199059231742600,4.2762563,back,-0.0040054932478827965,28.0,2.0,-0.0040054932478827965,-0.010989010989007397,-0.004884004884004867
199059232746900,4.2772606,back,-0.0040054932478827965,28.0,2.0,-0.0040054932478827965,-0.010989010989007397,-0.004884004884004867
199059233754000,4.2782677,back,-0.0040054932478827965,28.0,2.0,-0.0040054932478827965,-0.010989010989007397,-0.004884004884004867
199059234763200,4.2792769,back,-0.0040054932478827965,28.0,2.0,-0.0040054932478827965,-0.010989010989007397,-0.004884004884004867
199059235766800,4.2802805,back,-0.0040054932478827965,28.0,2.0,-0.0040054932478827965,-0.010989010989007397,-0.004884004884004867
199059236817100,4.2813308,back,-0.0040054932478827965,28.0,2.0,-0.0040054932478827965,-0.010989010989007397,-0.004884004884004867
199059237830900,4.2823446,back,-0.0040054932478827965,28.0,2.0,-0.0040054932478827965,-0.010989010989007397,-0.004884004884004867
199059238848000,4.2833617,back,-0.0040054932478827965,28.0,2.0,-0.0040054932478827965,-0.010989010989007397,-0.004884004884004867
199059239997200,4.2845109,back,-0.0040054932478827965,28.0,2.0,-0.0040054932478827965,-0.010989010989007397,-0.004884004884004867
199059241439800,4.2859535,back,-0.0040054932478827965,28.0,2.0,-0.0040054932478827965,-0.010989010989007397,-0.0146520146520146
199059241949800,4.2864635,back,-0.0040054932478827965,28.0,2.0,-0.0040054932478827965,-0.010989010989007397,-0.0146520146520146
199059242964700,4.2874784,back,-0.0040054932478827965,28.0,2.0,-0.0040054932478827965,-0.010989010989007397,-0.0146520146520146
199059244007700,4.2885214,back,-0.0040054932478827965,28.0,2.0,-0.0040054932478827965,-0.010989010989007397,-0.0146520146520146
199059245031400,4.2895451,back,-0.0040054932478827965,28.0,2.0,-0.0040054932478827965,-0.010989010989007397,-0.0146520146520146
199059246058200,4.2905719,back,-0.0040054932478827965,28.0,2.0,-0.0040054932478827965,-0.010989010989007397,-0.0146520146520146
199059246577300,4.291091,back,-0.0040054932478827965,28.0,2.0,-0.0040054932478827965,-0.010989010989007397,-0.0146520146520146
199059248113900,4.2926276,back,-0.0040054932478827965,28.0,2.0,-0.0040054932478827965,-0.010989010989007397,-0.0146520146520146
199059248723500,4.2932372,back,-0.0040054932478827965,28.0,2.0,-0.0040054932478827965,-0.010989010989007397,-0.0146520146520146
199059249730000,4.2942437,back,-0.0040054932478827965,28.0,2.0,-0.0040054932478827965,-0.010989010989007397,-0.0146520146520146
199059250734700,4.2952484,back,-0.0040054932478827965,28.0,2.0,-0.0040054932478827965,-0.010989010989007397,-0.0146520146520146
199059251738100,4.2962518,back,-0.0040054932478827965,28.0,2.0,-0.0040054932478827965,-0.010989010989007397,-0.0146520146520146
199059252827300,4.297341,back,-0.0040054932478827965,28.0,2.0,-0.0040054932478827965,-0.010989010989007397,-0.0146520146520146
199059253840100,4.2983538,back,-0.0040054932478827965,28.0,2.0,-0.0040054932478827965,-0.010989010989007397,-0.0146520146520146
199059254837800,4.2993515,back,-0.0040054932478827965,28.0,2.0,-0.0040054932478827965,-0.010989010989007397,-0.0146520146520146
199059256090400,4.3006041,back,-0.0040054932478827965,28.0,2.0,-0.0040054932478827965,-0.010989010989007397,-0.0146520146520146
199059256930400,4.3014441,back,-0.0040054932478827965,28.0,2.0,-0.0040054932478827965,-0.010989010989007397,-0.0146520146520146
199059257932200,4.3024459,back,-0.0040054932478827965,28.0,2.0,-0.0040054932478827965,-0.010989010989007397,-0.0146520146520146
199059259014600,4.3035283,back,-0.0040054932478827965,28.0,2.0,-0.0040054932478827965,-0.010989010989007397,-0.0146520146520146
199059260098400,4.3046121,back,-0.0040054932478827965,28.0,2.0,-0.0040054932478827965,-0.010989010989007397,-0.0146520146520146
199059260703900,4.3052176,back,-0.0040054932478827965,28.0,2.0,-0.0040054932478827965,-0.010989010989007397,-0.0146520146520146
199059261710600,4.3062243,back,-0.0040054932478827965,28.0,2.0,-0.0040054932478827965,-0.010989010989007397,-0.0146520146520146
199059262751900,4.3072656,back,-0.0040054932478827965,28.0,2.0,-0.0040054932478827965,-0.010989010989007397,-0.0146520146520146
199059263879000,4.3083927,back,-0.0040054932478827965,28.0,2.0,-0.0040054932478827965,-0.010989010989007397,-0.0146520146520146
199059264941600,4.3094553,back,-0.0040054932478827965,28.0,2.0,-0.0040054932478827965,-0.010989010989007397,-0.0146520146520146
199059266037300,4.310551,back,-0.0040054932478827965,28.0,2.0,-0.0040054932478827965,-0.010989010989007397,-0.0146520146520146
199059267116900,4.3116306,back,-0.0040054932478827965,28.0,2.0,-0.0040054932478827965,-0.010989010989007397,-0.0146520146520146
199059268267000,4.3127807,back,-0.0040054932478827965,28.0,2.0,-0.0040054932478827965,-0.010989010989007397,-0.0146520146520146
199059268889200,4.3134029,back,-0.0040054932478827965,28.0,2.0,-0.0040054932478827965,-0.010989010989007397,-0.0146520146520146
199059269887400,4.3144011,back,-0.0040054932478827965,28.0,2.0,-0.0040054932478827965,-0.010989010989007397,-0.0146520146520146
199059271004500,4.3155182,back,-0.0040054932478827965,28.0,2.0,-0.0040054932478827965,-0.010989010989007397,-0.0146520146520146
199059272163900,4.3166776,back,-0.0040054932478827965,28.0,2.0,-0.0040054932478827965,-0.010989010989007397,-0.0146520146520146
199059272740000,4.3172537,back,-0.0040054932478827965,28.0,2.0,-0.0040054932478827965,-0.010989010989007397,-0.0146520146520146
199059273741500,4.3182552,back,-0.0040054932478827965,28.0,2.0,-0.0040054932478827965,-0.010989010989007397,-0.0146520146520146
199059274801100,4.3193148,back,-0.0040054932478827965,28.0,2.0,-0.0040054932478827965,-0.010989010989007397,-0.0146520146520146
199059275873400,4.3203871,back,-0.0040054932478827965,28.0,2.0,-0.0040054932478827965,-0.010989010989007397,-0.0146520146520146
199059276876800,4.3213905,back,-0.0040054932478827965,28.0,2.0,-0.0040054932478827965,-0.010989010989007397,-0.0146520146520146
199059277885100,4.3223988,back,-0.0040054932478827965,28.0,2.0,-0.0040054932478827965,-0.010989010989007397,-0.0146520146520146
199059279018800,4.3235325,back,-0.0040054932478827965,28.0,2.0,-0.0040054932478827965,-0.010989010989007397,-0.0146520146520146
199059280024600,4.3245383,back,-0.0040054932478827965,28.0,2.0,-0.0040054932478827965,-0.010989010989007397,-0.0146520146520146
199059281025300,4.325539,back,-0.0040054932478827965,28.0,2.0,-0.0040054932478827965,-0.010989010989007397,-0.0146520146520146
199059282107200,4.3266209,back,-0.0040054932478827965,28.0,2.0,-0.0040054932478827965,-0.010989010989007397,-0.0146520146520146
199059282689100,4.3272028,back,-0.0040054932478827965,28.0,2.0,-0.0040054932478827965,-0.010989010989007397,-0.0146520146520146
199059283691300,4.328205,back,-0.0040054932478827965,28.0,2.0,-0.0040054932478827965,-0.010989010989007397,-0.0146520146520146
199059284747000,4.3292607,back,-0.0040054932478827965,28.0,2.0,-0.0040054932478827965,-0.010989010989007397,-0.0146520146520146
199059285744500,4.3302582,back,-0.0040054932478827965,28.0,2.0,-0.0040054932478827965,-0.010989010989007397,-0.0146520146520146
199059287491400,4.3320051,back,-0.0040054932478827965,28.0,2.0,-0.0040054932478827965,-0.010989010989007397,-0.0146520146520146
199059288028000,4.3325417,back,-0.0040054932478827965,28.0,2.0,-0.0040054932478827965,-0.010989010989007397,-0.0146520146520146
199059288650600,4.3331643,back,-0.0040054932478827965,28.0,2.0,-0.0040054932478827965,-0.010989010989007397,-0.0146520146520146
199059289645200,4.3341589,back,-0.0040054932478827965,28.0,2.0,-0.0040054932478827965,-0.010989010989007397,-0.0146520146520146
199059290719300,4.335233,back,-0.0040054932478827965,28.0,2.0,-0.0040054932478827965,-0.010989010989007397,-0.0146520146520146
199059291809800,4.3363235,back,-0.0040054932478827965,28.0,2.0,-0.0040054932478827965,-0.010989010989007397,-0.0146520146520146
199059292814000,4.3373277,back,-0.0040054932478827965,28.0,2.0,-0.0040054932478827965,-0.010989010989007397,-0.0146520146520146
199059293851500,4.3383652,back,-0.0040054932478827965,28.0,2.0,-0.0040054932478827965,-0.010989010989007397,-0.0146520146520146
199059294954100,4.3394678,back,-0.0040054932478827965,28.0,2.0,-0.0040054932478827965,-0.010989010989007397,-0.0146520146520146
199059295957800,4.3404715,back,-0.0040054932478827965,28.0,2.0,-0.0040054932478827965,-0.010989010989007397,-0.0146520146520146
199059296963200,4.3414769,back,-0.0040054932478827965,28.0,2.0,-0.0040054932478827965,-0.010989010989007397,-0.0146520146520146
199059298576000,4.3430897,back,-0.0040054932478827965,28.0,2.0,-0.0040054932478827965,-0.010989010989007397,-0.0146520146520146
199059298698400,4.3432121,back,-0.0040054932478827965,28.0,2.0,-0.0040054932478827965,-0.010989010989007397,-0.0146520146520146
199059299970900,4.3444846,back,-0.0040054932478827965,28.0,2.0,-0.0040054932478827965,-0.010989010989007397,-0.0146520146520146
199059300972100,4.3454858,back,-0.0040054932478827965,28.0,2.0,-0.0040054932478827965,-0.010989010989007397,-0.0146520146520146
199059302274000,4.3467877,back,-0.0040054932478827965,28.0,2.0,-0.0040054932478827965,-0.010989010989007397,-0.0146520146520146
199059302905500,4.3474192,back,-0.0040054932478827965,28.0,2.0,-0.0040054932478827965,-0.010989010989007397,-0.0146520146520146
199059303889200,4.3484029,back,-0.0040054932478827965,28.0,2.0,-0.0040054932478827965,-0.010989010989007397,-0.0146520146520146
199059304960900,4.3494746,back,-0.0040054932478827965,28.0,2.0,-0.0040054932478827965,-0.010989010989007397,-0.0146520146520146
199059306396800,4.3509105,back,-0.0040054932478827965,28.0,2.0,-0.0040054932478827965,-0.010989010989007397,-0.0146520146520146
199059307010000,4.3515237,back,-0.0040054932478827965,28.0,2.0,-0.0040054932478827965,-0.010989010989007397,-0.0146520146520146
199059308016100,4.3525298,back,-0.0040054932478827965,28.0,2.0,-0.0040054932478827965,-0.010989010989007397,-0.0146520146520146
199059309163700,4.3536774,back,-0.0040054932478827965,28.0,2.0,-0.0040054932478827965,-0.010989010989007397,-0.0146520146520146
199059309787800,4.3543015,back,-0.0040054932478827965,28.0,2.0,-0.0040054932478827965,-0.010989010989007397,-0.0146520146520146
199059310788700,4.3553024,back,-0.0040054932478827965,28.0,2.0,-0.0040054932478827965,-0.010989010989007397,-0.0146520146520146
199059311839100,4.3563528,back,-0.0040054932478827965,28.0,2.0,-0.0040054932478827965,-0.010989010989007397,-0.0146520146520146
199059313137100,4.3576508,back,-0.0040054932478827965,28.0,2.0,-0.0040054932478827965,-0.010989010989007397,-0.0146520146520146
199059313715500,4.3582292,back,-0.0040054932478827965,28.0,2.0,-0.0040054932478827965,-0.010989010989007397,-0.0146520146520146
199059314718200,4.3592319,back,-0.0040054932478827965,28.0,2.0,-0.0040054932478827965,-0.010989010989007397,-0.0146520146520146
199059315805700,4.3603194,back,-0.0040054932478827965,28.0,2.0,-0.0040054932478827965,-0.010989010989007397,-0.0146520146520146
199059317005400,4.3615191,back,-0.0040054932478827965,28.0,2.0,-0.0040054932478827965,-0.010989010989007397,-0.0146520146520146
199059318137600,4.3626513,back,-0.0040054932478827965,28.0,2.0,-0.0040054932478827965,-0.010989010989007397,-0.0146520146520146
199059319392800,4.3639065,back,-0.0040054932478827965,28.0,2.0,-0.0040054932478827965,-0.010989010989007397,-0.0146520146520146
199059320103700,4.3646174,back,-0.0040054932478827965,28.0,2.0,-0.0040054932478827965,-0.010989010989007397,-0.0146520146520146
199059321099800,4.3656135,back,-0.0040054932478827965,28.0,2.0,-0.0040054932478827965,-0.010989010989007397,-0.0146520146520146
199059321698400,4.3662121,back,-0.0040054932478827965,28.0,2.0,-0.0040054932478827965,-0.010989010989007397,-0.0146520146520146
199059322725800,4.3672395,back,-0.0040054932478827965,28.0,2.0,-0.0040054932478827965,-0.010989010989007397,-0.0146520146520146
199059323726400,4.3682401,back,-0.0040054932478827965,28.0,2.0,-0.0040054932478827965,-0.010989010989007397,-0.0146520146520146
199059324709700,4.3692234,back,-0.0040054932478827965,28.0,2.0,-0.0040054932478827965,-0.010989010989007397,-0.0146520146520146
199059325711900,4.3702256,back,-0.0040054932478827965,28.0,2.0,-0.0040054932478827965,-0.010989010989007397,-0.0146520146520146
199059326713200,4.3712269,back,-0.0040054932478827965,28.0,2.0,-0.0040054932478827965,-0.010989010989007397,-0.0146520146520146
199059327725200,4.3722389,back,-0.0040054932478827965,28.0,2.0,-0.0040054932478827965,-0.010989010989007397,-0.0146520146520146
199059328729300,4.373243,back,-0.0040054932478827965,28.0,2.0,-0.0040054932478827965,-0.010989010989007397,-0.0146520146520146
199059329733200,4.3742469,back,-0.0040054932478827965,28.0,2.0,-0.0040054932478827965,-0.010989010989007397,-0.0146520146520146
199059330739300,4.375253,back,-0.0040054932478827965,28.0,2.0,-0.0040054932478827965,-0.010989010989007397,-0.0146520146520146
199059332214800,4.3767285,back,-0.0040054932478827965,28.0,2.0,-0.0040054932478827965,-0.010989010989007397,-0.0146520146520146
199059332832800,4.3773465,back,-0.0040054932478827965,28.0,2.0,-0.0040054932478827965,-0.010989010989007397,-0.0146520146520146
199059333925900,4.3784396,back,-0.0040054932478827965,28.0,2.0,-0.0040054932478827965,-0.010989010989007397,-0.0146520146520146
199059334841700,4.3793554,back,-0.0040054932478827965,28.0,2.0,-0.0040054932478827965,-0.010989010989007397,-0.0146520146520146
199059335849200,4.3803629,back,-0.0040054932478827965,28.0,2.0,-0.0040054932478827965,-0.010989010989007397,-0.0146520146520146
199059336874800,4.3813885,back,-0.0040054932478827965,28.0,2.0,-0.0040054932478827965,-0.010989010989007397,-0.0146520146520146
199059337873200,4.3823869,back,-0.0040054932478827965,28.0,2.0,-0.0040054932478827965,-0.010989010989007397,-0.0146520146520146
199059338876000,4.3833897,back,-0.0040054932478827965,28.0,2.0,-0.0040054932478827965,-0.010989010989007397,-0.0146520146520146
199059339860600,4.3843743,back,-0.0040054932478827965,28.0,2.0,-0.0040054932478827965,-0.010989010989007397,-0.0146520146520146
199059340862000,4.3853757,back,-0.0040054932478827965,28.0,2.0,-0.0040054932478827965,-0.010989010989007397,-0.0146520146520146
199059341866100,4.3863798,back,-0.0040054932478827965,28.0,2.0,-0.0040054932478827965,-0.010989010989007397,-0.0146520146520146
199059342873600,4.3873873,back,-0.0040054932478827965,28.0,2.0,-0.0040054932478827965,-0.010989010989007397,-0.0146520146520146
199059343879400,4.3883931,back,-0.0040054932478827965,28.0,2.0,-0.0040054932478827965,-0.010989010989007397,-0.0146520146520146
199059344895100,4.3894088,back,-0.0040054932478827965,28.0,2.0,-0.0040054932478827965,-0.010989010989007397,-0.0146520146520146
199059345885500,4.3903992,back,-0.0040054932478827965,28.0,2.0,-0.0040054932478827965,-0.010989010989007397,-0.0146520146520146
199059346967400,4.3914811,back,-0.0040054932478827965,28.0,2.0,-0.0040054932478827965,-0.010989010989007397,-0.0146520146520146
199059348031900,4.3925456,back,-0.0040054932478827965,28.0,2.0,-0.0040054932478827965,-0.010989010989007397,-0.0146520146520146
199059349222400,4.3937361,back,-0.0040054932478827965,28.0,2.0,-0.0040054932478827965,-0.010989010989007397,-0.0146520146520146
199059350134300,4.394648,back,-0.0040054932478827965,28.0,2.0,-0.0040054932478827965,-0.010989010989007397,-0.0146520146520146
199059351135200,4.3956489,back,-0.0040054932478827965,28.0,2.0,-0.0040054932478827965,-0.010989010989007397,-0.0146520146520146
199059351636300,4.39615,back,-0.0040054932478827965,28.0,2.0,-0.0040054932478827965,-0.010989010989007397,-0.0146520146520146
199059352638500,4.3971522,back,-0.0040054932478827965,28.0,2.0,-0.0040054932478827965,-0.010989010989007397,-0.0146520146520146
199059353735100,4.3982488,back,-0.0040054932478827965,28.0,2.0,-0.0040054932478827965,-0.010989010989007397,-0.0146520146520146
199059354808700,4.3993224,back,-0.0040054932478827965,28.0,2.0,-0.0040054932478827965,-0.010989010989007397,-0.0146520146520146
199059355805800,4.4003195,back,-0.0040054932478827965,28.0,2.0,-0.0040054932478827965,-0.010989010989007397,-0.0146520146520146
199059356806900,4.4013206,back,-0.0040054932478827965,28.0,2.0,-0.0040054932478827965,-0.010989010989007397,-0.0146520146520146
199059357814000,4.4023277,back,-0.0040054932478827965,28.0,2.0,-0.0040054932478827965,-0.010989010989007397,-0.0146520146520146
199059358830100,4.4033438,back,-0.0040054932478827965,28.0,2.0,-0.0040054932478827965,-0.010989010989007397,-0.0146520146520146
199059359821200,4.4043349,back,-0.0040054932478827965,28.0,2.0,-0.0040054932478827965,-0.010989010989007397,-0.0146520146520146
199059360830300,4.405344,back,-0.0040054932478827965,28.0,2.0,-0.0040054932478827965,-0.010989010989007397,-0.0146520146520146
199059362066000,4.4065797,back,-0.0040054932478827965,28.0,2.0,-0.0040054932478827965,-0.010989010989007397,-0.0146520146520146
199059363073100,4.4075868,back,-0.0040054932478827965,28.0,2.0,-0.0040054932478827965,-0.010989010989007397,-0.0146520146520146
199059363575200,4.4080889,back,-0.0040054932478827965,28.0,2.0,-0.0040054932478827965,-0.010989010989007397,-0.0146520146520146
199059364745700,4.4092594,back,-0.0040054932478827965,28.0,2.0,-0.0040054932478827965,-0.010989010989007397,-0.0146520146520146
199059366087100,4.4106008,back,-0.0040054932478827965,28.0,2.0,-0.0040054932478827965,-0.010989010989007397,-0.0146520146520146
199059367090100,4.4116038,back,-0.0040054932478827965,28.0,2.0,-0.0040054932478827965,-0.010989010989007397,-0.0146520146520146
199059368099700,4.4126134,back,-0.0040054932478827965,28.0,2.0,-0.0040054932478827965,-0.010989010989007397,-0.0146520146520146
199059369104800,4.4136185,back,-0.0040054932478827965,28.0,2.0,-0.0040054932478827965,-0.010989010989007397,-0.0146520146520146
199059369707800,4.4142215,back,-0.0040054932478827965,28.0,2.0,-0.0040054932478827965,-0.010989010989007397,-0.0146520146520146
199059370710000,4.4152237,back,-0.0040054932478827965,28.0,2.0,-0.0040054932478827965,-0.010989010989007397,-0.0146520146520146
199059371738100,4.4162518,back,-0.0040054932478827965,28.0,2.0,-0.0040054932478827965,-0.010989010989007397,-0.0146520146520146
199059372722900,4.4172366,back,-0.0040054932478827965,28.0,2.0,-0.0040054932478827965,-0.010989010989007397,-0.0146520146520146
199059374298300,4.418812,back,-0.0040054932478827965,28.0,2.0,-0.0040054932478827965,-0.010989010989007397,-0.0146520146520146
199059374913600,4.4194273,back,-0.0040054932478827965,28.0,2.0,-0.0040054932478827965,-0.010989010989007397,-0.0146520146520146
199059375913700,4.4204274,back,-0.0040054932478827965,28.0,2.0,-0.0040054932478827965,-0.010989010989007397,-0.0146520146520146
199059376988400,4.4215021,back,-0.0040054932478827965,28.0,2.0,-0.0040054932478827965,-0.010989010989007397,-0.0146520146520146
199059378163100,4.4226768,back,-0.0040054932478827965,28.0,2.0,-0.0040054932478827965,-0.010989010989007397,-0.0146520146520146
199059378725200,4.4232389,back,-0.0040054932478827965,28.0,2.0,-0.0040054932478827965,-0.010989010989007397,-0.0146520146520146
199059379812000,4.4243257,back,-0.0040054932478827965,28.0,2.0,-0.0040054932478827965,-0.010989010989007397,-0.0146520146520146
199059380737200,4.4252509,back,-0.0040054932478827965,28.0,2.0,-0.0040054932478827965,-0.010989010989007397,-0.0146520146520146
199059381741200,4.4262549,back,-0.0040054932478827965,28.0,2.0,-0.0040054932478827965,-0.010989010989007397,-0.0146520146520146
199059382918300,4.427432,back,-0.0040054932478827965,28.0,2.0,-0.0040054932478827965,-0.010989010989007397,-0.0146520146520146
199059383892400,4.4284061,back,-0.0040054932478827965,28.0,2.0,-0.0040054932478827965,-0.010989010989007397,-0.0146520146520146
199059384892000,4.4294057,back,-0.0040054932478827965,28.0,2.0,-0.0040054932478827965,-0.010989010989007397,-0.0146520146520146
199059385913400,4.4304271,back,-0.0040054932478827965,28.0,2.0,-0.0040054932478827965,-0.010989010989007397,-0.0146520146520146
199059386915600,4.4314293,back,-0.0040054932478827965,28.0,2.0,-0.0040054932478827965,-0.010989010989007397,-0.0146520146520146
199059387900700,4.4324144,back,-0.0040054932478827965,28.0,2.0,-0.0040054932478827965,-0.010989010989007397,-0.0146520146520146
199059388929500,4.4334432,back,-0.0040054932478827965,28.0,2.0,-0.0040054932478827965,-0.010989010989007397,-0.0146520146520146
199059389914600,4.4344283,back,-0.0040054932478827965,28.0,2.0,-0.0040054932478827965,-0.010989010989007397,-0.0146520146520146
199059390918300,4.435432,back,-0.0040054932478827965,28.0,2.0,-0.0040054932478827965,-0.010989010989007397,-0.0146520146520146
199059391944200,4.4364579,back,-0.0040054932478827965,28.0,2.0,-0.0040054932478827965,-0.010989010989007397,-0.0146520146520146
199059392934400,4.4374481,back,-0.0040054932478827965,28.0,2.0,-0.0040054932478827965,-0.010989010989007397,-0.0146520146520146
199059393944500,4.4384582,back,-0.0040054932478827965,28.0,2.0,-0.0040054932478827965,-0.010989010989007397,-0.0146520146520146
199059395033500,4.4395472,back,-0.0040054932478827965,28.0,2.0,-0.0040054932478827965,-0.010989010989007397,-0.0146520146520146
199059395951600,4.4404653,back,-0.0040054932478827965,28.0,2.0,-0.0040054932478827965,-0.010989010989007397,-0.0146520146520146
199059397035300,4.441549,back,-0.0040054932478827965,28.0,2.0,-0.0040054932478827965,-0.010989010989007397,-0.0146520146520146
199059398061200,4.4425749,back,-0.0040054932478827965,28.0,2.0,-0.0040054932478827965,-0.010989010989007397,-0.0146520146520146
199059399109100,4.4436228,back,-0.0040054932478827965,28.0,2.0,-0.0040054932478827965,-0.010989010989007397,-0.0146520146520146
199059400040800,4.4445545,back,-0.0040054932478827965,28.0,2.0,-0.0040054932478827965,-0.010989010989007397,-0.0146520146520146
199059401063500,4.4455772,back,-0.0040054932478827965,28.0,2.0,-0.0040054932478827965,-0.010989010989007397,-0.0146520146520146
199059402064600,4.4465783,back,-0.0040054932478827965,28.0,2.0,-0.0040054932478827965,-0.010989010989007397,-0.0146520146520146
199059403054400,4.4475681,back,-0.0040054932478827965,28.0,2.0,-0.0040054932478827965,-0.010989010989007397,-0.0146520146520146
199059404056800,4.4485705,back,-0.0040054932478827965,28.0,2.0,-0.0040054932478827965,-0.010989010989007397,-0.0146520146520146
199059405059400,4.4495731,back,-0.0040054932478827965,28.0,2.0,-0.0040054932478827965,-0.010989010989007397,-0.0146520146520146
199059405564000,4.4500777,back,-0.0040054932478827965,28.0,2.0,-0.0040054932478827965,-0.010989010989007397,-0.0146520146520146
199059406566000,4.4510797,back,-0.0040054932478827965,28.0,2.0,-0.0040054932478827965,-0.010989010989007397,-0.0146520146520146
199059408201700,4.4527154,back,-0.0040054932478827965,28.0,2.0,-0.0040054932478827965,-0.010989010989007397,-0.0146520146520146
199059408822900,4.4533366,back,-0.0040054932478827965,28.0,2.0,-0.0040054932478827965,-0.010989010989007397,-0.0146520146520146
199059409828100,4.4543418,back,-0.0040054932478827965,28.0,2.0,-0.0040054932478827965,-0.010989010989007397,-0.0146520146520146
199059410835000,4.4553487,back,-0.0040054932478827965,28.0,2.0,-0.0040054932478827965,-0.010989010989007397,-0.0146520146520146
199059411844400,4.4563581,back,-0.0040054932478827965,28.0,2.0,-0.0040054932478827965,-0.010989010989007397,-0.0146520146520146
199059412846300,4.45736,back,-0.0040054932478827965,28.0,2.0,-0.0040054932478827965,-0.010989010989007397,-0.0146520146520146
199059413854100,4.4583678,back,-0.0040054932478827965,28.0,2.0,-0.0040054932478827965,-0.010989010989007397,-0.0146520146520146
199059414850200,4.4593639,back,-0.0040054932478827965,28.0,2.0,-0.0040054932478827965,-0.010989010989007397,-0.0146520146520146
199059415871000,4.4603847,back,-0.0040054932478827965,28.0,2.0,-0.0040054932478827965,-0.010989010989007397,-0.0146520146520146
199059416872400,4.4613861,back,-0.0040054932478827965,28.0,2.0,-0.0040054932478827965,-0.010989010989007397,-0.0146520146520146
199059417874800,4.4623885,back,-0.0040054932478827965,28.0,2.0,-0.0040054932478827965,-0.010989010989007397,-0.0146520146520146
199059418872900,4.4633866,back,-0.0040054932478827965,28.0,2.0,-0.0040054932478827965,-0.010989010989007397,-0.0146520146520146
199059419867800,4.4643815,back,-0.0040054932478827965,28.0,2.0,-0.0040054932478827965,-0.010989010989007397,-0.0146520146520146
199059420902600,4.4654163,back,-0.0040054932478827965,28.0,2.0,-0.0040054932478827965,-0.010989010989007397,-0.0146520146520146
199059421875300,4.466389,back,-0.0040054932478827965,28.0,2.0,-0.0040054932478827965,-0.010989010989007397,-0.0146520146520146
199059422943900,4.4674576,back,-0.0040054932478827965,28.0,2.0,-0.0040054932478827965,-0.010989010989007397,-0.0146520146520146
199059423949400,4.4684631,back,-0.0040054932478827965,28.0,2.0,-0.0040054932478827965,-0.010989010989007397,-0.0146520146520146
199059424956500,4.4694702,back,-0.0040054932478827965,28.0,2.0,-0.0040054932478827965,-0.010989010989007397,-0.0146520146520146
199059425959300,4.470473,back,-0.0040054932478827965,28.0,2.0,-0.0040054932478827965,-0.010989010989007397,-0.0146520146520146
199059426964700,4.4714784,back,-0.0040054932478827965,28.0,2.0,-0.0040054932478827965,-0.010989010989007397,-0.0146520146520146
199059428142100,4.4726558,back,-0.0040054932478827965,28.0,2.0,-0.0040054932478827965,-0.010989010989007397,-0.0146520146520146
199059429087500,4.4736012,back,-0.0040054932478827965,28.0,2.0,-0.0040054932478827965,-0.010989010989007397,-0.0146520146520146
199059430082000,4.4745957,back,-0.0040054932478827965,28.0,2.0,-0.0040054932478827965,-0.010989010989007397,-0.0146520146520146
199059431198300,4.475712,back,-0.0040054932478827965,28.0,2.0,-0.0040054932478827965,-0.010989010989007397,-0.0146520146520146
199059431782400,4.4762961,back,-0.0040054932478827965,28.0,2.0,-0.0040054932478827965,-0.010989010989007397,-0.0146520146520146
199059432785500,4.4772992,back,-0.0040054932478827965,28.0,2.0,-0.0040054932478827965,-0.010989010989007397,-0.0146520146520146
199059433792800,4.4783065,back,-0.0040054932478827965,28.0,2.0,-0.0040054932478827965,-0.010989010989007397,-0.0146520146520146
199059434795700,4.4793094,back,-0.0040054932478827965,28.0,2.0,-0.0040054932478827965,-0.010989010989007397,-0.0146520146520146
199059435897300,4.480411,back,-0.0040054932478827965,28.0,2.0,-0.0040054932478827965,-0.010989010989007397,-0.0146520146520146
199059436994200,4.4815079,back,-0.0040054932478827965,28.0,2.0,-0.0040054932478827965,-0.010989010989007397,-0.0146520146520146
199059438060600,4.4825743,back,-0.0040054932478827965,28.0,2.0,-0.0040054932478827965,-0.010989010989007397,-0.0146520146520146
199059439190000,4.4837037,back,-0.0040054932478827965,28.0,2.0,-0.0040054932478827965,-0.010989010989007397,-0.0146520146520146
199059439876300,4.48439,back,-0.0040054932478827965,28.0,2.0,-0.0040054932478827965,-0.010989010989007397,-0.0146520146520146
199059440975600,4.4854893,back,-0.0040054932478827965,28.0,2.0,-0.0040054932478827965,-0.010989010989007397,-0.0146520146520146
199059441894200,4.4864079,back,-0.0040054932478827965,28.0,2.0,-0.0040054932478827965,-0.010989010989007397,-0.0146520146520146
199059442901100,4.4874148,back,-0.0040054932478827965,28.0,2.0,-0.0040054932478827965,-0.010989010989007397,-0.0146520146520146
199059443979500,4.4884932,back,-0.0040054932478827965,28.0,2.0,-0.0040054932478827965,-0.010989010989007397,-0.0146520146520146
199059445062300,4.489576,back,-0.0040054932478827965,28.0,2.0,-0.0040054932478827965,-0.010989010989007397,-0.0146520146520146
199059446182300,4.490696,back,-0.0040054932478827965,28.0,2.0,-0.0040054932478827965,-0.010989010989007397,-0.0146520146520146
199059446828000,4.4913417,back,-0.0040054932478827965,28.0,2.0,-0.0040054932478827965,-0.010989010989007397,-0.0146520146520146
199059447832000,4.4923457,back,-0.0040054932478827965,28.0,2.0,-0.0040054932478827965,-0.010989010989007397,-0.0146520146520146
199059448917100,4.4934308,back,-0.0040054932478827965,28.0,2.0,-0.0040054932478827965,-0.010989010989007397,-0.0146520146520146
199059449959800,4.4944735,back,-0.0040054932478827965,28.0,2.0,-0.0040054932478827965,-0.010989010989007397,-0.0146520146520146
199059451007600,4.4955213,back,-0.0040054932478827965,28.0,2.0,-0.0040054932478827965,-0.010989010989007397,-0.0146520146520146
199059452108100,4.4966218,back,-0.0040054932478827965,28.0,2.0,-0.0040054932478827965,-0.010989010989007397,-0.0146520146520146
199059453195700,4.4977094,back,-0.0040054932478827965,28.0,2.0,-0.0040054932478827965,-0.010989010989007397,-0.0146520146520146
199059453831700,4.4983454,back,-0.0040054932478827965,28.0,2.0,-0.0040054932478827965,-0.010989010989007397,-0.0146520146520146
199059454833800,4.4993475,back,-0.0040054932478827965,28.0,2.0,-0.0040054932478827965,-0.010989010989007397,-0.0146520146520146
199059455876500,4.5003902,back,-0.0040054932478827965,28.0,2.0,-0.0040054932478827965,-0.010989010989007397,-0.0146520146520146
199059457017500,4.5015312,back,-0.0040054932478827965,28.0,2.0,-0.0040054932478827965,-0.010989010989007397,-0.0146520146520146
199059458081000,4.5025947,back,-0.0040054932478827965,28.0,2.0,-0.0040054932478827965,-0.010989010989007397,-0.0146520146520146
199059458666900,4.5031806,back,-0.0040054932478827965,28.0,2.0,-0.0040054932478827965,-0.010989010989007397,-0.0146520146520146
199059459667300,4.504181,back,-0.0040054932478827965,28.0,2.0,-0.0040054932478827965,-0.010989010989007397,-0.0146520146520146
199059460751000,4.5052647,back,-0.0040054932478827965,28.0,2.0,-0.0040054932478827965,-0.010989010989007397,-0.0146520146520146
199059461816900,4.5063306,back,-0.0040054932478827965,28.0,2.0,-0.0040054932478827965,-0.010989010989007397,-0.0146520146520146
199059462823500,4.5073372,back,-0.0040054932478827965,28.0,2.0,-0.0040054932478827965,-0.010989010989007397,-0.0146520146520146
199059463944900,4.5084586,back,-0.0040054932478827965,28.0,2.0,-0.0040054932478827965,-0.010989010989007397,-0.0146520146520146
199059464966600,4.5094803,back,-0.0040054932478827965,28.0,2.0,-0.0040054932478827965,-0.010989010989007397,-0.0146520146520146
199059465958200,4.5104719,back,-0.0040054932478827965,28.0,2.0,-0.0040054932478827965,-0.010989010989007397,-0.0146520146520146
199059467005400,4.5115191,back,-0.0040054932478827965,28.0,2.0,-0.0040054932478827965,-0.010989010989007397,-0.0146520146520146
199059468014900,4.5125286,back,-0.0040054932478827965,28.0,2.0,-0.0040054932478827965,-0.010989010989007397,-0.0146520146520146
199059469021500,4.5135352,back,-0.0040054932478827965,28.0,2.0,-0.0040054932478827965,-0.010989010989007397,-0.0146520146520146
199059471532300,4.516046,back,-0.0040054932478827965,28.0,2.0,-0.0040054932478827965,-0.010989010989007397,-0.0146520146520146
199059471622200,4.5161359,back,-0.0040054932478827965,28.0,2.0,-0.0040054932478827965,-0.010989010989007397,-0.0146520146520146
199059471807400,4.5163211,back,-0.0040054932478827965,28.0,2.0,-0.0040054932478827965,-0.010989010989007397,-0.0146520146520146
199059473106600,4.5176203,back,-0.0040054932478827965,28.0,2.0,-0.0040054932478827965,-0.010989010989007397,-0.0146520146520146
199059473982700,4.5184964,back,-0.0040054932478827965,28.0,2.0,-0.0040054932478827965,-0.010989010989007397,-0.0146520146520146
199059474984200,4.5194979,back,-0.0040054932478827965,28.0,2.0,-0.0040054932478827965,-0.010989010989007397,-0.0146520146520146
199059476070000,4.5205837,back,-0.0040054932478827965,28.0,2.0,-0.0040054932478827965,-0.010989010989007397,-0.0146520146520146
199059476571700,4.5210854,back,-0.0040054932478827965,28.0,2.0,-0.0040054932478827965,-0.010989010989007397,-0.0146520146520146
199059477578200,4.5220919,back,-0.0040054932478827965,28.0,2.0,-0.0040054932478827965,-0.010989010989007397,-0.0146520146520146
199059478582200,4.5230959,back,-0.0040054932478827965,28.0,2.0,-0.0040054932478827965,-0.010989010989007397,-0.0146520146520146
199059480226200,4.5247399,back,-0.0040054932478827965,28.0,2.0,-0.0040054932478827965,-0.010989010989007397,-0.0146520146520146
199059480847000,4.5253607,back,-0.0040054932478827965,28.0,2.0,-0.0040054932478827965,-0.010989010989007397,-0.0146520146520146
199059481853700,4.5263674,back,-0.0040054932478827965,28.0,2.0,-0.0040054932478827965,-0.010989010989007397,-0.0146520146520146
199059482853100,4.5273668,back,-0.0040054932478827965,28.0,2.0,-0.0040054932478827965,-0.010989010989007397,-0.0146520146520146
199059483859900,4.5283736,back,-0.0040054932478827965,28.0,2.0,-0.0040054932478827965,-0.010989010989007397,-0.0146520146520146
199059484857700,4.5293714,back,-0.0040054932478827965,28.0,2.0,-0.0040054932478827965,-0.010989010989007397,-0.0146520146520146
199059485865400,4.5303791,back,-0.0040054932478827965,28.0,2.0,-0.0040054932478827965,-0.010989010989007397,-0.0146520146520146
199059486921100,4.5314348,back,-0.0040054932478827965,28.0,2.0,-0.0040054932478827965,-0.010989010989007397,-0.0146520146520146
199059488018200,4.5325319,back,-0.0040054932478827965,28.0,2.0,-0.0040054932478827965,-0.010989010989007397,-0.0146520146520146
199059489182100,4.5336958,back,-0.0040054932478827965,28.0,2.0,-0.0040054932478827965,-0.010989010989007397,-0.0146520146520146
199059489892100,4.5344058,back,-0.0040054932478827965,28.0,2.0,-0.0040054932478827965,-0.010989010989007397,-0.0146520146520146
199059490897300,4.535411,back,-0.0040054932478827965,28.0,2.0,-0.0040054932478827965,-0.010989010989007397,-0.0146520146520146
199059491901600,4.5364153,back,-0.0040054932478827965,28.0,2.0,-0.0040054932478827965,-0.010989010989007397,-0.0146520146520146
199059492906300,4.53742,back,-0.0040054932478827965,28.0,2.0,-0.0040054932478827965,-0.010989010989007397,-0.0146520146520146
199059493912500,4.5384262,back,-0.0040054932478827965,28.0,2.0,-0.0040054932478827965,-0.010989010989007397,-0.0146520146520146
199059494914300,4.539428,back,-0.0040054932478827965,28.0,2.0,-0.0040054932478827965,-0.010989010989007397,-0.0146520146520146
199059496001600,4.5405153,back,-0.0040054932478827965,28.0,2.0,-0.0040054932478827965,-0.010989010989007397,-0.0146520146520146
199059497005200,4.5415189,back,-0.0040054932478827965,28.0,2.0,-0.0040054932478827965,-0.010989010989007397,-0.0146520146520146
199059498010000,4.5425237,back,-0.0040054932478827965,28.0,2.0,-0.0040054932478827965,-0.010989010989007397,-0.0146520146520146
199059499101000,4.5436147,back,-0.0040054932478827965,28.0,2.0,-0.0040054932478827965,-0.010989010989007397,-0.0146520146520146
199059500231400,4.5447451,back,-0.0040054932478827965,28.0,2.0,-0.0040054932478827965,-0.010989010989007397,-0.0146520146520146
199059500848800,4.5453625,back,-0.0040054932478827965,28.0,2.0,-0.0040054932478827965,-0.010989010989007397,-0.0146520146520146
199059501850600,4.5463643,back,-0.0040054932478827965,28.0,2.0,-0.0040054932478827965,-0.010989010989007397,-0.0146520146520146
199059502962600,4.5474763,back,-0.0040054932478827965,28.0,2.0,-0.0040054932478827965,-0.010989010989007397,-0.0146520146520146
199059504110000,4.5486237,back,-0.0040054932478827965,28.0,2.0,-0.0040054932478827965,-0.010989010989007397,-0.0146520146520146
199059505331200,4.5498449,back,-0.0040054932478827965,28.0,2.0,-0.0040054932478827965,-0.010989010989007397,-0.0146520146520146
199059505965600,4.5504793,back,-0.0040054932478827965,28.0,2.0,-0.0040054932478827965,-0.010989010989007397,-0.0146520146520146
199059506919400,4.5514331,back,-0.0040054932478827965,28.0,2.0,-0.0040054932478827965,-0.010989010989007397,-0.0146520146520146
199059507994800,4.5525085,back,-0.0040054932478827965,28.0,2.0,-0.0040054932478827965,-0.010989010989007397,-0.0146520146520146
199059509109900,4.5536236,back,-0.0040054932478827965,28.0,2.0,-0.0040054932478827965,-0.010989010989007397,-0.0146520146520146
199059510270700,4.5547844,back,-0.0040054932478827965,28.0,2.0,-0.0040054932478827965,-0.010989010989007397,-0.0146520146520146
199059510870600,4.5553843,back,-0.0040054932478827965,28.0,2.0,-0.0040054932478827965,-0.010989010989007397,-0.0146520146520146
199059511871500,4.5563852,back,-0.0040054932478827965,28.0,2.0,-0.0040054932478827965,-0.010989010989007397,-0.0146520146520146
199059512946700,4.5574604,back,-0.0040054932478827965,28.0,2.0,-0.0040054932478827965,-0.010989010989007397,-0.0146520146520146
199059513986400,4.5585001,back,-0.0040054932478827965,28.0,2.0,-0.0040054932478827965,-0.010989010989007397,-0.0146520146520146
199059515068200,4.5595819,back,-0.0040054932478827965,28.0,2.0,-0.0040054932478827965,-0.010989010989007397,-0.0146520146520146
199059516156600,4.5606703,back,-0.0040054932478827965,28.0,2.0,-0.0040054932478827965,-0.010989010989007397,-0.0146520146520146
199059516782200,4.5612959,back,-0.0040054932478827965,28.0,2.0,-0.0040054932478827965,-0.010989010989007397,-0.0146520146520146
199059517786300,4.5623,back,-0.0040054932478827965,28.0,2.0,-0.0040054932478827965,-0.010989010989007397,-0.0146520146520146
199059518891300,4.563405,back,-0.0040054932478827965,28.0,2.0,-0.0040054932478827965,-0.010989010989007397,-0.0146520146520146
199059519950500,4.5644642,back,-0.0040054932478827965,28.0,2.0,-0.0040054932478827965,-0.010989010989007397,-0.0146520146520146
199059521132900,4.5656466,back,-0.0040054932478827965,28.0,2.0,-0.0040054932478827965,-0.010989010989007397,-0.0146520146520146
199059522242800,4.5667565,back,-0.0040054932478827965,28.0,2.0,-0.0040054932478827965,-0.010989010989007397,-0.0146520146520146
199059522838600,4.5673523,back,-0.0040054932478827965,28.0,2.0,-0.0040054932478827965,-0.010989010989007397,-0.0146520146520146
199059523845700,4.5683594,back,-0.0040054932478827965,28.0,2.0,-0.0040054932478827965,-0.010989010989007397,-0.0146520146520146
199059524924100,4.5694378,back,-0.0040054932478827965,28.0,2.0,-0.0040054932478827965,-0.010989010989007397,-0.0146520146520146
199059525989500,4.5705032,back,-0.0040054932478827965,28.0,2.0,-0.0040054932478827965,-0.010989010989007397,-0.0146520146520146
199059527092600,4.5716063,back,-0.0040054932478827965,28.0,2.0,-0.0040054932478827965,-0.010989010989007397,-0.0146520146520146
199059528278300,4.572792,back,-0.0040054932478827965,28.0,2.0,-0.0040054932478827965,-0.010989010989007397,-0.0146520146520146
199059528940700,4.5734544,back,-0.0040054932478827965,28.0,2.0,-0.0040054932478827965,-0.010989010989007397,-0.0146520146520146
199059529938100,4.5744518,back,-0.0040054932478827965,28.0,2.0,-0.0040054932478827965,-0.010989010989007397,-0.0146520146520146
199059530965700,4.5754794,back,-0.0040054932478827965,28.0,2.0,-0.0040054932478827965,-0.010989010989007397,-0.0146520146520146
199059531973300,4.576487,back,-0.0040054932478827965,28.0,2.0,-0.0040054932478827965,-0.010989010989007397,-0.0146520146520146
199059532975800,4.5774895,back,-0.0040054932478827965,28.0,2.0,-0.0040054932478827965,-0.010989010989007397,-0.0146520146520146
199059533967800,4.5784815,back,-0.0040054932478827965,28.0,2.0,-0.0040054932478827965,-0.010989010989007397,-0.0146520146520146
199059534965900,4.5794796,back,-0.0040054932478827965,28.0,2.0,-0.0040054932478827965,-0.010989010989007397,-0.0146520146520146
199059535988900,4.5805026,back,-0.0040054932478827965,28.0,2.0,-0.0040054932478827965,-0.010989010989007397,-0.0146520146520146
199059536972400,4.5814861,back,-0.0040054932478827965,28.0,2.0,-0.0040054932478827965,-0.010989010989007397,-0.0146520146520146
199059537973400,4.5824871,back,-0.0040054932478827965,28.0,2.0,-0.0040054932478827965,-0.010989010989007397,-0.0146520146520146
199059539048800,4.5835625,back,-0.0040054932478827965,28.0,2.0,-0.0040054932478827965,-0.010989010989007397,-0.0146520146520146
199059540120400,4.5846341,back,-0.0040054932478827965,28.0,2.0,-0.0040054932478827965,-0.010989010989007397,-0.0146520146520146
199059540716400,4.5852301,back,-0.0040054932478827965,28.0,2.0,-0.0040054932478827965,-0.010989010989007397,-0.0146520146520146
199059541719000,4.5862327,back,-0.0040054932478827965,28.0,2.0,-0.0040054932478827965,-0.010989010989007397,-0.0146520146520146
199059542798300,4.587312,back,-0.0040054932478827965,28.0,2.0,-0.0040054932478827965,-0.010989010989007397,-0.0146520146520146
199059543890600,4.5884043,back,-0.0040054932478827965,28.0,2.0,-0.0040054932478827965,-0.010989010989007397,-0.0146520146520146
199059544963400,4.5894771,back,-0.0040054932478827965,28.0,2.0,-0.0040054932478827965,-0.010989010989007397,-0.0146520146520146
199059546047600,4.5905613,back,-0.0040054932478827965,28.0,2.0,-0.0040054932478827965,-0.010989010989007397,-0.0146520146520146
199059547115500,4.5916292,back,-0.0040054932478827965,28.0,2.0,-0.0040054932478827965,-0.010989010989007397,-0.0146520146520146
199059547709800,4.5922235,back,-0.0040054932478827965,28.0,2.0,-0.0040054932478827965,-0.010989010989007397,-0.0146520146520146
199059548733600,4.5932473,back,-0.0040054932478827965,28.0,2.0,-0.0040054932478827965,-0.010989010989007397,-0.0146520146520146
199059549831700,4.5943454,back,-0.0040054932478827965,28.0,2.0,-0.0040054932478827965,-0.010989010989007397,-0.0146520146520146
199059550877300,4.595391,back,-0.0040054932478827965,28.0,2.0,-0.0040054932478827965,-0.010989010989007397,-0.0146520146520146
199059552092300,4.596606,back,-0.0040054932478827965,28.0,2.0,-0.0040054932478827965,-0.010989010989007397,-0.0146520146520146
199059553161700,4.5976754,back,-0.0040054932478827965,28.0,2.0,-0.0040054932478827965,-0.010989010989007397,-0.0146520146520146
199059553768100,4.5982818,back,-0.0040054932478827965,28.0,2.0,-0.0040054932478827965,-0.010989010989007397,-0.0146520146520146
199059554765900,4.5992796,back,-0.0040054932478827965,28.0,2.0,-0.0040054932478827965,-0.010989010989007397,-0.0146520146520146
199059555879800,4.6003935,back,-0.0040054932478827965,28.0,2.0,-0.0040054932478827965,-0.010989010989007397,-0.0146520146520146
199059556934300,4.601448,back,-0.0040054932478827965,28.0,2.0,-0.0040054932478827965,-0.010989010989007397,-0.0146520146520146
199059558018800,4.6025325,back,-0.0040054932478827965,28.0,2.0,-0.0040054932478827965,-0.010989010989007397,-0.0146520146520146
199059559136900,4.6036506,back,-0.0040054932478827965,28.0,2.0,-0.0040054932478827965,-0.010989010989007397,-0.0146520146520146
199059560255400,4.6047691,back,-0.0040054932478827965,28.0,2.0,-0.0040054932478827965,-0.010989010989007397,-0.0146520146520146
199059560888900,4.6054026,back,-0.0040054932478827965,28.0,2.0,-0.0040054932478827965,-0.010989010989007397,-0.0146520146520146
199059561900900,4.6064146,back,-0.0040054932478827965,28.0,2.0,-0.0040054932478827965,-0.010989010989007397,-0.0146520146520146
199059563369200,4.6078829,back,-0.0040054932478827965,28.0,2.0,-0.0040054932478827965,-0.010989010989007397,-0.0146520146520146
199059563976800,4.6084905,back,-0.0040054932478827965,28.0,2.0,-0.0040054932478827965,-0.010989010989007397,-0.0146520146520146
199059564984000,4.6094977,back,-0.0040054932478827965,28.0,2.0,-0.0040054932478827965,-0.010989010989007397,-0.0146520146520146
199059566115900,4.6106296,back,-0.0040054932478827965,28.0,2.0,-0.0040054932478827965,-0.010989010989007397,-0.0146520146520146
199059567311600,4.6118253,back,-0.0040054932478827965,28.0,2.0,-0.0040054932478827965,-0.010989010989007397,-0.0146520146520146
199059567955200,4.6124689,back,-0.0040054932478827965,28.0,2.0,-0.004386968795300206,-0.010989010989007397,-0.0146520146520146
199059568951800,4.6134655,back,-0.0040054932478827965,28.0,2.0,-0.0040054932478827965,-0.010989010989007397,-0.0146520146520146
199059570021500,4.6145352,back,-0.0040054932478827965,28.0,2.0,-0.0040054932478827965,-0.010989010989007397,-0.0146520146520146
199059571044600,4.6155583,back,-0.0040054932478827965,28.0,2.0,-0.0040054932478827965,-0.010989010989007397,-0.0146520146520146
199059572028200,4.6165419,back,-0.0040054932478827965,28.0,2.0,-0.0040054932478827965,-0.010989010989007397,-0.0146520146520146
199059573111500,4.6176252,back,-0.0040054932478827965,28.0,2.0,-0.0040054932478827965,-0.010989010989007397,-0.0146520146520146
199059573726000,4.6182397,back,-0.0040054932478827965,28.0,2.0,-0.0040054932478827965,-0.010989010989007397,-0.0146520146520146
199059574728000,4.6192417,back,-0.0040054932478827965,28.0,2.0,-0.0040054932478827965,-0.010989010989007397,-0.0146520146520146
199059575820000,4.6203337,back,-0.0040054932478827965,28.0,2.0,-0.0040054932478827965,-0.010989010989007397,-0.0146520146520146
199059576828400,4.6213421,back,-0.0040054932478827965,28.0,2.0,-0.0040054932478827965,-0.010989010989007397,-0.0146520146520146
199059577829900,4.6223436,back,-0.0040054932478827965,28.0,2.0,-0.0040054932478827965,-0.010989010989007397,-0.0146520146520146
199059578869400,4.6233831,back,-0.0040054932478827965,28.0,2.0,-0.0040054932478827965,-0.010989010989007397,-0.0146520146520146
199059579845400,4.6243591,back,-0.0040054932478827965,28.0,2.0,-0.0040054932478827965,-0.010989010989007397,-0.0146520146520146
199059580852600,4.6253663,back,-0.0040054932478827965,28.0,2.0,-0.0040054932478827965,-0.010989010989007397,-0.0146520146520146
199059581857500,4.6263712,back,-0.0040054932478827965,28.0,2.0,-0.0040054932478827965,-0.010989010989007397,-0.0146520146520146
199059582974600,4.6274883,back,-0.0040054932478827965,28.0,2.0,-0.0040054932478827965,-0.010989010989007397,-0.0146520146520146
199059583883200,4.6283969,back,-0.0040054932478827965,28.0,2.0,-0.0040054932478827965,-0.010989010989007397,-0.0146520146520146
199059584938500,4.6294522,back,-0.0040054932478827965,28.0,2.0,-0.0040054932478827965,-0.010989010989007397,-0.0146520146520146
199059586015600,4.6305293,back,-0.0040054932478827965,28.0,2.0,-0.0040054932478827965,-0.010989010989007397,-0.0146520146520146
199059587120600,4.6316343,back,-0.0040054932478827965,28.0,2.0,-0.0040054932478827965,-0.010989010989007397,-0.0146520146520146
199059587619200,4.6321329,back,-0.0040054932478827965,28.0,2.0,-0.0040054932478827965,-0.010989010989007397,-0.0146520146520146
199059588801700,4.6333154,back,-0.0040054932478827965,28.0,2.0,-0.0040054932478827965,-0.010989010989007397,-0.0146520146520146
199059589944200,4.6344579,back,-0.0040054932478827965,28.0,2.0,-0.0040054932478827965,-0.010989010989007397,-0.0146520146520146
199059591109500,4.6356232,back,-0.0040054932478827965,28.0,2.0,-0.0040054932478827965,-0.010989010989007397,-0.0146520146520146
199059592086000,4.6365997,back,-0.0040054932478827965,28.0,2.0,-0.0040054932478827965,-0.010989010989007397,-0.0146520146520146
199059593116200,4.6376299,back,-0.0040054932478827965,28.0,2.0,-0.0040054932478827965,-0.010989010989007397,-0.0146520146520146
199059594097000,4.6386107,back,-0.0040054932478827965,28.0,2.0,-0.0040054932478827965,-0.010989010989007397,-0.0146520146520146
199059594691400,4.6392051,back,-0.0040054932478827965,28.0,2.0,-0.0040054932478827965,-0.010989010989007397,-0.0146520146520146
199059595693200,4.6402069,back,-0.0040054932478827965,28.0,2.0,-0.0040054932478827965,-0.010989010989007397,-0.0146520146520146
199059596731400,4.6412451,back,-0.0040054932478827965,28.0,2.0,-0.0040054932478827965,-0.010989010989007397,-0.0146520146520146
199059597897700,4.6424114,back,-0.0040054932478827965,28.0,2.0,-0.0040054932478827965,-0.010989010989007397,-0.0146520146520146
199059599209700,4.6437234,back,-0.0040054932478827965,28.0,2.0,-0.0040054932478827965,-0.010989010989007397,-0.0146520146520146
199059599899100,4.6444128,back,-0.0040054932478827965,28.0,2.0,-0.0040054932478827965,-0.010989010989007397,-0.0146520146520146
199059600901700,4.6454154,back,-0.0040054932478827965,28.0,2.0,-0.0040054932478827965,-0.010989010989007397,-0.0146520146520146
199059601961600,4.6464753,back,-0.0040054932478827965,28.0,2.0,-0.0040054932478827965,-0.010989010989007397,-0.0146520146520146
199059603027600,4.6475413,back,-0.0040054932478827965,28.0,2.0,-0.0040054932478827965,-0.010989010989007397,-0.0146520146520146
199059604096500,4.6486102,back,-0.0040054932478827965,28.0,2.0,-0.0040054932478827965,-0.010989010989007397,-0.0146520146520146
199059605289800,4.6498035,back,-0.0040054932478827965,28.0,2.0,-0.0040054932478827965,-0.010989010989007397,-0.0146520146520146
199059605923900,4.6504376,back,-0.0040054932478827965,28.0,2.0,-0.0040054932478827965,-0.010989010989007397,-0.0146520146520146
199059606926500,4.6514402,back,-0.0040054932478827965,28.0,2.0,-0.0040054932478827965,-0.010989010989007397,-0.0146520146520146
199059608057200,4.6525709,back,-0.0040054932478827965,28.0,2.0,-0.0040054932478827965,-0.010989010989007397,-0.0146520146520146
199059609232900,4.6537466,back,-0.0040054932478827965,28.0,2.0,-0.0040054932478827965,-0.010989010989007397,-0.0146520146520146
199059609872000,4.6543857,back,-0.0040054932478827965,28.0,2.0,-0.0040054932478827965,-0.010989010989007397,-0.0146520146520146
199059610875100,4.6553888,back,-0.0040054932478827965,28.0,2.0,-0.0040054932478827965,-0.010989010989007397,-0.0146520146520146
199059612011700,4.6565254,back,-0.0040054932478827965,28.0,2.0,-0.0040054932478827965,-0.010989010989007397,-0.0146520146520146
199059613042500,4.6575562,back,-0.0040054932478827965,28.0,2.0,-0.0040054932478827965,-0.010989010989007397,-0.0146520146520146
199059613956300,4.65847,back,-0.0040054932478827965,28.0,2.0,-0.0040054932478827965,-0.010989010989007397,-0.0146520146520146
199059615038900,4.6595526,back,-0.0040054932478827965,28.0,2.0,-0.0040054932478827965,-0.010989010989007397,-0.0146520146520146
199059616111100,4.6606248,back,-0.0040054932478827965,28.0,2.0,-0.0040054932478827965,-0.010989010989007397,-0.0146520146520146
199059617312500,4.6618262,back,-0.0040054932478827965,28.0,2.0,-0.0040054932478827965,-0.010989010989007397,-0.0146520146520146
199059617900700,4.6624144,back,-0.0040054932478827965,28.0,2.0,-0.0040054932478827965,-0.010989010989007397,-0.0146520146520146
199059618904200,4.6634179,back,-0.0040054932478827965,28.0,2.0,-0.0040054932478827965,-0.010989010989007397,-0.0146520146520146
199059619964100,4.6644778,back,-0.0040054932478827965,28.0,2.0,-0.0040054932478827965,-0.010989010989007397,-0.0146520146520146
199059621039500,4.6655532,back,-0.0040054932478827965,28.0,2.0,-0.0040054932478827965,-0.010989010989007397,-0.0146520146520146
199059622132800,4.6666465,back,-0.0040054932478827965,28.0,2.0,-0.0040054932478827965,-0.010989010989007397,-0.0146520146520146
199059622776200,4.6672899,back,-0.0040054932478827965,28.0,2.0,-0.0040054932478827965,-0.010989010989007397,-0.0146520146520146
199059623797900,4.6683116,back,-0.0040054932478827965,28.0,2.0,-0.0040054932478827965,-0.010989010989007397,-0.0146520146520146
199059624857600,4.6693713,back,-0.0040054932478827965,28.0,2.0,-0.0040054932478827965,-0.010989010989007397,-0.0146520146520146
199059625939800,4.6704535,back,-0.0040054932478827965,28.0,2.0,-0.0040054932478827965,-0.010989010989007397,-0.0146520146520146
199059627005800,4.6715195,back,-0.0040054932478827965,28.0,2.0,-0.0040054932478827965,-0.010989010989007397,-0.0146520146520146
199059628201800,4.6727155,back,-0.0040054932478827965,28.0,2.0,-0.0040054932478827965,-0.010989010989007397,-0.0146520146520146
199059629117000,4.6736307,back,-0.0040054932478827965,28.0,2.0,-0.0040054932478827965,-0.010989010989007397,-0.0146520146520146
199059629725100,4.6742388,back,-0.0040054932478827965,28.0,2.0,-0.0040054932478827965,-0.010989010989007397,-0.0146520146520146
199059630727300,4.675241,back,-0.0040054932478827965,28.0,2.0,-0.0040054932478827965,-0.010989010989007397,-0.0146520146520146
199059631787400,4.6763011,back,-0.0040054932478827965,28.0,2.0,-0.0040054932478827965,-0.010989010989007397,-0.0146520146520146
199059632831900,4.6773456,back,-0.0040054932478827965,28.0,2.0,-0.0040054932478827965,-0.010989010989007397,-0.0146520146520146
199059633890900,4.6784046,back,-0.0040054932478827965,28.0,2.0,-0.0040054932478827965,-0.010989010989007397,-0.0146520146520146
199059634950800,4.6794645,back,-0.0040054932478827965,28.0,2.0,-0.0040054932478827965,-0.010989010989007397,-0.0146520146520146
199059636019900,4.6805336,back,-0.0040054932478827965,28.0,2.0,-0.0040054932478827965,-0.010989010989007397,-0.0146520146520146
199059637130800,4.6816445,back,-0.0040054932478827965,28.0,2.0,-0.0040054932478827965,-0.010989010989007397,-0.0146520146520146
199059637712600,4.6822263,back,-0.0040054932478827965,28.0,2.0,-0.0040054932478827965,-0.010989010989007397,-0.0146520146520146
199059638733400,4.6832471,back,-0.0040054932478827965,28.0,2.0,-0.0040054932478827965,-0.010989010989007397,-0.0146520146520146
199059639796500,4.6843102,back,-0.0040054932478827965,28.0,2.0,-0.0040054932478827965,-0.010989010989007397,-0.0146520146520146
199059640869200,4.6853829,back,-0.0040054932478827965,28.0,2.0,-0.0040054932478827965,-0.010989010989007397,-0.0146520146520146
199059641940200,4.6864539,back,-0.0040054932478827965,28.0,2.0,-0.0040054932478827965,-0.010989010989007397,-0.0146520146520146
199059643005900,4.6875196,back,-0.0040054932478827965,28.0,2.0,-0.0040054932478827965,-0.010989010989007397,-0.0146520146520146
199059644253400,4.6887671,back,-0.0040054932478827965,28.0,2.0,-0.0040054932478827965,-0.010989010989007397,-0.0146520146520146
199059645096300,4.68961,back,-0.0040054932478827965,28.0,2.0,-0.0040054932478827965,-0.010989010989007397,-0.0146520146520146
199059646082400,4.6905961,back,-0.0040054932478827965,28.0,2.0,-0.0040054932478827965,-0.010989010989007397,-0.0146520146520146
199059647200800,4.6917145,back,-0.0040054932478827965,28.0,2.0,-0.0040054932478827965,-0.010989010989007397,-0.0146520146520146
199059647788900,4.6923026,back,-0.0040054932478827965,28.0,2.0,-0.0040054932478827965,-0.010989010989007397,-0.0146520146520146
199059648794300,4.693308,back,-0.0040054932478827965,28.0,2.0,-0.0040054932478827965,-0.010989010989007397,-0.0146520146520146
199059649867100,4.6943808,back,-0.0040054932478827965,28.0,2.0,-0.0040054932478827965,-0.010989010989007397,-0.0146520146520146
199059650948900,4.6954626,back,-0.0040054932478827965,28.0,2.0,-0.0040054932478827965,-0.010989010989007397,-0.0146520146520146
199059652006400,4.6965201,back,-0.0040054932478827965,28.0,2.0,-0.0040054932478827965,-0.010989010989007397,-0.0146520146520146
199059652977300,4.697491,back,-0.0040054932478827965,28.0,2.0,-0.0040054932478827965,-0.010989010989007397,-0.0146520146520146
199059653978000,4.6984917,back,-0.0040054932478827965,28.0,2.0,-0.0040054932478827965,-0.010989010989007397,-0.0146520146520146
199059654962200,4.6994759,back,-0.0040054932478827965,28.0,2.0,-0.0040054932478827965,-0.010989010989007397,-0.0146520146520146
199059655964800,4.7004785,back,-0.0040054932478827965,28.0,2.0,-0.0040054932478827965,-0.010989010989007397,-0.0146520146520146
199059656969100,4.7014828,back,-0.0040054932478827965,28.0,2.0,-0.0040054932478827965,-0.010989010989007397,-0.0146520146520146
199059657992000,4.7025057,back,-0.0040054932478827965,28.0,2.0,-0.0040054932478827965,-0.010989010989007397,-0.0146520146520146
199059658982400,4.7034961,back,-0.0040054932478827965,28.0,2.0,-0.0040054932478827965,-0.010989010989007397,-0.0146520146520146
199059659982500,4.7044962,back,-0.0040054932478827965,28.0,2.0,-0.0040054932478827965,-0.010989010989007397,-0.0146520146520146
199059660982100,4.7054958,back,-0.0040054932478827965,28.0,2.0,-0.0040054932478827965,-0.010989010989007397,-0.0146520146520146
199059662103500,4.7066172,back,-0.0040054932478827965,28.0,2.0,-0.0040054932478827965,-0.010989010989007397,-0.0146520146520146
199059663239600,4.7077533,back,-0.0040054932478827965,28.0,2.0,-0.0040054932478827965,-0.010989010989007397,-0.0146520146520146
199059663881000,4.7083947,back,-0.0040054932478827965,28.0,2.0,-0.0040054932478827965,-0.010989010989007397,-0.0146520146520146
199059664887600,4.7094013,back,-0.0040054932478827965,28.0,2.0,-0.0040054932478827965,-0.010989010989007397,-0.0146520146520146
199059665964200,4.7104779,back,-0.0040054932478827965,28.0,2.0,-0.0040054932478827965,-0.010989010989007397,-0.0146520146520146
199059667079500,4.7115932,back,-0.0040054932478827965,28.0,2.0,-0.0040054932478827965,-0.010989010989007397,-0.0146520146520146
199059667646100,4.7121598,back,-0.0040054932478827965,28.0,2.0,-0.0040054932478827965,-0.010989010989007397,-0.0146520146520146
199059668668000,4.7131817,back,-0.0040054932478827965,28.0,2.0,-0.0040054932478827965,-0.010989010989007397,-0.0146520146520146
199059669731700,4.7142454,back,-0.0040054932478827965,28.0,2.0,-0.0040054932478827965,-0.010989010989007397,-0.0146520146520146
199059670681800,4.7151955,back,-0.0040054932478827965,28.0,2.0,-0.0040054932478827965,-0.010989010989007397,-0.0146520146520146
199059671697000,4.7162107,back,-0.0040054932478827965,28.0,2.0,-0.0040054932478827965,-0.010989010989007397,-0.0146520146520146
199059672786000,4.7172997,back,-0.0040054932478827965,28.0,2.0,-0.0040054932478827965,-0.010989010989007397,-0.0146520146520146
199059673864300,4.718378,back,-0.0040054932478827965,28.0,2.0,-0.0040054932478827965,-0.010989010989007397,-0.0146520146520146
199059674984400,4.7194981,back,-0.0040054932478827965,28.0,2.0,-0.0040054932478827965,-0.010989010989007397,-0.0146520146520146
199059676086500,4.7206002,back,-0.0040054932478827965,28.0,2.0,-0.0040054932478827965,-0.010989010989007397,-0.0146520146520146
199059676687800,4.7212015,back,-0.0040054932478827965,28.0,2.0,-0.0040054932478827965,-0.010989010989007397,-0.0146520146520146
199059677692500,4.7222062,back,-0.0040054932478827965,28.0,2.0,-0.0040054932478827965,-0.010989010989007397,-0.0146520146520146
199059678733400,4.7232471,back,-0.0040054932478827965,28.0,2.0,-0.0040054932478827965,-0.010989010989007397,-0.0146520146520146
199059679802100,4.7243158,back,-0.0040054932478827965,28.0,2.0,-0.0040054932478827965,-0.010989010989007397,-0.0146520146520146
199059680895100,4.7254088,back,-0.0040054932478827965,28.0,2.0,-0.0040054932478827965,-0.010989010989007397,-0.0146520146520146
199059681988700,4.7265024,back,-0.0040054932478827965,28.0,2.0,-0.0040054932478827965,-0.010989010989007397,-0.0146520146520146
199059683047800,4.7275615,back,-0.0040054932478827965,28.0,2.0,-0.0040054932478827965,-0.010989010989007397,-0.0146520146520146
199059683648000,4.7281617,back,-0.0040054932478827965,28.0,2.0,-0.0040054932478827965,-0.010989010989007397,-0.0146520146520146
199059684606800,4.7291205,back,-0.0040054932478827965,28.0,2.0,-0.0040054932478827965,-0.010989010989007397,-0.0146520146520146
199059686249400,4.7307631,back,-0.0040054932478827965,28.0,2.0,-0.0040054932478827965,-0.010989010989007397,-0.0146520146520146
199059686873700,4.7313874,back,-0.0040054932478827965,28.0,2.0,-0.0040054932478827965,-0.010989010989007397,-0.0146520146520146
199059687875300,4.732389,back,-0.0040054932478827965,28.0,2.0,-0.0040054932478827965,-0.010989010989007397,-0.0146520146520146
199059688978200,4.7334919,back,-0.0040054932478827965,28.0,2.0,-0.0040054932478827965,-0.010989010989007397,-0.0146520146520146
199059690214400,4.7347281,back,-0.0040054932478827965,28.0,2.0,-0.0040054932478827965,-0.010989010989007397,-0.0146520146520146
199059690855500,4.7353692,back,-0.0040054932478827965,28.0,2.0,-0.0040054932478827965,-0.010989010989007397,-0.0146520146520146
199059691849400,4.7363631,back,-0.0040054932478827965,28.0,2.0,-0.004386968795300206,-0.010989010989007397,-0.0146520146520146
199059692941900,4.7374556,back,-0.0040054932478827965,28.0,2.0,-0.004386968795300206,-0.010989010989007397,-0.0146520146520146
199059694135400,4.7386491,back,-0.0040054932478827965,28.0,2.0,-0.004386968795300206,-0.010989010989007397,-0.0146520146520146
199059695077800,4.7395915,back,-0.0040054932478827965,28.0,2.0,-0.004386968795300206,-0.010989010989007397,-0.0146520146520146
199059695654900,4.7401686,back,-0.0040054932478827965,28.0,2.0,-0.004386968795300206,-0.010989010989007397,-0.0146520146520146
199059696746600,4.7412603,back,-0.0040054932478827965,28.0,2.0,-0.004386968795300206,-0.010989010989007397,-0.0146520146520146
199059697810000,4.7423237,back,-0.0040054932478827965,28.0,2.0,-0.004386968795300206,-0.010989010989007397,-0.0146520146520146
199059699015400,4.7435291,back,-0.0040054932478827965,28.0,2.0,-0.004386968795300206,-0.010989010989007397,-0.0146520146520146
199059700073000,4.7445867,back,-0.0040054932478827965,28.0,2.0,-0.004386968795300206,-0.010989010989007397,-0.0146520146520146
199059701168200,4.7456819,back,-0.0040054932478827965,28.0,2.0,-0.004386968795300206,-0.010989010989007397,-0.0146520146520146
199059701749500,4.7462632,back,-0.0040054932478827965,28.0,2.0,-0.004386968795300206,-0.010989010989007397,-0.0146520146520146
199059702756600,4.7472703,back,-0.0040054932478827965,28.0,2.0,-0.004386968795300206,-0.010989010989007397,-0.0146520146520146
199059703802700,4.7483164,back,-0.0040054932478827965,28.0,2.0,-0.004386968795300206,-0.010989010989007397,-0.0146520146520146
199059704867000,4.7493807,back,-0.0040054932478827965,28.0,2.0,-0.004386968795300206,-0.010989010989007397,-0.0146520146520146
199059706042700,4.7505564,back,-0.0040054932478827965,28.0,2.0,-0.004386968795300206,-0.010989010989007397,-0.0146520146520146
199059706948500,4.7514622,back,-0.0040054932478827965,28.0,2.0,-0.004386968795300206,-0.010989010989007397,-0.0146520146520146
199059707948600,4.7524623,back,-0.0040054932478827965,28.0,2.0,-0.004386968795300206,-0.010989010989007397,-0.0146520146520146
199059709050100,4.7535638,back,-0.0040054932478827965,28.0,2.0,-0.004386968795300206,-0.010989010989007397,-0.0146520146520146
199059710176200,4.7546899,back,-0.0040054932478827965,28.0,2.0,-0.004386968795300206,-0.010989010989007397,-0.0146520146520146
199059710769600,4.7552833,back,-0.0040054932478827965,28.0,2.0,-0.004386968795300206,-0.010989010989007397,-0.0146520146520146
199059711767900,4.7562816,back,-0.0040054932478827965,28.0,2.0,-0.004386968795300206,-0.010989010989007397,-0.0146520146520146
199059712861500,4.7573752,back,-0.0040054932478827965,28.0,2.0,-0.004386968795300206,-0.010989010989007397,-0.0146520146520146
199059713925800,4.7584395,back,-0.0040054932478827965,28.0,2.0,-0.004386968795300206,-0.010989010989007397,-0.0146520146520146
199059714910000,4.7594237,back,-0.0040054932478827965,28.0,2.0,-0.004386968795300206,-0.010989010989007397,-0.0146520146520146
199059715958300,4.760472,back,-0.0040054932478827965,28.0,2.0,-0.004386968795300206,-0.010989010989007397,-0.0146520146520146
199059717020300,4.761534,back,-0.0040054932478827965,28.0,2.0,-0.004386968795300206,-0.010989010989007397,-0.0146520146520146
199059718106100,4.7626198,back,-0.0040054932478827965,28.0,2.0,-0.004386968795300206,-0.010989010989007397,-0.0146520146520146
199059719090000,4.7636037,back,-0.0040054932478827965,28.0,2.0,-0.004386968795300206,-0.010989010989007397,-0.0146520146520146
199059719685200,4.7641989,back,-0.0040054932478827965,28.0,2.0,-0.004386968795300206,-0.010989010989007397,-0.0146520146520146
199059720688300,4.765202,back,-0.0040054932478827965,28.0,2.0,-0.004386968795300206,-0.010989010989007397,-0.0146520146520146
199059721838200,4.7663519,back,-0.0040054932478827965,28.0,2.0,-0.004386968795300206,-0.010989010989007397,-0.0146520146520146
199059723046100,4.7675598,back,-0.0040054932478827965,28.0,2.0,-0.004386968795300206,-0.010989010989007397,-0.0146520146520146
199059724050600,4.7685643,back,-0.0040054932478827965,28.0,2.0,-0.004386968795300206,-0.010989010989007397,-0.0146520146520146
199059725169900,4.7696836,back,-0.0040054932478827965,28.0,2.0,-0.004386968795300206,-0.010989010989007397,-0.0146520146520146
199059725732300,4.770246,back,-0.0040054932478827965,28.0,2.0,-0.004386968795300206,-0.010989010989007397,-0.0146520146520146
199059726738700,4.7712524,back,-0.0040054932478827965,28.0,2.0,-0.004386968795300206,-0.010989010989007397,-0.0146520146520146
199059727828100,4.7723418,back,-0.0040054932478827965,28.0,2.0,-0.004386968795300206,-0.010989010989007397,-0.0146520146520146
199059728897800,4.7734115,back,-0.0040054932478827965,28.0,2.0,-0.004386968795300206,-0.010989010989007397,-0.0146520146520146
199059729967100,4.7744808,back,-0.0040054932478827965,28.0,2.0,-0.004386968795300206,-0.010989010989007397,-0.0146520146520146
199059731046200,4.7755599,back,-0.0040054932478827965,28.0,2.0,-0.004386968795300206,-0.010989010989007397,-0.0146520146520146
199059732162100,4.7766758,back,-0.0040054932478827965,28.0,2.0,-0.004386968795300206,-0.010989010989007397,-0.0146520146520146
199059732739200,4.7772529,back,-0.0040054932478827965,28.0,2.0,-0.004386968795300206,-0.010989010989007397,-0.0146520146520146
199059733740400,4.7782541,back,-0.0040054932478827965,28.0,2.0,-0.004386968795300206,-0.010989010989007397,-0.0146520146520146
199059734827900,4.7793416,back,-0.0040054932478827965,28.0,2.0,-0.004386968795300206,-0.010989010989007397,-0.0146520146520146
199059735878600,4.7803923,back,-0.0040054932478827965,28.0,2.0,-0.004386968795300206,-0.010989010989007397,-0.0146520146520146
199059737091100,4.7816048,back,-0.0040054932478827965,28.0,2.0,-0.004386968795300206,-0.010989010989007397,-0.0146520146520146
199059738291800,4.7828055,back,-0.0040054932478827965,28.0,2.0,-0.004386968795300206,-0.010989010989007397,-0.0146520146520146
199059738884100,4.7833978,back,-0.0040054932478827965,28.0,2.0,-0.004386968795300206,-0.010989010989007397,-0.0146520146520146
199059739886100,4.7843998,back,-0.0040054932478827965,28.0,2.0,-0.004386968795300206,-0.010989010989007397,-0.0146520146520146
199059740968900,4.7854826,back,-0.0040054932478827965,28.0,2.0,-0.004386968795300206,-0.010989010989007397,-0.0146520146520146
199059742086000,4.7865997,back,-0.0040054932478827965,28.0,2.0,-0.004386968795300206,-0.010989010989007397,-0.0146520146520146
199059743262200,4.7877759,back,-0.0040054932478827965,28.0,2.0,-0.004386968795300206,-0.010989010989007397,-0.0146520146520146
199059743853600,4.7883673,back,-0.0040054932478827965,28.0,2.0,-0.004386968795300206,-0.010989010989007397,-0.0146520146520146
199059744854700,4.7893684,back,-0.0040054932478827965,28.0,2.0,-0.004386968795300206,-0.010989010989007397,-0.0146520146520146
199059745920100,4.7904338,back,-0.0040054932478827965,28.0,2.0,-0.004386968795300206,-0.010989010989007397,-0.0146520146520146
199059746993900,4.7915076,back,-0.0040054932478827965,28.0,2.0,-0.004386968795300206,-0.010989010989007397,-0.0146520146520146
199059748038700,4.7925524,back,-0.0040054932478827965,28.0,2.0,-0.004386968795300206,-0.010989010989007397,-0.0146520146520146
199059749172900,4.7936866,back,-0.0040054932478827965,28.0,2.0,-0.004386968795300206,-0.010989010989007397,-0.0146520146520146
199059750141800,4.7946555,back,-0.0040054932478827965,28.0,2.0,-0.004386968795300206,-0.010989010989007397,-0.0146520146520146
199059750710000,4.7952237,back,-0.0040054932478827965,28.0,2.0,-0.004386968795300206,-0.010989010989007397,-0.0146520146520146
199059751711400,4.7962251,back,-0.0040054932478827965,28.0,2.0,-0.004386968795300206,-0.010989010989007397,-0.0146520146520146
199059752873600,4.7973873,back,-0.0040054932478827965,28.0,2.0,-0.004386968795300206,-0.010989010989007397,-0.0146520146520146
199059754169200,4.7986829,back,-0.0040054932478827965,28.0,2.0,-0.004386968795300206,-0.010989010989007397,-0.0146520146520146
199059754796100,4.7993098,back,-0.0040054932478827965,28.0,2.0,-0.004386968795300206,-0.010989010989007397,-0.0146520146520146
199059755817700,4.8003314,back,-0.0040054932478827965,28.0,2.0,-0.004386968795300206,-0.010989010989007397,-0.0146520146520146
199059756920400,4.8014341,back,-0.0040054932478827965,28.0,2.0,-0.004386968795300206,-0.010989010989007397,-0.0146520146520146
199059757995100,4.8025088,back,-0.0040054932478827965,28.0,2.0,-0.004386968795300206,-0.010989010989007397,-0.0146520146520146
199059759107100,4.8036208,back,-0.0040054932478827965,28.0,2.0,-0.004386968795300206,-0.010989010989007397,-0.0146520146520146
199059760225600,4.8047393,back,-0.0040054932478827965,28.0,2.0,-0.004386968795300206,-0.010989010989007397,-0.0146520146520146
199059760827400,4.8053411,back,-0.0040054932478827965,28.0,2.0,-0.004386968795300206,-0.010989010989007397,-0.0146520146520146
199059761919500,4.8064332,back,-0.0040054932478827965,28.0,2.0,-0.004386968795300206,-0.010989010989007397,-0.0146520146520146
199059763009500,4.8075232,back,-0.0040054932478827965,28.0,2.0,-0.004386968795300206,-0.010989010989007397,-0.0146520146520146
199059764098200,4.8086119,back,-0.0040054932478827965,28.0,2.0,-0.004386968795300206,-0.010989010989007397,-0.0146520146520146
199059764685100,4.8091988,back,-0.0040054932478827965,28.0,2.0,-0.004386968795300206,-0.010989010989007397,-0.0146520146520146
199059765687800,4.8102015,back,-0.0040054932478827965,28.0,2.0,-0.004386968795300206,-0.010989010989007397,-0.0146520146520146
199059766739300,4.811253,back,-0.0040054932478827965,28.0,2.0,-0.004386968795300206,-0.010989010989007397,-0.0146520146520146
199059767828100,4.8123418,back,-0.0040054932478827965,28.0,2.0,-0.004386968795300206,-0.010989010989007397,-0.0146520146520146
199059769188800,4.8137025,back,-0.0040054932478827965,28.0,2.0,-0.004386968795300206,-0.010989010989007397,-0.0146520146520146
199059769951900,4.8144656,back,-0.0040054932478827965,28.0,2.0,-0.004386968795300206,-0.010989010989007397,-0.0146520146520146
199059770950300,4.815464,back,-0.0040054932478827965,28.0,2.0,-0.004386968795300206,-0.010989010989007397,-0.0146520146520146
199059772024700,4.8165384,back,-0.0040054932478827965,28.0,2.0,-0.004386968795300206,-0.010989010989007397,-0.0146520146520146
199059773117800,4.8176315,back,-0.0040054932478827965,28.0,2.0,-0.004386968795300206,-0.010989010989007397,-0.0146520146520146
199059773718100,4.8182318,back,-0.0040054932478827965,28.0,2.0,-0.004386968795300206,-0.010989010989007397,-0.0146520146520146
199059774725200,4.8192389,back,-0.0040054932478827965,28.0,2.0,-0.004386968795300206,-0.010989010989007397,-0.0146520146520146
199059775765000,4.8202787,back,-0.0040054932478827965,28.0,2.0,-0.004386968795300206,-0.010989010989007397,-0.0146520146520146
199059776814600,4.8213283,back,-0.0040054932478827965,28.0,2.0,-0.004386968795300206,-0.010989010989007397,-0.0146520146520146
199059777857900,4.8223716,back,-0.0040054932478827965,28.0,2.0,-0.004386968795300206,-0.010989010989007397,-0.0146520146520146
199059778926300,4.82344,back,-0.0040054932478827965,28.0,2.0,-0.004386968795300206,-0.010989010989007397,-0.0146520146520146
199059779970100,4.8244838,back,-0.0040054932478827965,28.0,2.0,-0.004386968795300206,-0.010989010989007397,-0.0146520146520146
199059781071300,4.825585,back,-0.0040054932478827965,28.0,2.0,-0.004386968795300206,-0.010989010989007397,-0.0146520146520146
199059781681700,4.8261954,back,-0.0040054932478827965,28.0,2.0,-0.004386968795300206,-0.010989010989007397,-0.0146520146520146
199059782685400,4.8271991,back,-0.0040054932478827965,28.0,2.0,-0.004386968795300206,-0.010989010989007397,-0.0146520146520146
199059783865800,4.8283795,back,-0.0040054932478827965,28.0,2.0,-0.004386968795300206,-0.010989010989007397,-0.0146520146520146
199059784974200,4.8294879,back,-0.0040054932478827965,28.0,2.0,-0.004386968795300206,-0.010989010989007397,-0.0146520146520146
199059785840200,4.8303539,back,-0.0040054932478827965,28.0,2.0,-0.004386968795300206,-0.010989010989007397,-0.0146520146520146
199059786843000,4.8313567,back,-0.0040054932478827965,28.0,2.0,-0.004386968795300206,-0.010989010989007397,-0.0146520146520146
199059787939600,4.8324533,back,-0.0040054932478827965,28.0,2.0,-0.004386968795300206,-0.010989010989007397,-0.0146520146520146
199059788962100,4.8334758,back,-0.0040054932478827965,28.0,2.0,-0.004386968795300206,-0.010989010989007397,-0.0146520146520146
199059789975400,4.8344891,back,-0.0040054932478827965,28.0,2.0,-0.004386968795300206,-0.010989010989007397,-0.0146520146520146
199059791126300,4.83564,back,-0.0040054932478827965,28.0,2.0,-0.004386968795300206,-0.010989010989007397,-0.0146520146520146
199059791747400,4.8362611,back,-0.0040054932478827965,28.0,2.0,-0.004386968795300206,-0.010989010989007397,-0.0146520146520146
199059792817100,4.8373308,back,-0.0040054932478827965,28.0,2.0,-0.004386968795300206,-0.010989010989007397,-0.0146520146520146
199059793886100,4.8383998,back,-0.0040054932478827965,28.0,2.0,-0.004386968795300206,-0.010989010989007397,-0.0146520146520146
199059794989700,4.8395034,back,-0.0040054932478827965,28.0,2.0,-0.004386968795300206,-0.010989010989007397,-0.0146520146520146
199059795987000,4.8405007,back,-0.0040054932478827965,28.0,2.0,-0.004386968795300206,-0.010989010989007397,-0.0146520146520146
199059797069500,4.8415832,back,-0.0040054932478827965,28.0,2.0,-0.004386968795300206,-0.010989010989007397,-0.0146520146520146
199059797621100,4.8421348,back,-0.0040054932478827965,28.0,2.0,-0.004386968795300206,-0.010989010989007397,-0.0146520146520146
199059798623400,4.8431371,back,-0.0040054932478827965,28.0,2.0,-0.004386968795300206,-0.010989010989007397,-0.0146520146520146
199059799695400,4.8442091,back,-0.0040054932478827965,28.0,2.0,-0.004386968795300206,-0.010989010989007397,-0.0146520146520146
199059801146500,4.8456602,back,-0.0040054932478827965,28.0,2.0,-0.004386968795300206,-0.010989010989007397,-0.0146520146520146
199059801856200,4.8463699,back,-0.0040054932478827965,28.0,2.0,-0.0040054932478827965,-0.0329670329670364,-0.004884004884004867
199059802850100,4.8473638,back,-0.0040054932478827965,28.0,2.0,-0.0040054932478827965,0.0329670329670364,-0.0146520146520146
199059803992900,4.8485066,back,-0.0040054932478827965,28.0,2.0,-0.0040054932478827965,0.0329670329670364,-0.0146520146520146
199059805072100,4.8495858,back,-0.0040054932478827965,28.0,2.0,-0.0040054932478827965,0.0329670329670364,-0.0146520146520146
199059806210600,4.8507243,back,-0.0040054932478827965,28.0,2.0,-0.0040054932478827965,0.0329670329670364,-0.0146520146520146
199059807210400,4.8517241,back,-0.0040054932478827965,28.0,2.0,-0.0040054932478827965,0.0329670329670364,-0.0146520146520146
199059807866500,4.8523802,back,-0.0040054932478827965,28.0,2.0,-0.0040054932478827965,0.0329670329670364,-0.0146520146520146
199059808982600,4.8534963,back,-0.0040054932478827965,28.0,2.0,-0.0040054932478827965,0.0329670329670364,-0.0146520146520146
199059809977900,4.8544916,back,-0.0040054932478827965,28.0,2.0,-0.0040054932478827965,0.0329670329670364,-0.0146520146520146
199059811021200,4.8555349,back,-0.0040054932478827965,28.0,2.0,-0.0040054932478827965,0.0329670329670364,-0.0146520146520146
199059811614500,4.8561282,back,-0.0040054932478827965,28.0,2.0,-0.0040054932478827965,0.0329670329670364,-0.0146520146520146
199059812637800,4.8571515,back,-0.0040054932478827965,28.0,2.0,-0.0040054932478827965,0.0329670329670364,-0.0146520146520146
199059813675400,4.8581891,back,-0.0040054932478827965,28.0,2.0,-0.0040054932478827965,0.0329670329670364,-0.0146520146520146
199059814742800,4.8592565,back,-0.0040054932478827965,28.0,2.0,-0.0040054932478827965,0.0329670329670364,-0.0146520146520146
199059815779600,4.8602933,back,-0.0040054932478827965,28.0,2.0,-0.0040054932478827965,0.0329670329670364,-0.0146520146520146
199059817169900,4.8616836,back,-0.0040054932478827965,28.0,2.0,-0.0040054932478827965,0.0329670329670364,-0.0146520146520146
199059817894200,4.8624079,back,-0.0040054932478827965,28.0,2.0,-0.0040054932478827965,0.0329670329670364,-0.0146520146520146
199059818912700,4.8634264,back,-0.0040054932478827965,28.0,2.0,-0.0040054932478827965,0.0329670329670364,-0.0146520146520146
199059819998900,4.8645126,back,-0.0040054932478827965,28.0,2.0,-0.0040054932478827965,0.0329670329670364,-0.0146520146520146
199059821588100,4.8661018,back,-0.0040054932478827965,28.0,2.0,-0.0040054932478827965,0.0329670329670364,-0.0146520146520146
199059821681900,4.8661956,back,-0.0040054932478827965,28.0,2.0,-0.0040054932478827965,0.0329670329670364,-0.0146520146520146
199059823249200,4.8677629,back,-0.0040054932478827965,28.0,2.0,-0.0040054932478827965,0.0329670329670364,-0.0146520146520146
199059823837500,4.8683512,back,-0.0040054932478827965,28.0,2.0,-0.0040054932478827965,0.0329670329670364,-0.0146520146520146
199059824842800,4.8693565,back,-0.0040054932478827965,28.0,2.0,-0.0040054932478827965,0.0329670329670364,-0.0146520146520146
199059825895100,4.8704088,back,-0.0040054932478827965,28.0,2.0,-0.0040054932478827965,0.0329670329670364,-0.0146520146520146
199059826978900,4.8714926,back,-0.0040054932478827965,28.0,2.0,-0.0040054932478827965,0.0329670329670364,-0.0146520146520146
199059828042200,4.8725559,back,-0.0040054932478827965,28.0,2.0,-0.0040054932478827965,0.0329670329670364,-0.0146520146520146
199059828601600,4.8731153,back,-0.0040054932478827965,28.0,2.0,-0.0040054932478827965,0.0329670329670364,-0.0146520146520146
199059829605900,4.8741196,back,-0.0040054932478827965,28.0,2.0,-0.0040054932478827965,0.0329670329670364,-0.0146520146520146
199059830624400,4.8751381,back,-0.0040054932478827965,28.0,2.0,-0.0040054932478827965,0.0329670329670364,-0.0146520146520146
199059831632300,4.876146,back,-0.0040054932478827965,28.0,2.0,-0.0040054932478827965,0.0329670329670364,-0.0146520146520146
199059832814000,4.8773277,back,-0.0040054932478827965,28.0,2.0,-0.0040054932478827965,0.0329670329670364,-0.0146520146520146
199059833681700,4.8781954,back,-0.0040054932478827965,28.0,2.0,-0.0040054932478827965,0.0329670329670364,-0.0146520146520146
199059834693600,4.8792073,back,-0.0040054932478827965,28.0,2.0,-0.0040054932478827965,0.0329670329670364,-0.0146520146520146
199059835701100,4.8802148,back,-0.0040054932478827965,28.0,2.0,-0.0040054932478827965,0.0329670329670364,-0.0146520146520146
199059836799300,4.881313,back,-0.0040054932478827965,28.0,2.0,-0.0040054932478827965,0.0329670329670364,-0.0146520146520146
199059837914600,4.8824283,back,-0.0040054932478827965,28.0,2.0,-0.0040054932478827965,0.0329670329670364,-0.0146520146520146
199059838965500,4.8834792,back,-0.0040054932478827965,28.0,2.0,-0.0040054932478827965,0.0329670329670364,-0.0146520146520146
199059840004000,4.8845177,back,-0.0040054932478827965,28.0,2.0,-0.0040054932478827965,0.0329670329670364,-0.0146520146520146
199059841087500,4.8856012,back,-0.0040054932478827965,28.0,2.0,-0.0040054932478827965,0.0329670329670364,-0.0146520146520146
199059842182700,4.8866964,back,-0.0040054932478827965,28.0,2.0,-0.0040054932478827965,0.0329670329670364,-0.0146520146520146
199059842760100,4.8872738,back,-0.0040054932478827965,28.0,2.0,-0.0040054932478827965,0.0329670329670364,-0.0146520146520146
199059843762300,4.888276,back,-0.0040054932478827965,28.0,2.0,-0.0040054932478827965,0.0329670329670364,-0.0146520146520146
199059844793100,4.8893068,back,-0.0040054932478827965,28.0,2.0,-0.0040054932478827965,0.0329670329670364,-0.0146520146520146
199059845835500,4.8903492,back,-0.0040054932478827965,28.0,2.0,-0.0040054932478827965,0.0329670329670364,-0.0146520146520146
199059846913700,4.8914274,back,-0.0040054932478827965,28.0,2.0,-0.0040054932478827965,0.0329670329670364,-0.0146520146520146
199059848185700,4.8926994,back,-0.0040054932478827965,28.0,2.0,-0.0040054932478827965,0.0329670329670364,-0.0146520146520146
199059849041700,4.8935554,back,-0.0040054932478827965,28.0,2.0,-0.0040054932478827965,0.0329670329670364,-0.0146520146520146
199059850035000,4.8945487,back,-0.0040054932478827965,28.0,2.0,-0.0040054932478827965,0.0329670329670364,-0.0146520146520146
199059850637800,4.8951515,back,-0.0040054932478827965,28.0,2.0,-0.0040054932478827965,0.0329670329670364,-0.0146520146520146
199059851641400,4.8961551,back,-0.0040054932478827965,28.0,2.0,-0.0040054932478827965,0.0329670329670364,-0.0146520146520146
199059852705700,4.8972194,back,-0.0040054932478827965,28.0,2.0,-0.0040054932478827965,0.0329670329670364,-0.0146520146520146
199059853779200,4.8982929,back,-0.0040054932478827965,28.0,2.0,-0.0040054932478827965,0.0329670329670364,-0.0146520146520146
199059854856900,4.8993706,back,-0.0040054932478827965,28.0,2.0,-0.0040054932478827965,0.0329670329670364,-0.0146520146520146
199059855974600,4.9004883,back,-0.0040054932478827965,28.0,2.0,-0.0040054932478827965,0.0329670329670364,-0.0146520146520146
199059857071500,4.9015852,back,-0.0040054932478827965,28.0,2.0,-0.0040054932478827965,0.0329670329670364,-0.0146520146520146
199059858185400,4.9026991,back,-0.0040054932478827965,28.0,2.0,-0.0040054932478827965,0.0329670329670364,-0.0146520146520146
199059858819700,4.9033334,back,-0.0040054932478827965,28.0,2.0,-0.0040054932478827965,0.0329670329670364,-0.0146520146520146
199059859822700,4.9043364,back,-0.0040054932478827965,28.0,2.0,-0.0040054932478827965,0.0329670329670364,-0.0146520146520146
199059860925300,4.905439,back,-0.0040054932478827965,28.0,2.0,-0.0040054932478827965,0.0329670329670364,-0.0146520146520146
199059862034200,4.9065479,back,-0.0040054932478827965,28.0,2.0,-0.0040054932478827965,0.0329670329670364,-0.0146520146520146
199059863132500,4.9076462,back,-0.0040054932478827965,28.0,2.0,-0.0040054932478827965,0.0329670329670364,-0.0146520146520146
199059863931300,4.908445,back,-0.0040054932478827965,28.0,2.0,-0.0040054932478827965,0.0329670329670364,-0.0146520146520146
199059864723400,4.9092371,back,-0.0040054932478827965,28.0,2.0,-0.0040054932478827965,0.0329670329670364,-0.0146520146520146
199059865726100,4.9102398,back,-0.0040054932478827965,28.0,2.0,-0.0040054932478827965,0.0329670329670364,-0.0146520146520146
199059866726200,4.9112399,back,-0.0040054932478827965,28.0,2.0,-0.0040054932478827965,0.0329670329670364,-0.0146520146520146
199059867798900,4.9123126,back,-0.0040054932478827965,28.0,2.0,-0.0040054932478827965,0.0329670329670364,-0.0146520146520146
199059868864700,4.9133784,back,-0.0040054932478827965,28.0,2.0,-0.0040054932478827965,0.0329670329670364,-0.0146520146520146
199059869933700,4.9144474,back,-0.0040054932478827965,28.0,2.0,-0.0040054932478827965,0.0329670329670364,-0.0146520146520146
199059871229000,4.9157427,back,-0.0040054932478827965,28.0,2.0,-0.0040054932478827965,0.0329670329670364,-0.0146520146520146
199059871849500,4.9163632,back,-0.0040054932478827965,28.0,2.0,-0.0040054932478827965,0.0329670329670364,-0.0146520146520146
199059872923400,4.9174371,back,-0.0040054932478827965,28.0,2.0,-0.0040054932478827965,0.0329670329670364,-0.0146520146520146
199059873986200,4.9184999,back,-0.0040054932478827965,28.0,2.0,-0.0040054932478827965,0.0329670329670364,-0.0146520146520146
199059875053800,4.9195675,back,-0.0040054932478827965,28.0,2.0,-0.0040054932478827965,0.0329670329670364,-0.0146520146520146
199059875629600,4.9201433,back,-0.0040054932478827965,28.0,2.0,-0.0040054932478827965,0.0329670329670364,-0.0146520146520146
199059876631600,4.9211453,back,-0.0040054932478827965,28.0,2.0,-0.0040054932478827965,0.0329670329670364,-0.0146520146520146
199059877701700,4.9222154,back,-0.0040054932478827965,28.0,2.0,-0.0040054932478827965,0.0329670329670364,-0.0146520146520146
199059878830600,4.9233443,back,-0.0040054932478827965,28.0,2.0,-0.0040054932478827965,0.0329670329670364,-0.0146520146520146
199059879935500,4.9244492,back,-0.0040054932478827965,28.0,2.0,-0.0040054932478827965,0.0329670329670364,-0.0146520146520146
199059881409500,4.9259232,back,-0.0040054932478827965,28.0,2.0,-0.0040054932478827965,0.0329670329670364,-0.0146520146520146
199059881986200,4.9264999,back,-0.0040054932478827965,28.0,2.0,-0.0040054932478827965,0.0329670329670364,-0.0146520146520146
199059882987800,4.9275015,back,-0.0040054932478827965,28.0,2.0,-0.0040054932478827965,0.0329670329670364,-0.0146520146520146
199059884060900,4.9285746,back,-0.0040054932478827965,28.0,2.0,-0.0040054932478827965,0.0329670329670364,-0.0146520146520146
199059884625700,4.9291394,back,-0.0040054932478827965,28.0,2.0,-0.0040054932478827965,0.0329670329670364,-0.0146520146520146
199059885637600,4.9301513,back,-0.0040054932478827965,28.0,2.0,-0.0040054932478827965,0.0329670329670364,-0.0146520146520146
199059886757300,4.931271,back,-0.0040054932478827965,28.0,2.0,-0.0040054932478827965,0.0329670329670364,-0.0146520146520146
199059887756800,4.9322705,back,-0.0040054932478827965,28.0,2.0,-0.0040054932478827965,0.0329670329670364,-0.0146520146520146
199059888877600,4.9333913,back,-0.0040054932478827965,28.0,2.0,-0.0040054932478827965,0.0329670329670364,-0.0146520146520146
199059889933300,4.934447,back,-0.0040054932478827965,28.0,2.0,-0.0040054932478827965,0.0329670329670364,-0.0146520146520146
199059890985900,4.9354996,back,-0.0040054932478827965,28.0,2.0,-0.0040054932478827965,0.0329670329670364,-0.0146520146520146
199059892049600,4.9365633,back,-0.0040054932478827965,28.0,2.0,-0.0040054932478827965,0.0329670329670364,-0.0146520146520146
199059892633200,4.9371469,back,-0.0040054932478827965,28.0,2.0,-0.0040054932478827965,0.0329670329670364,-0.0146520146520146
199059893779400,4.9382931,back,-0.0040054932478827965,28.0,2.0,-0.0040054932478827965,0.0329670329670364,-0.0146520146520146
199059894843800,4.9393575,back,-0.0040054932478827965,28.0,2.0,-0.0040054932478827965,0.0329670329670364,-0.0146520146520146
199059896204800,4.9407185,back,-0.0040054932478827965,28.0,2.0,-0.0040054932478827965,0.0329670329670364,-0.0146520146520146
199059896938500,4.9414522,back,-0.0040054932478827965,28.0,2.0,-0.0040054932478827965,0.0329670329670364,-0.0146520146520146
199059897938800,4.9424525,back,-0.0040054932478827965,28.0,2.0,-0.0040054932478827965,0.0329670329670364,-0.0146520146520146
199059899041500,4.9435552,back,-0.0040054932478827965,28.0,2.0,-0.0040054932478827965,0.0329670329670364,-0.0146520146520146
199059900158700,4.9446724,back,-0.0040054932478827965,28.0,2.0,-0.0040054932478827965,0.0329670329670364,-0.0146520146520146
199059900729700,4.9452434,back,-0.0040054932478827965,28.0,2.0,-0.0040054932478827965,0.0329670329670364,-0.0146520146520146
199059901736600,4.9462503,back,-0.0040054932478827965,28.0,2.0,-0.0040054932478827965,0.0329670329670364,-0.0146520146520146
199059902820600,4.9473343,back,-0.0040054932478827965,28.0,2.0,-0.0040054932478827965,0.0329670329670364,-0.0146520146520146
199059903886100,4.9483998,back,-0.0040054932478827965,28.0,2.0,-0.0040054932478827965,0.0329670329670364,-0.0146520146520146
199059904945800,4.9494595,back,-0.0040054932478827965,28.0,2.0,-0.0040054932478827965,0.0329670329670364,-0.0146520146520146
199059906011400,4.9505251,back,-0.0040054932478827965,28.0,2.0,-0.0040054932478827965,0.0329670329670364,-0.0146520146520146
199059907088400,4.9516021,back,-0.0040054932478827965,28.0,2.0,-0.0040054932478827965,0.0329670329670364,-0.0146520146520146
199059907642900,4.9521566,back,-0.0040054932478827965,28.0,2.0,-0.0040054932478827965,0.0329670329670364,-0.0146520146520146
199059908672400,4.9531861,back,-0.0040054932478827965,28.0,2.0,-0.0040054932478827965,0.0329670329670364,-0.0146520146520146
199059909718000,4.9542317,back,-0.0040054932478827965,28.0,2.0,-0.0040054932478827965,0.0329670329670364,-0.0146520146520146
199059910755200,4.9552689,back,-0.0040054932478827965,28.0,2.0,-0.0040054932478827965,0.0329670329670364,-0.0146520146520146
199059914067900,4.9585816,back,-0.0040054932478827965,28.0,2.0,-0.0040054932478827965,0.0329670329670364,-0.0146520146520146
199059914212400,4.9587261,back,-0.0040054932478827965,28.0,2.0,-0.0040054932478827965,-0.010989010989007397,-0.0146520146520146
199059914578600,4.9590923,back,-0.0040054932478827965,28.0,2.0,-0.0040054932478827965,-0.0329670329670364,-0.0146520146520146
199059914654000,4.9591677,back,-0.0040054932478827965,28.0,2.0,-0.0040054932478827965,0.010989010989007397,-0.0146520146520146
199059915738300,4.960252,back,-0.0040054932478827965,28.0,2.0,-0.0040054932478827965,-0.010989010989007397,-0.0146520146520146
199059916818900,4.9613326,back,-0.0040054932478827965,28.0,2.0,-0.0040054932478827965,-0.010989010989007397,-0.0146520146520146
199059917890900,4.9624046,back,-0.0040054932478827965,28.0,2.0,-0.0040054932478827965,-0.010989010989007397,-0.0146520146520146
199059918942400,4.9634561,back,-0.0040054932478827965,28.0,2.0,-0.0040054932478827965,-0.010989010989007397,-0.0146520146520146
199059920016300,4.96453,back,-0.0040054932478827965,28.0,2.0,-0.0040054932478827965,-0.010989010989007397,-0.0146520146520146
199059920585600,4.9650993,back,-0.0040054932478827965,28.0,2.0,-0.0040054932478827965,-0.010989010989007397,-0.0146520146520146
199059921630300,4.966144,back,-0.0040054932478827965,28.0,2.0,-0.0040054932478827965,-0.010989010989007397,-0.0146520146520146
199059922700000,4.9672137,back,-0.0040054932478827965,28.0,2.0,-0.0040054932478827965,-0.010989010989007397,-0.0146520146520146
199059923789400,4.9683031,back,-0.0040054932478827965,28.0,2.0,-0.0040054932478827965,-0.010989010989007397,-0.0146520146520146
199059924840800,4.9693545,back,-0.0040054932478827965,28.0,2.0,-0.0040054932478827965,-0.010989010989007397,-0.0146520146520146
199059925944200,4.9704579,back,-0.0040054932478827965,28.0,2.0,-0.0040054932478827965,-0.010989010989007397,-0.0146520146520146
199059927335000,4.9718487,back,-0.0040054932478827965,28.0,2.0,-0.0040054932478827965,-0.010989010989007397,-0.0146520146520146
199059928183900,4.9726976,back,-0.0040054932478827965,28.0,2.0,-0.0040054932478827965,-0.010989010989007397,-0.0146520146520146
199059928777100,4.9732908,back,-0.0040054932478827965,28.0,2.0,-0.0040054932478827965,-0.010989010989007397,-0.0146520146520146
199059929780700,4.9742944,back,-0.0040054932478827965,28.0,2.0,-0.0040054932478827965,-0.010989010989007397,-0.0146520146520146
199059930864200,4.9753779,back,-0.0040054932478827965,28.0,2.0,-0.0040054932478827965,-0.010989010989007397,-0.0146520146520146
199059931781200,4.9762949,back,-0.0040054932478827965,28.0,2.0,-0.0040054932478827965,-0.010989010989007397,-0.0146520146520146
199059932868700,4.9773824,back,-0.0040054932478827965,28.0,2.0,-0.0040054932478827965,-0.010989010989007397,-0.0146520146520146
199059933952400,4.9784661,back,-0.0040054932478827965,28.0,2.0,-0.0040054932478827965,-0.010989010989007397,-0.0146520146520146
199059935063300,4.979577,back,-0.0040054932478827965,28.0,2.0,-0.0040054932478827965,-0.010989010989007397,-0.0146520146520146
199059936172100,4.9806858,back,-0.0040054932478827965,28.0,2.0,-0.0040054932478827965,-0.010989010989007397,-0.0146520146520146
199059936750600,4.9812643,back,-0.0040054932478827965,28.0,2.0,-0.0040054932478827965,-0.010989010989007397,-0.0146520146520146
199059937845500,4.9823592,back,-0.0040054932478827965,28.0,2.0,-0.0040054932478827965,-0.010989010989007397,-0.0146520146520146
199059938950400,4.9834641,back,-0.0040054932478827965,28.0,2.0,-0.0040054932478827965,-0.010989010989007397,-0.0146520146520146
199059940037200,4.9845509,back,-0.0040054932478827965,28.0,2.0,-0.0040054932478827965,-0.010989010989007397,-0.0146520146520146
199059941182000,4.9856957,back,-0.0040054932478827965,28.0,2.0,-0.0040054932478827965,-0.010989010989007397,-0.0146520146520146
199059941752000,4.9862657,back,-0.0040054932478827965,28.0,2.0,-0.0040054932478827965,-0.010989010989007397,-0.0146520146520146
199059942815600,4.9873293,back,-0.0040054932478827965,28.0,2.0,-0.0040054932478827965,-0.010989010989007397,-0.0146520146520146
199059943764000,4.9882777,back,-0.0040054932478827965,28.0,2.0,-0.0040054932478827965,-0.010989010989007397,-0.0146520146520146
199059944773700,4.9892874,back,-0.0040054932478827965,28.0,2.0,-0.0040054932478827965,-0.010989010989007397,-0.0146520146520146
199059945870100,4.9903838,back,-0.0040054932478827965,28.0,2.0,-0.0040054932478827965,-0.010989010989007397,-0.0146520146520146
199059946973100,4.9914868,back,-0.0040054932478827965,28.0,2.0,-0.0040054932478827965,-0.010989010989007397,-0.0146520146520146
199059948041400,4.9925551,back,-0.0040054932478827965,28.0,2.0,-0.0040054932478827965,-0.010989010989007397,-0.0146520146520146
199059948598300,4.993112,back,-0.0040054932478827965,28.0,2.0,-0.0040054932478827965,-0.010989010989007397,-0.0146520146520146
199059949617900,4.9941316,back,-0.0040054932478827965,28.0,2.0,-0.0040054932478827965,-0.010989010989007397,-0.0146520146520146
199059950763800,4.9952775,back,-0.0040054932478827965,28.0,2.0,-0.0040054932478827965,-0.010989010989007397,-0.0146520146520146
199059951767500,4.9962812,back,-0.0040054932478827965,28.0,2.0,-0.0040054932478827965,-0.010989010989007397,-0.0146520146520146
199059952816600,4.9973303,back,-0.0040054932478827965,28.0,2.0,-0.0040054932478827965,-0.010989010989007397,-0.0146520146520146
199059953888900,4.9984026,back,-0.0040054932478827965,28.0,2.0,-0.0040054932478827965,-0.010989010989007397,-0.0146520146520146
199059954958500,4.9994722,back,-0.0040054932478827965,28.0,2.0,-0.0040054932478827965,-0.010989010989007397,-0.0146520146520146
199059956084000,5.0005977,back,-0.0040054932478827965,28.0,2.0,-0.0040054932478827965,-0.010989010989007397,-0.0146520146520146
199059957239000,5.0017527,back,-0.0040054932478827965,28.0,2.0,-0.0040054932478827965,-0.010989010989007397,-0.0146520146520146
199059957878600,5.0023923,back,-0.0040054932478827965,28.0,2.0,-0.0040054932478827965,-0.010989010989007397,-0.0146520146520146
199059959114400,5.0036281,back,-0.0040054932478827965,28.0,2.0,-0.0040054932478827965,-0.010989010989007397,-0.0146520146520146
199059960393600,5.0049073,back,-0.0040054932478827965,28.0,2.0,-0.0040054932478827965,-0.010989010989007397,-0.0146520146520146
199059960993200,5.0055069,back,-0.0040054932478827965,28.0,2.0,-0.0040054932478827965,-0.010989010989007397,-0.0146520146520146
199059961999300,5.006513,back,-0.0040054932478827965,28.0,2.0,-0.0040054932478827965,-0.010989010989007397,-0.0146520146520146
199059963069400,5.0075831,back,-0.0040054932478827965,28.0,2.0,-0.0040054932478827965,-0.010989010989007397,-0.0146520146520146
199059963657200,5.0081709,back,-0.0040054932478827965,28.0,2.0,-0.0040054932478827965,-0.010989010989007397,-0.0146520146520146
199059964661500,5.0091752,back,-0.0040054932478827965,28.0,2.0,-0.0040054932478827965,-0.010989010989007397,-0.0146520146520146
199059965747700,5.0102614,back,-0.0040054932478827965,28.0,2.0,-0.0040054932478827965,-0.010989010989007397,-0.0146520146520146
199059966846500,5.0113602,back,-0.0040054932478827965,28.0,2.0,-0.0040054932478827965,-0.010989010989007397,-0.0146520146520146
199059967917900,5.0124316,back,-0.0040054932478827965,28.0,2.0,-0.0040054932478827965,-0.010989010989007397,-0.0146520146520146
199059969033600,5.0135473,back,-0.0040054932478827965,28.0,2.0,-0.0040054932478827965,-0.010989010989007397,-0.0146520146520146
199059970067800,5.0145815,back,-0.0040054932478827965,28.0,2.0,-0.0040054932478827965,-0.010989010989007397,-0.0146520146520146
199059971145600,5.0156593,back,-0.0040054932478827965,28.0,2.0,-0.0040054932478827965,-0.010989010989007397,-0.0146520146520146
199059971749200,5.0162629,back,-0.0040054932478827965,28.0,2.0,-0.0040054932478827965,-0.010989010989007397,-0.0146520146520146
199059972754200,5.0172679,back,-0.0040054932478827965,28.0,2.0,-0.0040054932478827965,-0.010989010989007397,-0.0146520146520146
199059973790900,5.0183046,back,-0.0040054932478827965,28.0,2.0,-0.0040054932478827965,-0.010989010989007397,-0.0146520146520146
199059974982000,5.0194957,back,-0.0040054932478827965,28.0,2.0,-0.0040054932478827965,-0.010989010989007397,-0.0146520146520146
199059975884600,5.0203983,back,-0.0040054932478827965,28.0,2.0,-0.0040054932478827965,-0.010989010989007397,-0.0146520146520146
199059976877700,5.0213914,back,-0.0040054932478827965,28.0,2.0,-0.0040054932478827965,-0.010989010989007397,-0.0146520146520146
199059978130800,5.0226445,back,-0.0040054932478827965,28.0,2.0,-0.0040054932478827965,-0.010989010989007397,-0.0146520146520146
199059978713700,5.0232274,back,-0.0040054932478827965,28.0,2.0,-0.0040054932478827965,-0.010989010989007397,-0.0146520146520146
199059979718800,5.0242325,back,-0.0040054932478827965,28.0,2.0,-0.0040054932478827965,-0.010989010989007397,-0.0146520146520146
199059980859100,5.0253728,back,-0.0040054932478827965,28.0,2.0,-0.0040054932478827965,-0.010989010989007397,-0.0146520146520146
199059982006500,5.0265202,back,-0.0040054932478827965,28.0,2.0,-0.0040054932478827965,-0.010989010989007397,-0.0146520146520146
199059983104700,5.0276184,back,-0.0040054932478827965,28.0,2.0,-0.0040054932478827965,-0.010989010989007397,-0.0146520146520146
199059983708600,5.0282223,back,-0.0040054932478827965,28.0,2.0,-0.0040054932478827965,-0.010989010989007397,-0.0146520146520146
199059984714700,5.0292284,back,-0.0040054932478827965,28.0,2.0,-0.0040054932478827965,-0.010989010989007397,-0.0146520146520146
199059985790700,5.0303044,back,-0.0040054932478827965,28.0,2.0,-0.0040054932478827965,-0.010989010989007397,-0.0146520146520146
199059986862100,5.0313758,back,-0.0040054932478827965,28.0,2.0,-0.0040054932478827965,-0.010989010989007397,-0.0146520146520146
199059987991700,5.0325054,back,-0.0040054932478827965,28.0,2.0,-0.0040054932478827965,-0.010989010989007397,-0.0146520146520146
199059989105100,5.0336188,back,-0.0040054932478827965,28.0,2.0,-0.0040054932478827965,-0.010989010989007397,-0.0146520146520146
199059990239700,5.0347534,back,-0.0040054932478827965,28.0,2.0,-0.0040054932478827965,-0.010989010989007397,-0.0146520146520146
199059991213500,5.0357272,back,-0.0040054932478827965,28.0,2.0,-0.0040054932478827965,-0.010989010989007397,-0.0146520146520146
199059991817800,5.0363315,back,-0.0040054932478827965,28.0,2.0,-0.0040054932478827965,-0.010989010989007397,-0.0146520146520146
199059992819800,5.0373335,back,-0.0040054932478827965,28.0,2.0,-0.0040054932478827965,-0.010989010989007397,-0.0146520146520146
199059993862500,5.0383762,back,-0.0040054932478827965,28.0,2.0,-0.0040054932478827965,-0.010989010989007397,-0.0146520146520146
199059994908800,5.0394225,back,-0.0040054932478827965,28.0,2.0,-0.0040054932478827965,-0.010989010989007397,-0.0146520146520146
199059995997500,5.0405112,back,-0.0040054932478827965,28.0,2.0,-0.0040054932478827965,-0.010989010989007397,-0.0146520146520146
199059997109900,5.0416236,back,-0.0040054932478827965,28.0,2.0,-0.0040054932478827965,-0.010989010989007397,-0.0146520146520146
199059997706500,5.0422202,back,-0.0040054932478827965,28.0,2.0,-0.0040054932478827965,-0.010989010989007397,-0.0146520146520146
199059998742300,5.043256,back,-0.0040054932478827965,28.0,2.0,-0.0040054932478827965,-0.010989010989007397,-0.0146520146520146
199059999823200,5.0443369,back,-0.0040054932478827965,28.0,2.0,-0.0040054932478827965,-0.010989010989007397,-0.0146520146520146
199060000913200,5.0454269,back,-0.0040054932478827965,28.0,2.0,-0.0040054932478827965,-0.010989010989007397,-0.0146520146520146
199060002048100,5.0465618,back,-0.0040054932478827965,28.0,2.0,-0.0040054932478827965,-0.010989010989007397,-0.0146520146520146
199060003163600,5.0476773,back,-0.0040054932478827965,28.0,2.0,-0.0040054932478827965,-0.010989010989007397,-0.0146520146520146
199060003768200,5.0482819,back,-0.0040054932478827965,28.0,2.0,-0.0040054932478827965,-0.010989010989007397,-0.0146520146520146
199060004774600,5.0492883,back,-0.0040054932478827965,28.0,2.0,-0.0040054932478827965,-0.010989010989007397,-0.0146520146520146
199060006007300,5.050521,back,-0.0040054932478827965,28.0,2.0,-0.0040054932478827965,-0.010989010989007397,-0.0146520146520146
199060006827100,5.0513408,back,-0.0040054932478827965,28.0,2.0,-0.0040054932478827965,-0.010989010989007397,-0.0146520146520146
199060007826000,5.0523397,back,-0.0040054932478827965,28.0,2.0,-0.0040054932478827965,-0.010989010989007397,-0.0146520146520146
199060008899900,5.0534136,back,-0.0040054932478827965,28.0,2.0,-0.0040054932478827965,-0.010989010989007397,-0.0146520146520146
199060009940300,5.054454,back,-0.0040054932478827965,28.0,2.0,-0.0040054932478827965,-0.010989010989007397,-0.0146520146520146
199060011012600,5.0555263,back,-0.0040054932478827965,28.0,2.0,-0.0040054932478827965,-0.010989010989007397,-0.0146520146520146
199060012109200,5.0566229,back,-0.0040054932478827965,28.0,2.0,-0.0040054932478827965,-0.010989010989007397,-0.0146520146520146
199060012687800,5.0572015,back,-0.0040054932478827965,28.0,2.0,-0.0040054932478827965,-0.010989010989007397,-0.0146520146520146
199060013694700,5.0582084,back,-0.0040054932478827965,28.0,2.0,-0.0040054932478827965,-0.010989010989007397,-0.0146520146520146
199060014778200,5.0592919,back,-0.0040054932478827965,28.0,2.0,-0.0040054932478827965,-0.010989010989007397,-0.0146520146520146
199060015993900,5.0605076,back,-0.0040054932478827965,28.0,2.0,-0.0040054932478827965,-0.010989010989007397,-0.0146520146520146
199060016972400,5.0614861,back,-0.0040054932478827965,28.0,2.0,-0.0040054932478827965,-0.010989010989007397,-0.0146520146520146
199060018078800,5.0625925,back,-0.0040054932478827965,28.0,2.0,-0.0040054932478827965,-0.010989010989007397,-0.0146520146520146
199060019190000,5.0637037,back,-0.0040054932478827965,28.0,2.0,-0.0040054932478827965,-0.010989010989007397,-0.0146520146520146
199060019749300,5.064263,back,-0.0040054932478827965,28.0,2.0,-0.0040054932478827965,-0.010989010989007397,-0.0146520146520146
199060020751400,5.0652651,back,-0.0040054932478827965,28.0,2.0,-0.0040054932478827965,-0.010989010989007397,-0.0146520146520146
199060021928100,5.0664418,back,-0.0040054932478827965,28.0,2.0,-0.0040054932478827965,-0.010989010989007397,-0.0146520146520146
199060023012200,5.0675259,back,-0.0040054932478827965,28.0,2.0,-0.004386968795300206,-0.010989010989007397,-0.004884004884004867
199060024116600,5.0686303,back,-0.0040054932478827965,28.0,2.0,-0.004386968795300206,-0.010989010989007397,-0.004884004884004867
199060024712100,5.0692258,back,-0.0040054932478827965,28.0,2.0,-0.004386968795300206,-0.010989010989007397,-0.004884004884004867
199060025715100,5.0702288,back,-0.0040054932478827965,28.0,2.0,-0.004386968795300206,-0.010989010989007397,-0.004884004884004867
199060026789300,5.071303,back,-0.0040054932478827965,28.0,2.0,-0.004386968795300206,-0.010989010989007397,-0.004884004884004867
199060027839600,5.0723533,back,-0.0040054932478827965,28.0,2.0,-0.004386968795300206,-0.010989010989007397,-0.004884004884004867
199060028950500,5.0734642,back,-0.0040054932478827965,28.0,2.0,-0.004386968795300206,-0.010989010989007397,-0.004884004884004867
199060030022800,5.0745365,back,-0.0040054932478827965,28.0,2.0,-0.004386968795300206,-0.010989010989007397,-0.004884004884004867
199060031129400,5.0756431,back,-0.0040054932478827965,28.0,2.0,-0.004386968795300206,-0.010989010989007397,-0.004884004884004867
199060031704400,5.0762181,back,-0.0040054932478827965,28.0,2.0,-0.004386968795300206,-0.010989010989007397,-0.004884004884004867
199060032706900,5.0772206,back,-0.0040054932478827965,28.0,2.0,-0.004386968795300206,-0.010989010989007397,-0.004884004884004867
199060033795800,5.0783095,back,-0.0040054932478827965,28.0,2.0,-0.004386968795300206,-0.010989010989007397,-0.004884004884004867
199060034917800,5.0794315,back,-0.0040054932478827965,28.0,2.0,-0.004386968795300206,-0.010989010989007397,-0.004884004884004867
199060035992900,5.0805066,back,-0.0040054932478827965,28.0,2.0,-0.004386968795300206,-0.010989010989007397,-0.004884004884004867
199060037189900,5.0817036,back,-0.0040054932478827965,28.0,2.0,-0.004386968795300206,-0.010989010989007397,-0.004884004884004867
199060038320800,5.0828345,back,-0.0040054932478827965,28.0,2.0,-0.004386968795300206,-0.010989010989007397,-0.004884004884004867
199060038923200,5.0834369,back,-0.0040054932478827965,28.0,2.0,-0.004386968795300206,-0.010989010989007397,-0.004884004884004867
199060039929000,5.0844427,back,-0.0040054932478827965,28.0,2.0,-0.004386968795300206,-0.010989010989007397,-0.004884004884004867
199060040934000,5.0854477,back,-0.0040054932478827965,28.0,2.0,-0.004386968795300206,-0.010989010989007397,-0.004884004884004867
199060041928700,5.0864424,back,-0.0040054932478827965,28.0,2.0,-0.004386968795300206,-0.010989010989007397,-0.004884004884004867
199060042930900,5.0874446,back,-0.0040054932478827965,28.0,2.0,-0.004386968795300206,-0.010989010989007397,-0.004884004884004867
199060044055500,5.0885692,back,-0.0040054932478827965,28.0,2.0,-0.004386968795300206,-0.010989010989007397,-0.004884004884004867
199060045200300,5.089714,back,-0.0040054932478827965,28.0,2.0,-0.004386968795300206,-0.010989010989007397,-0.004884004884004867
199060045811500,5.0903252,back,-0.0040054932478827965,28.0,2.0,-0.004386968795300206,-0.010989010989007397,-0.004884004884004867
199060046854700,5.0913684,back,-0.0040054932478827965,28.0,2.0,-0.004386968795300206,-0.010989010989007397,-0.004884004884004867
199060047826300,5.09234,back,-0.0040054932478827965,28.0,2.0,-0.004386968795300206,-0.010989010989007397,-0.004884004884004867
199060048848100,5.0933618,back,-0.0040054932478827965,28.0,2.0,-0.004386968795300206,-0.010989010989007397,-0.004884004884004867
199060049842100,5.0943558,back,-0.0040054932478827965,28.0,2.0,-0.004386968795300206,-0.010989010989007397,-0.004884004884004867
199060050866300,5.09538,back,-0.0040054932478827965,28.0,2.0,-0.004386968795300206,-0.010989010989007397,-0.004884004884004867
199060051997000,5.0965107,back,-0.0040054932478827965,28.0,2.0,-0.004386968795300206,-0.010989010989007397,-0.004884004884004867
199060053322100,5.0978358,back,-0.0040054932478827965,28.0,2.0,-0.004386968795300206,-0.010989010989007397,-0.004884004884004867
199060053655600,5.0981693,back,-0.0040054932478827965,28.0,2.0,-0.004386968795300206,-0.010989010989007397,-0.004884004884004867
199060054663000,5.0991767,back,-0.0040054932478827965,28.0,2.0,-0.004386968795300206,-0.010989010989007397,-0.004884004884004867
199060055689200,5.1002029,back,-0.0040054932478827965,28.0,2.0,-0.004386968795300206,-0.010989010989007397,-0.004884004884004867
199060056850900,5.1013646,back,-0.0040054932478827965,28.0,2.0,-0.004386968795300206,-0.010989010989007397,-0.004884004884004867
199060057838000,5.1023517,back,-0.0040054932478827965,28.0,2.0,-0.004386968795300206,-0.010989010989007397,-0.004884004884004867
199060058874200,5.1033879,back,-0.0040054932478827965,28.0,2.0,-0.004386968795300206,-0.010989010989007397,-0.004884004884004867
199060059947400,5.1044611,back,-0.0040054932478827965,28.0,2.0,-0.004386968795300206,-0.010989010989007397,-0.004884004884004867
199060061017200,5.1055309,back,-0.0040054932478827965,28.0,2.0,-0.004386968795300206,-0.010989010989007397,-0.004884004884004867
199060062128100,5.1066418,back,-0.0040054932478827965,28.0,2.0,-0.004386968795300206,-0.010989010989007397,-0.004884004884004867
199060062717600,5.1072313,back,-0.0040054932478827965,28.0,2.0,-0.004386968795300206,-0.010989010989007397,-0.004884004884004867
199060063738700,5.1082524,back,-0.0040054932478827965,28.0,2.0,-0.004386968795300206,-0.010989010989007397,-0.004884004884004867
199060064831500,5.1093452,back,-0.0040054932478827965,28.0,2.0,-0.004386968795300206,-0.010989010989007397,-0.004884004884004867
199060065972100,5.1104858,back,-0.0040054932478827965,28.0,2.0,-0.004386968795300206,-0.010989010989007397,-0.004884004884004867
199060067074400,5.1115881,back,-0.0040054932478827965,28.0,2.0,-0.004386968795300206,-0.010989010989007397,-0.004884004884004867
199060067661300,5.112175,back,-0.0040054932478827965,28.0,2.0,-0.004386968795300206,-0.010989010989007397,-0.004884004884004867
199060068751200,5.1132649,back,-0.0040054932478827965,28.0,2.0,-0.004386968795300206,-0.010989010989007397,-0.004884004884004867
199060069673100,5.1141868,back,-0.0040054932478827965,28.0,2.0,-0.004386968795300206,-0.010989010989007397,-0.004884004884004867
199060070672800,5.1151865,back,-0.0040054932478827965,28.0,2.0,-0.004386968795300206,-0.010989010989007397,-0.004884004884004867
199060071727400,5.1162411,back,-0.0040054932478827965,28.0,2.0,-0.004386968795300206,-0.010989010989007397,-0.004884004884004867
199060072847500,5.1173612,back,-0.0040054932478827965,28.0,2.0,-0.004386968795300206,-0.010989010989007397,-0.004884004884004867
199060073980300,5.118494,back,-0.0040054932478827965,28.0,2.0,-0.004386968795300206,-0.010989010989007397,-0.004884004884004867
199060075106400,5.1196201,back,-0.0040054932478827965,28.0,2.0,-0.004386968795300206,-0.010989010989007397,-0.004884004884004867
199060075726700,5.1202404,back,-0.0040054932478827965,28.0,2.0,-0.004386968795300206,-0.010989010989007397,-0.004884004884004867
199060076730800,5.1212445,back,-0.0040054932478827965,28.0,2.0,-0.004386968795300206,-0.010989010989007397,-0.004884004884004867
199060077828500,5.1223422,back,-0.0040054932478827965,28.0,2.0,-0.004386968795300206,-0.010989010989007397,-0.004884004884004867
199060078880600,5.1233943,back,-0.0040054932478827965,28.0,2.0,-0.004386968795300206,-0.010989010989007397,-0.004884004884004867
199060079947600,5.1244613,back,-0.0040054932478827965,28.0,2.0,-0.004386968795300206,-0.010989010989007397,-0.004884004884004867
199060081010200,5.1255239,back,-0.0040054932478827965,28.0,2.0,-0.004386968795300206,-0.010989010989007397,-0.004884004884004867
199060082097900,5.1266116,back,-0.0040054932478827965,28.0,2.0,-0.004386968795300206,-0.010989010989007397,-0.004884004884004867
199060083100400,5.1276141,back,-0.0040054932478827965,28.0,2.0,-0.004386968795300206,-0.010989010989007397,-0.004884004884004867
199060084452900,5.1289666,back,-0.0040054932478827965,28.0,2.0,-0.004386968795300206,-0.010989010989007397,-0.004884004884004867
199060085172600,5.1296863,back,-0.0040054932478827965,28.0,2.0,-0.004386968795300206,-0.010989010989007397,-0.004884004884004867
199060085758100,5.1302718,back,-0.0040054932478827965,28.0,2.0,-0.004386968795300206,-0.010989010989007397,-0.004884004884004867
199060086763000,5.1312767,back,-0.0040054932478827965,28.0,2.0,-0.004386968795300206,-0.010989010989007397,-0.004884004884004867
199060087875700,5.1323894,back,-0.0040054932478827965,28.0,2.0,-0.004386968795300206,-0.010989010989007397,-0.004884004884004867
199060088951400,5.1334651,back,-0.0040054932478827965,28.0,2.0,-0.004386968795300206,-0.010989010989007397,-0.004884004884004867
199060090062600,5.1345763,back,-0.0040054932478827965,28.0,2.0,-0.004386968795300206,-0.010989010989007397,-0.004884004884004867
199060090663200,5.1351769,back,-0.0040054932478827965,28.0,2.0,-0.004386968795300206,-0.010989010989007397,-0.004884004884004867
199060091748800,5.1362625,back,-0.0040054932478827965,28.0,2.0,-0.004386968795300206,-0.010989010989007397,-0.004884004884004867
199060092836900,5.1373506,back,-0.0040054932478827965,28.0,2.0,-0.004386968795300206,-0.010989010989007397,-0.004884004884004867
199060093702300,5.138216,back,-0.0040054932478827965,28.0,2.0,-0.004386968795300206,-0.010989010989007397,-0.004884004884004867
199060094701200,5.1392149,back,-0.0040054932478827965,28.0,2.0,-0.004386968795300206,-0.010989010989007397,-0.004884004884004867
199060095747000,5.1402607,back,-0.0040054932478827965,28.0,2.0,-0.004386968795300206,-0.010989010989007397,-0.004884004884004867
199060096779700,5.1412934,back,-0.0040054932478827965,28.0,2.0,-0.004386968795300206,-0.010989010989007397,-0.004884004884004867
199060097811500,5.1423252,back,-0.0040054932478827965,28.0,2.0,-0.004386968795300206,-0.010989010989007397,-0.004884004884004867
199060098894200,5.1434079,back,-0.0040054932478827965,28.0,2.0,-0.004386968795300206,-0.010989010989007397,-0.004884004884004867
199060100095900,5.1446096,back,-0.0040054932478827965,28.0,2.0,-0.004386968795300206,-0.010989010989007397,-0.004884004884004867
199060101004800,5.1455185,back,-0.0040054932478827965,28.0,2.0,-0.004386968795300206,-0.010989010989007397,-0.004884004884004867
199060102006600,5.1465203,back,-0.0040054932478827965,28.0,2.0,-0.004386968795300206,-0.010989010989007397,-0.004884004884004867
199060103062400,5.1475761,back,-0.0040054932478827965,28.0,2.0,-0.004386968795300206,-0.010989010989007397,-0.004884004884004867
199060104186000,5.1486997,back,-0.0040054932478827965,28.0,2.0,-0.004386968795300206,-0.010989010989007397,-0.004884004884004867
199060105167000,5.1496807,back,-0.0040054932478827965,28.0,2.0,-0.004386968795300206,-0.010989010989007397,-0.004884004884004867
199060105730400,5.1502441,back,-0.0040054932478827965,28.0,2.0,-0.004386968795300206,-0.010989010989007397,-0.004884004884004867
199060106734500,5.1512482,back,-0.0040054932478827965,28.0,2.0,-0.004386968795300206,-0.010989010989007397,-0.004884004884004867
199060107798000,5.1523117,back,-0.0040054932478827965,28.0,2.0,-0.004386968795300206,-0.010989010989007397,-0.004884004884004867
199060108873700,5.1533874,back,-0.0040054932478827965,28.0,2.0,-0.004386968795300206,-0.010989010989007397,-0.004884004884004867
199060109908900,5.1544226,back,-0.0040054932478827965,28.0,2.0,-0.004386968795300206,-0.010989010989007397,-0.004884004884004867
199060110959500,5.1554732,back,-0.0040054932478827965,28.0,2.0,-0.004386968795300206,-0.010989010989007397,-0.004884004884004867
199060112002900,5.1565166,back,-0.0040054932478827965,28.0,2.0,-0.004386968795300206,-0.010989010989007397,-0.004884004884004867
199060113035800,5.1575495,back,-0.0040054932478827965,28.0,2.0,-0.004386968795300206,-0.010989010989007397,-0.004884004884004867
199060113909500,5.1584232,back,-0.0040054932478827965,28.0,2.0,-0.004386968795300206,-0.010989010989007397,-0.004884004884004867
199060114908600,5.1594223,back,-0.0040054932478827965,28.0,2.0,-0.004386968795300206,-0.010989010989007397,-0.004884004884004867
199060116040500,5.1605542,back,-0.0040054932478827965,28.0,2.0,-0.004386968795300206,-0.010989010989007397,-0.004884004884004867
199060117272000,5.1617857,back,-0.0040054932478827965,28.0,2.0,-0.004386968795300206,-0.010989010989007397,-0.004884004884004867
199060117876600,5.1623903,back,-0.0040054932478827965,28.0,2.0,-0.004386968795300206,-0.010989010989007397,-0.004884004884004867
199060118879200,5.1633929,back,-0.0040054932478827965,28.0,2.0,-0.004386968795300206,-0.010989010989007397,-0.004884004884004867
199060119945700,5.1644594,back,-0.0040054932478827965,28.0,2.0,-0.004386968795300206,-0.010989010989007397,-0.004884004884004867
199060121021200,5.1655349,back,-0.0040054932478827965,28.0,2.0,-0.004386968795300206,-0.010989010989007397,-0.004884004884004867
199060122086400,5.1666001,back,-0.0040054932478827965,28.0,2.0,-0.004386968795300206,-0.010989010989007397,-0.004884004884004867
199060123214200,5.1677279,back,-0.0040054932478827965,28.0,2.0,-0.004386968795300206,-0.010989010989007397,-0.004884004884004867
199060123770500,5.1682842,back,-0.0040054932478827965,28.0,2.0,-0.004386968795300206,-0.010989010989007397,-0.004884004884004867
199060124772800,5.1692865,back,-0.0040054932478827965,28.0,2.0,-0.004386968795300206,-0.010989010989007397,-0.004884004884004867
199060125809900,5.1703236,back,-0.0040054932478827965,28.0,2.0,-0.004386968795300206,-0.010989010989007397,-0.004884004884004867
199060126940500,5.1714542,back,-0.0040054932478827965,28.0,2.0,-0.004386968795300206,-0.010989010989007397,-0.004884004884004867
199060127998700,5.1725124,back,-0.0040054932478827965,28.0,2.0,-0.004386968795300206,-0.010989010989007397,-0.004884004884004867
199060129124500,5.1736382,back,-0.0040054932478827965,28.0,2.0,-0.004386968795300206,-0.010989010989007397,-0.004884004884004867
199060129738300,5.174252,back,-0.0040054932478827965,28.0,2.0,-0.004386968795300206,-0.010989010989007397,-0.004884004884004867
199060131007900,5.1755216,back,-0.0040054932478827965,28.0,2.0,-0.004386968795300206,-0.010989010989007397,-0.004884004884004867
199060132091400,5.1766051,back,-0.0040054932478827965,28.0,2.0,-0.004386968795300206,-0.010989010989007397,-0.004884004884004867
199060133315700,5.1778294,back,-0.0040054932478827965,28.0,2.0,-0.0040054932478827965,-0.010989010989007397,-0.0146520146520146
199060133956300,5.17847,back,-0.0040054932478827965,28.0,2.0,-0.0040054932478827965,-0.010989010989007397,-0.0146520146520146
199060134962700,5.1794764,back,-0.0040054932478827965,28.0,2.0,-0.0040054932478827965,-0.010989010989007397,-0.0146520146520146
199060135966200,5.1804799,back,-0.0040054932478827965,28.0,2.0,-0.0040054932478827965,-0.010989010989007397,-0.0146520146520146
199060137002200,5.1815159,back,-0.0040054932478827965,28.0,2.0,-0.0040054932478827965,-0.010989010989007397,-0.0146520146520146
199060138096800,5.1826105,back,-0.0040054932478827965,28.0,2.0,-0.0040054932478827965,-0.010989010989007397,-0.0146520146520146
199060138698500,5.1832122,back,-0.0040054932478827965,28.0,2.0,-0.0040054932478827965,-0.010989010989007397,-0.0146520146520146
199060139702900,5.1842166,back,-0.0040054932478827965,28.0,2.0,-0.0040054932478827965,-0.010989010989007397,-0.0146520146520146
199060140770400,5.1852841,back,-0.0040054932478827965,28.0,2.0,-0.0040054932478827965,-0.010989010989007397,-0.0146520146520146
199060141856400,5.1863701,back,-0.0040054932478827965,28.0,2.0,-0.0040054932478827965,-0.010989010989007397,-0.0146520146520146
199060142951100,5.1874648,back,-0.0040054932478827965,28.0,2.0,-0.0040054932478827965,-0.010989010989007397,-0.0146520146520146
199060144047800,5.1885615,back,-0.0040054932478827965,28.0,2.0,-0.0040054932478827965,-0.010989010989007397,-0.0146520146520146
199060144603800,5.1891175,back,-0.0040054932478827965,28.0,2.0,-0.0040054932478827965,-0.010989010989007397,-0.0146520146520146
199060145605500,5.1901192,back,-0.0040054932478827965,28.0,2.0,-0.0040054932478827965,-0.010989010989007397,-0.0146520146520146
199060146663600,5.1911773,back,-0.0040054932478827965,28.0,2.0,-0.0040054932478827965,-0.010989010989007397,-0.0146520146520146
199060147905500,5.1924192,back,-0.0040054932478827965,28.0,2.0,-0.0040054932478827965,-0.010989010989007397,-0.0146520146520146
199060149116900,5.1936306,back,-0.0040054932478827965,28.0,2.0,-0.0040054932478827965,-0.010989010989007397,-0.0146520146520146
199060149715000,5.1942287,back,-0.0040054932478827965,28.0,2.0,-0.0040054932478827965,-0.010989010989007397,-0.0146520146520146
199060150717300,5.195231,back,-0.0040054932478827965,28.0,2.0,-0.0040054932478827965,-0.010989010989007397,-0.0146520146520146
199060151802400,5.1963161,back,-0.0040054932478827965,28.0,2.0,-0.0040054932478827965,-0.010989010989007397,-0.0146520146520146
199060152732700,5.1972464,back,-0.0040054932478827965,28.0,2.0,-0.0040054932478827965,-0.010989010989007397,-0.0146520146520146
199060153837900,5.1983516,back,-0.0040054932478827965,28.0,2.0,-0.0040054932478827965,-0.010989010989007397,-0.0146520146520146
199060154846800,5.1993605,back,-0.0040054932478827965,28.0,2.0,-0.0040054932478827965,-0.010989010989007397,-0.0146520146520146
199060156289600,5.2008033,back,-0.0040054932478827965,28.0,2.0,-0.0040054932478827965,-0.010989010989007397,-0.0146520146520146
199060156924900,5.2014386,back,-0.0040054932478827965,28.0,2.0,-0.0040054932478827965,-0.010989010989007397,-0.0146520146520146
199060157929100,5.2024428,back,-0.0040054932478827965,28.0,2.0,-0.0040054932478827965,-0.010989010989007397,-0.0146520146520146
199060158988500,5.2035022,back,-0.0040054932478827965,28.0,2.0,-0.0040054932478827965,-0.010989010989007397,-0.0146520146520146
199060160048700,5.2045624,back,-0.0040054932478827965,28.0,2.0,-0.0040054932478827965,-0.010989010989007397,-0.0146520146520146
199060161139200,5.2056529,back,-0.0040054932478827965,28.0,2.0,-0.0040054932478827965,-0.010989010989007397,-0.0146520146520146
199060161720400,5.2062341,back,-0.0040054932478827965,28.0,2.0,-0.0040054932478827965,-0.010989010989007397,-0.0146520146520146
199060162807500,5.2073212,back,-0.0040054932478827965,28.0,2.0,-0.0040054932478827965,-0.010989010989007397,-0.0146520146520146
199060163729100,5.2082428,back,-0.0040054932478827965,28.0,2.0,-0.0040054932478827965,-0.010989010989007397,-0.0146520146520146
199060164731800,5.2092455,back,-0.0040054932478827965,28.0,2.0,-0.0040054932478827965,-0.010989010989007397,-0.0146520146520146
199060165831300,5.210345,back,-0.0040054932478827965,28.0,2.0,-0.0040054932478827965,-0.010989010989007397,-0.0146520146520146
199060166968200,5.2114819,back,-0.0040054932478827965,28.0,2.0,-0.0040054932478827965,-0.010989010989007397,-0.0146520146520146
199060168064000,5.2125777,back,-0.0040054932478827965,28.0,2.0,-0.0040054932478827965,-0.010989010989007397,-0.0146520146520146
199060169206400,5.2137201,back,-0.0040054932478827965,28.0,2.0,-0.0040054932478827965,-0.010989010989007397,-0.0146520146520146
199060170176000,5.2146897,back,-0.0040054932478827965,28.0,2.0,-0.0040054932478827965,-0.010989010989007397,-0.0146520146520146
199060170760300,5.215274,back,-0.0040054932478827965,28.0,2.0,-0.0040054932478827965,-0.010989010989007397,-0.0146520146520146
199060171761200,5.2162749,back,-0.0040054932478827965,28.0,2.0,-0.0040054932478827965,-0.010989010989007397,-0.0146520146520146
199060172854700,5.2173684,back,-0.0040054932478827965,28.0,2.0,-0.0040054932478827965,-0.010989010989007397,-0.0146520146520146
199060173941100,5.2184548,back,-0.0040054932478827965,28.0,2.0,-0.0040054932478827965,-0.010989010989007397,-0.0146520146520146
199060174834200,5.2193479,back,-0.0040054932478827965,28.0,2.0,-0.0040054932478827965,-0.010989010989007397,-0.0146520146520146
199060175834600,5.2203483,back,-0.0040054932478827965,28.0,2.0,-0.0040054932478827965,-0.010989010989007397,-0.0146520146520146
199060176896300,5.22141,back,-0.0040054932478827965,28.0,2.0,-0.0040054932478827965,-0.010989010989007397,-0.0146520146520146
199060178089400,5.2226031,back,-0.0040054932478827965,28.0,2.0,-0.0040054932478827965,-0.010989010989007397,-0.0146520146520146
199060178951800,5.2234655,back,-0.0040054932478827965,28.0,2.0,-0.0040054932478827965,-0.010989010989007397,-0.0146520146520146
199060179970000,5.2244837,back,-0.0040054932478827965,28.0,2.0,-0.0040054932478827965,-0.010989010989007397,-0.0146520146520146
199060180962800,5.2254765,back,-0.0040054932478827965,28.0,2.0,-0.0040054932478827965,-0.010989010989007397,-0.0146520146520146
199060181968000,5.2264817,back,-0.0040054932478827965,28.0,2.0,-0.0040054932478827965,-0.010989010989007397,-0.0146520146520146
199060182978800,5.2274925,back,-0.0040054932478827965,28.0,2.0,-0.0040054932478827965,-0.010989010989007397,-0.0146520146520146
199060184032000,5.2285457,back,-0.0040054932478827965,28.0,2.0,-0.0040054932478827965,-0.010989010989007397,-0.0146520146520146
199060185142800,5.2296565,back,-0.0040054932478827965,28.0,2.0,-0.0040054932478827965,-0.010989010989007397,-0.0146520146520146
199060185750200,5.2302639,back,-0.0040054932478827965,28.0,2.0,-0.0040054932478827965,-0.010989010989007397,-0.0146520146520146
199060186851800,5.2313655,back,-0.0040054932478827965,28.0,2.0,-0.0040054932478827965,-0.010989010989007397,-0.0146520146520146
199060187978300,5.232492,back,-0.0040054932478827965,28.0,2.0,-0.0040054932478827965,-0.010989010989007397,-0.0146520146520146
199060189079300,5.233593,back,-0.0040054932478827965,28.0,2.0,-0.0040054932478827965,-0.010989010989007397,-0.0146520146520146
199060189664300,5.234178,back,-0.0040054932478827965,28.0,2.0,-0.0040054932478827965,-0.010989010989007397,-0.0146520146520146
199060190754100,5.2352678,back,-0.0040054932478827965,28.0,2.0,-0.0040054932478827965,-0.010989010989007397,-0.0146520146520146
199060191795600,5.2363093,back,-0.0040054932478827965,28.0,2.0,-0.0040054932478827965,-0.010989010989007397,-0.0146520146520146
199060192911800,5.2374255,back,-0.0040054932478827965,28.0,2.0,-0.0040054932478827965,-0.010989010989007397,-0.0146520146520146
199060194288300,5.238802,back,-0.0040054932478827965,28.0,2.0,-0.0040054932478827965,-0.010989010989007397,-0.0146520146520146
199060195030800,5.2395445,back,-0.0040054932478827965,28.0,2.0,-0.0040054932478827965,-0.010989010989007397,-0.0146520146520146
199060196028200,5.2405419,back,-0.0040054932478827965,28.0,2.0,-0.0040054932478827965,-0.010989010989007397,-0.0146520146520146
199060197074800,5.2415885,back,-0.0040054932478827965,28.0,2.0,-0.0040054932478827965,-0.010989010989007397,-0.0146520146520146
199060197660000,5.2421737,back,-0.0040054932478827965,28.0,2.0,-0.0040054932478827965,-0.010989010989007397,-0.0146520146520146
199060198659400,5.2431731,back,-0.0040054932478827965,28.0,2.0,-0.0040054932478827965,-0.010989010989007397,-0.0146520146520146
199060199731200,5.2442449,back,-0.0040054932478827965,28.0,2.0,-0.0040054932478827965,-0.010989010989007397,-0.0146520146520146
199060200821100,5.2453348,back,-0.0040054932478827965,28.0,2.0,-0.0040054932478827965,-0.010989010989007397,-0.0146520146520146
199060201886700,5.2464004,back,-0.0040054932478827965,28.0,2.0,-0.0040054932478827965,-0.010989010989007397,-0.0146520146520146
199060202952400,5.2474661,back,-0.0040054932478827965,28.0,2.0,-0.0040054932478827965,-0.010989010989007397,-0.0146520146520146
199060204018100,5.2485318,back,-0.0040054932478827965,28.0,2.0,-0.0040054932478827965,-0.010989010989007397,-0.0146520146520146
199060205080500,5.2495942,back,-0.0040054932478827965,28.0,2.0,-0.0040054932478827965,-0.010989010989007397,-0.0146520146520146
199060205656300,5.25017,back,-0.0040054932478827965,28.0,2.0,-0.0040054932478827965,-0.010989010989007397,-0.0146520146520146
199060206653800,5.2511675,back,-0.0040054932478827965,28.0,2.0,-0.0040054932478827965,-0.010989010989007397,-0.0146520146520146
199060207724100,5.2522378,back,-0.0040054932478827965,28.0,2.0,-0.0040054932478827965,-0.010989010989007397,-0.0146520146520146
199060208899400,5.2534131,back,-0.0040054932478827965,28.0,2.0,-0.0040054932478827965,-0.010989010989007397,-0.0146520146520146
199060210249700,5.2547634,back,-0.0040054932478827965,28.0,2.0,-0.0040054932478827965,-0.010989010989007397,-0.0146520146520146
199060210847000,5.2553607,back,-0.0040054932478827965,28.0,2.0,-0.0040054932478827965,-0.010989010989007397,-0.0146520146520146
199060211851100,5.2563648,back,-0.0040054932478827965,28.0,2.0,-0.0040054932478827965,-0.010989010989007397,-0.0146520146520146
199060212946400,5.2574601,back,-0.0040054932478827965,28.0,2.0,-0.0040054932478827965,-0.010989010989007397,-0.0146520146520146
199060214025900,5.2585396,back,-0.0040054932478827965,28.0,2.0,-0.0040054932478827965,-0.010989010989007397,-0.0146520146520146
199060215082100,5.2595958,back,-0.0040054932478827965,28.0,2.0,-0.0040054932478827965,-0.010989010989007397,-0.0146520146520146
199060216083600,5.2605973,back,-0.0040054932478827965,28.0,2.0,-0.0040054932478827965,-0.010989010989007397,-0.0146520146520146
199060217190300,5.261704,back,-0.0040054932478827965,28.0,2.0,-0.0040054932478827965,-0.010989010989007397,-0.0146520146520146
199060217745900,5.2622596,back,-0.0040054932478827965,28.0,2.0,-0.0040054932478827965,-0.010989010989007397,-0.0146520146520146
199060218748200,5.2632619,back,-0.0040054932478827965,28.0,2.0,-0.0040054932478827965,-0.010989010989007397,-0.0146520146520146
199060219821700,5.2643354,back,-0.0040054932478827965,28.0,2.0,-0.0040054932478827965,-0.010989010989007397,-0.0146520146520146
199060220899900,5.2654136,back,-0.0040054932478827965,28.0,2.0,-0.0040054932478827965,-0.010989010989007397,-0.0146520146520146
199060221991400,5.2665051,back,-0.0040054932478827965,28.0,2.0,-0.0040054932478827965,-0.010989010989007397,-0.0146520146520146
199060223175600,5.2676893,back,-0.0040054932478827965,28.0,2.0,-0.0040054932478827965,-0.010989010989007397,-0.0146520146520146
199060223764600,5.2682783,back,-0.0040054932478827965,28.0,2.0,-0.0040054932478827965,-0.010989010989007397,-0.0146520146520146
199060224824800,5.2693385,back,-0.0040054932478827965,28.0,2.0,-0.0040054932478827965,-0.010989010989007397,-0.0146520146520146
199060225770400,5.2702841,back,-0.0040054932478827965,28.0,2.0,-0.0040054932478827965,-0.010989010989007397,-0.0146520146520146
199060226768700,5.2712824,back,-0.0040054932478827965,28.0,2.0,-0.0040054932478827965,-0.010989010989007397,-0.0146520146520146
199060227843100,5.2723568,back,-0.0040054932478827965,28.0,2.0,-0.0040054932478827965,-0.010989010989007397,-0.0146520146520146
199060228952300,5.273466,back,-0.0040054932478827965,28.0,2.0,-0.0040054932478827965,-0.010989010989007397,-0.0146520146520146
199060230020700,5.2745344,back,-0.0040054932478827965,28.0,2.0,-0.0040054932478827965,-0.010989010989007397,-0.0146520146520146
199060230617400,5.2751311,back,-0.0040054932478827965,28.0,2.0,-0.0040054932478827965,-0.010989010989007397,-0.0146520146520146
199060231710900,5.2762246,back,-0.0040054932478827965,28.0,2.0,-0.0040054932478827965,-0.010989010989007397,-0.0146520146520146
199060232846300,5.27736,back,-0.0040054932478827965,28.0,2.0,-0.0040054932478827965,-0.010989010989007397,-0.0146520146520146
199060233974600,5.2784883,back,-0.0040054932478827965,28.0,2.0,-0.0040054932478827965,-0.010989010989007397,-0.0146520146520146
199060235084700,5.2795984,back,-0.0040054932478827965,28.0,2.0,-0.0040054932478827965,-0.010989010989007397,-0.0146520146520146
199060236132900,5.2806466,back,-0.0040054932478827965,28.0,2.0,-0.0040054932478827965,-0.010989010989007397,-0.0146520146520146
199060236708400,5.2812221,back,-0.0040054932478827965,28.0,2.0,-0.0040054932478827965,-0.010989010989007397,-0.0146520146520146
199060237723100,5.2822368,back,-0.0040054932478827965,28.0,2.0,-0.0040054932478827965,-0.010989010989007397,-0.0146520146520146
199060238755000,5.2832687,back,-0.0040054932478827965,28.0,2.0,-0.0040054932478827965,-0.010989010989007397,-0.0146520146520146
199060239965900,5.2844796,back,-0.0040054932478827965,28.0,2.0,-0.0040054932478827965,-0.010989010989007397,-0.0146520146520146
199060242356300,5.28687,back,-0.0040054932478827965,28.0,2.0,-0.0040054932478827965,-0.010989010989007397,-0.0146520146520146
199060242470200,5.2869839,back,-0.0040054932478827965,28.0,2.0,-0.0040054932478827965,-0.010989010989007397,-0.0146520146520146
199060243082100,5.2875958,back,-0.0040054932478827965,28.0,2.0,-0.0040054932478827965,-0.010989010989007397,-0.0146520146520146
199060244091200,5.2886049,back,-0.0040054932478827965,28.0,2.0,-0.0040054932478827965,-0.010989010989007397,-0.0146520146520146
199060245205800,5.2897195,back,-0.0040054932478827965,28.0,2.0,-0.0040054932478827965,-0.010989010989007397,-0.0146520146520146
199060245782800,5.2902965,back,-0.0040054932478827965,28.0,2.0,-0.0040054932478827965,-0.010989010989007397,-0.0146520146520146
199060246784600,5.2912983,back,-0.0040054932478827965,28.0,2.0,-0.0040054932478827965,-0.010989010989007397,-0.0146520146520146
199060247850300,5.292364,back,-0.0040054932478827965,28.0,2.0,-0.0040054932478827965,-0.010989010989007397,-0.0146520146520146
199060248914500,5.2934282,back,-0.0040054932478827965,28.0,2.0,-0.0040054932478827965,-0.010989010989007397,-0.0146520146520146
199060249963300,5.294477,back,-0.0040054932478827965,28.0,2.0,-0.0040054932478827965,-0.010989010989007397,-0.0146520146520146
199060251040300,5.295554,back,-0.0040054932478827965,28.0,2.0,-0.0040054932478827965,-0.010989010989007397,-0.0146520146520146
199060251644900,5.2961586,back,-0.0040054932478827965,28.0,2.0,-0.0040054932478827965,-0.010989010989007397,-0.0146520146520146
199060252649900,5.2971636,back,-0.0040054932478827965,28.0,2.0,-0.0040054932478827965,-0.010989010989007397,-0.0146520146520146
199060253732300,5.298246,back,-0.0040054932478827965,28.0,2.0,-0.0040054932478827965,-0.010989010989007397,-0.0146520146520146
199060254831800,5.2993455,back,-0.0040054932478827965,28.0,2.0,-0.0040054932478827965,-0.010989010989007397,-0.0146520146520146
199060255842100,5.3003558,back,-0.0040054932478827965,28.0,2.0,-0.0040054932478827965,-0.010989010989007397,-0.0146520146520146
199060256842900,5.3013566,back,-0.0040054932478827965,28.0,2.0,-0.0040054932478827965,-0.010989010989007397,-0.0146520146520146
199060257924900,5.3024386,back,-0.0040054932478827965,28.0,2.0,-0.0040054932478827965,-0.010989010989007397,-0.0146520146520146
199060259055500,5.3035692,back,-0.0040054932478827965,28.0,2.0,-0.0040054932478827965,-0.010989010989007397,-0.0146520146520146
199060260155900,5.3046696,back,-0.0040054932478827965,28.0,2.0,-0.0040054932478827965,-0.010989010989007397,-0.0146520146520146
199060260733300,5.305247,back,-0.0040054932478827965,28.0,2.0,-0.0040054932478827965,-0.010989010989007397,-0.0146520146520146
199060261735500,5.3062492,back,-0.0040054932478827965,28.0,2.0,-0.0040054932478827965,-0.010989010989007397,-0.0146520146520146
199060262802600,5.3073163,back,-0.0040054932478827965,28.0,2.0,-0.0040054932478827965,-0.010989010989007397,-0.0146520146520146
199060263852400,5.3083661,back,-0.0040054932478827965,28.0,2.0,-0.0040054932478827965,-0.010989010989007397,-0.0146520146520146
199060264923300,5.309437,back,-0.0040054932478827965,28.0,2.0,-0.0040054932478827965,-0.010989010989007397,-0.0146520146520146
199060266045000,5.3105587,back,-0.0040054932478827965,28.0,2.0,-0.0040054932478827965,-0.010989010989007397,-0.0146520146520146
199060267176900,5.3116906,back,-0.0040054932478827965,28.0,2.0,-0.0040054932478827965,-0.010989010989007397,-0.0146520146520146
199060267817300,5.312331,back,-0.0040054932478827965,28.0,2.0,-0.0040054932478827965,-0.010989010989007397,-0.0146520146520146
199060268968900,5.3134826,back,-0.0040054932478827965,28.0,2.0,-0.0040054932478827965,-0.010989010989007397,-0.0146520146520146
199060270015300,5.314529,back,-0.0040054932478827965,28.0,2.0,-0.0040054932478827965,-0.010989010989007397,-0.0146520146520146
199060271165400,5.3156791,back,-0.0040054932478827965,28.0,2.0,-0.0040054932478827965,-0.010989010989007397,-0.0146520146520146
199060271588500,5.3161022,back,-0.0040054932478827965,28.0,2.0,-0.0040054932478827965,-0.010989010989007397,-0.0146520146520146
199060272665500,5.3171792,back,-0.0040054932478827965,28.0,2.0,-0.0040054932478827965,-0.010989010989007397,-0.0146520146520146
199060273782600,5.3182963,back,-0.0040054932478827965,28.0,2.0,-0.0040054932478827965,-0.010989010989007397,-0.0146520146520146
199060274861200,5.3193749,back,-0.0040054932478827965,28.0,2.0,-0.0040054932478827965,-0.010989010989007397,-0.0146520146520146
199060275948400,5.3204621,back,-0.0040054932478827965,28.0,2.0,-0.0040054932478827965,-0.010989010989007397,-0.0146520146520146
199060277015600,5.3215293,back,-0.0040054932478827965,28.0,2.0,-0.0040054932478827965,-0.010989010989007397,-0.0146520146520146
199060278117900,5.3226316,back,-0.0040054932478827965,28.0,2.0,-0.0040054932478827965,-0.010989010989007397,-0.0146520146520146
199060278723400,5.3232371,back,-0.0040054932478827965,28.0,2.0,-0.0040054932478827965,-0.010989010989007397,-0.0146520146520146
199060279726400,5.3242401,back,-0.0040054932478827965,28.0,2.0,-0.0040054932478827965,-0.010989010989007397,-0.0146520146520146
199060280834700,5.3253484,back,-0.0040054932478827965,28.0,2.0,-0.0040054932478827965,-0.010989010989007397,-0.0146520146520146
199060281953600,5.3264673,back,-0.0040054932478827965,28.0,2.0,-0.0040054932478827965,-0.010989010989007397,-0.0146520146520146
199060283006300,5.32752,back,-0.0040054932478827965,28.0,2.0,-0.0040054932478827965,-0.010989010989007397,-0.0146520146520146
199060284094400,5.3286081,back,-0.0040054932478827965,28.0,2.0,-0.0040054932478827965,-0.010989010989007397,-0.0146520146520146
199060285086000,5.3295997,back,-0.0040054932478827965,28.0,2.0,-0.0040054932478827965,-0.010989010989007397,-0.0146520146520146
199060286251100,5.3307648,back,-0.0040054932478827965,28.0,2.0,-0.0040054932478827965,-0.010989010989007397,-0.0146520146520146
199060288544600,5.3330583,back,-0.0040054932478827965,28.0,2.0,-0.0040054932478827965,-0.010989010989007397,-0.0146520146520146
199060288645800,5.3331595,back,-0.0040054932478827965,28.0,2.0,-0.0040054932478827965,-0.010989010989007397,-0.0146520146520146
199060288729100,5.3332428,back,-0.0040054932478827965,28.0,2.0,-0.0040054932478827965,-0.010989010989007397,-0.0146520146520146
199060289852900,5.3343666,back,-0.0040054932478827965,28.0,2.0,-0.0040054932478827965,-0.010989010989007397,-0.0146520146520146
199060290856600,5.3353703,back,-0.0040054932478827965,28.0,2.0,-0.0040054932478827965,-0.010989010989007397,-0.0146520146520146
199060292363800,5.3368775,back,-0.0040054932478827965,28.0,2.0,-0.0040054932478827965,-0.010989010989007397,-0.0146520146520146
199060292995800,5.3375095,back,-0.0040054932478827965,28.0,2.0,-0.0040054932478827965,-0.010989010989007397,-0.0146520146520146
199060294004400,5.3385181,back,-0.0040054932478827965,28.0,2.0,-0.0040054932478827965,-0.010989010989007397,-0.0146520146520146
199060295096600,5.3396103,back,-0.0040054932478827965,28.0,2.0,-0.0040054932478827965,-0.010989010989007397,-0.0146520146520146
199060295709100,5.3402228,back,-0.0040054932478827965,28.0,2.0,-0.0040054932478827965,-0.010989010989007397,-0.0146520146520146
199060296793100,5.3413068,back,-0.0040054932478827965,28.0,2.0,-0.0040054932478827965,-0.010989010989007397,-0.0146520146520146
199060297834500,5.3423482,back,-0.0040054932478827965,28.0,2.0,-0.0040054932478827965,-0.010989010989007397,-0.0146520146520146
199060298959200,5.3434729,back,-0.0040054932478827965,28.0,2.0,-0.0040054932478827965,-0.010989010989007397,-0.0146520146520146
199060300013800,5.3445275,back,-0.0040054932478827965,28.0,2.0,-0.0040054932478827965,-0.010989010989007397,-0.0146520146520146
199060301166000,5.3456797,back,-0.0040054932478827965,28.0,2.0,-0.0040054932478827965,-0.010989010989007397,-0.0146520146520146
199060301801800,5.3463155,back,-0.0040054932478827965,28.0,2.0,-0.0040054932478827965,-0.010989010989007397,-0.0146520146520146
199060302841300,5.347355,back,-0.0040054932478827965,28.0,2.0,-0.0040054932478827965,-0.010989010989007397,-0.0146520146520146
199060303804300,5.348318,back,-0.0040054932478827965,28.0,2.0,-0.0040054932478827965,-0.010989010989007397,-0.0146520146520146
199060305179300,5.349693,back,-0.0040054932478827965,28.0,2.0,-0.0040054932478827965,-0.010989010989007397,-0.0146520146520146
199060305765400,5.3502791,back,-0.0040054932478827965,28.0,2.0,-0.0040054932478827965,-0.010989010989007397,-0.0146520146520146
199060306767400,5.3512811,back,-0.0040054932478827965,28.0,2.0,-0.0040054932478827965,-0.010989010989007397,-0.0146520146520146
199060307841000,5.3523547,back,-0.0040054932478827965,28.0,2.0,-0.0040054932478827965,-0.010989010989007397,-0.0146520146520146
199060309005300,5.353519,back,-0.0040054932478827965,28.0,2.0,-0.0040054932478827965,-0.010989010989007397,-0.0146520146520146
199060310057000,5.3545707,back,-0.0040054932478827965,28.0,2.0,-0.0040054932478827965,-0.010989010989007397,-0.0146520146520146
199060311162300,5.355676,back,-0.0040054932478827965,28.0,2.0,-0.0040054932478827965,-0.010989010989007397,-0.0146520146520146
199060311738000,5.3562517,back,-0.0040054932478827965,28.0,2.0,-0.0040054932478827965,-0.010989010989007397,-0.0146520146520146
199060312740200,5.3572539,back,-0.0040054932478827965,28.0,2.0,-0.0040054932478827965,-0.010989010989007397,-0.0146520146520146
199060313922800,5.3584365,back,-0.0040054932478827965,28.0,2.0,-0.0040054932478827965,-0.010989010989007397,-0.0146520146520146
199060314992900,5.3595066,back,-0.0040054932478827965,28.0,2.0,-0.0040054932478827965,-0.010989010989007397,-0.0146520146520146
199060316106100,5.3606198,back,-0.0040054932478827965,28.0,2.0,-0.0040054932478827965,-0.010989010989007397,-0.0146520146520146
199060317274900,5.3617886,back,-0.0040054932478827965,28.0,2.0,-0.0040054932478827965,-0.010989010989007397,-0.0146520146520146
199060318031800,5.3625455,back,-0.0040054932478827965,28.0,2.0,-0.0040054932478827965,-0.010989010989007397,-0.0146520146520146
199060319174900,5.3636886,back,-0.0040054932478827965,28.0,2.0,-0.0040054932478827965,-0.010989010989007397,-0.0146520146520146
199060319976100,5.3644898,back,-0.0040054932478827965,28.0,2.0,-0.0040054932478827965,-0.010989010989007397,-0.0146520146520146
199060320978800,5.3654925,back,-0.0040054932478827965,28.0,2.0,-0.0040054932478827965,-0.010989010989007397,-0.0146520146520146
199060322080600,5.3665943,back,-0.0040054932478827965,28.0,2.0,-0.0040054932478827965,-0.010989010989007397,-0.0146520146520146
199060322708000,5.3672217,back,-0.0040054932478827965,28.0,2.0,-0.0040054932478827965,-0.010989010989007397,-0.0146520146520146
199060323779500,5.3682932,back,-0.0040054932478827965,28.0,2.0,-0.0040054932478827965,-0.010989010989007397,-0.0146520146520146
199060324866700,5.3693804,back,-0.0040054932478827965,28.0,2.0,-0.0040054932478827965,-0.010989010989007397,-0.0146520146520146
199060326002400,5.3705161,back,-0.0040054932478827965,28.0,2.0,-0.0040054932478827965,-0.010989010989007397,-0.0146520146520146
199060327003600,5.3715173,back,-0.0040054932478827965,28.0,2.0,-0.0040054932478827965,-0.010989010989007397,-0.0146520146520146
199060328184100,5.3726978,back,-0.0040054932478827965,28.0,2.0,-0.0040054932478827965,-0.010989010989007397,-0.0146520146520146
199060328759200,5.3732729,back,-0.0040054932478827965,28.0,2.0,-0.0040054932478827965,-0.010989010989007397,-0.0146520146520146
199060329765900,5.3742796,back,-0.0040054932478827965,28.0,2.0,-0.0040054932478827965,-0.010989010989007397,-0.0146520146520146
199060330846900,5.3753606,back,-0.0040054932478827965,28.0,2.0,-0.0040054932478827965,-0.010989010989007397,-0.0146520146520146
199060331981800,5.3764955,back,-0.0040054932478827965,28.0,2.0,-0.0040054932478827965,-0.010989010989007397,-0.0146520146520146
199060333301400,5.3778151,back,-0.0040054932478827965,28.0,2.0,-0.0040054932478827965,-0.010989010989007397,-0.0146520146520146
199060334275600,5.3787893,back,-0.0040054932478827965,28.0,2.0,-0.0040054932478827965,-0.010989010989007397,-0.0146520146520146
199060334929300,5.379443,back,-0.0040054932478827965,28.0,2.0,-0.0040054932478827965,-0.010989010989007397,-0.0146520146520146
199060335930400,5.3804441,back,-0.0040054932478827965,28.0,2.0,-0.0040054932478827965,-0.010989010989007397,-0.0146520146520146
199060336997900,5.3815116,back,-0.0040054932478827965,28.0,2.0,-0.0040054932478827965,-0.010989010989007397,-0.0146520146520146
199060338038500,5.3825522,back,-0.0040054932478827965,28.0,2.0,-0.0040054932478827965,-0.010989010989007397,-0.0146520146520146
199060339099300,5.383613,back,-0.0040054932478827965,28.0,2.0,-0.0040054932478827965,-0.010989010989007397,-0.0146520146520146
199060339682300,5.384196,back,-0.0040054932478827965,28.0,2.0,-0.0040054932478827965,-0.010989010989007397,-0.0146520146520146
199060340686900,5.3852006,back,-0.0040054932478827965,28.0,2.0,-0.0040054932478827965,-0.010989010989007397,-0.0146520146520146
199060341756800,5.3862705,back,-0.0040054932478827965,28.0,2.0,-0.0040054932478827965,-0.010989010989007397,-0.0146520146520146
199060342823100,5.3873368,back,-0.0040054932478827965,28.0,2.0,-0.0040054932478827965,-0.010989010989007397,-0.0146520146520146
199060343912100,5.3884258,back,-0.0040054932478827965,28.0,2.0,-0.0040054932478827965,-0.010989010989007397,-0.0146520146520146
199060344964600,5.3894783,back,-0.0040054932478827965,28.0,2.0,-0.0040054932478827965,-0.010989010989007397,-0.0146520146520146
199060346060700,5.3905744,back,-0.0040054932478827965,28.0,2.0,-0.0040054932478827965,-0.010989010989007397,-0.0146520146520146
199060347180300,5.391694,back,-0.0040054932478827965,28.0,2.0,-0.0040054932478827965,-0.010989010989007397,-0.0146520146520146
199060347757900,5.3922716,back,-0.0040054932478827965,28.0,2.0,-0.0040054932478827965,-0.010989010989007397,-0.0146520146520146
199060348939500,5.3934532,back,-0.0040054932478827965,28.0,2.0,-0.0040054932478827965,-0.010989010989007397,-0.0146520146520146
199060349770700,5.3942844,back,-0.0040054932478827965,28.0,2.0,-0.0040054932478827965,-0.010989010989007397,-0.0146520146520146
199060350775000,5.3952887,back,-0.0040054932478827965,28.0,2.0,-0.0040054932478827965,-0.010989010989007397,-0.0146520146520146
199060351886300,5.3964,back,-0.0040054932478827965,28.0,2.0,-0.0040054932478827965,-0.010989010989007397,-0.0146520146520146
199060352976200,5.3974899,back,-0.0040054932478827965,28.0,2.0,-0.0040054932478827965,-0.010989010989007397,-0.0146520146520146
199060353977900,5.3984916,back,-0.0040054932478827965,28.0,2.0,-0.0040054932478827965,-0.010989010989007397,-0.0146520146520146
199060355043600,5.3995573,back,-0.0040054932478827965,28.0,2.0,-0.0040054932478827965,-0.010989010989007397,-0.0146520146520146
199060356136600,5.4006503,back,-0.0040054932478827965,28.0,2.0,-0.0040054932478827965,-0.010989010989007397,-0.0146520146520146
