t_host_mono_ns,t_rel_s,phase,q_cmd_rad,kp,kd,q_real_rad,dq_real,tau_real_nm
198772835679500,3e-07,ramp,-0.012779430838483208,1.4e-05,2.0,-0.012779430838483208,-0.010989010989007397,0.004884004884004867
198772837001300,0.0013221,ramp,-0.012779430838483208,0.061698,2.0,-0.012779430838483208,-0.010989010989007397,0.004884004884004867
198772837933700,0.0022545,ramp,-0.012779430838483208,0.10521,2.0,-0.012779430838483208,-0.010989010989007397,0.004884004884004867
198772839030300,0.0033511,ramp,-0.012779430838483208,0.15638466666666667,2.0,-0.012779430838483208,-0.010989010989007397,0.004884004884004867
198772840135500,0.0044563,ramp,-0.012779430838483208,0.20796066666666668,2.0,-0.012779430838483208,-0.010989010989007397,0.004884004884004867
198772841204600,0.0055254,ramp,-0.012779430838483208,0.257852,2.0,-0.012779430838483208,-0.010989010989007397,0.004884004884004867
198772842300200,0.006621,ramp,-0.012779430838483208,0.30898,2.0,-0.012779430838483208,-0.010989010989007397,0.004884004884004867
198772843304700,0.0076255,ramp,-0.012779430838483208,0.3558566666666667,2.0,-0.012779430838483208,-0.010989010989007397,0.004884004884004867
198772844573200,0.008894,ramp,-0.012779430838483208,0.4150533333333334,2.0,-0.012779430838483208,-0.010989010989007397,0.004884004884004867
198772845180200,0.009501,ramp,-0.012779430838483208,0.44337999999999994,2.0,-0.012779430838483208,-0.010989010989007397,0.004884004884004867
198772846180500,0.0105013,ramp,-0.012779430838483208,0.49006066666666664,2.0,-0.012779430838483208,-0.010989010989007397,0.004884004884004867
198772847268600,0.0115894,ramp,-0.012779430838483208,0.5408386666666666,2.0,-0.012779430838483208,-0.010989010989007397,0.004884004884004867
198772848416500,0.0127373,ramp,-0.012779430838483208,0.5944073333333333,2.0,-0.012779430838483208,-0.010989010989007397,0.004884004884004867
198772849033200,0.013354,ramp,-0.012779430838483208,0.6231866666666667,2.0,-0.012779430838483208,-0.010989010989007397,0.004884004884004867
198772850035700,0.0143565,ramp,-0.012779430838483208,0.6699700000000001,2.0,-0.012779430838483208,-0.010989010989007397,0.004884004884004867
198772851137300,0.0154581,ramp,-0.012779430838483208,0.7213780000000001,2.0,-0.012779430838483208,-0.010989010989007397,0.004884004884004867
198772852368700,0.0166895,ramp,-0.012779430838483208,0.7788433333333333,2.0,-0.012779430838483208,-0.010989010989007397,0.004884004884004867
198772853648500,0.0179693,ramp,-0.012779430838483208,0.8385673333333333,2.0,-0.013160906385900617,-0.010989010989007397,0.004884004884004867
198772854281900,0.0186027,ramp,-0.012779430838483208,0.8681260000000001,2.0,-0.013160906385900617,-0.010989010989007397,0.004884004884004867
198772854871400,0.0191922,ramp,-0.012779430838483208,0.8956360000000001,2.0,-0.013160906385900617,-0.010989010989007397,0.004884004884004867
198772855926300,0.0202471,ramp,-0.012779430838483208,0.9448646666666667,2.0,-0.013160906385900617,-0.010989010989007397,0.004884004884004867
198772856887800,0.0212086,ramp,-0.012779430838483208,0.9897346666666667,2.0,-0.013160906385900617,-0.010989010989007397,0.004884004884004867
198772857918500,0.0222393,ramp,-0.012779430838483208,1.0378340000000001,2.0,-0.013160906385900617,-0.010989010989007397,0.004884004884004867
198772859099500,0.0234203,ramp,-0.012779430838483208,1.0929473333333333,2.0,-0.013160906385900617,-0.010989010989007397,0.004884004884004867
198772860243200,0.024564,ramp,-0.012779430838483208,1.14632,2.0,-0.013160906385900617,-0.010989010989007397,0.004884004884004867
198772861363600,0.0256844,ramp,-0.012779430838483208,1.1986053333333335,2.0,-0.013160906385900617,-0.010989010989007397,0.004884004884004867
198772861985200,0.026306,ramp,-0.012779430838483208,1.2276133333333332,2.0,-0.013160906385900617,-0.010989010989007397,0.004884004884004867
198772862991200,0.027312,ramp,-0.012779430838483208,1.27456,2.0,-0.013160906385900617,-0.010989010989007397,0.004884004884004867
198772864116900,0.0284377,ramp,-0.012779430838483208,1.3270926666666667,2.0,-0.013160906385900617,-0.010989010989007397,0.004884004884004867
198772865264600,0.0295854,ramp,-0.012779430838483208,1.380652,2.0,-0.013160906385900617,-0.010989010989007397,0.004884004884004867
198772866057500,0.0303783,ramp,-0.012779430838483208,1.417654,2.0,-0.013160906385900617,-0.010989010989007397,0.004884004884004867
198772867057900,0.0313787,ramp,-0.012779430838483208,1.4643393333333334,2.0,-0.013160906385900617,-0.010989010989007397,0.004884004884004867
198772868237300,0.0325581,ramp,-0.012779430838483208,1.519378,2.0,-0.013160906385900617,-0.010989010989007397,0.004884004884004867
198772869232400,0.0335532,ramp,-0.012779430838483208,1.5658159999999999,2.0,-0.013160906385900617,-0.010989010989007397,0.004884004884004867
198772870237500,0.0345583,ramp,-0.012779430838483208,1.6127206666666667,2.0,-0.013160906385900617,-0.010989010989007397,0.004884004884004867
198772871385300,0.0357061,ramp,-0.012779430838483208,1.6662846666666669,2.0,-0.013160906385900617,-0.010989010989007397,0.004884004884004867
198772872003800,0.0363246,ramp,-0.012779430838483208,1.6951479999999999,2.0,-0.013160906385900617,-0.010989010989007397,0.004884004884004867
198772873055800,0.0373766,ramp,-0.012779430838483208,1.7442413333333333,2.0,-0.013160906385900617,-0.010989010989007397,0.004884004884004867
198772874234800,0.0385556,ramp,-0.012779430838483208,1.7992613333333334,2.0,-0.013160906385900617,-0.010989010989007397,0.004884004884004867
198772875432200,0.039753,ramp,-0.012779430838483208,1.8551399999999998,2.0,-0.013160906385900617,-0.010989010989007397,0.004884004884004867
198772876050800,0.0403716,ramp,-0.012779430838483208,1.884008,2.0,-0.013160906385900617,-0.010989010989007397,0.004884004884004867
198772877055500,0.0413763,ramp,-0.012779430838483208,1.9308939999999999,2.0,-0.013160906385900617,-0.010989010989007397,0.004884004884004867
198772878134700,0.0424555,ramp,-0.012779430838483208,1.9812566666666667,2.0,-0.013160906385900617,-0.010989010989007397,0.004884004884004867
198772879267600,0.0435884,ramp,-0.012779430838483208,2.0341253333333333,2.0,-0.013160906385900617,-0.010989010989007397,0.004884004884004867
198772880269100,0.0445899,ramp,-0.012779430838483208,2.0808619999999998,2.0,-0.013160906385900617,-0.010989010989007397,0.004884004884004867
198772881454500,0.0457753,ramp,-0.012779430838483208,2.1361806666666663,2.0,-0.013160906385900617,-0.010989010989007397,0.004884004884004867
198772882053700,0.0463745,ramp,-0.012779430838483208,2.1641433333333335,2.0,-0.013160906385900617,-0.010989010989007397,0.004884004884004867
198772883058900,0.0473797,ramp,-0.012779430838483208,2.2110526666666668,2.0,-0.013160906385900617,-0.010989010989007397,0.004884004884004867
198772884222700,0.0485435,ramp,-0.012779430838483208,2.265363333333333,2.0,-0.013160906385900617,-0.010989010989007397,0.004884004884004867
198772885460300,0.0497811,ramp,-0.012779430838483208,2.323118,2.0,-0.013160906385900617,-0.010989010989007397,0.004884004884004867
198772886093000,0.0504138,ramp,-0.012779430838483208,2.352644,2.0,-0.013160906385900617,-0.010989010989007397,0.004884004884004867
198772887096600,0.0514174,ramp,-0.012779430838483208,2.399478666666667,2.0,-0.013160906385900617,-0.010989010989007397,0.004884004884004867
198772888205300,0.0525261,ramp,-0.012779430838483208,2.451218,2.0,-0.013160906385900617,-0.010989010989007397,0.004884004884004867
198772889192600,0.0535134,ramp,-0.012779430838483208,2.4972920000000003,2.0,-0.013160906385900617,-0.010989010989007397,0.004884004884004867
198772890304800,0.0546256,ramp,-0.012779430838483208,2.5491946666666667,2.0,-0.013160906385900617,-0.010989010989007397,0.004884004884004867
198772891297400,0.0556182,ramp,-0.012779430838483208,2.595516,2.0,-0.013160906385900617,-0.010989010989007397,0.004884004884004867
198772892449200,0.05677,ramp,-0.012779430838483208,2.6492666666666667,2.0,-0.013160906385900617,-0.010989010989007397,0.004884004884004867
198772893063400,0.0573842,ramp,-0.012779430838483208,2.677929333333333,2.0,-0.013160906385900617,-0.010989010989007397,0.004884004884004867
198772894066800,0.0583876,ramp,-0.012779430838483208,2.7247546666666667,2.0,-0.013160906385900617,-0.010989010989007397,0.004884004884004867
198772895131300,0.0594521,ramp,-0.012779430838483208,2.7744313333333332,2.0,-0.013160906385900617,-0.010989010989007397,0.004884004884004867
198772896242100,0.0605629,ramp,-0.012779430838483208,2.8262686666666665,2.0,-0.013160906385900617,-0.010989010989007397,0.004884004884004867
198772897523700,0.0618445,ramp,-0.012779430838483208,2.8860766666666664,2.0,-0.013160906385900617,-0.010989010989007397,0.004884004884004867
198772898237200,0.062558,ramp,-0.012779430838483208,2.919373333333333,2.0,-0.013160906385900617,-0.010989010989007397,0.004884004884004867
198772899354300,0.0636751,ramp,-0.012779430838483208,2.9715046666666667,2.0,-0.013160906385900617,-0.010989010989007397,0.004884004884004867
198772900452400,0.0647732,ramp,-0.012779430838483208,3.0227493333333335,2.0,-0.013160906385900617,-0.010989010989007397,0.004884004884004867
198772901049500,0.0653703,ramp,-0.012779430838483208,3.0506140000000004,2.0,-0.013160906385900617,-0.010989010989007397,0.004884004884004867
198772902055500,0.0663763,ramp,-0.012779430838483208,3.0975606666666664,2.0,-0.013160906385900617,-0.010989010989007397,0.004884004884004867
198772903172200,0.067493,ramp,-0.012779430838483208,3.1496733333333333,2.0,-0.013160906385900617,-0.010989010989007397,0.004884004884004867
198772904300300,0.0686211,ramp,-0.012779430838483208,3.202318,2.0,-0.013160906385900617,-0.010989010989007397,0.004884004884004867
198772905462000,0.0697828,ramp,-0.012779430838483208,3.2565306666666665,2.0,-0.013160906385900617,-0.010989010989007397,0.004884004884004867
198772906058100,0.0703789,ramp,-0.012779430838483208,3.2843486666666664,2.0,-0.013160906385900617,-0.010989010989007397,0.004884004884004867
198772907059000,0.0713798,ramp,-0.012779430838483208,3.3310573333333333,2.0,-0.013160906385900617,-0.010989010989007397,0.004884004884004867
198772908078600,0.0723994,ramp,-0.012779430838483208,3.378638666666667,2.0,-0.013160906385900617,-0.010989010989007397,0.004884004884004867
198772909133200,0.073454,ramp,-0.012779430838483208,3.427853333333333,2.0,-0.013160906385900617,-0.010989010989007397,0.004884004884004867
198772910189800,0.0745106,ramp,-0.012779430838483208,3.477161333333333,2.0,-0.013160906385900617,-0.010989010989007397,0.004884004884004867
198772911255500,0.0755763,ramp,-0.012779430838483208,3.526894,2.0,-0.013160906385900617,-0.010989010989007397,0.004884004884004867
198772912305500,0.0766263,ramp,-0.012779430838483208,3.575894,2.0,-0.013160906385900617,-0.010989010989007397,0.004884004884004867
198772912912600,0.0772334,ramp,-0.012779430838483208,3.604225333333333,2.0,-0.013160906385900617,-0.010989010989007397,0.004884004884004867
198772913974900,0.0782957,ramp,-0.012779430838483208,3.6537993333333336,2.0,-0.013160906385900617,-0.010989010989007397,0.004884004884004867
198772915160600,0.0794814,ramp,-0.012779430838483208,3.7091320000000003,2.0,-0.013160906385900617,-0.010989010989007397,0.004884004884004867
198772916253400,0.0805742,ramp,-0.012779430838483208,3.7601293333333334,2.0,-0.013160906385900617,-0.010989010989007397,0.004884004884004867
198772917438800,0.0817596,ramp,-0.012779430838483208,3.815448,2.0,-0.013160906385900617,-0.010989010989007397,0.004884004884004867
198772918059600,0.0823804,ramp,-0.012779430838483208,3.8444186666666664,2.0,-0.013160906385900617,-0.010989010989007397,0.004884004884004867
198772919090500,0.0834113,ramp,-0.012779430838483208,3.8925273333333337,2.0,-0.013160906385900617,-0.010989010989007397,0.004884004884004867
198772920179400,0.0845002,ramp,-0.012779430838483208,3.9433426666666667,2.0,-0.013160906385900617,-0.010989010989007397,0.004884004884004867
198772921332000,0.0856528,ramp,-0.012779430838483208,3.9971306666666666,2.0,-0.013160906385900617,-0.010989010989007397,0.004884004884004867
198772922490200,0.086811,ramp,-0.012779430838483208,4.0511800000000004,2.0,-0.013160906385900617,-0.010989010989007397,0.004884004884004867
198772923083800,0.0874046,ramp,-0.012779430838483208,4.078881333333333,2.0,-0.013160906385900617,-0.010989010989007397,0.004884004884004867
198772924097000,0.0884178,ramp,-0.012779430838483208,4.126164,2.0,-0.013160906385900617,-0.010989010989007397,0.004884004884004867
198772925283600,0.0896044,ramp,-0.012779430838483208,4.1815386666666665,2.0,-0.013160906385900617,-0.010989010989007397,0.004884004884004867
198772926381200,0.090702,ramp,-0.012779430838483208,4.23276,2.0,-0.013160906385900617,-0.010989010989007397,0.004884004884004867
198772927003700,0.0913245,ramp,-0.012779430838483208,4.26181,2.0,-0.013160906385900617,-0.010989010989007397,0.004884004884004867
198772928035000,0.0923558,ramp,-0.012779430838483208,4.309937333333333,2.0,-0.013160906385900617,-0.010989010989007397,0.004884004884004867
198772929238400,0.0935592,ramp,-0.012779430838483208,4.366096,2.0,-0.013160906385900617,-0.010989010989007397,0.004884004884004867
198772930402100,0.0947229,ramp,-0.012779430838483208,4.420402,2.0,-0.013160906385900617,-0.010989010989007397,0.004884004884004867
198772930998700,0.0953195,ramp,-0.012779430838483208,4.448243333333334,2.0,-0.013160906385900617,-0.010989010989007397,0.004884004884004867
198772932010900,0.0963317,ramp,-0.012779430838483208,4.495479333333334,2.0,-0.013160906385900617,-0.010989010989007397,0.004884004884004867
198772933008000,0.0973288,ramp,-0.012779430838483208,4.542010666666667,2.0,-0.013160906385900617,-0.010989010989007397,0.004884004884004867
198772934038300,0.0983591,ramp,-0.012779430838483208,4.5900913333333335,2.0,-0.013160906385900617,-0.010989010989007397,0.004884004884004867
198772935157000,0.0994778,ramp,-0.012779430838483208,4.6422973333333335,2.0,-0.013160906385900617,-0.010989010989007397,0.004884004884004867
198772936221200,0.100542,ramp,-0.012779430838483208,4.69196,2.0,-0.013160906385900617,-0.010989010989007397,0.004884004884004867
198772937288900,0.1016097,ramp,-0.012779430838483208,4.741785999999999,2.0,-0.013160906385900617,-0.010989010989007397,0.004884004884004867
198772937882200,0.102203,ramp,-0.012779430838483208,4.769473333333334,2.0,-0.013160906385900617,-0.010989010989007397,0.004884004884004867
198772938884500,0.1032053,ramp,-0.012779430838483208,4.816247333333333,2.0,-0.013160906385900617,-0.010989010989007397,0.004884004884004867
198772939987600,0.1043084,ramp,-0.012779430838483208,4.8677253333333335,2.0,-0.013160906385900617,-0.010989010989007397,0.004884004884004867
198772941080500,0.1054013,ramp,-0.012779430838483208,4.918727333333333,2.0,-0.013160906385900617,-0.010989010989007397,0.004884004884004867
198772942236700,0.1065575,ramp,-0.012779430838483208,4.972683333333333,2.0,-0.013160906385900617,-0.010989010989007397,0.004884004884004867
198772943360700,0.1076815,ramp,-0.012779430838483208,5.025136666666667,2.0,-0.013160906385900617,-0.010989010989007397,0.004884004884004867
198772943966000,0.1082868,ramp,-0.012779430838483208,5.053384,2.0,-0.013160906385900617,-0.010989010989007397,0.004884004884004867
198772944996500,0.1093173,ramp,-0.012779430838483208,5.1014740000000005,2.0,-0.013160906385900617,-0.010989010989007397,0.004884004884004867
198772946230700,0.1105515,ramp,-0.012779430838483208,5.159070000000001,2.0,-0.013160906385900617,-0.010989010989007397,0.004884004884004867
198772946960700,0.1112815,ramp,-0.012779430838483208,5.193136666666667,2.0,-0.013160906385900617,-0.010989010989007397,0.004884004884004867
198772947989300,0.1123101,ramp,-0.012779430838483208,5.241138,2.0,-0.013160906385900617,-0.010989010989007397,0.004884004884004867
198772949152700,0.1134735,ramp,-0.012779430838483208,5.29543,2.0,-0.013160906385900617,-0.010989010989007397,0.004884004884004867
198772950325800,0.1146466,ramp,-0.012779430838483208,5.350174666666667,2.0,-0.013160906385900617,-0.010989010989007397,0.004884004884004867
198772950953200,0.115274,ramp,-0.012779430838483208,5.379453333333333,2.0,-0.013160906385900617,-0.010989010989007397,0.004884004884004867
198772951958100,0.1162789,ramp,-0.012779430838483208,5.426348666666667,2.0,-0.013160906385900617,-0.010989010989007397,0.004884004884004867
198772953060500,0.1173813,ramp,-0.012779430838483208,5.477793999999999,2.0,-0.013160906385900617,-0.010989010989007397,0.004884004884004867
198772954231500,0.1185523,ramp,-0.012779430838483208,5.532440666666667,2.0,-0.013160906385900617,-0.010989010989007397,0.004884004884004867
198772955405600,0.1197264,ramp,-0.012779430838483208,5.587232,2.0,-0.013160906385900617,-0.010989010989007397,0.004884004884004867
198772956060500,0.1203813,ramp,-0.012779430838483208,5.617794,2.0,-0.013160906385900617,-0.010989010989007397,0.004884004884004867
198772957065900,0.1213867,ramp,-0.012779430838483208,5.6647126666666665,2.0,-0.013160906385900617,-0.010989010989007397,0.004884004884004867
198772958221900,0.1225427,ramp,-0.012779430838483208,5.718659333333333,2.0,-0.013160906385900617,-0.010989010989007397,0.004884004884004867
198772959153900,0.1234747,ramp,-0.012779430838483208,5.762152666666666,2.0,-0.013160906385900617,-0.010989010989007397,0.004884004884004867
198772960152700,0.1244735,ramp,-0.012779430838483208,5.808763333333333,2.0,-0.013160906385900617,-0.010989010989007397,0.004884004884004867
198772961276600,0.1255974,ramp,-0.012779430838483208,5.861212,2.0,-0.013160906385900617,-0.010989010989007397,0.004884004884004867
198772962529100,0.1268499,ramp,-0.012779430838483208,5.919662000000001,2.0,-0.013160906385900617,-0.010989010989007397,0.004884004884004867
198772962961800,0.1272826,ramp,-0.012779430838483208,5.939854666666667,2.0,-0.013160906385900617,-0.010989010989007397,0.004884004884004867
198772963962300,0.1282831,ramp,-0.012779430838483208,5.986544666666666,2.0,-0.012779430838483208,0.010989010989007397,0.004884004884004867
198772965101300,0.1294221,ramp,-0.012779430838483208,6.039698,2.0,-0.012779430838483208,0.010989010989007397,0.004884004884004867
198772966155000,0.1304758,ramp,-0.012779430838483208,6.088870666666667,2.0,-0.012779430838483208,0.010989010989007397,0.004884004884004867
198772967239700,0.1315605,ramp,-0.012779430838483208,6.13949,2.0,-0.012779430838483208,0.010989010989007397,0.004884004884004867
198772968302300,0.1326231,ramp,-0.012779430838483208,6.189078,2.0,-0.012779430838483208,0.010989010989007397,0.004884004884004867
198772968899500,0.1332203,ramp,-0.012779430838483208,6.216947333333334,2.0,-0.012779430838483208,0.010989010989007397,0.004884004884004867
198772969905300,0.1342261,ramp,-0.012779430838483208,6.263884666666666,2.0,-0.012779430838483208,0.010989010989007397,0.004884004884004867
198772970971600,0.1352924,ramp,-0.012779430838483208,6.3136453333333336,2.0,-0.012779430838483208,0.010989010989007397,0.004884004884004867
198772972073200,0.136394,ramp,-0.012779430838483208,6.365053333333333,2.0,-0.012779430838483208,0.010989010989007397,0.004884004884004867
198772973147900,0.1374687,ramp,-0.012779430838483208,6.4152059999999995,2.0,-0.012779430838483208,0.010989010989007397,0.004884004884004867
198772974285800,0.1386066,ramp,-0.012779430838483208,6.4683079999999995,2.0,-0.012779430838483208,0.010989010989007397,0.004884004884004867
198772975267200,0.139588,ramp,-0.012779430838483208,6.514106666666667,2.0,-0.012779430838483208,0.010989010989007397,0.004884004884004867
198772976272600,0.1405934,ramp,-0.012779430838483208,6.561025333333333,2.0,-0.012779430838483208,0.010989010989007397,0.004884004884004867
198772977512400,0.1418332,ramp,-0.012779430838483208,6.618882666666667,2.0,-0.012779430838483208,0.010989010989007397,0.004884004884004867
198772978275400,0.1425962,ramp,-0.012779430838483208,6.654489333333333,2.0,-0.012779430838483208,0.010989010989007397,0.004884004884004867
198772979205400,0.1435262,ramp,-0.012779430838483208,6.697889333333333,2.0,-0.012779430838483208,0.010989010989007397,0.004884004884004867
198772980328600,0.1446494,ramp,-0.012779430838483208,6.750305333333333,2.0,-0.012779430838483208,0.010989010989007397,0.004884004884004867
198772981317000,0.1456378,ramp,-0.012779430838483208,6.796430666666667,2.0,-0.012779430838483208,0.010989010989007397,0.004884004884004867
198772981934100,0.1462549,ramp,-0.012779430838483208,6.825228666666667,2.0,-0.012779430838483208,0.010989010989007397,0.004884004884004867
198772982939100,0.1472599,ramp,-0.012779430838483208,6.872128666666667,2.0,-0.012779430838483208,0.010989010989007397,0.004884004884004867
198772984058800,0.1483796,ramp,-0.012779430838483208,6.924381333333334,2.0,-0.012779430838483208,0.010989010989007397,0.004884004884004867
198772985205700,0.1495265,ramp,-0.012779430838483208,6.977903333333333,2.0,-0.012779430838483208,0.010989010989007397,0.004884004884004867
198772986422000,0.1507428,ramp,-0.012779430838483208,7.034664,2.0,-0.012779430838483208,0.010989010989007397,0.004884004884004867
198772987053100,0.1513739,ramp,-0.012779430838483208,7.0641153333333335,2.0,-0.012779430838483208,0.010989010989007397,0.004884004884004867
198772988059900,0.1523807,ramp,-0.012779430838483208,7.111099333333334,2.0,-0.012779430838483208,0.010989010989007397,0.004884004884004867
198772989162700,0.1534835,ramp,-0.012779430838483208,7.162563333333334,2.0,-0.012779430838483208,0.010989010989007397,0.004884004884004867
198772990213100,0.1545339,ramp,-0.012779430838483208,7.211582000000001,2.0,-0.012779430838483208,0.010989010989007397,0.004884004884004867
198772991265000,0.1555858,ramp,-0.012779430838483208,7.260670666666666,2.0,-0.012779430838483208,0.010989010989007397,0.004884004884004867
198772992485200,0.156806,ramp,-0.012779430838483208,7.317613333333333,2.0,-0.012779430838483208,0.010989010989007397,0.004884004884004867
198772993151100,0.1574719,ramp,-0.012779430838483208,7.348688666666667,2.0,-0.012779430838483208,0.010989010989007397,0.004884004884004867
198772994257800,0.1585786,ramp,-0.012779430838483208,7.400334666666666,2.0,-0.012779430838483208,0.010989010989007397,0.004884004884004867
198772995338200,0.159659,ramp,-0.012779430838483208,7.450753333333333,2.0,-0.012779430838483208,0.010989010989007397,0.004884004884004867
198772995930200,0.160251,ramp,-0.012779430838483208,7.4783800000000005,2.0,-0.012779430838483208,0.010989010989007397,0.004884004884004867
198772996935800,0.1612566,ramp,-0.012779430838483208,7.525308000000001,2.0,-0.012779430838483208,0.010989010989007397,0.004884004884004867
198772998039900,0.1623607,ramp,-0.012779430838483208,7.576832666666666,2.0,-0.012779430838483208,0.010989010989007397,0.004884004884004867
198772999257500,0.1635783,ramp,-0.012779430838483208,7.633654,2.0,-0.012779430838483208,0.010989010989007397,0.004884004884004867
198773000310200,0.164631,ramp,-0.012779430838483208,7.682779999999999,2.0,-0.012779430838483208,0.010989010989007397,0.004884004884004867
198773000897000,0.1652178,ramp,-0.012779430838483208,7.710164000000001,2.0,-0.012779430838483208,0.010989010989007397,0.004884004884004867
198773001905200,0.166226,ramp,-0.012779430838483208,7.757213333333333,2.0,-0.012779430838483208,0.010989010989007397,0.004884004884004867
198773003045000,0.1673658,ramp,-0.012779430838483208,7.810404,2.0,-0.012779430838483208,0.010989010989007397,0.004884004884004867
198773004267800,0.1685886,ramp,-0.012779430838483208,7.867468,2.0,-0.012779430838483208,0.010989010989007397,0.004884004884004867
198773005434400,0.1697552,ramp,-0.012779430838483208,7.921909333333333,2.0,-0.012779430838483208,0.010989010989007397,0.004884004884004867
198773006047800,0.1703686,ramp,-0.012779430838483208,7.950534666666666,2.0,-0.012779430838483208,0.010989010989007397,0.004884004884004867
198773007047400,0.1713682,ramp,-0.012779430838483208,7.997182666666666,2.0,-0.012779430838483208,0.010989010989007397,0.004884004884004867
198773008148000,0.1724688,ramp,-0.012779430838483208,8.048544,2.0,-0.012779430838483208,0.010989010989007397,0.004884004884004867
198773009322100,0.1736429,ramp,-0.012779430838483208,8.103335333333334,2.0,-0.012779430838483208,0.010989010989007397,0.004884004884004867
198773010562100,0.1748829,ramp,-0.012779430838483208,8.161202,2.0,-0.012779430838483208,0.010989010989007397,0.004884004884004867
198773011154300,0.1754751,ramp,-0.012779430838483208,8.188838,2.0,-0.012779430838483208,0.010989010989007397,0.004884004884004867
198773012155700,0.1764765,ramp,-0.012779430838483208,8.23557,2.0,-0.012779430838483208,0.010989010989007397,0.004884004884004867
198773013275400,0.1775962,ramp,-0.012779430838483208,8.287822666666667,2.0,-0.012779430838483208,0.010989010989007397,0.004884004884004867
198773014493200,0.178814,ramp,-0.012779430838483208,8.344653333333333,2.0,-0.012779430838483208,0.010989010989007397,0.004884004884004867
198773015141300,0.1794621,ramp,-0.012779430838483208,8.374898,2.0,-0.012779430838483208,0.010989010989007397,0.004884004884004867
198773016187600,0.1805084,ramp,-0.012779430838483208,8.423725333333334,2.0,-0.012779430838483208,0.010989010989007397,0.004884004884004867
198773017332300,0.1816531,ramp,-0.012779430838483208,8.477144666666668,2.0,-0.012779430838483208,0.010989010989007397,0.004884004884004867
198773018306600,0.1826274,ramp,-0.012779430838483208,8.522612,2.0,-0.012779430838483208,0.010989010989007397,0.004884004884004867
198773018809200,0.18313,ramp,-0.012779430838483208,8.546066666666668,2.0,-0.012779430838483208,0.010989010989007397,0.004884004884004867
198773019815900,0.1841367,ramp,-0.012779430838483208,8.593046000000001,2.0,-0.012779430838483208,0.010989010989007397,0.004884004884004867
198773020951300,0.1852721,ramp,-0.012779430838483208,8.646031333333333,2.0,-0.012779430838483208,0.010989010989007397,0.004884004884004867
198773022132400,0.1864532,ramp,-0.012779430838483208,8.701149333333333,2.0,-0.012779430838483208,0.010989010989007397,0.004884004884004867
198773023195600,0.1875164,ramp,-0.012779430838483208,8.750765333333334,2.0,-0.012779430838483208,0.010989010989007397,0.004884004884004867
198773024359700,0.1886805,ramp,-0.012779430838483208,8.80509,2.0,-0.012779430838483208,0.010989010989007397,0.004884004884004867
198773025344800,0.1896656,ramp,-0.012779430838483208,8.851061333333334,2.0,-0.012779430838483208,0.010989010989007397,0.004884004884004867
198773026003600,0.1903244,ramp,-0.012779430838483208,8.881805333333334,2.0,-0.012779430838483208,0.010989010989007397,0.004884004884004867
198773026932800,0.1912536,ramp,-0.012779430838483208,8.925168,2.0,-0.012779430838483208,0.010989010989007397,0.004884004884004867
198773028031300,0.1923521,ramp,-0.012779430838483208,8.976431333333332,2.0,-0.012779430838483208,0.010989010989007397,0.004884004884004867
198773029138400,0.1934592,ramp,-0.012779430838483208,9.028096,2.0,-0.012779430838483208,0.010989010989007397,0.004884004884004867
198773030228600,0.1945494,ramp,-0.012779430838483208,9.078972,2.0,-0.012779430838483208,0.010989010989007397,0.004884004884004867
198773031422100,0.1957429,ramp,-0.012779430838483208,9.134668666666666,2.0,-0.012779430838483208,0.010989010989007397,0.004884004884004867
198773032026600,0.1963474,ramp,-0.012779430838483208,9.162878666666666,2.0,-0.012779430838483208,0.010989010989007397,0.004884004884004867
198773033029400,0.1973502,ramp,-0.012779430838483208,9.209676,2.0,-0.012779430838483208,0.010989010989007397,0.004884004884004867
198773034123600,0.1984444,ramp,-0.012779430838483208,9.260738666666667,2.0,-0.012779430838483208,0.010989010989007397,0.004884004884004867
198773035234600,0.1995554,ramp,-0.012779430838483208,9.312585333333333,2.0,-0.012779430838483208,0.010989010989007397,0.004884004884004867
198773036323300,0.2006441,ramp,-0.012779430838483208,9.363391333333333,2.0,-0.012779430838483208,0.010989010989007397,0.004884004884004867
198773036929800,0.2012506,ramp,-0.012779430838483208,9.391694666666666,2.0,-0.012779430838483208,0.010989010989007397,0.004884004884004867
198773037933700,0.2022545,ramp,-0.012779430838483208,9.438543333333334,2.0,-0.012779430838483208,0.010989010989007397,0.004884004884004867
198773038985900,0.2033067,ramp,-0.012779430838483208,9.487646,2.0,-0.012779430838483208,0.010989010989007397,0.004884004884004867
198773040082000,0.2044028,ramp,-0.012779430838483208,9.538797333333333,2.0,-0.012779430838483208,0.010989010989007397,0.004884004884004867
198773041237500,0.2055583,ramp,-0.012779430838483208,9.592720666666667,2.0,-0.012779430838483208,0.010989010989007397,0.004884004884004867
198773042447000,0.2067678,ramp,-0.012779430838483208,9.649164,2.0,-0.012779430838483208,0.010989010989007397,0.004884004884004867
198773043046300,0.2073671,ramp,-0.012779430838483208,9.677131333333334,2.0,-0.012779430838483208,0.010989010989007397,0.004884004884004867
198773044076200,0.208397,ramp,-0.012779430838483208,9.725193333333333,2.0,-0.012779430838483208,0.010989010989007397,0.004884004884004867
198773045227900,0.2095487,ramp,-0.012779430838483208,9.778939333333334,2.0,-0.012779430838483208,0.010989010989007397,0.004884004884004867
198773046363100,0.2106839,ramp,-0.012779430838483208,9.831915333333333,2.0,-0.012779430838483208,0.010989010989007397,0.004884004884004867
198773046956600,0.2112774,ramp,-0.012779430838483208,9.859612,2.0,-0.012779430838483208,0.010989010989007397,0.004884004884004867
198773047993400,0.2123142,ramp,-0.012779430838483208,9.907995999999999,2.0,-0.012779430838483208,0.010989010989007397,0.004884004884004867
198773049110100,0.2134309,ramp,-0.012779430838483208,9.960108666666667,2.0,-0.012779430838483208,0.010989010989007397,0.004884004884004867
198773050315400,0.2146362,ramp,-0.012779430838483208,10.016356,2.0,-0.012779430838483208,0.010989010989007397,0.004884004884004867
198773051522500,0.2158433,ramp,-0.012779430838483208,10.072687333333334,2.0,-0.012779430838483208,0.010989010989007397,0.004884004884004867
198773052194700,0.2165155,ramp,-0.012779430838483208,10.104056666666667,2.0,-0.012779430838483208,0.010989010989007397,0.004884004884004867
198773053205000,0.2175258,ramp,-0.012779430838483208,10.151204,2.0,-0.012779430838483208,0.010989010989007397,0.004884004884004867
198773054282800,0.2186036,ramp,-0.012779430838483208,10.201501333333333,2.0,-0.012779430838483208,0.010989010989007397,0.004884004884004867
198773055295700,0.2196165,ramp,-0.012779430838483208,10.24877,2.0,-0.012779430838483208,0.010989010989007397,0.004884004884004867
198773056392500,0.2207133,ramp,-0.012779430838483208,10.299954,2.0,-0.012779430838483208,0.010989010989007397,0.004884004884004867
198773057455100,0.2217759,ramp,-0.012779430838483208,10.349542000000001,2.0,-0.012779430838483208,0.010989010989007397,0.004884004884004867
198773058061300,0.2223821,ramp,-0.012779430838483208,10.377831333333335,2.0,-0.012779430838483208,0.010989010989007397,0.004884004884004867
198773059063500,0.2233843,ramp,-0.012779430838483208,10.424600666666667,2.0,-0.012779430838483208,0.010989010989007397,0.004884004884004867
198773060075200,0.224396,ramp,-0.012779430838483208,10.471813333333333,2.0,-0.012779430838483208,0.010989010989007397,0.004884004884004867
198773061139000,0.2254598,ramp,-0.012779430838483208,10.521457333333332,2.0,-0.012779430838483208,0.010989010989007397,0.004884004884004867
198773062190100,0.2265109,ramp,-0.012779430838483208,10.570508666666667,2.0,-0.012779430838483208,0.010989010989007397,0.004884004884004867
198773063251200,0.227572,ramp,-0.012779430838483208,10.620026666666666,2.0,-0.012779430838483208,0.010989010989007397,0.004884004884004867
198773064305400,0.2286262,ramp,-0.012779430838483208,10.669222666666666,2.0,-0.012779430838483208,0.010989010989007397,0.004884004884004867
198773064895600,0.2292164,ramp,-0.012779430838483208,10.696765333333333,2.0,-0.012779430838483208,0.010989010989007397,0.004884004884004867
198773065896500,0.2302173,ramp,-0.012779430838483208,10.743474,2.0,-0.012779430838483208,0.010989010989007397,0.004884004884004867
198773066954000,0.2312748,ramp,-0.012779430838483208,10.792824000000001,2.0,-0.012779430838483208,0.010989010989007397,0.004884004884004867
198773068072900,0.2323937,ramp,-0.012779430838483208,10.845039333333334,2.0,-0.012779430838483208,0.010989010989007397,0.004884004884004867
198773069126900,0.2334477,ramp,-0.012779430838483208,10.894226,2.0,-0.012779430838483208,0.010989010989007397,0.004884004884004867
198773070190100,0.2345109,ramp,-0.012779430838483208,10.943842,2.0,-0.012779430838483208,0.010989010989007397,0.004884004884004867
198773071223300,0.2355441,ramp,-0.012779430838483208,10.992058,2.0,-0.012779430838483208,0.010989010989007397,0.004884004884004867
198773072344600,0.2366654,ramp,-0.012779430838483208,11.044385333333334,2.0,-0.013160906385900617,-0.0329670329670364,0.004884004884004867
198773072873100,0.2371939,ramp,-0.012779430838483208,11.069048666666667,2.0,-0.013160906385900617,-0.0329670329670364,0.004884004884004867
198773073929100,0.2382499,ramp,-0.012779430838483208,11.118328666666667,2.0,-0.013160906385900617,-0.0329670329670364,0.004884004884004867
198773075006200,0.239327,ramp,-0.012779430838483208,11.168593333333334,2.0,-0.013160906385900617,-0.0329670329670364,0.004884004884004867
198773076069900,0.2403907,ramp,-0.012779430838483208,11.218232666666667,2.0,-0.013160906385900617,-0.0329670329670364,0.004884004884004867
198773077089000,0.2414098,ramp,-0.012779430838483208,11.265790666666666,2.0,-0.013160906385900617,-0.0329670329670364,0.004884004884004867
198773078150100,0.2424709,ramp,-0.012779430838483208,11.315308666666667,2.0,-0.013160906385900617,-0.0329670329670364,0.004884004884004867
198773079277400,0.2435982,ramp,-0.012779430838483208,11.367916,2.0,-0.013160906385900617,-0.0329670329670364,0.004884004884004867
198773079916600,0.2442374,ramp,-0.012779430838483208,11.397745333333335,2.0,-0.013160906385900617,-0.0329670329670364,0.004884004884004867
198773080937900,0.2452587,ramp,-0.012779430838483208,11.445405999999998,2.0,-0.013160906385900617,-0.0329670329670364,0.004884004884004867
198773081997300,0.2463181,ramp,-0.012779430838483208,11.494844666666665,2.0,-0.013160906385900617,-0.0329670329670364,0.004884004884004867
198773083045300,0.2473661,ramp,-0.012779430838483208,11.543751333333333,2.0,-0.013160906385900617,-0.0329670329670364,0.004884004884004867
198773084100400,0.2484212,ramp,-0.012779430838483208,11.592989333333332,2.0,-0.013160906385900617,-0.0329670329670364,0.004884004884004867
198773085178800,0.2494996,ramp,-0.012779430838483208,11.643314666666667,2.0,-0.013160906385900617,-0.0329670329670364,0.004884004884004867
198773086232600,0.2505534,ramp,-0.012779430838483208,11.692492,2.0,-0.013160906385900617,-0.0329670329670364,0.004884004884004867
198773087343000,0.2516638,ramp,-0.012779430838483208,11.744310666666667,2.0,-0.013160906385900617,-0.0329670329670364,0.004884004884004867
198773088479700,0.2528005,ramp,-0.012779430838483208,11.797356666666667,2.0,-0.013160906385900617,-0.0329670329670364,0.004884004884004867
198773089069000,0.2533898,ramp,-0.012779430838483208,11.824857333333334,2.0,-0.013160906385900617,-0.0329670329670364,0.004884004884004867
198773090091100,0.2544119,ramp,-0.012779430838483208,11.872555333333333,2.0,-0.013160906385900617,-0.0329670329670364,0.004884004884004867
198773091169700,0.2554905,ramp,-0.012779430838483208,11.92289,2.0,-0.013160906385900617,-0.0329670329670364,0.004884004884004867
198773092257800,0.2565786,ramp,-0.012779430838483208,11.973668,2.0,-0.013160906385900617,-0.0329670329670364,0.004884004884004867
198773092832400,0.2571532,ramp,-0.012779430838483208,12.000482666666667,2.0,-0.013160906385900617,-0.0329670329670364,0.004884004884004867
198773093917000,0.2582378,ramp,-0.012779430838483208,12.051097333333333,2.0,-0.013160906385900617,-0.0329670329670364,0.004884004884004867
198773094971300,0.2592921,ramp,-0.012779430838483208,12.100298,2.0,-0.013160906385900617,-0.0329670329670364,0.004884004884004867
198773096042800,0.2603636,ramp,-0.012779430838483208,12.150301333333333,2.0,-0.013160906385900617,-0.0329670329670364,0.004884004884004867
198773097104900,0.2614257,ramp,-0.012779430838483208,12.199866,2.0,-0.013160906385900617,-0.0329670329670364,0.004884004884004867
198773098174100,0.2624949,ramp,-0.012779430838483208,12.249761999999999,2.0,-0.013160906385900617,-0.0329670329670364,0.004884004884004867
198773099261300,0.2635821,ramp,-0.012779430838483208,12.300498000000001,2.0,-0.013160906385900617,-0.0329670329670364,0.004884004884004867
198773100414900,0.2647357,ramp,-0.012779430838483208,12.354332666666666,2.0,-0.013160906385900617,-0.0329670329670364,0.004884004884004867
198773101010700,0.2653315,ramp,-0.012779430838483208,12.382136666666666,2.0,-0.013160906385900617,-0.0329670329670364,0.004884004884004867
198773102017100,0.2663379,ramp,-0.012779430838483208,12.429102,2.0,-0.013160906385900617,-0.0329670329670364,0.004884004884004867
198773103083600,0.2674044,ramp,-0.012779430838483208,12.478872,2.0,-0.013160906385900617,-0.0329670329670364,0.004884004884004867
198773104120100,0.2684409,ramp,-0.012779430838483208,12.527242000000001,2.0,-0.013160906385900617,-0.0329670329670364,0.004884004884004867
198773105202600,0.2695234,ramp,-0.012779430838483208,12.577758666666666,2.0,-0.013160906385900617,-0.0329670329670364,0.004884004884004867
198773106259400,0.2705802,ramp,-0.012779430838483208,12.627076,2.0,-0.013160906385900617,-0.0329670329670364,0.004884004884004867
198773107316400,0.2716372,ramp,-0.012779430838483208,12.676402666666666,2.0,-0.013160906385900617,-0.0329670329670364,0.004884004884004867
198773107903100,0.2722239,ramp,-0.012779430838483208,12.703782,2.0,-0.013160906385900617,-0.0329670329670364,0.004884004884004867
198773108909500,0.2732303,ramp,-0.012779430838483208,12.750747333333333,2.0,-0.013160906385900617,-0.0329670329670364,0.004884004884004867
198773110009400,0.2743302,ramp,-0.012779430838483208,12.802076,2.0,-0.013160906385900617,-0.0329670329670364,0.004884004884004867
198773111017100,0.2753379,ramp,-0.012779430838483208,12.849102,2.0,-0.013160906385900617,-0.0329670329670364,0.004884004884004867
198773112021100,0.2763419,ramp,-0.012779430838483208,12.895955333333333,2.0,-0.013160906385900617,-0.0329670329670364,0.004884004884004867
198773113115000,0.2774358,ramp,-0.012779430838483208,12.947004,2.0,-0.013160906385900617,-0.0329670329670364,0.004884004884004867
198773114227500,0.2785483,ramp,-0.012779430838483208,12.998920666666667,2.0,-0.013160906385900617,-0.0329670329670364,0.004884004884004867
198773115322100,0.2796429,ramp,-0.012779430838483208,13.050002000000001,2.0,-0.013160906385900617,-0.0329670329670364,0.004884004884004867
198773115937900,0.2802587,ramp,-0.012779430838483208,13.078739333333333,2.0,-0.013160906385900617,-0.0329670329670364,0.004884004884004867
198773116948100,0.2812689,ramp,-0.012779430838483208,13.125882,2.0,-0.013160906385900617,-0.0329670329670364,0.004884004884004867
198773117994300,0.2823151,ramp,-0.012779430838483208,13.174704666666667,2.0,-0.013160906385900617,-0.0329670329670364,0.004884004884004867
198773119341200,0.283662,ramp,-0.012779430838483208,13.23756,2.0,-0.013160906385900617,-0.0329670329670364,0.004884004884004867
198773120125100,0.2844459,ramp,-0.012779430838483208,13.274142000000001,2.0,-0.013160906385900617,-0.0329670329670364,0.004884004884004867
198773121144400,0.2854652,ramp,-0.012779430838483208,13.321709333333333,2.0,-0.013160906385900617,-0.0329670329670364,0.004884004884004867
198773122237900,0.2865587,ramp,-0.012779430838483208,13.372739333333334,2.0,-0.013160906385900617,-0.0329670329670364,0.004884004884004867
198773123454800,0.2877756,ramp,-0.012779430838483208,13.429528,2.0,-0.013160906385900617,-0.0329670329670364,0.004884004884004867
198773124060100,0.2883809,ramp,-0.012779430838483208,13.457775333333334,2.0,-0.013160906385900617,-0.0329670329670364,0.004884004884004867
198773125060200,0.289381,ramp,-0.012779430838483208,13.504446666666666,2.0,-0.013160906385900617,-0.0329670329670364,0.004884004884004867
198773126172600,0.2904934,ramp,-0.012779430838483208,13.556358666666666,2.0,-0.013160906385900617,-0.0329670329670364,0.004884004884004867
198773127255200,0.291576,ramp,-0.012779430838483208,13.60688,2.0,-0.013160906385900617,-0.0329670329670364,0.004884004884004867
198773128336700,0.2926575,ramp,-0.012779430838483208,13.65735,2.0,-0.013160906385900617,-0.0329670329670364,0.004884004884004867
198773128912300,0.2932331,ramp,-0.012779430838483208,13.684211333333334,2.0,-0.013160906385900617,-0.0329670329670364,0.004884004884004867
198773129933600,0.2942544,ramp,-0.012779430838483208,13.731872000000001,2.0,-0.013160906385900617,-0.0329670329670364,0.004884004884004867
198773130996100,0.2953169,ramp,-0.012779430838483208,13.781455333333334,2.0,-0.013160906385900617,-0.0329670329670364,0.004884004884004867
198773132107700,0.2964285,ramp,-0.012779430838483208,13.83333,2.0,-0.013160906385900617,-0.0329670329670364,0.004884004884004867
198773133222400,0.2975432,ramp,-0.012779430838483208,13.885349333333332,2.0,-0.013160906385900617,-0.0329670329670364,0.004884004884004867
198773134286900,0.2986077,ramp,-0.012779430838483208,13.935026,2.0,-0.013160906385900617,-0.0329670329670364,0.004884004884004867
198773135547600,0.2998684,ramp,-0.012779430838483208,13.993858666666666,2.0,-0.013160906385900617,-0.0329670329670364,0.004884004884004867
198773136208900,0.3005297,ramp,-0.012779430838483208,14.024719333333335,2.0,-0.013160906385900617,-0.0329670329670364,0.004884004884004867
198773137218900,0.3015397,ramp,-0.012779430838483208,14.071852666666667,2.0,-0.013160906385900617,-0.0329670329670364,0.004884004884004867
198773138210200,0.302531,ramp,-0.012779430838483208,14.118113333333334,2.0,-0.013160906385900617,-0.0329670329670364,0.004884004884004867
198773139348600,0.3036694,ramp,-0.012779430838483208,14.171238666666666,2.0,-0.013160906385900617,-0.0329670329670364,0.004884004884004867
198773140360600,0.3046814,ramp,-0.012779430838483208,14.218465333333334,2.0,-0.013160906385900617,-0.0329670329670364,0.004884004884004867
198773140889800,0.3052106,ramp,-0.012779430838483208,14.243161333333333,2.0,-0.013160906385900617,-0.0329670329670364,0.004884004884004867
198773141864500,0.3061853,ramp,-0.012779430838483208,14.288647333333333,2.0,-0.013160906385900617,-0.0329670329670364,0.004884004884004867
198773143011400,0.3073322,ramp,-0.012779430838483208,14.342169333333334,2.0,-0.013160906385900617,-0.0329670329670364,0.004884004884004867
198773144135500,0.3084563,ramp,-0.012779430838483208,14.394627333333334,2.0,-0.013160906385900617,-0.0329670329670364,0.004884004884004867
198773145193400,0.3095142,ramp,-0.012779430838483208,14.443996,2.0,-0.013160906385900617,-0.0329670329670364,0.004884004884004867
198773146237700,0.3105585,ramp,-0.012779430838483208,14.492730000000002,2.0,-0.013160906385900617,-0.0329670329670364,0.004884004884004867
198773147055800,0.3113766,ramp,-0.012779430838483208,14.530908,2.0,-0.013160906385900617,-0.0329670329670364,0.004884004884004867
198773148055600,0.3123764,ramp,-0.012779430838483208,14.577565333333332,2.0,-0.013160906385900617,-0.0329670329670364,0.004884004884004867
198773149110900,0.3134317,ramp,-0.012779430838483208,14.626812666666668,2.0,-0.013160906385900617,-0.0329670329670364,0.004884004884004867
198773150175200,0.314496,ramp,-0.012779430838483208,14.676479999999998,2.0,-0.013160906385900617,-0.0329670329670364,0.004884004884004867
198773151578200,0.315899,ramp,-0.012779430838483208,14.741953333333331,2.0,-0.013160906385900617,-0.0329670329670364,0.004884004884004867
198773152220000,0.3165408,ramp,-0.012779430838483208,14.771904000000001,2.0,-0.013160906385900617,-0.0329670329670364,0.004884004884004867
198773153211100,0.3175319,ramp,-0.012779430838483208,14.818155333333333,2.0,-0.013160906385900617,-0.0329670329670364,0.004884004884004867
198773154306100,0.3186269,ramp,-0.012779430838483208,14.869255333333331,2.0,-0.013160906385900617,-0.0329670329670364,0.004884004884004867
198773155457100,0.3197779,ramp,-0.012779430838483208,14.922968666666666,2.0,-0.013160906385900617,-0.0329670329670364,0.004884004884004867
198773156082500,0.3204033,ramp,-0.012779430838483208,14.952154,2.0,-0.013160906385900617,-0.0329670329670364,0.004884004884004867
198773157086600,0.3214074,ramp,-0.012779430838483208,14.999012,2.0,-0.013160906385900617,-0.0329670329670364,0.004884004884004867
198773158145300,0.3224661,ramp,-0.012779430838483208,15.048417999999998,2.0,-0.013160906385900617,-0.0329670329670364,0.004884004884004867
198773159234400,0.3235552,ramp,-0.012779430838483208,15.099242666666667,2.0,-0.013160906385900617,-0.0329670329670364,0.004884004884004867
198773160381000,0.3247018,ramp,-0.012779430838483208,15.152750666666666,2.0,-0.013160906385900617,-0.0329670329670364,0.004884004884004867
198773160967700,0.3252885,ramp,-0.012779430838483208,15.18013,2.0,-0.013160906385900617,-0.0329670329670364,0.004884004884004867
198773161969200,0.32629,ramp,-0.012779430838483208,15.226866666666666,2.0,-0.013160906385900617,-0.0329670329670364,0.004884004884004867
198773163046000,0.3273668,ramp,-0.012779430838483208,15.277117333333333,2.0,-0.013160906385900617,-0.0329670329670364,0.004884004884004867
198773164099200,0.32842,ramp,-0.012779430838483208,15.326266666666667,2.0,-0.013160906385900617,-0.0329670329670364,0.004884004884004867
198773165171600,0.3294924,ramp,-0.012779430838483208,15.376312,2.0,-0.013160906385900617,-0.0329670329670364,0.004884004884004867
198773166275600,0.3305964,ramp,-0.012779430838483208,15.427831999999999,2.0,-0.013160906385900617,-0.0329670329670364,0.004884004884004867
198773167373700,0.3316945,ramp,-0.012779430838483208,15.479076666666668,2.0,-0.013160906385900617,-0.0329670329670364,0.004884004884004867
198773167816000,0.3321368,ramp,-0.012779430838483208,15.499717333333333,2.0,-0.013160906385900617,-0.0329670329670364,0.004884004884004867
198773168817700,0.3331385,ramp,-0.012779430838483208,15.546463333333334,2.0,-0.013160906385900617,-0.0329670329670364,0.004884004884004867
198773169890500,0.3342113,ramp,-0.012779430838483208,15.596527333333334,2.0,-0.013160906385900617,-0.0329670329670364,0.004884004884004867
198773171001000,0.3353218,ramp,-0.012779430838483208,15.648350666666667,2.0,-0.013160906385900617,-0.0329670329670364,0.004884004884004867
198773172065000,0.3363858,ramp,-0.012779430838483208,15.698004000000001,2.0,-0.013160906385900617,-0.0329670329670364,0.004884004884004867
198773173153300,0.3374741,ramp,-0.012779430838483208,15.748791333333333,2.0,-0.013160906385900617,-0.0329670329670364,0.004884004884004867
198773174224100,0.3385449,ramp,-0.012779430838483208,15.798761999999998,2.0,-0.013160906385900617,-0.0329670329670364,0.004884004884004867
198773175314100,0.3396349,ramp,-0.012779430838483208,15.849628666666666,2.0,-0.013160906385900617,-0.0329670329670364,0.004884004884004867
198773175826500,0.3401473,ramp,-0.012779430838483208,15.873540666666667,2.0,-0.013160906385900617,-0.0329670329670364,0.004884004884004867
198773176828600,0.3411494,ramp,-0.012779430838483208,15.920305333333332,2.0,-0.013160906385900617,-0.0329670329670364,0.004884004884004867
198773177835000,0.3421558,ramp,-0.012779430838483208,15.967270666666668,2.0,-0.013160906385900617,-0.0329670329670364,0.004884004884004867
198773178855900,0.3431767,ramp,-0.012779430838483208,16.014912666666667,2.0,-0.013160906385900617,-0.0329670329670364,0.004884004884004867
198773179944400,0.3442652,ramp,-0.012779430838483208,16.06570933333333,2.0,-0.013160906385900617,-0.0329670329670364,0.004884004884004867
198773181014100,0.3453349,ramp,-0.012779430838483208,16.115628666666666,2.0,-0.013160906385900617,-0.0329670329670364,0.004884004884004867
198773182130700,0.3464515,ramp,-0.012779430838483208,16.167736666666666,2.0,-0.013160906385900617,-0.0329670329670364,0.004884004884004867
198773183240900,0.3475617,ramp,-0.012779430838483208,16.219546,2.0,-0.012779430838483208,0.010989010989007397,-0.004884004884004867
198773184352600,0.3486734,ramp,-0.012779430838483208,16.271425333333333,2.0,-0.012779430838483208,-0.010989010989007397,0.004884004884004867
198773184948100,0.3492689,ramp,-0.012779430838483208,16.299215333333333,2.0,-0.012779430838483208,-0.010989010989007397,0.004884004884004867
198773186017500,0.3503383,ramp,-0.012779430838483208,16.349120666666668,2.0,-0.012779430838483208,-0.010989010989007397,0.004884004884004867
198773187029400,0.3513502,ramp,-0.012779430838483208,16.396342666666666,2.0,-0.012779430838483208,-0.010989010989007397,0.004884004884004867
198773188125600,0.3524464,ramp,-0.012779430838483208,16.447498666666664,2.0,-0.012779430838483208,-0.010989010989007397,0.004884004884004867
198773189245800,0.3535666,ramp,-0.012779430838483208,16.499774666666667,2.0,-0.012779430838483208,-0.010989010989007397,0.004884004884004867
198773190369800,0.3546906,ramp,-0.012779430838483208,16.552228,2.0,-0.012779430838483208,-0.010989010989007397,0.004884004884004867
198773190936100,0.3552569,ramp,-0.012779430838483208,16.578655333333334,2.0,-0.012779430838483208,-0.010989010989007397,0.004884004884004867
198773191945700,0.3562665,ramp,-0.012779430838483208,16.62577,2.0,-0.012779430838483208,-0.010989010989007397,0.004884004884004867
198773193047200,0.357368,ramp,-0.012779430838483208,16.677173333333332,2.0,-0.012779430838483208,-0.010989010989007397,0.004884004884004867
198773194177000,0.3584978,ramp,-0.012779430838483208,16.729897333333334,2.0,-0.012779430838483208,-0.010989010989007397,0.004884004884004867
198773195186900,0.3595077,ramp,-0.012779430838483208,16.777026,2.0,-0.012779430838483208,-0.010989010989007397,0.004884004884004867
198773196325000,0.3606458,ramp,-0.012779430838483208,16.830137333333333,2.0,-0.012779430838483208,-0.010989010989007397,0.004884004884004867
198773196941600,0.3612624,ramp,-0.012779430838483208,16.858912,2.0,-0.012779430838483208,-0.010989010989007397,0.004884004884004867
198773198027300,0.3623481,ramp,-0.012779430838483208,16.909578,2.0,-0.012779430838483208,-0.010989010989007397,0.004884004884004867
198773199406900,0.3637277,ramp,-0.012779430838483208,16.973959333333333,2.0,-0.012779430838483208,-0.010989010989007397,0.004884004884004867
198773200014200,0.364335,ramp,-0.012779430838483208,17.0023,2.0,-0.012779430838483208,-0.010989010989007397,0.004884004884004867
198773201045000,0.3653658,ramp,-0.012779430838483208,17.050404,2.0,-0.012779430838483208,-0.010989010989007397,0.004884004884004867
198773202174800,0.3664956,ramp,-0.012779430838483208,17.103127999999998,2.0,-0.012779430838483208,-0.010989010989007397,0.004884004884004867
198773203270200,0.367591,ramp,-0.012779430838483208,17.15424666666667,2.0,-0.012779430838483208,-0.010989010989007397,0.004884004884004867
198773204393200,0.368714,ramp,-0.012779430838483208,17.206653333333332,2.0,-0.012779430838483208,-0.010989010989007397,0.004884004884004867
198773204963600,0.3692844,ramp,-0.012779430838483208,17.233272,2.0,-0.012779430838483208,-0.010989010989007397,0.004884004884004867
198773205969600,0.3702904,ramp,-0.012779430838483208,17.280218666666666,2.0,-0.012779430838483208,-0.010989010989007397,0.004884004884004867
198773207146600,0.3714674,ramp,-0.012779430838483208,17.335145333333333,2.0,-0.012779430838483208,-0.010989010989007397,0.004884004884004867
198773208152800,0.3724736,ramp,-0.012779430838483208,17.38210133333333,2.0,-0.012779430838483208,-0.010989010989007397,0.004884004884004867
198773209180700,0.3735015,ramp,-0.012779430838483208,17.43007,2.0,-0.012779430838483208,-0.010989010989007397,0.004884004884004867
198773210165000,0.3744858,ramp,-0.012779430838483208,17.476004,2.0,-0.012779430838483208,-0.010989010989007397,0.004884004884004867
198773211195600,0.3755164,ramp,-0.012779430838483208,17.524098666666667,2.0,-0.012779430838483208,-0.010989010989007397,0.004884004884004867
198773212172300,0.3764931,ramp,-0.012779430838483208,17.569678,2.0,-0.012779430838483208,-0.010989010989007397,0.004884004884004867
198773213418900,0.3777397,ramp,-0.012779430838483208,17.627852666666666,2.0,-0.012779430838483208,-0.010989010989007397,0.004884004884004867
198773214279400,0.3786002,ramp,-0.012779430838483208,17.668009333333334,2.0,-0.012779430838483208,-0.010989010989007397,0.004884004884004867
198773215279400,0.3796002,ramp,-0.012779430838483208,17.714676,2.0,-0.012779430838483208,-0.010989010989007397,0.004884004884004867
198773216401900,0.3807227,ramp,-0.012779430838483208,17.767059333333336,2.0,-0.012779430838483208,-0.010989010989007397,0.004884004884004867
198773217028800,0.3813496,ramp,-0.012779430838483208,17.796314666666667,2.0,-0.012779430838483208,-0.010989010989007397,0.004884004884004867
198773218060400,0.3823812,ramp,-0.012779430838483208,17.844456,2.0,-0.012779430838483208,-0.010989010989007397,0.004884004884004867
198773219137500,0.3834583,ramp,-0.012779430838483208,17.894720666666668,2.0,-0.012779430838483208,-0.010989010989007397,0.004884004884004867
198773220237200,0.384558,ramp,-0.012779430838483208,17.94604,2.0,-0.012779430838483208,-0.010989010989007397,0.004884004884004867
198773221323700,0.3856445,ramp,-0.012779430838483208,17.996743333333335,2.0,-0.012779430838483208,-0.010989010989007397,0.004884004884004867
198773222327700,0.3866485,ramp,-0.012779430838483208,18.043596666666666,2.0,-0.012779430838483208,-0.010989010989007397,0.004884004884004867
198773222939600,0.3872604,ramp,-0.012779430838483208,18.072152,2.0,-0.012779430838483208,-0.010989010989007397,0.004884004884004867
198773224035400,0.3883562,ramp,-0.012779430838483208,18.123289333333332,2.0,-0.012779430838483208,-0.010989010989007397,0.004884004884004867
198773225113100,0.3894339,ramp,-0.012779430838483208,18.173582,2.0,-0.012779430838483208,-0.010989010989007397,0.004884004884004867
198773226116200,0.390437,ramp,-0.012779430838483208,18.220393333333334,2.0,-0.012779430838483208,-0.010989010989007397,0.004884004884004867
198773227194400,0.3915152,ramp,-0.012779430838483208,18.270709333333333,2.0,-0.012779430838483208,-0.010989010989007397,0.004884004884004867
198773228246900,0.3925677,ramp,-0.012779430838483208,18.319826,2.0,-0.012779430838483208,-0.010989010989007397,0.004884004884004867
198773229636300,0.3939571,ramp,-0.012779430838483208,18.384664666666666,2.0,-0.012779430838483208,-0.010989010989007397,0.004884004884004867
198773230289800,0.3946106,ramp,-0.012779430838483208,18.415161333333334,2.0,-0.012779430838483208,-0.010989010989007397,0.004884004884004867
198773231249400,0.3955702,ramp,-0.012779430838483208,18.459942666666667,2.0,-0.012779430838483208,-0.010989010989007397,0.004884004884004867
198773232356100,0.3966769,ramp,-0.012779430838483208,18.511588666666665,2.0,-0.012779430838483208,-0.010989010989007397,0.004884004884004867
198773233001800,0.3973226,ramp,-0.012779430838483208,18.54172133333333,2.0,-0.012779430838483208,-0.010989010989007397,0.004884004884004867
198773234004000,0.3983248,ramp,-0.012779430838483208,18.588490666666665,2.0,-0.012779430838483208,-0.010989010989007397,0.004884004884004867
198773235086800,0.3994076,ramp,-0.012779430838483208,18.639021333333332,2.0,-0.012779430838483208,-0.010989010989007397,0.004884004884004867
198773236169400,0.4004902,ramp,-0.012779430838483208,18.689542666666668,2.0,-0.012779430838483208,-0.010989010989007397,0.004884004884004867
198773237242200,0.401563,ramp,-0.012779430838483208,18.739606666666667,2.0,-0.012779430838483208,-0.010989010989007397,0.004884004884004867
198773238339800,0.4026606,ramp,-0.012779430838483208,18.790827999999998,2.0,-0.012779430838483208,-0.010989010989007397,0.004884004884004867
198773238918500,0.4032393,ramp,-0.012779430838483208,18.817833999999998,2.0,-0.012779430838483208,-0.010989010989007397,0.004884004884004867
198773239921300,0.4042421,ramp,-0.012779430838483208,18.864631333333335,2.0,-0.012779430838483208,-0.010989010989007397,0.004884004884004867
198773241051000,0.4053718,ramp,-0.012779430838483208,18.917350666666664,2.0,-0.012779430838483208,-0.010989010989007397,0.004884004884004867
198773242128000,0.4064488,ramp,-0.012779430838483208,18.96761066666667,2.0,-0.012779430838483208,-0.010989010989007397,0.004884004884004867
198773243191900,0.4075127,ramp,-0.012779430838483208,19.01725933333333,2.0,-0.012779430838483208,-0.010989010989007397,0.004884004884004867
198773244274500,0.4085953,ramp,-0.012779430838483208,19.067780666666664,2.0,-0.012779430838483208,-0.010989010989007397,0.004884004884004867
198773245651100,0.4099719,ramp,-0.012779430838483208,19.132022,2.0,-0.012779430838483208,-0.010989010989007397,0.004884004884004867
198773246427200,0.410748,ramp,-0.012779430838483208,19.168239999999997,2.0,-0.012779430838483208,-0.010989010989007397,0.004884004884004867
198773247031200,0.411352,ramp,-0.012779430838483208,19.196426666666667,2.0,-0.012779430838483208,-0.010989010989007397,0.004884004884004867
198773248035700,0.4123565,ramp,-0.012779430838483208,19.243303333333333,2.0,-0.012779430838483208,-0.010989010989007397,0.004884004884004867
198773249054400,0.4133752,ramp,-0.012779430838483208,19.29084266666667,2.0,-0.012779430838483208,-0.010989010989007397,0.004884004884004867
198773250097100,0.4144179,ramp,-0.012779430838483208,19.339502000000003,2.0,-0.012779430838483208,-0.010989010989007397,0.004884004884004867
198773251140700,0.4154615,ramp,-0.012779430838483208,19.388203333333333,2.0,-0.012779430838483208,-0.010989010989007397,0.004884004884004867
198773252196300,0.4165171,ramp,-0.012779430838483208,19.437464666666667,2.0,-0.012779430838483208,-0.010989010989007397,0.004884004884004867
198773253320800,0.4176416,ramp,-0.012779430838483208,19.489941333333334,2.0,-0.012779430838483208,-0.010989010989007397,0.004884004884004867
198773253917800,0.4182386,ramp,-0.012779430838483208,19.51780133333333,2.0,-0.012779430838483208,-0.010989010989007397,0.004884004884004867
198773254920100,0.4192409,ramp,-0.012779430838483208,19.564575333333334,2.0,-0.012779430838483208,-0.010989010989007397,0.004884004884004867
198773256002700,0.4203235,ramp,-0.012779430838483208,19.615096666666666,2.0,-0.012779430838483208,-0.010989010989007397,0.004884004884004867
198773257098400,0.4214192,ramp,-0.012779430838483208,19.666229333333334,2.0,-0.012779430838483208,-0.010989010989007397,0.004884004884004867
198773258204500,0.4225253,ramp,-0.012779430838483208,19.71784733333333,2.0,-0.012779430838483208,-0.010989010989007397,0.004884004884004867
198773259288900,0.4236097,ramp,-0.012779430838483208,19.76845266666667,2.0,-0.012779430838483208,-0.010989010989007397,0.004884004884004867
198773260431200,0.424752,ramp,-0.012779430838483208,19.82176,2.0,-0.012779430838483208,-0.010989010989007397,0.004884004884004867
198773261159100,0.4254799,ramp,-0.012779430838483208,19.855728666666668,2.0,-0.012779430838483208,-0.010989010989007397,0.004884004884004867
198773262075200,0.426396,ramp,-0.012779430838483208,19.89848,2.0,-0.012779430838483208,-0.010989010989007397,0.004884004884004867
198773263112800,0.4274336,ramp,-0.012779430838483208,19.946901333333333,2.0,-0.012779430838483208,-0.010989010989007397,0.004884004884004867
198773264206300,0.4285271,ramp,-0.012779430838483208,19.997931333333334,2.0,-0.012779430838483208,-0.010989010989007397,0.004884004884004867
198773265305000,0.4296258,ramp,-0.012779430838483208,20.049204,2.0,-0.012779430838483208,-0.010989010989007397,0.004884004884004867
198773266303300,0.4306241,ramp,-0.012779430838483208,20.09579133333333,2.0,-0.012779430838483208,-0.010989010989007397,0.004884004884004867
198773267438400,0.4317592,ramp,-0.012779430838483208,20.14876266666667,2.0,-0.012779430838483208,-0.010989010989007397,0.004884004884004867
198773268029400,0.4323502,ramp,-0.012779430838483208,20.176342666666667,2.0,-0.012779430838483208,-0.010989010989007397,0.004884004884004867
198773269120800,0.4334416,ramp,-0.012779430838483208,20.227274666666666,2.0,-0.012779430838483208,-0.010989010989007397,0.004884004884004867
198773270177500,0.4344983,ramp,-0.012779430838483208,20.27658733333333,2.0,-0.012779430838483208,-0.010989010989007397,0.004884004884004867
198773271212300,0.4355331,ramp,-0.012779430838483208,20.324878000000002,2.0,-0.012779430838483208,-0.010989010989007397,0.004884004884004867
198773272272600,0.4365934,ramp,-0.012779430838483208,20.374358666666666,2.0,-0.012779430838483208,-0.010989010989007397,0.004884004884004867
198773273409200,0.43773,ramp,-0.012779430838483208,20.427400000000002,2.0,-0.012779430838483208,-0.010989010989007397,0.004884004884004867
198773274027100,0.4383479,ramp,-0.012779430838483208,20.456235333333332,2.0,-0.012779430838483208,-0.010989010989007397,0.004884004884004867
198773275048800,0.4393696,ramp,-0.012779430838483208,20.503914666666667,2.0,-0.012779430838483208,-0.010989010989007397,0.004884004884004867
198773276126200,0.440447,ramp,-0.012779430838483208,20.554193333333334,2.0,-0.012779430838483208,-0.010989010989007397,0.004884004884004867
198773277250000,0.4415708,ramp,-0.012779430838483208,20.60663733333333,2.0,-0.012779430838483208,-0.010989010989007397,0.004884004884004867
198773278478300,0.4427991,ramp,-0.012779430838483208,20.663958,2.0,-0.012779430838483208,-0.010989010989007397,0.004884004884004867
198773279068500,0.4433893,ramp,-0.012779430838483208,20.69150066666667,2.0,-0.012779430838483208,-0.010989010989007397,0.004884004884004867
198773280095900,0.4444167,ramp,-0.012779430838483208,20.739446,2.0,-0.012779430838483208,-0.010989010989007397,0.004884004884004867
198773281230800,0.4455516,ramp,-0.012779430838483208,20.792408,2.0,-0.012779430838483208,-0.010989010989007397,0.004884004884004867
198773282309500,0.4466303,ramp,-0.012779430838483208,20.842747333333335,2.0,-0.012779430838483208,-0.010989010989007397,0.004884004884004867
198773282907700,0.4472285,ramp,-0.012779430838483208,20.870663333333333,2.0,-0.012779430838483208,-0.010989010989007397,0.004884004884004867
198773284035700,0.4483565,ramp,-0.012779430838483208,20.923303333333333,2.0,-0.012779430838483208,-0.010989010989007397,0.004884004884004867
198773285050700,0.4493715,ramp,-0.012779430838483208,20.970670000000002,2.0,-0.012779430838483208,-0.010989010989007397,0.004884004884004867
198773286054100,0.4503749,ramp,-0.012779430838483208,21.017495333333333,2.0,-0.012779430838483208,-0.010989010989007397,0.004884004884004867
198773287177100,0.4514979,ramp,-0.012779430838483208,21.069902,2.0,-0.012779430838483208,-0.010989010989007397,0.004884004884004867
198773288183000,0.4525038,ramp,-0.012779430838483208,21.116844,2.0,-0.012779430838483208,-0.010989010989007397,0.004884004884004867
198773289371600,0.4536924,ramp,-0.012779430838483208,21.172311999999998,2.0,-0.012779430838483208,-0.010989010989007397,0.004884004884004867
198773290012600,0.4543334,ramp,-0.012779430838483208,21.202225333333335,2.0,-0.012779430838483208,-0.010989010989007397,0.004884004884004867
198773291034000,0.4553548,ramp,-0.012779430838483208,21.249890666666666,2.0,-0.012779430838483208,-0.010989010989007397,0.004884004884004867
198773292054800,0.4563756,ramp,-0.012779430838483208,21.297528,2.0,-0.012779430838483208,-0.010989010989007397,0.004884004884004867
198773293188400,0.4575092,ramp,-0.012779430838483208,21.350429333333334,2.0,-0.012779430838483208,-0.010989010989007397,0.004884004884004867
198773294110700,0.4584315,ramp,-0.012779430838483208,21.39347,2.0,-0.012779430838483208,-0.010989010989007397,0.004884004884004867
198773295133100,0.4594539,ramp,-0.012779430838483208,21.441181999999998,2.0,-0.012779430838483208,-0.010989010989007397,0.004884004884004867
198773296256900,0.4605777,ramp,-0.012779430838483208,21.493626,2.0,-0.012779430838483208,-0.010989010989007397,0.004884004884004867
198773297258200,0.461579,ramp,-0.012779430838483208,21.540353333333332,2.0,-0.012779430838483208,-0.010989010989007397,0.004884004884004867
198773298264800,0.4625856,ramp,-0.012779430838483208,21.587328,2.0,-0.012779430838483208,-0.010989010989007397,0.004884004884004867
198773299461500,0.4637823,ramp,-0.012779430838483208,21.643174000000002,2.0,-0.012779430838483208,-0.010989010989007397,0.004884004884004867
198773299944700,0.4642655,ramp,-0.012779430838483208,21.665723333333332,2.0,-0.012779430838483208,-0.010989010989007397,0.004884004884004867
198773301332300,0.4656531,ramp,-0.012779430838483208,21.730477999999998,2.0,-0.012779430838483208,-0.010989010989007397,0.004884004884004867
198773301979200,0.4663,ramp,-0.012779430838483208,21.760666666666665,2.0,-0.012779430838483208,-0.010989010989007397,0.004884004884004867
198773303003300,0.4673241,ramp,-0.012779430838483208,21.808458,2.0,-0.012779430838483208,-0.010989010989007397,0.004884004884004867
198773304107800,0.4684286,ramp,-0.012779430838483208,21.860001333333333,2.0,-0.012779430838483208,-0.010989010989007397,0.004884004884004867
198773305233900,0.4695547,ramp,-0.012779430838483208,21.912552666666667,2.0,-0.012779430838483208,-0.010989010989007397,0.004884004884004867
198773305845700,0.4701665,ramp,-0.012779430838483208,21.941103333333334,2.0,-0.012779430838483208,-0.010989010989007397,0.004884004884004867
198773306850500,0.4711713,ramp,-0.012779430838483208,21.987994,2.0,-0.012779430838483208,-0.010989010989007397,0.004884004884004867
198773307874700,0.4721955,ramp,-0.012779430838483208,22.03579,2.0,-0.012779430838483208,-0.010989010989007397,0.004884004884004867
198773308955700,0.4732765,ramp,-0.012779430838483208,22.086236666666668,2.0,-0.012779430838483208,-0.010989010989007397,0.004884004884004867
198773310113800,0.4744346,ramp,-0.012779430838483208,22.140281333333334,2.0,-0.012779430838483208,-0.010989010989007397,0.004884004884004867
198773311121200,0.475442,ramp,-0.012779430838483208,22.187293333333333,2.0,-0.012779430838483208,-0.010989010989007397,0.004884004884004867
198773312118200,0.476439,ramp,-0.012779430838483208,22.23382,2.0,-0.012779430838483208,-0.010989010989007397,0.004884004884004867
198773313118500,0.4774393,ramp,-0.012779430838483208,22.28050066666667,2.0,-0.012779430838483208,-0.010989010989007397,0.004884004884004867
198773314127500,0.4784483,ramp,-0.012779430838483208,22.327587333333334,2.0,-0.012779430838483208,-0.010989010989007397,0.004884004884004867
198773315142200,0.479463,ramp,-0.012779430838483208,22.37494,2.0,-0.012779430838483208,-0.010989010989007397,0.004884004884004867
198773316154500,0.4804753,ramp,-0.012779430838483208,22.422180666666666,2.0,-0.012779430838483208,-0.010989010989007397,0.004884004884004867
198773317146900,0.4814677,ramp,-0.012779430838483208,22.468492666666666,2.0,-0.012779430838483208,-0.010989010989007397,0.004884004884004867
198773318299600,0.4826204,ramp,-0.012779430838483208,22.522285333333333,2.0,-0.012779430838483208,-0.010989010989007397,0.004884004884004867
198773319431200,0.483752,ramp,-0.012779430838483208,22.575093333333335,2.0,-0.012779430838483208,-0.010989010989007397,0.004884004884004867
198773320031900,0.4843527,ramp,-0.012779430838483208,22.603126,2.0,-0.012779430838483208,-0.010989010989007397,0.004884004884004867
198773321132500,0.4854533,ramp,-0.012779430838483208,22.654487333333336,2.0,-0.012779430838483208,-0.010989010989007397,0.004884004884004867
198773322193500,0.4865143,ramp,-0.012779430838483208,22.704000666666666,2.0,-0.012779430838483208,-0.010989010989007397,0.004884004884004867
198773323239400,0.4875602,ramp,-0.012779430838483208,22.752809333333335,2.0,-0.012779430838483208,-0.010989010989007397,0.004884004884004867
198773324465000,0.4887858,ramp,-0.012779430838483208,22.810004,2.0,-0.012779430838483208,-0.010989010989007397,0.004884004884004867
198773325432500,0.4897533,ramp,-0.012779430838483208,22.855154,2.0,-0.012779430838483208,-0.010989010989007397,0.004884004884004867
198773326025000,0.4903458,ramp,-0.012779430838483208,22.882804,2.0,-0.012779430838483208,-0.010989010989007397,0.004884004884004867
198773327031800,0.4913526,ramp,-0.012779430838483208,22.929788000000002,2.0,-0.012779430838483208,-0.010989010989007397,0.004884004884004867
198773328381600,0.4927024,ramp,-0.012779430838483208,22.992778666666666,2.0,-0.012779430838483208,-0.010989010989007397,0.004884004884004867
198773328975200,0.493296,ramp,-0.012779430838483208,23.02048,2.0,-0.012779430838483208,-0.010989010989007397,0.004884004884004867
198773329978400,0.4942992,ramp,-0.012779430838483208,23.067296,2.0,-0.012779430838483208,-0.010989010989007397,0.004884004884004867
198773331036800,0.4953576,ramp,-0.012779430838483208,23.116688,2.0,-0.012779430838483208,-0.010989010989007397,0.004884004884004867
198773332087800,0.4964086,ramp,-0.012779430838483208,23.16573466666667,2.0,-0.012779430838483208,-0.010989010989007397,0.004884004884004867
198773333144900,0.4974657,ramp,-0.012779430838483208,23.215066,2.0,-0.012779430838483208,-0.010989010989007397,0.004884004884004867
198773334232700,0.4985535,ramp,-0.012779430838483208,23.26583,2.0,-0.012779430838483208,-0.010989010989007397,0.004884004884004867
198773335325300,0.4996461,ramp,-0.012779430838483208,23.316817999999998,2.0,-0.012779430838483208,-0.010989010989007397,0.004884004884004867
198773335887300,0.5002081,ramp,-0.012779430838483208,23.343044666666668,2.0,-0.012779430838483208,-0.010989010989007397,0.004884004884004867
198773336892600,0.5012134,ramp,-0.012779430838483208,23.38995866666667,2.0,-0.012779430838483208,-0.010989010989007397,0.004884004884004867
198773338258500,0.5025793,ramp,-0.012779430838483208,23.453700666666666,2.0,-0.012779430838483208,-0.010989010989007397,0.004884004884004867
198773339242900,0.5035637,ramp,-0.012779430838483208,23.499639333333334,2.0,-0.012779430838483208,-0.010989010989007397,0.004884004884004867
198773339958000,0.5042788,ramp,-0.012779430838483208,23.533010666666666,2.0,-0.012779430838483208,-0.010989010989007397,0.004884004884004867
198773341156300,0.5054771,ramp,-0.012779430838483208,23.588931333333335,2.0,-0.012779430838483208,-0.010989010989007397,0.004884004884004867
198773342157900,0.5064787,ramp,-0.012779430838483208,23.635672666666665,2.0,-0.012779430838483208,-0.010989010989007397,0.004884004884004867
198773343275600,0.5075964,ramp,-0.012779430838483208,23.687832,2.0,-0.012779430838483208,-0.010989010989007397,0.004884004884004867
198773344441100,0.5087619,ramp,-0.012779430838483208,23.742221999999998,2.0,-0.012779430838483208,-0.010989010989007397,0.004884004884004867
198773345055800,0.5093766,ramp,-0.012779430838483208,23.770908,2.0,-0.012779430838483208,-0.010989010989007397,0.004884004884004867
198773346061900,0.5103827,ramp,-0.012779430838483208,23.81785933333333,2.0,-0.012779430838483208,-0.010989010989007397,0.004884004884004867
198773347144800,0.5114656,ramp,-0.012779430838483208,23.868394666666667,2.0,-0.012779430838483208,-0.010989010989007397,0.004884004884004867
198773348249300,0.5125701,ramp,-0.012779430838483208,23.919938,2.0,-0.012779430838483208,-0.010989010989007397,0.004884004884004867
198773349377600,0.5136984,ramp,-0.012779430838483208,23.972592000000002,2.0,-0.012779430838483208,-0.010989010989007397,0.004884004884004867
198773350002600,0.5143234,ramp,-0.012779430838483208,24.001758666666667,2.0,-0.012779430838483208,-0.010989010989007397,0.004884004884004867
198773351003900,0.5153247,ramp,-0.012779430838483208,24.048486,2.0,-0.012779430838483208,-0.010989010989007397,0.004884004884004867
198773352075700,0.5163965,ramp,-0.012779430838483208,24.098503333333333,2.0,-0.012779430838483208,-0.010989010989007397,0.004884004884004867
198773353159100,0.5174799,ramp,-0.012779430838483208,24.149062,2.0,-0.012779430838483208,-0.010989010989007397,0.004884004884004867
198773354305100,0.5186259,ramp,-0.012779430838483208,24.202542,2.0,-0.012779430838483208,-0.010989010989007397,0.004884004884004867
198773355562600,0.5198834,ramp,-0.012779430838483208,24.261225333333332,2.0,-0.012779430838483208,-0.010989010989007397,0.004884004884004867
198773356193900,0.5205147,ramp,-0.012779430838483208,24.290686,2.0,-0.012779430838483208,-0.010989010989007397,0.004884004884004867
198773357193900,0.5215147,ramp,-0.012779430838483208,24.337352666666664,2.0,-0.012779430838483208,-0.010989010989007397,0.004884004884004867
198773358313200,0.522634,ramp,-0.012779430838483208,24.389586666666666,2.0,-0.012779430838483208,-0.010989010989007397,0.004884004884004867
198773358917300,0.5232381,ramp,-0.012779430838483208,24.417778,2.0,-0.012779430838483208,-0.010989010989007397,0.004884004884004867
198773359947300,0.5242681,ramp,-0.012779430838483208,24.46584466666667,2.0,-0.012779430838483208,-0.010989010989007397,0.004884004884004867
198773361033000,0.5253538,ramp,-0.012779430838483208,24.51651066666667,2.0,-0.012779430838483208,-0.010989010989007397,0.004884004884004867
198773362121700,0.5264425,ramp,-0.012779430838483208,24.567316666666667,2.0,-0.012779430838483208,-0.010989010989007397,0.004884004884004867
198773363216700,0.5275375,ramp,-0.012779430838483208,24.618416666666665,2.0,-0.012779430838483208,-0.010989010989007397,0.004884004884004867
198773364293300,0.5286141,ramp,-0.012779430838483208,24.668658,2.0,-0.012779430838483208,-0.010989010989007397,0.004884004884004867
198773364890300,0.5292111,ramp,-0.012779430838483208,24.696518,2.0,-0.012779430838483208,-0.010989010989007397,0.004884004884004867
198773365918500,0.5302393,ramp,-0.012779430838483208,24.744500666666667,2.0,-0.012779430838483208,-0.010989010989007397,0.004884004884004867
198773367018300,0.5313391,ramp,-0.012779430838483208,24.795824666666665,2.0,-0.012779430838483208,-0.010989010989007397,0.004884004884004867
198773368132200,0.532453,ramp,-0.012779430838483208,24.847806666666667,2.0,-0.012779430838483208,-0.010989010989007397,0.004884004884004867
198773369263800,0.5335846,ramp,-0.012779430838483208,24.90061466666667,2.0,-0.012779430838483208,-0.010989010989007397,0.004884004884004867
198773369832500,0.5341533,ramp,-0.012779430838483208,24.927153999999998,2.0,-0.012779430838483208,-0.010989010989007397,0.004884004884004867
198773370963500,0.5352843,ramp,-0.012779430838483208,24.979934,2.0,-0.012779430838483208,-0.010989010989007397,0.004884004884004867
198773372042600,0.5363634,ramp,-0.012779430838483208,25.030292000000003,2.0,-0.012779430838483208,-0.010989010989007397,0.004884004884004867
198773373047100,0.5373679,ramp,-0.012779430838483208,25.077168666666665,2.0,-0.012779430838483208,-0.010989010989007397,0.004884004884004867
198773374203800,0.5385246,ramp,-0.012779430838483208,25.131148,2.0,-0.012779430838483208,-0.010989010989007397,0.004884004884004867
198773375306000,0.5396268,ramp,-0.012779430838483208,25.182584,2.0,-0.012779430838483208,-0.010989010989007397,0.004884004884004867
198773375901500,0.5402223,ramp,-0.012779430838483208,25.210373999999998,2.0,-0.012779430838483208,-0.010989010989007397,0.004884004884004867
198773376918500,0.5412393,ramp,-0.012779430838483208,25.257834,2.0,-0.012779430838483208,-0.010989010989007397,0.004884004884004867
198773377917500,0.5422383,ramp,-0.012779430838483208,25.304454,2.0,-0.012779430838483208,-0.010989010989007397,0.004884004884004867
198773378931700,0.5432525,ramp,-0.012779430838483208,25.351783333333334,2.0,-0.012779430838483208,-0.010989010989007397,0.004884004884004867
198773379963900,0.5442847,ramp,-0.012779430838483208,25.399952666666668,2.0,-0.012779430838483208,-0.010989010989007397,0.004884004884004867
198773381116300,0.5454371,ramp,-0.012779430838483208,25.453731333333334,2.0,-0.012779430838483208,-0.010989010989007397,0.004884004884004867
198773382265500,0.5465863,ramp,-0.012779430838483208,25.507360666666663,2.0,-0.012779430838483208,-0.010989010989007397,0.004884004884004867
198773383385100,0.5477059,ramp,-0.012779430838483208,25.559608666666666,2.0,-0.012779430838483208,-0.010989010989007397,0.004884004884004867
198773384012000,0.5483328,ramp,-0.012779430838483208,25.588864,2.0,-0.012779430838483208,-0.010989010989007397,0.004884004884004867
198773385014800,0.5493356,ramp,-0.012779430838483208,25.63566133333333,2.0,-0.012779430838483208,-0.010989010989007397,0.004884004884004867
198773386198200,0.550519,ramp,-0.012779430838483208,25.690886666666664,2.0,-0.012779430838483208,-0.010989010989007397,0.004884004884004867
198773387248100,0.5515689,ramp,-0.012779430838483208,25.739881999999998,2.0,-0.012779430838483208,-0.010989010989007397,0.004884004884004867
198773388330300,0.5526511,ramp,-0.012779430838483208,25.790384666666665,2.0,-0.012779430838483208,-0.010989010989007397,0.004884004884004867
198773388893600,0.5532144,ramp,-0.012779430838483208,25.816671999999997,2.0,-0.012779430838483208,-0.010989010989007397,0.004884004884004867
198773389927800,0.5542486,ramp,-0.012779430838483208,25.864934666666667,2.0,-0.012779430838483208,-0.010989010989007397,0.004884004884004867
198773391006300,0.5553271,ramp,-0.012779430838483208,25.915264666666666,2.0,-0.012779430838483208,-0.010989010989007397,0.004884004884004867
198773392084100,0.5564049,ramp,-0.012779430838483208,25.965562000000002,2.0,-0.012779430838483208,-0.010989010989007397,0.004884004884004867
198773393176400,0.5574972,ramp,-0.012779430838483208,26.016536000000002,2.0,-0.012779430838483208,-0.010989010989007397,0.004884004884004867
198773394288800,0.5586096,ramp,-0.012779430838483208,26.068448,2.0,-0.012779430838483208,-0.010989010989007397,0.004884004884004867
198773394880800,0.5592016,ramp,-0.012779430838483208,26.096074666666667,2.0,-0.012779430838483208,-0.010989010989007397,0.004884004884004867
198773395910100,0.5602309,ramp,-0.012779430838483208,26.144108666666664,2.0,-0.012779430838483208,-0.010989010989007397,0.004884004884004867
198773397033900,0.5613547,ramp,-0.012779430838483208,26.196552666666665,2.0,-0.012779430838483208,-0.010989010989007397,0.004884004884004867
198773398148500,0.5624693,ramp,-0.012779430838483208,26.248567333333334,2.0,-0.012779430838483208,-0.010989010989007397,0.004884004884004867
198773399236600,0.5635574,ramp,-0.012779430838483208,26.29934533333333,2.0,-0.012779430838483208,-0.010989010989007397,0.004884004884004867
198773400301000,0.5646218,ramp,-0.012779430838483208,26.349017333333336,2.0,-0.012779430838483208,-0.010989010989007397,0.004884004884004867
198773401059800,0.5653806,ramp,-0.012779430838483208,26.384428,2.0,-0.012779430838483208,-0.010989010989007397,0.004884004884004867
198773401904000,0.5662248,ramp,-0.012779430838483208,26.423824,2.0,-0.013160906385900617,-0.010989010989007397,0.004884004884004867
198773402965000,0.5672858,ramp,-0.012779430838483208,26.473337333333333,2.0,-0.013160906385900617,-0.010989010989007397,0.004884004884004867
198773403972100,0.5682929,ramp,-0.012779430838483208,26.520335333333332,2.0,-0.013160906385900617,-0.010989010989007397,0.004884004884004867
198773405002600,0.5693234,ramp,-0.012779430838483208,26.568425333333334,2.0,-0.013160906385900617,-0.010989010989007397,0.004884004884004867
198773406113700,0.5704345,ramp,-0.012779430838483208,26.62027666666667,2.0,-0.013160906385900617,-0.010989010989007397,0.004884004884004867
198773407180500,0.5715013,ramp,-0.012779430838483208,26.670060666666664,2.0,-0.013160906385900617,-0.010989010989007397,0.004884004884004867
198773408283900,0.5726047,ramp,-0.012779430838483208,26.721552666666668,2.0,-0.013160906385900617,-0.010989010989007397,0.004884004884004867
198773409383600,0.5737044,ramp,-0.012779430838483208,26.772872,2.0,-0.013160906385900617,-0.010989010989007397,0.004884004884004867
198773409959600,0.5742804,ramp,-0.012779430838483208,26.799752,2.0,-0.013160906385900617,-0.010989010989007397,0.004884004884004867
198773410990000,0.5753108,ramp,-0.012779430838483208,26.847837333333334,2.0,-0.013160906385900617,-0.010989010989007397,0.004884004884004867
198773412111100,0.5764319,ramp,-0.012779430838483208,26.900155333333334,2.0,-0.013160906385900617,-0.010989010989007397,0.004884004884004867
198773413191000,0.5775118,ramp,-0.012779430838483208,26.950550666666665,2.0,-0.013160906385900617,-0.010989010989007397,0.004884004884004867
198773414275900,0.5785967,ramp,-0.012779430838483208,27.001179333333333,2.0,-0.013160906385900617,-0.010989010989007397,0.004884004884004867
198773415304100,0.5796249,ramp,-0.012779430838483208,27.049162,2.0,-0.013160906385900617,-0.010989010989007397,0.004884004884004867
198773416557700,0.5808785,ramp,-0.012779430838483208,27.107663333333335,2.0,-0.013160906385900617,-0.010989010989007397,0.004884004884004867
198773417152700,0.5814735,ramp,-0.012779430838483208,27.13543,2.0,-0.013160906385900617,-0.010989010989007397,0.004884004884004867
198773418155100,0.5824759,ramp,-0.012779430838483208,27.182208666666668,2.0,-0.013160906385900617,-0.010989010989007397,0.004884004884004867
198773419286700,0.5836075,ramp,-0.012779430838483208,27.235016666666667,2.0,-0.013160906385900617,-0.010989010989007397,0.004884004884004867
198773420455900,0.5847767,ramp,-0.012779430838483208,27.289579333333336,2.0,-0.013160906385900617,-0.010989010989007397,0.004884004884004867
198773421121200,0.585442,ramp,-0.012779430838483208,27.32062666666667,2.0,-0.013160906385900617,-0.010989010989007397,0.004884004884004867
198773422126000,0.5864468,ramp,-0.012779430838483208,27.367517333333332,2.0,-0.013160906385900617,-0.010989010989007397,0.004884004884004867
198773423200100,0.5875209,ramp,-0.012779430838483208,27.417641999999997,2.0,-0.013160906385900617,-0.010989010989007397,0.004884004884004867
198773424307400,0.5886282,ramp,-0.012779430838483208,27.469316,2.0,-0.013160906385900617,-0.010989010989007397,0.004884004884004867
198773424938500,0.5892593,ramp,-0.012779430838483208,27.498767333333333,2.0,-0.013160906385900617,-0.010989010989007397,0.004884004884004867
198773425968400,0.5902892,ramp,-0.012779430838483208,27.546829333333335,2.0,-0.013160906385900617,-0.010989010989007397,0.004884004884004867
198773427122100,0.5914429,ramp,-0.012779430838483208,27.600668666666667,2.0,-0.013160906385900617,-0.010989010989007397,0.004884004884004867
198773428238100,0.5925589,ramp,-0.012779430838483208,27.652748666666668,2.0,-0.013160906385900617,-0.010989010989007397,0.004884004884004867
198773429394600,0.5937154,ramp,-0.012779430838483208,27.706718666666667,2.0,-0.013160906385900617,-0.010989010989007397,0.004884004884004867
198773430037900,0.5943587,ramp,-0.012779430838483208,27.736739333333333,2.0,-0.013160906385900617,-0.010989010989007397,0.004884004884004867
198773431081100,0.5954019,ramp,-0.012779430838483208,27.785421999999997,2.0,-0.013160906385900617,-0.010989010989007397,0.004884004884004867
198773432302100,0.5966229,ramp,-0.012779430838483208,27.842402,2.0,-0.013160906385900617,-0.010989010989007397,0.004884004884004867
198773433408100,0.5977289,ramp,-0.012779430838483208,27.894015333333336,2.0,-0.013160906385900617,-0.010989010989007397,0.004884004884004867
198773434016100,0.5983369,ramp,-0.012779430838483208,27.922388666666667,2.0,-0.013160906385900617,-0.010989010989007397,0.004884004884004867
198773435046600,0.5993674,ramp,-0.012779430838483208,27.970478666666665,2.0,-0.013160906385900617,-0.010989010989007397,0.004884004884004867
198773436208300,0.6005291,hold,-0.012779430838483208,28.0,2.0,-0.013160906385900617,-0.010989010989007397,0.004884004884004867
198773437529900,0.6018507,hold,-0.012779430838483208,28.0,2.0,-0.013160906385900617,-0.010989010989007397,0.004884004884004867
198773438148200,0.602469,hold,-0.012779430838483208,28.0,2.0,-0.013160906385900617,-0.010989010989007397,0.004884004884004867
198773439133100,0.6034539,hold,-0.012779430838483208,28.0,2.0,-0.013160906385900617,-0.010989010989007397,0.004884004884004867
198773440254600,0.6045754,hold,-0.012779430838483208,28.0,2.0,-0.013160906385900617,-0.010989010989007397,0.004884004884004867
198773441441600,0.6057624,hold,-0.012779430838483208,28.0,2.0,-0.013160906385900617,-0.010989010989007397,0.004884004884004867
198773442015500,0.6063363,hold,-0.012779430838483208,28.0,2.0,-0.013160906385900617,-0.010989010989007397,0.004884004884004867
198773443046300,0.6073671,hold,-0.012779430838483208,28.0,2.0,-0.013160906385900617,-0.010989010989007397,0.004884004884004867
198773444164600,0.6084854,hold,-0.012779430838483208,28.0,2.0,-0.013160906385900617,-0.010989010989007397,0.004884004884004867
198773445288800,0.6096096,hold,-0.012779430838483208,28.0,2.0,-0.013160906385900617,-0.010989010989007397,0.004884004884004867
198773446467600,0.6107884,hold,-0.012779430838483208,28.0,2.0,-0.013160906385900617,-0.010989010989007397,0.004884004884004867
198773447063700,0.6113845,hold,-0.012779430838483208,28.0,2.0,-0.013160906385900617,-0.010989010989007397,0.004884004884004867
198773448167300,0.6124881,hold,-0.012779430838483208,28.0,2.0,-0.013160906385900617,-0.010989010989007397,0.004884004884004867
198773449250700,0.6135715,hold,-0.012779430838483208,28.0,2.0,-0.013160906385900617,-0.010989010989007397,0.004884004884004867
198773450338500,0.6146593,hold,-0.012779430838483208,28.0,2.0,-0.013160906385900617,-0.010989010989007397,0.004884004884004867
198773450914200,0.615235,hold,-0.012779430838483208,28.0,2.0,-0.013160906385900617,-0.010989010989007397,0.004884004884004867
198773451951800,0.6162726,hold,-0.012779430838483208,28.0,2.0,-0.013160906385900617,-0.010989010989007397,0.004884004884004867
198773453070400,0.6173912,hold,-0.012779430838483208,28.0,2.0,-0.013160906385900617,-0.010989010989007397,0.004884004884004867
198773454178800,0.6184996,hold,-0.012779430838483208,28.0,2.0,-0.013160906385900617,-0.010989010989007397,0.004884004884004867
198773455151800,0.6194726,hold,-0.012779430838483208,28.0,2.0,-0.013160906385900617,-0.010989010989007397,0.004884004884004867
198773456155500,0.6204763,hold,-0.012779430838483208,28.0,2.0,-0.013160906385900617,-0.010989010989007397,0.004884004884004867
198773457234400,0.6215552,hold,-0.012779430838483208,28.0,2.0,-0.013160906385900617,-0.010989010989007397,0.004884004884004867
198773458365800,0.6226866,hold,-0.012779430838483208,28.0,2.0,-0.013160906385900617,-0.010989010989007397,0.004884004884004867
198773458933700,0.6232545,hold,-0.012779430838483208,28.0,2.0,-0.013160906385900617,-0.010989010989007397,0.004884004884004867
198773459963200,0.624284,hold,-0.012779430838483208,28.0,2.0,-0.013160906385900617,-0.010989010989007397,0.004884004884004867
198773461054400,0.6253752,hold,-0.012779430838483208,28.0,2.0,-0.013160906385900617,-0.010989010989007397,0.004884004884004867
198773462136400,0.6264572,hold,-0.012779430838483208,28.0,2.0,-0.013160906385900617,-0.010989010989007397,0.004884004884004867
198773463279900,0.6276007,hold,-0.012779430838483208,28.0,2.0,-0.013160906385900617,-0.010989010989007397,0.004884004884004867
198773464451000,0.6287718,hold,-0.012779430838483208,28.0,2.0,-0.013160906385900617,-0.010989010989007397,0.004884004884004867
198773464952700,0.6292735,hold,-0.012779430838483208,28.0,2.0,-0.013160906385900617,-0.010989010989007397,0.004884004884004867
198773465976300,0.6302971,hold,-0.012779430838483208,28.0,2.0,-0.013160906385900617,-0.010989010989007397,0.004884004884004867
198773466998100,0.6313189,hold,-0.012779430838483208,28.0,2.0,-0.013160906385900617,-0.010989010989007397,0.004884004884004867
198773468020200,0.632341,hold,-0.012779430838483208,28.0,2.0,-0.013160906385900617,-0.010989010989007397,0.004884004884004867
198773469041300,0.6333621,hold,-0.012779430838483208,28.0,2.0,-0.013160906385900617,-0.010989010989007397,0.004884004884004867
198773470067800,0.6343886,hold,-0.012779430838483208,28.0,2.0,-0.013160906385900617,-0.010989010989007397,0.004884004884004867
198773471088800,0.6354096,hold,-0.012779430838483208,28.0,2.0,-0.013160906385900617,-0.010989010989007397,0.004884004884004867
198773472110100,0.6364309,hold,-0.012779430838483208,28.0,2.0,-0.013160906385900617,-0.010989010989007397,0.004884004884004867
198773473133200,0.637454,hold,-0.012779430838483208,28.0,2.0,-0.013160906385900617,-0.010989010989007397,0.004884004884004867
198773474153600,0.6384744,hold,-0.012779430838483208,28.0,2.0,-0.013160906385900617,-0.010989010989007397,0.004884004884004867
198773475174700,0.6394955,hold,-0.012779430838483208,28.0,2.0,-0.013160906385900617,-0.010989010989007397,0.004884004884004867
198773475903600,0.6402244,hold,-0.012779430838483208,28.0,2.0,-0.013160906385900617,-0.010989010989007397,0.004884004884004867
198773476906200,0.641227,hold,-0.012779430838483208,28.0,2.0,-0.013160906385900617,-0.010989010989007397,0.004884004884004867
198773478135900,0.6424567,hold,-0.012779430838483208,28.0,2.0,-0.013160906385900617,-0.010989010989007397,0.004884004884004867
198773479232500,0.6435533,hold,-0.012779430838483208,28.0,2.0,-0.013160906385900617,-0.010989010989007397,0.004884004884004867
198773480237600,0.6445584,hold,-0.012779430838483208,28.0,2.0,-0.013160906385900617,-0.010989010989007397,0.004884004884004867
198773481347300,0.6456681,hold,-0.012779430838483208,28.0,2.0,-0.013160906385900617,-0.010989010989007397,0.004884004884004867
198773481915800,0.6462366,hold,-0.012779430838483208,28.0,2.0,-0.013160906385900617,-0.010989010989007397,0.004884004884004867
198773482923400,0.6472442,hold,-0.012779430838483208,28.0,2.0,-0.013160906385900617,-0.010989010989007397,0.004884004884004867
198773484067200,0.648388,hold,-0.012779430838483208,28.0,2.0,-0.013160906385900617,-0.010989010989007397,0.004884004884004867
198773485165100,0.6494859,hold,-0.012779430838483208,28.0,2.0,-0.013160906385900617,-0.010989010989007397,0.004884004884004867
198773486278400,0.6505992,hold,-0.012779430838483208,28.0,2.0,-0.013160906385900617,-0.010989010989007397,0.004884004884004867
198773487431200,0.651752,hold,-0.012779430838483208,28.0,2.0,-0.013160906385900617,-0.010989010989007397,0.004884004884004867
198773488018200,0.652339,hold,-0.012779430838483208,28.0,2.0,-0.013160906385900617,-0.010989010989007397,0.004884004884004867
198773489021100,0.6533419,hold,-0.012779430838483208,28.0,2.0,-0.013160906385900617,-0.010989010989007397,0.004884004884004867
198773490131100,0.6544519,hold,-0.012779430838483208,28.0,2.0,-0.013160906385900617,-0.010989010989007397,0.004884004884004867
198773491289800,0.6556106,hold,-0.012779430838483208,28.0,2.0,-0.013160906385900617,-0.010989010989007397,0.004884004884004867
198773492465000,0.6567858,hold,-0.012779430838483208,28.0,2.0,-0.013160906385900617,-0.010989010989007397,0.004884004884004867
198773493039400,0.6573602,hold,-0.012779430838483208,28.0,2.0,-0.013160906385900617,-0.010989010989007397,0.004884004884004867
198773494194000,0.6585148,hold,-0.012779430838483208,28.0,2.0,-0.013160906385900617,-0.010989010989007397,0.004884004884004867
198773495323000,0.6596438,hold,-0.012779430838483208,28.0,2.0,-0.013160906385900617,-0.010989010989007397,0.004884004884004867
198773495934700,0.6602555,hold,-0.012779430838483208,28.0,2.0,-0.013160906385900617,-0.010989010989007397,0.004884004884004867
198773496965600,0.6612864,hold,-0.012779430838483208,28.0,2.0,-0.013160906385900617,-0.010989010989007397,0.004884004884004867
198773498053300,0.6623741,hold,-0.012779430838483208,28.0,2.0,-0.013160906385900617,-0.010989010989007397,0.004884004884004867
198773499182300,0.6635031,hold,-0.012779430838483208,28.0,2.0,-0.013160906385900617,-0.010989010989007397,0.004884004884004867
198773500310000,0.6646308,hold,-0.012779430838483208,28.0,2.0,-0.013160906385900617,-0.010989010989007397,0.004884004884004867
198773500910900,0.6652317,hold,-0.012779430838483208,28.0,2.0,-0.013160906385900617,-0.010989010989007397,0.004884004884004867
198773501950900,0.6662717,hold,-0.012779430838483208,28.0,2.0,-0.013160906385900617,-0.010989010989007397,0.004884004884004867
198773503051500,0.6673723,hold,-0.012779430838483208,28.0,2.0,-0.013160906385900617,-0.010989010989007397,0.004884004884004867
198773504049700,0.6683705,hold,-0.012779430838483208,28.0,2.0,-0.013160906385900617,-0.010989010989007397,0.004884004884004867
198773505133500,0.6694543,hold,-0.012779430838483208,28.0,2.0,-0.013160906385900617,-0.010989010989007397,0.004884004884004867
198773506229100,0.6705499,hold,-0.012779430838483208,28.0,2.0,-0.013160906385900617,-0.010989010989007397,0.004884004884004867
198773507482300,0.6718031,hold,-0.012779430838483208,28.0,2.0,-0.013160906385900617,-0.010989010989007397,0.004884004884004867
198773508101200,0.672422,hold,-0.012779430838483208,28.0,2.0,-0.013160906385900617,-0.010989010989007397,0.004884004884004867
198773509104900,0.6734257,hold,-0.012779430838483208,28.0,2.0,-0.013160906385900617,-0.010989010989007397,0.004884004884004867
198773510344500,0.6746653,hold,-0.012779430838483208,28.0,2.0,-0.013160906385900617,-0.010989010989007397,0.004884004884004867
198773511008200,0.675329,hold,-0.012779430838483208,28.0,2.0,-0.013160906385900617,-0.010989010989007397,0.004884004884004867
198773512002200,0.676323,hold,-0.012779430838483208,28.0,2.0,-0.013160906385900617,-0.0329670329670364,-0.004884004884004867
198773513190300,0.6775111,hold,-0.012779430838483208,28.0,2.0,-0.013160906385900617,-0.0329670329670364,-0.004884004884004867
198773514374000,0.6786948,hold,-0.012779430838483208,28.0,2.0,-0.013160906385900617,-0.0329670329670364,-0.004884004884004867
198773515038100,0.6793589,hold,-0.012779430838483208,28.0,2.0,-0.013160906385900617,-0.0329670329670364,-0.004884004884004867
198773516040700,0.6803615,hold,-0.012779430838483208,28.0,2.0,-0.013160906385900617,-0.0329670329670364,-0.004884004884004867
198773517144100,0.6814649,hold,-0.012779430838483208,28.0,2.0,-0.013160906385900617,-0.0329670329670364,-0.004884004884004867
198773518282000,0.6826028,hold,-0.012779430838483208,28.0,2.0,-0.013160906385900617,-0.0329670329670364,-0.004884004884004867
198773519591800,0.6839126,hold,-0.012779430838483208,28.0,2.0,-0.013160906385900617,-0.0329670329670364,-0.004884004884004867
198773520160600,0.6844814,hold,-0.012779430838483208,28.0,2.0,-0.013160906385900617,-0.0329670329670364,-0.004884004884004867
198773521198500,0.6855193,hold,-0.012779430838483208,28.0,2.0,-0.013160906385900617,-0.0329670329670364,-0.004884004884004867
198773522317900,0.6866387,hold,-0.012779430838483208,28.0,2.0,-0.013160906385900617,-0.0329670329670364,-0.004884004884004867
198773522918900,0.6872397,hold,-0.012779430838483208,28.0,2.0,-0.013160906385900617,-0.0329670329670364,-0.004884004884004867
198773523957800,0.6882786,hold,-0.012779430838483208,28.0,2.0,-0.013160906385900617,-0.0329670329670364,-0.004884004884004867
198773525066400,0.6893872,hold,-0.012779430838483208,28.0,2.0,-0.013160906385900617,-0.0329670329670364,-0.004884004884004867
198773526338100,0.6906589,hold,-0.012779430838483208,28.0,2.0,-0.013160906385900617,-0.0329670329670364,-0.004884004884004867
198773527471700,0.6917925,hold,-0.012779430838483208,28.0,2.0,-0.013160906385900617,-0.0329670329670364,-0.004884004884004867
198773528083100,0.6924039,hold,-0.012779430838483208,28.0,2.0,-0.013160906385900617,-0.0329670329670364,-0.004884004884004867
198773529071300,0.6933921,hold,-0.012779430838483208,28.0,2.0,-0.013160906385900617,-0.0329670329670364,-0.004884004884004867
198773530172200,0.694493,hold,-0.012779430838483208,28.0,2.0,-0.013160906385900617,-0.0329670329670364,-0.004884004884004867
198773531342900,0.6956637,hold,-0.012779430838483208,28.0,2.0,-0.013160906385900617,-0.0329670329670364,-0.004884004884004867
198773531924900,0.6962457,hold,-0.012779430838483208,28.0,2.0,-0.013160906385900617,-0.0329670329670364,-0.004884004884004867
198773532928000,0.6972488,hold,-0.012779430838483208,28.0,2.0,-0.013160906385900617,-0.0329670329670364,-0.004884004884004867
198773534066400,0.6983872,hold,-0.012779430838483208,28.0,2.0,-0.013160906385900617,-0.0329670329670364,-0.004884004884004867
198773535030200,0.699351,hold,-0.012779430838483208,28.0,2.0,-0.013160906385900617,-0.0329670329670364,-0.004884004884004867
198773536059500,0.7003803,hold,-0.012779430838483208,28.0,2.0,-0.013160906385900617,-0.0329670329670364,-0.004884004884004867
198773537208100,0.7015289,hold,-0.012779430838483208,28.0,2.0,-0.013160906385900617,-0.0329670329670364,-0.004884004884004867
198773538305100,0.7026259,hold,-0.012779430838483208,28.0,2.0,-0.013160906385900617,-0.0329670329670364,-0.004884004884004867
198773538779900,0.7031007,hold,-0.012779430838483208,28.0,2.0,-0.013160906385900617,-0.0329670329670364,-0.004884004884004867
198773539782300,0.7041031,hold,-0.012779430838483208,28.0,2.0,-0.013160906385900617,-0.0329670329670364,-0.004884004884004867
198773541554500,0.7058753,hold,-0.012779430838483208,28.0,2.0,-0.013160906385900617,-0.0329670329670364,-0.004884004884004867
198773542208300,0.7065291,hold,-0.012779430838483208,28.0,2.0,-0.013160906385900617,-0.0329670329670364,-0.004884004884004867
198773543230600,0.7075514,hold,-0.012779430838483208,28.0,2.0,-0.013160906385900617,-0.0329670329670364,-0.004884004884004867
198773544360000,0.7086808,hold,-0.012779430838483208,28.0,2.0,-0.013160906385900617,-0.0329670329670364,-0.004884004884004867
198773544967100,0.7092879,hold,-0.012779430838483208,28.0,2.0,-0.013160906385900617,-0.0329670329670364,-0.004884004884004867
198773545997300,0.7103181,hold,-0.012779430838483208,28.0,2.0,-0.013160906385900617,-0.0329670329670364,-0.004884004884004867
198773547077500,0.7113983,hold,-0.012779430838483208,28.0,2.0,-0.013160906385900617,-0.0329670329670364,-0.004884004884004867
198773548162200,0.712483,hold,-0.012779430838483208,28.0,2.0,-0.013160906385900617,-0.0329670329670364,-0.004884004884004867
198773549239700,0.7135605,hold,-0.012779430838483208,28.0,2.0,-0.013160906385900617,-0.0329670329670364,-0.004884004884004867
198773550424100,0.7147449,hold,-0.012779430838483208,28.0,2.0,-0.013160906385900617,-0.0329670329670364,-0.004884004884004867
198773551025800,0.7153466,hold,-0.012779430838483208,28.0,2.0,-0.013160906385900617,-0.0329670329670364,-0.004884004884004867
198773552052300,0.7163731,hold,-0.012779430838483208,28.0,2.0,-0.013160906385900617,-0.0329670329670364,-0.004884004884004867
198773553146600,0.7174674,hold,-0.012779430838483208,28.0,2.0,-0.013160906385900617,-0.0329670329670364,-0.004884004884004867
198773554224800,0.7185456,hold,-0.012779430838483208,28.0,2.0,-0.013160906385900617,-0.0329670329670364,-0.004884004884004867
198773555354700,0.7196755,hold,-0.012779430838483208,28.0,2.0,-0.013160906385900617,-0.0329670329670364,-0.004884004884004867
198773555940200,0.720261,hold,-0.012779430838483208,28.0,2.0,-0.013160906385900617,-0.0329670329670364,-0.004884004884004867
198773557030700,0.7213515,hold,-0.012779430838483208,28.0,2.0,-0.013160906385900617,-0.0329670329670364,-0.004884004884004867
198773558147900,0.7224687,hold,-0.012779430838483208,28.0,2.0,-0.013160906385900617,-0.0329670329670364,-0.004884004884004867
198773559354000,0.7236748,hold,-0.012779430838483208,28.0,2.0,-0.013160906385900617,-0.0329670329670364,-0.004884004884004867
198773560546900,0.7248677,hold,-0.012779430838483208,28.0,2.0,-0.013160906385900617,-0.0329670329670364,-0.004884004884004867
198773561192700,0.7255135,hold,-0.012779430838483208,28.0,2.0,-0.013160906385900617,-0.0329670329670364,-0.004884004884004867
198773562192100,0.7265129,hold,-0.012779430838483208,28.0,2.0,-0.013160906385900617,-0.0329670329670364,-0.004884004884004867
198773563281500,0.7276023,hold,-0.012779430838483208,28.0,2.0,-0.013160906385900617,-0.0329670329670364,-0.004884004884004867
198773564438400,0.7287592,hold,-0.012779430838483208,28.0,2.0,-0.013160906385900617,-0.0329670329670364,-0.004884004884004867
198773565019100,0.7293399,hold,-0.012779430838483208,28.0,2.0,-0.013160906385900617,-0.0329670329670364,-0.004884004884004867
198773566037800,0.7303586,hold,-0.012779430838483208,28.0,2.0,-0.013160906385900617,-0.0329670329670364,-0.004884004884004867
198773567141300,0.7314621,hold,-0.012779430838483208,28.0,2.0,-0.013160906385900617,-0.0329670329670364,-0.004884004884004867
198773568211300,0.7325321,hold,-0.012779430838483208,28.0,2.0,-0.013160906385900617,-0.0329670329670364,-0.004884004884004867
198773569275800,0.7335966,hold,-0.012779430838483208,28.0,2.0,-0.013160906385900617,-0.0329670329670364,-0.004884004884004867
198773570353900,0.7346747,hold,-0.012779430838483208,28.0,2.0,-0.013160906385900617,-0.0329670329670364,-0.004884004884004867
198773570950800,0.7352716,hold,-0.012779430838483208,28.0,2.0,-0.013160906385900617,-0.0329670329670364,-0.004884004884004867
198773572083600,0.7364044,hold,-0.012779430838483208,28.0,2.0,-0.013160906385900617,-0.0329670329670364,-0.004884004884004867
198773573480300,0.7378011,hold,-0.012779430838483208,28.0,2.0,-0.013160906385900617,-0.0329670329670364,-0.004884004884004867
198773574179500,0.7385003,hold,-0.012779430838483208,28.0,2.0,-0.013160906385900617,-0.0329670329670364,-0.004884004884004867
198773575209200,0.73953,hold,-0.012779430838483208,28.0,2.0,-0.013160906385900617,-0.0329670329670364,-0.004884004884004867
198773576399100,0.7407199,hold,-0.012779430838483208,28.0,2.0,-0.013160906385900617,-0.0329670329670364,-0.004884004884004867
198773577019700,0.7413405,hold,-0.012779430838483208,28.0,2.0,-0.013160906385900617,-0.0329670329670364,-0.004884004884004867
198773578058800,0.7423796,hold,-0.012779430838483208,28.0,2.0,-0.013160906385900617,-0.0329670329670364,-0.004884004884004867
198773579270000,0.7435908,hold,-0.012779430838483208,28.0,2.0,-0.013160906385900617,-0.0329670329670364,-0.004884004884004867
198773580256700,0.7445775,hold,-0.012779430838483208,28.0,2.0,-0.013160906385900617,-0.0329670329670364,-0.004884004884004867
198773580838600,0.7451594,hold,-0.012779430838483208,28.0,2.0,-0.013160906385900617,-0.0329670329670364,-0.004884004884004867
198773581878100,0.7461989,hold,-0.012779430838483208,28.0,2.0,-0.013160906385900617,-0.0329670329670364,-0.004884004884004867
198773583012300,0.7473331,hold,-0.012779430838483208,28.0,2.0,-0.013160906385900617,-0.0329670329670364,-0.004884004884004867
198773584037800,0.7483586,hold,-0.012779430838483208,28.0,2.0,-0.013160906385900617,-0.0329670329670364,-0.004884004884004867
198773585202200,0.749523,hold,-0.012779430838483208,28.0,2.0,-0.013160906385900617,-0.0329670329670364,-0.004884004884004867
198773586385600,0.7507064,hold,-0.012779430838483208,28.0,2.0,-0.013160906385900617,-0.0329670329670364,-0.004884004884004867
198773586993300,0.7513141,hold,-0.012779430838483208,28.0,2.0,-0.013160906385900617,-0.0329670329670364,-0.004884004884004867
198773588086000,0.7524068,hold,-0.012779430838483208,28.0,2.0,-0.013160906385900617,-0.0329670329670364,-0.004884004884004867
198773589168600,0.7534894,hold,-0.012779430838483208,28.0,2.0,-0.013160906385900617,-0.0329670329670364,-0.004884004884004867
198773590246100,0.7545669,hold,-0.012779430838483208,28.0,2.0,-0.013160906385900617,-0.0329670329670364,-0.004884004884004867
198773590811800,0.7551326,hold,-0.012779430838483208,28.0,2.0,-0.013160906385900617,-0.0329670329670364,-0.004884004884004867
198773591814200,0.756135,hold,-0.012779430838483208,28.0,2.0,-0.013160906385900617,-0.0329670329670364,-0.004884004884004867
198773592923100,0.7572439,hold,-0.012779430838483208,28.0,2.0,-0.013160906385900617,-0.0329670329670364,-0.004884004884004867
198773594021300,0.7583421,hold,-0.012779430838483208,28.0,2.0,-0.013160906385900617,-0.0329670329670364,-0.004884004884004867
198773595098600,0.7594194,hold,-0.012779430838483208,28.0,2.0,-0.013160906385900617,-0.0329670329670364,-0.004884004884004867
198773596180400,0.7605012,hold,-0.012779430838483208,28.0,2.0,-0.013160906385900617,-0.0329670329670364,-0.004884004884004867
198773597275000,0.7615958,hold,-0.012779430838483208,28.0,2.0,-0.013160906385900617,-0.0329670329670364,-0.004884004884004867
198773598288600,0.7626094,hold,-0.012779430838483208,28.0,2.0,-0.013160906385900617,-0.0329670329670364,-0.004884004884004867
198773598868300,0.7631891,hold,-0.012779430838483208,28.0,2.0,-0.013160906385900617,-0.0329670329670364,-0.004884004884004867
198773599890200,0.764211,hold,-0.012779430838483208,28.0,2.0,-0.013160906385900617,-0.0329670329670364,-0.004884004884004867
198773600969600,0.7652904,hold,-0.012779430838483208,28.0,2.0,-0.013160906385900617,-0.0329670329670364,-0.004884004884004867
198773602044400,0.7663652,hold,-0.012779430838483208,28.0,2.0,-0.013160906385900617,-0.0329670329670364,-0.004884004884004867
198773603168400,0.7674892,hold,-0.012779430838483208,28.0,2.0,-0.013160906385900617,-0.0329670329670364,-0.004884004884004867
198773604270000,0.7685908,hold,-0.012779430838483208,28.0,2.0,-0.013160906385900617,-0.0329670329670364,-0.004884004884004867
198773605405100,0.7697259,hold,-0.012779430838483208,28.0,2.0,-0.013160906385900617,-0.0329670329670364,-0.004884004884004867
198773606097900,0.7704187,hold,-0.012779430838483208,28.0,2.0,-0.013160906385900617,-0.0329670329670364,-0.004884004884004867
198773607052200,0.771373,hold,-0.012779430838483208,28.0,2.0,-0.013160906385900617,-0.0329670329670364,-0.004884004884004867
198773608160700,0.7724815,hold,-0.012779430838483208,28.0,2.0,-0.013160906385900617,-0.0329670329670364,-0.004884004884004867
198773609236400,0.7735572,hold,-0.012779430838483208,28.0,2.0,-0.013160906385900617,-0.0329670329670364,-0.004884004884004867
198773610239200,0.77456,hold,-0.012779430838483208,28.0,2.0,-0.013160906385900617,-0.0329670329670364,-0.004884004884004867
198773611249900,0.7755707,hold,-0.012779430838483208,28.0,2.0,-0.013160906385900617,-0.0329670329670364,-0.004884004884004867
198773612251000,0.7765718,hold,-0.012779430838483208,28.0,2.0,-0.013160906385900617,-0.0329670329670364,-0.004884004884004867
198773613259700,0.7775805,hold,-0.012779430838483208,28.0,2.0,-0.013160906385900617,-0.0329670329670364,-0.004884004884004867
198773614263800,0.7785846,hold,-0.012779430838483208,28.0,2.0,-0.013160906385900617,-0.0329670329670364,-0.004884004884004867
198773615267700,0.7795885,hold,-0.012779430838483208,28.0,2.0,-0.013160906385900617,-0.0329670329670364,-0.004884004884004867
198773616405600,0.7807264,hold,-0.012779430838483208,28.0,2.0,-0.013160906385900617,-0.0329670329670364,-0.004884004884004867
198773617029300,0.7813501,hold,-0.012779430838483208,28.0,2.0,-0.013160906385900617,-0.0329670329670364,-0.004884004884004867
198773618033000,0.7823538,hold,-0.012779430838483208,28.0,2.0,-0.013160906385900617,-0.0329670329670364,-0.004884004884004867
198773619038900,0.7833597,hold,-0.012779430838483208,28.0,2.0,-0.013160906385900617,-0.0329670329670364,-0.004884004884004867
198773620193900,0.7845147,hold,-0.012779430838483208,28.0,2.0,-0.013160906385900617,-0.0329670329670364,-0.004884004884004867
198773621055300,0.7853761,hold,-0.012779430838483208,28.0,2.0,-0.013160906385900617,0.010989010989007397,0.004884004884004867
198773622059300,0.7863801,hold,-0.012779430838483208,28.0,2.0,-0.013160906385900617,0.010989010989007397,0.004884004884004867
198773623500800,0.7878216,hold,-0.012779430838483208,28.0,2.0,-0.013160906385900617,0.010989010989007397,0.004884004884004867
198773624176500,0.7884973,hold,-0.012779430838483208,28.0,2.0,-0.013160906385900617,0.010989010989007397,0.004884004884004867
198773625182900,0.7895037,hold,-0.012779430838483208,28.0,2.0,-0.013160906385900617,0.010989010989007397,0.004884004884004867
198773626191000,0.7905118,hold,-0.012779430838483208,28.0,2.0,-0.013160906385900617,0.010989010989007397,0.004884004884004867
198773627008200,0.791329,hold,-0.012779430838483208,28.0,2.0,-0.013160906385900617,0.010989010989007397,0.004884004884004867
198773628011600,0.7923324,hold,-0.012779430838483208,28.0,2.0,-0.013160906385900617,0.010989010989007397,0.004884004884004867
198773629055500,0.7933763,hold,-0.012779430838483208,28.0,2.0,-0.013160906385900617,0.010989010989007397,0.004884004884004867
198773630146100,0.7944669,hold,-0.012779430838483208,28.0,2.0,-0.013160906385900617,0.010989010989007397,0.004884004884004867
198773631153300,0.7954741,hold,-0.012779430838483208,28.0,2.0,-0.013160906385900617,0.010989010989007397,0.004884004884004867
198773632155000,0.7964758,hold,-0.012779430838483208,28.0,2.0,-0.013160906385900617,0.010989010989007397,0.004884004884004867
198773633253800,0.7975746,hold,-0.012779430838483208,28.0,2.0,-0.013160906385900617,0.010989010989007397,0.004884004884004867
198773634428900,0.7987497,hold,-0.012779430838483208,28.0,2.0,-0.013160906385900617,0.010989010989007397,0.004884004884004867
198773635059000,0.7993798,hold,-0.012779430838483208,28.0,2.0,-0.013160906385900617,0.010989010989007397,0.004884004884004867
198773636096000,0.8004168,hold,-0.012779430838483208,28.0,2.0,-0.013160906385900617,0.010989010989007397,0.004884004884004867
198773637184400,0.8015052,hold,-0.012779430838483208,28.0,2.0,-0.013160906385900617,0.010989010989007397,0.004884004884004867
198773638304000,0.8026248,hold,-0.012779430838483208,28.0,2.0,-0.013160906385900617,0.010989010989007397,0.004884004884004867
198773638929100,0.8032499,hold,-0.012779430838483208,28.0,2.0,-0.013160906385900617,0.010989010989007397,0.004884004884004867
198773639933800,0.8042546,hold,-0.012779430838483208,28.0,2.0,-0.013160906385900617,0.010989010989007397,0.004884004884004867
198773640938600,0.8052594,hold,-0.012779430838483208,28.0,2.0,-0.013160906385900617,0.010989010989007397,0.004884004884004867
198773641989200,0.80631,hold,-0.012779430838483208,28.0,2.0,-0.013160906385900617,0.010989010989007397,0.004884004884004867
198773642946900,0.8072677,hold,-0.012779430838483208,28.0,2.0,-0.013160906385900617,0.010989010989007397,0.004884004884004867
198773643952200,0.808273,hold,-0.012779430838483208,28.0,2.0,-0.013160906385900617,0.010989010989007397,0.004884004884004867
198773644955100,0.8092759,hold,-0.012779430838483208,28.0,2.0,-0.013160906385900617,0.010989010989007397,0.004884004884004867
198773645961800,0.8102826,hold,-0.012779430838483208,28.0,2.0,-0.013160906385900617,0.010989010989007397,0.004884004884004867
198773647425700,0.8117465,hold,-0.012779430838483208,28.0,2.0,-0.013160906385900617,0.010989010989007397,0.004884004884004867
198773648075400,0.8123962,hold,-0.012779430838483208,28.0,2.0,-0.013160906385900617,0.010989010989007397,0.004884004884004867
198773649058300,0.8133791,hold,-0.012779430838483208,28.0,2.0,-0.013160906385900617,0.010989010989007397,0.004884004884004867
198773650060300,0.8143811,hold,-0.012779430838483208,28.0,2.0,-0.013160906385900617,0.010989010989007397,0.004884004884004867
198773651065900,0.8153867,hold,-0.012779430838483208,28.0,2.0,-0.013160906385900617,0.010989010989007397,0.004884004884004867
198773652067600,0.8163884,hold,-0.012779430838483208,28.0,2.0,-0.013160906385900617,0.010989010989007397,0.004884004884004867
198773653078000,0.8173988,hold,-0.012779430838483208,28.0,2.0,-0.013160906385900617,0.010989010989007397,0.004884004884004867
198773654081100,0.8184019,hold,-0.012779430838483208,28.0,2.0,-0.013160906385900617,0.010989010989007397,0.004884004884004867
198773655084500,0.8194053,hold,-0.012779430838483208,28.0,2.0,-0.013160906385900617,0.010989010989007397,0.004884004884004867
198773656172400,0.8204932,hold,-0.012779430838483208,28.0,2.0,-0.013160906385900617,0.010989010989007397,0.004884004884004867
198773657200000,0.8215208,hold,-0.012779430838483208,28.0,2.0,-0.013160906385900617,0.010989010989007397,0.004884004884004867
198773658258800,0.8225796,hold,-0.012779430838483208,28.0,2.0,-0.013160906385900617,0.010989010989007397,0.004884004884004867
198773659265300,0.8235861,hold,-0.012779430838483208,28.0,2.0,-0.013160906385900617,0.010989010989007397,0.004884004884004867
198773660268100,0.8245889,hold,-0.012779430838483208,28.0,2.0,-0.013160906385900617,0.010989010989007397,0.004884004884004867
198773660838100,0.8251589,hold,-0.012779430838483208,28.0,2.0,-0.013160906385900617,0.010989010989007397,0.004884004884004867
198773661841500,0.8261623,hold,-0.012779430838483208,28.0,2.0,-0.013160906385900617,0.010989010989007397,0.004884004884004867
198773662885000,0.8272058,hold,-0.012779430838483208,28.0,2.0,-0.013160906385900617,0.010989010989007397,0.004884004884004867
198773663917500,0.8282383,hold,-0.012779430838483208,28.0,2.0,-0.013160906385900617,0.010989010989007397,0.004884004884004867
198773664920800,0.8292416,hold,-0.012779430838483208,28.0,2.0,-0.013160906385900617,0.010989010989007397,0.004884004884004867
198773665945800,0.8302666,hold,-0.012779430838483208,28.0,2.0,-0.013160906385900617,0.010989010989007397,0.004884004884004867
198773667086000,0.8314068,hold,-0.012779430838483208,28.0,2.0,-0.013160906385900617,0.010989010989007397,0.004884004884004867
198773668157400,0.8324782,hold,-0.012779430838483208,28.0,2.0,-0.013160906385900617,0.010989010989007397,0.004884004884004867
198773669253300,0.8335741,hold,-0.012779430838483208,28.0,2.0,-0.013160906385900617,0.010989010989007397,0.004884004884004867
198773670337700,0.8346585,hold,-0.012779430838483208,28.0,2.0,-0.013160906385900617,0.010989010989007397,0.004884004884004867
198773670920700,0.8352415,hold,-0.012779430838483208,28.0,2.0,-0.013160906385900617,0.010989010989007397,0.004884004884004867
198773671924300,0.8362451,hold,-0.012779430838483208,28.0,2.0,-0.013160906385900617,0.010989010989007397,0.004884004884004867
198773673016100,0.8373369,hold,-0.012779430838483208,28.0,2.0,-0.013160906385900617,0.010989010989007397,0.004884004884004867
198773674212200,0.838533,hold,-0.012779430838483208,28.0,2.0,-0.013160906385900617,0.010989010989007397,0.004884004884004867
198773675214100,0.8395349,hold,-0.012779430838483208,28.0,2.0,-0.013160906385900617,0.010989010989007397,0.004884004884004867
198773676224700,0.8405455,hold,-0.012779430838483208,28.0,2.0,-0.013160906385900617,0.010989010989007397,0.004884004884004867
198773677225500,0.8415463,hold,-0.012779430838483208,28.0,2.0,-0.013160906385900617,0.010989010989007397,0.004884004884004867
198773678322500,0.8426433,hold,-0.012779430838483208,28.0,2.0,-0.013160906385900617,0.010989010989007397,0.004884004884004867
198773678934600,0.8432554,hold,-0.012779430838483208,28.0,2.0,-0.013160906385900617,0.010989010989007397,0.004884004884004867
198773679946000,0.8442668,hold,-0.012779430838483208,28.0,2.0,-0.013160906385900617,0.010989010989007397,0.004884004884004867
198773680952300,0.8452731,hold,-0.012779430838483208,28.0,2.0,-0.013160906385900617,0.010989010989007397,0.004884004884004867
198773681953400,0.8462742,hold,-0.012779430838483208,28.0,2.0,-0.013160906385900617,0.010989010989007397,0.004884004884004867
198773683030800,0.8473516,hold,-0.012779430838483208,28.0,2.0,-0.013160906385900617,0.010989010989007397,0.004884004884004867
198773684276000,0.8485968,hold,-0.012779430838483208,28.0,2.0,-0.013160906385900617,0.010989010989007397,0.004884004884004867
198773685290200,0.849611,hold,-0.012779430838483208,28.0,2.0,-0.013160906385900617,0.010989010989007397,0.004884004884004867
198773686424300,0.8507451,hold,-0.012779430838483208,28.0,2.0,-0.013160906385900617,0.010989010989007397,0.004884004884004867
198773687028300,0.8513491,hold,-0.012779430838483208,28.0,2.0,-0.013160906385900617,0.010989010989007397,0.004884004884004867
198773688051200,0.852372,hold,-0.012779430838483208,28.0,2.0,-0.013160906385900617,0.010989010989007397,0.004884004884004867
198773689151100,0.8534719,hold,-0.012779430838483208,28.0,2.0,-0.013160906385900617,0.010989010989007397,0.004884004884004867
198773690232200,0.854553,hold,-0.012779430838483208,28.0,2.0,-0.013160906385900617,0.010989010989007397,0.004884004884004867
198773691373500,0.8556943,hold,-0.012779430838483208,28.0,2.0,-0.013160906385900617,0.010989010989007397,0.004884004884004867
198773691969700,0.8562905,hold,-0.012779430838483208,28.0,2.0,-0.013160906385900617,0.010989010989007397,0.004884004884004867
198773692976800,0.8572976,hold,-0.012779430838483208,28.0,2.0,-0.013160906385900617,0.010989010989007397,0.004884004884004867
198773693980900,0.8583017,hold,-0.012779430838483208,28.0,2.0,-0.013160906385900617,0.010989010989007397,0.004884004884004867
198773694984600,0.8593054,hold,-0.012779430838483208,28.0,2.0,-0.013160906385900617,0.010989010989007397,0.004884004884004867
198773696114100,0.8604349,hold,-0.012779430838483208,28.0,2.0,-0.013160906385900617,0.010989010989007397,0.004884004884004867
198773697503100,0.8618239,hold,-0.012779430838483208,28.0,2.0,-0.013160906385900617,0.010989010989007397,0.004884004884004867
198773698158500,0.8624793,hold,-0.012779430838483208,28.0,2.0,-0.013160906385900617,0.010989010989007397,0.004884004884004867
198773699270600,0.8635914,hold,-0.012779430838483208,28.0,2.0,-0.013160906385900617,0.010989010989007397,0.004884004884004867
198773700389700,0.8647105,hold,-0.012779430838483208,28.0,2.0,-0.013160906385900617,0.010989010989007397,0.004884004884004867
198773701006100,0.8653269,hold,-0.012779430838483208,28.0,2.0,-0.013160906385900617,0.010989010989007397,0.004884004884004867
198773702015500,0.8663363,hold,-0.012779430838483208,28.0,2.0,-0.013160906385900617,0.010989010989007397,0.004884004884004867
198773703054800,0.8673756,hold,-0.012779430838483208,28.0,2.0,-0.013160906385900617,0.010989010989007397,0.004884004884004867
198773704164000,0.8684848,hold,-0.012779430838483208,28.0,2.0,-0.013160906385900617,0.010989010989007397,0.004884004884004867
198773705284400,0.8696052,hold,-0.012779430838483208,28.0,2.0,-0.013160906385900617,0.010989010989007397,0.004884004884004867
198773706392500,0.8707133,hold,-0.012779430838483208,28.0,2.0,-0.013160906385900617,0.010989010989007397,0.004884004884004867
198773706967000,0.8712878,hold,-0.012779430838483208,28.0,2.0,-0.013160906385900617,0.010989010989007397,0.004884004884004867
198773707971200,0.872292,hold,-0.012779430838483208,28.0,2.0,-0.013160906385900617,0.010989010989007397,0.004884004884004867
198773709047200,0.873368,hold,-0.012779430838483208,28.0,2.0,-0.013160906385900617,0.010989010989007397,0.004884004884004867
198773710155600,0.8744764,hold,-0.012779430838483208,28.0,2.0,-0.013160906385900617,0.010989010989007397,0.004884004884004867
198773711345100,0.8756659,hold,-0.012779430838483208,28.0,2.0,-0.013160906385900617,0.010989010989007397,0.004884004884004867
198773712315100,0.8766359,hold,-0.012779430838483208,28.0,2.0,-0.013160906385900617,0.010989010989007397,0.004884004884004867
198773712915500,0.8772363,hold,-0.012779430838483208,28.0,2.0,-0.013160906385900617,0.010989010989007397,0.004884004884004867
198773714000900,0.8783217,hold,-0.012779430838483208,28.0,2.0,-0.013160906385900617,0.010989010989007397,0.004884004884004867
198773715425900,0.8797467,hold,-0.012779430838483208,28.0,2.0,-0.013160906385900617,0.010989010989007397,0.004884004884004867
198773716068500,0.8803893,hold,-0.012779430838483208,28.0,2.0,-0.013160906385900617,0.010989010989007397,0.004884004884004867
198773717076000,0.8813968,hold,-0.012779430838483208,28.0,2.0,-0.013160906385900617,0.010989010989007397,0.004884004884004867
198773718149300,0.8824701,hold,-0.012779430838483208,28.0,2.0,-0.013160906385900617,0.010989010989007397,0.004884004884004867
198773719156300,0.8834771,hold,-0.012779430838483208,28.0,2.0,-0.013160906385900617,0.010989010989007397,0.004884004884004867
198773720161100,0.8844819,hold,-0.012779430838483208,28.0,2.0,-0.013160906385900617,0.010989010989007397,0.004884004884004867
198773721195500,0.8855163,hold,-0.012779430838483208,28.0,2.0,-0.013160906385900617,0.010989010989007397,0.004884004884004867
198773722169500,0.8864903,hold,-0.012779430838483208,28.0,2.0,-0.013160906385900617,0.010989010989007397,0.004884004884004867
198773723287500,0.8876083,hold,-0.012779430838483208,28.0,2.0,-0.013160906385900617,0.010989010989007397,0.004884004884004867
198773724413500,0.8887343,hold,-0.012779430838483208,28.0,2.0,-0.013160906385900617,0.010989010989007397,0.004884004884004867
198773725035200,0.889356,hold,-0.012779430838483208,28.0,2.0,-0.013160906385900617,0.010989010989007397,0.004884004884004867
198773726037500,0.8903583,hold,-0.012779430838483208,28.0,2.0,-0.013160906385900617,0.010989010989007397,0.004884004884004867
198773727178300,0.8914991,hold,-0.012779430838483208,28.0,2.0,-0.013160906385900617,0.010989010989007397,0.004884004884004867
198773728177700,0.8924985,hold,-0.012779430838483208,28.0,2.0,-0.013160906385900617,0.010989010989007397,0.004884004884004867
198773729328900,0.8936497,hold,-0.012779430838483208,28.0,2.0,-0.013160906385900617,0.010989010989007397,0.004884004884004867
198773730460900,0.8947817,hold,-0.012779430838483208,28.0,2.0,-0.013160906385900617,-0.010989010989007397,-0.004884004884004867
198773731053800,0.8953746,hold,-0.012779430838483208,28.0,2.0,-0.013160906385900617,-0.010989010989007397,-0.004884004884004867
198773732059000,0.8963798,hold,-0.012779430838483208,28.0,2.0,-0.013160906385900617,-0.010989010989007397,-0.004884004884004867
198773733198300,0.8975191,hold,-0.012779430838483208,28.0,2.0,-0.013160906385900617,-0.010989010989007397,-0.004884004884004867
198773734270500,0.8985913,hold,-0.012779430838483208,28.0,2.0,-0.013160906385900617,-0.010989010989007397,-0.004884004884004867
198773735436300,0.8997571,hold,-0.012779430838483208,28.0,2.0,-0.013160906385900617,-0.010989010989007397,-0.004884004884004867
198773736054000,0.9003748,hold,-0.012779430838483208,28.0,2.0,-0.013160906385900617,-0.010989010989007397,-0.004884004884004867
198773737055400,0.9013762,hold,-0.012779430838483208,28.0,2.0,-0.013160906385900617,-0.010989010989007397,-0.004884004884004867
198773738197700,0.9025185,hold,-0.012779430838483208,28.0,2.0,-0.013160906385900617,-0.010989010989007397,-0.004884004884004867
198773739264200,0.903585,hold,-0.012779430838483208,28.0,2.0,-0.013160906385900617,-0.010989010989007397,-0.004884004884004867
198773740399400,0.9047202,hold,-0.012779430838483208,28.0,2.0,-0.013160906385900617,-0.010989010989007397,-0.004884004884004867
198773741021400,0.9053422,hold,-0.012779430838483208,28.0,2.0,-0.013160906385900617,-0.010989010989007397,-0.004884004884004867
198773742025400,0.9063462,hold,-0.012779430838483208,28.0,2.0,-0.013160906385900617,-0.010989010989007397,-0.004884004884004867
198773743087100,0.9074079,hold,-0.012779430838483208,28.0,2.0,-0.013160906385900617,-0.010989010989007397,-0.004884004884004867
198773744174600,0.9084954,hold,-0.012779430838483208,28.0,2.0,-0.013160906385900617,-0.010989010989007397,-0.004884004884004867
198773745315700,0.9096365,hold,-0.012779430838483208,28.0,2.0,-0.013160906385900617,-0.010989010989007397,-0.004884004884004867
198773746429300,0.9107501,hold,-0.012779430838483208,28.0,2.0,-0.013160906385900617,-0.010989010989007397,-0.004884004884004867
198773747060000,0.9113808,hold,-0.012779430838483208,28.0,2.0,-0.013160906385900617,-0.010989010989007397,-0.004884004884004867
198773748062100,0.9123829,hold,-0.012779430838483208,28.0,2.0,-0.013160906385900617,-0.010989010989007397,-0.004884004884004867
198773749148500,0.9134693,hold,-0.012779430838483208,28.0,2.0,-0.013160906385900617,-0.010989010989007397,-0.004884004884004867
198773750133100,0.9144539,hold,-0.012779430838483208,28.0,2.0,-0.013160906385900617,-0.010989010989007397,-0.004884004884004867
198773751132800,0.9154536,hold,-0.012779430838483208,28.0,2.0,-0.013160906385900617,-0.010989010989007397,-0.004884004884004867
198773752201300,0.9165221,hold,-0.012779430838483208,28.0,2.0,-0.013160906385900617,-0.010989010989007397,-0.004884004884004867
198773753283900,0.9176047,hold,-0.012779430838483208,28.0,2.0,-0.013160906385900617,-0.010989010989007397,-0.004884004884004867
198773754421400,0.9187422,hold,-0.012779430838483208,28.0,2.0,-0.013160906385900617,-0.010989010989007397,-0.004884004884004867
198773755015400,0.9193362,hold,-0.012779430838483208,28.0,2.0,-0.013160906385900617,-0.010989010989007397,-0.004884004884004867
198773756020100,0.9203409,hold,-0.012779430838483208,28.0,2.0,-0.013160906385900617,-0.010989010989007397,-0.004884004884004867
198773757108500,0.9214293,hold,-0.012779430838483208,28.0,2.0,-0.013160906385900617,-0.010989010989007397,-0.004884004884004867
198773758183600,0.9225044,hold,-0.012779430838483208,28.0,2.0,-0.013160906385900617,-0.010989010989007397,-0.004884004884004867
198773759251800,0.9235726,hold,-0.012779430838483208,28.0,2.0,-0.013160906385900617,-0.010989010989007397,-0.004884004884004867
198773760335500,0.9246563,hold,-0.012779430838483208,28.0,2.0,-0.013160906385900617,-0.010989010989007397,-0.004884004884004867
198773760980000,0.9253008,hold,-0.012779430838483208,28.0,2.0,-0.013160906385900617,-0.010989010989007397,-0.004884004884004867
198773761926900,0.9262477,hold,-0.012779430838483208,28.0,2.0,-0.013160906385900617,-0.010989010989007397,-0.004884004884004867
198773763001500,0.9273223,hold,-0.012779430838483208,28.0,2.0,-0.013160906385900617,-0.010989010989007397,-0.004884004884004867
198773764006000,0.9283268,hold,-0.012779430838483208,28.0,2.0,-0.013160906385900617,-0.010989010989007397,-0.004884004884004867
198773765012200,0.929333,hold,-0.012779430838483208,28.0,2.0,-0.013160906385900617,-0.010989010989007397,-0.004884004884004867
198773766068000,0.9303888,hold,-0.012779430838483208,28.0,2.0,-0.013160906385900617,-0.010989010989007397,-0.004884004884004867
198773767144500,0.9314653,hold,-0.012779430838483208,28.0,2.0,-0.013160906385900617,-0.010989010989007397,-0.004884004884004867
198773768295000,0.9326158,hold,-0.012779430838483208,28.0,2.0,-0.013160906385900617,-0.010989010989007397,-0.004884004884004867
198773769362600,0.9336834,hold,-0.012779430838483208,28.0,2.0,-0.013160906385900617,-0.010989010989007397,-0.004884004884004867
198773769993500,0.9343143,hold,-0.012779430838483208,28.0,2.0,-0.013160906385900617,-0.010989010989007397,-0.004884004884004867
198773771019400,0.9353402,hold,-0.012779430838483208,28.0,2.0,-0.013160906385900617,-0.010989010989007397,-0.004884004884004867
198773772093400,0.9364142,hold,-0.012779430838483208,28.0,2.0,-0.013160906385900617,-0.010989010989007397,-0.004884004884004867
198773773117900,0.9374387,hold,-0.012779430838483208,28.0,2.0,-0.013160906385900617,-0.010989010989007397,-0.004884004884004867
198773774183200,0.938504,hold,-0.012779430838483208,28.0,2.0,-0.013160906385900617,-0.010989010989007397,-0.004884004884004867
198773775242600,0.9395634,hold,-0.012779430838483208,28.0,2.0,-0.013160906385900617,-0.010989010989007397,-0.004884004884004867
198773776384400,0.9407052,hold,-0.012779430838483208,28.0,2.0,-0.013160906385900617,-0.010989010989007397,-0.004884004884004867
198773777707600,0.9420284,hold,-0.012779430838483208,28.0,2.0,-0.013160906385900617,-0.010989010989007397,-0.004884004884004867
198773777784200,0.942105,hold,-0.012779430838483208,28.0,2.0,-0.013160906385900617,-0.010989010989007397,-0.004884004884004867
198773779269700,0.9435905,hold,-0.012779430838483208,28.0,2.0,-0.013160906385900617,-0.010989010989007397,-0.004884004884004867
198773780411000,0.9447318,hold,-0.012779430838483208,28.0,2.0,-0.013160906385900617,-0.010989010989007397,-0.004884004884004867
198773781019600,0.9453404,hold,-0.012779430838483208,28.0,2.0,-0.013160906385900617,-0.010989010989007397,-0.004884004884004867
198773782024900,0.9463457,hold,-0.012779430838483208,28.0,2.0,-0.013160906385900617,-0.010989010989007397,-0.004884004884004867
198773783079900,0.9474007,hold,-0.012779430838483208,28.0,2.0,-0.013160906385900617,-0.010989010989007397,-0.004884004884004867
198773784209100,0.9485299,hold,-0.012779430838483208,28.0,2.0,-0.013160906385900617,-0.010989010989007397,-0.004884004884004867
198773785352200,0.949673,hold,-0.012779430838483208,28.0,2.0,-0.013160906385900617,-0.010989010989007397,-0.004884004884004867
198773785952500,0.9502733,hold,-0.012779430838483208,28.0,2.0,-0.013160906385900617,-0.010989010989007397,-0.004884004884004867
198773786957100,0.9512779,hold,-0.012779430838483208,28.0,2.0,-0.013160906385900617,-0.010989010989007397,-0.004884004884004867
198773788001100,0.9523219,hold,-0.012779430838483208,28.0,2.0,-0.013160906385900617,-0.010989010989007397,-0.004884004884004867
198773789068600,0.9533894,hold,-0.012779430838483208,28.0,2.0,-0.013160906385900617,-0.010989010989007397,-0.004884004884004867
198773790142300,0.9544631,hold,-0.012779430838483208,28.0,2.0,-0.013160906385900617,-0.010989010989007397,-0.004884004884004867
198773791232300,0.9555531,hold,-0.012779430838483208,28.0,2.0,-0.013160906385900617,-0.010989010989007397,-0.004884004884004867
198773792382600,0.9567034,hold,-0.012779430838483208,28.0,2.0,-0.013160906385900617,-0.010989010989007397,-0.004884004884004867
198773792842900,0.9571637,hold,-0.012779430838483208,28.0,2.0,-0.013160906385900617,-0.010989010989007397,-0.004884004884004867
198773793872300,0.9581931,hold,-0.012779430838483208,28.0,2.0,-0.013160906385900617,-0.010989010989007397,-0.004884004884004867
198773794886500,0.9592073,hold,-0.012779430838483208,28.0,2.0,-0.013160906385900617,-0.010989010989007397,-0.004884004884004867
198773795887800,0.9602086,hold,-0.012779430838483208,28.0,2.0,-0.013160906385900617,-0.010989010989007397,-0.004884004884004867
198773797350000,0.9616708,hold,-0.012779430838483208,28.0,2.0,-0.013160906385900617,-0.010989010989007397,-0.004884004884004867
198773797969800,0.9622906,hold,-0.012779430838483208,28.0,2.0,-0.013160906385900617,-0.010989010989007397,-0.004884004884004867
198773799049400,0.9633702,hold,-0.012779430838483208,28.0,2.0,-0.013160906385900617,-0.010989010989007397,-0.004884004884004867
198773800092400,0.9644132,hold,-0.012779430838483208,28.0,2.0,-0.013160906385900617,-0.010989010989007397,-0.004884004884004867
198773801126000,0.9654468,hold,-0.012779430838483208,28.0,2.0,-0.013160906385900617,-0.010989010989007397,-0.004884004884004867
198773802190400,0.9665112,hold,-0.012779430838483208,28.0,2.0,-0.013160906385900617,-0.010989010989007397,-0.004884004884004867
198773803258900,0.9675797,hold,-0.012779430838483208,28.0,2.0,-0.013160906385900617,-0.010989010989007397,-0.004884004884004867
198773804390900,0.9687117,hold,-0.012779430838483208,28.0,2.0,-0.013160906385900617,-0.010989010989007397,-0.004884004884004867
198773805057800,0.9693786,hold,-0.012779430838483208,28.0,2.0,-0.013160906385900617,-0.010989010989007397,-0.004884004884004867
198773806084400,0.9704052,hold,-0.012779430838483208,28.0,2.0,-0.013160906385900617,-0.010989010989007397,-0.004884004884004867
198773807104400,0.9714252,hold,-0.012779430838483208,28.0,2.0,-0.013160906385900617,-0.010989010989007397,-0.004884004884004867
198773808241400,0.9725622,hold,-0.012779430838483208,28.0,2.0,-0.013160906385900617,-0.010989010989007397,-0.004884004884004867
198773809434500,0.9737553,hold,-0.012779430838483208,28.0,2.0,-0.013160906385900617,-0.010989010989007397,-0.004884004884004867
198773809948300,0.9742691,hold,-0.012779430838483208,28.0,2.0,-0.013160906385900617,-0.010989010989007397,-0.004884004884004867
198773810969500,0.9752903,hold,-0.012779430838483208,28.0,2.0,-0.013160906385900617,-0.010989010989007397,-0.004884004884004867
198773812021900,0.9763427,hold,-0.012779430838483208,28.0,2.0,-0.013160906385900617,-0.010989010989007397,-0.004884004884004867
198773813137000,0.9774578,hold,-0.012779430838483208,28.0,2.0,-0.013160906385900617,-0.010989010989007397,-0.004884004884004867
198773814209400,0.9785302,hold,-0.012779430838483208,28.0,2.0,-0.013160906385900617,-0.010989010989007397,-0.004884004884004867
198773815267700,0.9795885,hold,-0.012779430838483208,28.0,2.0,-0.013160906385900617,-0.010989010989007397,-0.004884004884004867
198773815829800,0.9801506,hold,-0.012779430838483208,28.0,2.0,-0.013160906385900617,-0.010989010989007397,-0.004884004884004867
198773816833300,0.9811541,hold,-0.012779430838483208,28.0,2.0,-0.013160906385900617,-0.010989010989007397,-0.004884004884004867
198773817873300,0.9821941,hold,-0.012779430838483208,28.0,2.0,-0.013160906385900617,-0.010989010989007397,-0.004884004884004867
198773818906600,0.9832274,hold,-0.012779430838483208,28.0,2.0,-0.013160906385900617,-0.010989010989007397,-0.004884004884004867
198773820051900,0.9843727,hold,-0.012779430838483208,28.0,2.0,-0.013160906385900617,-0.010989010989007397,-0.004884004884004867
198773821072500,0.9853933,hold,-0.012779430838483208,28.0,2.0,-0.013160906385900617,-0.010989010989007397,-0.004884004884004867
198773822110500,0.9864313,hold,-0.012779430838483208,28.0,2.0,-0.013160906385900617,-0.010989010989007397,-0.004884004884004867
198773823217100,0.9875379,hold,-0.012779430838483208,28.0,2.0,-0.013160906385900617,-0.010989010989007397,-0.004884004884004867
198773824148600,0.9884694,hold,-0.012779430838483208,28.0,2.0,-0.013160906385900617,-0.010989010989007397,-0.004884004884004867
198773825181000,0.9895018,hold,-0.012779430838483208,28.0,2.0,-0.013160906385900617,-0.010989010989007397,-0.004884004884004867
198773826281000,0.9906018,hold,-0.012779430838483208,28.0,2.0,-0.013160906385900617,-0.010989010989007397,-0.004884004884004867
198773827277100,0.9915979,hold,-0.012779430838483208,28.0,2.0,-0.013160906385900617,-0.010989010989007397,-0.004884004884004867
198773828281900,0.9926027,hold,-0.012779430838483208,28.0,2.0,-0.013160906385900617,-0.010989010989007397,-0.004884004884004867
198773829288400,0.9936092,hold,-0.012779430838483208,28.0,2.0,-0.013160906385900617,-0.010989010989007397,-0.004884004884004867
198773830291400,0.9946122,hold,-0.012779430838483208,28.0,2.0,-0.013160906385900617,-0.010989010989007397,-0.004884004884004867
198773831309600,0.9956304,hold,-0.012779430838483208,28.0,2.0,-0.013160906385900617,-0.010989010989007397,-0.004884004884004867
198773832304900,0.9966257,hold,-0.012779430838483208,28.0,2.0,-0.013160906385900617,-0.010989010989007397,-0.004884004884004867
198773832801200,0.997122,hold,-0.012779430838483208,28.0,2.0,-0.013160906385900617,-0.010989010989007397,-0.004884004884004867
198773833914900,0.9982357,hold,-0.012779430838483208,28.0,2.0,-0.013160906385900617,-0.010989010989007397,-0.004884004884004867
198773834904000,0.9992248,hold,-0.012779430838483208,28.0,2.0,-0.013160906385900617,-0.010989010989007397,-0.004884004884004867
198773835980200,1.000301,hold,-0.012779430838483208,28.0,2.0,-0.013160906385900617,-0.010989010989007397,-0.004884004884004867
198773837053300,1.0013741,hold,-0.012779430838483208,28.0,2.0,-0.013160906385900617,-0.010989010989007397,-0.004884004884004867
198773838138700,1.0024595,hold,-0.012779430838483208,28.0,2.0,-0.013160906385900617,-0.010989010989007397,-0.004884004884004867
198773839271200,1.003592,hold,-0.012779430838483208,28.0,2.0,-0.013160906385900617,-0.010989010989007397,-0.004884004884004867
198773840641900,1.0049627,hold,-0.012779430838483208,28.0,2.0,-0.012779430838483208,-0.010989010989007397,0.004884004884004867
198773841259900,1.0055807,hold,-0.012779430838483208,28.0,2.0,-0.012779430838483208,-0.010989010989007397,0.004884004884004867
198773842259800,1.0065806,hold,-0.012779430838483208,28.0,2.0,-0.012779430838483208,-0.010989010989007397,0.004884004884004867
198773842836300,1.0071571,hold,-0.012779430838483208,28.0,2.0,-0.012779430838483208,-0.010989010989007397,0.004884004884004867
198773843910600,1.0082314,hold,-0.012779430838483208,28.0,2.0,-0.012779430838483208,-0.010989010989007397,0.004884004884004867
198773845054900,1.0093757,hold,-0.012779430838483208,28.0,2.0,-0.012779430838483208,-0.010989010989007397,0.004884004884004867
198773846216300,1.0105371,hold,-0.012779430838483208,28.0,2.0,-0.012779430838483208,-0.010989010989007397,0.004884004884004867
198773847375100,1.0116959,hold,-0.012779430838483208,28.0,2.0,-0.012779430838483208,-0.010989010989007397,0.004884004884004867
198773847941400,1.0122622,hold,-0.012779430838483208,28.0,2.0,-0.012779430838483208,-0.010989010989007397,0.004884004884004867
198773848943500,1.0132643,hold,-0.012779430838483208,28.0,2.0,-0.012779430838483208,-0.010989010989007397,0.004884004884004867
198773850101500,1.0144223,hold,-0.012779430838483208,28.0,2.0,-0.012779430838483208,-0.010989010989007397,0.004884004884004867
198773851309400,1.0156302,hold,-0.012779430838483208,28.0,2.0,-0.012779430838483208,-0.010989010989007397,0.004884004884004867
198773852453300,1.0167741,hold,-0.012779430838483208,28.0,2.0,-0.012779430838483208,-0.010989010989007397,0.004884004884004867
198773853054000,1.0173748,hold,-0.012779430838483208,28.0,2.0,-0.012779430838483208,-0.010989010989007397,0.004884004884004867
198773854055300,1.0183761,hold,-0.012779430838483208,28.0,2.0,-0.012779430838483208,-0.010989010989007397,0.004884004884004867
198773855228500,1.0195493,hold,-0.012779430838483208,28.0,2.0,-0.012779430838483208,-0.010989010989007397,0.004884004884004867
198773856133100,1.0204539,hold,-0.012779430838483208,28.0,2.0,-0.012779430838483208,-0.010989010989007397,0.004884004884004867
198773857139600,1.0214604,hold,-0.012779430838483208,28.0,2.0,-0.012779430838483208,-0.010989010989007397,0.004884004884004867
198773858286500,1.0226073,hold,-0.012779430838483208,28.0,2.0,-0.012779430838483208,-0.010989010989007397,0.004884004884004867
198773858946200,1.023267,hold,-0.012779430838483208,28.0,2.0,-0.012779430838483208,-0.010989010989007397,0.004884004884004867
198773860070400,1.0243912,hold,-0.012779430838483208,28.0,2.0,-0.012779430838483208,-0.010989010989007397,0.004884004884004867
198773861056100,1.0253769,hold,-0.012779430838483208,28.0,2.0,-0.012779430838483208,-0.010989010989007397,0.004884004884004867
198773862149700,1.0264705,hold,-0.012779430838483208,28.0,2.0,-0.012779430838483208,-0.010989010989007397,0.004884004884004867
198773863242400,1.0275632,hold,-0.012779430838483208,28.0,2.0,-0.012779430838483208,-0.010989010989007397,0.004884004884004867
198773864690000,1.0290108,hold,-0.012779430838483208,28.0,2.0,-0.012779430838483208,-0.010989010989007397,0.004884004884004867
198773864839000,1.0291598,hold,-0.012779430838483208,28.0,2.0,-0.012779430838483208,-0.010989010989007397,0.004884004884004867
198773866539300,1.0308601,hold,-0.012779430838483208,28.0,2.0,-0.012779430838483208,-0.010989010989007397,0.004884004884004867
198773867149900,1.0314707,hold,-0.012779430838483208,28.0,2.0,-0.012779430838483208,-0.010989010989007397,0.004884004884004867
198773868151700,1.0324725,hold,-0.012779430838483208,28.0,2.0,-0.012779430838483208,-0.010989010989007397,0.004884004884004867
198773869230500,1.0335513,hold,-0.012779430838483208,28.0,2.0,-0.012779430838483208,-0.010989010989007397,0.004884004884004867
198773870383600,1.0347044,hold,-0.012779430838483208,28.0,2.0,-0.012779430838483208,-0.010989010989007397,0.004884004884004867
198773871316700,1.0356375,hold,-0.012779430838483208,28.0,2.0,-0.012779430838483208,-0.010989010989007397,0.004884004884004867
198773872180100,1.0365009,hold,-0.012779430838483208,28.0,2.0,-0.012779430838483208,-0.010989010989007397,0.004884004884004867
198773873219500,1.0375403,hold,-0.012779430838483208,28.0,2.0,-0.012779430838483208,-0.010989010989007397,0.004884004884004867
198773874397900,1.0387187,hold,-0.012779430838483208,28.0,2.0,-0.012779430838483208,-0.010989010989007397,0.004884004884004867
198773875015800,1.0393366,hold,-0.012779430838483208,28.0,2.0,-0.012779430838483208,-0.010989010989007397,0.004884004884004867
198773876018300,1.0403391,hold,-0.012779430838483208,28.0,2.0,-0.012779430838483208,-0.010989010989007397,0.004884004884004867
198773877074800,1.0413956,hold,-0.012779430838483208,28.0,2.0,-0.012779430838483208,-0.010989010989007397,0.004884004884004867
198773878109300,1.0424301,hold,-0.012779430838483208,28.0,2.0,-0.012779430838483208,-0.010989010989007397,0.004884004884004867
198773879223500,1.0435443,hold,-0.012779430838483208,28.0,2.0,-0.012779430838483208,-0.010989010989007397,0.004884004884004867
198773879789100,1.0441099,hold,-0.012779430838483208,28.0,2.0,-0.012779430838483208,-0.010989010989007397,0.004884004884004867
198773880791800,1.0451126,hold,-0.012779430838483208,28.0,2.0,-0.012779430838483208,-0.010989010989007397,0.004884004884004867
198773881863500,1.0461843,hold,-0.012779430838483208,28.0,2.0,-0.012779430838483208,-0.010989010989007397,0.004884004884004867
198773882929200,1.04725,hold,-0.012779430838483208,28.0,2.0,-0.012779430838483208,-0.010989010989007397,0.004884004884004867
198773883972400,1.0482932,hold,-0.012779430838483208,28.0,2.0,-0.012779430838483208,-0.010989010989007397,0.004884004884004867
198773885060500,1.0493813,hold,-0.012779430838483208,28.0,2.0,-0.012779430838483208,-0.010989010989007397,0.004884004884004867
198773886398200,1.050719,hold,-0.012779430838483208,28.0,2.0,-0.012779430838483208,-0.010989010989007397,0.004884004884004867
198773887324800,1.0516456,hold,-0.012779430838483208,28.0,2.0,-0.012779430838483208,-0.010989010989007397,0.004884004884004867
198773887931000,1.0522518,hold,-0.012779430838483208,28.0,2.0,-0.012779430838483208,-0.010989010989007397,0.004884004884004867
198773888986300,1.0533071,hold,-0.012779430838483208,28.0,2.0,-0.012779430838483208,-0.010989010989007397,0.004884004884004867
198773890065900,1.0543867,hold,-0.012779430838483208,28.0,2.0,-0.012779430838483208,-0.010989010989007397,0.004884004884004867
198773891172700,1.0554935,hold,-0.012779430838483208,28.0,2.0,-0.012779430838483208,-0.010989010989007397,0.004884004884004867
198773892397400,1.0567182,hold,-0.012779430838483208,28.0,2.0,-0.012779430838483208,-0.010989010989007397,0.004884004884004867
198773893024900,1.0573457,hold,-0.012779430838483208,28.0,2.0,-0.012779430838483208,-0.010989010989007397,0.004884004884004867
198773894025000,1.0583458,hold,-0.012779430838483208,28.0,2.0,-0.012779430838483208,-0.010989010989007397,0.004884004884004867
198773895137000,1.0594578,hold,-0.012779430838483208,28.0,2.0,-0.012779430838483208,-0.010989010989007397,0.004884004884004867
198773896368100,1.0606889,hold,-0.012779430838483208,28.0,2.0,-0.012779430838483208,-0.010989010989007397,0.004884004884004867
198773896811500,1.0611323,hold,-0.012779430838483208,28.0,2.0,-0.012779430838483208,-0.010989010989007397,0.004884004884004867
198773897887000,1.0622078,hold,-0.012779430838483208,28.0,2.0,-0.012779430838483208,-0.010989010989007397,0.004884004884004867
198773898988200,1.063309,hold,-0.012779430838483208,28.0,2.0,-0.012779430838483208,-0.010989010989007397,0.004884004884004867
198773900004300,1.0643251,hold,-0.012779430838483208,28.0,2.0,-0.012779430838483208,-0.010989010989007397,0.004884004884004867
198773901148600,1.0654694,hold,-0.012779430838483208,28.0,2.0,-0.012779430838483208,-0.010989010989007397,0.004884004884004867
198773902425900,1.0667467,hold,-0.012779430838483208,28.0,2.0,-0.012779430838483208,-0.010989010989007397,0.004884004884004867
198773903640600,1.0679614,hold,-0.012779430838483208,28.0,2.0,-0.012779430838483208,-0.010989010989007397,0.004884004884004867
198773904561400,1.0688822,hold,-0.012779430838483208,28.0,2.0,-0.012779430838483208,-0.010989010989007397,0.004884004884004867
198773905190500,1.0695113,hold,-0.012779430838483208,28.0,2.0,-0.012779430838483208,-0.010989010989007397,0.004884004884004867
198773906204800,1.0705256,hold,-0.012779430838483208,28.0,2.0,-0.012779430838483208,-0.010989010989007397,0.004884004884004867
198773907714800,1.0720356,hold,-0.012779430838483208,28.0,2.0,-0.012779430838483208,-0.010989010989007397,0.004884004884004867
198773907821700,1.0721425,hold,-0.012779430838483208,28.0,2.0,-0.012779430838483208,-0.010989010989007397,0.004884004884004867
198773909221700,1.0735425,hold,-0.012779430838483208,28.0,2.0,-0.012779430838483208,-0.010989010989007397,0.004884004884004867
198773910552800,1.0748736,hold,-0.012779430838483208,28.0,2.0,-0.012779430838483208,-0.010989010989007397,0.004884004884004867
198773911248800,1.0755696,hold,-0.012779430838483208,28.0,2.0,-0.012779430838483208,-0.010989010989007397,0.004884004884004867
198773912432700,1.0767535,hold,-0.012779430838483208,28.0,2.0,-0.012779430838483208,-0.010989010989007397,0.004884004884004867
198773913031300,1.0773521,hold,-0.012779430838483208,28.0,2.0,-0.012779430838483208,-0.010989010989007397,0.004884004884004867
198773914036500,1.0783573,hold,-0.012779430838483208,28.0,2.0,-0.012779430838483208,-0.010989010989007397,0.004884004884004867
198773915097100,1.0794179,hold,-0.012779430838483208,28.0,2.0,-0.012779430838483208,-0.010989010989007397,0.004884004884004867
198773916101700,1.0804225,hold,-0.012779430838483208,28.0,2.0,-0.012779430838483208,-0.010989010989007397,0.004884004884004867
198773917107000,1.0814278,hold,-0.012779430838483208,28.0,2.0,-0.012779430838483208,-0.010989010989007397,0.004884004884004867
198773918375700,1.0826965,hold,-0.012779430838483208,28.0,2.0,-0.012779430838483208,-0.010989010989007397,0.004884004884004867
198773919195900,1.0835167,hold,-0.012779430838483208,28.0,2.0,-0.012779430838483208,-0.010989010989007397,0.004884004884004867
198773920197300,1.0845181,hold,-0.012779430838483208,28.0,2.0,-0.012779430838483208,-0.010989010989007397,0.004884004884004867
198773921315200,1.085636,hold,-0.012779430838483208,28.0,2.0,-0.012779430838483208,-0.010989010989007397,0.004884004884004867
198773921895500,1.0862163,hold,-0.012779430838483208,28.0,2.0,-0.012779430838483208,-0.010989010989007397,0.004884004884004867
198773922899000,1.0872198,hold,-0.012779430838483208,28.0,2.0,-0.012779430838483208,-0.010989010989007397,0.004884004884004867
198773924009300,1.0883301,hold,-0.012779430838483208,28.0,2.0,-0.012779430838483208,-0.010989010989007397,0.004884004884004867
198773925072800,1.0893936,hold,-0.012779430838483208,28.0,2.0,-0.012779430838483208,-0.010989010989007397,0.004884004884004867
198773926108100,1.0904289,hold,-0.012779430838483208,28.0,2.0,-0.012779430838483208,-0.010989010989007397,0.004884004884004867
198773927178000,1.0914988,hold,-0.012779430838483208,28.0,2.0,-0.012779430838483208,-0.010989010989007397,0.004884004884004867
198773928257500,1.0925783,hold,-0.012779430838483208,28.0,2.0,-0.012779430838483208,-0.010989010989007397,0.004884004884004867
198773928845100,1.0931659,hold,-0.012779430838483208,28.0,2.0,-0.012779430838483208,-0.010989010989007397,0.004884004884004867
198773929938900,1.0942597,hold,-0.012779430838483208,28.0,2.0,-0.012779430838483208,-0.010989010989007397,0.004884004884004867
198773930928900,1.0952497,hold,-0.012779430838483208,28.0,2.0,-0.012779430838483208,-0.010989010989007397,0.004884004884004867
198773932007900,1.0963287,hold,-0.012779430838483208,28.0,2.0,-0.012779430838483208,-0.010989010989007397,0.004884004884004867
198773933153900,1.0974747,hold,-0.012779430838483208,28.0,2.0,-0.012779430838483208,-0.010989010989007397,0.004884004884004867
198773934390900,1.0987117,hold,-0.012779430838483208,28.0,2.0,-0.012779430838483208,-0.010989010989007397,0.004884004884004867
198773935615700,1.0999365,hold,-0.012779430838483208,28.0,2.0,-0.012779430838483208,-0.010989010989007397,0.004884004884004867
198773936217200,1.100538,hold,-0.012779430838483208,28.0,2.0,-0.012779430838483208,-0.010989010989007397,0.004884004884004867
198773937217000,1.1015378,hold,-0.012779430838483208,28.0,2.0,-0.012779430838483208,-0.010989010989007397,0.004884004884004867
198773938332600,1.1026534,hold,-0.012779430838483208,28.0,2.0,-0.012779430838483208,-0.010989010989007397,0.004884004884004867
198773939330500,1.1036513,hold,-0.012779430838483208,28.0,2.0,-0.012779430838483208,-0.010989010989007397,0.004884004884004867
198773939944600,1.1042654,hold,-0.012779430838483208,28.0,2.0,-0.012779430838483208,-0.010989010989007397,0.004884004884004867
198773940974900,1.1052957,hold,-0.012779430838483208,28.0,2.0,-0.012779430838483208,-0.010989010989007397,0.004884004884004867
198773941963100,1.1062839,hold,-0.012779430838483208,28.0,2.0,-0.012779430838483208,-0.010989010989007397,0.004884004884004867
198773942992900,1.1073137,hold,-0.012779430838483208,28.0,2.0,-0.012779430838483208,-0.010989010989007397,0.004884004884004867
198773944117400,1.1084382,hold,-0.012779430838483208,28.0,2.0,-0.012779430838483208,-0.010989010989007397,0.004884004884004867
198773945273900,1.1095947,hold,-0.012779430838483208,28.0,2.0,-0.012779430838483208,-0.010989010989007397,0.004884004884004867
198773946453400,1.1107742,hold,-0.012779430838483208,28.0,2.0,-0.012779430838483208,-0.010989010989007397,0.004884004884004867
198773947016300,1.1113371,hold,-0.012779430838483208,28.0,2.0,-0.012779430838483208,-0.010989010989007397,0.004884004884004867
198773948045000,1.1123658,hold,-0.012779430838483208,28.0,2.0,-0.012779430838483208,-0.010989010989007397,0.004884004884004867
198773949202100,1.1135229,hold,-0.012779430838483208,28.0,2.0,-0.012779430838483208,-0.010989010989007397,0.004884004884004867
198773950347500,1.1146683,hold,-0.012779430838483208,28.0,2.0,-0.012779430838483208,-0.010989010989007397,0.004884004884004867
198773951287400,1.1156082,hold,-0.012779430838483208,28.0,2.0,-0.013160906385900617,-0.010989010989007397,0.004884004884004867
198773952436200,1.116757,hold,-0.012779430838483208,28.0,2.0,-0.013160906385900617,-0.010989010989007397,0.004884004884004867
198773953078000,1.1173988,hold,-0.012779430838483208,28.0,2.0,-0.013160906385900617,-0.010989010989007397,0.004884004884004867
198773954108800,1.1184296,hold,-0.012779430838483208,28.0,2.0,-0.013160906385900617,-0.010989010989007397,0.004884004884004867
198773955213100,1.1195339,hold,-0.012779430838483208,28.0,2.0,-0.013160906385900617,-0.010989010989007397,0.004884004884004867
198773956341900,1.1206627,hold,-0.012779430838483208,28.0,2.0,-0.013160906385900617,-0.010989010989007397,0.004884004884004867
198773956929300,1.1212501,hold,-0.012779430838483208,28.0,2.0,-0.013160906385900617,-0.010989010989007397,0.004884004884004867
198773957957800,1.1222786,hold,-0.012779430838483208,28.0,2.0,-0.013160906385900617,-0.010989010989007397,0.004884004884004867
198773959082400,1.1234032,hold,-0.012779430838483208,28.0,2.0,-0.013160906385900617,-0.010989010989007397,0.004884004884004867
198773960245100,1.1245659,hold,-0.012779430838483208,28.0,2.0,-0.013160906385900617,-0.010989010989007397,0.004884004884004867
198773960839800,1.1251606,hold,-0.012779430838483208,28.0,2.0,-0.013160906385900617,-0.010989010989007397,0.004884004884004867
198773961843000,1.1261638,hold,-0.012779430838483208,28.0,2.0,-0.013160906385900617,-0.010989010989007397,0.004884004884004867
198773962895000,1.1272158,hold,-0.012779430838483208,28.0,2.0,-0.013160906385900617,-0.010989010989007397,0.004884004884004867
198773964019200,1.12834,hold,-0.012779430838483208,28.0,2.0,-0.013160906385900617,-0.010989010989007397,0.004884004884004867
198773965157500,1.1294783,hold,-0.012779430838483208,28.0,2.0,-0.013160906385900617,-0.010989010989007397,0.004884004884004867
198773966213700,1.1305345,hold,-0.012779430838483208,28.0,2.0,-0.013160906385900617,-0.010989010989007397,0.004884004884004867
198773967164200,1.131485,hold,-0.012779430838483208,28.0,2.0,-0.013160906385900617,-0.010989010989007397,0.004884004884004867
198773968184800,1.1325056,hold,-0.012779430838483208,28.0,2.0,-0.013160906385900617,-0.010989010989007397,0.004884004884004867
198773969268300,1.1335891,hold,-0.012779430838483208,28.0,2.0,-0.013160906385900617,-0.010989010989007397,0.004884004884004867
198773970378100,1.1346989,hold,-0.012779430838483208,28.0,2.0,-0.013160906385900617,-0.010989010989007397,0.004884004884004867
198773970955500,1.1352763,hold,-0.012779430838483208,28.0,2.0,-0.013160906385900617,-0.010989010989007397,0.004884004884004867
198773971986800,1.1363076,hold,-0.012779430838483208,28.0,2.0,-0.013160906385900617,-0.010989010989007397,0.004884004884004867
198773973079300,1.1374001,hold,-0.012779430838483208,28.0,2.0,-0.013160906385900617,-0.010989010989007397,0.004884004884004867
198773974172300,1.1384931,hold,-0.012779430838483208,28.0,2.0,-0.013160906385900617,-0.010989010989007397,0.004884004884004867
198773975281200,1.139602,hold,-0.012779430838483208,28.0,2.0,-0.013160906385900617,-0.010989010989007397,0.004884004884004867
198773976374500,1.1406953,hold,-0.012779430838483208,28.0,2.0,-0.013160906385900617,-0.010989010989007397,0.004884004884004867
198773976957300,1.1412781,hold,-0.012779430838483208,28.0,2.0,-0.013160906385900617,-0.010989010989007397,0.004884004884004867
198773977961200,1.142282,hold,-0.012779430838483208,28.0,2.0,-0.013160906385900617,-0.010989010989007397,0.004884004884004867
198773979041300,1.1433621,hold,-0.012779430838483208,28.0,2.0,-0.013160906385900617,-0.010989010989007397,0.004884004884004867
198773980052800,1.1443736,hold,-0.012779430838483208,28.0,2.0,-0.013160906385900617,-0.010989010989007397,0.004884004884004867
198773981058000,1.1453788,hold,-0.012779430838483208,28.0,2.0,-0.013160906385900617,-0.010989010989007397,0.004884004884004867
198773982251300,1.1465721,hold,-0.012779430838483208,28.0,2.0,-0.013160906385900617,-0.010989010989007397,0.004884004884004867
198773982996500,1.1473173,hold,-0.012779430838483208,28.0,2.0,-0.013160906385900617,-0.010989010989007397,0.004884004884004867
198773983968200,1.148289,hold,-0.012779430838483208,28.0,2.0,-0.013160906385900617,-0.010989010989007397,0.004884004884004867
198773985070700,1.1493915,hold,-0.012779430838483208,28.0,2.0,-0.013160906385900617,-0.010989010989007397,0.004884004884004867
198773986174400,1.1504952,hold,-0.012779430838483208,28.0,2.0,-0.013160906385900617,-0.010989010989007397,0.004884004884004867
198773987234600,1.1515554,hold,-0.012779430838483208,28.0,2.0,-0.013160906385900617,-0.010989010989007397,0.004884004884004867
198773988295600,1.1526164,hold,-0.012779430838483208,28.0,2.0,-0.013160906385900617,-0.010989010989007397,0.004884004884004867
198773988920700,1.1532415,hold,-0.012779430838483208,28.0,2.0,-0.013160906385900617,-0.010989010989007397,0.004884004884004867
198773990001800,1.1543226,hold,-0.012779430838483208,28.0,2.0,-0.013160906385900617,-0.010989010989007397,0.004884004884004867
198773991006900,1.1553277,hold,-0.012779430838483208,28.0,2.0,-0.013160906385900617,-0.010989010989007397,0.004884004884004867
198773992116900,1.1564377,hold,-0.012779430838483208,28.0,2.0,-0.013160906385900617,-0.010989010989007397,0.004884004884004867
198773993245700,1.1575665,hold,-0.012779430838483208,28.0,2.0,-0.013160906385900617,-0.010989010989007397,0.004884004884004867
198773994319000,1.1586398,hold,-0.012779430838483208,28.0,2.0,-0.013160906385900617,-0.010989010989007397,0.004884004884004867
198773994942900,1.1592637,hold,-0.012779430838483208,28.0,2.0,-0.013160906385900617,-0.010989010989007397,0.004884004884004867
198773995945400,1.1602662,hold,-0.012779430838483208,28.0,2.0,-0.013160906385900617,-0.010989010989007397,0.004884004884004867
198773997062600,1.1613834,hold,-0.012779430838483208,28.0,2.0,-0.013160906385900617,-0.010989010989007397,0.004884004884004867
198773998212000,1.1625328,hold,-0.012779430838483208,28.0,2.0,-0.013160906385900617,-0.010989010989007397,0.004884004884004867
198773999389100,1.1637099,hold,-0.012779430838483208,28.0,2.0,-0.013160906385900617,-0.010989010989007397,0.004884004884004867
198773999994000,1.1643148,hold,-0.012779430838483208,28.0,2.0,-0.013160906385900617,-0.010989010989007397,0.004884004884004867
198774001036600,1.1653574,hold,-0.012779430838483208,28.0,2.0,-0.013160906385900617,-0.010989010989007397,0.004884004884004867
198774002175100,1.1664959,hold,-0.012779430838483208,28.0,2.0,-0.013160906385900617,-0.010989010989007397,0.004884004884004867
198774003264500,1.1675853,hold,-0.012779430838483208,28.0,2.0,-0.013160906385900617,-0.010989010989007397,0.004884004884004867
198774003830700,1.1681515,hold,-0.012779430838483208,28.0,2.0,-0.013160906385900617,-0.010989010989007397,0.004884004884004867
198774004861800,1.1691826,hold,-0.012779430838483208,28.0,2.0,-0.013160906385900617,-0.010989010989007397,0.004884004884004867
198774005966100,1.1702869,hold,-0.012779430838483208,28.0,2.0,-0.013160906385900617,-0.010989010989007397,0.004884004884004867
198774007027400,1.1713482,hold,-0.012779430838483208,28.0,2.0,-0.013160906385900617,-0.010989010989007397,0.004884004884004867
198774008154500,1.1724753,hold,-0.012779430838483208,28.0,2.0,-0.013160906385900617,-0.010989010989007397,0.004884004884004867
198774009316400,1.1736372,hold,-0.012779430838483208,28.0,2.0,-0.013160906385900617,-0.010989010989007397,0.004884004884004867
198774009919000,1.1742398,hold,-0.012779430838483208,28.0,2.0,-0.013160906385900617,-0.010989010989007397,0.004884004884004867
198774010920600,1.1752414,hold,-0.012779430838483208,28.0,2.0,-0.013160906385900617,-0.010989010989007397,0.004884004884004867
198774011958500,1.1762793,hold,-0.012779430838483208,28.0,2.0,-0.013160906385900617,-0.010989010989007397,0.004884004884004867
198774012961500,1.1772823,hold,-0.012779430838483208,28.0,2.0,-0.013160906385900617,-0.010989010989007397,0.004884004884004867
198774014241900,1.1785627,hold,-0.012779430838483208,28.0,2.0,-0.013160906385900617,-0.010989010989007397,0.004884004884004867
198774015087400,1.1794082,hold,-0.012779430838483208,28.0,2.0,-0.013160906385900617,-0.010989010989007397,0.004884004884004867
198774016089100,1.1804099,hold,-0.012779430838483208,28.0,2.0,-0.013160906385900617,-0.010989010989007397,0.004884004884004867
198774017196300,1.1815171,hold,-0.012779430838483208,28.0,2.0,-0.013160906385900617,-0.010989010989007397,0.004884004884004867
198774018375300,1.1826961,hold,-0.012779430838483208,28.0,2.0,-0.013160906385900617,-0.010989010989007397,0.004884004884004867
198774018993000,1.1833138,hold,-0.012779430838483208,28.0,2.0,-0.013160906385900617,-0.010989010989007397,0.004884004884004867
198774020032200,1.184353,hold,-0.012779430838483208,28.0,2.0,-0.013160906385900617,-0.010989010989007397,0.004884004884004867
198774021112500,1.1854333,hold,-0.012779430838483208,28.0,2.0,-0.013160906385900617,-0.010989010989007397,0.004884004884004867
198774022183500,1.1865043,hold,-0.012779430838483208,28.0,2.0,-0.013160906385900617,-0.010989010989007397,0.004884004884004867
198774023323800,1.1876446,hold,-0.012779430838483208,28.0,2.0,-0.013160906385900617,-0.010989010989007397,0.004884004884004867
198774024435100,1.1887559,hold,-0.012779430838483208,28.0,2.0,-0.013160906385900617,-0.010989010989007397,0.004884004884004867
198774025057300,1.1893781,hold,-0.012779430838483208,28.0,2.0,-0.013160906385900617,-0.010989010989007397,0.004884004884004867
198774026086900,1.1904077,hold,-0.012779430838483208,28.0,2.0,-0.013160906385900617,-0.010989010989007397,0.004884004884004867
198774027167600,1.1914884,hold,-0.012779430838483208,28.0,2.0,-0.013160906385900617,-0.010989010989007397,0.004884004884004867
198774028313600,1.1926344,hold,-0.012779430838483208,28.0,2.0,-0.013160906385900617,-0.010989010989007397,0.004884004884004867
198774028926300,1.1932471,hold,-0.012779430838483208,28.0,2.0,-0.013160906385900617,-0.010989010989007397,0.004884004884004867
198774030023100,1.1943439,hold,-0.012779430838483208,28.0,2.0,-0.013160906385900617,-0.010989010989007397,0.004884004884004867
198774031284000,1.1956048,hold,-0.012779430838483208,28.0,2.0,-0.013160906385900617,-0.010989010989007397,0.004884004884004867
198774032310700,1.1966315,hold,-0.012779430838483208,28.0,2.0,-0.013160906385900617,-0.010989010989007397,0.004884004884004867
198774033472300,1.1977931,hold,-0.012779430838483208,28.0,2.0,-0.013160906385900617,-0.010989010989007397,0.004884004884004867
198774034106600,1.1984274,hold,-0.012779430838483208,28.0,2.0,-0.013160906385900617,-0.010989010989007397,0.004884004884004867
198774035137900,1.1994587,hold,-0.012779430838483208,28.0,2.0,-0.013160906385900617,-0.010989010989007397,0.004884004884004867
198774036269800,1.2005906,hold,-0.012779430838483208,28.0,2.0,-0.013160906385900617,-0.010989010989007397,0.004884004884004867
198774037433500,1.2017543,hold,-0.012779430838483208,28.0,2.0,-0.013160906385900617,-0.010989010989007397,0.004884004884004867
198774038108600,1.2024294,hold,-0.012779430838483208,28.0,2.0,-0.013160906385900617,-0.010989010989007397,0.004884004884004867
198774039095300,1.2034161,hold,-0.012779430838483208,28.0,2.0,-0.013160906385900617,-0.010989010989007397,0.004884004884004867
198774040195500,1.2045163,hold,-0.012779430838483208,28.0,2.0,-0.013160906385900617,-0.010989010989007397,0.004884004884004867
198774041378200,1.205699,hold,-0.012779430838483208,28.0,2.0,-0.013160906385900617,-0.010989010989007397,0.004884004884004867
198774041976800,1.2062976,hold,-0.012779430838483208,28.0,2.0,-0.013160906385900617,-0.010989010989007397,0.004884004884004867
198774042973300,1.2072941,hold,-0.012779430838483208,28.0,2.0,-0.013160906385900617,-0.010989010989007397,0.004884004884004867
198774044094800,1.2084156,hold,-0.012779430838483208,28.0,2.0,-0.013160906385900617,-0.010989010989007397,0.004884004884004867
198774045160900,1.2094817,hold,-0.012779430838483208,28.0,2.0,-0.013160906385900617,-0.010989010989007397,0.004884004884004867
198774046268000,1.2105888,hold,-0.012779430838483208,28.0,2.0,-0.013160906385900617,-0.010989010989007397,0.004884004884004867
198774047268600,1.2115894,hold,-0.012779430838483208,28.0,2.0,-0.013160906385900617,-0.010989010989007397,0.004884004884004867
198774048274500,1.2125953,hold,-0.012779430838483208,28.0,2.0,-0.013160906385900617,-0.010989010989007397,0.004884004884004867
198774049305000,1.2136258,hold,-0.012779430838483208,28.0,2.0,-0.013160906385900617,-0.010989010989007397,0.004884004884004867
198774050441200,1.214762,hold,-0.012779430838483208,28.0,2.0,-0.013160906385900617,-0.010989010989007397,0.004884004884004867
198774051024400,1.2153452,hold,-0.012779430838483208,28.0,2.0,-0.013160906385900617,-0.010989010989007397,0.004884004884004867
198774052029500,1.2163503,hold,-0.012779430838483208,28.0,2.0,-0.013160906385900617,-0.010989010989007397,0.004884004884004867
198774053103100,1.2174239,hold,-0.012779430838483208,28.0,2.0,-0.013160906385900617,-0.010989010989007397,0.004884004884004867
198774054247700,1.2185685,hold,-0.012779430838483208,28.0,2.0,-0.013160906385900617,-0.010989010989007397,0.004884004884004867
198774054882400,1.2192032,hold,-0.012779430838483208,28.0,2.0,-0.013160906385900617,-0.010989010989007397,0.004884004884004867
198774055910400,1.2202312,hold,-0.012779430838483208,28.0,2.0,-0.013160906385900617,-0.010989010989007397,0.004884004884004867
198774057069100,1.2213899,hold,-0.012779430838483208,28.0,2.0,-0.013160906385900617,-0.010989010989007397,0.004884004884004867
198774058176300,1.2224971,hold,-0.012779430838483208,28.0,2.0,-0.013160906385900617,-0.010989010989007397,0.004884004884004867
198774059266800,1.2235876,hold,-0.012779430838483208,28.0,2.0,-0.013160906385900617,-0.010989010989007397,0.004884004884004867
198774060426400,1.2247472,hold,-0.012779430838483208,28.0,2.0,-0.013160906385900617,-0.010989010989007397,0.004884004884004867
198774060835800,1.2251566,hold,-0.012779430838483208,28.0,2.0,-0.013160906385900617,-0.0329670329670364,-0.004884004884004867
198774061835800,1.2261566,hold,-0.012779430838483208,28.0,2.0,-0.013160906385900617,-0.010989010989007397,-0.004884004884004867
198774062896000,1.2272168,hold,-0.012779430838483208,28.0,2.0,-0.013160906385900617,-0.010989010989007397,-0.004884004884004867
198774063997200,1.228318,hold,-0.012779430838483208,28.0,2.0,-0.013160906385900617,-0.010989010989007397,-0.004884004884004867
198774065084200,1.229405,hold,-0.012779430838483208,28.0,2.0,-0.013160906385900617,-0.010989010989007397,-0.004884004884004867
198774066144900,1.2304657,hold,-0.012779430838483208,28.0,2.0,-0.013160906385900617,-0.010989010989007397,-0.004884004884004867
198774067206200,1.231527,hold,-0.012779430838483208,28.0,2.0,-0.013160906385900617,-0.010989010989007397,-0.004884004884004867
198774068275600,1.2325964,hold,-0.012779430838483208,28.0,2.0,-0.013160906385900617,-0.010989010989007397,-0.004884004884004867
198774069292600,1.2336134,hold,-0.012779430838483208,28.0,2.0,-0.013160906385900617,-0.010989010989007397,-0.004884004884004867
198774070486000,1.2348068,hold,-0.012779430838483208,28.0,2.0,-0.013160906385900617,-0.010989010989007397,-0.004884004884004867
198774071140200,1.235461,hold,-0.012779430838483208,28.0,2.0,-0.013160906385900617,-0.010989010989007397,-0.004884004884004867
198774072145900,1.2364667,hold,-0.012779430838483208,28.0,2.0,-0.013160906385900617,-0.010989010989007397,-0.004884004884004867
198774073250000,1.2375708,hold,-0.012779430838483208,28.0,2.0,-0.013160906385900617,-0.010989010989007397,-0.004884004884004867
198774074370100,1.2386909,hold,-0.012779430838483208,28.0,2.0,-0.013160906385900617,-0.010989010989007397,-0.004884004884004867
198774075024600,1.2393454,hold,-0.012779430838483208,28.0,2.0,-0.013160906385900617,-0.010989010989007397,-0.004884004884004867
198774076155900,1.2404767,hold,-0.012779430838483208,28.0,2.0,-0.013160906385900617,-0.010989010989007397,-0.004884004884004867
198774077047200,1.241368,hold,-0.012779430838483208,28.0,2.0,-0.013160906385900617,-0.010989010989007397,-0.004884004884004867
198774078047000,1.2423678,hold,-0.012779430838483208,28.0,2.0,-0.013160906385900617,-0.010989010989007397,-0.004884004884004867
198774079153700,1.2434745,hold,-0.012779430838483208,28.0,2.0,-0.013160906385900617,-0.010989010989007397,-0.004884004884004867
198774080347600,1.2446684,hold,-0.012779430838483208,28.0,2.0,-0.013160906385900617,-0.010989010989007397,-0.004884004884004867
198774081555200,1.245876,hold,-0.012779430838483208,28.0,2.0,-0.013160906385900617,-0.010989010989007397,-0.004884004884004867
198774082146100,1.2464669,hold,-0.012779430838483208,28.0,2.0,-0.013160906385900617,-0.010989010989007397,-0.004884004884004867
198774083231400,1.2475522,hold,-0.012779430838483208,28.0,2.0,-0.013160906385900617,-0.010989010989007397,-0.004884004884004867
198774084293700,1.2486145,hold,-0.012779430838483208,28.0,2.0,-0.013160906385900617,-0.010989010989007397,-0.004884004884004867
198774085477800,1.2497986,hold,-0.012779430838483208,28.0,2.0,-0.013160906385900617,-0.010989010989007397,-0.004884004884004867
198774086115800,1.2504366,hold,-0.012779430838483208,28.0,2.0,-0.013160906385900617,-0.010989010989007397,-0.004884004884004867
198774087119300,1.2514401,hold,-0.012779430838483208,28.0,2.0,-0.013160906385900617,-0.010989010989007397,-0.004884004884004867
198774088179300,1.2525001,hold,-0.012779430838483208,28.0,2.0,-0.013160906385900617,-0.010989010989007397,-0.004884004884004867
198774089315300,1.2536361,hold,-0.012779430838483208,28.0,2.0,-0.013160906385900617,-0.010989010989007397,-0.004884004884004867
198774089946200,1.254267,hold,-0.012779430838483208,28.0,2.0,-0.013160906385900617,-0.010989010989007397,-0.004884004884004867
198774090967000,1.2552878,hold,-0.012779430838483208,28.0,2.0,-0.013160906385900617,-0.010989010989007397,-0.004884004884004867
198774092106400,1.2564272,hold,-0.012779430838483208,28.0,2.0,-0.013160906385900617,-0.010989010989007397,-0.004884004884004867
198774093236200,1.257557,hold,-0.012779430838483208,28.0,2.0,-0.013160906385900617,-0.010989010989007397,-0.004884004884004867
198774094237300,1.2585581,hold,-0.012779430838483208,28.0,2.0,-0.013160906385900617,-0.010989010989007397,-0.004884004884004867
198774095370700,1.2596915,hold,-0.012779430838483208,28.0,2.0,-0.013160906385900617,-0.010989010989007397,-0.004884004884004867
198774095984200,1.260305,hold,-0.012779430838483208,28.0,2.0,-0.013160906385900617,-0.010989010989007397,-0.004884004884004867
198774096985900,1.2613067,hold,-0.012779430838483208,28.0,2.0,-0.013160906385900617,-0.010989010989007397,-0.004884004884004867
198774098104200,1.262425,hold,-0.012779430838483208,28.0,2.0,-0.013160906385900617,-0.010989010989007397,-0.004884004884004867
198774099077700,1.2633985,hold,-0.012779430838483208,28.0,2.0,-0.013160906385900617,-0.010989010989007397,-0.004884004884004867
198774100099000,1.2644198,hold,-0.012779430838483208,28.0,2.0,-0.013160906385900617,-0.010989010989007397,-0.004884004884004867
198774101309300,1.2656301,hold,-0.012779430838483208,28.0,2.0,-0.013160906385900617,-0.010989010989007397,-0.004884004884004867
198774102286400,1.2666072,hold,-0.012779430838483208,28.0,2.0,-0.013160906385900617,-0.010989010989007397,-0.004884004884004867
198774102787600,1.2671084,hold,-0.012779430838483208,28.0,2.0,-0.013160906385900617,-0.010989010989007397,-0.004884004884004867
198774103809800,1.2681306,hold,-0.012779430838483208,28.0,2.0,-0.013160906385900617,-0.010989010989007397,-0.004884004884004867
198774105470900,1.2697917,hold,-0.012779430838483208,28.0,2.0,-0.013160906385900617,-0.010989010989007397,-0.004884004884004867
198774106093600,1.2704144,hold,-0.012779430838483208,28.0,2.0,-0.013160906385900617,-0.010989010989007397,-0.004884004884004867
198774107093100,1.2714139,hold,-0.012779430838483208,28.0,2.0,-0.013160906385900617,-0.010989010989007397,-0.004884004884004867
198774108523200,1.272844,hold,-0.012779430838483208,28.0,2.0,-0.013160906385900617,-0.010989010989007397,-0.004884004884004867
198774109188300,1.2735091,hold,-0.012779430838483208,28.0,2.0,-0.013160906385900617,-0.010989010989007397,-0.004884004884004867
198774110192200,1.274513,hold,-0.012779430838483208,28.0,2.0,-0.013160906385900617,-0.010989010989007397,-0.004884004884004867
198774111316500,1.2756373,hold,-0.012779430838483208,28.0,2.0,-0.013160906385900617,-0.010989010989007397,-0.004884004884004867
198774111797400,1.2761182,hold,-0.012779430838483208,28.0,2.0,-0.013160906385900617,-0.010989010989007397,-0.004884004884004867
198774112820100,1.2771409,hold,-0.012779430838483208,28.0,2.0,-0.013160906385900617,-0.010989010989007397,-0.004884004884004867
198774113822500,1.2781433,hold,-0.012779430838483208,28.0,2.0,-0.013160906385900617,-0.010989010989007397,-0.004884004884004867
198774114830700,1.2791515,hold,-0.012779430838483208,28.0,2.0,-0.013160906385900617,-0.010989010989007397,-0.004884004884004867
198774115828900,1.2801497,hold,-0.012779430838483208,28.0,2.0,-0.013160906385900617,-0.010989010989007397,-0.004884004884004867
198774116830800,1.2811516,hold,-0.012779430838483208,28.0,2.0,-0.013160906385900617,-0.010989010989007397,-0.004884004884004867
198774117855300,1.2821761,hold,-0.012779430838483208,28.0,2.0,-0.013160906385900617,-0.010989010989007397,-0.004884004884004867
198774118932700,1.2832535,hold,-0.012779430838483208,28.0,2.0,-0.013160906385900617,-0.010989010989007397,-0.004884004884004867
198774120008500,1.2843293,hold,-0.012779430838483208,28.0,2.0,-0.013160906385900617,-0.010989010989007397,-0.004884004884004867
198774121130100,1.2854509,hold,-0.012779430838483208,28.0,2.0,-0.013160906385900617,-0.010989010989007397,-0.004884004884004867
198774122196500,1.2865173,hold,-0.012779430838483208,28.0,2.0,-0.013160906385900617,-0.010989010989007397,-0.004884004884004867
198774123299200,1.28762,hold,-0.012779430838483208,28.0,2.0,-0.013160906385900617,-0.010989010989007397,-0.004884004884004867
198774124456800,1.2887776,hold,-0.012779430838483208,28.0,2.0,-0.013160906385900617,-0.010989010989007397,-0.004884004884004867
198774125144800,1.2894656,hold,-0.012779430838483208,28.0,2.0,-0.013160906385900617,-0.010989010989007397,-0.004884004884004867
198774126147700,1.2904685,hold,-0.012779430838483208,28.0,2.0,-0.013160906385900617,-0.010989010989007397,-0.004884004884004867
198774127213000,1.2915338,hold,-0.012779430838483208,28.0,2.0,-0.013160906385900617,-0.010989010989007397,-0.004884004884004867
198774127792400,1.2921132,hold,-0.012779430838483208,28.0,2.0,-0.013160906385900617,-0.010989010989007397,-0.004884004884004867
198774128795000,1.2931158,hold,-0.012779430838483208,28.0,2.0,-0.013160906385900617,-0.010989010989007397,-0.004884004884004867
198774130421500,1.2947423,hold,-0.012779430838483208,28.0,2.0,-0.013160906385900617,-0.010989010989007397,-0.004884004884004867
198774131002600,1.2953234,hold,-0.012779430838483208,28.0,2.0,-0.013160906385900617,-0.010989010989007397,-0.004884004884004867
198774132005700,1.2963265,hold,-0.012779430838483208,28.0,2.0,-0.013160906385900617,-0.010989010989007397,-0.004884004884004867
198774133064000,1.2973848,hold,-0.012779430838483208,28.0,2.0,-0.013160906385900617,-0.010989010989007397,-0.004884004884004867
198774134139300,1.2984601,hold,-0.012779430838483208,28.0,2.0,-0.013160906385900617,-0.010989010989007397,-0.004884004884004867
198774135213900,1.2995347,hold,-0.012779430838483208,28.0,2.0,-0.013160906385900617,-0.010989010989007397,-0.004884004884004867
198774136372600,1.3006934,hold,-0.012779430838483208,28.0,2.0,-0.013160906385900617,-0.010989010989007397,-0.004884004884004867
198774136976800,1.3012976,hold,-0.012779430838483208,28.0,2.0,-0.013160906385900617,-0.010989010989007397,-0.004884004884004867
198774137978800,1.3022996,hold,-0.012779430838483208,28.0,2.0,-0.013160906385900617,-0.010989010989007397,-0.004884004884004867
198774139012300,1.3033331,hold,-0.012779430838483208,28.0,2.0,-0.013160906385900617,-0.010989010989007397,-0.004884004884004867
198774140213000,1.3045338,hold,-0.012779430838483208,28.0,2.0,-0.013160906385900617,-0.010989010989007397,-0.004884004884004867
198774141412100,1.3057329,hold,-0.012779430838483208,28.0,2.0,-0.013160906385900617,-0.010989010989007397,-0.004884004884004867
198774142026200,1.306347,hold,-0.012779430838483208,28.0,2.0,-0.013160906385900617,-0.010989010989007397,-0.004884004884004867
198774143027400,1.3073482,hold,-0.012779430838483208,28.0,2.0,-0.013160906385900617,-0.010989010989007397,-0.004884004884004867
198774144033800,1.3083546,hold,-0.012779430838483208,28.0,2.0,-0.013160906385900617,-0.010989010989007397,-0.004884004884004867
198774145134100,1.3094549,hold,-0.012779430838483208,28.0,2.0,-0.013160906385900617,-0.010989010989007397,-0.004884004884004867
198774146261000,1.3105818,hold,-0.012779430838483208,28.0,2.0,-0.013160906385900617,-0.010989010989007397,-0.004884004884004867
198774147235400,1.3115562,hold,-0.012779430838483208,28.0,2.0,-0.013160906385900617,-0.010989010989007397,-0.004884004884004867
198774148353600,1.3126744,hold,-0.012779430838483208,28.0,2.0,-0.013160906385900617,-0.010989010989007397,-0.004884004884004867
198774148994900,1.3133157,hold,-0.012779430838483208,28.0,2.0,-0.013160906385900617,-0.010989010989007397,-0.004884004884004867
198774149997200,1.314318,hold,-0.012779430838483208,28.0,2.0,-0.013160906385900617,-0.010989010989007397,-0.004884004884004867
198774151072400,1.3153932,hold,-0.012779430838483208,28.0,2.0,-0.013160906385900617,-0.010989010989007397,-0.004884004884004867
198774152144500,1.3164653,hold,-0.012779430838483208,28.0,2.0,-0.013160906385900617,-0.010989010989007397,-0.004884004884004867
198774153189700,1.3175105,hold,-0.012779430838483208,28.0,2.0,-0.013160906385900617,-0.010989010989007397,-0.004884004884004867
198774154281700,1.3186025,hold,-0.012779430838483208,28.0,2.0,-0.013160906385900617,-0.010989010989007397,-0.004884004884004867
198774155727200,1.320048,hold,-0.012779430838483208,28.0,2.0,-0.013160906385900617,-0.010989010989007397,-0.004884004884004867
198774155954500,1.3202753,hold,-0.012779430838483208,28.0,2.0,-0.013160906385900617,-0.010989010989007397,-0.004884004884004867
198774157067600,1.3213884,hold,-0.012779430838483208,28.0,2.0,-0.013160906385900617,-0.010989010989007397,-0.004884004884004867
198774158084800,1.3224056,hold,-0.012779430838483208,28.0,2.0,-0.013160906385900617,-0.010989010989007397,-0.004884004884004867
198774159143700,1.3234645,hold,-0.012779430838483208,28.0,2.0,-0.013160906385900617,-0.010989010989007397,-0.004884004884004867
198774160208900,1.3245297,hold,-0.012779430838483208,28.0,2.0,-0.013160906385900617,-0.010989010989007397,-0.004884004884004867
198774161356300,1.3256771,hold,-0.012779430838483208,28.0,2.0,-0.013160906385900617,-0.010989010989007397,-0.004884004884004867
198774162298500,1.3266193,hold,-0.012779430838483208,28.0,2.0,-0.013160906385900617,-0.010989010989007397,-0.004884004884004867
198774162879600,1.3272004,hold,-0.012779430838483208,28.0,2.0,-0.013160906385900617,-0.010989010989007397,-0.004884004884004867
198774163887200,1.328208,hold,-0.012779430838483208,28.0,2.0,-0.013160906385900617,-0.010989010989007397,-0.004884004884004867
198774164957100,1.3292779,hold,-0.012779430838483208,28.0,2.0,-0.013160906385900617,-0.010989010989007397,-0.004884004884004867
198774166049500,1.3303703,hold,-0.012779430838483208,28.0,2.0,-0.013160906385900617,-0.010989010989007397,-0.004884004884004867
198774167127800,1.3314486,hold,-0.012779430838483208,28.0,2.0,-0.013160906385900617,-0.010989010989007397,-0.004884004884004867
198774168194400,1.3325152,hold,-0.012779430838483208,28.0,2.0,-0.013160906385900617,-0.010989010989007397,-0.004884004884004867
198774169338600,1.3336594,hold,-0.012779430838483208,28.0,2.0,-0.013160906385900617,-0.010989010989007397,-0.004884004884004867
198774169911100,1.3342319,hold,-0.012779430838483208,28.0,2.0,-0.013160906385900617,-0.010989010989007397,-0.004884004884004867
198774170996800,1.3353176,hold,-0.012779430838483208,28.0,2.0,-0.013160906385900617,-0.010989010989007397,-0.004884004884004867
198774172394000,1.3367148,hold,-0.012779430838483208,28.0,2.0,-0.013160906385900617,-0.010989010989007397,0.004884004884004867
198774173008400,1.3373292,hold,-0.012779430838483208,28.0,2.0,-0.013160906385900617,-0.010989010989007397,0.004884004884004867
198774174076300,1.3383971,hold,-0.012779430838483208,28.0,2.0,-0.013160906385900617,-0.010989010989007397,0.004884004884004867
198774175168000,1.3394888,hold,-0.012779430838483208,28.0,2.0,-0.013160906385900617,-0.010989010989007397,0.004884004884004867
198774176381400,1.3407022,hold,-0.012779430838483208,28.0,2.0,-0.013160906385900617,-0.010989010989007397,0.004884004884004867
198774177536800,1.3418576,hold,-0.012779430838483208,28.0,2.0,-0.013160906385900617,-0.010989010989007397,0.004884004884004867
198774178145300,1.3424661,hold,-0.012779430838483208,28.0,2.0,-0.013160906385900617,-0.010989010989007397,0.004884004884004867
198774179153800,1.3434746,hold,-0.012779430838483208,28.0,2.0,-0.013160906385900617,-0.010989010989007397,0.004884004884004867
198774180343500,1.3446643,hold,-0.012779430838483208,28.0,2.0,-0.013160906385900617,-0.010989010989007397,0.004884004884004867
198774181490200,1.345811,hold,-0.012779430838483208,28.0,2.0,-0.013160906385900617,-0.010989010989007397,0.004884004884004867
198774182098600,1.3464194,hold,-0.012779430838483208,28.0,2.0,-0.013160906385900617,-0.010989010989007397,0.004884004884004867
198774183100800,1.3474216,hold,-0.012779430838483208,28.0,2.0,-0.013160906385900617,-0.010989010989007397,0.004884004884004867
198774184144600,1.3484654,hold,-0.012779430838483208,28.0,2.0,-0.013160906385900617,-0.010989010989007397,0.004884004884004867
198774185210000,1.3495308,hold,-0.012779430838483208,28.0,2.0,-0.013160906385900617,-0.010989010989007397,0.004884004884004867
198774186396100,1.3507169,hold,-0.012779430838483208,28.0,2.0,-0.013160906385900617,-0.010989010989007397,0.004884004884004867
198774186982200,1.351303,hold,-0.012779430838483208,28.0,2.0,-0.013160906385900617,-0.010989010989007397,0.004884004884004867
198774187984400,1.3523052,hold,-0.012779430838483208,28.0,2.0,-0.013160906385900617,-0.010989010989007397,0.004884004884004867
198774189065700,1.3533865,hold,-0.012779430838483208,28.0,2.0,-0.013160906385900617,-0.010989010989007397,0.004884004884004867
198774190151300,1.3544721,hold,-0.012779430838483208,28.0,2.0,-0.013160906385900617,-0.010989010989007397,0.004884004884004867
198774191227400,1.3555482,hold,-0.012779430838483208,28.0,2.0,-0.013160906385900617,-0.010989010989007397,0.004884004884004867
198774192269100,1.3565899,hold,-0.012779430838483208,28.0,2.0,-0.013160906385900617,-0.010989010989007397,0.004884004884004867
198774192831600,1.3571524,hold,-0.012779430838483208,28.0,2.0,-0.013160906385900617,-0.010989010989007397,0.004884004884004867
198774193834400,1.3581552,hold,-0.012779430838483208,28.0,2.0,-0.013160906385900617,-0.010989010989007397,0.004884004884004867
198774194870600,1.3591914,hold,-0.012779430838483208,28.0,2.0,-0.013160906385900617,-0.010989010989007397,0.004884004884004867
198774195877600,1.3601984,hold,-0.012779430838483208,28.0,2.0,-0.013160906385900617,-0.010989010989007397,0.004884004884004867
198774196912900,1.3612337,hold,-0.012779430838483208,28.0,2.0,-0.013160906385900617,-0.010989010989007397,0.004884004884004867
198774197948900,1.3622697,hold,-0.012779430838483208,28.0,2.0,-0.013160906385900617,-0.010989010989007397,0.004884004884004867
198774198984200,1.363305,hold,-0.012779430838483208,28.0,2.0,-0.013160906385900617,-0.010989010989007397,0.004884004884004867
198774200019500,1.3643403,hold,-0.012779430838483208,28.0,2.0,-0.013160906385900617,-0.010989010989007397,0.004884004884004867
198774201058800,1.3653796,hold,-0.012779430838483208,28.0,2.0,-0.013160906385900617,-0.010989010989007397,0.004884004884004867
198774202183200,1.366504,hold,-0.012779430838483208,28.0,2.0,-0.013160906385900617,-0.010989010989007397,0.004884004884004867
198774203331600,1.3676524,hold,-0.012779430838483208,28.0,2.0,-0.013160906385900617,-0.010989010989007397,0.004884004884004867
198774203925700,1.3682465,hold,-0.012779430838483208,28.0,2.0,-0.013160906385900617,-0.010989010989007397,0.004884004884004867
198774204929100,1.3692499,hold,-0.012779430838483208,28.0,2.0,-0.013160906385900617,-0.010989010989007397,0.004884004884004867
198774205970600,1.3702914,hold,-0.012779430838483208,28.0,2.0,-0.013160906385900617,-0.010989010989007397,0.004884004884004867
198774207069500,1.3713903,hold,-0.012779430838483208,28.0,2.0,-0.013160906385900617,-0.010989010989007397,0.004884004884004867
198774208072100,1.3723929,hold,-0.012779430838483208,28.0,2.0,-0.013160906385900617,-0.010989010989007397,0.004884004884004867
198774209108600,1.3734294,hold,-0.012779430838483208,28.0,2.0,-0.013160906385900617,-0.010989010989007397,0.004884004884004867
198774210142700,1.3744635,hold,-0.012779430838483208,28.0,2.0,-0.013160906385900617,-0.010989010989007397,0.004884004884004867
198774211161800,1.3754826,hold,-0.012779430838483208,28.0,2.0,-0.013160906385900617,-0.010989010989007397,0.004884004884004867
198774212198600,1.3765194,hold,-0.012779430838483208,28.0,2.0,-0.013160906385900617,-0.010989010989007397,0.004884004884004867
198774213254100,1.3775749,hold,-0.012779430838483208,28.0,2.0,-0.013160906385900617,-0.010989010989007397,0.004884004884004867
198774214337400,1.3786582,hold,-0.012779430838483208,28.0,2.0,-0.013160906385900617,-0.010989010989007397,0.004884004884004867
198774214927600,1.3792484,hold,-0.012779430838483208,28.0,2.0,-0.013160906385900617,-0.010989010989007397,0.004884004884004867
198774215931400,1.3802522,hold,-0.012779430838483208,28.0,2.0,-0.013160906385900617,-0.010989010989007397,0.004884004884004867
198774216977000,1.3812978,hold,-0.012779430838483208,28.0,2.0,-0.013160906385900617,-0.010989010989007397,0.004884004884004867
198774218114200,1.382435,hold,-0.012779430838483208,28.0,2.0,-0.013160906385900617,-0.010989010989007397,0.004884004884004867
198774219306500,1.3836273,hold,-0.012779430838483208,28.0,2.0,-0.013160906385900617,-0.010989010989007397,0.004884004884004867
198774220309700,1.3846305,hold,-0.012779430838483208,28.0,2.0,-0.013160906385900617,-0.010989010989007397,0.004884004884004867
198774221451700,1.3857725,hold,-0.012779430838483208,28.0,2.0,-0.013160906385900617,-0.010989010989007397,0.004884004884004867
198774222052900,1.3863737,hold,-0.012779430838483208,28.0,2.0,-0.013160906385900617,-0.010989010989007397,0.004884004884004867
198774223080500,1.3874013,hold,-0.012779430838483208,28.0,2.0,-0.013160906385900617,-0.010989010989007397,0.004884004884004867
198774224080000,1.3884008,hold,-0.012779430838483208,28.0,2.0,-0.013160906385900617,-0.010989010989007397,0.004884004884004867
198774225123600,1.3894444,hold,-0.012779430838483208,28.0,2.0,-0.013160906385900617,-0.010989010989007397,0.004884004884004867
198774226164600,1.3904854,hold,-0.012779430838483208,28.0,2.0,-0.013160906385900617,-0.010989010989007397,0.004884004884004867
198774227227500,1.3915483,hold,-0.012779430838483208,28.0,2.0,-0.013160906385900617,-0.010989010989007397,0.004884004884004867
198774228273700,1.3925945,hold,-0.012779430838483208,28.0,2.0,-0.013160906385900617,-0.010989010989007397,0.004884004884004867
198774229389900,1.3937107,hold,-0.012779430838483208,28.0,2.0,-0.013160906385900617,-0.010989010989007397,0.004884004884004867
198774229995400,1.3943162,hold,-0.012779430838483208,28.0,2.0,-0.013160906385900617,-0.010989010989007397,0.004884004884004867
198774230998600,1.3953194,hold,-0.012779430838483208,28.0,2.0,-0.013160906385900617,-0.010989010989007397,0.004884004884004867
198774232045900,1.3963667,hold,-0.012779430838483208,28.0,2.0,-0.013160906385900617,-0.010989010989007397,0.004884004884004867
198774233189600,1.3975104,hold,-0.012779430838483208,28.0,2.0,-0.013160906385900617,-0.010989010989007397,0.004884004884004867
198774234250600,1.3985714,hold,-0.012779430838483208,28.0,2.0,-0.013160906385900617,-0.010989010989007397,0.004884004884004867
198774235348000,1.3996688,hold,-0.012779430838483208,28.0,2.0,-0.013160906385900617,-0.010989010989007397,0.004884004884004867
198774235964000,1.4002848,hold,-0.012779430838483208,28.0,2.0,-0.013160906385900617,-0.010989010989007397,0.004884004884004867
198774236969000,1.4012898,step,0.1372205691615168,28.0,2.0,-0.013160906385900617,-0.010989010989007397,0.004884004884004867
198774238020200,1.402341,step,0.1372205691615168,28.0,2.0,-0.013160906385900617,-0.010989010989007397,0.004884004884004867
198774239059800,1.4033806,step,0.1372205691615168,28.0,2.0,-0.013160906385900617,-0.010989010989007397,0.004884004884004867
198774240109900,1.4044307,step,0.1372205691615168,28.0,2.0,-0.013160906385900617,-0.010989010989007397,0.004884004884004867
198774241172600,1.4054934,step,0.1372205691615168,28.0,2.0,-0.013160906385900617,-0.010989010989007397,0.004884004884004867
198774242216800,1.4065376,step,0.1372205691615168,28.0,2.0,-0.013160906385900617,-0.010989010989007397,0.004884004884004867
198774243299500,1.4076203,step,0.1372205691615168,28.0,2.0,-0.013160906385900617,-0.010989010989007397,0.004884004884004867
198774243906500,1.4082273,step,0.1372205691615168,28.0,2.0,-0.013160906385900617,-0.010989010989007397,0.004884004884004867
198774244906900,1.4092277,step,0.1372205691615168,28.0,2.0,-0.013160906385900617,-0.010989010989007397,0.004884004884004867
198774245960100,1.4102809,step,0.1372205691615168,28.0,2.0,-0.013160906385900617,-0.010989010989007397,0.004884004884004867
198774247001100,1.4113219,step,0.1372205691615168,28.0,2.0,-0.013160906385900617,-0.010989010989007397,0.004884004884004867
198774248039300,1.4123601,step,0.1372205691615168,28.0,2.0,-0.013160906385900617,-0.010989010989007397,0.004884004884004867
198774249160600,1.4134814,step,0.1372205691615168,28.0,2.0,-0.013160906385900617,-0.010989010989007397,0.004884004884004867
198774250213900,1.4145347,step,0.1372205691615168,28.0,2.0,-0.013160906385900617,-0.010989010989007397,0.004884004884004867
198774251301000,1.4156218,step,0.1372205691615168,28.0,2.0,-0.013160906385900617,-0.010989010989007397,0.004884004884004867
198774252415200,1.416736,step,0.1372205691615168,28.0,2.0,-0.013160906385900617,-0.010989010989007397,0.004884004884004867
198774253012900,1.4173337,step,0.1372205691615168,28.0,2.0,-0.013160906385900617,-0.010989010989007397,0.004884004884004867
198774254017400,1.4183382,step,0.1372205691615168,28.0,2.0,-0.013160906385900617,-0.010989010989007397,0.004884004884004867
198774255047100,1.4193679,step,0.1372205691615168,28.0,2.0,-0.013160906385900617,-0.010989010989007397,0.004884004884004867
198774256092300,1.4204131,step,0.1372205691615168,28.0,2.0,-0.013160906385900617,-0.010989010989007397,0.004884004884004867
198774257133200,1.421454,step,0.1372205691615168,28.0,2.0,-0.013160906385900617,-0.010989010989007397,0.004884004884004867
198774258175000,1.4224958,step,0.1372205691615168,28.0,2.0,-0.013160906385900617,-0.010989010989007397,0.004884004884004867
198774259212100,1.4235329,step,0.1372205691615168,28.0,2.0,-0.013160906385900617,-0.010989010989007397,0.004884004884004867
198774260297600,1.4246184,step,0.1372205691615168,28.0,2.0,-0.013160906385900617,-0.010989010989007397,0.004884004884004867
198774261306800,1.4256276,step,0.1372205691615168,28.0,2.0,-0.013160906385900617,-0.010989010989007397,0.004884004884004867
198774262461500,1.4267823,step,0.1372205691615168,28.0,2.0,-0.013160906385900617,-0.010989010989007397,0.004884004884004867
198774263076400,1.4273972,step,0.1372205691615168,28.0,2.0,-0.013160906385900617,-0.010989010989007397,0.004884004884004867
198774264078600,1.4283994,step,0.1372205691615168,28.0,2.0,-0.013160906385900617,-0.010989010989007397,0.004884004884004867
198774265186500,1.4295073,step,0.1372205691615168,28.0,2.0,-0.013160906385900617,-0.010989010989007397,0.004884004884004867
198774266248600,1.4305694,step,0.1372205691615168,28.0,2.0,-0.013160906385900617,-0.010989010989007397,0.004884004884004867
198774267264400,1.4315852,step,0.1372205691615168,28.0,2.0,-0.013160906385900617,-0.010989010989007397,0.004884004884004867
198774268378500,1.4326993,step,0.1372205691615168,28.0,2.0,-0.013160906385900617,-0.010989010989007397,0.004884004884004867
198774268954600,1.4332754,step,0.1372205691615168,28.0,2.0,-0.013160906385900617,-0.010989010989007397,0.004884004884004867
198774269977300,1.4342981,step,0.1372205691615168,28.0,2.0,-0.013160906385900617,-0.010989010989007397,0.004884004884004867
198774271055000,1.4353758,step,0.1372205691615168,28.0,2.0,-0.013160906385900617,-0.010989010989007397,0.004884004884004867
198774272096500,1.4364173,step,0.1372205691615168,28.0,2.0,-0.013160906385900617,-0.010989010989007397,0.004884004884004867
198774273215000,1.4375358,step,0.1372205691615168,28.0,2.0,-0.013160906385900617,-0.010989010989007397,0.004884004884004867
198774274322600,1.4386434,step,0.1372205691615168,28.0,2.0,-0.013160906385900617,-0.010989010989007397,0.004884004884004867
198774274941100,1.4392619,step,0.1372205691615168,28.0,2.0,-0.013160906385900617,-0.010989010989007397,0.004884004884004867
198774275943400,1.4402642,step,0.1372205691615168,28.0,2.0,-0.013160906385900617,-0.010989010989007397,0.004884004884004867
198774277036600,1.4413574,step,0.1372205691615168,28.0,2.0,-0.013160906385900617,-0.010989010989007397,0.004884004884004867
198774278085800,1.4424066,step,0.1372205691615168,28.0,2.0,-0.013160906385900617,-0.010989010989007397,0.004884004884004867
198774279141900,1.4434627,step,0.1372205691615168,28.0,2.0,-0.013160906385900617,-0.010989010989007397,0.004884004884004867
198774280310200,1.444631,step,0.1372205691615168,28.0,2.0,-0.013160906385900617,-0.010989010989007397,0.004884004884004867
198774281381200,1.445702,step,0.1372205691615168,28.0,2.0,-0.013160906385900617,-0.010989010989007397,0.004884004884004867
198774282002300,1.4463231,step,0.1372205691615168,28.0,2.0,-0.013160906385900617,-0.010989010989007397,0.004884004884004867
198774283024000,1.4473448,step,0.1372205691615168,28.0,2.0,-0.013160906385900617,-0.010989010989007397,0.004884004884004867
198774284160100,1.4484809,step,0.1372205691615168,28.0,2.0,-0.013160906385900617,-0.010989010989007397,0.004884004884004867
198774285389500,1.4497103,step,0.1372205691615168,28.0,2.0,-0.013160906385900617,-0.010989010989007397,0.004884004884004867
198774285880700,1.4502015,step,0.1372205691615168,28.0,2.0,-0.013160906385900617,-0.010989010989007397,0.004884004884004867
198774286882600,1.4512034,step,0.1372205691615168,28.0,2.0,-0.013160906385900617,-0.010989010989007397,0.004884004884004867
198774287888700,1.4522095,step,0.1372205691615168,28.0,2.0,-0.013160906385900617,-0.010989010989007397,0.004884004884004867
198774288909800,1.4532306,step,0.1372205691615168,28.0,2.0,-0.013160906385900617,-0.010989010989007397,0.004884004884004867
198774290045700,1.4543665,step,0.1372205691615168,28.0,2.0,-0.013160906385900617,-0.010989010989007397,0.004884004884004867
198774291180000,1.4555008,step,0.1372205691615168,28.0,2.0,-0.013160906385900617,-0.010989010989007397,0.004884004884004867
198774292263700,1.4565845,step,0.1372205691615168,28.0,2.0,-0.013160906385900617,-0.010989010989007397,0.004884004884004867
198774292838100,1.4571589,step,0.1372205691615168,28.0,2.0,-0.013160906385900617,-0.010989010989007397,0.004884004884004867
198774293926700,1.4582475,step,0.1372205691615168,28.0,2.0,-0.013160906385900617,-0.010989010989007397,0.004884004884004867
198774295057600,1.4593784,step,0.1372205691615168,28.0,2.0,-0.013160906385900617,-0.010989010989007397,0.004884004884004867
198774296372800,1.4606936,step,0.1372205691615168,28.0,2.0,-0.013160906385900617,-0.010989010989007397,0.004884004884004867
198774296999600,1.4613204,step,0.1372205691615168,28.0,2.0,-0.013160906385900617,-0.010989010989007397,0.004884004884004867
198774298001600,1.4623224,step,0.1372205691615168,28.0,2.0,-0.013160906385900617,-0.010989010989007397,0.004884004884004867
198774299088700,1.4634095,step,0.1372205691615168,28.0,2.0,-0.013160906385900617,-0.010989010989007397,0.004884004884004867
198774300200500,1.4645213,step,0.1372205691615168,28.0,2.0,-0.013160906385900617,-0.010989010989007397,0.004884004884004867
198774301354800,1.4656756,step,0.1372205691615168,28.0,2.0,-0.013160906385900617,-0.010989010989007397,0.004884004884004867
198774301842700,1.4661635,step,0.1372205691615168,28.0,2.0,-0.013160906385900617,-0.010989010989007397,0.004884004884004867
198774302962000,1.4672828,step,0.1372205691615168,28.0,2.0,-0.013160906385900617,-0.010989010989007397,0.004884004884004867
198774303962600,1.4682834,step,0.1372205691615168,28.0,2.0,-0.013160906385900617,-0.010989010989007397,0.004884004884004867
198774305023600,1.4693444,step,0.1372205691615168,28.0,2.0,-0.013160906385900617,-0.010989010989007397,0.004884004884004867
198774306062600,1.4703834,step,0.1372205691615168,28.0,2.0,-0.013160906385900617,-0.010989010989007397,0.004884004884004867
198774307109400,1.4714302,step,0.1372205691615168,28.0,2.0,-0.013160906385900617,-0.010989010989007397,0.004884004884004867
198774308171700,1.4724925,step,0.1372205691615168,28.0,2.0,-0.013160906385900617,-0.010989010989007397,0.004884004884004867
198774309227200,1.473548,step,0.1372205691615168,28.0,2.0,-0.013160906385900617,-0.010989010989007397,0.004884004884004867
198774310326800,1.4746476,step,0.1372205691615168,28.0,2.0,-0.013160906385900617,-0.010989010989007397,0.004884004884004867
198774310936600,1.4752574,step,0.1372205691615168,28.0,2.0,-0.013160906385900617,-0.010989010989007397,0.004884004884004867
198774312015000,1.4763358,step,0.1372205691615168,28.0,2.0,-0.013160906385900617,-0.010989010989007397,0.004884004884004867
198774313144700,1.4774655,step,0.1372205691615168,28.0,2.0,-0.013160906385900617,-0.010989010989007397,0.004884004884004867
198774314292900,1.4786137,step,0.1372205691615168,28.0,2.0,-0.013160906385900617,-0.010989010989007397,0.004884004884004867
198774315492700,1.4798135,step,0.1372205691615168,28.0,2.0,-0.013160906385900617,-0.010989010989007397,0.004884004884004867
198774316147300,1.4804681,step,0.1372205691615168,28.0,2.0,-0.013160906385900617,-0.010989010989007397,0.004884004884004867
198774317168700,1.4814895,step,0.1372205691615168,28.0,2.0,-0.013160906385900617,-0.010989010989007397,0.004884004884004867
198774318190800,1.4825116,step,0.1372205691615168,28.0,2.0,-0.013160906385900617,-0.010989010989007397,0.004884004884004867
198774319274600,1.4835954,step,0.1372205691615168,28.0,2.0,-0.013160906385900617,-0.010989010989007397,0.004884004884004867
198774320462200,1.484783,step,0.1372205691615168,28.0,2.0,-0.013160906385900617,-0.010989010989007397,0.004884004884004867
198774321111300,1.4854321,step,0.1372205691615168,28.0,2.0,-0.013160906385900617,-0.010989010989007397,0.004884004884004867
198774322114000,1.4864348,step,0.1372205691615168,28.0,2.0,-0.013160906385900617,-0.010989010989007397,0.004884004884004867
198774323176300,1.4874971,step,0.1372205691615168,28.0,2.0,-0.013160906385900617,-0.010989010989007397,0.004884004884004867
198774324289600,1.4886104,step,0.1372205691615168,28.0,2.0,-0.013160906385900617,-0.010989010989007397,0.004884004884004867
198774325439200,1.48976,step,0.1372205691615168,28.0,2.0,-0.013160906385900617,-0.010989010989007397,0.004884004884004867
198774326041300,1.4903621,step,0.1372205691615168,28.0,2.0,-0.013160906385900617,-0.010989010989007397,0.004884004884004867
198774327117900,1.4914387,step,0.1372205691615168,28.0,2.0,-0.013160906385900617,-0.010989010989007397,0.004884004884004867
198774328251600,1.4925724,step,0.1372205691615168,28.0,2.0,-0.013160906385900617,-0.010989010989007397,0.004884004884004867
198774329341300,1.4936621,step,0.1372205691615168,28.0,2.0,-0.013160906385900617,-0.010989010989007397,0.004884004884004867
198774329947600,1.4942684,step,0.1372205691615168,28.0,2.0,-0.013160906385900617,-0.010989010989007397,0.004884004884004867
198774330969700,1.4952905,step,0.1372205691615168,28.0,2.0,-0.013160906385900617,-0.010989010989007397,0.004884004884004867
198774332053400,1.4963742,step,0.1372205691615168,28.0,2.0,-0.013160906385900617,-0.010989010989007397,0.004884004884004867
198774333148200,1.497469,step,0.1372205691615168,28.0,2.0,-0.013160906385900617,-0.010989010989007397,0.004884004884004867
198774334254200,1.498575,step,0.1372205691615168,28.0,2.0,-0.013160906385900617,-0.010989010989007397,0.004884004884004867
198774335477900,1.4997987,step,0.1372205691615168,28.0,2.0,-0.013160906385900617,-0.010989010989007397,0.004884004884004867
198774336072600,1.5003934,step,0.1372205691615168,28.0,2.0,-0.013160906385900617,-0.010989010989007397,0.004884004884004867
198774337071500,1.5013923,step,0.1372205691615168,28.0,2.0,-0.013160906385900617,-0.010989010989007397,0.004884004884004867
198774338131800,1.5024526,step,0.1372205691615168,28.0,2.0,-0.013160906385900617,-0.010989010989007397,0.004884004884004867
198774339229300,1.5035501,step,0.1372205691615168,28.0,2.0,-0.013160906385900617,-0.010989010989007397,0.004884004884004867
198774340317300,1.5046381,step,0.1372205691615168,28.0,2.0,-0.013160906385900617,-0.010989010989007397,0.004884004884004867
198774340920900,1.5052417,step,0.1372205691615168,28.0,2.0,-0.013160906385900617,-0.010989010989007397,0.004884004884004867
198774342054600,1.5063754,step,0.1372205691615168,28.0,2.0,-0.013160906385900617,-0.010989010989007397,0.004884004884004867
198774343129100,1.5074499,step,0.1372205691615168,28.0,2.0,-0.013160906385900617,-0.010989010989007397,0.004884004884004867
198774344192800,1.5085136,step,0.1372205691615168,28.0,2.0,-0.013160906385900617,-0.010989010989007397,0.004884004884004867
198774345256100,1.5095769,step,0.1372205691615168,28.0,2.0,-0.013160906385900617,-0.010989010989007397,0.004884004884004867
198774346738200,1.511059,step,0.1372205691615168,28.0,2.0,-0.013160906385900617,-0.010989010989007397,0.004884004884004867
198774346805200,1.511126,step,0.1372205691615168,28.0,2.0,-0.013160906385900617,-0.010989010989007397,0.004884004884004867
198774348240300,1.5125611,step,0.1372205691615168,28.0,2.0,-0.013160906385900617,-0.010989010989007397,0.004884004884004867
198774349275800,1.5135966,step,0.1372205691615168,28.0,2.0,-0.013160906385900617,-0.010989010989007397,0.004884004884004867
198774350441300,1.5147621,step,0.1372205691615168,28.0,2.0,-0.013160906385900617,-0.010989010989007397,0.004884004884004867
198774351038600,1.5153594,step,0.1372205691615168,28.0,2.0,-0.013160906385900617,-0.010989010989007397,0.004884004884004867
198774352041800,1.5163626,step,0.1372205691615168,28.0,2.0,-0.013160906385900617,-0.010989010989007397,0.004884004884004867
198774353145200,1.517466,step,0.1372205691615168,28.0,2.0,-0.013160906385900617,-0.010989010989007397,0.004884004884004867
198774354263000,1.5185838,step,0.1372205691615168,28.0,2.0,-0.013160906385900617,-0.010989010989007397,0.004884004884004867
198774355419200,1.51974,step,0.1372205691615168,28.0,2.0,-0.013160906385900617,-0.010989010989007397,0.004884004884004867
198774356019800,1.5203406,step,0.1372205691615168,28.0,2.0,-0.013160906385900617,-0.010989010989007397,0.004884004884004867
198774357089900,1.5214107,step,0.1372205691615168,28.0,2.0,-0.013160906385900617,-0.010989010989007397,0.004884004884004867
198774358147500,1.5224683,step,0.1372205691615168,28.0,2.0,-0.013160906385900617,-0.010989010989007397,0.004884004884004867
198774359225500,1.5235463,step,0.1372205691615168,28.0,2.0,-0.013160906385900617,-0.010989010989007397,0.004884004884004867
198774360316100,1.5246369,step,0.1372205691615168,28.0,2.0,-0.013160906385900617,-0.010989010989007397,0.004884004884004867
198774360915800,1.5252366,step,0.1372205691615168,28.0,2.0,-0.013160906385900617,-0.010989010989007397,0.004884004884004867
198774361938000,1.5262588,step,0.1372205691615168,28.0,2.0,-0.013160906385900617,-0.010989010989007397,0.004884004884004867
198774363069000,1.5273898,step,0.1372205691615168,28.0,2.0,-0.013160906385900617,-0.010989010989007397,0.004884004884004867
198774364198200,1.528519,step,0.1372205691615168,28.0,2.0,-0.013160906385900617,-0.010989010989007397,0.004884004884004867
198774365229700,1.5295505,step,0.1372205691615168,28.0,2.0,-0.013160906385900617,-0.010989010989007397,0.004884004884004867
198774366302800,1.5306236,step,0.1372205691615168,28.0,2.0,-0.013160906385900617,-0.010989010989007397,0.004884004884004867
198774366901000,1.5312218,step,0.1372205691615168,28.0,2.0,-0.013160906385900617,-0.010989010989007397,0.004884004884004867
198774367902800,1.5322236,step,0.1372205691615168,28.0,2.0,-0.013160906385900617,-0.010989010989007397,0.004884004884004867
198774369077900,1.5333987,step,0.1372205691615168,28.0,2.0,-0.013160906385900617,-0.010989010989007397,0.004884004884004867
198774370131400,1.5344522,step,0.1372205691615168,28.0,2.0,-0.013160906385900617,-0.010989010989007397,0.004884004884004867
198774371218900,1.5355397,step,0.1372205691615168,28.0,2.0,-0.013160906385900617,-0.010989010989007397,0.004884004884004867
198774372329000,1.5366498,step,0.1372205691615168,28.0,2.0,-0.013160906385900617,-0.010989010989007397,0.004884004884004867
198774373413100,1.5377339,step,0.1372205691615168,28.0,2.0,-0.013160906385900617,-0.010989010989007397,0.004884004884004867
198774374005800,1.5383266,step,0.1372205691615168,28.0,2.0,-0.013160906385900617,-0.010989010989007397,0.004884004884004867
198774375027300,1.5393481,step,0.1372205691615168,28.0,2.0,-0.013160906385900617,-0.010989010989007397,0.004884004884004867
198774376099500,1.5404203,step,0.1372205691615168,28.0,2.0,-0.013160906385900617,-0.010989010989007397,0.004884004884004867
198774377176600,1.5414974,step,0.1372205691615168,28.0,2.0,-0.013160906385900617,-0.010989010989007397,0.004884004884004867
198774378257000,1.5425778,step,0.1372205691615168,28.0,2.0,-0.013160906385900617,-0.010989010989007397,0.004884004884004867
198774379331000,1.5436518,step,0.1372205691615168,28.0,2.0,-0.013160906385900617,-0.010989010989007397,0.004884004884004867
198774379911400,1.5442322,step,0.1372205691615168,28.0,2.0,-0.013160906385900617,-0.010989010989007397,0.004884004884004867
198774381030100,1.5453509,step,0.1372205691615168,28.0,2.0,-0.013160906385900617,-0.010989010989007397,0.004884004884004867
198774382027300,1.5463481,step,0.1372205691615168,28.0,2.0,-0.013160906385900617,-0.010989010989007397,0.004884004884004867
198774383029000,1.5473498,step,0.1372205691615168,28.0,2.0,-0.013160906385900617,-0.010989010989007397,0.004884004884004867
198774384064800,1.5483856,step,0.1372205691615168,28.0,2.0,-0.013160906385900617,-0.010989010989007397,0.004884004884004867
198774385137600,1.5494584,step,0.1372205691615168,28.0,2.0,-0.013160906385900617,-0.010989010989007397,0.004884004884004867
198774386258900,1.5505797,step,0.1372205691615168,28.0,2.0,-0.013160906385900617,-0.010989010989007397,0.004884004884004867
198774387594500,1.5519153,step,0.1372205691615168,28.0,2.0,-0.013160906385900617,-0.010989010989007397,0.004884004884004867
198774388517700,1.5528385,step,0.1372205691615168,28.0,2.0,-0.012779430838483208,-0.010989010989007397,0.004884004884004867
198774389256000,1.5535768,step,0.1372205691615168,28.0,2.0,-0.013160906385900617,-0.010989010989007397,0.004884004884004867
198774389759900,1.5540807,step,0.1372205691615168,28.0,2.0,-0.013160906385900617,-0.010989010989007397,0.004884004884004867
198774391367900,1.5556887,step,0.1372205691615168,28.0,2.0,-0.013160906385900617,-0.010989010989007397,0.004884004884004867
198774391958800,1.5562796,step,0.1372205691615168,28.0,2.0,-0.013160906385900617,-0.010989010989007397,0.004884004884004867
198774392960700,1.5572815,step,0.1372205691615168,28.0,2.0,-0.013160906385900617,-0.010989010989007397,0.004884004884004867
198774394043600,1.5583644,step,0.1372205691615168,28.0,2.0,-0.013160906385900617,-0.010989010989007397,0.004884004884004867
198774395145000,1.5594658,step,0.1372205691615168,28.0,2.0,-0.013160906385900617,-0.010989010989007397,0.004884004884004867
198774396234500,1.5605553,step,0.1372205691615168,28.0,2.0,-0.013160906385900617,-0.010989010989007397,0.004884004884004867
198774397262900,1.5615837,step,0.1372205691615168,28.0,2.0,-0.013160906385900617,-0.010989010989007397,0.004884004884004867
198774397843100,1.5621639,step,0.1372205691615168,28.0,2.0,-0.013160906385900617,-0.010989010989007397,0.004884004884004867
198774398848100,1.5631689,step,0.1372205691615168,28.0,2.0,-0.013160906385900617,-0.010989010989007397,0.004884004884004867
198774399927900,1.5642487,step,0.1372205691615168,28.0,2.0,-0.013160906385900617,-0.010989010989007397,0.004884004884004867
198774401020800,1.5653416,step,0.1372205691615168,28.0,2.0,-0.013160906385900617,-0.010989010989007397,0.004884004884004867
198774402132600,1.5664534,step,0.1372205691615168,28.0,2.0,-0.013160906385900617,-0.010989010989007397,0.004884004884004867
198774403348000,1.5676688,step,0.1372205691615168,28.0,2.0,-0.013160906385900617,-0.010989010989007397,0.004884004884004867
198774404486900,1.5688077,step,0.1372205691615168,28.0,2.0,-0.013160906385900617,-0.010989010989007397,0.004884004884004867
198774405070800,1.5693916,step,0.1372205691615168,28.0,2.0,-0.013160906385900617,-0.010989010989007397,0.004884004884004867
198774406074700,1.5703955,step,0.1372205691615168,28.0,2.0,-0.013160906385900617,-0.010989010989007397,0.004884004884004867
198774407126300,1.5714471,step,0.1372205691615168,28.0,2.0,-0.013160906385900617,-0.010989010989007397,0.004884004884004867
198774408238700,1.5725595,step,0.1372205691615168,28.0,2.0,-0.013160906385900617,-0.010989010989007397,0.004884004884004867
198774409484500,1.5738053,step,0.1372205691615168,28.0,2.0,-0.013160906385900617,-0.010989010989007397,0.004884004884004867
198774410149600,1.5744704,step,0.1372205691615168,28.0,2.0,-0.013160906385900617,-0.010989010989007397,0.004884004884004867
198774411171000,1.5754918,step,0.1372205691615168,28.0,2.0,-0.013160906385900617,-0.010989010989007397,0.004884004884004867
198774412263200,1.576584,step,0.1372205691615168,28.0,2.0,-0.013160906385900617,-0.010989010989007397,0.004884004884004867
198774412835700,1.5771565,step,0.1372205691615168,28.0,2.0,-0.013160906385900617,-0.010989010989007397,0.004884004884004867
198774413897200,1.578218,step,0.1372205691615168,28.0,2.0,-0.013160906385900617,-0.010989010989007397,0.004884004884004867
198774415095200,1.579416,step,0.1372205691615168,28.0,2.0,-0.013160906385900617,-0.010989010989007397,0.004884004884004867
198774416200300,1.5805211,step,0.1372205691615168,28.0,2.0,-0.013160906385900617,-0.010989010989007397,0.004884004884004867
198774417254900,1.5815757,step,0.1372205691615168,28.0,2.0,-0.013160906385900617,-0.010989010989007397,0.004884004884004867
198774418347600,1.5826684,step,0.1372205691615168,28.0,2.0,-0.013160906385900617,-0.010989010989007397,0.004884004884004867
198774419062100,1.5833829,step,0.1372205691615168,28.0,2.0,-0.013160906385900617,-0.010989010989007397,0.004884004884004867
198774419976400,1.5842972,step,0.1372205691615168,28.0,2.0,-0.013160906385900617,-0.010989010989007397,0.004884004884004867
198774421097100,1.5854179,step,0.1372205691615168,28.0,2.0,-0.013160906385900617,-0.010989010989007397,0.004884004884004867
198774422067200,1.586388,step,0.1372205691615168,28.0,2.0,-0.013160906385900617,-0.010989010989007397,0.004884004884004867
198774423070700,1.5873915,step,0.1372205691615168,28.0,2.0,-0.013160906385900617,-0.010989010989007397,0.004884004884004867
198774424234700,1.5885555,step,0.1372205691615168,28.0,2.0,-0.013160906385900617,-0.010989010989007397,0.004884004884004867
198774425481300,1.5898021,step,0.1372205691615168,28.0,2.0,-0.013160906385900617,-0.010989010989007397,0.004884004884004867
198774426203900,1.5905247,step,0.1372205691615168,28.0,2.0,-0.013160906385900617,-0.010989010989007397,0.004884004884004867
198774427206000,1.5915268,step,0.1372205691615168,28.0,2.0,-0.013160906385900617,-0.010989010989007397,0.004884004884004867
198774428293400,1.5926142,step,0.1372205691615168,28.0,2.0,-0.013160906385900617,-0.010989010989007397,0.004884004884004867
198774429505400,1.5938262,step,0.1372205691615168,28.0,2.0,-0.013160906385900617,-0.010989010989007397,0.004884004884004867
198774430178700,1.5944995,step,0.1372205691615168,28.0,2.0,-0.013160906385900617,-0.010989010989007397,0.004884004884004867
198774431177100,1.5954979,step,0.1372205691615168,28.0,2.0,-0.013160906385900617,-0.010989010989007397,0.004884004884004867
198774432332800,1.5966536,step,0.1372205691615168,28.0,2.0,-0.013160906385900617,-0.010989010989007397,0.004884004884004867
198774433544500,1.5978653,step,0.1372205691615168,28.0,2.0,-0.013160906385900617,-0.010989010989007397,0.004884004884004867
198774434317500,1.5986383,step,0.1372205691615168,28.0,2.0,-0.013160906385900617,-0.010989010989007397,0.004884004884004867
198774435248000,1.5995688,step,0.1372205691615168,28.0,2.0,-0.013160906385900617,-0.010989010989007397,0.004884004884004867
198774436379000,1.6006998,step,0.1372205691615168,28.0,2.0,-0.013160906385900617,-0.010989010989007397,0.004884004884004867
198774436968400,1.6012892,step,0.1372205691615168,28.0,2.0,-0.013160906385900617,-0.010989010989007397,0.004884004884004867
198774437970000,1.6022908,step,0.1372205691615168,28.0,2.0,-0.013160906385900617,-0.010989010989007397,0.004884004884004867
198774439046400,1.6033672,step,0.1372205691615168,28.0,2.0,-0.013160906385900617,-0.010989010989007397,0.004884004884004867
198774440156500,1.6044773,step,0.1372205691615168,28.0,2.0,-0.013160906385900617,-0.010989010989007397,0.004884004884004867
198774441142900,1.6054637,step,0.1372205691615168,28.0,2.0,-0.013160906385900617,-0.010989010989007397,0.004884004884004867
198774442226100,1.6065469,step,0.1372205691615168,28.0,2.0,-0.013160906385900617,-0.010989010989007397,0.004884004884004867
198774443273300,1.6075941,step,0.1372205691615168,28.0,2.0,-0.013160906385900617,-0.010989010989007397,0.004884004884004867
198774444462800,1.6087836,step,0.1372205691615168,28.0,2.0,-0.013160906385900617,-0.010989010989007397,0.004884004884004867
198774445081900,1.6094027,step,0.1372205691615168,28.0,2.0,-0.013160906385900617,-0.010989010989007397,0.004884004884004867
198774446109400,1.6104302,step,0.1372205691615168,28.0,2.0,-0.013160906385900617,-0.010989010989007397,0.004884004884004867
198774447224000,1.6115448,step,0.1372205691615168,28.0,2.0,-0.013160906385900617,-0.010989010989007397,0.004884004884004867
198774448355500,1.6126763,step,0.1372205691615168,28.0,2.0,-0.013160906385900617,-0.010989010989007397,0.004884004884004867
198774448977600,1.6132984,step,0.1372205691615168,28.0,2.0,-0.013160906385900617,-0.010989010989007397,0.004884004884004867
198774450074300,1.6143951,step,0.1372205691615168,28.0,2.0,-0.013160906385900617,-0.010989010989007397,0.004884004884004867
198774450987300,1.6153081,step,0.1372205691615168,28.0,2.0,-0.013160906385900617,-0.010989010989007397,0.004884004884004867
198774451989200,1.61631,step,0.1372205691615168,28.0,2.0,-0.013160906385900617,-0.010989010989007397,0.004884004884004867
198774453091100,1.6174119,step,0.1372205691615168,28.0,2.0,-0.013160906385900617,-0.010989010989007397,0.004884004884004867
198774454194100,1.6185149,step,0.1372205691615168,28.0,2.0,-0.013160906385900617,-0.010989010989007397,0.004884004884004867
198774455277700,1.6195985,step,0.1372205691615168,28.0,2.0,-0.013160906385900617,-0.010989010989007397,0.004884004884004867
198774456388800,1.6207096,step,0.1372205691615168,28.0,2.0,-0.013160906385900617,-0.010989010989007397,0.004884004884004867
198774457005100,1.6213259,step,0.1372205691615168,28.0,2.0,-0.013160906385900617,-0.010989010989007397,0.004884004884004867
198774458011100,1.6223319,step,0.1372205691615168,28.0,2.0,-0.013160906385900617,-0.010989010989007397,0.004884004884004867
198774459148000,1.6234688,step,0.1372205691615168,28.0,2.0,-0.013160906385900617,-0.010989010989007397,0.004884004884004867
198774460227400,1.6245482,step,0.1372205691615168,28.0,2.0,-0.013160906385900617,-0.010989010989007397,0.004884004884004867
198774461314100,1.6256349,step,0.1372205691615168,28.0,2.0,-0.013160906385900617,-0.010989010989007397,0.004884004884004867
198774461912800,1.6262336,step,0.1372205691615168,28.0,2.0,-0.013160906385900617,-0.010989010989007397,0.004884004884004867
198774462915200,1.627236,step,0.1372205691615168,28.0,2.0,-0.013160906385900617,-0.010989010989007397,0.004884004884004867
198774464005000,1.6283258,step,0.1372205691615168,28.0,2.0,-0.013160906385900617,-0.010989010989007397,0.004884004884004867
198774465101200,1.629422,step,0.1372205691615168,28.0,2.0,-0.013160906385900617,-0.010989010989007397,0.004884004884004867
198774466434000,1.6307548,step,0.1372205691615168,28.0,2.0,-0.013160906385900617,-0.010989010989007397,0.004884004884004867
198774467161800,1.6314826,step,0.1372205691615168,28.0,2.0,-0.013160906385900617,-0.010989010989007397,0.004884004884004867
198774468164600,1.6324854,step,0.1372205691615168,28.0,2.0,-0.013160906385900617,-0.010989010989007397,0.004884004884004867
198774469261800,1.6335826,step,0.1372205691615168,28.0,2.0,-0.013160906385900617,-0.010989010989007397,0.004884004884004867
198774470396500,1.6347173,step,0.1372205691615168,28.0,2.0,-0.013160906385900617,-0.010989010989007397,0.004884004884004867
198774471015400,1.6353362,step,0.1372205691615168,28.0,2.0,-0.013160906385900617,-0.010989010989007397,0.004884004884004867
198774472022300,1.6363431,step,0.1372205691615168,28.0,2.0,-0.013160906385900617,-0.010989010989007397,0.004884004884004867
198774473064900,1.6373857,step,0.1372205691615168,28.0,2.0,-0.013160906385900617,-0.010989010989007397,0.004884004884004867
198774474125500,1.6384463,step,0.1372205691615168,28.0,2.0,-0.013160906385900617,-0.010989010989007397,0.004884004884004867
198774475248900,1.6395697,step,0.1372205691615168,28.0,2.0,-0.013160906385900617,-0.010989010989007397,0.004884004884004867
198774476382000,1.6407028,step,0.1372205691615168,28.0,2.0,-0.013160906385900617,-0.010989010989007397,0.004884004884004867
198774477010700,1.6413315,step,0.1372205691615168,28.0,2.0,-0.013160906385900617,-0.010989010989007397,0.004884004884004867
198774478018700,1.6423395,step,0.1372205691615168,28.0,2.0,-0.013160906385900617,-0.010989010989007397,0.004884004884004867
198774479039800,1.6433606,step,0.1372205691615168,28.0,2.0,-0.013160906385900617,-0.010989010989007397,0.004884004884004867
198774480093800,1.6444146,step,0.1372205691615168,28.0,2.0,-0.013160906385900617,-0.010989010989007397,0.004884004884004867
198774481129800,1.6454506,step,0.1372205691615168,28.0,2.0,-0.013160906385900617,-0.010989010989007397,0.004884004884004867
198774482335800,1.6466566,step,0.1372205691615168,28.0,2.0,-0.013160906385900617,-0.010989010989007397,0.004884004884004867
198774483174700,1.6474955,step,0.1372205691615168,28.0,2.0,-0.013160906385900617,-0.010989010989007397,0.004884004884004867
198774484172600,1.6484934,step,0.1372205691615168,28.0,2.0,-0.013160906385900617,-0.010989010989007397,0.004884004884004867
198774485228500,1.6495493,step,0.1372205691615168,28.0,2.0,-0.013160906385900617,-0.010989010989007397,0.004884004884004867
198774486346600,1.6506674,step,0.1372205691615168,28.0,2.0,-0.013160906385900617,-0.010989010989007397,0.004884004884004867
198774486961800,1.6512826,step,0.1372205691615168,28.0,2.0,-0.013160906385900617,-0.010989010989007397,0.004884004884004867
198774487964300,1.6522851,step,0.1372205691615168,28.0,2.0,-0.013160906385900617,-0.010989010989007397,0.004884004884004867
198774489068800,1.6533896,step,0.1372205691615168,28.0,2.0,-0.013160906385900617,-0.010989010989007397,0.004884004884004867
198774490136300,1.6544571,step,0.1372205691615168,28.0,2.0,-0.013160906385900617,-0.010989010989007397,0.004884004884004867
198774491240900,1.6555617,step,0.1372205691615168,28.0,2.0,-0.013160906385900617,-0.010989010989007397,0.004884004884004867
198774492226100,1.6565469,step,0.1372205691615168,28.0,2.0,-0.013160906385900617,-0.010989010989007397,0.004884004884004867
198774493233900,1.6575547,step,0.1372205691615168,28.0,2.0,-0.013160906385900617,-0.010989010989007397,0.004884004884004867
198774494325400,1.6586462,step,0.1372205691615168,28.0,2.0,-0.013160906385900617,-0.010989010989007397,0.004884004884004867
198774494920600,1.6592414,step,0.1372205691615168,28.0,2.0,-0.013160906385900617,-0.010989010989007397,0.004884004884004867
198774495941600,1.6602624,step,0.1372205691615168,28.0,2.0,-0.013160906385900617,-0.010989010989007397,0.004884004884004867
198774496998700,1.6613195,step,0.1372205691615168,28.0,2.0,-0.013160906385900617,-0.010989010989007397,0.004884004884004867
198774498130500,1.6624513,step,0.1372205691615168,28.0,2.0,-0.013160906385900617,-0.010989010989007397,0.004884004884004867
198774499372500,1.6636933,step,0.1372205691615168,28.0,2.0,-0.013160906385900617,-0.010989010989007397,0.004884004884004867
198774499975900,1.6642967,step,0.1372205691615168,28.0,2.0,-0.013160906385900617,-0.010989010989007397,0.004884004884004867
198774500996600,1.6653174,step,0.1372205691615168,28.0,2.0,-0.013160906385900617,-0.010989010989007397,0.004884004884004867
198774502080700,1.6664015,step,0.1372205691615168,28.0,2.0,-0.013160906385900617,-0.010989010989007397,0.004884004884004867
198774503145600,1.6674664,step,0.1372205691615168,28.0,2.0,-0.013160906385900617,-0.010989010989007397,0.004884004884004867
198774504226700,1.6685475,step,0.1372205691615168,28.0,2.0,-0.013160906385900617,-0.010989010989007397,0.004884004884004867
198774505341400,1.6696622,step,0.1372205691615168,28.0,2.0,-0.013160906385900617,-0.010989010989007397,0.004884004884004867
198774505945800,1.6702666,step,0.1372205691615168,28.0,2.0,-0.013160906385900617,-0.010989010989007397,0.004884004884004867
198774506968300,1.6712891,step,0.1372205691615168,28.0,2.0,-0.013160906385900617,-0.010989010989007397,0.004884004884004867
198774508079200,1.6724,step,0.1372205691615168,28.0,2.0,-0.013160906385900617,-0.010989010989007397,0.004884004884004867
198774509165600,1.6734864,step,0.1372205691615168,28.0,2.0,-0.013160906385900617,-0.010989010989007397,0.004884004884004867
198774510274400,1.6745952,step,0.1372205691615168,28.0,2.0,-0.013160906385900617,-0.010989010989007397,0.004884004884004867
198774512266200,1.676587,step,0.1372205691615168,28.0,2.0,-0.013160906385900617,-0.010989010989007397,0.004884004884004867
198774512371600,1.6766924,step,0.1372205691615168,28.0,2.0,-0.013160906385900617,-0.010989010989007397,0.004884004884004867
198774513319100,1.6776399,step,0.1372205691615168,28.0,2.0,-0.013160906385900617,-0.010989010989007397,0.004884004884004867
198774514257900,1.6785787,step,0.1372205691615168,28.0,2.0,-0.013160906385900617,-0.010989010989007397,0.004884004884004867
198774515260400,1.6795812,step,0.1372205691615168,28.0,2.0,-0.013160906385900617,-0.010989010989007397,0.004884004884004867
198774516390900,1.6807117,step,0.1372205691615168,28.0,2.0,-0.013160906385900617,-0.010989010989007397,0.004884004884004867
198774516997800,1.6813186,step,0.1372205691615168,28.0,2.0,-0.013160906385900617,-0.010989010989007397,0.004884004884004867
198774518019000,1.6823398,step,0.1372205691615168,28.0,2.0,-0.013160906385900617,-0.010989010989007397,0.004884004884004867
198774519178400,1.6834992,step,0.1372205691615168,28.0,2.0,-0.013160906385900617,-0.010989010989007397,0.004884004884004867
198774520251400,1.6845722,step,0.1372205691615168,28.0,2.0,-0.013160906385900617,-0.010989010989007397,0.004884004884004867
198774520836500,1.6851573,step,0.1372205691615168,28.0,2.0,-0.013160906385900617,-0.010989010989007397,0.004884004884004867
198774521841100,1.6861619,step,0.1372205691615168,28.0,2.0,-0.013160906385900617,-0.010989010989007397,0.004884004884004867
198774522881200,1.687202,step,0.1372205691615168,28.0,2.0,-0.013160906385900617,-0.010989010989007397,0.004884004884004867
198774524014400,1.6883352,step,0.1372205691615168,28.0,2.0,-0.013160906385900617,-0.010989010989007397,0.004884004884004867
198774524994300,1.6893151,step,0.1372205691615168,28.0,2.0,-0.013160906385900617,-0.010989010989007397,0.004884004884004867
198774526055600,1.6903764,step,0.1372205691615168,28.0,2.0,-0.013160906385900617,-0.010989010989007397,0.004884004884004867
198774527097200,1.691418,step,0.1372205691615168,28.0,2.0,-0.013160906385900617,-0.010989010989007397,0.004884004884004867
198774528175900,1.6924967,step,0.1372205691615168,28.0,2.0,-0.013160906385900617,-0.010989010989007397,0.004884004884004867
198774529326400,1.6936472,step,0.1372205691615168,28.0,2.0,-0.013160906385900617,-0.010989010989007397,0.004884004884004867
198774530280800,1.6946016,step,0.1372205691615168,28.0,2.0,-0.013160906385900617,-0.010989010989007397,0.004884004884004867
198774531286700,1.6956075,step,0.1372205691615168,28.0,2.0,-0.013160906385900617,-0.010989010989007397,0.004884004884004867
198774531893900,1.6962147,step,0.1372205691615168,28.0,2.0,-0.013160906385900617,-0.010989010989007397,0.004884004884004867
198774532896400,1.6972172,step,0.1372205691615168,28.0,2.0,-0.013160906385900617,-0.010989010989007397,0.004884004884004867
198774533981300,1.6983021,step,0.1372205691615168,28.0,2.0,-0.013160906385900617,-0.010989010989007397,0.004884004884004867
198774535041600,1.6993624,step,0.1372205691615168,28.0,2.0,-0.013160906385900617,-0.010989010989007397,0.004884004884004867
198774536087600,1.7004084,step,0.1372205691615168,28.0,2.0,-0.013160906385900617,-0.010989010989007397,0.004884004884004867
198774537159000,1.7014798,step,0.1372205691615168,28.0,2.0,-0.013160906385900617,-0.010989010989007397,0.004884004884004867
198774538272600,1.7025934,step,0.1372205691615168,28.0,2.0,-0.013160906385900617,-0.010989010989007397,0.004884004884004867
198774539414900,1.7037357,step,0.1372205691615168,28.0,2.0,-0.013160906385900617,-0.010989010989007397,0.004884004884004867
198774540010600,1.7043314,step,0.1372205691615168,28.0,2.0,-0.013160906385900617,-0.010989010989007397,0.004884004884004867
198774541090900,1.7054117,step,0.1372205691615168,28.0,2.0,-0.013160906385900617,-0.010989010989007397,0.004884004884004867
198774542097300,1.7064181,step,0.1372205691615168,28.0,2.0,-0.013160906385900617,-0.010989010989007397,0.004884004884004867
198774543118800,1.7074396,step,0.1372205691615168,28.0,2.0,-0.013160906385900617,-0.010989010989007397,0.004884004884004867
198774544121000,1.7084418,step,0.1372205691615168,28.0,2.0,-0.013160906385900617,-0.010989010989007397,0.004884004884004867
198774545295800,1.7096166,step,0.1372205691615168,28.0,2.0,-0.013160906385900617,-0.010989010989007397,0.004884004884004867
198774546182500,1.7105033,step,0.1372205691615168,28.0,2.0,-0.013160906385900617,-0.010989010989007397,0.004884004884004867
198774547185400,1.7115062,step,0.1372205691615168,28.0,2.0,-0.013160906385900617,-0.010989010989007397,0.004884004884004867
198774548293700,1.7126145,step,0.1372205691615168,28.0,2.0,-0.013160906385900617,-0.010989010989007397,0.004884004884004867
198774549434900,1.7137557,step,0.1372205691615168,28.0,2.0,-0.013160906385900617,-0.010989010989007397,0.004884004884004867
198774550022200,1.714343,step,0.1372205691615168,28.0,2.0,-0.013160906385900617,-0.010989010989007397,0.004884004884004867
198774551024600,1.7153454,step,0.1372205691615168,28.0,2.0,-0.013160906385900617,-0.010989010989007397,0.004884004884004867
198774552114500,1.7164353,step,0.1372205691615168,28.0,2.0,-0.013160906385900617,-0.010989010989007397,0.004884004884004867
198774553180500,1.7175013,step,0.1372205691615168,28.0,2.0,-0.013160906385900617,-0.010989010989007397,0.004884004884004867
198774554258600,1.7185794,step,0.1372205691615168,28.0,2.0,-0.013160906385900617,-0.010989010989007397,0.004884004884004867
198774555440400,1.7197612,step,0.1372205691615168,28.0,2.0,-0.013160906385900617,-0.010989010989007397,0.004884004884004867
198774556046800,1.7203676,step,0.1372205691615168,28.0,2.0,-0.013160906385900617,-0.010989010989007397,0.004884004884004867
198774557053900,1.7213747,step,0.1372205691615168,28.0,2.0,-0.013160906385900617,-0.010989010989007397,0.004884004884004867
198774558124600,1.7224454,step,0.1372205691615168,28.0,2.0,-0.013160906385900617,-0.010989010989007397,0.004884004884004867
198774559252900,1.7235737,step,0.1372205691615168,28.0,2.0,-0.013160906385900617,-0.010989010989007397,0.004884004884004867
198774559842800,1.7241636,step,0.1372205691615168,28.0,2.0,-0.013160906385900617,-0.010989010989007397,0.004884004884004867
198774560882700,1.7252035,step,0.1372205691615168,28.0,2.0,-0.013160906385900617,-0.010989010989007397,0.004884004884004867
198774562038200,1.726359,step,0.1372205691615168,28.0,2.0,-0.013160906385900617,-0.010989010989007397,0.004884004884004867
198774563110100,1.7274309,step,0.1372205691615168,28.0,2.0,-0.013160906385900617,-0.010989010989007397,0.004884004884004867
198774564203800,1.7285246,step,0.1372205691615168,28.0,2.0,-0.013160906385900617,-0.010989010989007397,0.004884004884004867
198774565285600,1.7296064,step,0.1372205691615168,28.0,2.0,-0.013160906385900617,-0.010989010989007397,0.004884004884004867
198774566378900,1.7306997,step,0.1372205691615168,28.0,2.0,-0.013160906385900617,-0.010989010989007397,0.004884004884004867
198774566959900,1.7312807,step,0.1372205691615168,28.0,2.0,-0.013160906385900617,-0.010989010989007397,0.004884004884004867
198774567980900,1.7323017,step,0.1372205691615168,28.0,2.0,-0.013160906385900617,-0.010989010989007397,0.004884004884004867
198774569063100,1.7333839,step,0.1372205691615168,28.0,2.0,-0.013160906385900617,-0.010989010989007397,0.004884004884004867
198774570184000,1.7345048,step,0.1372205691615168,28.0,2.0,-0.013160906385900617,-0.010989010989007397,0.004884004884004867
198774571284700,1.7356055,step,0.1372205691615168,28.0,2.0,-0.013160906385900617,-0.010989010989007397,0.004884004884004867
198774572370400,1.7366912,step,0.1372205691615168,28.0,2.0,-0.013160906385900617,-0.010989010989007397,0.004884004884004867
198774572960800,1.7372816,step,0.1372205691615168,28.0,2.0,-0.013160906385900617,-0.010989010989007397,0.004884004884004867
198774573979200,1.7383,step,0.1372205691615168,28.0,2.0,-0.013160906385900617,-0.010989010989007397,0.004884004884004867
198774575020200,1.739341,step,0.1372205691615168,28.0,2.0,-0.013160906385900617,-0.010989010989007397,0.004884004884004867
198774576144400,1.7404652,step,0.1372205691615168,28.0,2.0,-0.013160906385900617,-0.010989010989007397,0.004884004884004867
198774577488600,1.7418094,step,0.1372205691615168,28.0,2.0,-0.013160906385900617,-0.010989010989007397,0.004884004884004867
198774578133900,1.7424547,step,0.1372205691615168,28.0,2.0,-0.013160906385900617,-0.010989010989007397,0.004884004884004867
198774579113500,1.7434343,step,0.1372205691615168,28.0,2.0,-0.013160906385900617,-0.010989010989007397,0.004884004884004867
198774580226200,1.744547,step,0.1372205691615168,28.0,2.0,-0.013160906385900617,-0.010989010989007397,0.004884004884004867
198774581435900,1.7457567,step,0.1372205691615168,28.0,2.0,-0.013160906385900617,-0.010989010989007397,0.004884004884004867
198774582031300,1.7463521,step,0.1372205691615168,28.0,2.0,-0.013160906385900617,-0.010989010989007397,0.004884004884004867
198774583037400,1.7473582,step,0.1372205691615168,28.0,2.0,-0.013160906385900617,-0.010989010989007397,0.004884004884004867
198774584041900,1.7483627,step,0.1372205691615168,28.0,2.0,-0.013160906385900617,-0.010989010989007397,0.004884004884004867
198774585142000,1.7494628,step,0.1372205691615168,28.0,2.0,-0.013160906385900617,-0.010989010989007397,0.004884004884004867
198774586311900,1.7506327,step,0.1372205691615168,28.0,2.0,-0.013160906385900617,-0.010989010989007397,0.004884004884004867
198774587262300,1.7515831,step,0.1372205691615168,28.0,2.0,-0.013160906385900617,-0.010989010989007397,0.004884004884004867
198774588286400,1.7526072,step,0.1372205691615168,28.0,2.0,-0.013160906385900617,-0.010989010989007397,0.004884004884004867
198774589469300,1.7537901,step,0.1372205691615168,28.0,2.0,-0.013160906385900617,-0.010989010989007397,0.004884004884004867
198774590084900,1.7544057,step,0.1372205691615168,28.0,2.0,-0.013160906385900617,-0.010989010989007397,0.004884004884004867
198774591106800,1.7554276,step,0.1372205691615168,28.0,2.0,-0.013160906385900617,-0.010989010989007397,0.004884004884004867
198774592222500,1.7565433,step,0.1372205691615168,28.0,2.0,-0.013160906385900617,-0.010989010989007397,0.004884004884004867
198774593426000,1.7577468,step,0.1372205691615168,28.0,2.0,-0.013160906385900617,-0.010989010989007397,0.004884004884004867
198774594099800,1.7584206,step,0.1372205691615168,28.0,2.0,-0.013160906385900617,-0.010989010989007397,0.004884004884004867
198774595121300,1.7594421,step,0.1372205691615168,28.0,2.0,-0.013160906385900617,-0.010989010989007397,0.004884004884004867
198774596177200,1.760498,step,0.1372205691615168,28.0,2.0,-0.013160906385900617,-0.010989010989007397,0.004884004884004867
198774597228300,1.7615491,step,0.1372205691615168,28.0,2.0,-0.013160906385900617,-0.010989010989007397,0.004884004884004867
198774598270600,1.7625914,step,0.1372205691615168,28.0,2.0,-0.013160906385900617,-0.010989010989007397,0.004884004884004867
198774598833000,1.7631538,step,0.1372205691615168,28.0,2.0,-0.013160906385900617,-0.010989010989007397,0.004884004884004867
198774599834900,1.7641557,step,0.1372205691615168,28.0,2.0,-0.013160906385900617,-0.010989010989007397,0.004884004884004867
198774600885600,1.7652064,step,0.1372205691615168,28.0,2.0,-0.013160906385900617,-0.010989010989007397,0.004884004884004867
198774601946000,1.7662668,step,0.1372205691615168,28.0,2.0,-0.013160906385900617,-0.010989010989007397,0.004884004884004867
198774603054500,1.7673753,step,0.1372205691615168,28.0,2.0,-0.013160906385900617,-0.010989010989007397,0.004884004884004867
198774604030800,1.7683516,step,0.1372205691615168,28.0,2.0,-0.013160906385900617,-0.010989010989007397,0.004884004884004867
198774605035600,1.7693564,step,0.1372205691615168,28.0,2.0,-0.013160906385900617,-0.010989010989007397,0.004884004884004867
198774606423600,1.7707444,step,0.1372205691615168,28.0,2.0,-0.013160906385900617,-0.010989010989007397,0.004884004884004867
198774607428900,1.7717497,step,0.1372205691615168,28.0,2.0,-0.013160906385900617,-0.010989010989007397,0.004884004884004867
198774608376200,1.772697,step,0.1372205691615168,28.0,2.0,-0.013160906385900617,-0.010989010989007397,0.004884004884004867
198774609322000,1.7736428,step,0.1372205691615168,28.0,2.0,-0.013160906385900617,-0.010989010989007397,-0.004884004884004867
198774609906200,1.774227,step,0.1372205691615168,28.0,2.0,-0.013160906385900617,-0.010989010989007397,-0.004884004884004867
198774610910600,1.7752314,step,0.1372205691615168,28.0,2.0,-0.013160906385900617,-0.010989010989007397,-0.004884004884004867
198774612027200,1.776348,step,0.1372205691615168,28.0,2.0,-0.013160906385900617,-0.010989010989007397,-0.004884004884004867
198774613169600,1.7774904,step,0.1372205691615168,28.0,2.0,-0.013160906385900617,-0.010989010989007397,-0.004884004884004867
198774614295400,1.7786162,step,0.1372205691615168,28.0,2.0,-0.013160906385900617,-0.010989010989007397,-0.004884004884004867
198774615396500,1.7797173,step,0.1372205691615168,28.0,2.0,-0.013160906385900617,-0.010989010989007397,-0.004884004884004867
198774615961200,1.780282,step,0.1372205691615168,28.0,2.0,-0.013160906385900617,-0.010989010989007397,-0.004884004884004867
198774616979700,1.7813005,step,0.1372205691615168,28.0,2.0,-0.013160906385900617,-0.010989010989007397,-0.004884004884004867
198774618041900,1.7823627,step,0.1372205691615168,28.0,2.0,-0.013160906385900617,-0.010989010989007397,-0.004884004884004867
198774619149500,1.7834703,step,0.1372205691615168,28.0,2.0,-0.013160906385900617,-0.010989010989007397,-0.004884004884004867
198774620279900,1.7846007,step,0.1372205691615168,28.0,2.0,-0.013160906385900617,-0.010989010989007397,-0.004884004884004867
198774621420800,1.7857416,step,0.1372205691615168,28.0,2.0,-0.013160906385900617,-0.010989010989007397,-0.004884004884004867
198774622027800,1.7863486,step,0.1372205691615168,28.0,2.0,-0.013160906385900617,-0.010989010989007397,-0.004884004884004867
198774623076300,1.7873971,step,0.1372205691615168,28.0,2.0,-0.013160906385900617,-0.010989010989007397,-0.004884004884004867
198774624238200,1.788559,step,0.1372205691615168,28.0,2.0,-0.013160906385900617,-0.010989010989007397,-0.004884004884004867
198774625345800,1.7896666,step,0.1372205691615168,28.0,2.0,-0.013160906385900617,-0.010989010989007397,-0.004884004884004867
198774625949000,1.7902698,step,0.1372205691615168,28.0,2.0,-0.013160906385900617,-0.010989010989007397,-0.004884004884004867
198774626971200,1.791292,step,0.1372205691615168,28.0,2.0,-0.013160906385900617,-0.010989010989007397,-0.004884004884004867
198774628056000,1.7923768,step,0.1372205691615168,28.0,2.0,-0.013160906385900617,-0.010989010989007397,-0.004884004884004867
198774629131600,1.7934524,step,0.1372205691615168,28.0,2.0,-0.013160906385900617,-0.010989010989007397,-0.004884004884004867
198774630248800,1.7945696,step,0.1372205691615168,28.0,2.0,-0.013160906385900617,-0.010989010989007397,-0.004884004884004867
198774631221700,1.7955425,step,0.1372205691615168,28.0,2.0,-0.013160906385900617,-0.010989010989007397,-0.004884004884004867
198774632392900,1.7967137,step,0.1372205691615168,28.0,2.0,-0.013160906385900617,-0.010989010989007397,-0.004884004884004867
198774632961600,1.7972824,step,0.1372205691615168,28.0,2.0,-0.013160906385900617,-0.010989010989007397,-0.004884004884004867
198774634046500,1.7983673,step,0.1372205691615168,28.0,2.0,-0.013160906385900617,-0.010989010989007397,-0.004884004884004867
198774635120700,1.7994415,step,0.1372205691615168,28.0,2.0,-0.013160906385900617,-0.010989010989007397,-0.004884004884004867
198774636198300,1.8005191,step,0.1372205691615168,28.0,2.0,-0.013160906385900617,-0.010989010989007397,-0.004884004884004867
198774637249000,1.8015698,step,0.1372205691615168,28.0,2.0,-0.013160906385900617,-0.010989010989007397,-0.004884004884004867
198774638468600,1.8027894,step,0.1372205691615168,28.0,2.0,-0.013160906385900617,-0.010989010989007397,-0.004884004884004867
198774639096000,1.8034168,step,0.1372205691615168,28.0,2.0,-0.013160906385900617,-0.010989010989007397,-0.004884004884004867
198774640101400,1.8044222,step,0.1372205691615168,28.0,2.0,-0.013160906385900617,-0.010989010989007397,-0.004884004884004867
198774641154500,1.8054753,step,0.1372205691615168,28.0,2.0,-0.013160906385900617,-0.010989010989007397,-0.004884004884004867
198774642220600,1.8065414,step,0.1372205691615168,28.0,2.0,-0.013160906385900617,-0.010989010989007397,-0.004884004884004867
198774643310300,1.8076311,step,0.1372205691615168,28.0,2.0,-0.013160906385900617,-0.010989010989007397,-0.004884004884004867
198774643895100,1.8082159,step,0.1372205691615168,28.0,2.0,-0.013160906385900617,-0.010989010989007397,-0.004884004884004867
198774644897100,1.8092179,step,0.1372205691615168,28.0,2.0,-0.013160906385900617,-0.010989010989007397,-0.004884004884004867
198774645953200,1.810274,step,0.1372205691615168,28.0,2.0,-0.013160906385900617,-0.010989010989007397,-0.004884004884004867
198774647026100,1.8113469,step,0.1372205691615168,28.0,2.0,-0.013160906385900617,-0.010989010989007397,-0.004884004884004867
198774648136400,1.8124572,step,0.1372205691615168,28.0,2.0,-0.013160906385900617,-0.010989010989007397,-0.004884004884004867
198774649226800,1.8135476,step,0.1372205691615168,28.0,2.0,-0.013160906385900617,-0.010989010989007397,-0.004884004884004867
198774650352700,1.8146735,step,0.1372205691615168,28.0,2.0,-0.013160906385900617,-0.010989010989007397,-0.004884004884004867
198774650942400,1.8152632,step,0.1372205691615168,28.0,2.0,-0.013160906385900617,-0.010989010989007397,-0.004884004884004867
198774651943900,1.8162647,step,0.1372205691615168,28.0,2.0,-0.013160906385900617,-0.010989010989007397,-0.004884004884004867
198774653050700,1.8173715,step,0.1372205691615168,28.0,2.0,-0.013160906385900617,-0.010989010989007397,-0.004884004884004867
198774654294000,1.8186148,step,0.1372205691615168,28.0,2.0,-0.013160906385900617,-0.010989010989007397,-0.004884004884004867
198774655487800,1.8198086,step,0.1372205691615168,28.0,2.0,-0.013160906385900617,-0.010989010989007397,-0.004884004884004867
198774656111900,1.8204327,step,0.1372205691615168,28.0,2.0,-0.013160906385900617,-0.010989010989007397,-0.004884004884004867
198774657121300,1.8214421,step,0.1372205691615168,28.0,2.0,-0.013160906385900617,-0.010989010989007397,-0.004884004884004867
198774658129200,1.82245,step,0.1372205691615168,28.0,2.0,-0.013160906385900617,-0.010989010989007397,-0.004884004884004867
198774659125500,1.8234463,step,0.1372205691615168,28.0,2.0,-0.013160906385900617,-0.010989010989007397,-0.004884004884004867
198774660248500,1.8245693,step,0.1372205691615168,28.0,2.0,-0.013160906385900617,-0.010989010989007397,-0.004884004884004867
198774661374000,1.8256948,step,0.1372205691615168,28.0,2.0,-0.013160906385900617,-0.010989010989007397,-0.004884004884004867
198774661941900,1.8262627,step,0.1372205691615168,28.0,2.0,-0.013160906385900617,-0.010989010989007397,-0.004884004884004867
198774662964200,1.827285,step,0.1372205691615168,28.0,2.0,-0.013160906385900617,-0.010989010989007397,-0.004884004884004867
198774664054700,1.8283755,step,0.1372205691615168,28.0,2.0,-0.013160906385900617,-0.010989010989007397,-0.004884004884004867
198774665168800,1.8294896,step,0.1372205691615168,28.0,2.0,-0.013160906385900617,-0.010989010989007397,-0.004884004884004867
198774666295100,1.8306159,step,0.1372205691615168,28.0,2.0,-0.013160906385900617,-0.010989010989007397,-0.004884004884004867
198774667404700,1.8317255,step,0.1372205691615168,28.0,2.0,-0.013160906385900617,-0.010989010989007397,-0.004884004884004867
198774668042200,1.832363,step,0.1372205691615168,28.0,2.0,-0.013160906385900617,-0.010989010989007397,-0.004884004884004867
198774669043400,1.8333642,step,0.1372205691615168,28.0,2.0,-0.013160906385900617,-0.010989010989007397,-0.004884004884004867
198774670187800,1.8345086,step,0.1372205691615168,28.0,2.0,-0.013160906385900617,-0.010989010989007397,-0.004884004884004867
198774671240100,1.8355609,step,0.1372205691615168,28.0,2.0,-0.013160906385900617,-0.010989010989007397,-0.004884004884004867
198774672377100,1.8366979,step,0.1372205691615168,28.0,2.0,-0.013160906385900617,-0.010989010989007397,-0.004884004884004867
198774672962900,1.8372837,step,0.1372205691615168,28.0,2.0,-0.013160906385900617,-0.010989010989007397,-0.004884004884004867
198774673967300,1.8382881,step,0.1372205691615168,28.0,2.0,-0.013160906385900617,-0.010989010989007397,-0.004884004884004867
198774675008500,1.8393293,step,0.1372205691615168,28.0,2.0,-0.013160906385900617,-0.010989010989007397,-0.004884004884004867
198774676051300,1.8403721,step,0.1372205691615168,28.0,2.0,-0.013160906385900617,-0.010989010989007397,-0.004884004884004867
198774677130600,1.8414514,step,0.1372205691615168,28.0,2.0,-0.013160906385900617,-0.010989010989007397,-0.004884004884004867
198774678165900,1.8424867,step,0.1372205691615168,28.0,2.0,-0.013160906385900617,-0.010989010989007397,-0.004884004884004867
198774679194400,1.8435152,step,0.1372205691615168,28.0,2.0,-0.013160906385900617,-0.010989010989007397,-0.004884004884004867
198774680238900,1.8445597,step,0.1372205691615168,28.0,2.0,-0.013160906385900617,-0.010989010989007397,-0.004884004884004867
198774681392600,1.8457134,step,0.1372205691615168,28.0,2.0,-0.013160906385900617,-0.010989010989007397,-0.004884004884004867
198774682010000,1.8463308,step,0.1372205691615168,28.0,2.0,-0.013160906385900617,-0.010989010989007397,-0.004884004884004867
198774683031700,1.8473525,step,0.1372205691615168,28.0,2.0,-0.013160906385900617,-0.010989010989007397,-0.004884004884004867
198774684127400,1.8484482,step,0.1372205691615168,28.0,2.0,-0.013160906385900617,-0.010989010989007397,-0.004884004884004867
198774685174800,1.8494956,step,0.1372205691615168,28.0,2.0,-0.013160906385900617,-0.010989010989007397,-0.004884004884004867
198774686435600,1.8507564,step,0.1372205691615168,28.0,2.0,-0.013160906385900617,-0.010989010989007397,-0.004884004884004867
198774687075600,1.8513964,step,0.1372205691615168,28.0,2.0,-0.013160906385900617,-0.010989010989007397,-0.004884004884004867
198774688097200,1.852418,step,0.1372205691615168,28.0,2.0,-0.013160906385900617,-0.010989010989007397,-0.004884004884004867
198774689208100,1.8535289,step,0.1372205691615168,28.0,2.0,-0.013160906385900617,-0.010989010989007397,-0.004884004884004867
198774690353900,1.8546747,step,0.1372205691615168,28.0,2.0,-0.013160906385900617,-0.010989010989007397,-0.004884004884004867
198774690939300,1.8552601,step,0.1372205691615168,28.0,2.0,-0.013160906385900617,-0.010989010989007397,-0.004884004884004867
198774691962200,1.856283,step,0.1372205691615168,28.0,2.0,-0.013160906385900617,-0.010989010989007397,-0.004884004884004867
198774693092500,1.8574133,step,0.1372205691615168,28.0,2.0,-0.013160906385900617,-0.010989010989007397,-0.004884004884004867
198774694211300,1.8585321,step,0.1372205691615168,28.0,2.0,-0.013160906385900617,-0.010989010989007397,-0.004884004884004867
198774695335300,1.8596561,step,0.1372205691615168,28.0,2.0,-0.013160906385900617,-0.010989010989007397,-0.004884004884004867
198774695913800,1.8602346,step,0.1372205691615168,28.0,2.0,-0.013160906385900617,-0.010989010989007397,-0.004884004884004867
198774696935500,1.8612563,step,0.1372205691615168,28.0,2.0,-0.013160906385900617,-0.010989010989007397,-0.004884004884004867
198774698046100,1.8623669,step,0.1372205691615168,28.0,2.0,-0.013160906385900617,-0.010989010989007397,-0.004884004884004867
198774699150800,1.8634716,step,0.1372205691615168,28.0,2.0,-0.013160906385900617,-0.010989010989007397,-0.004884004884004867
198774700264500,1.8645853,step,0.1372205691615168,28.0,2.0,-0.013160906385900617,-0.010989010989007397,-0.004884004884004867
198774701392300,1.8657131,step,0.1372205691615168,28.0,2.0,-0.013160906385900617,-0.010989010989007397,-0.004884004884004867
198774702099800,1.8664206,step,0.1372205691615168,28.0,2.0,-0.013160906385900617,-0.010989010989007397,-0.004884004884004867
198774703039300,1.8673601,step,0.1372205691615168,28.0,2.0,-0.013160906385900617,-0.010989010989007397,-0.004884004884004867
198774704132800,1.8684536,step,0.1372205691615168,28.0,2.0,-0.013160906385900617,-0.010989010989007397,-0.004884004884004867
198774705228300,1.8695491,step,0.1372205691615168,28.0,2.0,-0.013160906385900617,-0.010989010989007397,-0.004884004884004867
198774706403000,1.8707238,step,0.1372205691615168,28.0,2.0,-0.013160906385900617,-0.010989010989007397,-0.004884004884004867
198774707040500,1.8713613,step,0.1372205691615168,28.0,2.0,-0.013160906385900617,-0.010989010989007397,-0.004884004884004867
198774708061100,1.8723819,step,0.1372205691615168,28.0,2.0,-0.013160906385900617,-0.010989010989007397,-0.004884004884004867
198774709144800,1.8734656,step,0.1372205691615168,28.0,2.0,-0.013160906385900617,-0.010989010989007397,-0.004884004884004867
198774710290100,1.8746109,step,0.1372205691615168,28.0,2.0,-0.013160906385900617,-0.010989010989007397,-0.004884004884004867
198774711416200,1.875737,step,0.1372205691615168,28.0,2.0,-0.013160906385900617,-0.010989010989007397,-0.004884004884004867
198774712027500,1.8763483,step,0.1372205691615168,28.0,2.0,-0.013160906385900617,-0.010989010989007397,-0.004884004884004867
198774713062000,1.8773828,step,0.1372205691615168,28.0,2.0,-0.013160906385900617,-0.010989010989007397,-0.004884004884004867
198774714181400,1.8785022,step,0.1372205691615168,28.0,2.0,-0.013160906385900617,-0.010989010989007397,-0.004884004884004867
198774715297000,1.8796178,step,0.1372205691615168,28.0,2.0,-0.013160906385900617,-0.010989010989007397,-0.004884004884004867
198774715873600,1.8801944,step,0.1372205691615168,28.0,2.0,-0.013160906385900617,-0.010989010989007397,-0.004884004884004867
198774716883400,1.8812042,step,0.1372205691615168,28.0,2.0,-0.013160906385900617,-0.010989010989007397,-0.004884004884004867
198774718054500,1.8823753,step,0.1372205691615168,28.0,2.0,-0.013160906385900617,-0.010989010989007397,-0.004884004884004867
198774719112600,1.8834334,step,0.1372205691615168,28.0,2.0,-0.012779430838483208,-0.010989010989007397,0.004884004884004867
198774720129400,1.8844502,step,0.1372205691615168,28.0,2.0,-0.012779430838483208,-0.010989010989007397,0.004884004884004867
198774721227400,1.8855482,step,0.1372205691615168,28.0,2.0,-0.012779430838483208,-0.010989010989007397,0.004884004884004867
198774722248900,1.8865697,step,0.1372205691615168,28.0,2.0,-0.012779430838483208,-0.010989010989007397,0.004884004884004867
198774722817800,1.8871386,step,0.1372205691615168,28.0,2.0,-0.012779430838483208,-0.010989010989007397,0.004884004884004867
198774723839100,1.8881599,step,0.1372205691615168,28.0,2.0,-0.012779430838483208,-0.010989010989007397,0.004884004884004867
198774724946600,1.8892674,step,0.1372205691615168,28.0,2.0,-0.012779430838483208,-0.010989010989007397,0.004884004884004867
198774726057500,1.8903783,step,0.1372205691615168,28.0,2.0,-0.012779430838483208,-0.010989010989007397,0.004884004884004867
198774727138500,1.8914593,step,0.1372205691615168,28.0,2.0,-0.012779430838483208,-0.010989010989007397,0.004884004884004867
198774728189500,1.8925103,step,0.1372205691615168,28.0,2.0,-0.012779430838483208,-0.010989010989007397,0.004884004884004867
198774729267400,1.8935882,step,0.1372205691615168,28.0,2.0,-0.012779430838483208,-0.010989010989007397,0.004884004884004867
198774730445200,1.894766,step,0.1372205691615168,28.0,2.0,-0.012779430838483208,-0.010989010989007397,0.004884004884004867
198774731051500,1.8953723,step,0.1372205691615168,28.0,2.0,-0.012779430838483208,-0.010989010989007397,0.004884004884004867
198774732054700,1.8963755,step,0.1372205691615168,28.0,2.0,-0.012779430838483208,-0.010989010989007397,0.004884004884004867
198774733232600,1.8975534,step,0.1372205691615168,28.0,2.0,-0.012779430838483208,-0.010989010989007397,0.004884004884004867
198774734307500,1.8986283,step,0.1372205691615168,28.0,2.0,-0.012779430838483208,-0.010989010989007397,0.004884004884004867
198774734917500,1.8992383,step,0.1372205691615168,28.0,2.0,-0.012779430838483208,-0.010989010989007397,0.004884004884004867
198774735919700,1.9002405,step,0.1372205691615168,28.0,2.0,-0.012779430838483208,-0.010989010989007397,0.004884004884004867
198774736999200,1.90132,step,0.1372205691615168,28.0,2.0,-0.012779430838483208,-0.010989010989007397,0.004884004884004867
198774738093300,1.9024141,step,0.1372205691615168,28.0,2.0,-0.012779430838483208,-0.010989010989007397,0.004884004884004867
198774739144400,1.9034652,step,0.1372205691615168,28.0,2.0,-0.012779430838483208,-0.010989010989007397,0.004884004884004867
198774740230600,1.9045514,step,0.1372205691615168,28.0,2.0,-0.012779430838483208,-0.010989010989007397,0.004884004884004867
198774741339800,1.9056606,step,0.1372205691615168,28.0,2.0,-0.012779430838483208,-0.010989010989007397,0.004884004884004867
198774741940300,1.9062611,step,0.1372205691615168,28.0,2.0,-0.012779430838483208,-0.010989010989007397,0.004884004884004867
198774742942400,1.9072632,step,0.1372205691615168,28.0,2.0,-0.012779430838483208,-0.010989010989007397,0.004884004884004867
198774744028700,1.9083495,step,0.1372205691615168,28.0,2.0,-0.012779430838483208,-0.010989010989007397,0.004884004884004867
198774745181700,1.9095025,step,0.1372205691615168,28.0,2.0,-0.012779430838483208,-0.010989010989007397,0.004884004884004867
198774746283400,1.9106042,step,0.1372205691615168,28.0,2.0,-0.012779430838483208,-0.010989010989007397,0.004884004884004867
198774747390600,1.9117114,step,0.1372205691615168,28.0,2.0,-0.012779430838483208,-0.010989010989007397,0.004884004884004867
198774747991400,1.9123122,step,0.1372205691615168,28.0,2.0,-0.012779430838483208,-0.010989010989007397,0.004884004884004867
198774749122600,1.9134434,step,0.1372205691615168,28.0,2.0,-0.012779430838483208,-0.010989010989007397,0.004884004884004867
198774750180100,1.9145009,step,0.1372205691615168,28.0,2.0,-0.012779430838483208,-0.010989010989007397,0.004884004884004867
198774751227300,1.9155481,step,0.1372205691615168,28.0,2.0,-0.012779430838483208,-0.010989010989007397,0.004884004884004867
198774752264100,1.9165849,step,0.1372205691615168,28.0,2.0,-0.012779430838483208,-0.010989010989007397,0.004884004884004867
198774753467900,1.9177887,step,0.1372205691615168,28.0,2.0,-0.012779430838483208,-0.010989010989007397,0.004884004884004867
198774754057500,1.9183783,step,0.1372205691615168,28.0,2.0,-0.012779430838483208,-0.010989010989007397,0.004884004884004867
198774755078800,1.9193996,step,0.1372205691615168,28.0,2.0,-0.012779430838483208,-0.010989010989007397,0.004884004884004867
198774756145700,1.9204665,step,0.1372205691615168,28.0,2.0,-0.012779430838483208,-0.010989010989007397,0.004884004884004867
198774757186700,1.9215075,step,0.1372205691615168,28.0,2.0,-0.012779430838483208,-0.010989010989007397,0.004884004884004867
198774758330900,1.9226517,step,0.1372205691615168,28.0,2.0,-0.012779430838483208,-0.010989010989007397,0.004884004884004867
198774759444200,1.923765,step,0.1372205691615168,28.0,2.0,-0.012779430838483208,-0.010989010989007397,0.004884004884004867
198774760062900,1.9243837,step,0.1372205691615168,28.0,2.0,-0.012779430838483208,-0.010989010989007397,0.004884004884004867
198774761084600,1.9254054,step,0.1372205691615168,28.0,2.0,-0.012779430838483208,-0.010989010989007397,0.004884004884004867
198774762187900,1.9265087,step,0.1372205691615168,28.0,2.0,-0.012779430838483208,-0.010989010989007397,0.004884004884004867
198774763316900,1.9276377,step,0.1372205691615168,28.0,2.0,-0.012779430838483208,-0.010989010989007397,0.004884004884004867
198774763895900,1.9282167,step,0.1372205691615168,28.0,2.0,-0.012779430838483208,-0.010989010989007397,0.004884004884004867
198774764966500,1.9292873,step,0.1372205691615168,28.0,2.0,-0.012779430838483208,-0.010989010989007397,0.004884004884004867
198774766074200,1.930395,step,0.1372205691615168,28.0,2.0,-0.012779430838483208,-0.010989010989007397,0.004884004884004867
198774767164300,1.9314851,step,0.1372205691615168,28.0,2.0,-0.012779430838483208,-0.010989010989007397,0.004884004884004867
198774768288100,1.9326089,step,0.1372205691615168,28.0,2.0,-0.012779430838483208,-0.010989010989007397,0.004884004884004867
198774769300800,1.9336216,step,0.1372205691615168,28.0,2.0,-0.012779430838483208,-0.010989010989007397,0.004884004884004867
198774769911400,1.9342322,step,0.1372205691615168,28.0,2.0,-0.012779430838483208,-0.010989010989007397,0.004884004884004867
198774770915100,1.9352359,step,0.1372205691615168,28.0,2.0,-0.012779430838483208,-0.010989010989007397,0.004884004884004867
198774771960600,1.9362814,step,0.1372205691615168,28.0,2.0,-0.012779430838483208,-0.010989010989007397,0.004884004884004867
198774773074200,1.937395,step,0.1372205691615168,28.0,2.0,-0.012779430838483208,-0.010989010989007397,0.004884004884004867
198774774190100,1.9385109,step,0.1372205691615168,28.0,2.0,-0.012779430838483208,-0.010989010989007397,0.004884004884004867
198774775309300,1.9396301,step,0.1372205691615168,28.0,2.0,-0.012779430838483208,-0.010989010989007397,0.004884004884004867
198774776369100,1.9406899,step,0.1372205691615168,28.0,2.0,-0.012779430838483208,-0.010989010989007397,0.004884004884004867
198774777001600,1.9413224,step,0.1372205691615168,28.0,2.0,-0.012779430838483208,-0.010989010989007397,0.004884004884004867
198774778021600,1.9423424,step,0.1372205691615168,28.0,2.0,-0.012779430838483208,-0.010989010989007397,0.004884004884004867
198774779141200,1.943462,step,0.1372205691615168,28.0,2.0,-0.012779430838483208,-0.010989010989007397,0.004884004884004867
198774780357100,1.9446779,step,0.1372205691615168,28.0,2.0,-0.012779430838483208,-0.010989010989007397,0.004884004884004867
198774781294700,1.9456155,step,0.1372205691615168,28.0,2.0,-0.012779430838483208,-0.010989010989007397,0.004884004884004867
198774782249300,1.9465701,step,0.1372205691615168,28.0,2.0,-0.012779430838483208,-0.010989010989007397,0.004884004884004867
198774783457500,1.9477783,step,0.1372205691615168,28.0,2.0,-0.012779430838483208,-0.010989010989007397,0.004884004884004867
198774784108600,1.9484294,step,0.1372205691615168,28.0,2.0,-0.012779430838483208,-0.010989010989007397,0.004884004884004867
198774785130600,1.9494514,step,0.1372205691615168,28.0,2.0,-0.012779430838483208,-0.010989010989007397,0.004884004884004867
198774786242900,1.9505637,step,0.1372205691615168,28.0,2.0,-0.012779430838483208,-0.010989010989007397,0.004884004884004867
198774787243400,1.9515642,step,0.1372205691615168,28.0,2.0,-0.012779430838483208,-0.010989010989007397,0.004884004884004867
198774787811500,1.9521323,step,0.1372205691615168,28.0,2.0,-0.012779430838483208,-0.010989010989007397,0.004884004884004867
198774788852200,1.953173,step,0.1372205691615168,28.0,2.0,-0.012779430838483208,-0.010989010989007397,0.004884004884004867
198774790557100,1.9548779,step,0.1372205691615168,28.0,2.0,-0.012779430838483208,-0.010989010989007397,0.004884004884004867
198774791196000,1.9555168,step,0.1372205691615168,28.0,2.0,-0.012779430838483208,-0.010989010989007397,0.004884004884004867
198774792199800,1.9565206,step,0.1372205691615168,28.0,2.0,-0.012779430838483208,-0.010989010989007397,0.004884004884004867
198774793270800,1.9575916,step,0.1372205691615168,28.0,2.0,-0.012779430838483208,-0.010989010989007397,0.004884004884004867
198774793839900,1.9581607,step,0.1372205691615168,28.0,2.0,-0.012779430838483208,-0.010989010989007397,0.004884004884004867
198774794860900,1.9591817,step,0.1372205691615168,28.0,2.0,-0.012779430838483208,-0.010989010989007397,0.004884004884004867
198774796059600,1.9603804,step,0.1372205691615168,28.0,2.0,-0.012779430838483208,-0.010989010989007397,0.004884004884004867
198774797140300,1.9614611,step,0.1372205691615168,28.0,2.0,-0.012779430838483208,-0.010989010989007397,0.004884004884004867
198774798202400,1.9625232,step,0.1372205691615168,28.0,2.0,-0.012779430838483208,-0.010989010989007397,0.004884004884004867
198774799317200,1.963638,step,0.1372205691615168,28.0,2.0,-0.012779430838483208,-0.010989010989007397,0.004884004884004867
198774800478900,1.9647997,step,0.1372205691615168,28.0,2.0,-0.012779430838483208,-0.010989010989007397,0.004884004884004867
198774801102200,1.965423,step,0.1372205691615168,28.0,2.0,-0.012779430838483208,-0.010989010989007397,0.004884004884004867
198774802125300,1.9664461,step,0.1372205691615168,28.0,2.0,-0.012779430838483208,-0.010989010989007397,0.004884004884004867
198774803266500,1.9675873,step,0.1372205691615168,28.0,2.0,-0.012779430838483208,-0.010989010989007397,0.004884004884004867
198774804522500,1.9688433,step,0.1372205691615168,28.0,2.0,-0.012779430838483208,-0.010989010989007397,0.004884004884004867
198774805202300,1.9695231,step,0.1372205691615168,28.0,2.0,-0.012779430838483208,-0.010989010989007397,0.004884004884004867
198774806209300,1.9705301,step,0.1372205691615168,28.0,2.0,-0.012779430838483208,-0.010989010989007397,0.004884004884004867
198774807243000,1.9715638,step,0.1372205691615168,28.0,2.0,-0.012779430838483208,-0.010989010989007397,0.004884004884004867
198774808364500,1.9726853,step,0.1372205691615168,28.0,2.0,-0.012779430838483208,-0.010989010989007397,0.004884004884004867
198774808956200,1.973277,step,0.1372205691615168,28.0,2.0,-0.012779430838483208,-0.010989010989007397,0.004884004884004867
198774809976800,1.9742976,step,0.1372205691615168,28.0,2.0,-0.012779430838483208,-0.010989010989007397,0.004884004884004867
198774811161200,1.975482,step,0.1372205691615168,28.0,2.0,-0.012779430838483208,-0.010989010989007397,0.004884004884004867
198774812242900,1.9765637,step,0.1372205691615168,28.0,2.0,-0.012779430838483208,-0.010989010989007397,0.004884004884004867
198774813345000,1.9776658,step,0.1372205691615168,28.0,2.0,-0.012779430838483208,-0.010989010989007397,0.004884004884004867
198774813977700,1.9782985,step,0.1372205691615168,28.0,2.0,-0.012779430838483208,-0.010989010989007397,0.004884004884004867
198774814998300,1.9793191,step,0.1372205691615168,28.0,2.0,-0.012779430838483208,-0.010989010989007397,0.004884004884004867
198774816078500,1.9803993,step,0.1372205691615168,28.0,2.0,-0.012779430838483208,-0.010989010989007397,0.004884004884004867
198774817135400,1.9814562,step,0.1372205691615168,28.0,2.0,-0.012779430838483208,-0.010989010989007397,0.004884004884004867
198774818269400,1.9825902,step,0.1372205691615168,28.0,2.0,-0.012779430838483208,-0.010989010989007397,0.004884004884004867
198774819397100,1.9837179,step,0.1372205691615168,28.0,2.0,-0.012779430838483208,-0.010989010989007397,0.004884004884004867
198774820006700,1.9843275,step,0.1372205691615168,28.0,2.0,-0.012779430838483208,-0.010989010989007397,0.004884004884004867
198774821010600,1.9853314,step,0.1372205691615168,28.0,2.0,-0.012779430838483208,-0.010989010989007397,0.004884004884004867
198774822081200,1.986402,step,0.1372205691615168,28.0,2.0,-0.012779430838483208,-0.010989010989007397,0.004884004884004867
198774823200600,1.9875214,step,0.1372205691615168,28.0,2.0,-0.012779430838483208,-0.010989010989007397,0.004884004884004867
198774824328900,1.9886497,step,0.1372205691615168,28.0,2.0,-0.012779430838483208,-0.010989010989007397,0.004884004884004867
198774824912000,1.9892328,step,0.1372205691615168,28.0,2.0,-0.012779430838483208,-0.010989010989007397,0.004884004884004867
198774825933200,1.990254,step,0.1372205691615168,28.0,2.0,-0.012779430838483208,-0.010989010989007397,0.004884004884004867
198774827102400,1.9914232,step,0.1372205691615168,28.0,2.0,-0.012779430838483208,-0.010989010989007397,0.004884004884004867
198774828278800,1.9925996,step,0.1372205691615168,28.0,2.0,-0.013160906385900617,-0.010989010989007397,0.004884004884004867
198774829395400,1.9937162,step,0.1372205691615168,28.0,2.0,-0.013160906385900617,-0.010989010989007397,0.004884004884004867
198774829974400,1.9942952,step,0.1372205691615168,28.0,2.0,-0.013160906385900617,-0.010989010989007397,0.004884004884004867
198774830974300,1.9952951,step,0.1372205691615168,28.0,2.0,-0.013160906385900617,-0.010989010989007397,0.004884004884004867
198774832012500,1.9963333,step,0.1372205691615168,28.0,2.0,-0.013160906385900617,-0.010989010989007397,0.004884004884004867
198774833124900,1.9974457,step,0.1372205691615168,28.0,2.0,-0.013160906385900617,-0.010989010989007397,0.004884004884004867
198774834296200,1.998617,step,0.1372205691615168,28.0,2.0,-0.013160906385900617,-0.010989010989007397,0.004884004884004867
198774835428500,1.9997493,step,0.1372205691615168,28.0,2.0,-0.013160906385900617,-0.010989010989007397,0.004884004884004867
198774836046100,2.0003669,step,0.1372205691615168,28.0,2.0,-0.013160906385900617,-0.010989010989007397,0.004884004884004867
198774837042200,2.001363,step,0.1372205691615168,28.0,2.0,-0.013160906385900617,-0.010989010989007397,0.004884004884004867
198774838150600,2.0024714,step,0.1372205691615168,28.0,2.0,-0.013160906385900617,-0.010989010989007397,0.004884004884004867
198774839228100,2.0035489,step,0.1372205691615168,28.0,2.0,-0.013160906385900617,-0.010989010989007397,0.004884004884004867
198774839852200,2.004173,step,0.1372205691615168,28.0,2.0,-0.013160906385900617,-0.010989010989007397,0.004884004884004867
198774840872500,2.0051933,step,0.1372205691615168,28.0,2.0,-0.013160906385900617,-0.010989010989007397,0.004884004884004867
198774841963000,2.0062838,step,0.1372205691615168,28.0,2.0,-0.013160906385900617,-0.010989010989007397,0.004884004884004867
198774843105800,2.0074266,step,0.1372205691615168,28.0,2.0,-0.013160906385900617,-0.010989010989007397,0.004884004884004867
198774844165200,2.008486,step,0.1372205691615168,28.0,2.0,-0.013160906385900617,-0.010989010989007397,0.004884004884004867
198774845295700,2.0096165,step,0.1372205691615168,28.0,2.0,-0.013160906385900617,-0.010989010989007397,0.004884004884004867
198774846444200,2.010765,step,0.1372205691615168,28.0,2.0,-0.013160906385900617,-0.010989010989007397,0.004884004884004867
198774847036800,2.0113576,step,0.1372205691615168,28.0,2.0,-0.013160906385900617,-0.010989010989007397,0.004884004884004867
198774848058400,2.0123792,step,0.1372205691615168,28.0,2.0,-0.013160906385900617,-0.010989010989007397,0.004884004884004867
198774849156700,2.0134775,step,0.1372205691615168,28.0,2.0,-0.013160906385900617,-0.010989010989007397,0.004884004884004867
198774850324100,2.0146449,step,0.1372205691615168,28.0,2.0,-0.013160906385900617,-0.010989010989007397,0.004884004884004867
198774851482200,2.015803,step,0.1372205691615168,28.0,2.0,-0.013160906385900617,-0.010989010989007397,0.004884004884004867
198774852099200,2.01642,step,0.1372205691615168,28.0,2.0,-0.013160906385900617,-0.010989010989007397,0.004884004884004867
198774853102600,2.0174234,step,0.1372205691615168,28.0,2.0,-0.013160906385900617,-0.010989010989007397,0.004884004884004867
198774854151800,2.0184726,step,0.1372205691615168,28.0,2.0,-0.013160906385900617,-0.010989010989007397,0.004884004884004867
198774855258500,2.0195793,step,0.1372205691615168,28.0,2.0,-0.013160906385900617,-0.010989010989007397,0.004884004884004867
198774856386400,2.0207072,step,0.1372205691615168,28.0,2.0,-0.013160906385900617,-0.010989010989007397,0.004884004884004867
198774857001700,2.0213225,step,0.1372205691615168,28.0,2.0,-0.013160906385900617,-0.010989010989007397,0.004884004884004867
198774858112500,2.0224333,step,0.1372205691615168,28.0,2.0,-0.013160906385900617,-0.010989010989007397,0.004884004884004867
198774859175100,2.0234959,step,0.1372205691615168,28.0,2.0,-0.013160906385900617,-0.010989010989007397,0.004884004884004867
198774860275200,2.024596,step,0.1372205691615168,28.0,2.0,-0.013160906385900617,-0.010989010989007397,0.004884004884004867
198774861449300,2.0257701,step,0.1372205691615168,28.0,2.0,-0.013160906385900617,-0.010989010989007397,0.004884004884004867
198774862085700,2.0264065,step,0.1372205691615168,28.0,2.0,-0.013160906385900617,-0.010989010989007397,0.004884004884004867
198774863160200,2.027481,step,0.1372205691615168,28.0,2.0,-0.013160906385900617,-0.010989010989007397,0.004884004884004867
198774864255000,2.0285758,step,0.1372205691615168,28.0,2.0,-0.013160906385900617,-0.010989010989007397,0.004884004884004867
198774865409500,2.0297303,step,0.1372205691615168,28.0,2.0,-0.013160906385900617,-0.010989010989007397,0.004884004884004867
198774866028600,2.0303494,step,0.1372205691615168,28.0,2.0,-0.013160906385900617,-0.010989010989007397,0.004884004884004867
198774867061900,2.0313827,step,0.1372205691615168,28.0,2.0,-0.013160906385900617,-0.010989010989007397,0.004884004884004867
198774868153200,2.032474,step,0.1372205691615168,28.0,2.0,-0.013160906385900617,-0.010989010989007397,0.004884004884004867
198774869255200,2.033576,step,0.1372205691615168,28.0,2.0,-0.013160906385900617,-0.010989010989007397,0.004884004884004867
198774870421800,2.0347426,step,0.1372205691615168,28.0,2.0,-0.013160906385900617,-0.010989010989007397,0.004884004884004867
198774871029200,2.03535,step,0.1372205691615168,28.0,2.0,-0.013160906385900617,-0.010989010989007397,0.004884004884004867
198774872052100,2.0363729,step,0.1372205691615168,28.0,2.0,-0.013160906385900617,-0.010989010989007397,0.004884004884004867
198774873211600,2.0375324,step,0.1372205691615168,28.0,2.0,-0.013160906385900617,-0.010989010989007397,0.004884004884004867
198774874270600,2.0385914,step,0.1372205691615168,28.0,2.0,-0.013160906385900617,-0.010989010989007397,0.004884004884004867
198774875427000,2.0397478,step,0.1372205691615168,28.0,2.0,-0.013160906385900617,-0.010989010989007397,0.004884004884004867
198774876021200,2.040342,step,0.1372205691615168,28.0,2.0,-0.013160906385900617,-0.010989010989007397,0.004884004884004867
198774877043400,2.0413642,step,0.1372205691615168,28.0,2.0,-0.013160906385900617,-0.010989010989007397,0.004884004884004867
198774878174200,2.042495,step,0.1372205691615168,28.0,2.0,-0.013160906385900617,-0.010989010989007397,0.004884004884004867
198774879179200,2.0435,step,0.1372205691615168,28.0,2.0,-0.013160906385900617,-0.010989010989007397,0.004884004884004867
198774880250900,2.0445717,step,0.1372205691615168,28.0,2.0,-0.013160906385900617,-0.010989010989007397,0.004884004884004867
198774880807500,2.0451283,step,0.1372205691615168,28.0,2.0,-0.013160906385900617,-0.010989010989007397,0.004884004884004867
198774881811700,2.0461325,step,0.1372205691615168,28.0,2.0,-0.013160906385900617,-0.010989010989007397,0.004884004884004867
198774882928900,2.0472497,step,0.1372205691615168,28.0,2.0,-0.013160906385900617,-0.010989010989007397,0.004884004884004867
198774884054000,2.0483748,step,0.1372205691615168,28.0,2.0,-0.013160906385900617,-0.010989010989007397,0.004884004884004867
198774885134300,2.0494551,step,0.1372205691615168,28.0,2.0,-0.013160906385900617,-0.010989010989007397,0.004884004884004867
198774886226500,2.0505473,step,0.1372205691615168,28.0,2.0,-0.013160906385900617,-0.010989010989007397,0.004884004884004867
198774887239900,2.0515607,step,0.1372205691615168,28.0,2.0,-0.013160906385900617,-0.010989010989007397,0.004884004884004867
198774888428000,2.0527488,step,0.1372205691615168,28.0,2.0,-0.013160906385900617,-0.010989010989007397,0.004884004884004867
198774889072600,2.0533934,step,0.1372205691615168,28.0,2.0,-0.013160906385900617,-0.010989010989007397,0.004884004884004867
198774890200800,2.0545216,step,0.1372205691615168,28.0,2.0,-0.013160906385900617,-0.010989010989007397,0.004884004884004867
198774891199100,2.0555199,step,0.1372205691615168,28.0,2.0,-0.013160906385900617,-0.010989010989007397,0.004884004884004867
198774892258800,2.0565796,step,0.1372205691615168,28.0,2.0,-0.013160906385900617,-0.010989010989007397,0.004884004884004867
198774893450300,2.0577711,step,0.1372205691615168,28.0,2.0,-0.013160906385900617,-0.010989010989007397,0.004884004884004867
198774894025300,2.0583461,step,0.1372205691615168,28.0,2.0,-0.013160906385900617,-0.010989010989007397,0.004884004884004867
198774895028200,2.059349,step,0.1372205691615168,28.0,2.0,-0.013160906385900617,-0.010989010989007397,0.004884004884004867
198774896109900,2.0604307,step,0.1372205691615168,28.0,2.0,-0.013160906385900617,-0.010989010989007397,0.004884004884004867
198774897178400,2.0614992,step,0.1372205691615168,28.0,2.0,-0.013160906385900617,-0.010989010989007397,0.004884004884004867
198774898257400,2.0625782,step,0.1372205691615168,28.0,2.0,-0.013160906385900617,-0.010989010989007397,0.004884004884004867
198774899368400,2.0636892,step,0.1372205691615168,28.0,2.0,-0.013160906385900617,-0.010989010989007397,0.004884004884004867
198774899952700,2.0642735,step,0.1372205691615168,28.0,2.0,-0.013160906385900617,-0.010989010989007397,0.004884004884004867
198774900973400,2.0652942,step,0.1372205691615168,28.0,2.0,-0.013160906385900617,-0.010989010989007397,0.004884004884004867
198774902061100,2.0663819,step,0.1372205691615168,28.0,2.0,-0.013160906385900617,-0.010989010989007397,0.004884004884004867
198774903160900,2.0674817,step,0.1372205691615168,28.0,2.0,-0.013160906385900617,-0.010989010989007397,0.004884004884004867
198774904308200,2.068629,step,0.1372205691615168,28.0,2.0,-0.013160906385900617,-0.010989010989007397,0.004884004884004867
198774905417000,2.0697378,step,0.1372205691615168,28.0,2.0,-0.013160906385900617,-0.010989010989007397,0.004884004884004867
198774906006100,2.0703269,step,0.1372205691615168,28.0,2.0,-0.013160906385900617,-0.010989010989007397,0.004884004884004867
198774907008200,2.071329,step,0.1372205691615168,28.0,2.0,-0.013160906385900617,-0.010989010989007397,0.004884004884004867
198774908147600,2.0724684,step,0.1372205691615168,28.0,2.0,-0.013160906385900617,-0.010989010989007397,0.004884004884004867
198774909209600,2.0735304,step,0.1372205691615168,28.0,2.0,-0.013160906385900617,-0.010989010989007397,0.004884004884004867
198774910324400,2.0746452,step,0.1372205691615168,28.0,2.0,-0.013160906385900617,-0.010989010989007397,0.004884004884004867
198774910913000,2.0752338,step,0.1372205691615168,28.0,2.0,-0.013160906385900617,-0.010989010989007397,0.004884004884004867
198774911917000,2.0762378,step,0.1372205691615168,28.0,2.0,-0.013160906385900617,-0.010989010989007397,0.004884004884004867
198774912983300,2.0773041,step,0.1372205691615168,28.0,2.0,-0.013160906385900617,-0.010989010989007397,0.004884004884004867
198774914047100,2.0783679,step,0.1372205691615168,28.0,2.0,-0.013160906385900617,-0.010989010989007397,0.004884004884004867
198774915112900,2.0794337,step,0.1372205691615168,28.0,2.0,-0.013160906385900617,-0.010989010989007397,0.004884004884004867
198774916201700,2.0805225,step,0.1372205691615168,28.0,2.0,-0.013160906385900617,-0.010989010989007397,0.004884004884004867
198774917265900,2.0815867,step,0.1372205691615168,28.0,2.0,-0.013160906385900617,-0.010989010989007397,0.004884004884004867
198774918399300,2.0827201,step,0.1372205691615168,28.0,2.0,-0.013160906385900617,-0.010989010989007397,0.004884004884004867
198774919019600,2.0833404,step,0.1372205691615168,28.0,2.0,-0.013160906385900617,-0.010989010989007397,0.004884004884004867
198774920111400,2.0844322,step,0.1372205691615168,28.0,2.0,-0.013160906385900617,-0.010989010989007397,0.004884004884004867
198774921332900,2.0856537,step,0.1372205691615168,28.0,2.0,-0.013160906385900617,-0.010989010989007397,0.004884004884004867
198774921928500,2.0862493,step,0.1372205691615168,28.0,2.0,-0.013160906385900617,-0.010989010989007397,0.004884004884004867
198774922950200,2.087271,step,0.1372205691615168,28.0,2.0,-0.013160906385900617,-0.010989010989007397,0.004884004884004867
198774924075100,2.0883959,step,0.1372205691615168,28.0,2.0,-0.013160906385900617,-0.010989010989007397,0.004884004884004867
198774925208900,2.0895297,step,0.1372205691615168,28.0,2.0,-0.013160906385900617,-0.010989010989007397,0.004884004884004867
198774926283900,2.0906047,step,0.1372205691615168,28.0,2.0,-0.013160906385900617,-0.010989010989007397,0.004884004884004867
198774927448100,2.0917689,step,0.1372205691615168,28.0,2.0,-0.013160906385900617,-0.010989010989007397,0.004884004884004867
198774928038000,2.0923588,step,0.1372205691615168,28.0,2.0,-0.013160906385900617,-0.010989010989007397,0.004884004884004867
198774929060700,2.0933815,step,0.1372205691615168,28.0,2.0,-0.013160906385900617,-0.010989010989007397,0.004884004884004867
198774930163500,2.0944843,step,0.1372205691615168,28.0,2.0,-0.013160906385900617,-0.010989010989007397,0.004884004884004867
198774931336300,2.0956571,step,0.1372205691615168,28.0,2.0,-0.013160906385900617,-0.010989010989007397,0.004884004884004867
198774932484700,2.0968055,step,0.1372205691615168,28.0,2.0,-0.013160906385900617,-0.010989010989007397,0.004884004884004867
198774933086800,2.0974076,step,0.1372205691615168,28.0,2.0,-0.013160906385900617,-0.010989010989007397,0.004884004884004867
198774934108300,2.0984291,step,0.1372205691615168,28.0,2.0,-0.013160906385900617,-0.010989010989007397,0.004884004884004867
198774935300500,2.0996213,step,0.1372205691615168,28.0,2.0,-0.013160906385900617,-0.010989010989007397,0.004884004884004867
198774936201100,2.1005219,step,0.1372205691615168,28.0,2.0,-0.013160906385900617,-0.010989010989007397,0.004884004884004867
198774937204900,2.1015257,step,0.1372205691615168,28.0,2.0,-0.013160906385900617,-0.010989010989007397,0.004884004884004867
198774938340100,2.1026609,step,0.1372205691615168,28.0,2.0,-0.013160906385900617,-0.010989010989007397,0.004884004884004867
198774938958800,2.1032796,step,0.1372205691615168,28.0,2.0,-0.013160906385900617,-0.010989010989007397,0.004884004884004867
198774939981300,2.1043021,step,0.1372205691615168,28.0,2.0,-0.013160906385900617,-0.010989010989007397,0.004884004884004867
198774941096500,2.1054173,step,0.1372205691615168,28.0,2.0,-0.013160906385900617,-0.010989010989007397,0.004884004884004867
198774942197600,2.1065184,step,0.1372205691615168,28.0,2.0,-0.013160906385900617,-0.010989010989007397,0.004884004884004867
198774943253700,2.1075745,step,0.1372205691615168,28.0,2.0,-0.013160906385900617,-0.010989010989007397,0.004884004884004867
198774944357400,2.1086782,step,0.1372205691615168,28.0,2.0,-0.013160906385900617,-0.010989010989007397,0.004884004884004867
198774944948900,2.1092697,step,0.1372205691615168,28.0,2.0,-0.013160906385900617,-0.010989010989007397,0.004884004884004867
198774945970500,2.1102913,step,0.1372205691615168,28.0,2.0,-0.013160906385900617,-0.010989010989007397,0.004884004884004867
198774947095000,2.1114158,step,0.1372205691615168,28.0,2.0,-0.013160906385900617,-0.010989010989007397,0.004884004884004867
198774948224200,2.112545,step,0.1372205691615168,28.0,2.0,-0.013160906385900617,-0.010989010989007397,0.004884004884004867
198774949353300,2.1136741,step,0.1372205691615168,28.0,2.0,-0.013160906385900617,-0.010989010989007397,0.004884004884004867
198774949940900,2.1142617,step,0.1372205691615168,28.0,2.0,-0.013160906385900617,-0.010989010989007397,0.004884004884004867
198774951034800,2.1153556,step,0.1372205691615168,28.0,2.0,-0.013160906385900617,-0.010989010989007397,0.004884004884004867
198774952154700,2.1164755,step,0.1372205691615168,28.0,2.0,-0.013160906385900617,-0.010989010989007397,0.004884004884004867
198774953156700,2.1174775,step,0.1372205691615168,28.0,2.0,-0.013160906385900617,-0.010989010989007397,0.004884004884004867
198774954263100,2.1185839,step,0.1372205691615168,28.0,2.0,-0.013160906385900617,-0.010989010989007397,0.004884004884004867
198774955346100,2.1196669,step,0.1372205691615168,28.0,2.0,-0.013160906385900617,-0.010989010989007397,0.004884004884004867
198774955942000,2.1202628,step,0.1372205691615168,28.0,2.0,-0.013160906385900617,-0.010989010989007397,0.004884004884004867
198774956965100,2.1212859,step,0.1372205691615168,28.0,2.0,-0.013160906385900617,-0.010989010989007397,0.004884004884004867
198774958090200,2.122411,step,0.1372205691615168,28.0,2.0,-0.013160906385900617,-0.010989010989007397,0.004884004884004867
198774959168400,2.1234892,step,0.1372205691615168,28.0,2.0,-0.013160906385900617,-0.010989010989007397,0.004884004884004867
198774960177700,2.1244985,step,0.1372205691615168,28.0,2.0,-0.013160906385900617,-0.010989010989007397,0.004884004884004867
198774961280400,2.1256012,step,0.1372205691615168,28.0,2.0,-0.013160906385900617,-0.010989010989007397,0.004884004884004867
198774962393700,2.1267145,step,0.1372205691615168,28.0,2.0,-0.013160906385900617,-0.010989010989007397,0.004884004884004867
198774962997400,2.1273182,step,0.1372205691615168,28.0,2.0,-0.013160906385900617,-0.010989010989007397,0.004884004884004867
198774964021900,2.1283427,step,0.1372205691615168,28.0,2.0,-0.013160906385900617,-0.010989010989007397,0.004884004884004867
198774965116600,2.1294374,step,0.1372205691615168,28.0,2.0,-0.013160906385900617,-0.010989010989007397,0.004884004884004867
198774966317300,2.1306381,step,0.1372205691615168,28.0,2.0,-0.013160906385900617,-0.010989010989007397,0.004884004884004867
198774967210200,2.131531,step,0.1372205691615168,28.0,2.0,-0.013160906385900617,-0.010989010989007397,0.004884004884004867
198774968216500,2.1325373,step,0.1372205691615168,28.0,2.0,-0.013160906385900617,-0.010989010989007397,0.004884004884004867
198774969383200,2.133704,step,0.1372205691615168,28.0,2.0,-0.013160906385900617,-0.010989010989007397,0.004884004884004867
198774970055400,2.1343762,step,0.1372205691615168,28.0,2.0,-0.013160906385900617,-0.010989010989007397,0.004884004884004867
198774971077100,2.1353979,step,0.1372205691615168,28.0,2.0,-0.013160906385900617,-0.010989010989007397,0.004884004884004867
198774972148300,2.1364691,step,0.1372205691615168,28.0,2.0,-0.013160906385900617,-0.010989010989007397,0.004884004884004867
198774973244600,2.1375654,step,0.1372205691615168,28.0,2.0,-0.013160906385900617,-0.010989010989007397,0.004884004884004867
198774974266100,2.1385869,step,0.1372205691615168,28.0,2.0,-0.013160906385900617,-0.010989010989007397,0.004884004884004867
198774975374200,2.139695,step,0.1372205691615168,28.0,2.0,-0.013160906385900617,-0.010989010989007397,0.004884004884004867
198774975970200,2.140291,step,0.1372205691615168,28.0,2.0,-0.013160906385900617,-0.010989010989007397,0.004884004884004867
198774976973600,2.1412944,step,0.1372205691615168,28.0,2.0,-0.013160906385900617,-0.010989010989007397,0.004884004884004867
198774978096600,2.1424174,step,0.1372205691615168,28.0,2.0,-0.013160906385900617,-0.010989010989007397,0.004884004884004867
198774979208500,2.1435293,step,0.1372205691615168,28.0,2.0,-0.013160906385900617,-0.010989010989007397,0.004884004884004867
198774980291100,2.1446119,step,0.1372205691615168,28.0,2.0,-0.013160906385900617,-0.010989010989007397,0.004884004884004867
198774980905400,2.1452262,step,0.1372205691615168,28.0,2.0,-0.013160906385900617,-0.010989010989007397,0.004884004884004867
198774981979800,2.1463006,step,0.1372205691615168,28.0,2.0,-0.013160906385900617,-0.010989010989007397,0.004884004884004867
198774983112200,2.147433,step,0.1372205691615168,28.0,2.0,-0.013160906385900617,-0.010989010989007397,0.004884004884004867
198774984130200,2.148451,step,0.1372205691615168,28.0,2.0,-0.013160906385900617,-0.010989010989007397,0.004884004884004867
198774985116800,2.1494376,step,0.1372205691615168,28.0,2.0,-0.013160906385900617,-0.010989010989007397,0.004884004884004867
198774986143000,2.1504638,step,0.1372205691615168,28.0,2.0,-0.013160906385900617,-0.010989010989007397,0.004884004884004867
198774987234900,2.1515557,step,0.1372205691615168,28.0,2.0,-0.013160906385900617,-0.010989010989007397,0.004884004884004867
198774988328000,2.1526488,step,0.1372205691615168,28.0,2.0,-0.013160906385900617,-0.010989010989007397,0.004884004884004867
198774988936600,2.1532574,step,0.1372205691615168,28.0,2.0,-0.013160906385900617,-0.010989010989007397,0.004884004884004867
198774989961600,2.1542824,step,0.1372205691615168,28.0,2.0,-0.013160906385900617,-0.010989010989007397,0.004884004884004867
198774991035000,2.1553558,step,0.1372205691615168,28.0,2.0,-0.013160906385900617,-0.010989010989007397,0.004884004884004867
198774992112500,2.1564333,step,0.1372205691615168,28.0,2.0,-0.013160906385900617,-0.010989010989007397,0.004884004884004867
198774993185900,2.1575067,step,0.1372205691615168,28.0,2.0,-0.013160906385900617,-0.010989010989007397,0.004884004884004867
198774994256200,2.158577,step,0.1372205691615168,28.0,2.0,-0.013160906385900617,-0.010989010989007397,0.004884004884004867
198774995349500,2.1596703,step,0.1372205691615168,28.0,2.0,-0.013160906385900617,-0.010989010989007397,0.004884004884004867
198774995963800,2.1602846,step,0.1372205691615168,28.0,2.0,-0.013160906385900617,-0.010989010989007397,0.004884004884004867
198774996967500,2.1612883,step,0.1372205691615168,28.0,2.0,-0.013160906385900617,-0.010989010989007397,0.004884004884004867
198774998109600,2.1624304,step,0.1372205691615168,28.0,2.0,-0.013160906385900617,-0.010989010989007397,0.004884004884004867
198774999175700,2.1634965,step,0.1372205691615168,28.0,2.0,-0.013160906385900617,-0.010989010989007397,0.004884004884004867
198775000214600,2.1645354,step,0.1372205691615168,28.0,2.0,-0.013160906385900617,-0.010989010989007397,0.004884004884004867
198775001279700,2.1656005,step,0.1372205691615168,28.0,2.0,-0.013160906385900617,-0.010989010989007397,0.004884004884004867
198775002380100,2.1667009,step,0.1372205691615168,28.0,2.0,-0.013160906385900617,-0.010989010989007397,0.004884004884004867
198775002971500,2.1672923,step,0.1372205691615168,28.0,2.0,-0.013160906385900617,-0.010989010989007397,0.004884004884004867
198775003975800,2.1682966,step,0.1372205691615168,28.0,2.0,-0.013160906385900617,-0.010989010989007397,0.004884004884004867
198775005019200,2.16934,step,0.1372205691615168,28.0,2.0,-0.013160906385900617,-0.010989010989007397,0.004884004884004867
198775006068500,2.1703893,step,0.1372205691615168,28.0,2.0,-0.013160906385900617,-0.010989010989007397,0.004884004884004867
198775007110800,2.1714316,step,0.1372205691615168,28.0,2.0,-0.013160906385900617,-0.010989010989007397,0.004884004884004867
198775008170400,2.1724912,step,0.1372205691615168,28.0,2.0,-0.013160906385900617,-0.010989010989007397,0.004884004884004867
198775009214100,2.1735349,step,0.1372205691615168,28.0,2.0,-0.013160906385900617,-0.010989010989007397,0.004884004884004867
198775010250300,2.1745711,step,0.1372205691615168,28.0,2.0,-0.013160906385900617,-0.010989010989007397,0.004884004884004867
198775010818600,2.1751394,step,0.1372205691615168,28.0,2.0,-0.013160906385900617,-0.010989010989007397,0.004884004884004867
198775011823200,2.176144,step,0.1372205691615168,28.0,2.0,-0.013160906385900617,-0.010989010989007397,0.004884004884004867
198775012945300,2.1772661,step,0.1372205691615168,28.0,2.0,-0.013160906385900617,-0.010989010989007397,0.004884004884004867
198775014008800,2.1783296,step,0.1372205691615168,28.0,2.0,-0.013160906385900617,-0.010989010989007397,0.004884004884004867
198775015044800,2.1793656,step,0.1372205691615168,28.0,2.0,-0.013160906385900617,-0.010989010989007397,0.004884004884004867
198775016091300,2.1804121,step,0.1372205691615168,28.0,2.0,-0.013160906385900617,-0.010989010989007397,0.004884004884004867
198775017134900,2.1814557,step,0.1372205691615168,28.0,2.0,-0.013160906385900617,-0.010989010989007397,0.004884004884004867
198775018175000,2.1824958,step,0.1372205691615168,28.0,2.0,-0.013160906385900617,-0.010989010989007397,0.004884004884004867
198775019224200,2.183545,step,0.1372205691615168,28.0,2.0,-0.013160906385900617,-0.010989010989007397,0.004884004884004867
198775020236800,2.1845576,step,0.1372205691615168,28.0,2.0,-0.013160906385900617,-0.010989010989007397,0.004884004884004867
198775021326700,2.1856475,step,0.1372205691615168,28.0,2.0,-0.013160906385900617,-0.010989010989007397,0.004884004884004867
198775021929500,2.1862503,step,0.1372205691615168,28.0,2.0,-0.013160906385900617,-0.010989010989007397,0.004884004884004867
198775022928600,2.1872494,step,0.1372205691615168,28.0,2.0,-0.013160906385900617,-0.010989010989007397,0.004884004884004867
198775024052100,2.1883729,step,0.1372205691615168,28.0,2.0,-0.013160906385900617,-0.010989010989007397,0.004884004884004867
198775025160500,2.1894813,step,0.1372205691615168,28.0,2.0,-0.013160906385900617,-0.010989010989007397,0.004884004884004867
198775026297200,2.190618,step,0.1372205691615168,28.0,2.0,-0.013160906385900617,-0.010989010989007397,0.004884004884004867
198775027444000,2.1917648,step,0.1372205691615168,28.0,2.0,-0.013160906385900617,-0.010989010989007397,0.004884004884004867
198775028098400,2.1924192,step,0.1372205691615168,28.0,2.0,-0.013160906385900617,-0.010989010989007397,0.004884004884004867
198775029116200,2.193437,step,0.1372205691615168,28.0,2.0,-0.013160906385900617,-0.010989010989007397,0.004884004884004867
198775030188100,2.1945089,step,0.1372205691615168,28.0,2.0,-0.013160906385900617,-0.010989010989007397,0.004884004884004867
198775031285400,2.1956062,step,0.1372205691615168,28.0,2.0,-0.013160906385900617,-0.010989010989007397,0.004884004884004867
198775031878600,2.1961994,step,0.1372205691615168,28.0,2.0,-0.013160906385900617,-0.010989010989007397,0.004884004884004867
198775032886000,2.1972068,step,0.1372205691615168,28.0,2.0,-0.013160906385900617,-0.010989010989007397,0.004884004884004867
198775034026400,2.1983472,step,0.1372205691615168,28.0,2.0,-0.013160906385900617,-0.010989010989007397,0.004884004884004867
198775035106200,2.199427,step,0.1372205691615168,28.0,2.0,-0.013160906385900617,-0.010989010989007397,0.004884004884004867
198775036194200,2.200515,step,0.1372205691615168,28.0,2.0,-0.013160906385900617,-0.010989010989007397,0.004884004884004867
198775037236500,2.2015573,step,0.1372205691615168,28.0,2.0,-0.013160906385900617,-0.010989010989007397,0.004884004884004867
198775038261800,2.2025826,step,0.1372205691615168,28.0,2.0,-0.013160906385900617,-0.010989010989007397,0.004884004884004867
198775039417200,2.203738,step,0.1372205691615168,28.0,2.0,-0.013160906385900617,-0.010989010989007397,0.004884004884004867
198775040027200,2.204348,step,0.1372205691615168,28.0,2.0,-0.013160906385900617,-0.010989010989007397,0.004884004884004867
198775041174800,2.2054956,step,0.1372205691615168,28.0,2.0,-0.013160906385900617,-0.010989010989007397,0.004884004884004867
198775042151600,2.2064724,step,0.1372205691615168,28.0,2.0,-0.013160906385900617,-0.010989010989007397,0.004884004884004867
198775043314500,2.2076353,step,0.1372205691615168,28.0,2.0,-0.013160906385900617,-0.0329670329670364,0.004884004884004867
198775044233000,2.2085538,step,0.1372205691615168,28.0,2.0,-0.012779430838483208,-0.010989010989007397,0.004884004884004867
198775045234600,2.2095554,step,0.1372205691615168,28.0,2.0,-0.012779430838483208,-0.010989010989007397,0.004884004884004867
198775046336300,2.2106571,step,0.1372205691615168,28.0,2.0,-0.012779430838483208,-0.010989010989007397,0.004884004884004867
198775046921000,2.2112418,step,0.1372205691615168,28.0,2.0,-0.012779430838483208,-0.010989010989007397,0.004884004884004867
198775047943200,2.212264,step,0.1372205691615168,28.0,2.0,-0.012779430838483208,-0.010989010989007397,0.004884004884004867
198775049003100,2.2133239,step,0.1372205691615168,28.0,2.0,-0.012779430838483208,-0.010989010989007397,0.004884004884004867
198775050066200,2.214387,step,0.1372205691615168,28.0,2.0,-0.012779430838483208,-0.010989010989007397,0.004884004884004867
198775051100300,2.2154211,step,0.1372205691615168,28.0,2.0,-0.012779430838483208,-0.010989010989007397,0.004884004884004867
198775052135800,2.2164566,step,0.1372205691615168,28.0,2.0,-0.012779430838483208,-0.010989010989007397,0.004884004884004867
198775053191100,2.2175119,step,0.1372205691615168,28.0,2.0,-0.012779430838483208,-0.010989010989007397,0.004884004884004867
198775054229400,2.2185502,step,0.1372205691615168,28.0,2.0,-0.012779430838483208,-0.010989010989007397,0.004884004884004867
198775055274800,2.2195956,step,0.1372205691615168,28.0,2.0,-0.012779430838483208,-0.010989010989007397,0.004884004884004867
198775056327500,2.2206483,step,0.1372205691615168,28.0,2.0,-0.012779430838483208,-0.010989010989007397,0.004884004884004867
198775056930200,2.221251,step,0.1372205691615168,28.0,2.0,-0.012779430838483208,-0.010989010989007397,0.004884004884004867
198775058007400,2.2223282,step,0.1372205691615168,28.0,2.0,-0.012779430838483208,-0.010989010989007397,0.004884004884004867
198775059452200,2.223773,step,0.1372205691615168,28.0,2.0,-0.012779430838483208,-0.010989010989007397,0.004884004884004867
198775060056700,2.2243775,step,0.1372205691615168,28.0,2.0,-0.012779430838483208,-0.010989010989007397,0.004884004884004867
198775061059800,2.2253806,step,0.1372205691615168,28.0,2.0,-0.012779430838483208,-0.010989010989007397,0.004884004884004867
198775062117000,2.2264378,step,0.1372205691615168,28.0,2.0,-0.012779430838483208,-0.010989010989007397,0.004884004884004867
198775063198500,2.2275193,step,0.1372205691615168,28.0,2.0,-0.012779430838483208,-0.010989010989007397,0.004884004884004867
198775064282700,2.2286035,step,0.1372205691615168,28.0,2.0,-0.012779430838483208,-0.010989010989007397,0.004884004884004867
198775064882700,2.2292035,step,0.1372205691615168,28.0,2.0,-0.012779430838483208,-0.010989010989007397,0.004884004884004867
198775065925200,2.230246,step,0.1372205691615168,28.0,2.0,-0.012779430838483208,-0.010989010989007397,0.004884004884004867
198775066966500,2.2312873,step,0.1372205691615168,28.0,2.0,-0.012779430838483208,-0.010989010989007397,0.004884004884004867
198775068128200,2.232449,step,0.1372205691615168,28.0,2.0,-0.012779430838483208,-0.010989010989007397,0.004884004884004867
198775069127100,2.2334479,step,0.1372205691615168,28.0,2.0,-0.012779430838483208,-0.010989010989007397,0.004884004884004867
198775070149200,2.23447,step,0.1372205691615168,28.0,2.0,-0.012779430838483208,-0.010989010989007397,0.004884004884004867
198775071170300,2.2354911,step,0.1372205691615168,28.0,2.0,-0.012779430838483208,-0.010989010989007397,0.004884004884004867
198775072189200,2.23651,step,0.1372205691615168,28.0,2.0,-0.012779430838483208,-0.010989010989007397,0.004884004884004867
198775073262700,2.2375835,step,0.1372205691615168,28.0,2.0,-0.012779430838483208,-0.010989010989007397,0.004884004884004867
198775073996500,2.2383173,step,0.1372205691615168,28.0,2.0,-0.012779430838483208,-0.010989010989007397,0.004884004884004867
198775075009200,2.23933,step,0.1372205691615168,28.0,2.0,-0.012779430838483208,-0.010989010989007397,0.004884004884004867
198775076020600,2.2403414,step,0.1372205691615168,28.0,2.0,-0.012779430838483208,-0.010989010989007397,0.004884004884004867
198775077032700,2.2413535,step,0.1372205691615168,28.0,2.0,-0.012779430838483208,-0.010989010989007397,0.004884004884004867
198775078053800,2.2423746,step,0.1372205691615168,28.0,2.0,-0.012779430838483208,-0.010989010989007397,0.004884004884004867
198775079059100,2.2433799,step,0.1372205691615168,28.0,2.0,-0.012779430838483208,-0.010989010989007397,0.004884004884004867
198775080073600,2.2443944,step,0.1372205691615168,28.0,2.0,-0.012779430838483208,-0.010989010989007397,0.004884004884004867
198775081100500,2.2454213,step,0.1372205691615168,28.0,2.0,-0.012779430838483208,-0.010989010989007397,0.004884004884004867
198775082140900,2.2464617,step,0.1372205691615168,28.0,2.0,-0.012779430838483208,-0.010989010989007397,0.004884004884004867
198775083159800,2.2474806,step,0.1372205691615168,28.0,2.0,-0.012779430838483208,-0.010989010989007397,0.004884004884004867
198775084295500,2.2486163,step,0.1372205691615168,28.0,2.0,-0.012779430838483208,-0.010989010989007397,0.004884004884004867
198775084878000,2.2491988,step,0.1372205691615168,28.0,2.0,-0.012779430838483208,-0.010989010989007397,0.004884004884004867
198775085882100,2.2502029,step,0.1372205691615168,28.0,2.0,-0.012779430838483208,-0.010989010989007397,0.004884004884004867
198775086948100,2.2512689,step,0.1372205691615168,28.0,2.0,-0.012779430838483208,-0.010989010989007397,0.004884004884004867
198775088078100,2.2523989,step,0.1372205691615168,28.0,2.0,-0.012779430838483208,-0.010989010989007397,0.004884004884004867
198775089283100,2.2536039,step,0.1372205691615168,28.0,2.0,-0.012779430838483208,-0.010989010989007397,0.004884004884004867
198775090164100,2.2544849,step,0.1372205691615168,28.0,2.0,-0.012779430838483208,-0.010989010989007397,0.004884004884004867
198775091165700,2.2554865,step,0.1372205691615168,28.0,2.0,-0.012779430838483208,-0.010989010989007397,0.004884004884004867
198775092230500,2.2565513,step,0.1372205691615168,28.0,2.0,-0.012779430838483208,-0.010989010989007397,0.004884004884004867
198775093358100,2.2576789,step,0.1372205691615168,28.0,2.0,-0.012779430838483208,-0.010989010989007397,0.004884004884004867
198775093941600,2.2582624,step,0.1372205691615168,28.0,2.0,-0.012779430838483208,-0.010989010989007397,0.004884004884004867
198775094943700,2.2592645,step,0.1372205691615168,28.0,2.0,-0.012779430838483208,-0.010989010989007397,0.004884004884004867
198775095976200,2.260297,step,0.1372205691615168,28.0,2.0,-0.012779430838483208,-0.010989010989007397,0.004884004884004867
198775097020600,2.2613414,step,0.1372205691615168,28.0,2.0,-0.012779430838483208,-0.010989010989007397,0.004884004884004867
198775098058100,2.2623789,step,0.1372205691615168,28.0,2.0,-0.012779430838483208,-0.010989010989007397,0.004884004884004867
198775099118600,2.2634394,step,0.1372205691615168,28.0,2.0,-0.012779430838483208,-0.010989010989007397,0.004884004884004867
198775100184600,2.2645054,step,0.1372205691615168,28.0,2.0,-0.012779430838483208,-0.010989010989007397,0.004884004884004867
198775101293400,2.2656142,step,0.1372205691615168,28.0,2.0,-0.012779430838483208,-0.010989010989007397,0.004884004884004867
198775102477800,2.2667986,step,0.1372205691615168,28.0,2.0,-0.012779430838483208,-0.010989010989007397,0.004884004884004867
198775103080300,2.2674011,step,0.1372205691615168,28.0,2.0,-0.012779430838483208,-0.010989010989007397,0.004884004884004867
198775104190400,2.2685112,step,0.1372205691615168,28.0,2.0,-0.012779430838483208,-0.010989010989007397,0.004884004884004867
198775104969100,2.2692899,step,0.1372205691615168,28.0,2.0,-0.012779430838483208,-0.010989010989007397,0.004884004884004867
198775105972500,2.2702933,step,0.1372205691615168,28.0,2.0,-0.012779430838483208,-0.010989010989007397,0.004884004884004867
198775107072000,2.2713928,step,0.1372205691615168,28.0,2.0,-0.012779430838483208,-0.010989010989007397,0.004884004884004867
198775108174300,2.2724951,step,0.1372205691615168,28.0,2.0,-0.012779430838483208,-0.010989010989007397,0.004884004884004867
198775109258100,2.2735789,step,0.1372205691615168,28.0,2.0,-0.012779430838483208,-0.010989010989007397,0.004884004884004867
198775110387600,2.2747084,step,0.1372205691615168,28.0,2.0,-0.012779430838483208,-0.010989010989007397,0.004884004884004867
198775110959500,2.2752803,step,0.1372205691615168,28.0,2.0,-0.012779430838483208,-0.010989010989007397,0.004884004884004867
198775111962800,2.2762836,step,0.1372205691615168,28.0,2.0,-0.012779430838483208,-0.010989010989007397,0.004884004884004867
198775113047300,2.2773681,step,0.1372205691615168,28.0,2.0,-0.012779430838483208,-0.010989010989007397,0.004884004884004867
198775114082800,2.2784036,step,0.1372205691615168,28.0,2.0,-0.012779430838483208,-0.010989010989007397,0.004884004884004867
198775115156500,2.2794773,step,0.1372205691615168,28.0,2.0,-0.012779430838483208,-0.010989010989007397,0.004884004884004867
198775116329400,2.2806502,step,0.1372205691615168,28.0,2.0,-0.012779430838483208,-0.010989010989007397,0.004884004884004867
198775117469300,2.2817901,step,0.1372205691615168,28.0,2.0,-0.012779430838483208,-0.010989010989007397,0.004884004884004867
198775118052400,2.2823732,step,0.1372205691615168,28.0,2.0,-0.012779430838483208,-0.010989010989007397,0.004884004884004867
198775119054200,2.283375,step,0.1372205691615168,28.0,2.0,-0.012779430838483208,-0.010989010989007397,0.004884004884004867
198775120194100,2.2845149,step,0.1372205691615168,28.0,2.0,-0.012779430838483208,-0.010989010989007397,0.004884004884004867
198775121333600,2.2856544,step,0.1372205691615168,28.0,2.0,-0.012779430838483208,-0.010989010989007397,0.004884004884004867
198775122449300,2.2867701,step,0.1372205691615168,28.0,2.0,-0.012779430838483208,-0.010989010989007397,0.004884004884004867
198775123039900,2.2873607,step,0.1372205691615168,28.0,2.0,-0.012779430838483208,-0.010989010989007397,0.004884004884004867
198775124042100,2.2883629,step,0.1372205691615168,28.0,2.0,-0.012779430838483208,-0.010989010989007397,0.004884004884004867
198775125150300,2.2894711,step,0.1372205691615168,28.0,2.0,-0.012779430838483208,-0.010989010989007397,0.004884004884004867
198775126272200,2.290593,step,0.1372205691615168,28.0,2.0,-0.012779430838483208,-0.010989010989007397,0.004884004884004867
198775127378100,2.2916989,step,0.1372205691615168,28.0,2.0,-0.012779430838483208,-0.010989010989007397,0.004884004884004867
198775127973600,2.2922944,step,0.1372205691615168,28.0,2.0,-0.012779430838483208,-0.010989010989007397,0.004884004884004867
198775129018100,2.2933389,step,0.1372205691615168,28.0,2.0,-0.012779430838483208,-0.010989010989007397,0.004884004884004867
198775130050700,2.2943715,step,0.1372205691615168,28.0,2.0,-0.012779430838483208,-0.010989010989007397,0.004884004884004867
198775131082500,2.2954033,step,0.1372205691615168,28.0,2.0,-0.012779430838483208,-0.010989010989007397,0.004884004884004867
198775132115300,2.2964361,step,0.1372205691615168,28.0,2.0,-0.012779430838483208,-0.010989010989007397,0.004884004884004867
198775133215900,2.2975367,step,0.1372205691615168,28.0,2.0,-0.012779430838483208,-0.010989010989007397,0.004884004884004867
198775134346800,2.2986676,step,0.1372205691615168,28.0,2.0,-0.012779430838483208,-0.010989010989007397,0.004884004884004867
198775134955100,2.2992759,step,0.1372205691615168,28.0,2.0,-0.012779430838483208,-0.010989010989007397,0.004884004884004867
198775136114800,2.3004356,step,0.1372205691615168,28.0,2.0,-0.012779430838483208,-0.010989010989007397,0.004884004884004867
198775137466400,2.3017872,step,0.1372205691615168,28.0,2.0,-0.012779430838483208,-0.010989010989007397,0.004884004884004867
198775138042600,2.3023634,step,0.1372205691615168,28.0,2.0,-0.012779430838483208,-0.010989010989007397,0.004884004884004867
198775139042500,2.3033633,step,0.1372205691615168,28.0,2.0,-0.012779430838483208,-0.010989010989007397,0.004884004884004867
198775140087000,2.3044078,step,0.1372205691615168,28.0,2.0,-0.012779430838483208,-0.010989010989007397,0.004884004884004867
198775141121200,2.305442,step,0.1372205691615168,28.0,2.0,-0.012779430838483208,-0.010989010989007397,0.004884004884004867
198775142156700,2.3064775,step,0.1372205691615168,28.0,2.0,-0.012779430838483208,-0.010989010989007397,0.004884004884004867
198775143196000,2.3075168,step,0.1372205691615168,28.0,2.0,-0.012779430838483208,-0.010989010989007397,0.004884004884004867
198775144254600,2.3085754,step,0.1372205691615168,28.0,2.0,-0.012779430838483208,-0.010989010989007397,0.004884004884004867
198775144833900,2.3091547,step,0.1372205691615168,28.0,2.0,-0.012779430838483208,-0.010989010989007397,0.004884004884004867
198775145907600,2.3102284,step,0.1372205691615168,28.0,2.0,-0.012779430838483208,-0.010989010989007397,0.004884004884004867
198775146891700,2.3112125,step,0.1372205691615168,28.0,2.0,-0.012779430838483208,-0.010989010989007397,0.004884004884004867
198775147951900,2.3122727,step,0.1372205691615168,28.0,2.0,-0.012779430838483208,-0.010989010989007397,0.004884004884004867
198775149006200,2.313327,step,0.1372205691615168,28.0,2.0,-0.012779430838483208,-0.010989010989007397,0.004884004884004867
198775150150800,2.3144716,step,0.1372205691615168,28.0,2.0,-0.012779430838483208,-0.010989010989007397,0.004884004884004867
198775151443600,2.3157644,step,0.1372205691615168,28.0,2.0,-0.012779430838483208,-0.010989010989007397,0.004884004884004867
198775152410400,2.3167312,step,0.1372205691615168,28.0,2.0,-0.013160906385900617,-0.010989010989007397,0.004884004884004867
198775153027100,2.3173479,step,0.1372205691615168,28.0,2.0,-0.013160906385900617,-0.010989010989007397,0.004884004884004867
198775154029900,2.3183507,step,0.1372205691615168,28.0,2.0,-0.013160906385900617,-0.010989010989007397,0.004884004884004867
198775155068500,2.3193893,step,0.1372205691615168,28.0,2.0,-0.013160906385900617,-0.010989010989007397,0.004884004884004867
198775156134700,2.3204555,step,0.1372205691615168,28.0,2.0,-0.013160906385900617,-0.010989010989007397,0.004884004884004867
198775157169300,2.3214901,step,0.1372205691615168,28.0,2.0,-0.013160906385900617,-0.010989010989007397,0.004884004884004867
198775158271300,2.3225921,step,0.1372205691615168,28.0,2.0,-0.013160906385900617,-0.010989010989007397,0.004884004884004867
198775159447800,2.3237686,step,0.1372205691615168,28.0,2.0,-0.013160906385900617,-0.010989010989007397,0.004884004884004867
198775160033700,2.3243545,step,0.1372205691615168,28.0,2.0,-0.013160906385900617,-0.010989010989007397,0.004884004884004867
198775161039600,2.3253604,step,0.1372205691615168,28.0,2.0,-0.013160906385900617,-0.010989010989007397,0.004884004884004867
198775162122600,2.3264434,step,0.1372205691615168,28.0,2.0,-0.013160906385900617,-0.010989010989007397,0.004884004884004867
198775163125000,2.3274458,step,0.1372205691615168,28.0,2.0,-0.013160906385900617,-0.010989010989007397,0.004884004884004867
198775164194100,2.3285149,step,0.1372205691615168,28.0,2.0,-0.013160906385900617,-0.010989010989007397,0.004884004884004867
198775165201200,2.329522,step,0.1372205691615168,28.0,2.0,-0.013160906385900617,-0.010989010989007397,0.004884004884004867
198775166590800,2.3309116,step,0.1372205691615168,28.0,2.0,-0.013160906385900617,-0.010989010989007397,0.004884004884004867
198775167789700,2.3321105,step,0.1372205691615168,28.0,2.0,-0.013160906385900617,-0.010989010989007397,0.004884004884004867
198775167895300,2.3322161,step,0.1372205691615168,28.0,2.0,-0.013160906385900617,-0.010989010989007397,0.004884004884004867
198775169563700,2.3338845,step,0.1372205691615168,28.0,2.0,-0.013160906385900617,-0.010989010989007397,0.004884004884004867
198775170149300,2.3344701,step,0.1372205691615168,28.0,2.0,-0.013160906385900617,-0.010989010989007397,0.004884004884004867
198775171150900,2.3354717,step,0.1372205691615168,28.0,2.0,-0.013160906385900617,-0.010989010989007397,0.004884004884004867
198775172333900,2.3366547,step,0.1372205691615168,28.0,2.0,-0.013160906385900617,-0.010989010989007397,0.004884004884004867
198775172927100,2.3372479,step,0.1372205691615168,28.0,2.0,-0.013160906385900617,-0.010989010989007397,0.004884004884004867
198775173930300,2.3382511,step,0.1372205691615168,28.0,2.0,-0.013160906385900617,-0.010989010989007397,0.004884004884004867
198775175042900,2.3393637,step,0.1372205691615168,28.0,2.0,-0.013160906385900617,-0.010989010989007397,0.004884004884004867
198775176244200,2.340565,step,0.1372205691615168,28.0,2.0,-0.013160906385900617,-0.010989010989007397,0.004884004884004867
198775177287100,2.3416079,step,0.1372205691615168,28.0,2.0,-0.013160906385900617,-0.010989010989007397,0.004884004884004867
198775178431700,2.3427525,step,0.1372205691615168,28.0,2.0,-0.013160906385900617,-0.010989010989007397,0.004884004884004867
198775179019400,2.3433402,step,0.1372205691615168,28.0,2.0,-0.013160906385900617,-0.010989010989007397,0.004884004884004867
198775180021400,2.3443422,step,0.1372205691615168,28.0,2.0,-0.013160906385900617,-0.010989010989007397,0.004884004884004867
198775181309200,2.34563,step,0.1372205691615168,28.0,2.0,-0.013160906385900617,-0.010989010989007397,0.004884004884004867
198775181992000,2.3463128,step,0.1372205691615168,28.0,2.0,-0.013160906385900617,-0.010989010989007397,0.004884004884004867
198775182908900,2.3472297,step,0.1372205691615168,28.0,2.0,-0.013160906385900617,-0.010989010989007397,0.004884004884004867
198775184030500,2.3483513,step,0.1372205691615168,28.0,2.0,-0.013160906385900617,-0.010989010989007397,0.004884004884004867
198775185250200,2.349571,step,0.1372205691615168,28.0,2.0,-0.013160906385900617,-0.010989010989007397,0.004884004884004867
198775186279900,2.3506007,step,0.1372205691615168,28.0,2.0,-0.013160906385900617,-0.010989010989007397,0.004884004884004867
198775187423700,2.3517445,step,0.1372205691615168,28.0,2.0,-0.013160906385900617,-0.010989010989007397,0.004884004884004867
198775188071600,2.3523924,step,0.1372205691615168,28.0,2.0,-0.013160906385900617,-0.010989010989007397,0.004884004884004867
198775189101200,2.353422,step,0.1372205691615168,28.0,2.0,-0.013160906385900617,-0.010989010989007397,0.004884004884004867
198775190249100,2.3545699,step,0.1372205691615168,28.0,2.0,-0.013160906385900617,-0.010989010989007397,0.004884004884004867
198775191346900,2.3556677,step,0.1372205691615168,28.0,2.0,-0.013160906385900617,-0.010989010989007397,0.004884004884004867
198775191940800,2.3562616,step,0.1372205691615168,28.0,2.0,-0.013160906385900617,-0.010989010989007397,0.004884004884004867
198775192944200,2.357265,step,0.1372205691615168,28.0,2.0,-0.013160906385900617,-0.010989010989007397,0.004884004884004867
198775194054900,2.3583757,step,0.1372205691615168,28.0,2.0,-0.013160906385900617,-0.010989010989007397,0.004884004884004867
198775195139300,2.3594601,step,0.1372205691615168,28.0,2.0,-0.013160906385900617,-0.010989010989007397,0.004884004884004867
198775196314500,2.3606353,step,0.1372205691615168,28.0,2.0,-0.013160906385900617,-0.010989010989007397,0.004884004884004867
198775197543200,2.361864,step,0.1372205691615168,28.0,2.0,-0.013160906385900617,-0.010989010989007397,0.004884004884004867
198775198127300,2.3624481,step,0.1372205691615168,28.0,2.0,-0.013160906385900617,-0.010989010989007397,0.004884004884004867
198775199129700,2.3634505,step,0.1372205691615168,28.0,2.0,-0.013160906385900617,-0.010989010989007397,0.004884004884004867
198775200203800,2.3645246,step,0.1372205691615168,28.0,2.0,-0.013160906385900617,-0.010989010989007397,0.004884004884004867
198775201282800,2.3656036,step,0.1372205691615168,28.0,2.0,-0.013160906385900617,-0.010989010989007397,0.004884004884004867
198775202391400,2.3667122,step,0.1372205691615168,28.0,2.0,-0.013160906385900617,-0.010989010989007397,0.004884004884004867
198775202971600,2.3672924,step,0.1372205691615168,28.0,2.0,-0.013160906385900617,-0.010989010989007397,0.004884004884004867
198775203975300,2.3682961,step,0.1372205691615168,28.0,2.0,-0.013160906385900617,-0.010989010989007397,0.004884004884004867
198775205011700,2.3693325,step,0.1372205691615168,28.0,2.0,-0.013160906385900617,-0.010989010989007397,0.004884004884004867
198775206076500,2.3703973,step,0.1372205691615168,28.0,2.0,-0.013160906385900617,-0.010989010989007397,0.004884004884004867
198775207235700,2.3715565,step,0.1372205691615168,28.0,2.0,-0.013160906385900617,-0.010989010989007397,0.004884004884004867
198775208379600,2.3727004,step,0.1372205691615168,28.0,2.0,-0.013160906385900617,-0.010989010989007397,0.004884004884004867
198775209053200,2.373374,step,0.1372205691615168,28.0,2.0,-0.013160906385900617,-0.010989010989007397,0.004884004884004867
198775210176300,2.3744971,step,0.1372205691615168,28.0,2.0,-0.013160906385900617,-0.010989010989007397,0.004884004884004867
198775211321300,2.3756421,step,0.1372205691615168,28.0,2.0,-0.013160906385900617,-0.010989010989007397,0.004884004884004867
198775212396900,2.3767177,step,0.1372205691615168,28.0,2.0,-0.013160906385900617,-0.010989010989007397,0.004884004884004867
198775213075200,2.377396,step,0.1372205691615168,28.0,2.0,-0.013160906385900617,-0.010989010989007397,0.004884004884004867
198775214002300,2.3783231,step,0.1372205691615168,28.0,2.0,-0.013160906385900617,-0.010989010989007397,0.004884004884004867
198775215119700,2.3794405,step,0.1372205691615168,28.0,2.0,-0.013160906385900617,-0.010989010989007397,0.004884004884004867
198775216230400,2.3805512,step,0.1372205691615168,28.0,2.0,-0.013160906385900617,-0.010989010989007397,0.004884004884004867
198775217246500,2.3815673,step,0.1372205691615168,28.0,2.0,-0.013160906385900617,-0.010989010989007397,0.004884004884004867
198775218247200,2.382568,step,0.1372205691615168,28.0,2.0,-0.013160906385900617,-0.010989010989007397,0.004884004884004867
198775219385200,2.383706,step,0.1372205691615168,28.0,2.0,-0.013160906385900617,-0.010989010989007397,0.004884004884004867
198775219962100,2.3842829,step,0.1372205691615168,28.0,2.0,-0.013160906385900617,-0.010989010989007397,0.004884004884004867
198775220984000,2.3853048,step,0.1372205691615168,28.0,2.0,-0.013160906385900617,-0.010989010989007397,0.004884004884004867
198775222073600,2.3863944,step,0.1372205691615168,28.0,2.0,-0.013160906385900617,-0.010989010989007397,0.004884004884004867
198775223180000,2.3875008,step,0.1372205691615168,28.0,2.0,-0.013160906385900617,-0.010989010989007397,0.004884004884004867
198775224246600,2.3885674,step,0.1372205691615168,28.0,2.0,-0.013160906385900617,-0.010989010989007397,0.004884004884004867
198775224808100,2.3891289,step,0.1372205691615168,28.0,2.0,-0.013160906385900617,-0.010989010989007397,0.004884004884004867
198775225810400,2.3901312,step,0.1372205691615168,28.0,2.0,-0.013160906385900617,-0.010989010989007397,0.004884004884004867
198775226877800,2.3911986,step,0.1372205691615168,28.0,2.0,-0.013160906385900617,-0.010989010989007397,0.004884004884004867
198775228021000,2.3923418,step,0.1372205691615168,28.0,2.0,-0.013160906385900617,-0.010989010989007397,0.004884004884004867
198775229113700,2.3934345,step,0.1372205691615168,28.0,2.0,-0.013160906385900617,-0.010989010989007397,0.004884004884004867
198775230161800,2.3944826,step,0.1372205691615168,28.0,2.0,-0.013160906385900617,-0.010989010989007397,0.004884004884004867
198775231177600,2.3954984,step,0.1372205691615168,28.0,2.0,-0.013160906385900617,-0.010989010989007397,0.004884004884004867
198775232223700,2.3965445,step,0.1372205691615168,28.0,2.0,-0.013160906385900617,-0.010989010989007397,0.004884004884004867
198775233308600,2.3976294,step,0.1372205691615168,28.0,2.0,-0.013160906385900617,-0.010989010989007397,0.004884004884004867
198775234291400,2.3986122,step,0.1372205691615168,28.0,2.0,-0.013160906385900617,-0.010989010989007397,0.004884004884004867
198775234880200,2.399201,step,0.1372205691615168,28.0,2.0,-0.013160906385900617,-0.010989010989007397,0.004884004884004867
198775235980500,2.4003013,step,0.1372205691615168,28.0,2.0,-0.013160906385900617,-0.010989010989007397,0.004884004884004867
198775236968200,2.401289,step,0.1372205691615168,28.0,2.0,-0.013160906385900617,-0.010989010989007397,0.004884004884004867
198775237988400,2.4023092,step,0.1372205691615168,28.0,2.0,-0.013160906385900617,-0.010989010989007397,0.004884004884004867
198775239062700,2.4033835,step,0.1372205691615168,28.0,2.0,-0.013160906385900617,-0.010989010989007397,0.004884004884004867
198775240135400,2.4044562,step,0.1372205691615168,28.0,2.0,-0.013160906385900617,-0.010989010989007397,0.004884004884004867
198775241182200,2.405503,step,0.1372205691615168,28.0,2.0,-0.013160906385900617,-0.010989010989007397,0.004884004884004867
198775242223100,2.4065439,step,0.1372205691615168,28.0,2.0,-0.013160906385900617,-0.010989010989007397,0.004884004884004867
198775243404500,2.4077253,step,0.1372205691615168,28.0,2.0,-0.013160906385900617,-0.010989010989007397,0.004884004884004867
198775244291500,2.4086123,step,0.1372205691615168,28.0,2.0,-0.013160906385900617,-0.010989010989007397,0.004884004884004867
198775244899800,2.4092206,step,0.1372205691615168,28.0,2.0,-0.013160906385900617,-0.010989010989007397,0.004884004884004867
198775245902700,2.4102235,step,0.1372205691615168,28.0,2.0,-0.013160906385900617,-0.010989010989007397,0.004884004884004867
198775246981500,2.4113023,step,0.1372205691615168,28.0,2.0,-0.013160906385900617,-0.010989010989007397,0.004884004884004867
198775248067900,2.4123887,step,0.1372205691615168,28.0,2.0,-0.013160906385900617,-0.010989010989007397,0.004884004884004867
198775249173100,2.4134939,step,0.1372205691615168,28.0,2.0,-0.013160906385900617,-0.010989010989007397,0.004884004884004867
198775250224100,2.4145449,step,0.1372205691615168,28.0,2.0,-0.013160906385900617,-0.010989010989007397,0.004884004884004867
198775251335500,2.4156563,step,0.1372205691615168,28.0,2.0,-0.013160906385900617,-0.010989010989007397,0.004884004884004867
198775251925900,2.4162467,step,0.1372205691615168,28.0,2.0,-0.013160906385900617,-0.010989010989007397,0.004884004884004867
198775252929100,2.4172499,step,0.1372205691615168,28.0,2.0,-0.013160906385900617,-0.010989010989007397,0.004884004884004867
198775253994700,2.4183155,step,0.1372205691615168,28.0,2.0,-0.013160906385900617,-0.010989010989007397,0.004884004884004867
198775255169900,2.4194907,step,0.1372205691615168,28.0,2.0,-0.013160906385900617,-0.010989010989007397,0.004884004884004867
198775256286700,2.4206075,step,0.1372205691615168,28.0,2.0,-0.013160906385900617,-0.010989010989007397,0.004884004884004867
198775257424900,2.4217457,step,0.1372205691615168,28.0,2.0,-0.013160906385900617,-0.010989010989007397,0.004884004884004867
198775258016100,2.4223369,step,0.1372205691615168,28.0,2.0,-0.013160906385900617,-0.010989010989007397,0.004884004884004867
198775259156900,2.4234777,step,0.1372205691615168,28.0,2.0,-0.013160906385900617,-0.010989010989007397,0.004884004884004867
198775260528800,2.4248496,step,0.1372205691615168,28.0,2.0,-0.013160906385900617,-0.010989010989007397,0.004884004884004867
198775261156100,2.4254769,step,0.1372205691615168,28.0,2.0,-0.013160906385900617,-0.010989010989007397,0.004884004884004867
198775262159900,2.4264807,step,0.1372205691615168,28.0,2.0,-0.013160906385900617,-0.010989010989007397,0.004884004884004867
198775263242300,2.4275631,step,0.1372205691615168,28.0,2.0,-0.013160906385900617,-0.010989010989007397,0.004884004884004867
198775264409900,2.4287307,step,0.1372205691615168,28.0,2.0,-0.013160906385900617,-0.010989010989007397,0.004884004884004867
198775265113700,2.4294345,step,0.1372205691615168,28.0,2.0,-0.013160906385900617,-0.010989010989007397,0.004884004884004867
198775266116300,2.4304371,step,0.1372205691615168,28.0,2.0,-0.013160906385900617,-0.010989010989007397,0.004884004884004867
198775267206400,2.4315272,step,0.1372205691615168,28.0,2.0,-0.013160906385900617,-0.010989010989007397,0.004884004884004867
198775268279200,2.4326,step,0.1372205691615168,28.0,2.0,-0.013160906385900617,-0.010989010989007397,0.004884004884004867
198775269380300,2.4337011,step,0.1372205691615168,28.0,2.0,-0.013160906385900617,-0.010989010989007397,0.004884004884004867
198775269966500,2.4342873,step,0.1372205691615168,28.0,2.0,-0.013160906385900617,-0.010989010989007397,0.004884004884004867
198775270968700,2.4352895,step,0.1372205691615168,28.0,2.0,-0.013160906385900617,-0.010989010989007397,0.004884004884004867
198775272069000,2.4363898,step,0.1372205691615168,28.0,2.0,-0.013160906385900617,-0.010989010989007397,0.004884004884004867
198775273175900,2.4374967,step,0.1372205691615168,28.0,2.0,-0.013160906385900617,-0.010989010989007397,0.004884004884004867
198775274421500,2.4387423,step,0.1372205691615168,28.0,2.0,-0.013160906385900617,-0.010989010989007397,0.004884004884004867
198775275637000,2.4399578,step,0.1372205691615168,28.0,2.0,-0.013160906385900617,-0.010989010989007397,0.004884004884004867
198775276207600,2.4405284,step,0.1372205691615168,28.0,2.0,-0.013160906385900617,-0.010989010989007397,0.004884004884004867
198775277249100,2.4415699,step,0.1372205691615168,28.0,2.0,-0.013160906385900617,-0.010989010989007397,0.004884004884004867
198775278341400,2.4426622,step,0.1372205691615168,28.0,2.0,-0.013160906385900617,-0.010989010989007397,0.004884004884004867
198775278947500,2.4432683,step,0.1372205691615168,28.0,2.0,-0.013160906385900617,-0.010989010989007397,0.004884004884004867
198775279948600,2.4442694,step,0.1372205691615168,28.0,2.0,-0.013160906385900617,-0.010989010989007397,0.004884004884004867
198775280998000,2.4453188,step,0.1372205691615168,28.0,2.0,-0.013160906385900617,-0.010989010989007397,0.004884004884004867
198775282046000,2.4463668,step,0.1372205691615168,28.0,2.0,-0.013160906385900617,-0.010989010989007397,0.004884004884004867
198775283126800,2.4474476,step,0.1372205691615168,28.0,2.0,-0.013160906385900617,-0.010989010989007397,0.004884004884004867
198775284237900,2.4485587,step,0.1372205691615168,28.0,2.0,-0.013160906385900617,-0.010989010989007397,0.004884004884004867
198775285255400,2.4495762,step,0.1372205691615168,28.0,2.0,-0.013160906385900617,-0.010989010989007397,0.004884004884004867
198775286339000,2.4506598,step,0.1372205691615168,28.0,2.0,-0.013160906385900617,-0.010989010989007397,0.004884004884004867
198775286926500,2.4512473,step,0.1372205691615168,28.0,2.0,-0.013160906385900617,-0.010989010989007397,0.004884004884004867
198775287937200,2.452258,step,0.1372205691615168,28.0,2.0,-0.013160906385900617,-0.010989010989007397,0.004884004884004867
198775288940700,2.4532615,step,0.1372205691615168,28.0,2.0,-0.013160906385900617,-0.010989010989007397,0.004884004884004867
198775290117000,2.4544378,step,0.1372205691615168,28.0,2.0,-0.013160906385900617,-0.010989010989007397,0.004884004884004867
198775292003500,2.4563243,step,0.1372205691615168,28.0,2.0,-0.013160906385900617,-0.010989010989007397,0.004884004884004867
198775292084400,2.4564052,step,0.1372205691615168,28.0,2.0,-0.013160906385900617,-0.010989010989007397,0.004884004884004867
198775293001800,2.4573226,step,0.1372205691615168,28.0,2.0,-0.013160906385900617,-0.010989010989007397,0.004884004884004867
198775294083900,2.4584047,step,0.1372205691615168,28.0,2.0,-0.013160906385900617,-0.010989010989007397,0.004884004884004867
198775295214100,2.4595349,step,0.1372205691615168,28.0,2.0,-0.013160906385900617,-0.010989010989007397,0.004884004884004867
198775296311200,2.460632,step,0.1372205691615168,28.0,2.0,-0.013160906385900617,-0.010989010989007397,0.004884004884004867
198775296898500,2.4612193,step,0.1372205691615168,28.0,2.0,-0.013160906385900617,-0.010989010989007397,0.004884004884004867
198775297939700,2.4622605,step,0.1372205691615168,28.0,2.0,-0.013160906385900617,-0.010989010989007397,0.004884004884004867
198775299038600,2.4633594,step,0.1372205691615168,28.0,2.0,-0.013160906385900617,-0.010989010989007397,0.004884004884004867
198775300193400,2.4645142,step,0.1372205691615168,28.0,2.0,-0.013160906385900617,-0.010989010989007397,0.004884004884004867
198775301290000,2.4656108,step,0.1372205691615168,28.0,2.0,-0.013160906385900617,-0.010989010989007397,0.004884004884004867
198775302389000,2.4667098,step,0.1372205691615168,28.0,2.0,-0.013160906385900617,-0.010989010989007397,0.004884004884004867
198775303002000,2.4673228,step,0.1372205691615168,28.0,2.0,-0.013160906385900617,-0.010989010989007397,0.004884004884004867
198775304011200,2.468332,step,0.1372205691615168,28.0,2.0,-0.013160906385900617,-0.010989010989007397,0.004884004884004867
198775305012800,2.4693336,step,0.1372205691615168,28.0,2.0,-0.013160906385900617,-0.010989010989007397,0.004884004884004867
198775306160500,2.4704813,step,0.1372205691615168,28.0,2.0,-0.013160906385900617,-0.010989010989007397,0.004884004884004867
198775307360100,2.4716809,step,0.1372205691615168,28.0,2.0,-0.013160906385900617,-0.010989010989007397,0.004884004884004867
198775307945700,2.4722665,step,0.1372205691615168,28.0,2.0,-0.013160906385900617,-0.010989010989007397,0.004884004884004867
198775309003200,2.473324,step,0.1372205691615168,28.0,2.0,-0.013160906385900617,-0.010989010989007397,0.004884004884004867
198775310150400,2.4744712,step,0.1372205691615168,28.0,2.0,-0.013160906385900617,-0.010989010989007397,0.004884004884004867
198775311378800,2.4756996,step,0.1372205691615168,28.0,2.0,-0.013160906385900617,-0.010989010989007397,0.004884004884004867
198775312496100,2.4768169,step,0.1372205691615168,28.0,2.0,-0.013160906385900617,-0.010989010989007397,0.004884004884004867
198775313184900,2.4775057,step,0.1372205691615168,28.0,2.0,-0.013160906385900617,-0.010989010989007397,0.004884004884004867
198775314198700,2.4785195,step,0.1372205691615168,28.0,2.0,-0.013160906385900617,-0.010989010989007397,0.004884004884004867
198775315292200,2.479613,step,0.1372205691615168,28.0,2.0,-0.013160906385900617,-0.010989010989007397,0.004884004884004867
198775316462200,2.480783,step,0.1372205691615168,28.0,2.0,-0.013160906385900617,-0.010989010989007397,0.004884004884004867
198775317050900,2.4813717,step,0.1372205691615168,28.0,2.0,-0.013160906385900617,-0.010989010989007397,0.004884004884004867
198775318080300,2.4824011,step,0.1372205691615168,28.0,2.0,-0.013160906385900617,-0.010989010989007397,0.004884004884004867
198775319212300,2.4835331,step,0.1372205691615168,28.0,2.0,-0.013160906385900617,-0.010989010989007397,0.004884004884004867
198775320382000,2.4847028,step,0.1372205691615168,28.0,2.0,-0.013160906385900617,-0.010989010989007397,0.004884004884004867
198775320985200,2.485306,step,0.1372205691615168,28.0,2.0,-0.013160906385900617,-0.010989010989007397,0.004884004884004867
198775322085400,2.4864062,step,0.1372205691615168,28.0,2.0,-0.013160906385900617,-0.010989010989007397,0.004884004884004867
198775323178500,2.4874993,step,0.1372205691615168,28.0,2.0,-0.013160906385900617,-0.010989010989007397,0.004884004884004867
198775324270200,2.488591,step,0.1372205691615168,28.0,2.0,-0.013160906385900617,-0.010989010989007397,0.004884004884004867
198775324858500,2.4891793,step,0.1372205691615168,28.0,2.0,-0.013160906385900617,-0.010989010989007397,0.004884004884004867
198775325898600,2.4902194,step,0.1372205691615168,28.0,2.0,-0.013160906385900617,-0.010989010989007397,0.004884004884004867
198775326990300,2.4913111,step,0.1372205691615168,28.0,2.0,-0.013160906385900617,-0.010989010989007397,0.004884004884004867
198775328124300,2.4924451,step,0.1372205691615168,28.0,2.0,-0.013160906385900617,-0.010989010989007397,0.004884004884004867
198775329265300,2.4935861,step,0.1372205691615168,28.0,2.0,-0.013160906385900617,-0.010989010989007397,0.004884004884004867
198775330435900,2.4947567,step,0.1372205691615168,28.0,2.0,-0.013160906385900617,-0.010989010989007397,0.004884004884004867
198775331055000,2.4953758,step,0.1372205691615168,28.0,2.0,-0.013160906385900617,-0.010989010989007397,0.004884004884004867
198775332112800,2.4964336,step,0.1372205691615168,28.0,2.0,-0.013160906385900617,-0.010989010989007397,0.004884004884004867
198775333260300,2.4975811,step,0.1372205691615168,28.0,2.0,-0.013160906385900617,-0.010989010989007397,0.004884004884004867
198775334452900,2.4987737,step,0.1372205691615168,28.0,2.0,-0.013160906385900617,-0.010989010989007397,0.004884004884004867
198775335016000,2.4993368,step,0.1372205691615168,28.0,2.0,-0.013160906385900617,-0.010989010989007397,0.004884004884004867
198775336046400,2.5003672,step,0.1372205691615168,28.0,2.0,-0.013160906385900617,-0.010989010989007397,0.004884004884004867
198775337324000,2.5016448,step,0.1372205691615168,28.0,2.0,-0.013160906385900617,-0.010989010989007397,0.004884004884004867
198775338368200,2.502689,step,0.1372205691615168,28.0,2.0,-0.013160906385900617,-0.010989010989007397,0.004884004884004867
198775338974800,2.5032956,step,0.1372205691615168,28.0,2.0,-0.013160906385900617,-0.010989010989007397,0.004884004884004867
198775339970900,2.5042917,step,0.1372205691615168,28.0,2.0,-0.013160906385900617,-0.010989010989007397,0.004884004884004867
198775341067500,2.5053883,step,0.1372205691615168,28.0,2.0,-0.013160906385900617,-0.010989010989007397,0.004884004884004867
198775342267800,2.5065886,step,0.1372205691615168,28.0,2.0,-0.013160906385900617,-0.010989010989007397,0.004884004884004867
198775343396100,2.5077169,step,0.1372205691615168,28.0,2.0,-0.013160906385900617,-0.010989010989007397,0.004884004884004867
198775343962600,2.5082834,step,0.1372205691615168,28.0,2.0,-0.013160906385900617,-0.010989010989007397,0.004884004884004867
198775344989700,2.5093105,step,0.1372205691615168,28.0,2.0,-0.013160906385900617,-0.010989010989007397,0.004884004884004867
198775346119500,2.5104403,step,0.1372205691615168,28.0,2.0,-0.013160906385900617,-0.010989010989007397,0.004884004884004867
198775347313300,2.5116341,step,0.1372205691615168,28.0,2.0,-0.013160906385900617,-0.010989010989007397,0.004884004884004867
198775347905900,2.5122267,step,0.1372205691615168,28.0,2.0,-0.013160906385900617,-0.010989010989007397,0.004884004884004867
198775348958800,2.5132796,step,0.1372205691615168,28.0,2.0,-0.013160906385900617,-0.010989010989007397,0.004884004884004867
198775350586400,2.5149072,step,0.1372205691615168,28.0,2.0,-0.013160906385900617,-0.010989010989007397,0.004884004884004867
198775351247600,2.5155684,step,0.1372205691615168,28.0,2.0,-0.013160906385900617,-0.010989010989007397,0.004884004884004867
198775352324200,2.516645,step,0.1372205691615168,28.0,2.0,-0.013160906385900617,-0.010989010989007397,0.004884004884004867
198775353181400,2.5175022,step,0.1372205691615168,28.0,2.0,-0.013160906385900617,-0.010989010989007397,0.004884004884004867
198775354487900,2.5188087,step,0.1372205691615168,28.0,2.0,-0.013160906385900617,-0.010989010989007397,0.004884004884004867
198775355137300,2.5194581,step,0.1372205691615168,28.0,2.0,-0.013160906385900617,-0.010989010989007397,0.004884004884004867
198775356169200,2.52049,step,0.1372205691615168,28.0,2.0,-0.013160906385900617,-0.010989010989007397,0.004884004884004867
198775357361800,2.5216826,step,0.1372205691615168,28.0,2.0,-0.013160906385900617,-0.010989010989007397,0.004884004884004867
198775358547400,2.5228682,step,0.1372205691615168,28.0,2.0,-0.013160906385900617,-0.010989010989007397,0.004884004884004867
198775359169800,2.5234906,step,0.1372205691615168,28.0,2.0,-0.013160906385900617,-0.010989010989007397,0.004884004884004867
198775360208000,2.5245288,step,0.1372205691615168,28.0,2.0,-0.013160906385900617,-0.010989010989007397,0.004884004884004867
198775361405900,2.5257267,step,0.1372205691615168,28.0,2.0,-0.013160906385900617,-0.010989010989007397,0.004884004884004867
198775362003500,2.5263243,step,0.1372205691615168,28.0,2.0,-0.013160906385900617,-0.010989010989007397,0.004884004884004867
198775363020100,2.5273409,step,0.1372205691615168,28.0,2.0,-0.013160906385900617,-0.010989010989007397,0.004884004884004867
198775364085200,2.528406,step,0.1372205691615168,28.0,2.0,-0.013160906385900617,-0.010989010989007397,0.004884004884004867
198775365092100,2.5294129,step,0.1372205691615168,28.0,2.0,-0.013160906385900617,-0.010989010989007397,0.004884004884004867
198775366120500,2.5304413,step,0.1372205691615168,28.0,2.0,-0.013160906385900617,-0.010989010989007397,0.004884004884004867
198775367366100,2.5316869,step,0.1372205691615168,28.0,2.0,-0.013160906385900617,-0.010989010989007397,0.004884004884004867
198775368027800,2.5323486,step,0.1372205691615168,28.0,2.0,-0.013160906385900617,-0.010989010989007397,0.004884004884004867
198775368829600,2.5331504,step,0.1372205691615168,28.0,2.0,-0.012779430838483208,-0.010989010989007397,0.004884004884004867
198775369857200,2.534178,step,0.1372205691615168,28.0,2.0,-0.012779430838483208,-0.010989010989007397,0.004884004884004867
198775370952600,2.5352734,step,0.1372205691615168,28.0,2.0,-0.012779430838483208,-0.010989010989007397,0.004884004884004867
198775372060100,2.5363809,step,0.1372205691615168,28.0,2.0,-0.012779430838483208,-0.010989010989007397,0.004884004884004867
198775373252000,2.5375728,step,0.1372205691615168,28.0,2.0,-0.012779430838483208,-0.010989010989007397,0.004884004884004867
198775374350400,2.5386712,step,0.1372205691615168,28.0,2.0,-0.012779430838483208,-0.010989010989007397,0.004884004884004867
198775374943800,2.5392646,step,0.1372205691615168,28.0,2.0,-0.012779430838483208,-0.010989010989007397,0.004884004884004867
198775375945900,2.5402667,step,0.1372205691615168,28.0,2.0,-0.012779430838483208,-0.010989010989007397,0.004884004884004867
198775377054800,2.5413756,step,0.1372205691615168,28.0,2.0,-0.012779430838483208,-0.010989010989007397,0.004884004884004867
198775378108000,2.5424288,step,0.1372205691615168,28.0,2.0,-0.012779430838483208,-0.010989010989007397,0.004884004884004867
198775379181700,2.5435025,step,0.1372205691615168,28.0,2.0,-0.012779430838483208,-0.010989010989007397,0.004884004884004867
198775380287000,2.5446078,step,0.1372205691615168,28.0,2.0,-0.012779430838483208,-0.010989010989007397,0.004884004884004867
198775381409100,2.5457299,step,0.1372205691615168,28.0,2.0,-0.012779430838483208,-0.010989010989007397,0.004884004884004867
198775382011500,2.5463323,step,0.1372205691615168,28.0,2.0,-0.012779430838483208,-0.010989010989007397,0.004884004884004867
198775383038800,2.5473596,step,0.1372205691615168,28.0,2.0,-0.012779430838483208,-0.010989010989007397,0.004884004884004867
198775384809000,2.5491298,step,0.1372205691615168,28.0,2.0,-0.012779430838483208,-0.010989010989007397,0.004884004884004867
198775384898600,2.5492194,step,0.1372205691615168,28.0,2.0,-0.012779430838483208,-0.010989010989007397,0.004884004884004867
198775386348100,2.5506689,step,0.1372205691615168,28.0,2.0,-0.012779430838483208,-0.010989010989007397,0.004884004884004867
198775386927600,2.5512484,step,0.1372205691615168,28.0,2.0,-0.012779430838483208,-0.010989010989007397,0.004884004884004867
198775388071600,2.5523924,step,0.1372205691615168,28.0,2.0,-0.012779430838483208,-0.010989010989007397,0.004884004884004867
198775389062500,2.5533833,step,0.1372205691615168,28.0,2.0,-0.012779430838483208,-0.010989010989007397,0.004884004884004867
198775390092000,2.5544128,step,0.1372205691615168,28.0,2.0,-0.012779430838483208,-0.010989010989007397,0.004884004884004867
198775391231800,2.5555526,step,0.1372205691615168,28.0,2.0,-0.012779430838483208,-0.010989010989007397,0.004884004884004867
198775392350800,2.5566716,step,0.1372205691615168,28.0,2.0,-0.012779430838483208,-0.010989010989007397,0.004884004884004867
198775392930400,2.5572512,step,0.1372205691615168,28.0,2.0,-0.012779430838483208,-0.010989010989007397,0.004884004884004867
198775393959900,2.5582807,step,0.1372205691615168,28.0,2.0,-0.012779430838483208,-0.010989010989007397,0.004884004884004867
198775395122400,2.5594432,step,0.1372205691615168,28.0,2.0,-0.012779430838483208,-0.010989010989007397,0.004884004884004867
198775396295400,2.5606162,step,0.1372205691615168,28.0,2.0,-0.012779430838483208,-0.010989010989007397,0.004884004884004867
198775397400500,2.5617213,step,0.1372205691615168,28.0,2.0,-0.012779430838483208,-0.010989010989007397,0.004884004884004867
198775397960800,2.5622816,step,0.1372205691615168,28.0,2.0,-0.012779430838483208,-0.010989010989007397,0.004884004884004867
198775398990500,2.5633113,step,0.1372205691615168,28.0,2.0,-0.012779430838483208,-0.010989010989007397,0.004884004884004867
198775400226700,2.5645475,step,0.1372205691615168,28.0,2.0,-0.012779430838483208,-0.010989010989007397,0.004884004884004867
198775401264800,2.5655856,step,0.1372205691615168,28.0,2.0,-0.012779430838483208,-0.010989010989007397,0.004884004884004867
198775402378000,2.5666988,step,0.1372205691615168,28.0,2.0,-0.012779430838483208,-0.010989010989007397,0.004884004884004867
198775403008200,2.567329,step,0.1372205691615168,28.0,2.0,-0.012779430838483208,-0.010989010989007397,0.004884004884004867
198775404065800,2.5683866,step,0.1372205691615168,28.0,2.0,-0.012779430838483208,-0.010989010989007397,0.004884004884004867
198775405221000,2.5695418,step,0.1372205691615168,28.0,2.0,-0.012779430838483208,-0.010989010989007397,0.004884004884004867
198775406351300,2.5706721,step,0.1372205691615168,28.0,2.0,-0.012779430838483208,-0.010989010989007397,0.004884004884004867
198775406916500,2.5712373,step,0.1372205691615168,28.0,2.0,-0.012779430838483208,-0.010989010989007397,0.004884004884004867
198775407919000,2.5722398,step,0.1372205691615168,28.0,2.0,-0.012779430838483208,-0.010989010989007397,0.004884004884004867
198775409051400,2.5733722,step,0.1372205691615168,28.0,2.0,-0.012779430838483208,-0.010989010989007397,0.004884004884004867
198775410189300,2.5745101,step,0.1372205691615168,28.0,2.0,-0.012779430838483208,-0.010989010989007397,0.004884004884004867
198775411355300,2.5756761,step,0.1372205691615168,28.0,2.0,-0.012779430838483208,-0.010989010989007397,0.004884004884004867
198775411950400,2.5762712,step,0.1372205691615168,28.0,2.0,-0.012779430838483208,-0.010989010989007397,0.004884004884004867
198775412952900,2.5772737,step,0.1372205691615168,28.0,2.0,-0.012779430838483208,-0.010989010989007397,0.004884004884004867
198775414030800,2.5783516,step,0.1372205691615168,28.0,2.0,-0.012779430838483208,-0.010989010989007397,0.004884004884004867
198775415196900,2.5795177,step,0.1372205691615168,28.0,2.0,-0.012779430838483208,-0.010989010989007397,0.004884004884004867
198775416478600,2.5807994,step,0.1372205691615168,28.0,2.0,-0.012779430838483208,-0.010989010989007397,0.004884004884004867
198775417141000,2.5814618,step,0.1372205691615168,28.0,2.0,-0.012779430838483208,-0.010989010989007397,0.004884004884004867
198775418148600,2.5824694,step,0.1372205691615168,28.0,2.0,-0.012779430838483208,-0.010989010989007397,0.004884004884004867
198775419421800,2.5837426,step,0.1372205691615168,28.0,2.0,-0.012779430838483208,-0.010989010989007397,0.004884004884004867
198775420033600,2.5843544,step,0.1372205691615168,28.0,2.0,-0.012779430838483208,-0.010989010989007397,0.004884004884004867
198775421071800,2.5853926,step,0.1372205691615168,28.0,2.0,-0.012779430838483208,-0.010989010989007397,0.004884004884004867
198775422171200,2.586492,step,0.1372205691615168,28.0,2.0,-0.012779430838483208,-0.010989010989007397,0.004884004884004867
198775423235000,2.5875558,step,0.1372205691615168,28.0,2.0,-0.012779430838483208,-0.010989010989007397,0.004884004884004867
198775424353200,2.588674,step,0.1372205691615168,28.0,2.0,-0.012779430838483208,-0.010989010989007397,0.004884004884004867
198775424937600,2.5892584,step,0.1372205691615168,28.0,2.0,-0.012779430838483208,-0.010989010989007397,0.004884004884004867
198775425967600,2.5902884,step,0.1372205691615168,28.0,2.0,-0.012779430838483208,-0.010989010989007397,0.004884004884004867
198775427032600,2.5913534,step,0.1372205691615168,28.0,2.0,-0.012779430838483208,-0.010989010989007397,0.004884004884004867
198775428125400,2.5924462,step,0.1372205691615168,28.0,2.0,-0.012779430838483208,-0.010989010989007397,0.004884004884004867
198775429203100,2.5935239,step,0.1372205691615168,28.0,2.0,-0.012779430838483208,-0.010989010989007397,0.004884004884004867
198775430287600,2.5946084,step,0.1372205691615168,28.0,2.0,-0.012779430838483208,-0.010989010989007397,0.004884004884004867
198775430869600,2.5951904,step,0.1372205691615168,28.0,2.0,-0.012779430838483208,-0.010989010989007397,0.004884004884004867
198775431972300,2.5962931,step,0.1372205691615168,28.0,2.0,-0.012779430838483208,-0.010989010989007397,0.004884004884004867
198775433005400,2.5973262,step,0.1372205691615168,28.0,2.0,-0.012779430838483208,-0.010989010989007397,0.004884004884004867
198775434142500,2.5984633,step,0.1372205691615168,28.0,2.0,-0.012779430838483208,-0.010989010989007397,0.004884004884004867
198775435237900,2.5995587,step,0.1372205691615168,28.0,2.0,-0.012779430838483208,-0.010989010989007397,0.004884004884004867
198775436370700,2.6006915,step,0.1372205691615168,28.0,2.0,-0.012779430838483208,-0.010989010989007397,0.004884004884004867
198775436950300,2.6012711,step,0.1372205691615168,28.0,2.0,-0.012779430838483208,-0.010989010989007397,0.004884004884004867
198775438017500,2.6023383,step,0.1372205691615168,28.0,2.0,-0.012779430838483208,-0.010989010989007397,0.004884004884004867
198775439182700,2.6035035,step,0.1372205691615168,28.0,2.0,-0.012779430838483208,-0.010989010989007397,0.004884004884004867
198775440234600,2.6045554,step,0.1372205691615168,28.0,2.0,-0.012779430838483208,-0.010989010989007397,0.004884004884004867
198775441318200,2.605639,step,0.1372205691615168,28.0,2.0,-0.012779430838483208,-0.010989010989007397,0.004884004884004867
198775441896900,2.6062177,step,0.1372205691615168,28.0,2.0,-0.012779430838483208,-0.010989010989007397,0.004884004884004867
198775442899300,2.6072201,step,0.1372205691615168,28.0,2.0,-0.012779430838483208,-0.010989010989007397,0.004884004884004867
198775443974200,2.608295,step,0.1372205691615168,28.0,2.0,-0.012779430838483208,-0.010989010989007397,0.004884004884004867
198775445095900,2.6094167,step,0.1372205691615168,28.0,2.0,-0.012779430838483208,-0.010989010989007397,0.004884004884004867
198775446220900,2.6105417,step,0.1372205691615168,28.0,2.0,-0.012779430838483208,-0.010989010989007397,0.004884004884004867
198775447395000,2.6117158,step,0.1372205691615168,28.0,2.0,-0.012779430838483208,-0.010989010989007397,0.004884004884004867
198775447973000,2.6122938,step,0.1372205691615168,28.0,2.0,-0.012779430838483208,-0.010989010989007397,0.004884004884004867
198775448997500,2.6133183,step,0.1372205691615168,28.0,2.0,-0.012779430838483208,-0.010989010989007397,0.004884004884004867
198775450128200,2.614449,step,0.1372205691615168,28.0,2.0,-0.012779430838483208,-0.010989010989007397,0.004884004884004867
198775451311300,2.6156321,step,0.1372205691615168,28.0,2.0,-0.012779430838483208,-0.010989010989007397,0.004884004884004867
198775451904200,2.616225,step,0.1372205691615168,28.0,2.0,-0.012779430838483208,-0.010989010989007397,0.004884004884004867
198775452906200,2.617227,step,0.1372205691615168,28.0,2.0,-0.012779430838483208,-0.010989010989007397,0.004884004884004867
198775454025700,2.6183465,step,0.1372205691615168,28.0,2.0,-0.012779430838483208,-0.010989010989007397,0.004884004884004867
198775455146300,2.6194671,step,0.1372205691615168,28.0,2.0,-0.012779430838483208,-0.010989010989007397,0.004884004884004867
198775456272400,2.6205932,step,0.1372205691615168,28.0,2.0,-0.012779430838483208,-0.010989010989007397,0.004884004884004867
198775456831000,2.6211518,step,0.1372205691615168,28.0,2.0,-0.012779430838483208,-0.010989010989007397,0.004884004884004867
198775457832700,2.6221535,step,0.1372205691615168,28.0,2.0,-0.012779430838483208,-0.010989010989007397,0.004884004884004867
198775458898700,2.6232195,step,0.1372205691615168,28.0,2.0,-0.012779430838483208,-0.010989010989007397,0.004884004884004867
198775459981400,2.6243022,step,0.1372205691615168,28.0,2.0,-0.012779430838483208,-0.010989010989007397,0.004884004884004867
198775461062900,2.6253837,step,0.1372205691615168,28.0,2.0,-0.012779430838483208,-0.010989010989007397,0.004884004884004867
198775462138800,2.6264596,step,0.1372205691615168,28.0,2.0,-0.012779430838483208,-0.010989010989007397,0.004884004884004867
198775463314800,2.6276356,step,0.1372205691615168,28.0,2.0,-0.012779430838483208,-0.010989010989007397,0.004884004884004867
198775464031400,2.6283522,step,0.1372205691615168,28.0,2.0,-0.012779430838483208,-0.010989010989007397,0.004884004884004867
198775465038200,2.629359,step,0.1372205691615168,28.0,2.0,-0.012779430838483208,-0.010989010989007397,0.004884004884004867
198775466136400,2.6304572,step,0.1372205691615168,28.0,2.0,-0.012779430838483208,-0.010989010989007397,0.004884004884004867
198775467211100,2.6315319,step,0.1372205691615168,28.0,2.0,-0.012779430838483208,-0.010989010989007397,0.004884004884004867
198775468376600,2.6326974,step,0.1372205691615168,28.0,2.0,-0.012779430838483208,-0.010989010989007397,0.004884004884004867
198775468994000,2.6333148,step,0.1372205691615168,28.0,2.0,-0.012779430838483208,-0.010989010989007397,0.004884004884004867
198775470029900,2.6343507,step,0.1372205691615168,28.0,2.0,-0.012779430838483208,-0.010989010989007397,0.004884004884004867
198775471136300,2.6354571,step,0.1372205691615168,28.0,2.0,-0.012779430838483208,-0.010989010989007397,0.004884004884004867
198775472195400,2.6365162,step,0.1372205691615168,28.0,2.0,-0.012779430838483208,-0.010989010989007397,0.004884004884004867
198775473321100,2.6376419,step,0.1372205691615168,28.0,2.0,-0.012779430838483208,-0.010989010989007397,0.004884004884004867
198775473911200,2.638232,step,0.1372205691615168,28.0,2.0,-0.012779430838483208,-0.010989010989007397,0.004884004884004867
198775474940300,2.6392611,step,0.1372205691615168,28.0,2.0,-0.012779430838483208,-0.010989010989007397,0.004884004884004867
198775476028400,2.6403492,step,0.1372205691615168,28.0,2.0,-0.012779430838483208,-0.010989010989007397,0.004884004884004867
198775477116100,2.6414369,step,0.1372205691615168,28.0,2.0,-0.012779430838483208,-0.010989010989007397,0.004884004884004867
198775478236600,2.6425574,step,0.1372205691615168,28.0,2.0,-0.012779430838483208,-0.010989010989007397,0.004884004884004867
198775479471500,2.6437923,step,0.1372205691615168,28.0,2.0,-0.012779430838483208,-0.010989010989007397,0.004884004884004867
198775480274800,2.6445956,step,0.1372205691615168,28.0,2.0,-0.013160906385900617,-0.0329670329670364,0.004884004884004867
198775481267000,2.6455878,step,0.1372205691615168,28.0,2.0,-0.013160906385900617,0.010989010989007397,0.004884004884004867
198775482386900,2.6467077,step,0.1372205691615168,28.0,2.0,-0.013160906385900617,0.010989010989007397,0.004884004884004867
198775483032000,2.6473528,step,0.1372205691615168,28.0,2.0,-0.013160906385900617,0.010989010989007397,0.004884004884004867
198775484061400,2.6483822,step,0.1372205691615168,28.0,2.0,-0.013160906385900617,0.010989010989007397,0.004884004884004867
198775485157900,2.6494787,step,0.1372205691615168,28.0,2.0,-0.013160906385900617,0.010989010989007397,0.004884004884004867
198775486244000,2.6505648,step,0.1372205691615168,28.0,2.0,-0.013160906385900617,0.010989010989007397,0.004884004884004867
198775487376000,2.6516968,step,0.1372205691615168,28.0,2.0,-0.013160906385900617,0.010989010989007397,0.004884004884004867
198775488033500,2.6523543,step,0.1372205691615168,28.0,2.0,-0.013160906385900617,0.010989010989007397,0.004884004884004867
198775489038400,2.6533592,step,0.1372205691615168,28.0,2.0,-0.013160906385900617,0.010989010989007397,0.004884004884004867
198775490222800,2.6545436,step,0.1372205691615168,28.0,2.0,-0.013160906385900617,0.010989010989007397,0.004884004884004867
198775491323900,2.6556447,step,0.1372205691615168,28.0,2.0,-0.013160906385900617,0.010989010989007397,0.004884004884004867
198775491892900,2.6562137,step,0.1372205691615168,28.0,2.0,-0.013160906385900617,0.010989010989007397,0.004884004884004867
198775492932400,2.6572532,step,0.1372205691615168,28.0,2.0,-0.013160906385900617,0.010989010989007397,0.004884004884004867
198775493982000,2.6583028,step,0.1372205691615168,28.0,2.0,-0.013160906385900617,0.010989010989007397,0.004884004884004867
198775495253000,2.6595738,step,0.1372205691615168,28.0,2.0,-0.013160906385900617,0.010989010989007397,0.004884004884004867
198775496303800,2.6606246,step,0.1372205691615168,28.0,2.0,-0.013160906385900617,0.010989010989007397,0.004884004884004867
198775496805200,2.661126,step,0.1372205691615168,28.0,2.0,-0.013160906385900617,0.010989010989007397,0.004884004884004867
198775497809800,2.6621306,step,0.1372205691615168,28.0,2.0,-0.013160906385900617,0.010989010989007397,0.004884004884004867
198775498916700,2.6632375,step,0.1372205691615168,28.0,2.0,-0.013160906385900617,0.010989010989007397,0.004884004884004867
198775500078600,2.6643994,step,0.1372205691615168,28.0,2.0,-0.013160906385900617,0.010989010989007397,0.004884004884004867
198775501240000,2.6655608,step,0.1372205691615168,28.0,2.0,-0.013160906385900617,0.010989010989007397,0.004884004884004867
198775502363600,2.6666844,step,0.1372205691615168,28.0,2.0,-0.013160906385900617,0.010989010989007397,0.004884004884004867
198775502943200,2.667264,step,0.1372205691615168,28.0,2.0,-0.013160906385900617,0.010989010989007397,0.004884004884004867
198775503974400,2.6682952,step,0.1372205691615168,28.0,2.0,-0.013160906385900617,0.010989010989007397,0.004884004884004867
198775505081600,2.6694024,step,0.1372205691615168,28.0,2.0,-0.013160906385900617,0.010989010989007397,0.004884004884004867
198775506185900,2.6705067,step,0.1372205691615168,28.0,2.0,-0.013160906385900617,0.010989010989007397,0.004884004884004867
198775507337700,2.6716585,step,0.1372205691615168,28.0,2.0,-0.013160906385900617,0.010989010989007397,0.004884004884004867
198775507967100,2.6722879,step,0.1372205691615168,28.0,2.0,-0.013160906385900617,0.010989010989007397,0.004884004884004867
198775509031600,2.6733524,step,0.1372205691615168,28.0,2.0,-0.013160906385900617,0.010989010989007397,0.004884004884004867
198775510097300,2.6744181,step,0.1372205691615168,28.0,2.0,-0.013160906385900617,0.010989010989007397,0.004884004884004867
198775511255100,2.6755759,step,0.1372205691615168,28.0,2.0,-0.013160906385900617,0.010989010989007397,0.004884004884004867
198775512387900,2.6767087,step,0.1372205691615168,28.0,2.0,-0.013160906385900617,0.010989010989007397,0.004884004884004867
198775513067900,2.6773887,step,0.1372205691615168,28.0,2.0,-0.013160906385900617,0.010989010989007397,0.004884004884004867
198775514073300,2.6783941,step,0.1372205691615168,28.0,2.0,-0.013160906385900617,0.010989010989007397,0.004884004884004867
198775515201400,2.6795222,step,0.1372205691615168,28.0,2.0,-0.013160906385900617,0.010989010989007397,0.004884004884004867
198775516373800,2.6806946,step,0.1372205691615168,28.0,2.0,-0.013160906385900617,0.010989010989007397,0.004884004884004867
198775516968000,2.6812888,step,0.1372205691615168,28.0,2.0,-0.013160906385900617,0.010989010989007397,0.004884004884004867
198775518007900,2.6823287,step,0.1372205691615168,28.0,2.0,-0.013160906385900617,0.010989010989007397,0.004884004884004867
198775519103300,2.6834241,step,0.1372205691615168,28.0,2.0,-0.013160906385900617,0.010989010989007397,0.004884004884004867
198775520211000,2.6845318,step,0.1372205691615168,28.0,2.0,-0.013160906385900617,0.010989010989007397,0.004884004884004867
198775521347900,2.6856687,step,0.1372205691615168,28.0,2.0,-0.013160906385900617,0.010989010989007397,0.004884004884004867
198775521942000,2.6862628,step,0.1372205691615168,28.0,2.0,-0.013160906385900617,0.010989010989007397,0.004884004884004867
198775522985100,2.6873059,step,0.1372205691615168,28.0,2.0,-0.013160906385900617,0.010989010989007397,0.004884004884004867
198775524123100,2.6884439,step,0.1372205691615168,28.0,2.0,-0.013160906385900617,0.010989010989007397,0.004884004884004867
198775525206600,2.6895274,step,0.1372205691615168,28.0,2.0,-0.013160906385900617,0.010989010989007397,0.004884004884004867
198775526420400,2.6907412,step,0.1372205691615168,28.0,2.0,-0.013160906385900617,0.010989010989007397,0.004884004884004867
198775527032300,2.6913531,step,0.1372205691615168,28.0,2.0,-0.013160906385900617,0.010989010989007397,0.004884004884004867
198775528034200,2.692355,step,0.1372205691615168,28.0,2.0,-0.013160906385900617,0.010989010989007397,0.004884004884004867
198775529139900,2.6934607,step,0.1372205691615168,28.0,2.0,-0.013160906385900617,0.010989010989007397,0.004884004884004867
198775530272600,2.6945934,step,0.1372205691615168,28.0,2.0,-0.013160906385900617,0.010989010989007397,0.004884004884004867
198775530836500,2.6951573,step,0.1372205691615168,28.0,2.0,-0.013160906385900617,0.010989010989007397,0.004884004884004867
198775531839100,2.6961599,step,0.1372205691615168,28.0,2.0,-0.013160906385900617,0.010989010989007397,0.004884004884004867
198775532942600,2.6972634,step,0.1372205691615168,28.0,2.0,-0.013160906385900617,0.010989010989007397,0.004884004884004867
198775534081100,2.6984019,step,0.1372205691615168,28.0,2.0,-0.013160906385900617,0.010989010989007397,0.004884004884004867
198775535167100,2.6994879,step,0.1372205691615168,28.0,2.0,-0.013160906385900617,0.010989010989007397,0.004884004884004867
198775536218100,2.7005389,step,0.1372205691615168,28.0,2.0,-0.013160906385900617,0.010989010989007397,0.004884004884004867
198775537305500,2.7016263,step,0.1372205691615168,28.0,2.0,-0.013160906385900617,0.010989010989007397,0.004884004884004867
198775537896200,2.702217,step,0.1372205691615168,28.0,2.0,-0.013160906385900617,0.010989010989007397,0.004884004884004867
198775538961700,2.7032825,step,0.1372205691615168,28.0,2.0,-0.013160906385900617,0.010989010989007397,0.004884004884004867
198775540030300,2.7043511,step,0.1372205691615168,28.0,2.0,-0.013160906385900617,0.010989010989007397,0.004884004884004867
198775541140000,2.7054608,step,0.1372205691615168,28.0,2.0,-0.013160906385900617,0.010989010989007397,0.004884004884004867
198775542441200,2.706762,step,0.1372205691615168,28.0,2.0,-0.013160906385900617,0.010989010989007397,0.004884004884004867
198775542839300,2.7071601,step,0.1372205691615168,28.0,2.0,-0.013160906385900617,0.010989010989007397,0.004884004884004867
198775543843800,2.7081646,step,0.1372205691615168,28.0,2.0,-0.013160906385900617,0.010989010989007397,0.004884004884004867
198775545234000,2.7095548,step,0.1372205691615168,28.0,2.0,-0.013160906385900617,0.010989010989007397,0.004884004884004867
198775546226100,2.7105469,step,0.1372205691615168,28.0,2.0,-0.013160906385900617,0.010989010989007397,0.004884004884004867
198775547339800,2.7116606,step,0.1372205691615168,28.0,2.0,-0.013160906385900617,0.010989010989007397,0.004884004884004867
198775547956000,2.7122768,step,0.1372205691615168,28.0,2.0,-0.013160906385900617,0.010989010989007397,0.004884004884004867
198775548985800,2.7133066,step,0.1372205691615168,28.0,2.0,-0.013160906385900617,0.010989010989007397,0.004884004884004867
198775550129000,2.7144498,step,0.1372205691615168,28.0,2.0,-0.013160906385900617,0.010989010989007397,0.004884004884004867
198775551194700,2.7155155,step,0.1372205691615168,28.0,2.0,-0.013160906385900617,0.010989010989007397,0.004884004884004867
198775552294600,2.7166154,step,0.1372205691615168,28.0,2.0,-0.013160906385900617,0.010989010989007397,0.004884004884004867
198775552906700,2.7172275,step,0.1372205691615168,28.0,2.0,-0.013160906385900617,0.010989010989007397,0.004884004884004867
198775553966000,2.7182868,step,0.1372205691615168,28.0,2.0,-0.013160906385900617,0.010989010989007397,0.004884004884004867
198775555118500,2.7194393,step,0.1372205691615168,28.0,2.0,-0.013160906385900617,0.010989010989007397,0.004884004884004867
198775556260000,2.7205808,step,0.1372205691615168,28.0,2.0,-0.013160906385900617,0.010989010989007397,0.004884004884004867
198775557463500,2.7217843,step,0.1372205691615168,28.0,2.0,-0.013160906385900617,0.010989010989007397,0.004884004884004867
198775558211200,2.722532,step,0.1372205691615168,28.0,2.0,-0.013160906385900617,0.010989010989007397,0.004884004884004867
198775559124800,2.7234456,step,0.1372205691615168,28.0,2.0,-0.013160906385900617,0.010989010989007397,0.004884004884004867
198775560187700,2.7245085,step,0.1372205691615168,28.0,2.0,-0.013160906385900617,0.010989010989007397,0.004884004884004867
198775561334900,2.7256557,step,0.1372205691615168,28.0,2.0,-0.013160906385900617,0.010989010989007397,0.004884004884004867
198775561955800,2.7262766,step,0.1372205691615168,28.0,2.0,-0.013160906385900617,0.010989010989007397,0.004884004884004867
198775562987700,2.7273085,step,0.1372205691615168,28.0,2.0,-0.013160906385900617,0.010989010989007397,0.004884004884004867
198775564088400,2.7284092,step,0.1372205691615168,28.0,2.0,-0.013160906385900617,0.010989010989007397,0.004884004884004867
198775565192700,2.7295135,step,0.1372205691615168,28.0,2.0,-0.013160906385900617,0.010989010989007397,0.004884004884004867
198775566261300,2.7305821,step,0.1372205691615168,28.0,2.0,-0.013160906385900617,0.010989010989007397,0.004884004884004867
198775567393900,2.7317147,step,0.1372205691615168,28.0,2.0,-0.013160906385900617,0.010989010989007397,0.004884004884004867
198775567969000,2.7322898,step,0.1372205691615168,28.0,2.0,-0.013160906385900617,0.010989010989007397,0.004884004884004867
198775568969900,2.7332907,step,0.1372205691615168,28.0,2.0,-0.013160906385900617,0.010989010989007397,0.004884004884004867
198775570004200,2.734325,step,0.1372205691615168,28.0,2.0,-0.013160906385900617,0.010989010989007397,0.004884004884004867
198775571049800,2.7353706,step,0.1372205691615168,28.0,2.0,-0.013160906385900617,0.010989010989007397,0.004884004884004867
198775572097500,2.7364183,step,0.1372205691615168,28.0,2.0,-0.013160906385900617,0.010989010989007397,0.004884004884004867
198775573112100,2.7374329,step,0.1372205691615168,28.0,2.0,-0.013160906385900617,0.010989010989007397,0.004884004884004867
198775574203100,2.7385239,step,0.1372205691615168,28.0,2.0,-0.013160906385900617,0.010989010989007397,0.004884004884004867
198775575266900,2.7395877,step,0.1372205691615168,28.0,2.0,-0.013160906385900617,0.010989010989007397,0.004884004884004867
198775575846000,2.7401668,step,0.1372205691615168,28.0,2.0,-0.013160906385900617,0.010989010989007397,0.004884004884004867
198775576868600,2.7411894,step,0.1372205691615168,28.0,2.0,-0.013160906385900617,0.010989010989007397,0.004884004884004867
198775577954800,2.7422756,step,0.1372205691615168,28.0,2.0,-0.013160906385900617,0.010989010989007397,0.004884004884004867
198775579078700,2.7433995,step,0.1372205691615168,28.0,2.0,-0.013160906385900617,0.010989010989007397,0.004884004884004867
198775580068400,2.7443892,step,0.1372205691615168,28.0,2.0,-0.013160906385900617,0.010989010989007397,0.004884004884004867
198775581189900,2.7455107,step,0.1372205691615168,28.0,2.0,-0.013160906385900617,0.010989010989007397,0.004884004884004867
198775582276300,2.7465971,step,0.1372205691615168,28.0,2.0,-0.013160906385900617,0.010989010989007397,0.004884004884004867
198775582835200,2.747156,step,0.1372205691615168,28.0,2.0,-0.013160906385900617,0.010989010989007397,0.004884004884004867
198775583910200,2.748231,step,0.1372205691615168,28.0,2.0,-0.013160906385900617,0.010989010989007397,0.004884004884004867
198775585065300,2.7493861,step,0.1372205691615168,28.0,2.0,-0.013160906385900617,0.010989010989007397,0.004884004884004867
198775586311600,2.7506324,step,0.1372205691615168,28.0,2.0,-0.013160906385900617,0.010989010989007397,0.004884004884004867
198775587421900,2.7517427,step,0.1372205691615168,28.0,2.0,-0.013160906385900617,0.010989010989007397,0.004884004884004867
198775588056400,2.7523772,step,0.1372205691615168,28.0,2.0,-0.013160906385900617,0.010989010989007397,0.004884004884004867
198775589085100,2.7534059,step,0.1372205691615168,28.0,2.0,-0.013160906385900617,0.010989010989007397,0.004884004884004867
198775590382400,2.7547032,step,0.1372205691615168,28.0,2.0,-0.013160906385900617,0.010989010989007397,0.004884004884004867
198775591028900,2.7553497,step,0.1372205691615168,28.0,2.0,-0.013160906385900617,-0.0329670329670364,0.004884004884004867
198775592022000,2.7563428,step,0.1372205691615168,28.0,2.0,-0.013160906385900617,-0.010989010989007397,0.004884004884004867
198775593144900,2.7574657,step,0.1372205691615168,28.0,2.0,-0.013160906385900617,-0.010989010989007397,0.004884004884004867
198775594323400,2.7586442,step,0.1372205691615168,28.0,2.0,-0.013160906385900617,-0.010989010989007397,0.004884004884004867
198775594952200,2.759273,step,0.1372205691615168,28.0,2.0,-0.013160906385900617,-0.010989010989007397,0.004884004884004867
198775595982400,2.7603032,step,0.1372205691615168,28.0,2.0,-0.013160906385900617,-0.010989010989007397,0.004884004884004867
198775597097200,2.761418,step,0.1372205691615168,28.0,2.0,-0.013160906385900617,-0.010989010989007397,0.004884004884004867
198775598309200,2.76263,step,0.1372205691615168,28.0,2.0,-0.013160906385900617,-0.010989010989007397,0.004884004884004867
198775599481700,2.7638025,step,0.1372205691615168,28.0,2.0,-0.013160906385900617,-0.010989010989007397,0.004884004884004867
198775600136000,2.7644568,step,0.1372205691615168,28.0,2.0,-0.013160906385900617,-0.010989010989007397,0.004884004884004867
198775601173100,2.7654939,step,0.1372205691615168,28.0,2.0,-0.013160906385900617,-0.010989010989007397,0.004884004884004867
198775602362200,2.766683,step,0.1372205691615168,28.0,2.0,-0.013160906385900617,-0.010989010989007397,0.004884004884004867
198775603558400,2.7678792,step,0.1372205691615168,28.0,2.0,-0.013160906385900617,-0.010989010989007397,0.004884004884004867
198775604202300,2.7685231,step,0.1372205691615168,28.0,2.0,-0.013160906385900617,-0.010989010989007397,0.004884004884004867
198775605241600,2.7695624,step,0.1372205691615168,28.0,2.0,-0.013160906385900617,-0.010989010989007397,0.004884004884004867
198775606445700,2.7707665,step,0.1372205691615168,28.0,2.0,-0.013160906385900617,-0.010989010989007397,0.004884004884004867
198775607035700,2.7713565,step,0.1372205691615168,28.0,2.0,-0.013160906385900617,-0.010989010989007397,0.004884004884004867
198775608066600,2.7723874,step,0.1372205691615168,28.0,2.0,-0.013160906385900617,-0.010989010989007397,0.004884004884004867
198775609204200,2.773525,step,0.1372205691615168,28.0,2.0,-0.013160906385900617,-0.010989010989007397,0.004884004884004867
198775610325100,2.7746459,step,0.1372205691615168,28.0,2.0,-0.013160906385900617,-0.010989010989007397,0.004884004884004867
198775610928900,2.7752497,step,0.1372205691615168,28.0,2.0,-0.013160906385900617,-0.010989010989007397,0.004884004884004867
198775611931000,2.7762518,step,0.1372205691615168,28.0,2.0,-0.013160906385900617,-0.010989010989007397,0.004884004884004867
198775613025800,2.7773466,step,0.1372205691615168,28.0,2.0,-0.013160906385900617,-0.010989010989007397,0.004884004884004867
198775614123600,2.7784444,step,0.1372205691615168,28.0,2.0,-0.013160906385900617,-0.010989010989007397,0.004884004884004867
198775615173800,2.7794946,step,0.1372205691615168,28.0,2.0,-0.013160906385900617,-0.010989010989007397,0.004884004884004867
198775616184600,2.7805054,step,0.1372205691615168,28.0,2.0,-0.013160906385900617,-0.010989010989007397,0.004884004884004867
198775617318100,2.7816389,step,0.1372205691615168,28.0,2.0,-0.013160906385900617,-0.010989010989007397,0.004884004884004867
198775618430800,2.7827516,step,0.1372205691615168,28.0,2.0,-0.013160906385900617,-0.010989010989007397,0.004884004884004867
198775619021900,2.7833427,step,0.1372205691615168,28.0,2.0,-0.013160906385900617,-0.010989010989007397,0.004884004884004867
198775620025800,2.7843466,step,0.1372205691615168,28.0,2.0,-0.013160906385900617,-0.010989010989007397,0.004884004884004867
198775621090500,2.7854113,step,0.1372205691615168,28.0,2.0,-0.013160906385900617,-0.010989010989007397,0.004884004884004867
198775622223100,2.7865439,step,0.1372205691615168,28.0,2.0,-0.013160906385900617,-0.010989010989007397,0.004884004884004867
198775623447700,2.7877685,step,0.1372205691615168,28.0,2.0,-0.013160906385900617,-0.010989010989007397,0.004884004884004867
198775624018700,2.7883395,step,0.1372205691615168,28.0,2.0,-0.013160906385900617,-0.010989010989007397,0.004884004884004867
198775625020500,2.7893413,step,0.1372205691615168,28.0,2.0,-0.013160906385900617,-0.010989010989007397,0.004884004884004867
198775625816900,2.7901377,step,0.1372205691615168,28.0,2.0,-0.013160906385900617,-0.010989010989007397,0.004884004884004867
198775626817400,2.7911382,step,0.1372205691615168,28.0,2.0,-0.013160906385900617,-0.010989010989007397,0.004884004884004867
198775627923400,2.7922442,step,0.1372205691615168,28.0,2.0,-0.013160906385900617,-0.010989010989007397,0.004884004884004867
198775629127400,2.7934482,step,0.1372205691615168,28.0,2.0,-0.013160906385900617,-0.010989010989007397,0.004884004884004867
198775630224600,2.7945454,step,0.1372205691615168,28.0,2.0,-0.013160906385900617,-0.010989010989007397,0.004884004884004867
198775631291100,2.7956119,step,0.1372205691615168,28.0,2.0,-0.013160906385900617,-0.010989010989007397,0.004884004884004867
198775631885500,2.7962063,step,0.1372205691615168,28.0,2.0,-0.013160906385900617,-0.010989010989007397,0.004884004884004867
198775632915700,2.7972365,step,0.1372205691615168,28.0,2.0,-0.013160906385900617,-0.010989010989007397,0.004884004884004867
198775634089600,2.7984104,step,0.1372205691615168,28.0,2.0,-0.013160906385900617,-0.010989010989007397,0.004884004884004867
198775635298300,2.7996191,step,0.1372205691615168,28.0,2.0,-0.013160906385900617,-0.010989010989007397,0.004884004884004867
198775636477300,2.8007981,step,0.1372205691615168,28.0,2.0,-0.013160906385900617,-0.010989010989007397,0.004884004884004867
198775637039900,2.8013607,step,0.1372205691615168,28.0,2.0,-0.013160906385900617,-0.010989010989007397,0.004884004884004867
198775638117200,2.802438,step,0.1372205691615168,28.0,2.0,-0.013160906385900617,-0.010989010989007397,0.004884004884004867
198775639050400,2.8033712,step,0.1372205691615168,28.0,2.0,-0.013160906385900617,-0.010989010989007397,0.004884004884004867
198775640051800,2.8043726,step,0.1372205691615168,28.0,2.0,-0.013160906385900617,-0.010989010989007397,0.004884004884004867
198775641180900,2.8055017,step,0.1372205691615168,28.0,2.0,-0.013160906385900617,-0.010989010989007397,0.004884004884004867
198775642429100,2.8067499,step,0.1372205691615168,28.0,2.0,-0.013160906385900617,-0.010989010989007397,0.004884004884004867
198775643053800,2.8073746,step,0.1372205691615168,28.0,2.0,-0.013160906385900617,-0.010989010989007397,0.004884004884004867
198775644107700,2.8084285,step,0.1372205691615168,28.0,2.0,-0.013160906385900617,-0.010989010989007397,0.004884004884004867
198775645238000,2.8095588,step,0.1372205691615168,28.0,2.0,-0.013160906385900617,-0.010989010989007397,0.004884004884004867
198775646311100,2.8106319,step,0.1372205691615168,28.0,2.0,-0.013160906385900617,-0.010989010989007397,0.004884004884004867
198775646903100,2.8112239,step,0.1372205691615168,28.0,2.0,-0.013160906385900617,-0.010989010989007397,0.004884004884004867
198775647906300,2.8122271,step,0.1372205691615168,28.0,2.0,-0.013160906385900617,-0.010989010989007397,0.004884004884004867
198775649023700,2.8133445,step,0.1372205691615168,28.0,2.0,-0.013160906385900617,-0.010989010989007397,0.004884004884004867
198775650210300,2.8145311,step,0.1372205691615168,28.0,2.0,-0.013160906385900617,-0.010989010989007397,0.004884004884004867
198775651322300,2.8156431,step,0.1372205691615168,28.0,2.0,-0.013160906385900617,-0.010989010989007397,0.004884004884004867
198775651921400,2.8162422,step,0.1372205691615168,28.0,2.0,-0.013160906385900617,-0.010989010989007397,0.004884004884004867
198775652982900,2.8173037,step,0.1372205691615168,28.0,2.0,-0.013160906385900617,-0.010989010989007397,0.004884004884004867
198775654094400,2.8184152,step,0.1372205691615168,28.0,2.0,-0.013160906385900617,-0.010989010989007397,0.004884004884004867
198775655105700,2.8194265,step,0.1372205691615168,28.0,2.0,-0.013160906385900617,-0.010989010989007397,0.004884004884004867
198775656114100,2.8204349,step,0.1372205691615168,28.0,2.0,-0.013160906385900617,-0.010989010989007397,0.004884004884004867
198775657113900,2.8214347,step,0.1372205691615168,28.0,2.0,-0.013160906385900617,-0.010989010989007397,0.004884004884004867
198775658363400,2.8226842,step,0.1372205691615168,28.0,2.0,-0.013160906385900617,-0.010989010989007397,0.004884004884004867
198775658949300,2.8232701,step,0.1372205691615168,28.0,2.0,-0.013160906385900617,-0.010989010989007397,0.004884004884004867
198775659950800,2.8242716,step,0.1372205691615168,28.0,2.0,-0.013160906385900617,-0.010989010989007397,0.004884004884004867
198775661018800,2.8253396,step,0.1372205691615168,28.0,2.0,-0.013160906385900617,-0.010989010989007397,0.004884004884004867
198775662078100,2.8263989,step,0.1372205691615168,28.0,2.0,-0.013160906385900617,-0.010989010989007397,0.004884004884004867
198775663255500,2.8275763,step,0.1372205691615168,28.0,2.0,-0.013160906385900617,-0.010989010989007397,0.004884004884004867
198775663844200,2.828165,step,0.1372205691615168,28.0,2.0,-0.013160906385900617,-0.010989010989007397,0.004884004884004867
198775664938200,2.829259,step,0.1372205691615168,28.0,2.0,-0.013160906385900617,-0.010989010989007397,0.004884004884004867
198775665939100,2.8302599,step,0.1372205691615168,28.0,2.0,-0.013160906385900617,-0.010989010989007397,0.004884004884004867
198775666941900,2.8312627,step,0.1372205691615168,28.0,2.0,-0.013160906385900617,-0.010989010989007397,0.004884004884004867
198775667940800,2.8322616,step,0.1372205691615168,28.0,2.0,-0.013160906385900617,-0.010989010989007397,0.004884004884004867
198775669198600,2.8335194,step,0.1372205691615168,28.0,2.0,-0.013160906385900617,-0.010989010989007397,0.004884004884004867
198775670532400,2.8348532,step,0.1372205691615168,28.0,2.0,-0.013160906385900617,-0.010989010989007397,0.004884004884004867
198775671135300,2.8354561,step,0.1372205691615168,28.0,2.0,-0.013160906385900617,-0.010989010989007397,0.004884004884004867
198775672138000,2.8364588,step,0.1372205691615168,28.0,2.0,-0.013160906385900617,-0.010989010989007397,0.004884004884004867
198775673280300,2.8376011,step,0.1372205691615168,28.0,2.0,-0.013160906385900617,-0.010989010989007397,0.004884004884004867
198775674412800,2.8387336,step,0.1372205691615168,28.0,2.0,-0.013160906385900617,-0.010989010989007397,0.004884004884004867
198775675036900,2.8393577,step,0.1372205691615168,28.0,2.0,-0.013160906385900617,-0.010989010989007397,0.004884004884004867
198775676038600,2.8403594,step,0.1372205691615168,28.0,2.0,-0.013160906385900617,-0.010989010989007397,0.004884004884004867
198775677110900,2.8414317,step,0.1372205691615168,28.0,2.0,-0.013160906385900617,-0.010989010989007397,0.004884004884004867
198775678186900,2.8425077,step,0.1372205691615168,28.0,2.0,-0.013160906385900617,-0.010989010989007397,0.004884004884004867
198775679261300,2.8435821,step,0.1372205691615168,28.0,2.0,-0.013160906385900617,-0.010989010989007397,0.004884004884004867
198775680385400,2.8447062,step,0.1372205691615168,28.0,2.0,-0.013160906385900617,-0.010989010989007397,0.004884004884004867
198775681007500,2.8453283,step,0.1372205691615168,28.0,2.0,-0.013160906385900617,-0.010989010989007397,0.004884004884004867
198775682014100,2.8463349,step,0.1372205691615168,28.0,2.0,-0.013160906385900617,-0.010989010989007397,0.004884004884004867
198775683092100,2.8474129,step,0.1372205691615168,28.0,2.0,-0.013160906385900617,-0.010989010989007397,0.004884004884004867
198775684283700,2.8486045,step,0.1372205691615168,28.0,2.0,-0.013160906385900617,-0.010989010989007397,0.004884004884004867
198775685448500,2.8497693,step,0.1372205691615168,28.0,2.0,-0.013160906385900617,-0.010989010989007397,0.004884004884004867
198775686051200,2.850372,step,0.1372205691615168,28.0,2.0,-0.013160906385900617,-0.010989010989007397,0.004884004884004867
198775687058700,2.8513795,step,0.1372205691615168,28.0,2.0,-0.013160906385900617,-0.010989010989007397,0.004884004884004867
198775688192300,2.8525131,step,0.1372205691615168,28.0,2.0,-0.013160906385900617,-0.010989010989007397,0.004884004884004867
198775689273700,2.8535945,step,0.1372205691615168,28.0,2.0,-0.013160906385900617,-0.010989010989007397,0.004884004884004867
198775690391300,2.8547121,step,0.1372205691615168,28.0,2.0,-0.013160906385900617,-0.010989010989007397,0.004884004884004867
198775690989100,2.8553099,step,0.1372205691615168,28.0,2.0,-0.013160906385900617,-0.010989010989007397,0.004884004884004867
198775691992300,2.8563131,step,0.1372205691615168,28.0,2.0,-0.013160906385900617,-0.010989010989007397,0.004884004884004867
198775693047100,2.8573679,step,0.1372205691615168,28.0,2.0,-0.013160906385900617,-0.010989010989007397,0.004884004884004867
198775694105100,2.8584259,step,0.1372205691615168,28.0,2.0,-0.013160906385900617,-0.010989010989007397,0.004884004884004867
198775695147900,2.8594687,step,0.1372205691615168,28.0,2.0,-0.013160906385900617,-0.010989010989007397,0.004884004884004867
198775696188000,2.8605088,step,0.1372205691615168,28.0,2.0,-0.013160906385900617,-0.010989010989007397,0.004884004884004867
198775697325000,2.8616458,step,0.1372205691615168,28.0,2.0,-0.013160906385900617,-0.010989010989007397,0.004884004884004867
198775697891400,2.8622122,step,0.1372205691615168,28.0,2.0,-0.013160906385900617,-0.010989010989007397,0.004884004884004867
198775698990300,2.8633111,step,0.1372205691615168,28.0,2.0,-0.013160906385900617,-0.010989010989007397,0.004884004884004867
198775699900700,2.8642215,step,0.1372205691615168,28.0,2.0,-0.013160906385900617,-0.010989010989007397,0.004884004884004867
198775700901200,2.865222,step,0.1372205691615168,28.0,2.0,-0.013160906385900617,-0.010989010989007397,0.004884004884004867
198775701957900,2.8662787,step,0.1372205691615168,28.0,2.0,-0.013160906385900617,-0.010989010989007397,0.004884004884004867
198775703059800,2.8673806,step,0.1372205691615168,28.0,2.0,-0.013160906385900617,-0.010989010989007397,0.004884004884004867
198775704150500,2.8684713,step,0.1372205691615168,28.0,2.0,-0.013160906385900617,-0.010989010989007397,0.004884004884004867
198775705246400,2.8695672,step,0.1372205691615168,28.0,2.0,-0.013160906385900617,-0.010989010989007397,0.004884004884004867
198775706353000,2.8706738,step,0.1372205691615168,28.0,2.0,-0.013160906385900617,-0.010989010989007397,0.004884004884004867
198775706935700,2.8712565,step,0.1372205691615168,28.0,2.0,-0.013160906385900617,-0.010989010989007397,0.004884004884004867
198775707956500,2.8722773,step,0.1372205691615168,28.0,2.0,-0.013160906385900617,-0.010989010989007397,0.004884004884004867
198775709038000,2.8733588,step,0.1372205691615168,28.0,2.0,-0.013160906385900617,-0.010989010989007397,0.004884004884004867
198775710148200,2.874469,step,0.1372205691615168,28.0,2.0,-0.013160906385900617,-0.010989010989007397,0.004884004884004867
198775711196600,2.8755174,step,0.1372205691615168,28.0,2.0,-0.013160906385900617,-0.010989010989007397,0.004884004884004867
198775712203300,2.8765241,step,0.1372205691615168,28.0,2.0,-0.013160906385900617,-0.010989010989007397,0.004884004884004867
198775713305400,2.8776262,step,0.1372205691615168,28.0,2.0,-0.013160906385900617,-0.010989010989007397,0.004884004884004867
198775714362400,2.8786832,step,0.1372205691615168,28.0,2.0,-0.013160906385900617,-0.010989010989007397,0.004884004884004867
198775715516500,2.8798373,step,0.1372205691615168,28.0,2.0,-0.013160906385900617,-0.010989010989007397,0.004884004884004867
198775716132700,2.8804535,step,0.1372205691615168,28.0,2.0,-0.013160906385900617,-0.010989010989007397,0.004884004884004867
198775717135500,2.8814563,step,0.1372205691615168,28.0,2.0,-0.013160906385900617,-0.010989010989007397,0.004884004884004867
198775718237400,2.8825582,step,0.1372205691615168,28.0,2.0,-0.013160906385900617,-0.010989010989007397,0.004884004884004867
198775719399600,2.8837204,step,0.1372205691615168,28.0,2.0,-0.013160906385900617,-0.010989010989007397,0.004884004884004867
198775720003900,2.8843247,step,0.1372205691615168,28.0,2.0,-0.013160906385900617,-0.010989010989007397,0.004884004884004867
198775721006500,2.8853273,step,0.1372205691615168,28.0,2.0,-0.013160906385900617,-0.010989010989007397,0.004884004884004867
198775722102700,2.8864235,step,0.1372205691615168,28.0,2.0,-0.013160906385900617,-0.010989010989007397,0.004884004884004867
198775723109100,2.8874299,step,0.1372205691615168,28.0,2.0,-0.013160906385900617,-0.010989010989007397,0.004884004884004867
198775724239700,2.8885605,step,0.1372205691615168,28.0,2.0,-0.013160906385900617,-0.010989010989007397,0.004884004884004867
198775725214200,2.889535,step,0.1372205691615168,28.0,2.0,-0.013160906385900617,-0.010989010989007397,0.004884004884004867
198775726316100,2.8906369,step,0.1372205691615168,28.0,2.0,-0.013160906385900617,-0.010989010989007397,0.004884004884004867
198775726909600,2.8912304,step,0.1372205691615168,28.0,2.0,-0.013160906385900617,-0.010989010989007397,0.004884004884004867
198775728044100,2.8923649,step,0.1372205691615168,28.0,2.0,-0.013160906385900617,-0.010989010989007397,0.004884004884004867
198775729017700,2.8933385,step,0.1372205691615168,28.0,2.0,-0.013160906385900617,-0.010989010989007397,0.004884004884004867
198775730223200,2.894544,step,0.1372205691615168,28.0,2.0,-0.013160906385900617,-0.010989010989007397,0.004884004884004867
198775731041700,2.8953625,step,0.1372205691615168,28.0,2.0,-0.013160906385900617,-0.010989010989007397,0.004884004884004867
198775732042900,2.8963637,step,0.1372205691615168,28.0,2.0,-0.013160906385900617,-0.010989010989007397,0.004884004884004867
198775733129000,2.8974498,step,0.1372205691615168,28.0,2.0,-0.013160906385900617,-0.010989010989007397,0.004884004884004867
198775734251700,2.8985725,step,0.1372205691615168,28.0,2.0,-0.013160906385900617,-0.010989010989007397,0.004884004884004867
198775734817600,2.8991384,step,0.1372205691615168,28.0,2.0,-0.013160906385900617,-0.010989010989007397,0.004884004884004867
198775735824600,2.9001454,step,0.1372205691615168,28.0,2.0,-0.013160906385900617,-0.010989010989007397,0.004884004884004867
198775736894400,2.9012152,step,0.1372205691615168,28.0,2.0,-0.013160906385900617,-0.010989010989007397,0.004884004884004867
198775737943600,2.9022644,step,0.1372205691615168,28.0,2.0,-0.013160906385900617,-0.010989010989007397,0.004884004884004867
198775738982000,2.9033028,step,0.1372205691615168,28.0,2.0,-0.013160906385900617,-0.010989010989007397,0.004884004884004867
198775740005400,2.9043262,step,0.1372205691615168,28.0,2.0,-0.013160906385900617,-0.010989010989007397,0.004884004884004867
198775741037200,2.905358,step,0.1372205691615168,28.0,2.0,-0.013160906385900617,-0.010989010989007397,0.004884004884004867
198775742101300,2.9064221,step,0.1372205691615168,28.0,2.0,-0.013160906385900617,-0.010989010989007397,0.004884004884004867
198775743240700,2.9075615,step,0.1372205691615168,28.0,2.0,-0.013160906385900617,-0.010989010989007397,0.004884004884004867
198775743819400,2.9081402,step,0.1372205691615168,28.0,2.0,-0.013160906385900617,-0.010989010989007397,0.004884004884004867
198775744924900,2.9092457,step,0.1372205691615168,28.0,2.0,-0.013160906385900617,-0.010989010989007397,0.004884004884004867
198775746069100,2.9103899,step,0.1372205691615168,28.0,2.0,-0.013160906385900617,-0.010989010989007397,0.004884004884004867
198775746998900,2.9113197,step,0.1372205691615168,28.0,2.0,-0.013160906385900617,-0.010989010989007397,0.004884004884004867
198775748002100,2.9123229,step,0.1372205691615168,28.0,2.0,-0.013160906385900617,-0.010989010989007397,0.004884004884004867
198775749041300,2.9133621,step,0.1372205691615168,28.0,2.0,-0.013160906385900617,-0.010989010989007397,0.004884004884004867
198775750135400,2.9144562,step,0.1372205691615168,28.0,2.0,-0.013160906385900617,-0.010989010989007397,0.004884004884004867
198775751177500,2.9154983,step,0.1372205691615168,28.0,2.0,-0.013160906385900617,-0.010989010989007397,0.004884004884004867
198775752181300,2.9165021,step,0.1372205691615168,28.0,2.0,-0.013160906385900617,-0.010989010989007397,0.004884004884004867
198775753183600,2.9175044,step,0.1372205691615168,28.0,2.0,-0.013160906385900617,-0.010989010989007397,0.004884004884004867
198775754260900,2.9185817,step,0.1372205691615168,28.0,2.0,-0.013160906385900617,-0.010989010989007397,0.004884004884004867
198775754850300,2.9191711,step,0.1372205691615168,28.0,2.0,-0.013160906385900617,-0.010989010989007397,0.004884004884004867
198775755853400,2.9201742,step,0.1372205691615168,28.0,2.0,-0.013160906385900617,-0.010989010989007397,0.004884004884004867
198775757359000,2.9216798,step,0.1372205691615168,28.0,2.0,-0.013160906385900617,-0.010989010989007397,0.004884004884004867
198775758424500,2.9227453,step,0.1372205691615168,28.0,2.0,-0.013160906385900617,-0.010989010989007397,0.004884004884004867
198775759023100,2.9233439,step,0.1372205691615168,28.0,2.0,-0.013160906385900617,-0.010989010989007397,0.004884004884004867
198775760025900,2.9243467,step,0.1372205691615168,28.0,2.0,-0.013160906385900617,-0.010989010989007397,0.004884004884004867
198775761071400,2.9253922,step,0.1372205691615168,28.0,2.0,-0.013160906385900617,-0.010989010989007397,0.004884004884004867
198775762275000,2.9265958,step,0.1372205691615168,28.0,2.0,-0.013160906385900617,-0.010989010989007397,0.004884004884004867
198775763158200,2.927479,step,0.1372205691615168,28.0,2.0,-0.013160906385900617,-0.010989010989007397,0.004884004884004867
198775764159000,2.9284798,step,0.1372205691615168,28.0,2.0,-0.013160906385900617,-0.010989010989007397,0.004884004884004867
198775765263400,2.9295842,step,0.1372205691615168,28.0,2.0,-0.013160906385900617,-0.010989010989007397,0.004884004884004867
198775766402000,2.9307228,step,0.1372205691615168,28.0,2.0,-0.013160906385900617,-0.010989010989007397,0.004884004884004867
198775767018900,2.9313397,step,0.1372205691615168,28.0,2.0,-0.013160906385900617,-0.010989010989007397,0.004884004884004867
198775768020900,2.9323417,step,0.1372205691615168,28.0,2.0,-0.013160906385900617,-0.010989010989007397,0.004884004884004867
198775769133600,2.9334544,step,0.1372205691615168,28.0,2.0,-0.013160906385900617,-0.010989010989007397,0.004884004884004867
198775770263300,2.9345841,step,0.1372205691615168,28.0,2.0,-0.013160906385900617,-0.010989010989007397,0.004884004884004867
198775771402900,2.9357237,step,0.1372205691615168,28.0,2.0,-0.013160906385900617,-0.010989010989007397,0.004884004884004867
198775772020700,2.9363415,step,0.1372205691615168,28.0,2.0,-0.013160906385900617,-0.010989010989007397,0.004884004884004867
198775773023000,2.9373438,step,0.1372205691615168,28.0,2.0,-0.013160906385900617,-0.010989010989007397,0.004884004884004867
198775774118600,2.9384394,step,0.1372205691615168,28.0,2.0,-0.013160906385900617,-0.010989010989007397,0.004884004884004867
198775775151300,2.9394721,step,0.1372205691615168,28.0,2.0,-0.013160906385900617,-0.010989010989007397,0.004884004884004867
198775776301900,2.9406227,step,0.1372205691615168,28.0,2.0,-0.013160906385900617,-0.010989010989007397,0.004884004884004867
198775777498000,2.9418188,step,0.1372205691615168,28.0,2.0,-0.013160906385900617,-0.010989010989007397,0.004884004884004867
198775777880100,2.9422009,step,0.1372205691615168,28.0,2.0,-0.013160906385900617,-0.010989010989007397,0.004884004884004867
198775778905700,2.9432265,step,0.1372205691615168,28.0,2.0,-0.013160906385900617,-0.010989010989007397,0.004884004884004867
198775779983300,2.9443041,step,0.1372205691615168,28.0,2.0,-0.013160906385900617,-0.010989010989007397,0.004884004884004867
198775781083700,2.9454045,step,0.1372205691615168,28.0,2.0,-0.013160906385900617,-0.010989010989007397,0.004884004884004867
198775782133700,2.9464545,step,0.1372205691615168,28.0,2.0,-0.013160906385900617,-0.010989010989007397,0.004884004884004867
198775783226100,2.9475469,step,0.1372205691615168,28.0,2.0,-0.013160906385900617,-0.010989010989007397,0.004884004884004867
198775784331000,2.9486518,step,0.1372205691615168,28.0,2.0,-0.013160906385900617,-0.010989010989007397,0.004884004884004867
198775784944200,2.949265,step,0.1372205691615168,28.0,2.0,-0.013160906385900617,-0.010989010989007397,0.004884004884004867
198775785965000,2.9502858,step,0.1372205691615168,28.0,2.0,-0.013160906385900617,-0.010989010989007397,0.004884004884004867
198775787049100,2.9513699,step,0.1372205691615168,28.0,2.0,-0.013160906385900617,-0.010989010989007397,0.004884004884004867
198775788212600,2.9525334,step,0.1372205691615168,28.0,2.0,-0.013160906385900617,-0.010989010989007397,0.004884004884004867
198775789194600,2.9535154,step,0.1372205691615168,28.0,2.0,-0.013160906385900617,-0.010989010989007397,0.004884004884004867
198775790324500,2.9546453,step,0.1372205691615168,28.0,2.0,-0.013160906385900617,-0.010989010989007397,0.004884004884004867
198775790892500,2.9552133,step,0.1372205691615168,28.0,2.0,-0.013160906385900617,-0.010989010989007397,0.004884004884004867
198775791917000,2.9562378,step,0.1372205691615168,28.0,2.0,-0.013160906385900617,-0.010989010989007397,0.004884004884004867
198775793080900,2.9574017,step,0.1372205691615168,28.0,2.0,-0.013160906385900617,-0.010989010989007397,0.004884004884004867
198775794205000,2.9585258,step,0.1372205691615168,28.0,2.0,-0.013160906385900617,-0.010989010989007397,0.004884004884004867
198775795328100,2.9596489,step,0.1372205691615168,28.0,2.0,-0.013160906385900617,-0.010989010989007397,0.004884004884004867
198775795907600,2.9602284,step,0.1372205691615168,28.0,2.0,-0.013160906385900617,-0.010989010989007397,0.004884004884004867
198775796933200,2.961254,step,0.1372205691615168,28.0,2.0,-0.013160906385900617,-0.010989010989007397,0.004884004884004867
198775798058500,2.9623793,step,0.1372205691615168,28.0,2.0,-0.013160906385900617,-0.010989010989007397,0.004884004884004867
198775799158700,2.9634795,step,0.1372205691615168,28.0,2.0,-0.013160906385900617,-0.010989010989007397,0.004884004884004867
198775800295300,2.9646161,step,0.1372205691615168,28.0,2.0,-0.013160906385900617,-0.010989010989007397,0.004884004884004867
198775801460300,2.9657811,step,0.1372205691615168,28.0,2.0,-0.013160906385900617,-0.010989010989007397,0.004884004884004867
198775802074600,2.9663954,step,0.1372205691615168,28.0,2.0,-0.013160906385900617,-0.010989010989007397,0.004884004884004867
198775803099300,2.9674201,step,0.1372205691615168,28.0,2.0,-0.013160906385900617,-0.010989010989007397,0.004884004884004867
198775804216900,2.9685377,step,0.1372205691615168,28.0,2.0,-0.013160906385900617,-0.010989010989007397,0.004884004884004867
198775805356300,2.9696771,step,0.1372205691615168,28.0,2.0,-0.013160906385900617,-0.010989010989007397,0.004884004884004867
198775805946800,2.9702676,step,0.1372205691615168,28.0,2.0,-0.013160906385900617,-0.010989010989007397,0.004884004884004867
198775806948700,2.9712695,step,0.1372205691615168,28.0,2.0,-0.013160906385900617,-0.010989010989007397,0.004884004884004867
198775808046300,2.9723671,step,0.1372205691615168,28.0,2.0,-0.013160906385900617,-0.010989010989007397,0.004884004884004867
198775809248400,2.9735692,step,0.1372205691615168,28.0,2.0,-0.013160906385900617,-0.010989010989007397,0.004884004884004867
198775810349500,2.9746703,step,0.1372205691615168,28.0,2.0,-0.013160906385900617,-0.010989010989007397,0.004884004884004867
198775810917100,2.9752379,step,0.1372205691615168,28.0,2.0,-0.013160906385900617,-0.010989010989007397,0.004884004884004867
198775811938200,2.976259,step,0.1372205691615168,28.0,2.0,-0.013160906385900617,-0.010989010989007397,0.004884004884004867
198775813029000,2.9773498,step,0.1372205691615168,28.0,2.0,-0.013160906385900617,-0.010989010989007397,0.004884004884004867
198775814113100,2.9784339,step,0.1372205691615168,28.0,2.0,-0.013160906385900617,-0.010989010989007397,0.004884004884004867
198775815187200,2.979508,step,0.1372205691615168,28.0,2.0,-0.013160906385900617,-0.010989010989007397,0.004884004884004867
198775816283700,2.9806045,step,0.1372205691615168,28.0,2.0,-0.013160906385900617,-0.010989010989007397,0.004884004884004867
198775817368600,2.9816894,step,0.1372205691615168,28.0,2.0,-0.013160906385900617,-0.010989010989007397,0.004884004884004867
198775817945900,2.9822667,step,0.1372205691615168,28.0,2.0,-0.013160906385900617,-0.010989010989007397,0.004884004884004867
198775818948200,2.983269,step,0.1372205691615168,28.0,2.0,-0.013160906385900617,-0.010989010989007397,0.004884004884004867
198775820006900,2.9843277,step,0.1372205691615168,28.0,2.0,-0.013160906385900617,-0.010989010989007397,0.004884004884004867
198775821057200,2.985378,step,0.1372205691615168,28.0,2.0,-0.013160906385900617,-0.010989010989007397,0.004884004884004867
198775822170000,2.9864908,step,0.1372205691615168,28.0,2.0,-0.013160906385900617,-0.010989010989007397,0.004884004884004867
198775823209300,2.9875301,step,0.1372205691615168,28.0,2.0,-0.013160906385900617,-0.010989010989007397,0.004884004884004867
198775824409400,2.9887302,step,0.1372205691615168,28.0,2.0,-0.013160906385900617,-0.010989010989007397,0.004884004884004867
198775825027500,2.9893483,step,0.1372205691615168,28.0,2.0,-0.013160906385900617,-0.010989010989007397,0.004884004884004867
198775826033200,2.990354,step,0.1372205691615168,28.0,2.0,-0.013160906385900617,-0.010989010989007397,0.004884004884004867
198775827106600,2.9914274,step,0.1372205691615168,28.0,2.0,-0.013160906385900617,-0.010989010989007397,0.004884004884004867
198775828214500,2.9925353,step,0.1372205691615168,28.0,2.0,-0.013160906385900617,-0.010989010989007397,0.004884004884004867
198775829372400,2.9936932,step,0.1372205691615168,28.0,2.0,-0.013160906385900617,-0.010989010989007397,0.004884004884004867
198775829971900,2.9942927,step,0.1372205691615168,28.0,2.0,-0.013160906385900617,-0.010989010989007397,0.004884004884004867
198775830974000,2.9952948,step,0.1372205691615168,28.0,2.0,-0.013160906385900617,-0.010989010989007397,0.004884004884004867
198775832036700,2.9963575,step,0.1372205691615168,28.0,2.0,-0.013160906385900617,-0.010989010989007397,0.004884004884004867
198775833146100,2.9974669,step,0.1372205691615168,28.0,2.0,-0.013160906385900617,-0.010989010989007397,0.004884004884004867
198775834280400,2.9986012,step,0.1372205691615168,28.0,2.0,-0.013160906385900617,-0.010989010989007397,0.004884004884004867
198775835438900,2.9997597,step,0.1372205691615168,28.0,2.0,-0.013160906385900617,-0.010989010989007397,0.004884004884004867
198775836013300,3.0003341,step,0.1372205691615168,28.0,2.0,-0.013160906385900617,-0.010989010989007397,0.004884004884004867
198775837014900,3.0013357,step,0.1372205691615168,28.0,2.0,-0.013160906385900617,-0.010989010989007397,0.004884004884004867
198775838108500,3.0024293,step,0.1372205691615168,28.0,2.0,-0.013160906385900617,-0.010989010989007397,0.004884004884004867
198775839155300,3.0034761,step,0.1372205691615168,28.0,2.0,-0.013160906385900617,-0.010989010989007397,0.004884004884004867
198775840365300,3.0046861,step,0.1372205691615168,28.0,2.0,-0.013160906385900617,-0.010989010989007397,0.004884004884004867
198775841484000,3.0058048,step,0.1372205691615168,28.0,2.0,-0.013160906385900617,-0.010989010989007397,0.004884004884004867
198775842086500,3.0064073,step,0.1372205691615168,28.0,2.0,-0.013160906385900617,-0.010989010989007397,0.004884004884004867
198775843107000,3.0074278,step,0.1372205691615168,28.0,2.0,-0.013160906385900617,-0.010989010989007397,0.004884004884004867
198775844192100,3.0085129,step,0.1372205691615168,28.0,2.0,-0.013160906385900617,-0.010989010989007397,0.004884004884004867
198775845308800,3.0096296,step,0.1372205691615168,28.0,2.0,-0.013160906385900617,-0.010989010989007397,0.004884004884004867
198775845892800,3.0102136,step,0.1372205691615168,28.0,2.0,-0.013160906385900617,-0.010989010989007397,0.004884004884004867
198775846915800,3.0112366,step,0.1372205691615168,28.0,2.0,-0.013160906385900617,-0.010989010989007397,0.004884004884004867
198775848026800,3.0123476,step,0.1372205691615168,28.0,2.0,-0.013160906385900617,-0.010989010989007397,0.004884004884004867
198775849146700,3.0134675,step,0.1372205691615168,28.0,2.0,-0.013160906385900617,-0.010989010989007397,0.004884004884004867
198775850256800,3.0145776,step,0.1372205691615168,28.0,2.0,-0.013160906385900617,-0.010989010989007397,0.004884004884004867
198775851388200,3.015709,step,0.1372205691615168,28.0,2.0,-0.013160906385900617,-0.010989010989007397,0.004884004884004867
198775851992800,3.0163136,step,0.1372205691615168,28.0,2.0,-0.013160906385900617,-0.010989010989007397,0.004884004884004867
198775852996700,3.0173175,step,0.1372205691615168,28.0,2.0,-0.013160906385900617,-0.010989010989007397,0.004884004884004867
198775854098500,3.0184193,step,0.1372205691615168,28.0,2.0,-0.013160906385900617,-0.010989010989007397,0.004884004884004867
198775855230300,3.0195511,step,0.1372205691615168,28.0,2.0,-0.013160906385900617,-0.010989010989007397,0.004884004884004867
198775856316200,3.020637,step,0.1372205691615168,28.0,2.0,-0.013160906385900617,-0.010989010989007397,0.004884004884004867
198775857423100,3.0217439,step,0.1372205691615168,28.0,2.0,-0.013160906385900617,-0.010989010989007397,0.004884004884004867
198775858004900,3.0223257,step,0.1372205691615168,28.0,2.0,-0.013160906385900617,-0.010989010989007397,0.004884004884004867
198775859006800,3.0233276,step,0.1372205691615168,28.0,2.0,-0.013160906385900617,-0.010989010989007397,0.004884004884004867
198775860117400,3.0244382,step,0.1372205691615168,28.0,2.0,-0.013160906385900617,-0.010989010989007397,0.004884004884004867
198775861191500,3.0255123,step,0.1372205691615168,28.0,2.0,-0.013160906385900617,-0.010989010989007397,0.004884004884004867
198775862224800,3.0265456,step,0.1372205691615168,28.0,2.0,-0.013160906385900617,-0.010989010989007397,0.004884004884004867
198775863312800,3.0276336,step,0.1372205691615168,28.0,2.0,-0.013160906385900617,-0.010989010989007397,0.004884004884004867
198775863894800,3.0282156,step,0.1372205691615168,28.0,2.0,-0.013160906385900617,-0.010989010989007397,0.004884004884004867
198775864897400,3.0292182,step,0.1372205691615168,28.0,2.0,-0.013160906385900617,-0.010989010989007397,0.004884004884004867
198775865938200,3.030259,step,0.1372205691615168,28.0,2.0,-0.013160906385900617,-0.010989010989007397,0.004884004884004867
198775867021200,3.031342,step,0.1372205691615168,28.0,2.0,-0.013160906385900617,-0.010989010989007397,0.004884004884004867
198775868149900,3.0324707,step,0.1372205691615168,28.0,2.0,-0.013160906385900617,-0.010989010989007397,0.004884004884004867
198775869254500,3.0335753,step,0.1372205691615168,28.0,2.0,-0.013160906385900617,-0.010989010989007397,0.004884004884004867
198775870386500,3.0347073,step,0.1372205691615168,28.0,2.0,-0.013160906385900617,-0.010989010989007397,0.004884004884004867
198775870967600,3.0352884,step,0.1372205691615168,28.0,2.0,-0.013160906385900617,-0.010989010989007397,0.004884004884004867
198775872039900,3.0363607,step,0.1372205691615168,28.0,2.0,-0.013160906385900617,-0.010989010989007397,0.004884004884004867
198775873103100,3.0374239,step,0.1372205691615168,28.0,2.0,-0.013160906385900617,-0.010989010989007397,0.004884004884004867
198775874147000,3.0384678,step,0.1372205691615168,28.0,2.0,-0.013160906385900617,-0.010989010989007397,0.004884004884004867
198775875245500,3.0395663,step,0.1372205691615168,28.0,2.0,-0.013160906385900617,-0.010989010989007397,0.004884004884004867
198775876388600,3.0407094,step,0.1372205691615168,28.0,2.0,-0.013160906385900617,-0.010989010989007397,0.004884004884004867
198775876996700,3.0413175,step,0.1372205691615168,28.0,2.0,-0.013160906385900617,-0.010989010989007397,0.004884004884004867
198775878019300,3.0423401,step,0.1372205691615168,28.0,2.0,-0.013160906385900617,-0.010989010989007397,0.004884004884004867
198775879122100,3.0434429,step,0.1372205691615168,28.0,2.0,-0.013160906385900617,-0.010989010989007397,0.004884004884004867
198775880225700,3.0445465,step,0.1372205691615168,28.0,2.0,-0.013160906385900617,-0.010989010989007397,0.004884004884004867
198775881329100,3.0456499,step,0.1372205691615168,28.0,2.0,-0.013160906385900617,-0.010989010989007397,0.004884004884004867
198775881925500,3.0462463,step,0.1372205691615168,28.0,2.0,-0.013160906385900617,-0.010989010989007397,0.004884004884004867
198775882947700,3.0472685,step,0.1372205691615168,28.0,2.0,-0.013160906385900617,-0.010989010989007397,0.004884004884004867
198775884077100,3.0483979,step,0.1372205691615168,28.0,2.0,-0.013160906385900617,-0.010989010989007397,0.004884004884004867
198775885186000,3.0495068,step,0.1372205691615168,28.0,2.0,-0.013160906385900617,-0.010989010989007397,0.004884004884004867
198775886240400,3.0505612,step,0.1372205691615168,28.0,2.0,-0.013160906385900617,-0.010989010989007397,0.004884004884004867
198775887456800,3.0517776,step,0.1372205691615168,28.0,2.0,-0.013160906385900617,-0.010989010989007397,0.004884004884004867
198775888052900,3.0523737,step,0.1372205691615168,28.0,2.0,-0.013160906385900617,-0.010989010989007397,0.004884004884004867
198775889054400,3.0533752,step,0.1372205691615168,28.0,2.0,-0.013160906385900617,-0.010989010989007397,0.004884004884004867
198775890172200,3.054493,step,0.1372205691615168,28.0,2.0,-0.013160906385900617,-0.010989010989007397,0.004884004884004867
198775891300500,3.0556213,step,0.1372205691615168,28.0,2.0,-0.013160906385900617,-0.010989010989007397,0.004884004884004867
198775892407600,3.0567284,step,0.1372205691615168,28.0,2.0,-0.013160906385900617,-0.010989010989007397,0.004884004884004867
198775893020300,3.0573411,step,0.1372205691615168,28.0,2.0,-0.013160906385900617,-0.010989010989007397,0.004884004884004867
198775894044800,3.0583656,step,0.1372205691615168,28.0,2.0,-0.013160906385900617,-0.010989010989007397,0.004884004884004867
198775895187700,3.0595085,step,0.1372205691615168,28.0,2.0,-0.013160906385900617,-0.010989010989007397,0.004884004884004867
198775896303100,3.0606239,step,0.1372205691615168,28.0,2.0,-0.013160906385900617,-0.010989010989007397,0.004884004884004867
198775897433900,3.0617547,step,0.1372205691615168,28.0,2.0,-0.013160906385900617,-0.010989010989007397,0.004884004884004867
198775898013900,3.0623347,step,0.1372205691615168,28.0,2.0,-0.013160906385900617,-0.010989010989007397,0.004884004884004867
198775899085000,3.0634058,step,0.1372205691615168,28.0,2.0,-0.013160906385900617,-0.010989010989007397,0.004884004884004867
198775900163800,3.0644846,step,0.1372205691615168,28.0,2.0,-0.013160906385900617,-0.010989010989007397,0.004884004884004867
198775901298500,3.0656193,step,0.1372205691615168,28.0,2.0,-0.013160906385900617,-0.010989010989007397,0.004884004884004867
198775902436100,3.0667569,step,0.1372205691615168,28.0,2.0,-0.013160906385900617,-0.010989010989007397,0.004884004884004867
198775903094900,3.0674157,step,0.1372205691615168,28.0,2.0,-0.013160906385900617,-0.010989010989007397,0.004884004884004867
198775904038400,3.0683592,step,0.1372205691615168,28.0,2.0,-0.013160906385900617,-0.010989010989007397,0.004884004884004867
198775905111600,3.0694324,step,0.1372205691615168,28.0,2.0,-0.013160906385900617,-0.010989010989007397,0.004884004884004867
198775906175200,3.070496,step,0.1372205691615168,28.0,2.0,-0.013160906385900617,-0.010989010989007397,0.004884004884004867
198775907022600,3.0713434,step,0.1372205691615168,28.0,2.0,-0.013160906385900617,-0.010989010989007397,0.004884004884004867
198775908040100,3.0723609,step,0.1372205691615168,28.0,2.0,-0.013160906385900617,-0.010989010989007397,0.004884004884004867
198775909148500,3.0734693,step,0.1372205691615168,28.0,2.0,-0.013160906385900617,-0.010989010989007397,0.004884004884004867
198775910257600,3.0745784,step,0.1372205691615168,28.0,2.0,-0.013160906385900617,-0.010989010989007397,0.004884004884004867
198775911401600,3.0757224,step,0.1372205691615168,28.0,2.0,-0.013160906385900617,-0.010989010989007397,0.004884004884004867
198775912004200,3.076325,step,0.1372205691615168,28.0,2.0,-0.013160906385900617,-0.010989010989007397,0.004884004884004867
198775913026200,3.077347,step,0.1372205691615168,28.0,2.0,-0.013160906385900617,-0.010989010989007397,0.004884004884004867
198775914194500,3.0785153,step,0.1372205691615168,28.0,2.0,-0.013160906385900617,-0.010989010989007397,0.004884004884004867
198775915281900,3.0796027,step,0.1372205691615168,28.0,2.0,-0.013160906385900617,-0.010989010989007397,0.004884004884004867
198775916440100,3.0807609,step,0.1372205691615168,28.0,2.0,-0.013160906385900617,-0.010989010989007397,0.004884004884004867
198775917068700,3.0813895,step,0.1372205691615168,28.0,2.0,-0.013160906385900617,-0.010989010989007397,0.004884004884004867
198775918090900,3.0824117,step,0.1372205691615168,28.0,2.0,-0.013160906385900617,-0.010989010989007397,0.004884004884004867
198775919250600,3.0835714,step,0.1372205691615168,28.0,2.0,-0.013160906385900617,-0.010989010989007397,0.004884004884004867
198775920292600,3.0846134,step,0.1372205691615168,28.0,2.0,-0.012779430838483208,-0.010989010989007397,0.004884004884004867
198775920900600,3.0852214,step,0.1372205691615168,28.0,2.0,-0.012779430838483208,-0.010989010989007397,0.004884004884004867
198775921924600,3.0862454,step,0.1372205691615168,28.0,2.0,-0.012779430838483208,-0.010989010989007397,0.004884004884004867
198775923049600,3.0873704,step,0.1372205691615168,28.0,2.0,-0.012779430838483208,-0.010989010989007397,0.004884004884004867
198775924153500,3.0884743,step,0.1372205691615168,28.0,2.0,-0.012779430838483208,-0.010989010989007397,0.004884004884004867
198775925275000,3.0895958,step,0.1372205691615168,28.0,2.0,-0.012779430838483208,-0.010989010989007397,0.004884004884004867
198775926417200,3.090738,step,0.1372205691615168,28.0,2.0,-0.012779430838483208,-0.010989010989007397,0.004884004884004867
198775927025500,3.0913463,step,0.1372205691615168,28.0,2.0,-0.012779430838483208,-0.010989010989007397,0.004884004884004867
198775928049900,3.0923707,step,0.1372205691615168,28.0,2.0,-0.012779430838483208,-0.010989010989007397,0.004884004884004867
198775929177400,3.0934982,step,0.1372205691615168,28.0,2.0,-0.012779430838483208,-0.010989010989007397,0.004884004884004867
198775930269300,3.0945901,step,0.1372205691615168,28.0,2.0,-0.012779430838483208,-0.010989010989007397,0.004884004884004867
198775931399700,3.0957205,step,0.1372205691615168,28.0,2.0,-0.012779430838483208,-0.010989010989007397,0.004884004884004867
198775932008200,3.096329,step,0.1372205691615168,28.0,2.0,-0.012779430838483208,-0.010989010989007397,0.004884004884004867
198775933030400,3.0973512,step,0.1372205691615168,28.0,2.0,-0.012779430838483208,-0.010989010989007397,0.004884004884004867
198775934167200,3.098488,step,0.1372205691615168,28.0,2.0,-0.012779430838483208,-0.010989010989007397,0.004884004884004867
198775935289800,3.0996106,step,0.1372205691615168,28.0,2.0,-0.012779430838483208,-0.010989010989007397,0.004884004884004867
198775936440300,3.1007611,step,0.1372205691615168,28.0,2.0,-0.012779430838483208,-0.010989010989007397,0.004884004884004867
198775937053700,3.1013745,step,0.1372205691615168,28.0,2.0,-0.012779430838483208,-0.010989010989007397,0.004884004884004867
198775938076700,3.1023975,step,0.1372205691615168,28.0,2.0,-0.012779430838483208,-0.010989010989007397,0.004884004884004867
198775939240400,3.1035612,step,0.1372205691615168,28.0,2.0,-0.012779430838483208,-0.010989010989007397,0.004884004884004867
198775940332600,3.1046534,step,0.1372205691615168,28.0,2.0,-0.012779430838483208,-0.010989010989007397,0.004884004884004867
198775940952100,3.1052729,step,0.1372205691615168,28.0,2.0,-0.012779430838483208,-0.010989010989007397,0.004884004884004867
198775941974300,3.1062951,step,0.1372205691615168,28.0,2.0,-0.012779430838483208,-0.010989010989007397,0.004884004884004867
198775943062400,3.1073832,step,0.1372205691615168,28.0,2.0,-0.012779430838483208,-0.010989010989007397,0.004884004884004867
198775944184700,3.1085055,step,0.1372205691615168,28.0,2.0,-0.012779430838483208,-0.010989010989007397,0.004884004884004867
198775945329500,3.1096503,step,0.1372205691615168,28.0,2.0,-0.012779430838483208,-0.010989010989007397,0.004884004884004867
198775945927300,3.1102481,step,0.1372205691615168,28.0,2.0,-0.012779430838483208,-0.010989010989007397,0.004884004884004867
198775946950000,3.1112708,step,0.1372205691615168,28.0,2.0,-0.012779430838483208,-0.010989010989007397,0.004884004884004867
198775948058800,3.1123796,step,0.1372205691615168,28.0,2.0,-0.012779430838483208,-0.010989010989007397,0.004884004884004867
198775949202800,3.1135236,step,0.1372205691615168,28.0,2.0,-0.012779430838483208,-0.010989010989007397,0.004884004884004867
198775950259500,3.1145803,step,0.1372205691615168,28.0,2.0,-0.012779430838483208,-0.010989010989007397,0.004884004884004867
198775951411300,3.1157321,step,0.1372205691615168,28.0,2.0,-0.012779430838483208,-0.010989010989007397,0.004884004884004867
198775952042400,3.1163632,step,0.1372205691615168,28.0,2.0,-0.012779430838483208,-0.010989010989007397,0.004884004884004867
198775953048100,3.1173689,step,0.1372205691615168,28.0,2.0,-0.012779430838483208,-0.010989010989007397,0.004884004884004867
198775954179000,3.1184998,step,0.1372205691615168,28.0,2.0,-0.012779430838483208,-0.010989010989007397,0.004884004884004867
198775955270300,3.1195911,step,0.1372205691615168,28.0,2.0,-0.012779430838483208,-0.010989010989007397,0.004884004884004867
198775956442000,3.1207628,step,0.1372205691615168,28.0,2.0,-0.012779430838483208,-0.010989010989007397,0.004884004884004867
198775957043900,3.1213647,step,0.1372205691615168,28.0,2.0,-0.012779430838483208,-0.010989010989007397,0.004884004884004867
198775958061500,3.1223823,step,0.1372205691615168,28.0,2.0,-0.012779430838483208,-0.010989010989007397,0.004884004884004867
198775959230400,3.1235512,step,0.1372205691615168,28.0,2.0,-0.012779430838483208,-0.010989010989007397,0.004884004884004867
198775960241700,3.1245625,step,0.1372205691615168,28.0,2.0,-0.012779430838483208,-0.010989010989007397,0.004884004884004867
198775961343900,3.1256647,step,0.1372205691615168,28.0,2.0,-0.012779430838483208,-0.010989010989007397,0.004884004884004867
198775961935800,3.1262566,step,0.1372205691615168,28.0,2.0,-0.012779430838483208,-0.010989010989007397,0.004884004884004867
198775962958100,3.1272789,step,0.1372205691615168,28.0,2.0,-0.012779430838483208,-0.010989010989007397,0.004884004884004867
198775964038400,3.1283592,step,0.1372205691615168,28.0,2.0,-0.012779430838483208,-0.010989010989007397,0.004884004884004867
198775965129100,3.1294499,step,0.1372205691615168,28.0,2.0,-0.012779430838483208,-0.010989010989007397,0.004884004884004867
198775966249200,3.13057,step,0.1372205691615168,28.0,2.0,-0.012779430838483208,-0.010989010989007397,0.004884004884004867
198775967410800,3.1317316,step,0.1372205691615168,28.0,2.0,-0.012779430838483208,-0.010989010989007397,0.004884004884004867
198775968003400,3.1323242,step,0.1372205691615168,28.0,2.0,-0.012779430838483208,-0.010989010989007397,0.004884004884004867
198775969024900,3.1333457,step,0.1372205691615168,28.0,2.0,-0.012779430838483208,-0.010989010989007397,0.004884004884004867
198775970131400,3.1344522,step,0.1372205691615168,28.0,2.0,-0.012779430838483208,-0.010989010989007397,0.004884004884004867
198775971264800,3.1355856,step,0.1372205691615168,28.0,2.0,-0.012779430838483208,-0.010989010989007397,0.004884004884004867
198775972446700,3.1367675,step,0.1372205691615168,28.0,2.0,-0.012779430838483208,-0.010989010989007397,0.004884004884004867
198775973047500,3.1373683,step,0.1372205691615168,28.0,2.0,-0.012779430838483208,-0.010989010989007397,0.004884004884004867
198775974119900,3.1384407,step,0.1372205691615168,28.0,2.0,-0.012779430838483208,-0.010989010989007397,0.004884004884004867
198775975193400,3.1395142,step,0.1372205691615168,28.0,2.0,-0.012779430838483208,-0.010989010989007397,0.004884004884004867
198775976291300,3.1406121,step,0.1372205691615168,28.0,2.0,-0.012779430838483208,-0.010989010989007397,0.004884004884004867
198775977405000,3.1417258,step,0.1372205691615168,28.0,2.0,-0.012779430838483208,-0.010989010989007397,0.004884004884004867
198775978034300,3.1423551,step,0.1372205691615168,28.0,2.0,-0.012779430838483208,-0.010989010989007397,0.004884004884004867
198775979041500,3.1433623,step,0.1372205691615168,28.0,2.0,-0.012779430838483208,-0.010989010989007397,0.004884004884004867
198775980169300,3.1444901,step,0.1372205691615168,28.0,2.0,-0.012779430838483208,-0.010989010989007397,0.004884004884004867
198775981299100,3.1456199,step,0.1372205691615168,28.0,2.0,-0.012779430838483208,-0.010989010989007397,0.004884004884004867
198775982499900,3.1468207,step,0.1372205691615168,28.0,2.0,-0.012779430838483208,-0.010989010989007397,0.004884004884004867
198775983100300,3.1474211,step,0.1372205691615168,28.0,2.0,-0.012779430838483208,-0.010989010989007397,0.004884004884004867
198775984101400,3.1484222,step,0.1372205691615168,28.0,2.0,-0.012779430838483208,-0.010989010989007397,0.004884004884004867
198775985167900,3.1494887,step,0.1372205691615168,28.0,2.0,-0.012779430838483208,-0.010989010989007397,0.004884004884004867
198775986292900,3.1506137,step,0.1372205691615168,28.0,2.0,-0.012779430838483208,-0.010989010989007397,0.004884004884004867
198775987410100,3.1517309,step,0.1372205691615168,28.0,2.0,-0.012779430838483208,-0.010989010989007397,0.004884004884004867
198775988027900,3.1523487,step,0.1372205691615168,28.0,2.0,-0.012779430838483208,-0.010989010989007397,0.004884004884004867
198775989037800,3.1533586,step,0.1372205691615168,28.0,2.0,-0.012779430838483208,-0.010989010989007397,0.004884004884004867
198775990059100,3.1543799,step,0.1372205691615168,28.0,2.0,-0.012779430838483208,-0.010989010989007397,0.004884004884004867
198775991155700,3.1554765,step,0.1372205691615168,28.0,2.0,-0.012779430838483208,-0.010989010989007397,0.004884004884004867
198775992211500,3.1565323,step,0.1372205691615168,28.0,2.0,-0.012779430838483208,-0.010989010989007397,0.004884004884004867
198775993357400,3.1576782,step,0.1372205691615168,28.0,2.0,-0.012779430838483208,-0.010989010989007397,0.004884004884004867
198775993937100,3.1582579,step,0.1372205691615168,28.0,2.0,-0.012779430838483208,-0.010989010989007397,0.004884004884004867
198775994960000,3.1592808,step,0.1372205691615168,28.0,2.0,-0.012779430838483208,-0.010989010989007397,0.004884004884004867
198775996086300,3.1604071,step,0.1372205691615168,28.0,2.0,-0.012779430838483208,-0.010989010989007397,0.004884004884004867
198775997191300,3.1615121,step,0.1372205691615168,28.0,2.0,-0.012779430838483208,-0.010989010989007397,0.004884004884004867
198775998371800,3.1626926,step,0.1372205691615168,28.0,2.0,-0.012779430838483208,-0.010989010989007397,0.004884004884004867
198775998964000,3.1632848,step,0.1372205691615168,28.0,2.0,-0.012779430838483208,-0.010989010989007397,0.004884004884004867
198775999967200,3.164288,step,0.1372205691615168,28.0,2.0,-0.012779430838483208,-0.010989010989007397,0.004884004884004867
198776001053700,3.1653745,step,0.1372205691615168,28.0,2.0,-0.012779430838483208,-0.010989010989007397,0.004884004884004867
198776002135900,3.1664567,step,0.1372205691615168,28.0,2.0,-0.012779430838483208,-0.010989010989007397,0.004884004884004867
198776003284100,3.1676049,step,0.1372205691615168,28.0,2.0,-0.012779430838483208,-0.010989010989007397,0.004884004884004867
198776004468900,3.1687897,step,0.1372205691615168,28.0,2.0,-0.012779430838483208,-0.010989010989007397,0.004884004884004867
198776005065500,3.1693863,step,0.1372205691615168,28.0,2.0,-0.012779430838483208,-0.010989010989007397,0.004884004884004867
198776006090200,3.170411,step,0.1372205691615168,28.0,2.0,-0.012779430838483208,-0.010989010989007397,0.004884004884004867
198776007187600,3.1715084,step,0.1372205691615168,28.0,2.0,-0.012779430838483208,-0.010989010989007397,0.004884004884004867
198776008270800,3.1725916,step,0.1372205691615168,28.0,2.0,-0.012779430838483208,-0.010989010989007397,0.004884004884004867
198776009472000,3.1737928,step,0.1372205691615168,28.0,2.0,-0.012779430838483208,-0.010989010989007397,0.004884004884004867
198776010074200,3.174395,step,0.1372205691615168,28.0,2.0,-0.012779430838483208,-0.010989010989007397,0.004884004884004867
198776011098500,3.1754193,step,0.1372205691615168,28.0,2.0,-0.012779430838483208,-0.010989010989007397,0.004884004884004867
198776012197800,3.1765186,step,0.1372205691615168,28.0,2.0,-0.012779430838483208,-0.010989010989007397,0.004884004884004867
198776013365900,3.1776867,step,0.1372205691615168,28.0,2.0,-0.012779430838483208,-0.010989010989007397,0.004884004884004867
198776014102200,3.178423,step,0.1372205691615168,28.0,2.0,-0.012779430838483208,-0.010989010989007397,0.004884004884004867
198776014989600,3.1793104,step,0.1372205691615168,28.0,2.0,-0.012779430838483208,-0.010989010989007397,0.004884004884004867
198776016082800,3.1804036,step,0.1372205691615168,28.0,2.0,-0.012779430838483208,-0.010989010989007397,0.004884004884004867
198776017152000,3.1814728,step,0.1372205691615168,28.0,2.0,-0.012779430838483208,-0.010989010989007397,0.004884004884004867
198776018349200,3.18267,step,0.1372205691615168,28.0,2.0,-0.012779430838483208,-0.010989010989007397,0.004884004884004867
198776018938300,3.1832591,step,0.1372205691615168,28.0,2.0,-0.012779430838483208,-0.010989010989007397,0.004884004884004867
198776019959500,3.1842803,step,0.1372205691615168,28.0,2.0,-0.012779430838483208,-0.010989010989007397,0.004884004884004867
198776021084300,3.1854051,step,0.1372205691615168,28.0,2.0,-0.012779430838483208,-0.010989010989007397,0.004884004884004867
198776022148600,3.1864694,step,0.1372205691615168,28.0,2.0,-0.012779430838483208,-0.010989010989007397,0.004884004884004867
198776023294300,3.1876151,step,0.1372205691615168,28.0,2.0,-0.012779430838483208,-0.010989010989007397,0.004884004884004867
198776024437900,3.1887587,step,0.1372205691615168,28.0,2.0,-0.012779430838483208,-0.010989010989007397,0.004884004884004867
198776025048000,3.1893688,step,0.1372205691615168,28.0,2.0,-0.012779430838483208,-0.010989010989007397,0.004884004884004867
198776026069900,3.1903907,step,0.1372205691615168,28.0,2.0,-0.012779430838483208,-0.010989010989007397,0.004884004884004867
198776027176300,3.1914971,step,0.1372205691615168,28.0,2.0,-0.012779430838483208,-0.010989010989007397,0.004884004884004867
198776028275600,3.1925964,step,0.1372205691615168,28.0,2.0,-0.012779430838483208,-0.010989010989007397,0.004884004884004867
198776029529300,3.1938501,step,0.1372205691615168,28.0,2.0,-0.012779430838483208,-0.010989010989007397,0.004884004884004867
198776030210100,3.1945309,step,0.1372205691615168,28.0,2.0,-0.013160906385900617,-0.010989010989007397,-0.004884004884004867
198776031237300,3.1955581,step,0.1372205691615168,28.0,2.0,-0.012779430838483208,0.010989010989007397,0.004884004884004867
198776032380200,3.196701,step,0.1372205691615168,28.0,2.0,-0.012779430838483208,0.010989010989007397,0.004884004884004867
198776032979300,3.1973001,step,0.1372205691615168,28.0,2.0,-0.012779430838483208,0.010989010989007397,0.004884004884004867
198776034059700,3.1983805,step,0.1372205691615168,28.0,2.0,-0.012779430838483208,0.010989010989007397,0.004884004884004867
198776035146200,3.199467,step,0.1372205691615168,28.0,2.0,-0.012779430838483208,0.010989010989007397,0.004884004884004867
198776036337700,3.2006585,step,0.1372205691615168,28.0,2.0,-0.012779430838483208,0.010989010989007397,0.004884004884004867
198776037471200,3.201792,step,0.1372205691615168,28.0,2.0,-0.012779430838483208,0.010989010989007397,0.004884004884004867
198776038077800,3.2023986,step,0.1372205691615168,28.0,2.0,-0.012779430838483208,0.010989010989007397,0.004884004884004867
198776039099400,3.2034202,step,0.1372205691615168,28.0,2.0,-0.012779430838483208,0.010989010989007397,0.004884004884004867
198776040102300,3.2044231,step,0.1372205691615168,28.0,2.0,-0.012779430838483208,0.010989010989007397,0.004884004884004867
198776041167500,3.2054883,step,0.1372205691615168,28.0,2.0,-0.012779430838483208,0.010989010989007397,0.004884004884004867
198776042199600,3.2065204,step,0.1372205691615168,28.0,2.0,-0.012779430838483208,0.010989010989007397,0.004884004884004867
198776043321700,3.2076425,step,0.1372205691615168,28.0,2.0,-0.012779430838483208,0.010989010989007397,0.004884004884004867
198776044512900,3.2088337,step,0.1372205691615168,28.0,2.0,-0.012779430838483208,0.010989010989007397,0.004884004884004867
198776045195500,3.2095163,step,0.1372205691615168,28.0,2.0,-0.012779430838483208,0.010989010989007397,0.004884004884004867
198776046121100,3.2104419,step,0.1372205691615168,28.0,2.0,-0.012779430838483208,0.010989010989007397,0.004884004884004867
198776047190200,3.211511,step,0.1372205691615168,28.0,2.0,-0.012779430838483208,0.010989010989007397,0.004884004884004867
198776048322000,3.2126428,step,0.1372205691615168,28.0,2.0,-0.012779430838483208,0.010989010989007397,0.004884004884004867
198776049490500,3.2138113,step,0.1372205691615168,28.0,2.0,-0.012779430838483208,0.010989010989007397,0.004884004884004867
198776050097600,3.2144184,step,0.1372205691615168,28.0,2.0,-0.012779430838483208,0.010989010989007397,0.004884004884004867
198776051119500,3.2154403,step,0.1372205691615168,28.0,2.0,-0.012779430838483208,0.010989010989007397,0.004884004884004867
198776052213900,3.2165347,step,0.1372205691615168,28.0,2.0,-0.012779430838483208,0.010989010989007397,0.004884004884004867
198776053353100,3.2176739,step,0.1372205691615168,28.0,2.0,-0.012779430838483208,0.010989010989007397,0.004884004884004867
198776053935600,3.2182564,step,0.1372205691615168,28.0,2.0,-0.012779430838483208,0.010989010989007397,0.004884004884004867
198776054958900,3.2192797,step,0.1372205691615168,28.0,2.0,-0.012779430838483208,0.010989010989007397,0.004884004884004867
198776056062700,3.2203835,step,0.1372205691615168,28.0,2.0,-0.012779430838483208,0.010989010989007397,0.004884004884004867
198776057176300,3.2214971,step,0.1372205691615168,28.0,2.0,-0.012779430838483208,0.010989010989007397,0.004884004884004867
198776058287300,3.2226081,step,0.1372205691615168,28.0,2.0,-0.012779430838483208,0.010989010989007397,0.004884004884004867
198776059368200,3.223689,step,0.1372205691615168,28.0,2.0,-0.012779430838483208,0.010989010989007397,0.004884004884004867
198776060583500,3.2249043,step,0.1372205691615168,28.0,2.0,-0.012779430838483208,0.010989010989007397,0.004884004884004867
198776061241800,3.2255626,step,0.1372205691615168,28.0,2.0,-0.012779430838483208,0.010989010989007397,0.004884004884004867
198776062208200,3.226529,step,0.1372205691615168,28.0,2.0,-0.012779430838483208,0.010989010989007397,0.004884004884004867
198776063328200,3.227649,step,0.1372205691615168,28.0,2.0,-0.012779430838483208,0.010989010989007397,0.004884004884004867
198776064450700,3.2287715,step,0.1372205691615168,28.0,2.0,-0.012779430838483208,0.010989010989007397,0.004884004884004867
198776065063700,3.2293845,step,0.1372205691615168,28.0,2.0,-0.012779430838483208,0.010989010989007397,0.004884004884004867
198776066086400,3.2304072,step,0.1372205691615168,28.0,2.0,-0.012779430838483208,0.010989010989007397,0.004884004884004867
198776067237000,3.2315578,step,0.1372205691615168,28.0,2.0,-0.012779430838483208,0.010989010989007397,0.004884004884004867
198776068327600,3.2326484,step,0.1372205691615168,28.0,2.0,-0.012779430838483208,0.010989010989007397,0.004884004884004867
198776068834400,3.2331552,step,0.1372205691615168,28.0,2.0,-0.012779430838483208,0.010989010989007397,0.004884004884004867
198776069930200,3.234251,step,0.1372205691615168,28.0,2.0,-0.012779430838483208,0.010989010989007397,0.004884004884004867
198776070958300,3.2352791,step,0.1372205691615168,28.0,2.0,-0.012779430838483208,0.010989010989007397,0.004884004884004867
198776071990400,3.2363112,step,0.1372205691615168,28.0,2.0,-0.012779430838483208,0.010989010989007397,0.004884004884004867
198776073026000,3.2373468,step,0.1372205691615168,28.0,2.0,-0.012779430838483208,0.010989010989007397,0.004884004884004867
198776074059800,3.2383806,step,0.1372205691615168,28.0,2.0,-0.012779430838483208,0.010989010989007397,0.004884004884004867
198776075092300,3.2394131,step,0.1372205691615168,28.0,2.0,-0.012779430838483208,0.010989010989007397,0.004884004884004867
198776076245100,3.2405659,step,0.1372205691615168,28.0,2.0,-0.012779430838483208,0.010989010989007397,0.004884004884004867
198776077116200,3.241437,step,0.1372205691615168,28.0,2.0,-0.012779430838483208,0.010989010989007397,0.004884004884004867
198776078164400,3.2424852,step,0.1372205691615168,28.0,2.0,-0.012779430838483208,0.010989010989007397,0.004884004884004867
198776078821000,3.2431418,step,0.1372205691615168,28.0,2.0,-0.012779430838483208,0.010989010989007397,0.004884004884004867
198776080048300,3.2443691,step,0.1372205691615168,28.0,2.0,-0.012779430838483208,0.010989010989007397,0.004884004884004867
198776081045400,3.2453662,step,0.1372205691615168,28.0,2.0,-0.012779430838483208,0.010989010989007397,0.004884004884004867
198776082063400,3.2463842,step,0.1372205691615168,28.0,2.0,-0.012779430838483208,0.010989010989007397,0.004884004884004867
198776083100800,3.2474216,step,0.1372205691615168,28.0,2.0,-0.012779430838483208,0.010989010989007397,0.004884004884004867
198776084140300,3.2484611,step,0.1372205691615168,28.0,2.0,-0.012779430838483208,0.010989010989007397,0.004884004884004867
198776085182300,3.2495031,step,0.1372205691615168,28.0,2.0,-0.012779430838483208,0.010989010989007397,0.004884004884004867
198776086229800,3.2505506,step,0.1372205691615168,28.0,2.0,-0.012779430838483208,0.010989010989007397,0.004884004884004867
198776087284800,3.2516056,step,0.1372205691615168,28.0,2.0,-0.012779430838483208,0.010989010989007397,0.004884004884004867
198776088416900,3.2527377,step,0.1372205691615168,28.0,2.0,-0.012779430838483208,0.010989010989007397,0.004884004884004867
198776089006500,3.2533273,step,0.1372205691615168,28.0,2.0,-0.012779430838483208,0.010989010989007397,0.004884004884004867
198776090027100,3.2543479,step,0.1372205691615168,28.0,2.0,-0.012779430838483208,0.010989010989007397,0.004884004884004867
198776091131300,3.2554521,step,0.1372205691615168,28.0,2.0,-0.012779430838483208,0.010989010989007397,0.004884004884004867
198776092257400,3.2565782,step,0.1372205691615168,28.0,2.0,-0.012779430838483208,0.010989010989007397,0.004884004884004867
198776093396200,3.257717,step,0.1372205691615168,28.0,2.0,-0.012779430838483208,0.010989010989007397,0.004884004884004867
198776094049400,3.2583702,step,0.1372205691615168,28.0,2.0,-0.012779430838483208,0.010989010989007397,0.004884004884004867
198776095073100,3.2593939,step,0.1372205691615168,28.0,2.0,-0.012779430838483208,0.010989010989007397,0.004884004884004867
198776096178300,3.2604991,step,0.1372205691615168,28.0,2.0,-0.012779430838483208,0.010989010989007397,0.004884004884004867
198776097187500,3.2615083,step,0.1372205691615168,28.0,2.0,-0.012779430838483208,0.010989010989007397,0.004884004884004867
198776098274100,3.2625949,step,0.1372205691615168,28.0,2.0,-0.012779430838483208,0.010989010989007397,0.004884004884004867
198776098832200,3.263153,step,0.1372205691615168,28.0,2.0,-0.012779430838483208,0.010989010989007397,0.004884004884004867
198776099834300,3.2641551,step,0.1372205691615168,28.0,2.0,-0.012779430838483208,0.010989010989007397,0.004884004884004867
198776100890600,3.2652114,step,0.1372205691615168,28.0,2.0,-0.012779430838483208,0.010989010989007397,0.004884004884004867
198776101993800,3.2663146,step,0.1372205691615168,28.0,2.0,-0.012779430838483208,0.010989010989007397,0.004884004884004867
198776103103900,3.2674247,step,0.1372205691615168,28.0,2.0,-0.012779430838483208,0.010989010989007397,0.004884004884004867
198776104200900,3.2685217,step,0.1372205691615168,28.0,2.0,-0.012779430838483208,0.010989010989007397,0.004884004884004867
198776105305500,3.2696263,step,0.1372205691615168,28.0,2.0,-0.012779430838483208,0.010989010989007397,0.004884004884004867
198776105911400,3.2702322,step,0.1372205691615168,28.0,2.0,-0.012779430838483208,0.010989010989007397,0.004884004884004867
198776106934000,3.2712548,step,0.1372205691615168,28.0,2.0,-0.012779430838483208,0.010989010989007397,0.004884004884004867
198776108097000,3.2724178,step,0.1372205691615168,28.0,2.0,-0.012779430838483208,0.010989010989007397,0.004884004884004867
198776109166700,3.2734875,step,0.1372205691615168,28.0,2.0,-0.012779430838483208,0.010989010989007397,0.004884004884004867
198776110251400,3.2745722,step,0.1372205691615168,28.0,2.0,-0.012779430838483208,0.010989010989007397,0.004884004884004867
198776111338800,3.2756596,step,0.1372205691615168,28.0,2.0,-0.012779430838483208,0.010989010989007397,0.004884004884004867
198776111891000,3.2762118,step,0.1372205691615168,28.0,2.0,-0.012779430838483208,0.010989010989007397,0.004884004884004867
198776112894500,3.2772153,step,0.1372205691615168,28.0,2.0,-0.012779430838483208,0.010989010989007397,0.004884004884004867
198776113940000,3.2782608,step,0.1372205691615168,28.0,2.0,-0.012779430838483208,0.010989010989007397,0.004884004884004867
198776115050100,3.2793709,step,0.1372205691615168,28.0,2.0,-0.012779430838483208,0.010989010989007397,0.004884004884004867
198776116186100,3.2805069,step,0.1372205691615168,28.0,2.0,-0.012779430838483208,0.010989010989007397,0.004884004884004867
198776117208600,3.2815294,step,0.1372205691615168,28.0,2.0,-0.012779430838483208,0.010989010989007397,0.004884004884004867
198776118352900,3.2826737,step,0.1372205691615168,28.0,2.0,-0.012779430838483208,0.010989010989007397,0.004884004884004867
198776118947700,3.2832685,step,0.1372205691615168,28.0,2.0,-0.012779430838483208,0.010989010989007397,0.004884004884004867
198776119969600,3.2842904,step,0.1372205691615168,28.0,2.0,-0.012779430838483208,0.010989010989007397,0.004884004884004867
198776121091400,3.2854122,step,0.1372205691615168,28.0,2.0,-0.012779430838483208,0.010989010989007397,0.004884004884004867
198776122145800,3.2864666,step,0.1372205691615168,28.0,2.0,-0.012779430838483208,0.010989010989007397,0.004884004884004867
198776123331400,3.2876522,step,0.1372205691615168,28.0,2.0,-0.012779430838483208,0.010989010989007397,0.004884004884004867
198776124441500,3.2887623,step,0.1372205691615168,28.0,2.0,-0.012779430838483208,0.010989010989007397,0.004884004884004867
198776125019000,3.2893398,step,0.1372205691615168,28.0,2.0,-0.012779430838483208,0.010989010989007397,0.004884004884004867
198776126025500,3.2903463,step,0.1372205691615168,28.0,2.0,-0.012779430838483208,0.010989010989007397,0.004884004884004867
198776127089000,3.2914098,step,0.1372205691615168,28.0,2.0,-0.012779430838483208,0.010989010989007397,0.004884004884004867
198776128191400,3.2925122,step,0.1372205691615168,28.0,2.0,-0.012779430838483208,0.010989010989007397,0.004884004884004867
198776129316800,3.2936376,step,0.1372205691615168,28.0,2.0,-0.012779430838483208,0.010989010989007397,0.004884004884004867
198776129921100,3.2942419,step,0.1372205691615168,28.0,2.0,-0.012779430838483208,0.010989010989007397,0.004884004884004867
198776130923100,3.2952439,step,0.1372205691615168,28.0,2.0,-0.012779430838483208,0.010989010989007397,0.004884004884004867
198776132004900,3.2963257,step,0.1372205691615168,28.0,2.0,-0.012779430838483208,0.010989010989007397,0.004884004884004867
198776133156400,3.2974772,step,0.1372205691615168,28.0,2.0,-0.012779430838483208,0.010989010989007397,0.004884004884004867
198776134292200,3.298613,step,0.1372205691615168,28.0,2.0,-0.012779430838483208,0.010989010989007397,0.004884004884004867
198776135435300,3.2997561,step,0.1372205691615168,28.0,2.0,-0.012779430838483208,0.010989010989007397,0.004884004884004867
198776136039300,3.3003601,step,0.1372205691615168,28.0,2.0,-0.012779430838483208,0.010989010989007397,0.004884004884004867
198776137041600,3.3013624,step,0.1372205691615168,28.0,2.0,-0.012779430838483208,0.010989010989007397,0.004884004884004867
198776138173900,3.3024947,step,0.1372205691615168,28.0,2.0,-0.012779430838483208,0.010989010989007397,0.004884004884004867
198776139420800,3.3037416,step,0.1372205691615168,28.0,2.0,-0.012779430838483208,0.010989010989007397,0.004884004884004867
198776140633600,3.3049544,step,0.1372205691615168,28.0,2.0,-0.012779430838483208,-0.010989010989007397,0.004884004884004867
198776141245300,3.3055661,step,0.1372205691615168,28.0,2.0,-0.012779430838483208,-0.010989010989007397,0.004884004884004867
198776142243300,3.3065641,step,0.1372205691615168,28.0,2.0,-0.012779430838483208,-0.010989010989007397,0.004884004884004867
198776143258700,3.3075795,step,0.1372205691615168,28.0,2.0,-0.012779430838483208,-0.010989010989007397,0.004884004884004867
198776144410400,3.3087312,step,0.1372205691615168,28.0,2.0,-0.012779430838483208,-0.010989010989007397,0.004884004884004867
198776145025300,3.3093461,step,0.1372205691615168,28.0,2.0,-0.012779430838483208,-0.010989010989007397,0.004884004884004867
198776146047700,3.3103685,step,0.1372205691615168,28.0,2.0,-0.012779430838483208,-0.010989010989007397,0.004884004884004867
198776147129200,3.31145,step,0.1372205691615168,28.0,2.0,-0.012779430838483208,-0.010989010989007397,0.004884004884004867
198776148219500,3.3125403,step,0.1372205691615168,28.0,2.0,-0.012779430838483208,-0.010989010989007397,0.004884004884004867
198776149358700,3.3136795,step,0.1372205691615168,28.0,2.0,-0.012779430838483208,-0.010989010989007397,0.004884004884004867
198776149937500,3.3142583,step,0.1372205691615168,28.0,2.0,-0.012779430838483208,-0.010989010989007397,0.004884004884004867
198776150958400,3.3152792,step,0.1372205691615168,28.0,2.0,-0.012779430838483208,-0.010989010989007397,0.004884004884004867
198776152021000,3.3163418,step,0.1372205691615168,28.0,2.0,-0.012779430838483208,-0.010989010989007397,0.004884004884004867
198776153128100,3.3174489,step,0.1372205691615168,28.0,2.0,-0.012779430838483208,-0.010989010989007397,0.004884004884004867
198776154149600,3.3184704,step,0.1372205691615168,28.0,2.0,-0.012779430838483208,-0.010989010989007397,0.004884004884004867
198776155338500,3.3196593,step,0.1372205691615168,28.0,2.0,-0.012779430838483208,-0.010989010989007397,0.004884004884004867
198776156450500,3.3207713,step,0.1372205691615168,28.0,2.0,-0.012779430838483208,-0.010989010989007397,0.004884004884004867
198776157060000,3.3213808,step,0.1372205691615168,28.0,2.0,-0.012779430838483208,-0.010989010989007397,0.004884004884004867
198776158072600,3.3223934,step,0.1372205691615168,28.0,2.0,-0.012779430838483208,-0.010989010989007397,0.004884004884004867
198776159165800,3.3234866,step,0.1372205691615168,28.0,2.0,-0.012779430838483208,-0.010989010989007397,0.004884004884004867
198776160276000,3.3245968,step,0.1372205691615168,28.0,2.0,-0.012779430838483208,-0.010989010989007397,0.004884004884004867
198776161411600,3.3257324,step,0.1372205691615168,28.0,2.0,-0.012779430838483208,-0.010989010989007397,0.004884004884004867
198776161995900,3.3263167,step,0.1372205691615168,28.0,2.0,-0.012779430838483208,-0.010989010989007397,0.004884004884004867
198776163017200,3.327338,step,0.1372205691615168,28.0,2.0,-0.012779430838483208,-0.010989010989007397,0.004884004884004867
198776164156700,3.3284775,step,0.1372205691615168,28.0,2.0,-0.012779430838483208,-0.010989010989007397,0.004884004884004867
198776165285400,3.3296062,step,0.1372205691615168,28.0,2.0,-0.012779430838483208,-0.010989010989007397,0.004884004884004867
198776166414600,3.3307354,step,0.1372205691615168,28.0,2.0,-0.012779430838483208,-0.010989010989007397,0.004884004884004867
198776167018600,3.3313394,step,0.1372205691615168,28.0,2.0,-0.012779430838483208,-0.010989010989007397,0.004884004884004867
198776168020800,3.3323416,step,0.1372205691615168,28.0,2.0,-0.012779430838483208,-0.010989010989007397,0.004884004884004867
198776169085700,3.3334065,step,0.1372205691615168,28.0,2.0,-0.012779430838483208,-0.010989010989007397,0.004884004884004867
198776170149900,3.3344707,step,0.1372205691615168,28.0,2.0,-0.012779430838483208,-0.010989010989007397,0.004884004884004867
198776171297200,3.335618,step,0.1372205691615168,28.0,2.0,-0.012779430838483208,-0.010989010989007397,0.004884004884004867
198776172414100,3.3367349,step,0.1372205691615168,28.0,2.0,-0.012779430838483208,-0.010989010989007397,0.004884004884004867
198776173042600,3.3373634,step,0.1372205691615168,28.0,2.0,-0.012779430838483208,-0.010989010989007397,0.004884004884004867
198776174066000,3.3383868,step,0.1372205691615168,28.0,2.0,-0.012779430838483208,-0.010989010989007397,0.004884004884004867
198776175197700,3.3395185,step,0.1372205691615168,28.0,2.0,-0.012779430838483208,-0.010989010989007397,0.004884004884004867
198776176300500,3.3406213,step,0.1372205691615168,28.0,2.0,-0.012779430838483208,-0.010989010989007397,0.004884004884004867
198776177426900,3.3417477,step,0.1372205691615168,28.0,2.0,-0.012779430838483208,-0.010989010989007397,0.004884004884004867
198776178044300,3.3423651,step,0.1372205691615168,28.0,2.0,-0.012779430838483208,-0.010989010989007397,0.004884004884004867
198776179065700,3.3433865,step,0.1372205691615168,28.0,2.0,-0.012779430838483208,-0.010989010989007397,0.004884004884004867
198776180145500,3.3444663,step,0.1372205691615168,28.0,2.0,-0.012779430838483208,-0.010989010989007397,0.004884004884004867
198776181292400,3.3456132,step,0.1372205691615168,28.0,2.0,-0.012779430838483208,-0.010989010989007397,0.004884004884004867
198776182412300,3.3467331,step,0.1372205691615168,28.0,2.0,-0.012779430838483208,-0.010989010989007397,0.004884004884004867
198776183027300,3.3473481,step,0.1372205691615168,28.0,2.0,-0.012779430838483208,-0.010989010989007397,0.004884004884004867
198776184120100,3.3484409,step,0.1372205691615168,28.0,2.0,-0.012779430838483208,-0.010989010989007397,0.004884004884004867
198776185227200,3.349548,step,0.1372205691615168,28.0,2.0,-0.012779430838483208,-0.010989010989007397,0.004884004884004867
198776186311400,3.3506322,step,0.1372205691615168,28.0,2.0,-0.012779430838483208,-0.010989010989007397,0.004884004884004867
198776187545300,3.3518661,step,0.1372205691615168,28.0,2.0,-0.012779430838483208,-0.010989010989007397,0.004884004884004867
198776188046600,3.3523674,step,0.1372205691615168,28.0,2.0,-0.012779430838483208,-0.010989010989007397,0.004884004884004867
198776189306400,3.3536272,step,0.1372205691615168,28.0,2.0,-0.012779430838483208,-0.010989010989007397,0.004884004884004867
198776190202300,3.3545231,step,0.1372205691615168,28.0,2.0,-0.012779430838483208,-0.010989010989007397,0.004884004884004867
198776191340400,3.3556612,step,0.1372205691615168,28.0,2.0,-0.012779430838483208,-0.010989010989007397,0.004884004884004867
198776191940300,3.3562611,step,0.1372205691615168,28.0,2.0,-0.012779430838483208,-0.010989010989007397,0.004884004884004867
198776192963700,3.3572845,step,0.1372205691615168,28.0,2.0,-0.012779430838483208,-0.010989010989007397,0.004884004884004867
198776194038300,3.3583591,step,0.1372205691615168,28.0,2.0,-0.012779430838483208,-0.010989010989007397,0.004884004884004867
198776195150000,3.3594708,step,0.1372205691615168,28.0,2.0,-0.012779430838483208,-0.010989010989007397,0.004884004884004867
198776196221000,3.3605418,step,0.1372205691615168,28.0,2.0,-0.012779430838483208,-0.010989010989007397,0.004884004884004867
198776197323200,3.361644,step,0.1372205691615168,28.0,2.0,-0.012779430838483208,-0.010989010989007397,0.004884004884004867
198776197894700,3.3622155,step,0.1372205691615168,28.0,2.0,-0.012779430838483208,-0.010989010989007397,0.004884004884004867
198776198964600,3.3632854,step,0.1372205691615168,28.0,2.0,-0.012779430838483208,-0.010989010989007397,0.004884004884004867
198776200072000,3.3643928,step,0.1372205691615168,28.0,2.0,-0.012779430838483208,-0.010989010989007397,0.004884004884004867
198776201177000,3.3654978,step,0.1372205691615168,28.0,2.0,-0.012779430838483208,-0.010989010989007397,0.004884004884004867
198776202188200,3.366509,step,0.1372205691615168,28.0,2.0,-0.012779430838483208,-0.010989010989007397,0.004884004884004867
198776203339300,3.3676601,step,0.1372205691615168,28.0,2.0,-0.012779430838483208,-0.010989010989007397,0.004884004884004867
198776204471200,3.368792,step,0.1372205691615168,28.0,2.0,-0.012779430838483208,-0.010989010989007397,0.004884004884004867
198776205070400,3.3693912,step,0.1372205691615168,28.0,2.0,-0.012779430838483208,-0.010989010989007397,0.004884004884004867
198776206074900,3.3703957,step,0.1372205691615168,28.0,2.0,-0.012779430838483208,-0.010989010989007397,0.004884004884004867
198776207146800,3.3714676,step,0.1372205691615168,28.0,2.0,-0.012779430838483208,-0.010989010989007397,0.004884004884004867
198776208225700,3.3725465,step,0.1372205691615168,28.0,2.0,-0.012779430838483208,-0.010989010989007397,0.004884004884004867
198776209294100,3.3736149,step,0.1372205691615168,28.0,2.0,-0.012779430838483208,-0.010989010989007397,0.004884004884004867
198776209875800,3.3741966,step,0.1372205691615168,28.0,2.0,-0.012779430838483208,-0.010989010989007397,0.004884004884004867
198776210876800,3.3751976,step,0.1372205691615168,28.0,2.0,-0.012779430838483208,-0.010989010989007397,0.004884004884004867
198776211935100,3.3762559,step,0.1372205691615168,28.0,2.0,-0.012779430838483208,-0.010989010989007397,0.004884004884004867
198776213075100,3.3773959,step,0.1372205691615168,28.0,2.0,-0.012779430838483208,-0.010989010989007397,0.004884004884004867
198776214171200,3.378492,step,0.1372205691615168,28.0,2.0,-0.012779430838483208,-0.010989010989007397,0.004884004884004867
198776215293800,3.3796146,step,0.1372205691615168,28.0,2.0,-0.012779430838483208,-0.010989010989007397,0.004884004884004867
198776215886900,3.3802077,step,0.1372205691615168,28.0,2.0,-0.012779430838483208,-0.010989010989007397,0.004884004884004867
198776216907200,3.381228,step,0.1372205691615168,28.0,2.0,-0.012779430838483208,-0.010989010989007397,0.004884004884004867
198776218039700,3.3823605,step,0.1372205691615168,28.0,2.0,-0.012779430838483208,-0.010989010989007397,0.004884004884004867
198776219197300,3.3835181,step,0.1372205691615168,28.0,2.0,-0.012779430838483208,-0.010989010989007397,0.004884004884004867
198776220271000,3.3845918,step,0.1372205691615168,28.0,2.0,-0.012779430838483208,-0.010989010989007397,0.004884004884004867
198776221439200,3.38576,step,0.1372205691615168,28.0,2.0,-0.012779430838483208,-0.010989010989007397,0.004884004884004867
198776222056700,3.3863775,step,0.1372205691615168,28.0,2.0,-0.012779430838483208,-0.010989010989007397,0.004884004884004867
198776223061300,3.3873821,step,0.1372205691615168,28.0,2.0,-0.012779430838483208,-0.010989010989007397,0.004884004884004867
198776224172200,3.388493,step,0.1372205691615168,28.0,2.0,-0.012779430838483208,-0.010989010989007397,0.004884004884004867
198776225300500,3.3896213,step,0.1372205691615168,28.0,2.0,-0.012779430838483208,-0.010989010989007397,0.004884004884004867
198776226462800,3.3907836,step,0.1372205691615168,28.0,2.0,-0.012779430838483208,-0.010989010989007397,0.004884004884004867
198776227090500,3.3914113,step,0.1372205691615168,28.0,2.0,-0.012779430838483208,-0.010989010989007397,0.004884004884004867
198776228165100,3.3924859,step,0.1372205691615168,28.0,2.0,-0.012779430838483208,-0.010989010989007397,0.004884004884004867
198776229229600,3.3935504,step,0.1372205691615168,28.0,2.0,-0.012779430838483208,-0.010989010989007397,0.004884004884004867
198776230268200,3.394589,step,0.1372205691615168,28.0,2.0,-0.012779430838483208,-0.010989010989007397,0.004884004884004867
198776231385900,3.3957067,step,0.1372205691615168,28.0,2.0,-0.012779430838483208,-0.010989010989007397,0.004884004884004867
198776231999600,3.3963204,step,0.1372205691615168,28.0,2.0,-0.012779430838483208,-0.010989010989007397,0.004884004884004867
198776233001800,3.3973226,step,0.1372205691615168,28.0,2.0,-0.012779430838483208,-0.010989010989007397,0.004884004884004867
198776234072700,3.3983935,step,0.1372205691615168,28.0,2.0,-0.012779430838483208,-0.010989010989007397,0.004884004884004867
198776235243700,3.3995645,step,0.1372205691615168,28.0,2.0,-0.012779430838483208,-0.010989010989007397,0.004884004884004867
198776236343800,3.4006646,step,0.1372205691615168,28.0,2.0,-0.012779430838483208,-0.010989010989007397,0.004884004884004867
198776236942700,3.4012635,step,0.1372205691615168,28.0,2.0,-0.012779430838483208,-0.010989010989007397,0.004884004884004867
198776237955900,3.4022767,back,-0.012779430838483208,28.0,2.0,-0.012779430838483208,-0.010989010989007397,0.004884004884004867
198776239018700,3.4033395,back,-0.012779430838483208,28.0,2.0,-0.012779430838483208,-0.010989010989007397,0.004884004884004867
198776240121800,3.4044426,back,-0.012779430838483208,28.0,2.0,-0.012779430838483208,-0.010989010989007397,0.004884004884004867
198776241243100,3.4055639,back,-0.012779430838483208,28.0,2.0,-0.012779430838483208,-0.010989010989007397,0.004884004884004867
198776242436800,3.4067576,back,-0.012779430838483208,28.0,2.0,-0.012779430838483208,-0.010989010989007397,0.004884004884004867
198776243057300,3.4073781,back,-0.012779430838483208,28.0,2.0,-0.012779430838483208,-0.010989010989007397,0.004884004884004867
198776244063300,3.4083841,back,-0.012779430838483208,28.0,2.0,-0.012779430838483208,-0.010989010989007397,0.004884004884004867
198776245176900,3.4094977,back,-0.012779430838483208,28.0,2.0,-0.012779430838483208,-0.010989010989007397,0.004884004884004867
198776246287900,3.4106087,back,-0.012779430838483208,28.0,2.0,-0.012779430838483208,-0.010989010989007397,0.004884004884004867
198776247367100,3.4116879,back,-0.012779430838483208,28.0,2.0,-0.012779430838483208,-0.010989010989007397,0.004884004884004867
198776248025800,3.4123466,back,-0.012779430838483208,28.0,2.0,-0.012779430838483208,-0.010989010989007397,0.004884004884004867
198776249048200,3.413369,back,-0.012779430838483208,28.0,2.0,-0.012779430838483208,-0.010989010989007397,0.004884004884004867
198776250295100,3.4146159,back,-0.012779430838483208,28.0,2.0,-0.013160906385900617,-0.0329670329670364,0.004884004884004867
198776250950200,3.415271,back,-0.012779430838483208,28.0,2.0,-0.013160906385900617,-0.010989010989007397,-0.004884004884004867
198776251973800,3.4162946,back,-0.012779430838483208,28.0,2.0,-0.012779430838483208,-0.010989010989007397,0.004884004884004867
198776253093700,3.4174145,back,-0.012779430838483208,28.0,2.0,-0.012779430838483208,-0.010989010989007397,0.004884004884004867
198776254246200,3.418567,back,-0.012779430838483208,28.0,2.0,-0.012779430838483208,-0.010989010989007397,0.004884004884004867
198776255399100,3.4197199,back,-0.012779430838483208,28.0,2.0,-0.012779430838483208,-0.010989010989007397,0.004884004884004867
198776256050400,3.4203712,back,-0.012779430838483208,28.0,2.0,-0.012779430838483208,-0.010989010989007397,0.004884004884004867
198776257071000,3.4213918,back,-0.012779430838483208,28.0,2.0,-0.012779430838483208,-0.010989010989007397,0.004884004884004867
198776258188200,3.422509,back,-0.012779430838483208,28.0,2.0,-0.012779430838483208,-0.010989010989007397,0.004884004884004867
198776259322500,3.4236433,back,-0.012779430838483208,28.0,2.0,-0.012779430838483208,-0.010989010989007397,0.004884004884004867
198776260513800,3.4248346,back,-0.012779430838483208,28.0,2.0,-0.012779430838483208,-0.010989010989007397,0.004884004884004867
198776261122700,3.4254435,back,-0.012779430838483208,28.0,2.0,-0.012779430838483208,-0.010989010989007397,0.004884004884004867
198776262163600,3.4264844,back,-0.012779430838483208,28.0,2.0,-0.012779430838483208,-0.010989010989007397,0.004884004884004867
198776263273500,3.4275943,back,-0.012779430838483208,28.0,2.0,-0.012779430838483208,-0.010989010989007397,0.004884004884004867
198776264445300,3.4287661,back,-0.012779430838483208,28.0,2.0,-0.012779430838483208,-0.010989010989007397,0.004884004884004867
198776265053300,3.4293741,back,-0.012779430838483208,28.0,2.0,-0.012779430838483208,-0.010989010989007397,0.004884004884004867
198776266146100,3.4304669,back,-0.012779430838483208,28.0,2.0,-0.012779430838483208,-0.010989010989007397,0.004884004884004867
198776267349200,3.43167,back,-0.012779430838483208,28.0,2.0,-0.012779430838483208,-0.010989010989007397,0.004884004884004867
198776268003200,3.432324,back,-0.012779430838483208,28.0,2.0,-0.012779430838483208,-0.010989010989007397,0.004884004884004867
198776268965300,3.4332861,back,-0.012779430838483208,28.0,2.0,-0.012779430838483208,-0.010989010989007397,0.004884004884004867
198776270105800,3.4344266,back,-0.012779430838483208,28.0,2.0,-0.012779430838483208,-0.010989010989007397,0.004884004884004867
198776271127900,3.4354487,back,-0.012779430838483208,28.0,2.0,-0.012779430838483208,-0.010989010989007397,0.004884004884004867
198776272148100,3.4364689,back,-0.012779430838483208,28.0,2.0,-0.012779430838483208,-0.010989010989007397,0.004884004884004867
198776273269600,3.4375904,back,-0.012779430838483208,28.0,2.0,-0.012779430838483208,-0.010989010989007397,0.004884004884004867
198776274380300,3.4387011,back,-0.012779430838483208,28.0,2.0,-0.012779430838483208,-0.010989010989007397,0.004884004884004867
198776274945300,3.4392661,back,-0.012779430838483208,28.0,2.0,-0.012779430838483208,-0.010989010989007397,0.004884004884004867
198776275945800,3.4402666,back,-0.012779430838483208,28.0,2.0,-0.012779430838483208,-0.010989010989007397,0.004884004884004867
198776277008300,3.4413291,back,-0.012779430838483208,28.0,2.0,-0.012779430838483208,-0.010989010989007397,0.004884004884004867
198776278099100,3.4424199,back,-0.012779430838483208,28.0,2.0,-0.012779430838483208,-0.010989010989007397,0.004884004884004867
198776279193500,3.4435143,back,-0.012779430838483208,28.0,2.0,-0.012779430838483208,-0.010989010989007397,0.004884004884004867
198776280288400,3.4446092,back,-0.012779430838483208,28.0,2.0,-0.012779430838483208,-0.010989010989007397,0.004884004884004867
198776281432000,3.4457528,back,-0.012779430838483208,28.0,2.0,-0.012779430838483208,-0.010989010989007397,0.004884004884004867
198776282034700,3.4463555,back,-0.012779430838483208,28.0,2.0,-0.012779430838483208,-0.010989010989007397,0.004884004884004867
198776283036700,3.4473575,back,-0.012779430838483208,28.0,2.0,-0.012779430838483208,-0.010989010989007397,0.004884004884004867
198776284105400,3.4484262,back,-0.012779430838483208,28.0,2.0,-0.012779430838483208,-0.010989010989007397,0.004884004884004867
198776285229700,3.4495505,back,-0.012779430838483208,28.0,2.0,-0.012779430838483208,-0.010989010989007397,0.004884004884004867
198776286296600,3.4506174,back,-0.012779430838483208,28.0,2.0,-0.012779430838483208,-0.010989010989007397,0.004884004884004867
198776286887500,3.4512083,back,-0.012779430838483208,28.0,2.0,-0.012779430838483208,-0.010989010989007397,0.004884004884004867
198776287898300,3.4522191,back,-0.012779430838483208,28.0,2.0,-0.012779430838483208,-0.010989010989007397,0.004884004884004867
198776288992600,3.4533134,back,-0.012779430838483208,28.0,2.0,-0.012779430838483208,-0.010989010989007397,0.004884004884004867
198776290060700,3.4543815,back,-0.012779430838483208,28.0,2.0,-0.012779430838483208,-0.010989010989007397,0.004884004884004867
198776291071100,3.4553919,back,-0.012779430838483208,28.0,2.0,-0.012779430838483208,-0.010989010989007397,0.004884004884004867
198776292071100,3.4563919,back,-0.012779430838483208,28.0,2.0,-0.012779430838483208,-0.010989010989007397,0.004884004884004867
198776293174200,3.457495,back,-0.012779430838483208,28.0,2.0,-0.012779430838483208,-0.010989010989007397,0.004884004884004867
198776294252400,3.4585732,back,-0.012779430838483208,28.0,2.0,-0.012779430838483208,-0.010989010989007397,0.004884004884004867
198776294816000,3.4591368,back,-0.012779430838483208,28.0,2.0,-0.012779430838483208,-0.010989010989007397,0.004884004884004867
198776295822300,3.4601431,back,-0.012779430838483208,28.0,2.0,-0.012779430838483208,-0.010989010989007397,0.004884004884004867
198776296977500,3.4612983,back,-0.012779430838483208,28.0,2.0,-0.012779430838483208,-0.010989010989007397,0.004884004884004867
198776298045800,3.4623666,back,-0.012779430838483208,28.0,2.0,-0.012779430838483208,-0.010989010989007397,0.004884004884004867
198776299158900,3.4634797,back,-0.012779430838483208,28.0,2.0,-0.012779430838483208,-0.010989010989007397,0.004884004884004867
198776300181400,3.4645022,back,-0.012779430838483208,28.0,2.0,-0.012779430838483208,-0.010989010989007397,0.004884004884004867
198776301327400,3.4656482,back,-0.012779430838483208,28.0,2.0,-0.012779430838483208,-0.010989010989007397,0.004884004884004867
198776302352800,3.4666736,back,-0.012779430838483208,28.0,2.0,-0.012779430838483208,-0.010989010989007397,0.004884004884004867
198776302939300,3.4672601,back,-0.012779430838483208,28.0,2.0,-0.012779430838483208,-0.010989010989007397,0.004884004884004867
198776303993200,3.468314,back,-0.012779430838483208,28.0,2.0,-0.012779430838483208,-0.010989010989007397,0.004884004884004867
198776305039300,3.4693601,back,-0.012779430838483208,28.0,2.0,-0.012779430838483208,-0.010989010989007397,0.004884004884004867
198776306127600,3.4704484,back,-0.012779430838483208,28.0,2.0,-0.012779430838483208,-0.010989010989007397,0.004884004884004867
198776307197200,3.471518,back,-0.012779430838483208,28.0,2.0,-0.012779430838483208,-0.010989010989007397,0.004884004884004867
198776308339500,3.4726603,back,-0.012779430838483208,28.0,2.0,-0.012779430838483208,-0.010989010989007397,0.004884004884004867
198776308955800,3.4732766,back,-0.012779430838483208,28.0,2.0,-0.012779430838483208,-0.010989010989007397,0.004884004884004867
198776309977300,3.4742981,back,-0.012779430838483208,28.0,2.0,-0.012779430838483208,-0.010989010989007397,0.004884004884004867
198776311125500,3.4754463,back,-0.012779430838483208,28.0,2.0,-0.012779430838483208,-0.010989010989007397,0.004884004884004867
198776312298200,3.476619,back,-0.012779430838483208,28.0,2.0,-0.012779430838483208,-0.010989010989007397,0.004884004884004867
198776313417800,3.4777386,back,-0.012779430838483208,28.0,2.0,-0.012779430838483208,-0.010989010989007397,0.004884004884004867
198776314073000,3.4783938,back,-0.012779430838483208,28.0,2.0,-0.012779430838483208,-0.010989010989007397,0.004884004884004867
198776315095500,3.4794163,back,-0.012779430838483208,28.0,2.0,-0.012779430838483208,-0.010989010989007397,0.004884004884004867
198776316299600,3.4806204,back,-0.012779430838483208,28.0,2.0,-0.012779430838483208,-0.010989010989007397,0.004884004884004867
198776317453700,3.4817745,back,-0.012779430838483208,28.0,2.0,-0.012779430838483208,-0.010989010989007397,0.004884004884004867
198776318064500,3.4823853,back,-0.012779430838483208,28.0,2.0,-0.012779430838483208,-0.010989010989007397,0.004884004884004867
198776319066500,3.4833873,back,-0.012779430838483208,28.0,2.0,-0.012779430838483208,-0.010989010989007397,0.004884004884004867
198776320085800,3.4844066,back,-0.012779430838483208,28.0,2.0,-0.012779430838483208,-0.010989010989007397,0.004884004884004867
198776321136600,3.4854574,back,-0.012779430838483208,28.0,2.0,-0.012779430838483208,-0.010989010989007397,0.004884004884004867
198776322180100,3.4865009,back,-0.012779430838483208,28.0,2.0,-0.012779430838483208,-0.010989010989007397,0.004884004884004867
198776323248800,3.4875696,back,-0.012779430838483208,28.0,2.0,-0.012779430838483208,-0.010989010989007397,0.004884004884004867
198776323812000,3.4881328,back,-0.012779430838483208,28.0,2.0,-0.012779430838483208,-0.010989010989007397,0.004884004884004867
198776324937000,3.4892578,back,-0.012779430838483208,28.0,2.0,-0.012779430838483208,-0.010989010989007397,0.004884004884004867
198776326103900,3.4904247,back,-0.012779430838483208,28.0,2.0,-0.012779430838483208,-0.010989010989007397,0.004884004884004867
198776327077600,3.4913984,back,-0.012779430838483208,28.0,2.0,-0.012779430838483208,-0.010989010989007397,0.004884004884004867
198776328230900,3.4925517,back,-0.012779430838483208,28.0,2.0,-0.012779430838483208,-0.010989010989007397,0.004884004884004867
198776329108500,3.4934293,back,-0.012779430838483208,28.0,2.0,-0.012779430838483208,-0.010989010989007397,0.004884004884004867
198776330129600,3.4944504,back,-0.012779430838483208,28.0,2.0,-0.012779430838483208,-0.010989010989007397,0.004884004884004867
198776331306300,3.4956271,back,-0.012779430838483208,28.0,2.0,-0.012779430838483208,-0.010989010989007397,0.004884004884004867
198776332473500,3.4967943,back,-0.012779430838483208,28.0,2.0,-0.012779430838483208,-0.010989010989007397,0.004884004884004867
198776333080000,3.4974008,back,-0.012779430838483208,28.0,2.0,-0.012779430838483208,-0.010989010989007397,0.004884004884004867
198776334085700,3.4984065,back,-0.012779430838483208,28.0,2.0,-0.012779430838483208,-0.010989010989007397,0.004884004884004867
198776335154800,3.4994756,back,-0.012779430838483208,28.0,2.0,-0.012779430838483208,-0.010989010989007397,0.004884004884004867
198776336258200,3.500579,back,-0.012779430838483208,28.0,2.0,-0.012779430838483208,-0.010989010989007397,0.004884004884004867
198776337347800,3.5016686,back,-0.012779430838483208,28.0,2.0,-0.012779430838483208,-0.010989010989007397,0.004884004884004867
198776337986100,3.5023069,back,-0.012779430838483208,28.0,2.0,-0.012779430838483208,-0.010989010989007397,0.004884004884004867
198776339007300,3.5033281,back,-0.012779430838483208,28.0,2.0,-0.012779430838483208,-0.010989010989007397,0.004884004884004867
198776340076500,3.5043973,back,-0.012779430838483208,28.0,2.0,-0.012779430838483208,-0.010989010989007397,0.004884004884004867
198776341154500,3.5054753,back,-0.012779430838483208,28.0,2.0,-0.012779430838483208,-0.010989010989007397,0.004884004884004867
198776342179700,3.5065005,back,-0.012779430838483208,28.0,2.0,-0.012779430838483208,-0.010989010989007397,0.004884004884004867
198776343299400,3.5076202,back,-0.012779430838483208,28.0,2.0,-0.012779430838483208,-0.010989010989007397,0.004884004884004867
198776344259000,3.5085798,back,-0.012779430838483208,28.0,2.0,-0.012779430838483208,-0.010989010989007397,0.004884004884004867
198776344839100,3.5091599,back,-0.012779430838483208,28.0,2.0,-0.012779430838483208,-0.010989010989007397,0.004884004884004867
198776345843000,3.5101638,back,-0.012779430838483208,28.0,2.0,-0.012779430838483208,-0.010989010989007397,0.004884004884004867
198776346929300,3.5112501,back,-0.012779430838483208,28.0,2.0,-0.012779430838483208,-0.010989010989007397,0.004884004884004867
198776348023100,3.5123439,back,-0.012779430838483208,28.0,2.0,-0.012779430838483208,-0.010989010989007397,0.004884004884004867
198776349135500,3.5134563,back,-0.012779430838483208,28.0,2.0,-0.012779430838483208,-0.010989010989007397,0.004884004884004867
198776350249100,3.5145699,back,-0.012779430838483208,28.0,2.0,-0.012779430838483208,-0.010989010989007397,0.004884004884004867
198776351281200,3.515602,back,-0.012779430838483208,28.0,2.0,-0.012779430838483208,-0.010989010989007397,0.004884004884004867
198776352251500,3.5165723,back,-0.012779430838483208,28.0,2.0,-0.012779430838483208,-0.010989010989007397,0.004884004884004867
198776353405500,3.5177263,back,-0.012779430838483208,28.0,2.0,-0.012779430838483208,-0.010989010989007397,0.004884004884004867
198776354010600,3.5183314,back,-0.012779430838483208,28.0,2.0,-0.012779430838483208,-0.010989010989007397,0.004884004884004867
198776355012900,3.5193337,back,-0.012779430838483208,28.0,2.0,-0.012779430838483208,-0.010989010989007397,0.004884004884004867
198776356092400,3.5204132,back,-0.012779430838483208,28.0,2.0,-0.012779430838483208,-0.010989010989007397,0.004884004884004867
198776357197000,3.5215178,back,-0.012779430838483208,28.0,2.0,-0.012779430838483208,-0.010989010989007397,0.004884004884004867
198776358312900,3.5226337,back,-0.012779430838483208,28.0,2.0,-0.012779430838483208,-0.010989010989007397,0.004884004884004867
198776359550300,3.5238711,back,-0.012779430838483208,28.0,2.0,-0.012779430838483208,-0.010989010989007397,0.004884004884004867
198776360233200,3.524554,back,-0.012779430838483208,28.0,2.0,-0.013160906385900617,-0.0329670329670364,-0.004884004884004867
198776361267900,3.5255887,back,-0.012779430838483208,28.0,2.0,-0.012779430838483208,0.010989010989007397,0.004884004884004867
198776362377500,3.5266983,back,-0.012779430838483208,28.0,2.0,-0.012779430838483208,0.010989010989007397,0.004884004884004867
198776362961400,3.5272822,back,-0.012779430838483208,28.0,2.0,-0.012779430838483208,0.010989010989007397,0.004884004884004867
198776363964500,3.5282853,back,-0.012779430838483208,28.0,2.0,-0.012779430838483208,0.010989010989007397,0.004884004884004867
198776365021600,3.5293424,back,-0.012779430838483208,28.0,2.0,-0.012779430838483208,0.010989010989007397,0.004884004884004867
198776366162100,3.5304829,back,-0.012779430838483208,28.0,2.0,-0.012779430838483208,0.010989010989007397,0.004884004884004867
198776367402500,3.5317233,back,-0.012779430838483208,28.0,2.0,-0.012779430838483208,0.010989010989007397,0.004884004884004867
198776368002000,3.5323228,back,-0.012779430838483208,28.0,2.0,-0.012779430838483208,0.010989010989007397,0.004884004884004867
198776369027500,3.5333483,back,-0.012779430838483208,28.0,2.0,-0.012779430838483208,0.010989010989007397,0.004884004884004867
198776370129000,3.5344498,back,-0.012779430838483208,28.0,2.0,-0.012779430838483208,0.010989010989007397,0.004884004884004867
198776371253900,3.5355747,back,-0.012779430838483208,28.0,2.0,-0.012779430838483208,0.010989010989007397,0.004884004884004867
198776372358600,3.5366794,back,-0.012779430838483208,28.0,2.0,-0.012779430838483208,0.010989010989007397,0.004884004884004867
198776372938100,3.5372589,back,-0.012779430838483208,28.0,2.0,-0.012779430838483208,0.010989010989007397,0.004884004884004867
198776373961400,3.5382822,back,-0.012779430838483208,28.0,2.0,-0.012779430838483208,0.010989010989007397,0.004884004884004867
198776375156900,3.5394777,back,-0.012779430838483208,28.0,2.0,-0.012779430838483208,0.010989010989007397,0.004884004884004867
198776376262800,3.5405836,back,-0.012779430838483208,28.0,2.0,-0.012779430838483208,0.010989010989007397,0.004884004884004867
198776377337800,3.5416586,back,-0.012779430838483208,28.0,2.0,-0.012779430838483208,0.010989010989007397,0.004884004884004867
198776377941400,3.5422622,back,-0.012779430838483208,28.0,2.0,-0.012779430838483208,0.010989010989007397,0.004884004884004867
198776379016400,3.5433372,back,-0.012779430838483208,28.0,2.0,-0.012779430838483208,0.010989010989007397,0.004884004884004867
198776380073300,3.5443941,back,-0.012779430838483208,28.0,2.0,-0.012779430838483208,0.010989010989007397,0.004884004884004867
198776381172700,3.5454935,back,-0.012779430838483208,28.0,2.0,-0.012779430838483208,0.010989010989007397,0.004884004884004867
198776382322500,3.5466433,back,-0.012779430838483208,28.0,2.0,-0.012779430838483208,0.010989010989007397,0.004884004884004867
198776382927000,3.5472478,back,-0.012779430838483208,28.0,2.0,-0.012779430838483208,0.010989010989007397,0.004884004884004867
198776383948000,3.5482688,back,-0.012779430838483208,28.0,2.0,-0.012779430838483208,0.010989010989007397,0.004884004884004867
198776385047200,3.549368,back,-0.012779430838483208,28.0,2.0,-0.012779430838483208,0.010989010989007397,0.004884004884004867
198776386150100,3.5504709,back,-0.012779430838483208,28.0,2.0,-0.012779430838483208,0.010989010989007397,0.004884004884004867
198776387174400,3.5514952,back,-0.012779430838483208,28.0,2.0,-0.012779430838483208,0.010989010989007397,0.004884004884004867
198776388237300,3.5525581,back,-0.012779430838483208,28.0,2.0,-0.012779430838483208,0.010989010989007397,0.004884004884004867
198776389301500,3.5536223,back,-0.012779430838483208,28.0,2.0,-0.012779430838483208,0.010989010989007397,0.004884004884004867
198776389969400,3.5542902,back,-0.012779430838483208,28.0,2.0,-0.012779430838483208,0.010989010989007397,0.004884004884004867
198776390927700,3.5552485,back,-0.012779430838483208,28.0,2.0,-0.012779430838483208,0.010989010989007397,0.004884004884004867
198776392102300,3.5564231,back,-0.012779430838483208,28.0,2.0,-0.012779430838483208,0.010989010989007397,0.004884004884004867
198776393146800,3.5574676,back,-0.012779430838483208,28.0,2.0,-0.012779430838483208,0.010989010989007397,0.004884004884004867
198776394265700,3.5585865,back,-0.012779430838483208,28.0,2.0,-0.012779430838483208,0.010989010989007397,0.004884004884004867
198776395389700,3.5597105,back,-0.012779430838483208,28.0,2.0,-0.012779430838483208,0.010989010989007397,0.004884004884004867
198776395997000,3.5603178,back,-0.012779430838483208,28.0,2.0,-0.012779430838483208,0.010989010989007397,0.004884004884004867
198776396999000,3.5613198,back,-0.012779430838483208,28.0,2.0,-0.012779430838483208,0.010989010989007397,0.004884004884004867
198776398064700,3.5623855,back,-0.012779430838483208,28.0,2.0,-0.012779430838483208,0.010989010989007397,0.004884004884004867
198776399198600,3.5635194,back,-0.012779430838483208,28.0,2.0,-0.012779430838483208,0.010989010989007397,0.004884004884004867
198776400218800,3.5645396,back,-0.012779430838483208,28.0,2.0,-0.012779430838483208,0.010989010989007397,0.004884004884004867
198776401337000,3.5656578,back,-0.012779430838483208,28.0,2.0,-0.012779430838483208,0.010989010989007397,0.004884004884004867
198776401914400,3.5662352,back,-0.012779430838483208,28.0,2.0,-0.012779430838483208,0.010989010989007397,0.004884004884004867
198776402935800,3.5672566,back,-0.012779430838483208,28.0,2.0,-0.012779430838483208,0.010989010989007397,0.004884004884004867
198776404035900,3.5683567,back,-0.012779430838483208,28.0,2.0,-0.012779430838483208,0.010989010989007397,0.004884004884004867
198776405178300,3.5694991,back,-0.012779430838483208,28.0,2.0,-0.012779430838483208,0.010989010989007397,0.004884004884004867
198776406314600,3.5706354,back,-0.012779430838483208,28.0,2.0,-0.012779430838483208,0.010989010989007397,0.004884004884004867
198776406938800,3.5712596,back,-0.012779430838483208,28.0,2.0,-0.012779430838483208,0.010989010989007397,0.004884004884004867
198776407940300,3.5722611,back,-0.012779430838483208,28.0,2.0,-0.012779430838483208,0.010989010989007397,0.004884004884004867
198776409020300,3.5733411,back,-0.012779430838483208,28.0,2.0,-0.012779430838483208,0.010989010989007397,0.004884004884004867
198776410178500,3.5744993,back,-0.012779430838483208,28.0,2.0,-0.012779430838483208,0.010989010989007397,0.004884004884004867
198776411259400,3.5755802,back,-0.012779430838483208,28.0,2.0,-0.012779430838483208,0.010989010989007397,0.004884004884004867
198776412345700,3.5766665,back,-0.012779430838483208,28.0,2.0,-0.012779430838483208,0.010989010989007397,0.004884004884004867
198776412940900,3.5772617,back,-0.012779430838483208,28.0,2.0,-0.012779430838483208,0.010989010989007397,0.004884004884004867
198776413944800,3.5782656,back,-0.012779430838483208,28.0,2.0,-0.012779430838483208,0.010989010989007397,0.004884004884004867
198776415005400,3.5793262,back,-0.012779430838483208,28.0,2.0,-0.012779430838483208,0.010989010989007397,0.004884004884004867
198776416013800,3.5803346,back,-0.012779430838483208,28.0,2.0,-0.012779430838483208,0.010989010989007397,0.004884004884004867
198776417079100,3.5813999,back,-0.012779430838483208,28.0,2.0,-0.012779430838483208,0.010989010989007397,0.004884004884004867
198776418124600,3.5824454,back,-0.012779430838483208,28.0,2.0,-0.012779430838483208,0.010989010989007397,0.004884004884004867
198776419237700,3.5835585,back,-0.012779430838483208,28.0,2.0,-0.012779430838483208,0.010989010989007397,0.004884004884004867
198776420433200,3.584754,back,-0.012779430838483208,28.0,2.0,-0.012779430838483208,0.010989010989007397,0.004884004884004867
198776421052100,3.5853729,back,-0.012779430838483208,28.0,2.0,-0.012779430838483208,0.010989010989007397,0.004884004884004867
198776422054600,3.5863754,back,-0.012779430838483208,28.0,2.0,-0.012779430838483208,0.010989010989007397,0.004884004884004867
198776423192100,3.5875129,back,-0.012779430838483208,28.0,2.0,-0.012779430838483208,0.010989010989007397,0.004884004884004867
198776424267600,3.5885884,back,-0.012779430838483208,28.0,2.0,-0.012779430838483208,0.010989010989007397,0.004884004884004867
198776425435600,3.5897564,back,-0.012779430838483208,28.0,2.0,-0.012779430838483208,0.010989010989007397,0.004884004884004867
198776426014700,3.5903355,back,-0.012779430838483208,28.0,2.0,-0.012779430838483208,0.010989010989007397,0.004884004884004867
198776427017100,3.5913379,back,-0.012779430838483208,28.0,2.0,-0.012779430838483208,0.010989010989007397,0.004884004884004867
198776428079300,3.5924001,back,-0.012779430838483208,28.0,2.0,-0.012779430838483208,0.010989010989007397,0.004884004884004867
198776429178100,3.5934989,back,-0.012779430838483208,28.0,2.0,-0.012779430838483208,0.010989010989007397,0.004884004884004867
198776430213100,3.5945339,back,-0.012779430838483208,28.0,2.0,-0.012779430838483208,0.010989010989007397,0.004884004884004867
198776431261600,3.5955824,back,-0.012779430838483208,28.0,2.0,-0.012779430838483208,0.010989010989007397,0.004884004884004867
198776432386200,3.596707,back,-0.012779430838483208,28.0,2.0,-0.012779430838483208,0.010989010989007397,0.004884004884004867
198776432992100,3.5973129,back,-0.012779430838483208,28.0,2.0,-0.012779430838483208,0.010989010989007397,0.004884004884004867
198776433993300,3.5983141,back,-0.012779430838483208,28.0,2.0,-0.012779430838483208,0.010989010989007397,0.004884004884004867
198776435044100,3.5993649,back,-0.012779430838483208,28.0,2.0,-0.012779430838483208,0.010989010989007397,0.004884004884004867
198776436249400,3.6005702,back,-0.012779430838483208,28.0,2.0,-0.012779430838483208,0.010989010989007397,0.004884004884004867
198776437368200,3.601689,back,-0.012779430838483208,28.0,2.0,-0.012779430838483208,0.010989010989007397,0.004884004884004867
198776437943000,3.6022638,back,-0.012779430838483208,28.0,2.0,-0.012779430838483208,0.010989010989007397,0.004884004884004867
198776439021400,3.6033422,back,-0.012779430838483208,28.0,2.0,-0.012779430838483208,0.010989010989007397,0.004884004884004867
198776440115000,3.6044358,back,-0.012779430838483208,28.0,2.0,-0.012779430838483208,0.010989010989007397,0.004884004884004867
198776441270800,3.6055916,back,-0.012779430838483208,28.0,2.0,-0.012779430838483208,0.010989010989007397,0.004884004884004867
198776442402700,3.6067235,back,-0.012779430838483208,28.0,2.0,-0.012779430838483208,0.010989010989007397,0.004884004884004867
198776443038000,3.6073588,back,-0.012779430838483208,28.0,2.0,-0.012779430838483208,0.010989010989007397,0.004884004884004867
198776444040700,3.6083615,back,-0.012779430838483208,28.0,2.0,-0.012779430838483208,0.010989010989007397,0.004884004884004867
198776445181000,3.6095018,back,-0.012779430838483208,28.0,2.0,-0.012779430838483208,0.010989010989007397,0.004884004884004867
198776446218000,3.6105388,back,-0.012779430838483208,28.0,2.0,-0.012779430838483208,0.010989010989007397,0.004884004884004867
198776447350000,3.6116708,back,-0.012779430838483208,28.0,2.0,-0.012779430838483208,0.010989010989007397,0.004884004884004867
198776447915200,3.612236,back,-0.012779430838483208,28.0,2.0,-0.012779430838483208,0.010989010989007397,0.004884004884004867
198776448917400,3.6132382,back,-0.012779430838483208,28.0,2.0,-0.012779430838483208,0.010989010989007397,0.004884004884004867
198776450002700,3.6143235,back,-0.012779430838483208,28.0,2.0,-0.012779430838483208,0.010989010989007397,0.004884004884004867
198776451103400,3.6154242,back,-0.012779430838483208,28.0,2.0,-0.012779430838483208,0.010989010989007397,0.004884004884004867
198776452257600,3.6165784,back,-0.012779430838483208,28.0,2.0,-0.012779430838483208,0.010989010989007397,0.004884004884004867
198776453409400,3.6177302,back,-0.012779430838483208,28.0,2.0,-0.012779430838483208,0.010989010989007397,0.004884004884004867
198776454015300,3.6183361,back,-0.012779430838483208,28.0,2.0,-0.012779430838483208,0.010989010989007397,0.004884004884004867
198776455019600,3.6193404,back,-0.012779430838483208,28.0,2.0,-0.012779430838483208,0.010989010989007397,0.004884004884004867
198776456104200,3.620425,back,-0.012779430838483208,28.0,2.0,-0.012779430838483208,0.010989010989007397,0.004884004884004867
198776457191800,3.6215126,back,-0.012779430838483208,28.0,2.0,-0.012779430838483208,0.010989010989007397,0.004884004884004867
198776458266000,3.6225868,back,-0.012779430838483208,28.0,2.0,-0.012779430838483208,0.010989010989007397,0.004884004884004867
198776459403000,3.6237238,back,-0.012779430838483208,28.0,2.0,-0.012779430838483208,0.010989010989007397,0.004884004884004867
198776460004800,3.6243256,back,-0.012779430838483208,28.0,2.0,-0.012779430838483208,0.010989010989007397,0.004884004884004867
198776461024700,3.6253455,back,-0.012779430838483208,28.0,2.0,-0.012779430838483208,0.010989010989007397,0.004884004884004867
198776462144900,3.6264657,back,-0.012779430838483208,28.0,2.0,-0.012779430838483208,0.010989010989007397,0.004884004884004867
198776463193100,3.6275139,back,-0.012779430838483208,28.0,2.0,-0.012779430838483208,0.010989010989007397,0.004884004884004867
198776464240300,3.6285611,back,-0.012779430838483208,28.0,2.0,-0.012779430838483208,0.010989010989007397,0.004884004884004867
198776465321300,3.6296421,back,-0.012779430838483208,28.0,2.0,-0.012779430838483208,0.010989010989007397,0.004884004884004867
198776465895000,3.6302158,back,-0.012779430838483208,28.0,2.0,-0.012779430838483208,0.010989010989007397,0.004884004884004867
198776466917700,3.6312385,back,-0.012779430838483208,28.0,2.0,-0.012779430838483208,0.010989010989007397,0.004884004884004867
198776468166400,3.6324872,back,-0.012779430838483208,28.0,2.0,-0.012779430838483208,0.010989010989007397,0.004884004884004867
198776469023000,3.6333438,back,-0.012779430838483208,28.0,2.0,-0.012779430838483208,-0.010989010989007397,0.004884004884004867
198776470024000,3.6343448,back,-0.012779430838483208,28.0,2.0,-0.012779430838483208,-0.010989010989007397,0.004884004884004867
198776471085100,3.6354059,back,-0.012779430838483208,28.0,2.0,-0.012779430838483208,-0.010989010989007397,0.004884004884004867
198776472165300,3.6364861,back,-0.012779430838483208,28.0,2.0,-0.012779430838483208,-0.010989010989007397,0.004884004884004867
198776473274100,3.6375949,back,-0.012779430838483208,28.0,2.0,-0.012779430838483208,-0.010989010989007397,0.004884004884004867
198776473837700,3.6381585,back,-0.012779430838483208,28.0,2.0,-0.012779430838483208,-0.010989010989007397,0.004884004884004867
198776474858800,3.6391796,back,-0.012779430838483208,28.0,2.0,-0.012779430838483208,-0.010989010989007397,0.004884004884004867
198776475952700,3.6402735,back,-0.012779430838483208,28.0,2.0,-0.012779430838483208,-0.010989010989007397,0.004884004884004867
198776477045100,3.6413659,back,-0.012779430838483208,28.0,2.0,-0.012779430838483208,-0.010989010989007397,0.004884004884004867
198776478158400,3.6424792,back,-0.012779430838483208,28.0,2.0,-0.012779430838483208,-0.010989010989007397,0.004884004884004867
198776479219100,3.6435399,back,-0.012779430838483208,28.0,2.0,-0.012779430838483208,-0.010989010989007397,0.004884004884004867
198776480310000,3.6446308,back,-0.012779430838483208,28.0,2.0,-0.012779430838483208,-0.010989010989007397,0.004884004884004867
198776480919100,3.6452399,back,-0.012779430838483208,28.0,2.0,-0.012779430838483208,-0.010989010989007397,0.004884004884004867
198776481941800,3.6462626,back,-0.012779430838483208,28.0,2.0,-0.012779430838483208,-0.010989010989007397,0.004884004884004867
198776483111600,3.6474324,back,-0.012779430838483208,28.0,2.0,-0.012779430838483208,-0.010989010989007397,0.004884004884004867
198776484247600,3.6485684,back,-0.012779430838483208,28.0,2.0,-0.012779430838483208,-0.010989010989007397,0.004884004884004867
198776485364000,3.6496848,back,-0.012779430838483208,28.0,2.0,-0.012779430838483208,-0.010989010989007397,0.004884004884004867
198776486008400,3.6503292,back,-0.012779430838483208,28.0,2.0,-0.012779430838483208,-0.010989010989007397,0.004884004884004867
198776487009400,3.6513302,back,-0.012779430838483208,28.0,2.0,-0.012779430838483208,-0.010989010989007397,0.004884004884004867
198776488089600,3.6524104,back,-0.012779430838483208,28.0,2.0,-0.012779430838483208,-0.010989010989007397,0.004884004884004867
198776489212600,3.6535334,back,-0.012779430838483208,28.0,2.0,-0.012779430838483208,-0.010989010989007397,0.004884004884004867
198776490325600,3.6546464,back,-0.012779430838483208,28.0,2.0,-0.012779430838483208,-0.010989010989007397,0.004884004884004867
198776490922700,3.6552435,back,-0.012779430838483208,28.0,2.0,-0.012779430838483208,-0.010989010989007397,0.004884004884004867
198776491944900,3.6562657,back,-0.012779430838483208,28.0,2.0,-0.012779430838483208,-0.010989010989007397,0.004884004884004867
198776493059300,3.6573801,back,-0.012779430838483208,28.0,2.0,-0.012779430838483208,-0.010989010989007397,0.004884004884004867
198776494167500,3.6584883,back,-0.012779430838483208,28.0,2.0,-0.012779430838483208,-0.010989010989007397,0.004884004884004867
198776495274600,3.6595954,back,-0.012779430838483208,28.0,2.0,-0.012779430838483208,-0.010989010989007397,0.004884004884004867
198776495870600,3.6601914,back,-0.012779430838483208,28.0,2.0,-0.012779430838483208,-0.010989010989007397,0.004884004884004867
198776496876400,3.6611972,back,-0.012779430838483208,28.0,2.0,-0.012779430838483208,-0.010989010989007397,0.004884004884004867
198776497979400,3.6623002,back,-0.012779430838483208,28.0,2.0,-0.012779430838483208,-0.010989010989007397,0.004884004884004867
198776499157700,3.6634785,back,-0.012779430838483208,28.0,2.0,-0.012779430838483208,-0.010989010989007397,0.004884004884004867
198776500053100,3.6643739,back,-0.012779430838483208,28.0,2.0,-0.012779430838483208,-0.010989010989007397,0.004884004884004867
198776501061300,3.6653821,back,-0.012779430838483208,28.0,2.0,-0.012779430838483208,-0.010989010989007397,0.004884004884004867
198776502449000,3.6667698,back,-0.012779430838483208,28.0,2.0,-0.012779430838483208,-0.010989010989007397,0.004884004884004867
198776503064300,3.6673851,back,-0.012779430838483208,28.0,2.0,-0.012779430838483208,-0.010989010989007397,0.004884004884004867
198776504061900,3.6683827,back,-0.012779430838483208,28.0,2.0,-0.012779430838483208,-0.010989010989007397,0.004884004884004867
198776505169700,3.6694905,back,-0.012779430838483208,28.0,2.0,-0.012779430838483208,-0.010989010989007397,0.004884004884004867
198776506346300,3.6706671,back,-0.012779430838483208,28.0,2.0,-0.012779430838483208,-0.010989010989007397,0.004884004884004867
198776507444700,3.6717655,back,-0.012779430838483208,28.0,2.0,-0.012779430838483208,-0.010989010989007397,0.004884004884004867
198776508014000,3.6723348,back,-0.012779430838483208,28.0,2.0,-0.012779430838483208,-0.010989010989007397,0.004884004884004867
198776509035200,3.673356,back,-0.012779430838483208,28.0,2.0,-0.012779430838483208,-0.010989010989007397,0.004884004884004867
198776510157500,3.6744783,back,-0.012779430838483208,28.0,2.0,-0.012779430838483208,-0.010989010989007397,0.004884004884004867
198776511292800,3.6756136,back,-0.012779430838483208,28.0,2.0,-0.012779430838483208,-0.010989010989007397,0.004884004884004867
198776512413000,3.6767338,back,-0.012779430838483208,28.0,2.0,-0.012779430838483208,-0.010989010989007397,0.004884004884004867
198776513010900,3.6773317,back,-0.012779430838483208,28.0,2.0,-0.012779430838483208,-0.010989010989007397,0.004884004884004867
198776514101600,3.6784224,back,-0.012779430838483208,28.0,2.0,-0.012779430838483208,-0.010989010989007397,0.004884004884004867
198776515215800,3.6795366,back,-0.012779430838483208,28.0,2.0,-0.012779430838483208,-0.010989010989007397,0.004884004884004867
198776516290000,3.6806108,back,-0.012779430838483208,28.0,2.0,-0.012779430838483208,-0.010989010989007397,0.004884004884004867
198776516898900,3.6812197,back,-0.012779430838483208,28.0,2.0,-0.012779430838483208,-0.010989010989007397,0.004884004884004867
198776517905100,3.6822259,back,-0.012779430838483208,28.0,2.0,-0.012779430838483208,-0.010989010989007397,0.004884004884004867
198776519024700,3.6833455,back,-0.012779430838483208,28.0,2.0,-0.012779430838483208,-0.010989010989007397,0.004884004884004867
198776520113500,3.6844343,back,-0.012779430838483208,28.0,2.0,-0.012779430838483208,-0.010989010989007397,0.004884004884004867
198776521223600,3.6855444,back,-0.012779430838483208,28.0,2.0,-0.012779430838483208,-0.010989010989007397,0.004884004884004867
198776522311400,3.6866322,back,-0.012779430838483208,28.0,2.0,-0.012779430838483208,-0.010989010989007397,0.004884004884004867
198776522935500,3.6872563,back,-0.012779430838483208,28.0,2.0,-0.012779430838483208,-0.010989010989007397,0.004884004884004867
198776523957000,3.6882778,back,-0.012779430838483208,28.0,2.0,-0.012779430838483208,-0.010989010989007397,0.004884004884004867
198776525039600,3.6893604,back,-0.012779430838483208,28.0,2.0,-0.012779430838483208,-0.010989010989007397,0.004884004884004867
198776526149900,3.6904707,back,-0.012779430838483208,28.0,2.0,-0.012779430838483208,-0.010989010989007397,0.004884004884004867
198776527171200,3.691492,back,-0.012779430838483208,28.0,2.0,-0.012779430838483208,-0.010989010989007397,0.004884004884004867
198776528202200,3.692523,back,-0.012779430838483208,28.0,2.0,-0.012779430838483208,-0.010989010989007397,0.004884004884004867
198776529420900,3.6937417,back,-0.012779430838483208,28.0,2.0,-0.012779430838483208,-0.010989010989007397,0.004884004884004867
198776530047100,3.6943679,back,-0.012779430838483208,28.0,2.0,-0.012779430838483208,-0.010989010989007397,0.004884004884004867
198776531049500,3.6953703,back,-0.012779430838483208,28.0,2.0,-0.012779430838483208,-0.010989010989007397,0.004884004884004867
198776532131500,3.6964523,back,-0.012779430838483208,28.0,2.0,-0.012779430838483208,-0.010989010989007397,0.004884004884004867
198776533243400,3.6975642,back,-0.012779430838483208,28.0,2.0,-0.012779430838483208,-0.010989010989007397,0.004884004884004867
198776534431000,3.6987518,back,-0.012779430838483208,28.0,2.0,-0.012779430838483208,-0.010989010989007397,0.004884004884004867
198776535062100,3.6993829,back,-0.012779430838483208,28.0,2.0,-0.012779430838483208,-0.010989010989007397,0.004884004884004867
198776536086700,3.7004075,back,-0.012779430838483208,28.0,2.0,-0.012779430838483208,-0.010989010989007397,0.004884004884004867
198776537190200,3.701511,back,-0.012779430838483208,28.0,2.0,-0.012779430838483208,-0.010989010989007397,0.004884004884004867
198776538286600,3.7026074,back,-0.012779430838483208,28.0,2.0,-0.012779430838483208,-0.010989010989007397,0.004884004884004867
198776539479400,3.7038002,back,-0.012779430838483208,28.0,2.0,-0.012779430838483208,-0.010989010989007397,0.004884004884004867
198776540099000,3.7044198,back,-0.012779430838483208,28.0,2.0,-0.012779430838483208,-0.010989010989007397,0.004884004884004867
198776541104900,3.7054257,back,-0.012779430838483208,28.0,2.0,-0.012779430838483208,-0.010989010989007397,0.004884004884004867
198776542150600,3.7064714,back,-0.012779430838483208,28.0,2.0,-0.012779430838483208,-0.010989010989007397,0.004884004884004867
198776543194600,3.7075154,back,-0.012779430838483208,28.0,2.0,-0.012779430838483208,-0.010989010989007397,0.004884004884004867
198776544237600,3.7085584,back,-0.012779430838483208,28.0,2.0,-0.012779430838483208,-0.010989010989007397,0.004884004884004867
198776545452300,3.7097731,back,-0.012779430838483208,28.0,2.0,-0.012779430838483208,-0.010989010989007397,0.004884004884004867
198776546081800,3.7104026,back,-0.012779430838483208,28.0,2.0,-0.012779430838483208,-0.010989010989007397,0.004884004884004867
198776547086200,3.711407,back,-0.012779430838483208,28.0,2.0,-0.012779430838483208,-0.010989010989007397,0.004884004884004867
198776548140200,3.712461,back,-0.012779430838483208,28.0,2.0,-0.012779430838483208,-0.010989010989007397,0.004884004884004867
198776549184100,3.7135049,back,-0.012779430838483208,28.0,2.0,-0.012779430838483208,-0.010989010989007397,0.004884004884004867
198776550261800,3.7145826,back,-0.012779430838483208,28.0,2.0,-0.012779430838483208,-0.010989010989007397,0.004884004884004867
198776551358900,3.7156797,back,-0.012779430838483208,28.0,2.0,-0.012779430838483208,-0.010989010989007397,0.004884004884004867
198776551965600,3.7162864,back,-0.012779430838483208,28.0,2.0,-0.012779430838483208,-0.010989010989007397,0.004884004884004867
198776552987700,3.7173085,back,-0.012779430838483208,28.0,2.0,-0.012779430838483208,-0.010989010989007397,0.004884004884004867
198776554085000,3.7184058,back,-0.012779430838483208,28.0,2.0,-0.012779430838483208,-0.010989010989007397,0.004884004884004867
198776555189700,3.7195105,back,-0.012779430838483208,28.0,2.0,-0.012779430838483208,-0.010989010989007397,0.004884004884004867
198776556260000,3.7205808,back,-0.012779430838483208,28.0,2.0,-0.012779430838483208,-0.010989010989007397,0.004884004884004867
198776557429100,3.7217499,back,-0.012779430838483208,28.0,2.0,-0.012779430838483208,-0.010989010989007397,0.004884004884004867
198776558024100,3.7223449,back,-0.012779430838483208,28.0,2.0,-0.012779430838483208,-0.010989010989007397,0.004884004884004867
198776559025000,3.7233458,back,-0.012779430838483208,28.0,2.0,-0.012779430838483208,-0.010989010989007397,0.004884004884004867
198776560253800,3.7245746,back,-0.012779430838483208,28.0,2.0,-0.012779430838483208,-0.010989010989007397,0.004884004884004867
198776561340100,3.7256609,back,-0.012779430838483208,28.0,2.0,-0.012779430838483208,-0.010989010989007397,0.004884004884004867
198776561925400,3.7262462,back,-0.012779430838483208,28.0,2.0,-0.012779430838483208,-0.010989010989007397,0.004884004884004867
198776562948600,3.7272694,back,-0.012779430838483208,28.0,2.0,-0.012779430838483208,-0.010989010989007397,0.004884004884004867
198776564050700,3.7283715,back,-0.012779430838483208,28.0,2.0,-0.012779430838483208,-0.010989010989007397,0.004884004884004867
198776565170100,3.7294909,back,-0.012779430838483208,28.0,2.0,-0.012779430838483208,-0.010989010989007397,0.004884004884004867
198776566275200,3.730596,back,-0.012779430838483208,28.0,2.0,-0.012779430838483208,-0.010989010989007397,0.004884004884004867
198776566836800,3.7311576,back,-0.012779430838483208,28.0,2.0,-0.012779430838483208,-0.010989010989007397,0.004884004884004867
198776567929200,3.73225,back,-0.012779430838483208,28.0,2.0,-0.012779430838483208,-0.010989010989007397,0.004884004884004867
198776568919700,3.7332405,back,-0.012779430838483208,28.0,2.0,-0.012779430838483208,-0.010989010989007397,0.004884004884004867
198776569997700,3.7343185,back,-0.012779430838483208,28.0,2.0,-0.012779430838483208,-0.010989010989007397,0.004884004884004867
198776571069200,3.73539,back,-0.012779430838483208,28.0,2.0,-0.012779430838483208,-0.010989010989007397,0.004884004884004867
198776572110700,3.7364315,back,-0.012779430838483208,28.0,2.0,-0.012779430838483208,-0.010989010989007397,0.004884004884004867
198776573174000,3.7374948,back,-0.012779430838483208,28.0,2.0,-0.012779430838483208,-0.010989010989007397,0.004884004884004867
198776574249300,3.7385701,back,-0.012779430838483208,28.0,2.0,-0.012779430838483208,-0.010989010989007397,0.004884004884004867
198776575421200,3.739742,back,-0.012779430838483208,28.0,2.0,-0.012779430838483208,-0.010989010989007397,0.004884004884004867
198776576038000,3.7403588,back,-0.012779430838483208,28.0,2.0,-0.012779430838483208,-0.010989010989007397,0.004884004884004867
198776577048100,3.7413689,back,-0.012779430838483208,28.0,2.0,-0.013160906385900617,-0.010989010989007397,-0.004884004884004867
198776578227300,3.7425481,back,-0.012779430838483208,28.0,2.0,-0.013160906385900617,-0.010989010989007397,-0.004884004884004867
198776579440900,3.7437617,back,-0.012779430838483208,28.0,2.0,-0.013160906385900617,-0.010989010989007397,-0.004884004884004867
198776580130100,3.7444509,back,-0.012779430838483208,28.0,2.0,-0.013160906385900617,-0.010989010989007397,-0.004884004884004867
198776581137000,3.7454578,back,-0.012779430838483208,28.0,2.0,-0.013160906385900617,-0.010989010989007397,-0.004884004884004867
198776582299000,3.7466198,back,-0.012779430838483208,28.0,2.0,-0.013160906385900617,-0.010989010989007397,-0.004884004884004867
198776582881000,3.7472018,back,-0.012779430838483208,28.0,2.0,-0.013160906385900617,-0.010989010989007397,-0.004884004884004867
198776583908700,3.7482295,back,-0.012779430838483208,28.0,2.0,-0.013160906385900617,-0.010989010989007397,-0.004884004884004867
198776585077000,3.7493978,back,-0.012779430838483208,28.0,2.0,-0.013160906385900617,-0.010989010989007397,-0.004884004884004867
198776586064900,3.7503857,back,-0.012779430838483208,28.0,2.0,-0.013160906385900617,-0.010989010989007397,-0.004884004884004867
198776587139000,3.7514598,back,-0.012779430838483208,28.0,2.0,-0.013160906385900617,-0.010989010989007397,-0.004884004884004867
198776588267500,3.7525883,back,-0.012779430838483208,28.0,2.0,-0.013160906385900617,-0.010989010989007397,-0.004884004884004867
198776589368800,3.7536896,back,-0.012779430838483208,28.0,2.0,-0.013160906385900617,-0.010989010989007397,-0.004884004884004867
198776590000900,3.7543217,back,-0.012779430838483208,28.0,2.0,-0.013160906385900617,-0.010989010989007397,-0.004884004884004867
198776591070200,3.755391,back,-0.012779430838483208,28.0,2.0,-0.013160906385900617,-0.010989010989007397,-0.004884004884004867
198776592117500,3.7564383,back,-0.012779430838483208,28.0,2.0,-0.013160906385900617,-0.010989010989007397,-0.004884004884004867
198776593277500,3.7575983,back,-0.012779430838483208,28.0,2.0,-0.013160906385900617,-0.010989010989007397,-0.004884004884004867
198776594293500,3.7586143,back,-0.012779430838483208,28.0,2.0,-0.013160906385900617,-0.010989010989007397,-0.004884004884004867
198776595431300,3.7597521,back,-0.012779430838483208,28.0,2.0,-0.013160906385900617,-0.010989010989007397,-0.004884004884004867
198776596058200,3.760379,back,-0.012779430838483208,28.0,2.0,-0.013160906385900617,-0.010989010989007397,-0.004884004884004867
198776597087200,3.761408,back,-0.012779430838483208,28.0,2.0,-0.013160906385900617,-0.010989010989007397,-0.004884004884004867
198776598206000,3.7625268,back,-0.012779430838483208,28.0,2.0,-0.013160906385900617,-0.010989010989007397,-0.004884004884004867
198776599391300,3.7637121,back,-0.012779430838483208,28.0,2.0,-0.013160906385900617,-0.010989010989007397,-0.004884004884004867
198776600047200,3.764368,back,-0.012779430838483208,28.0,2.0,-0.013160906385900617,-0.010989010989007397,-0.004884004884004867
198776601049600,3.7653704,back,-0.012779430838483208,28.0,2.0,-0.013160906385900617,-0.010989010989007397,-0.004884004884004867
198776602155600,3.7664764,back,-0.012779430838483208,28.0,2.0,-0.013160906385900617,-0.010989010989007397,-0.004884004884004867
198776603270800,3.7675916,back,-0.012779430838483208,28.0,2.0,-0.013160906385900617,-0.010989010989007397,-0.004884004884004867
198776604331300,3.7686521,back,-0.012779430838483208,28.0,2.0,-0.013160906385900617,-0.010989010989007397,-0.004884004884004867
198776604891200,3.769212,back,-0.012779430838483208,28.0,2.0,-0.013160906385900617,-0.010989010989007397,-0.004884004884004867
198776605929200,3.77025,back,-0.012779430838483208,28.0,2.0,-0.013160906385900617,-0.010989010989007397,-0.004884004884004867
198776607081600,3.7714024,back,-0.012779430838483208,28.0,2.0,-0.013160906385900617,-0.010989010989007397,-0.004884004884004867
198776608004400,3.7723252,back,-0.012779430838483208,28.0,2.0,-0.013160906385900617,-0.010989010989007397,-0.004884004884004867
198776609006000,3.7733268,back,-0.012779430838483208,28.0,2.0,-0.013160906385900617,-0.010989010989007397,-0.004884004884004867
198776610107600,3.7744284,back,-0.012779430838483208,28.0,2.0,-0.013160906385900617,-0.010989010989007397,-0.004884004884004867
198776611114300,3.7754351,back,-0.012779430838483208,28.0,2.0,-0.013160906385900617,-0.010989010989007397,-0.004884004884004867
198776612160800,3.7764816,back,-0.012779430838483208,28.0,2.0,-0.013160906385900617,-0.010989010989007397,-0.004884004884004867
198776613229500,3.7775503,back,-0.012779430838483208,28.0,2.0,-0.013160906385900617,-0.010989010989007397,-0.004884004884004867
198776614231900,3.7785527,back,-0.012779430838483208,28.0,2.0,-0.013160906385900617,-0.010989010989007397,-0.004884004884004867
198776615349800,3.7796706,back,-0.012779430838483208,28.0,2.0,-0.013160906385900617,-0.010989010989007397,-0.004884004884004867
198776615963400,3.7802842,back,-0.012779430838483208,28.0,2.0,-0.013160906385900617,-0.010989010989007397,-0.004884004884004867
198776616966500,3.7812873,back,-0.012779430838483208,28.0,2.0,-0.013160906385900617,-0.010989010989007397,-0.004884004884004867
198776618058600,3.7823794,back,-0.012779430838483208,28.0,2.0,-0.013160906385900617,-0.010989010989007397,-0.004884004884004867
198776619262400,3.7835832,back,-0.012779430838483208,28.0,2.0,-0.013160906385900617,-0.010989010989007397,-0.004884004884004867
198776620315900,3.7846367,back,-0.012779430838483208,28.0,2.0,-0.013160906385900617,-0.010989010989007397,-0.004884004884004867
198776620927900,3.7852487,back,-0.012779430838483208,28.0,2.0,-0.013160906385900617,-0.010989010989007397,-0.004884004884004867
198776622045900,3.7863667,back,-0.012779430838483208,28.0,2.0,-0.013160906385900617,-0.010989010989007397,-0.004884004884004867
198776623247700,3.7875685,back,-0.012779430838483208,28.0,2.0,-0.013160906385900617,-0.010989010989007397,-0.004884004884004867
198776624248200,3.788569,back,-0.012779430838483208,28.0,2.0,-0.013160906385900617,-0.010989010989007397,-0.004884004884004867
198776625349200,3.78967,back,-0.012779430838483208,28.0,2.0,-0.013160906385900617,-0.010989010989007397,-0.004884004884004867
198776625952600,3.7902734,back,-0.012779430838483208,28.0,2.0,-0.013160906385900617,-0.010989010989007397,-0.004884004884004867
198776626954800,3.7912756,back,-0.012779430838483208,28.0,2.0,-0.013160906385900617,-0.010989010989007397,-0.004884004884004867
198776628038900,3.7923597,back,-0.012779430838483208,28.0,2.0,-0.013160906385900617,-0.010989010989007397,-0.004884004884004867
198776629186400,3.7935072,back,-0.012779430838483208,28.0,2.0,-0.013160906385900617,-0.010989010989007397,-0.004884004884004867
198776630350200,3.794671,back,-0.012779430838483208,28.0,2.0,-0.013160906385900617,-0.010989010989007397,-0.004884004884004867
198776631506500,3.7958273,back,-0.012779430838483208,28.0,2.0,-0.013160906385900617,-0.010989010989007397,-0.004884004884004867
198776632086400,3.7964072,back,-0.012779430838483208,28.0,2.0,-0.013160906385900617,-0.010989010989007397,-0.004884004884004867
198776633109400,3.7974302,back,-0.012779430838483208,28.0,2.0,-0.013160906385900617,-0.010989010989007397,-0.004884004884004867
198776634223100,3.7985439,back,-0.012779430838483208,28.0,2.0,-0.013160906385900617,-0.010989010989007397,-0.004884004884004867
198776635293100,3.7996139,back,-0.012779430838483208,28.0,2.0,-0.013160906385900617,-0.010989010989007397,-0.004884004884004867
198776635910900,3.8002317,back,-0.012779430838483208,28.0,2.0,-0.013160906385900617,-0.010989010989007397,-0.004884004884004867
198776637045800,3.8013666,back,-0.012779430838483208,28.0,2.0,-0.013160906385900617,-0.010989010989007397,-0.004884004884004867
198776638154200,3.802475,back,-0.012779430838483208,28.0,2.0,-0.013160906385900617,-0.010989010989007397,-0.004884004884004867
198776639283100,3.8036039,back,-0.012779430838483208,28.0,2.0,-0.013160906385900617,-0.010989010989007397,-0.004884004884004867
198776639876100,3.8041969,back,-0.012779430838483208,28.0,2.0,-0.013160906385900617,-0.010989010989007397,-0.004884004884004867
198776640908400,3.8052292,back,-0.012779430838483208,28.0,2.0,-0.013160906385900617,-0.010989010989007397,-0.004884004884004867
198776642033900,3.8063547,back,-0.012779430838483208,28.0,2.0,-0.013160906385900617,-0.010989010989007397,-0.004884004884004867
198776643147300,3.8074681,back,-0.012779430838483208,28.0,2.0,-0.013160906385900617,-0.010989010989007397,-0.004884004884004867
198776644308900,3.8086297,back,-0.012779430838483208,28.0,2.0,-0.013160906385900617,-0.010989010989007397,-0.004884004884004867
198776644897100,3.8092179,back,-0.012779430838483208,28.0,2.0,-0.013160906385900617,-0.010989010989007397,-0.004884004884004867
198776645934100,3.8102549,back,-0.012779430838483208,28.0,2.0,-0.013160906385900617,-0.010989010989007397,-0.004884004884004867
198776647069300,3.8113901,back,-0.012779430838483208,28.0,2.0,-0.013160906385900617,-0.010989010989007397,-0.004884004884004867
198776648204100,3.8125249,back,-0.012779430838483208,28.0,2.0,-0.013160906385900617,-0.010989010989007397,-0.004884004884004867
198776648766500,3.8130873,back,-0.012779430838483208,28.0,2.0,-0.013160906385900617,-0.010989010989007397,-0.004884004884004867
198776649839100,3.8141599,back,-0.012779430838483208,28.0,2.0,-0.013160906385900617,-0.010989010989007397,-0.004884004884004867
198776650903500,3.8152243,back,-0.012779430838483208,28.0,2.0,-0.013160906385900617,-0.010989010989007397,-0.004884004884004867
198776651959900,3.8162807,back,-0.012779430838483208,28.0,2.0,-0.013160906385900617,-0.010989010989007397,-0.004884004884004867
198776653119700,3.8174405,back,-0.012779430838483208,28.0,2.0,-0.013160906385900617,-0.010989010989007397,-0.004884004884004867
198776654008000,3.8183288,back,-0.012779430838483208,28.0,2.0,-0.013160906385900617,-0.010989010989007397,-0.004884004884004867
198776655009000,3.8193298,back,-0.012779430838483208,28.0,2.0,-0.013160906385900617,-0.010989010989007397,-0.004884004884004867
198776656133300,3.8204541,back,-0.012779430838483208,28.0,2.0,-0.013160906385900617,-0.010989010989007397,-0.004884004884004867
198776657459500,3.8217803,back,-0.012779430838483208,28.0,2.0,-0.013160906385900617,-0.010989010989007397,-0.004884004884004867
198776658039800,3.8223606,back,-0.012779430838483208,28.0,2.0,-0.013160906385900617,-0.010989010989007397,-0.004884004884004867
198776659041600,3.8233624,back,-0.012779430838483208,28.0,2.0,-0.013160906385900617,-0.010989010989007397,-0.004884004884004867
198776660093600,3.8244144,back,-0.012779430838483208,28.0,2.0,-0.013160906385900617,-0.010989010989007397,-0.004884004884004867
198776661172300,3.8254931,back,-0.012779430838483208,28.0,2.0,-0.013160906385900617,-0.010989010989007397,-0.004884004884004867
198776662183800,3.8265046,back,-0.012779430838483208,28.0,2.0,-0.013160906385900617,-0.010989010989007397,-0.004884004884004867
198776663180700,3.8275015,back,-0.012779430838483208,28.0,2.0,-0.013160906385900617,-0.010989010989007397,-0.004884004884004867
198776664257200,3.828578,back,-0.012779430838483208,28.0,2.0,-0.013160906385900617,-0.010989010989007397,-0.004884004884004867
198776665420600,3.8297414,back,-0.012779430838483208,28.0,2.0,-0.013160906385900617,-0.010989010989007397,-0.004884004884004867
198776666002300,3.8303231,back,-0.012779430838483208,28.0,2.0,-0.013160906385900617,-0.010989010989007397,-0.004884004884004867
198776667008200,3.831329,back,-0.012779430838483208,28.0,2.0,-0.013160906385900617,-0.010989010989007397,-0.004884004884004867
198776668049600,3.8323704,back,-0.012779430838483208,28.0,2.0,-0.013160906385900617,-0.010989010989007397,-0.004884004884004867
198776669205800,3.8335266,back,-0.012779430838483208,28.0,2.0,-0.013160906385900617,-0.010989010989007397,-0.004884004884004867
198776670444300,3.8347651,back,-0.012779430838483208,28.0,2.0,-0.013160906385900617,-0.010989010989007397,-0.004884004884004867
198776671020100,3.8353409,back,-0.012779430838483208,28.0,2.0,-0.013160906385900617,-0.010989010989007397,-0.004884004884004867
198776672021600,3.8363424,back,-0.012779430838483208,28.0,2.0,-0.013160906385900617,-0.010989010989007397,-0.004884004884004867
198776673122500,3.8374433,back,-0.012779430838483208,28.0,2.0,-0.013160906385900617,-0.010989010989007397,-0.004884004884004867
198776674239000,3.8385598,back,-0.012779430838483208,28.0,2.0,-0.013160906385900617,-0.010989010989007397,-0.004884004884004867
198776675333300,3.8396541,back,-0.012779430838483208,28.0,2.0,-0.013160906385900617,-0.010989010989007397,-0.004884004884004867
198776675942200,3.840263,back,-0.012779430838483208,28.0,2.0,-0.013160906385900617,-0.010989010989007397,-0.004884004884004867
198776676944600,3.8412654,back,-0.012779430838483208,28.0,2.0,-0.013160906385900617,-0.010989010989007397,-0.004884004884004867
198776677989300,3.8423101,back,-0.012779430838483208,28.0,2.0,-0.013160906385900617,-0.010989010989007397,-0.004884004884004867
198776679060400,3.8433812,back,-0.012779430838483208,28.0,2.0,-0.013160906385900617,-0.010989010989007397,-0.004884004884004867
198776680096800,3.8444176,back,-0.012779430838483208,28.0,2.0,-0.013160906385900617,-0.010989010989007397,-0.004884004884004867
198776681204900,3.8455257,back,-0.012779430838483208,28.0,2.0,-0.013160906385900617,-0.010989010989007397,-0.004884004884004867
198776682318500,3.8466393,back,-0.012779430838483208,28.0,2.0,-0.013160906385900617,-0.010989010989007397,-0.004884004884004867
198776682900100,3.8472209,back,-0.012779430838483208,28.0,2.0,-0.013160906385900617,-0.010989010989007397,-0.004884004884004867
198776683933000,3.8482538,back,-0.012779430838483208,28.0,2.0,-0.013160906385900617,-0.010989010989007397,-0.004884004884004867
198776685170200,3.849491,back,-0.012779430838483208,28.0,2.0,-0.013160906385900617,-0.010989010989007397,-0.004884004884004867
198776686332200,3.850653,back,-0.012779430838483208,28.0,2.0,-0.013160906385900617,-0.010989010989007397,0.004884004884004867
198776686926100,3.8512469,back,-0.012779430838483208,28.0,2.0,-0.013160906385900617,-0.010989010989007397,0.004884004884004867
198776687956800,3.8522776,back,-0.012779430838483208,28.0,2.0,-0.013160906385900617,-0.010989010989007397,0.004884004884004867
198776689114900,3.8534357,back,-0.012779430838483208,28.0,2.0,-0.013160906385900617,-0.010989010989007397,0.004884004884004867
198776690280600,3.8546014,back,-0.012779430838483208,28.0,2.0,-0.013160906385900617,-0.010989010989007397,0.004884004884004867
198776691439000,3.8557598,back,-0.012779430838483208,28.0,2.0,-0.013160906385900617,-0.010989010989007397,0.004884004884004867
198776692022300,3.8563431,back,-0.012779430838483208,28.0,2.0,-0.013160906385900617,-0.010989010989007397,0.004884004884004867
198776693119900,3.8574407,back,-0.012779430838483208,28.0,2.0,-0.013160906385900617,-0.010989010989007397,0.004884004884004867
198776694232700,3.8585535,back,-0.012779430838483208,28.0,2.0,-0.013160906385900617,-0.010989010989007397,0.004884004884004867
198776694826500,3.8591473,back,-0.012779430838483208,28.0,2.0,-0.013160906385900617,-0.010989010989007397,0.004884004884004867
198776695829100,3.8601499,back,-0.012779430838483208,28.0,2.0,-0.013160906385900617,-0.010989010989007397,0.004884004884004867
198776696870900,3.8611917,back,-0.012779430838483208,28.0,2.0,-0.013160906385900617,-0.010989010989007397,0.004884004884004867
198776697980500,3.8623013,back,-0.012779430838483208,28.0,2.0,-0.013160906385900617,-0.010989010989007397,0.004884004884004867
198776699001900,3.8633227,back,-0.012779430838483208,28.0,2.0,-0.013160906385900617,-0.010989010989007397,0.004884004884004867
198776700077600,3.8643984,back,-0.012779430838483208,28.0,2.0,-0.013160906385900617,-0.010989010989007397,0.004884004884004867
198776701413500,3.8657343,back,-0.012779430838483208,28.0,2.0,-0.013160906385900617,-0.010989010989007397,0.004884004884004867
198776702539200,3.86686,back,-0.012779430838483208,28.0,2.0,-0.013160906385900617,-0.010989010989007397,0.004884004884004867
198776703155400,3.8674762,back,-0.012779430838483208,28.0,2.0,-0.013160906385900617,-0.010989010989007397,0.004884004884004867
198776704157500,3.8684783,back,-0.012779430838483208,28.0,2.0,-0.013160906385900617,-0.010989010989007397,0.004884004884004867
198776705189400,3.8695102,back,-0.012779430838483208,28.0,2.0,-0.013160906385900617,-0.010989010989007397,0.004884004884004867
198776706282800,3.8706036,back,-0.012779430838483208,28.0,2.0,-0.013160906385900617,-0.010989010989007397,0.004884004884004867
198776707322200,3.871643,back,-0.012779430838483208,28.0,2.0,-0.013160906385900617,-0.010989010989007397,0.004884004884004867
198776707929100,3.8722499,back,-0.012779430838483208,28.0,2.0,-0.013160906385900617,-0.010989010989007397,0.004884004884004867
198776708931300,3.8732521,back,-0.012779430838483208,28.0,2.0,-0.013160906385900617,-0.010989010989007397,0.004884004884004867
198776710015200,3.874336,back,-0.012779430838483208,28.0,2.0,-0.013160906385900617,-0.010989010989007397,0.004884004884004867
198776711138200,3.875459,back,-0.012779430838483208,28.0,2.0,-0.013160906385900617,-0.010989010989007397,0.004884004884004867
198776712124500,3.8764453,back,-0.012779430838483208,28.0,2.0,-0.013160906385900617,-0.010989010989007397,0.004884004884004867
198776713128600,3.8774494,back,-0.012779430838483208,28.0,2.0,-0.013160906385900617,-0.010989010989007397,0.004884004884004867
198776714173500,3.8784943,back,-0.012779430838483208,28.0,2.0,-0.013160906385900617,-0.010989010989007397,0.004884004884004867
198776715241700,3.8795625,back,-0.012779430838483208,28.0,2.0,-0.013160906385900617,-0.010989010989007397,0.004884004884004867
198776716510400,3.8808312,back,-0.012779430838483208,28.0,2.0,-0.013160906385900617,-0.010989010989007397,0.004884004884004867
198776717202600,3.8815234,back,-0.012779430838483208,28.0,2.0,-0.013160906385900617,-0.010989010989007397,0.004884004884004867
198776718207500,3.8825283,back,-0.012779430838483208,28.0,2.0,-0.013160906385900617,-0.010989010989007397,0.004884004884004867
198776719330000,3.8836508,back,-0.012779430838483208,28.0,2.0,-0.013160906385900617,-0.010989010989007397,0.004884004884004867
198776719949800,3.8842706,back,-0.012779430838483208,28.0,2.0,-0.013160906385900617,-0.010989010989007397,0.004884004884004867
198776720953100,3.8852739,back,-0.012779430838483208,28.0,2.0,-0.013160906385900617,-0.010989010989007397,0.004884004884004867
198776722030600,3.8863514,back,-0.012779430838483208,28.0,2.0,-0.013160906385900617,-0.010989010989007397,0.004884004884004867
198776723170800,3.8874916,back,-0.012779430838483208,28.0,2.0,-0.013160906385900617,-0.010989010989007397,0.004884004884004867
198776724303700,3.8886245,back,-0.012779430838483208,28.0,2.0,-0.013160906385900617,-0.010989010989007397,0.004884004884004867
198776725451600,3.8897724,back,-0.012779430838483208,28.0,2.0,-0.013160906385900617,-0.010989010989007397,0.004884004884004867
198776726069800,3.8903906,back,-0.012779430838483208,28.0,2.0,-0.013160906385900617,-0.010989010989007397,0.004884004884004867
198776727072500,3.8913933,back,-0.012779430838483208,28.0,2.0,-0.013160906385900617,-0.010989010989007397,0.004884004884004867
198776728169500,3.8924903,back,-0.012779430838483208,28.0,2.0,-0.013160906385900617,-0.010989010989007397,0.004884004884004867
198776729356600,3.8936774,back,-0.012779430838483208,28.0,2.0,-0.013160906385900617,-0.010989010989007397,0.004884004884004867
198776729968700,3.8942895,back,-0.012779430838483208,28.0,2.0,-0.013160906385900617,-0.010989010989007397,0.004884004884004867
198776730972100,3.8952929,back,-0.012779430838483208,28.0,2.0,-0.013160906385900617,-0.010989010989007397,0.004884004884004867
198776732138600,3.8964594,back,-0.012779430838483208,28.0,2.0,-0.013160906385900617,-0.010989010989007397,0.004884004884004867
198776733444300,3.8977651,back,-0.012779430838483208,28.0,2.0,-0.013160906385900617,-0.010989010989007397,0.004884004884004867
198776734055800,3.8983766,back,-0.012779430838483208,28.0,2.0,-0.013160906385900617,-0.010989010989007397,0.004884004884004867
198776735058500,3.8993793,back,-0.012779430838483208,28.0,2.0,-0.013160906385900617,-0.010989010989007397,0.004884004884004867
198776736167600,3.9004884,back,-0.012779430838483208,28.0,2.0,-0.013160906385900617,-0.010989010989007397,0.004884004884004867
198776737333500,3.9016543,back,-0.012779430838483208,28.0,2.0,-0.013160906385900617,-0.010989010989007397,0.004884004884004867
198776737936200,3.902257,back,-0.012779430838483208,28.0,2.0,-0.013160906385900617,-0.010989010989007397,0.004884004884004867
198776738993700,3.9033145,back,-0.012779430838483208,28.0,2.0,-0.013160906385900617,-0.010989010989007397,0.004884004884004867
198776740099700,3.9044205,back,-0.012779430838483208,28.0,2.0,-0.013160906385900617,-0.010989010989007397,0.004884004884004867
198776741191100,3.9055119,back,-0.012779430838483208,28.0,2.0,-0.013160906385900617,-0.010989010989007397,0.004884004884004867
198776742290400,3.9066112,back,-0.012779430838483208,28.0,2.0,-0.013160906385900617,-0.010989010989007397,0.004884004884004867
198776743404800,3.9077256,back,-0.012779430838483208,28.0,2.0,-0.013160906385900617,-0.010989010989007397,0.004884004884004867
198776743964900,3.9082857,back,-0.012779430838483208,28.0,2.0,-0.013160906385900617,-0.010989010989007397,0.004884004884004867
198776745060300,3.9093811,back,-0.012779430838483208,28.0,2.0,-0.013160906385900617,-0.010989010989007397,0.004884004884004867
198776746075400,3.9103962,back,-0.012779430838483208,28.0,2.0,-0.013160906385900617,-0.010989010989007397,0.004884004884004867
198776747141400,3.9114622,back,-0.012779430838483208,28.0,2.0,-0.013160906385900617,-0.010989010989007397,0.004884004884004867
198776748246600,3.9125674,back,-0.012779430838483208,28.0,2.0,-0.013160906385900617,-0.010989010989007397,0.004884004884004867
198776749556000,3.9138768,back,-0.012779430838483208,28.0,2.0,-0.013160906385900617,-0.010989010989007397,0.004884004884004867
198776750157000,3.9144778,back,-0.012779430838483208,28.0,2.0,-0.013160906385900617,-0.010989010989007397,0.004884004884004867
198776751191800,3.9155126,back,-0.012779430838483208,28.0,2.0,-0.013160906385900617,-0.010989010989007397,0.004884004884004867
198776752254800,3.9165756,back,-0.012779430838483208,28.0,2.0,-0.013160906385900617,-0.010989010989007397,0.004884004884004867
198776753469300,3.9177901,back,-0.012779430838483208,28.0,2.0,-0.013160906385900617,-0.010989010989007397,0.004884004884004867
198776754039900,3.9183607,back,-0.012779430838483208,28.0,2.0,-0.013160906385900617,-0.010989010989007397,0.004884004884004867
198776755042100,3.9193629,back,-0.012779430838483208,28.0,2.0,-0.013160906385900617,-0.010989010989007397,0.004884004884004867
198776756114800,3.9204356,back,-0.012779430838483208,28.0,2.0,-0.013160906385900617,-0.010989010989007397,0.004884004884004867
198776757233000,3.9215538,back,-0.012779430838483208,28.0,2.0,-0.013160906385900617,-0.010989010989007397,0.004884004884004867
198776758311800,3.9226326,back,-0.012779430838483208,28.0,2.0,-0.013160906385900617,-0.010989010989007397,0.004884004884004867
198776758922500,3.9232433,back,-0.012779430838483208,28.0,2.0,-0.013160906385900617,-0.010989010989007397,0.004884004884004867
198776759922600,3.9242434,back,-0.012779430838483208,28.0,2.0,-0.013160906385900617,-0.010989010989007397,0.004884004884004867
198776760996300,3.9253171,back,-0.012779430838483208,28.0,2.0,-0.013160906385900617,-0.010989010989007397,0.004884004884004867
198776762028100,3.9263489,back,-0.012779430838483208,28.0,2.0,-0.013160906385900617,-0.010989010989007397,0.004884004884004867
198776763249200,3.92757,back,-0.012779430838483208,28.0,2.0,-0.013160906385900617,-0.010989010989007397,0.004884004884004867
198776764484000,3.9288048,back,-0.012779430838483208,28.0,2.0,-0.013160906385900617,-0.010989010989007397,0.004884004884004867
198776765064400,3.9293852,back,-0.012779430838483208,28.0,2.0,-0.013160906385900617,-0.010989010989007397,0.004884004884004867
198776766070000,3.9303908,back,-0.012779430838483208,28.0,2.0,-0.013160906385900617,-0.010989010989007397,0.004884004884004867
198776767107900,3.9314287,back,-0.012779430838483208,28.0,2.0,-0.013160906385900617,-0.010989010989007397,0.004884004884004867
198776768186400,3.9325072,back,-0.012779430838483208,28.0,2.0,-0.013160906385900617,-0.010989010989007397,0.004884004884004867
198776769333100,3.9336539,back,-0.012779430838483208,28.0,2.0,-0.013160906385900617,-0.010989010989007397,0.004884004884004867
198776770318000,3.9346388,back,-0.012779430838483208,28.0,2.0,-0.013160906385900617,-0.010989010989007397,0.004884004884004867
198776770891800,3.9352126,back,-0.012779430838483208,28.0,2.0,-0.013160906385900617,-0.010989010989007397,0.004884004884004867
198776771896000,3.9362168,back,-0.012779430838483208,28.0,2.0,-0.013160906385900617,-0.010989010989007397,0.004884004884004867
198776772959500,3.9372803,back,-0.012779430838483208,28.0,2.0,-0.013160906385900617,-0.010989010989007397,0.004884004884004867
198776774037300,3.9383581,back,-0.012779430838483208,28.0,2.0,-0.013160906385900617,-0.010989010989007397,0.004884004884004867
198776775138500,3.9394593,back,-0.012779430838483208,28.0,2.0,-0.013160906385900617,-0.010989010989007397,0.004884004884004867
198776776256100,3.9405769,back,-0.012779430838483208,28.0,2.0,-0.013160906385900617,-0.010989010989007397,0.004884004884004867
198776777298100,3.9416189,back,-0.012779430838483208,28.0,2.0,-0.013160906385900617,-0.010989010989007397,0.004884004884004867
198776778417700,3.9427385,back,-0.012779430838483208,28.0,2.0,-0.013160906385900617,-0.010989010989007397,0.004884004884004867
198776778858800,3.9431796,back,-0.012779430838483208,28.0,2.0,-0.013160906385900617,-0.010989010989007397,0.004884004884004867
198776779859800,3.9441806,back,-0.012779430838483208,28.0,2.0,-0.013160906385900617,-0.010989010989007397,0.004884004884004867
198776780949600,3.9452704,back,-0.012779430838483208,28.0,2.0,-0.013160906385900617,-0.010989010989007397,0.004884004884004867
198776782021300,3.9463421,back,-0.012779430838483208,28.0,2.0,-0.013160906385900617,-0.010989010989007397,0.004884004884004867
198776783036900,3.9473577,back,-0.012779430838483208,28.0,2.0,-0.013160906385900617,-0.010989010989007397,0.004884004884004867
198776784168500,3.9484893,back,-0.012779430838483208,28.0,2.0,-0.013160906385900617,-0.010989010989007397,0.004884004884004867
198776785309000,3.9496298,back,-0.012779430838483208,28.0,2.0,-0.013160906385900617,-0.010989010989007397,0.004884004884004867
198776785902700,3.9502235,back,-0.012779430838483208,28.0,2.0,-0.013160906385900617,-0.010989010989007397,0.004884004884004867
198776786925900,3.9512467,back,-0.012779430838483208,28.0,2.0,-0.013160906385900617,-0.010989010989007397,0.004884004884004867
198776788037000,3.9523578,back,-0.012779430838483208,28.0,2.0,-0.013160906385900617,-0.010989010989007397,0.004884004884004867
198776789015200,3.953336,back,-0.012779430838483208,28.0,2.0,-0.013160906385900617,-0.010989010989007397,0.004884004884004867
198776790018200,3.954339,back,-0.012779430838483208,28.0,2.0,-0.013160906385900617,-0.010989010989007397,0.004884004884004867
198776791097900,3.9554187,back,-0.012779430838483208,28.0,2.0,-0.013160906385900617,-0.010989010989007397,0.004884004884004867
198776792158800,3.9564796,back,-0.012779430838483208,28.0,2.0,-0.013160906385900617,-0.010989010989007397,0.004884004884004867
198776793271800,3.9575926,back,-0.012779430838483208,28.0,2.0,-0.013160906385900617,-0.010989010989007397,0.004884004884004867
198776794522600,3.9588434,back,-0.012779430838483208,28.0,2.0,-0.013160906385900617,-0.010989010989007397,0.004884004884004867
198776795429000,3.9597498,back,-0.012779430838483208,28.0,2.0,-0.012779430838483208,-0.010989010989007397,0.004884004884004867
198776796133900,3.9604547,back,-0.012779430838483208,28.0,2.0,-0.013160906385900617,0.010989010989007397,0.004884004884004867
198776797131900,3.9614527,back,-0.012779430838483208,28.0,2.0,-0.013160906385900617,0.010989010989007397,0.004884004884004867
198776798255700,3.9625765,back,-0.012779430838483208,28.0,2.0,-0.013160906385900617,0.010989010989007397,0.004884004884004867
198776799344900,3.9636657,back,-0.012779430838483208,28.0,2.0,-0.013160906385900617,0.010989010989007397,0.004884004884004867
198776799957000,3.9642778,back,-0.012779430838483208,28.0,2.0,-0.013160906385900617,0.010989010989007397,0.004884004884004867
198776800977200,3.965298,back,-0.012779430838483208,28.0,2.0,-0.013160906385900617,0.010989010989007397,0.004884004884004867
198776802062700,3.9663835,back,-0.012779430838483208,28.0,2.0,-0.013160906385900617,0.010989010989007397,0.004884004884004867
198776803212000,3.9675328,back,-0.012779430838483208,28.0,2.0,-0.013160906385900617,0.010989010989007397,0.004884004884004867
198776804365800,3.9686866,back,-0.012779430838483208,28.0,2.0,-0.013160906385900617,0.010989010989007397,0.004884004884004867
198776804971600,3.9692924,back,-0.012779430838483208,28.0,2.0,-0.013160906385900617,0.010989010989007397,0.004884004884004867
198776805994100,3.9703149,back,-0.012779430838483208,28.0,2.0,-0.013160906385900617,0.010989010989007397,0.004884004884004867
198776807085700,3.9714065,back,-0.012779430838483208,28.0,2.0,-0.013160906385900617,0.010989010989007397,0.004884004884004867
198776808213000,3.9725338,back,-0.012779430838483208,28.0,2.0,-0.013160906385900617,0.010989010989007397,0.004884004884004867
198776808798900,3.9731197,back,-0.012779430838483208,28.0,2.0,-0.013160906385900617,0.010989010989007397,0.004884004884004867
198776809915200,3.974236,back,-0.012779430838483208,28.0,2.0,-0.013160906385900617,0.010989010989007397,0.004884004884004867
198776811006100,3.9753269,back,-0.012779430838483208,28.0,2.0,-0.013160906385900617,0.010989010989007397,0.004884004884004867
198776812131200,3.976452,back,-0.012779430838483208,28.0,2.0,-0.013160906385900617,0.010989010989007397,0.004884004884004867
198776813197100,3.9775179,back,-0.012779430838483208,28.0,2.0,-0.013160906385900617,0.010989010989007397,0.004884004884004867
198776814340000,3.9786608,back,-0.012779430838483208,28.0,2.0,-0.013160906385900617,0.010989010989007397,0.004884004884004867
198776815316100,3.9796369,back,-0.012779430838483208,28.0,2.0,-0.013160906385900617,0.010989010989007397,0.004884004884004867
198776815896300,3.9802171,back,-0.012779430838483208,28.0,2.0,-0.013160906385900617,0.010989010989007397,0.004884004884004867
198776816898500,3.9812193,back,-0.012779430838483208,28.0,2.0,-0.013160906385900617,0.010989010989007397,0.004884004884004867
198776817949700,3.9822705,back,-0.012779430838483208,28.0,2.0,-0.013160906385900617,0.010989010989007397,0.004884004884004867
198776819042500,3.9833633,back,-0.012779430838483208,28.0,2.0,-0.013160906385900617,0.010989010989007397,0.004884004884004867
198776820144000,3.9844648,back,-0.012779430838483208,28.0,2.0,-0.013160906385900617,0.010989010989007397,0.004884004884004867
198776821294600,3.9856154,back,-0.012779430838483208,28.0,2.0,-0.013160906385900617,0.010989010989007397,0.004884004884004867
198776821895900,3.9862167,back,-0.012779430838483208,28.0,2.0,-0.013160906385900617,0.010989010989007397,0.004884004884004867
198776822898500,3.9872193,back,-0.012779430838483208,28.0,2.0,-0.013160906385900617,0.010989010989007397,0.004884004884004867
198776823981500,3.9883023,back,-0.012779430838483208,28.0,2.0,-0.013160906385900617,0.010989010989007397,0.004884004884004867
198776825298300,3.9896191,back,-0.012779430838483208,28.0,2.0,-0.013160906385900617,0.010989010989007397,0.004884004884004867
198776826410000,3.9907308,back,-0.012779430838483208,28.0,2.0,-0.013160906385900617,0.010989010989007397,0.004884004884004867
198776827011000,3.9913318,back,-0.012779430838483208,28.0,2.0,-0.013160906385900617,0.010989010989007397,0.004884004884004867
198776828039900,3.9923607,back,-0.012779430838483208,28.0,2.0,-0.013160906385900617,0.010989010989007397,0.004884004884004867
198776829232000,3.9935528,back,-0.012779430838483208,28.0,2.0,-0.013160906385900617,0.010989010989007397,0.004884004884004867
198776830190700,3.9945115,back,-0.012779430838483208,28.0,2.0,-0.013160906385900617,0.010989010989007397,0.004884004884004867
198776831193300,3.9955141,back,-0.012779430838483208,28.0,2.0,-0.013160906385900617,0.010989010989007397,0.004884004884004867
198776832273500,3.9965943,back,-0.012779430838483208,28.0,2.0,-0.013160906385900617,0.010989010989007397,0.004884004884004867
198776833397800,3.9977186,back,-0.012779430838483208,28.0,2.0,-0.013160906385900617,0.010989010989007397,0.004884004884004867
198776834042200,3.998363,back,-0.012779430838483208,28.0,2.0,-0.013160906385900617,0.010989010989007397,0.004884004884004867
198776835044600,3.9993654,back,-0.012779430838483208,28.0,2.0,-0.013160906385900617,0.010989010989007397,0.004884004884004867
198776836121000,4.0004418,back,-0.012779430838483208,28.0,2.0,-0.013160906385900617,0.010989010989007397,0.004884004884004867
198776837292100,4.0016129,back,-0.012779430838483208,28.0,2.0,-0.013160906385900617,0.010989010989007397,0.004884004884004867
198776838423800,4.0027446,back,-0.012779430838483208,28.0,2.0,-0.013160906385900617,0.010989010989007397,0.004884004884004867
198776839021000,4.0033418,back,-0.012779430838483208,28.0,2.0,-0.013160906385900617,0.010989010989007397,0.004884004884004867
198776840050200,4.004371,back,-0.012779430838483208,28.0,2.0,-0.013160906385900617,0.010989010989007397,0.004884004884004867
198776841212300,4.0055331,back,-0.012779430838483208,28.0,2.0,-0.013160906385900617,0.010989010989007397,0.004884004884004867
198776842302300,4.0066231,back,-0.012779430838483208,28.0,2.0,-0.013160906385900617,0.010989010989007397,0.004884004884004867
198776842924500,4.0072453,back,-0.012779430838483208,28.0,2.0,-0.013160906385900617,0.010989010989007397,0.004884004884004867
198776843943400,4.0082642,back,-0.012779430838483208,28.0,2.0,-0.013160906385900617,0.010989010989007397,0.004884004884004867
198776845016900,4.0093377,back,-0.012779430838483208,28.0,2.0,-0.013160906385900617,0.010989010989007397,0.004884004884004867
198776846173600,4.0104944,back,-0.012779430838483208,28.0,2.0,-0.013160906385900617,0.010989010989007397,0.004884004884004867
198776847119700,4.0114405,back,-0.012779430838483208,28.0,2.0,-0.013160906385900617,0.010989010989007397,0.004884004884004867
198776848120800,4.0124416,back,-0.012779430838483208,28.0,2.0,-0.013160906385900617,0.010989010989007397,0.004884004884004867
198776849174200,4.013495,back,-0.012779430838483208,28.0,2.0,-0.013160906385900617,0.010989010989007397,0.004884004884004867
198776850278400,4.0145992,back,-0.012779430838483208,28.0,2.0,-0.013160906385900617,0.010989010989007397,0.004884004884004867
198776851459600,4.0157804,back,-0.012779430838483208,28.0,2.0,-0.013160906385900617,0.010989010989007397,0.004884004884004867
198776852045400,4.0163662,back,-0.012779430838483208,28.0,2.0,-0.013160906385900617,0.010989010989007397,0.004884004884004867
198776853074700,4.0173955,back,-0.012779430838483208,28.0,2.0,-0.013160906385900617,0.010989010989007397,0.004884004884004867
198776854120800,4.0184416,back,-0.012779430838483208,28.0,2.0,-0.013160906385900617,0.010989010989007397,0.004884004884004867
198776855176700,4.0194975,back,-0.012779430838483208,28.0,2.0,-0.013160906385900617,0.010989010989007397,0.004884004884004867
198776856259300,4.0205801,back,-0.012779430838483208,28.0,2.0,-0.013160906385900617,0.010989010989007397,0.004884004884004867
198776857507400,4.0218282,back,-0.012779430838483208,28.0,2.0,-0.013160906385900617,0.010989010989007397,0.004884004884004867
198776858758100,4.0230789,back,-0.012779430838483208,28.0,2.0,-0.013160906385900617,0.010989010989007397,0.004884004884004867
198776858861500,4.0231823,back,-0.012779430838483208,28.0,2.0,-0.013160906385900617,0.010989010989007397,0.004884004884004867
198776859858400,4.0241792,back,-0.012779430838483208,28.0,2.0,-0.013160906385900617,0.010989010989007397,0.004884004884004867
198776860859600,4.0251804,back,-0.012779430838483208,28.0,2.0,-0.013160906385900617,0.010989010989007397,0.004884004884004867
198776861968200,4.026289,back,-0.012779430838483208,28.0,2.0,-0.013160906385900617,0.010989010989007397,0.004884004884004867
198776863063000,4.0273838,back,-0.012779430838483208,28.0,2.0,-0.013160906385900617,0.010989010989007397,0.004884004884004867
198776864224800,4.0285456,back,-0.012779430838483208,28.0,2.0,-0.013160906385900617,0.010989010989007397,0.004884004884004867
198776865313100,4.0296339,back,-0.012779430838483208,28.0,2.0,-0.013160906385900617,0.010989010989007397,0.004884004884004867
198776866798100,4.0311189,back,-0.012779430838483208,28.0,2.0,-0.013160906385900617,0.010989010989007397,0.004884004884004867
198776866894200,4.031215,back,-0.012779430838483208,28.0,2.0,-0.013160906385900617,0.010989010989007397,0.004884004884004867
198776868345700,4.0326665,back,-0.012779430838483208,28.0,2.0,-0.013160906385900617,0.010989010989007397,0.004884004884004867
198776869315100,4.0336359,back,-0.012779430838483208,28.0,2.0,-0.013160906385900617,0.010989010989007397,0.004884004884004867
198776869901800,4.0342226,back,-0.012779430838483208,28.0,2.0,-0.013160906385900617,0.010989010989007397,0.004884004884004867
198776870962000,4.0352828,back,-0.012779430838483208,28.0,2.0,-0.013160906385900617,0.010989010989007397,0.004884004884004867
198776872096500,4.0364173,back,-0.012779430838483208,28.0,2.0,-0.013160906385900617,0.010989010989007397,0.004884004884004867
198776873298000,4.0376188,back,-0.012779430838483208,28.0,2.0,-0.013160906385900617,0.010989010989007397,0.004884004884004867
198776874406100,4.0387269,back,-0.012779430838483208,28.0,2.0,-0.013160906385900617,0.010989010989007397,0.004884004884004867
198776875019500,4.0393403,back,-0.012779430838483208,28.0,2.0,-0.013160906385900617,0.010989010989007397,0.004884004884004867
198776876056400,4.0403772,back,-0.012779430838483208,28.0,2.0,-0.013160906385900617,0.010989010989007397,0.004884004884004867
198776877270000,4.0415908,back,-0.012779430838483208,28.0,2.0,-0.013160906385900617,0.010989010989007397,0.004884004884004867
198776877834500,4.0421553,back,-0.012779430838483208,28.0,2.0,-0.013160906385900617,0.010989010989007397,0.004884004884004867
198776878882900,4.0432037,back,-0.012779430838483208,28.0,2.0,-0.013160906385900617,0.010989010989007397,0.004884004884004867
198776879985400,4.0443062,back,-0.012779430838483208,28.0,2.0,-0.013160906385900617,0.010989010989007397,0.004884004884004867
198776881127300,4.0454481,back,-0.012779430838483208,28.0,2.0,-0.013160906385900617,0.010989010989007397,0.004884004884004867
198776882252400,4.0465732,back,-0.012779430838483208,28.0,2.0,-0.013160906385900617,0.010989010989007397,0.004884004884004867
198776883381300,4.0477021,back,-0.012779430838483208,28.0,2.0,-0.013160906385900617,0.010989010989007397,0.004884004884004867
198776884016300,4.0483371,back,-0.012779430838483208,28.0,2.0,-0.013160906385900617,0.010989010989007397,0.004884004884004867
198776885046100,4.0493669,back,-0.012779430838483208,28.0,2.0,-0.013160906385900617,0.010989010989007397,0.004884004884004867
198776886208700,4.0505295,back,-0.012779430838483208,28.0,2.0,-0.013160906385900617,0.010989010989007397,0.004884004884004867
198776887322700,4.0516435,back,-0.012779430838483208,28.0,2.0,-0.013160906385900617,0.010989010989007397,0.004884004884004867
198776887893000,4.0522138,back,-0.012779430838483208,28.0,2.0,-0.013160906385900617,0.010989010989007397,0.004884004884004867
198776889025100,4.0533459,back,-0.012779430838483208,28.0,2.0,-0.013160906385900617,0.010989010989007397,0.004884004884004867
198776890135500,4.0544563,back,-0.012779430838483208,28.0,2.0,-0.013160906385900617,0.010989010989007397,0.004884004884004867
198776891285600,4.0556064,back,-0.012779430838483208,28.0,2.0,-0.013160906385900617,0.010989010989007397,0.004884004884004867
198776892384300,4.0567051,back,-0.012779430838483208,28.0,2.0,-0.013160906385900617,0.010989010989007397,0.004884004884004867
198776892963300,4.0572841,back,-0.012779430838483208,28.0,2.0,-0.013160906385900617,0.010989010989007397,0.004884004884004867
198776894002600,4.0583234,back,-0.012779430838483208,28.0,2.0,-0.013160906385900617,0.010989010989007397,0.004884004884004867
198776895037000,4.0593578,back,-0.012779430838483208,28.0,2.0,-0.013160906385900617,0.010989010989007397,0.004884004884004867
198776896117500,4.0604383,back,-0.012779430838483208,28.0,2.0,-0.013160906385900617,0.010989010989007397,0.004884004884004867
198776897278600,4.0615994,back,-0.012779430838483208,28.0,2.0,-0.013160906385900617,0.010989010989007397,0.004884004884004867
198776898398400,4.0627192,back,-0.012779430838483208,28.0,2.0,-0.013160906385900617,0.010989010989007397,0.004884004884004867
198776899006700,4.0633275,back,-0.012779430838483208,28.0,2.0,-0.013160906385900617,0.010989010989007397,0.004884004884004867
198776900034900,4.0643557,back,-0.012779430838483208,28.0,2.0,-0.013160906385900617,0.010989010989007397,0.004884004884004867
198776901157900,4.0654787,back,-0.012779430838483208,28.0,2.0,-0.013160906385900617,0.010989010989007397,0.004884004884004867
198776902273400,4.0665942,back,-0.012779430838483208,28.0,2.0,-0.013160906385900617,0.010989010989007397,0.004884004884004867
198776903419600,4.0677404,back,-0.012779430838483208,28.0,2.0,-0.013160906385900617,0.010989010989007397,0.004884004884004867
198776904006200,4.068327,back,-0.012779430838483208,28.0,2.0,-0.013160906385900617,0.010989010989007397,0.004884004884004867
198776905137600,4.0694584,back,-0.012779430838483208,28.0,2.0,-0.013160906385900617,0.010989010989007397,0.004884004884004867
198776906250900,4.0705717,back,-0.012779430838483208,28.0,2.0,-0.013160906385900617,-0.010989010989007397,0.004884004884004867
198776907352400,4.0716732,back,-0.012779430838483208,28.0,2.0,-0.013160906385900617,-0.010989010989007397,0.004884004884004867
198776907920400,4.0722412,back,-0.012779430838483208,28.0,2.0,-0.013160906385900617,-0.010989010989007397,0.004884004884004867
198776908950900,4.0732717,back,-0.012779430838483208,28.0,2.0,-0.013160906385900617,-0.010989010989007397,0.004884004884004867
198776910078200,4.074399,back,-0.012779430838483208,28.0,2.0,-0.013160906385900617,-0.010989010989007397,0.004884004884004867
198776911148600,4.0754694,back,-0.012779430838483208,28.0,2.0,-0.013160906385900617,-0.010989010989007397,0.004884004884004867
198776912199300,4.0765201,back,-0.012779430838483208,28.0,2.0,-0.013160906385900617,-0.010989010989007397,0.004884004884004867
198776913295500,4.0776163,back,-0.012779430838483208,28.0,2.0,-0.013160906385900617,-0.010989010989007397,0.004884004884004867
198776914282100,4.0786029,back,-0.012779430838483208,28.0,2.0,-0.013160906385900617,-0.010989010989007397,0.004884004884004867
198776914883200,4.079204,back,-0.012779430838483208,28.0,2.0,-0.013160906385900617,-0.010989010989007397,0.004884004884004867
198776915887000,4.0802078,back,-0.012779430838483208,28.0,2.0,-0.013160906385900617,-0.010989010989007397,0.004884004884004867
198776916995200,4.081316,back,-0.012779430838483208,28.0,2.0,-0.013160906385900617,-0.010989010989007397,0.004884004884004867
198776918077700,4.0823985,back,-0.012779430838483208,28.0,2.0,-0.013160906385900617,-0.010989010989007397,0.004884004884004867
198776919223900,4.0835447,back,-0.012779430838483208,28.0,2.0,-0.013160906385900617,-0.010989010989007397,0.004884004884004867
198776920436200,4.084757,back,-0.012779430838483208,28.0,2.0,-0.013160906385900617,-0.010989010989007397,0.004884004884004867
198776921042300,4.0853631,back,-0.012779430838483208,28.0,2.0,-0.013160906385900617,-0.010989010989007397,0.004884004884004867
198776922043900,4.0863647,back,-0.012779430838483208,28.0,2.0,-0.013160906385900617,-0.010989010989007397,0.004884004884004867
198776923166600,4.0874874,back,-0.012779430838483208,28.0,2.0,-0.013160906385900617,-0.010989010989007397,0.004884004884004867
198776924326500,4.0886473,back,-0.012779430838483208,28.0,2.0,-0.013160906385900617,-0.010989010989007397,0.004884004884004867
198776924954100,4.0892749,back,-0.012779430838483208,28.0,2.0,-0.013160906385900617,-0.010989010989007397,0.004884004884004867
198776925959100,4.0902799,back,-0.012779430838483208,28.0,2.0,-0.013160906385900617,-0.010989010989007397,0.004884004884004867
198776927058200,4.091379,back,-0.012779430838483208,28.0,2.0,-0.013160906385900617,-0.010989010989007397,0.004884004884004867
198776928173900,4.0924947,back,-0.012779430838483208,28.0,2.0,-0.013160906385900617,-0.010989010989007397,0.004884004884004867
198776929330100,4.0936509,back,-0.012779430838483208,28.0,2.0,-0.013160906385900617,-0.010989010989007397,0.004884004884004867
198776929954900,4.0942757,back,-0.012779430838483208,28.0,2.0,-0.013160906385900617,-0.010989010989007397,0.004884004884004867
198776930994800,4.0953156,back,-0.012779430838483208,28.0,2.0,-0.013160906385900617,-0.010989010989007397,0.004884004884004867
198776932044900,4.0963657,back,-0.012779430838483208,28.0,2.0,-0.013160906385900617,-0.010989010989007397,0.004884004884004867
198776933184800,4.0975056,back,-0.012779430838483208,28.0,2.0,-0.013160906385900617,-0.010989010989007397,0.004884004884004867
198776934299000,4.0986198,back,-0.012779430838483208,28.0,2.0,-0.013160906385900617,-0.010989010989007397,0.004884004884004867
198776935522800,4.0998436,back,-0.012779430838483208,28.0,2.0,-0.013160906385900617,-0.010989010989007397,0.004884004884004867
198776936141900,4.1004627,back,-0.012779430838483208,28.0,2.0,-0.013160906385900617,-0.010989010989007397,0.004884004884004867
198776937142200,4.101463,back,-0.012779430838483208,28.0,2.0,-0.013160906385900617,-0.010989010989007397,0.004884004884004867
198776938243400,4.1025642,back,-0.012779430838483208,28.0,2.0,-0.013160906385900617,-0.010989010989007397,0.004884004884004867
198776939418700,4.1037395,back,-0.012779430838483208,28.0,2.0,-0.013160906385900617,-0.010989010989007397,0.004884004884004867
198776940021600,4.1043424,back,-0.012779430838483208,28.0,2.0,-0.013160906385900617,-0.010989010989007397,0.004884004884004867
198776941025600,4.1053464,back,-0.012779430838483208,28.0,2.0,-0.013160906385900617,-0.010989010989007397,0.004884004884004867
198776942116300,4.1064371,back,-0.012779430838483208,28.0,2.0,-0.013160906385900617,-0.010989010989007397,0.004884004884004867
198776943177400,4.1074982,back,-0.012779430838483208,28.0,2.0,-0.013160906385900617,-0.010989010989007397,0.004884004884004867
198776944237300,4.1085581,back,-0.012779430838483208,28.0,2.0,-0.013160906385900617,-0.010989010989007397,0.004884004884004867
198776945386100,4.1097069,back,-0.012779430838483208,28.0,2.0,-0.013160906385900617,-0.010989010989007397,0.004884004884004867
198776945996900,4.1103177,back,-0.012779430838483208,28.0,2.0,-0.013160906385900617,-0.010989010989007397,0.004884004884004867
198776946999900,4.1113207,back,-0.012779430838483208,28.0,2.0,-0.013160906385900617,-0.010989010989007397,0.004884004884004867
198776948103400,4.1124242,back,-0.012779430838483208,28.0,2.0,-0.013160906385900617,-0.010989010989007397,0.004884004884004867
198776949151700,4.1134725,back,-0.012779430838483208,28.0,2.0,-0.013160906385900617,-0.010989010989007397,0.004884004884004867
198776950209900,4.1145307,back,-0.012779430838483208,28.0,2.0,-0.013160906385900617,-0.010989010989007397,0.004884004884004867
198776951403500,4.1157243,back,-0.012779430838483208,28.0,2.0,-0.013160906385900617,-0.010989010989007397,0.004884004884004867
198776952005500,4.1163263,back,-0.012779430838483208,28.0,2.0,-0.013160906385900617,-0.010989010989007397,0.004884004884004867
198776953011200,4.117332,back,-0.012779430838483208,28.0,2.0,-0.013160906385900617,-0.010989010989007397,0.004884004884004867
198776954156700,4.1184775,back,-0.012779430838483208,28.0,2.0,-0.013160906385900617,-0.010989010989007397,0.004884004884004867
198776955313800,4.1196346,back,-0.012779430838483208,28.0,2.0,-0.013160906385900617,-0.010989010989007397,0.004884004884004867
198776955909200,4.12023,back,-0.012779430838483208,28.0,2.0,-0.013160906385900617,-0.010989010989007397,0.004884004884004867
198776956912300,4.1212331,back,-0.012779430838483208,28.0,2.0,-0.013160906385900617,-0.010989010989007397,0.004884004884004867
198776957989200,4.12231,back,-0.012779430838483208,28.0,2.0,-0.013160906385900617,-0.010989010989007397,0.004884004884004867
198776959025200,4.123346,back,-0.012779430838483208,28.0,2.0,-0.013160906385900617,-0.010989010989007397,0.004884004884004867
198776960155300,4.1244761,back,-0.012779430838483208,28.0,2.0,-0.013160906385900617,-0.010989010989007397,0.004884004884004867
198776961305100,4.1256259,back,-0.012779430838483208,28.0,2.0,-0.013160906385900617,-0.010989010989007397,0.004884004884004867
198776961900100,4.1262209,back,-0.012779430838483208,28.0,2.0,-0.013160906385900617,-0.010989010989007397,0.004884004884004867
198776962928400,4.1272492,back,-0.012779430838483208,28.0,2.0,-0.013160906385900617,-0.010989010989007397,0.004884004884004867
198776964109300,4.1284301,back,-0.012779430838483208,28.0,2.0,-0.013160906385900617,-0.010989010989007397,0.004884004884004867
198776965217100,4.1295379,back,-0.012779430838483208,28.0,2.0,-0.013160906385900617,-0.010989010989007397,0.004884004884004867
198776966317000,4.1306378,back,-0.012779430838483208,28.0,2.0,-0.013160906385900617,-0.010989010989007397,0.004884004884004867
198776966967500,4.1312883,back,-0.012779430838483208,28.0,2.0,-0.013160906385900617,-0.010989010989007397,0.004884004884004867
198776967906500,4.1322273,back,-0.012779430838483208,28.0,2.0,-0.013160906385900617,-0.010989010989007397,0.004884004884004867
198776968907300,4.1332281,back,-0.012779430838483208,28.0,2.0,-0.013160906385900617,-0.010989010989007397,0.004884004884004867
198776969937000,4.1342578,back,-0.012779430838483208,28.0,2.0,-0.013160906385900617,-0.010989010989007397,0.004884004884004867
198776971020100,4.1353409,back,-0.012779430838483208,28.0,2.0,-0.013160906385900617,-0.010989010989007397,0.004884004884004867
198776972148200,4.136469,back,-0.012779430838483208,28.0,2.0,-0.013160906385900617,-0.010989010989007397,0.004884004884004867
198776973236000,4.1375568,back,-0.012779430838483208,28.0,2.0,-0.013160906385900617,-0.010989010989007397,0.004884004884004867
198776974329700,4.1386505,back,-0.012779430838483208,28.0,2.0,-0.013160906385900617,-0.010989010989007397,0.004884004884004867
198776974901000,4.1392218,back,-0.012779430838483208,28.0,2.0,-0.013160906385900617,-0.010989010989007397,0.004884004884004867
198776975928500,4.1402493,back,-0.012779430838483208,28.0,2.0,-0.013160906385900617,-0.010989010989007397,0.004884004884004867
198776977075700,4.1413965,back,-0.012779430838483208,28.0,2.0,-0.013160906385900617,-0.010989010989007397,0.004884004884004867
198776978264900,4.1425857,back,-0.012779430838483208,28.0,2.0,-0.013160906385900617,-0.010989010989007397,0.004884004884004867
198776979362600,4.1436834,back,-0.012779430838483208,28.0,2.0,-0.013160906385900617,-0.010989010989007397,0.004884004884004867
198776979987500,4.1443083,back,-0.012779430838483208,28.0,2.0,-0.013160906385900617,-0.010989010989007397,0.004884004884004867
198776980990800,4.1453116,back,-0.012779430838483208,28.0,2.0,-0.013160906385900617,-0.010989010989007397,0.004884004884004867
198776982120200,4.146441,back,-0.012779430838483208,28.0,2.0,-0.013160906385900617,-0.010989010989007397,0.004884004884004867
198776983218000,4.1475388,back,-0.012779430838483208,28.0,2.0,-0.013160906385900617,-0.010989010989007397,0.004884004884004867
198776984305700,4.1486265,back,-0.012779430838483208,28.0,2.0,-0.013160906385900617,-0.010989010989007397,0.004884004884004867
198776985394800,4.1497156,back,-0.012779430838483208,28.0,2.0,-0.013160906385900617,-0.010989010989007397,0.004884004884004867
198776986065200,4.150386,back,-0.012779430838483208,28.0,2.0,-0.013160906385900617,-0.010989010989007397,0.004884004884004867
198776987064300,4.1513851,back,-0.012779430838483208,28.0,2.0,-0.013160906385900617,-0.010989010989007397,0.004884004884004867
198776988198500,4.1525193,back,-0.012779430838483208,28.0,2.0,-0.013160906385900617,-0.010989010989007397,0.004884004884004867
198776989402200,4.153723,back,-0.012779430838483208,28.0,2.0,-0.013160906385900617,-0.010989010989007397,0.004884004884004867
198776989896600,4.1542174,back,-0.012779430838483208,28.0,2.0,-0.013160906385900617,-0.010989010989007397,0.004884004884004867
198776990998700,4.1553195,back,-0.012779430838483208,28.0,2.0,-0.013160906385900617,-0.010989010989007397,0.004884004884004867
198776992000300,4.1563211,back,-0.012779430838483208,28.0,2.0,-0.013160906385900617,-0.010989010989007397,0.004884004884004867
198776993152600,4.1574734,back,-0.012779430838483208,28.0,2.0,-0.013160906385900617,-0.010989010989007397,0.004884004884004867
198776994326300,4.1586471,back,-0.012779430838483208,28.0,2.0,-0.013160906385900617,-0.010989010989007397,0.004884004884004867
198776994925000,4.1592458,back,-0.012779430838483208,28.0,2.0,-0.013160906385900617,-0.010989010989007397,0.004884004884004867
198776995927400,4.1602482,back,-0.012779430838483208,28.0,2.0,-0.013160906385900617,-0.010989010989007397,0.004884004884004867
198776997034000,4.1613548,back,-0.012779430838483208,28.0,2.0,-0.013160906385900617,-0.010989010989007397,0.004884004884004867
198776998228400,4.1625492,back,-0.012779430838483208,28.0,2.0,-0.013160906385900617,-0.010989010989007397,0.004884004884004867
198776999335500,4.1636563,back,-0.012779430838483208,28.0,2.0,-0.013160906385900617,-0.010989010989007397,0.004884004884004867
198776999920900,4.1642417,back,-0.012779430838483208,28.0,2.0,-0.013160906385900617,-0.010989010989007397,0.004884004884004867
198777000960000,4.1652808,back,-0.012779430838483208,28.0,2.0,-0.013160906385900617,-0.010989010989007397,0.004884004884004867
198777002076900,4.1663977,back,-0.012779430838483208,28.0,2.0,-0.013160906385900617,-0.010989010989007397,0.004884004884004867
198777003186600,4.1675074,back,-0.012779430838483208,28.0,2.0,-0.013160906385900617,-0.010989010989007397,0.004884004884004867
198777004296200,4.168617,back,-0.012779430838483208,28.0,2.0,-0.013160906385900617,-0.010989010989007397,0.004884004884004867
198777004898000,4.1692188,back,-0.012779430838483208,28.0,2.0,-0.013160906385900617,-0.010989010989007397,0.004884004884004867
198777005937800,4.1702586,back,-0.012779430838483208,28.0,2.0,-0.013160906385900617,-0.010989010989007397,0.004884004884004867
198777007001300,4.1713221,back,-0.012779430838483208,28.0,2.0,-0.013160906385900617,-0.010989010989007397,0.004884004884004867
198777008101100,4.1724219,back,-0.012779430838483208,28.0,2.0,-0.013160906385900617,-0.010989010989007397,0.004884004884004867
198777009224300,4.1735451,back,-0.012779430838483208,28.0,2.0,-0.013160906385900617,-0.010989010989007397,0.004884004884004867
198777010372500,4.1746933,back,-0.012779430838483208,28.0,2.0,-0.013160906385900617,-0.010989010989007397,0.004884004884004867
198777010977600,4.1752984,back,-0.012779430838483208,28.0,2.0,-0.013160906385900617,-0.010989010989007397,0.004884004884004867
198777011979400,4.1763002,back,-0.012779430838483208,28.0,2.0,-0.013160906385900617,-0.010989010989007397,0.004884004884004867
198777013089200,4.17741,back,-0.012779430838483208,28.0,2.0,-0.013160906385900617,-0.010989010989007397,0.004884004884004867
198777014350500,4.1786713,back,-0.012779430838483208,28.0,2.0,-0.013160906385900617,-0.010989010989007397,0.004884004884004867
198777015541000,4.1798618,back,-0.012779430838483208,28.0,2.0,-0.012779430838483208,0.010989010989007397,0.004884004884004867
198777016203700,4.1805245,back,-0.012779430838483208,28.0,2.0,-0.012779430838483208,0.010989010989007397,0.004884004884004867
198777017232400,4.1815532,back,-0.012779430838483208,28.0,2.0,-0.012779430838483208,0.010989010989007397,0.004884004884004867
198777018394100,4.1827149,back,-0.012779430838483208,28.0,2.0,-0.012779430838483208,0.010989010989007397,0.004884004884004867
198777019045800,4.1833666,back,-0.012779430838483208,28.0,2.0,-0.012779430838483208,0.010989010989007397,0.004884004884004867
198777020077000,4.1843978,back,-0.012779430838483208,28.0,2.0,-0.012779430838483208,0.010989010989007397,0.004884004884004867
198777021216300,4.1855371,back,-0.012779430838483208,28.0,2.0,-0.012779430838483208,0.010989010989007397,0.004884004884004867
198777022312300,4.1866331,back,-0.012779430838483208,28.0,2.0,-0.012779430838483208,0.010989010989007397,0.004884004884004867
198777022939400,4.1872602,back,-0.012779430838483208,28.0,2.0,-0.012779430838483208,0.010989010989007397,0.004884004884004867
198777023967900,4.1882887,back,-0.012779430838483208,28.0,2.0,-0.012779430838483208,0.010989010989007397,0.004884004884004867
198777025049300,4.1893701,back,-0.012779430838483208,28.0,2.0,-0.012779430838483208,0.010989010989007397,0.004884004884004867
198777026062400,4.1903832,back,-0.012779430838483208,28.0,2.0,-0.012779430838483208,0.010989010989007397,0.004884004884004867
198777027112600,4.1914334,back,-0.012779430838483208,28.0,2.0,-0.012779430838483208,0.010989010989007397,0.004884004884004867
198777028129900,4.1924507,back,-0.012779430838483208,28.0,2.0,-0.012779430838483208,0.010989010989007397,0.004884004884004867
198777029195200,4.193516,back,-0.012779430838483208,28.0,2.0,-0.012779430838483208,0.010989010989007397,0.004884004884004867
198777030342000,4.1946628,back,-0.012779430838483208,28.0,2.0,-0.012779430838483208,0.010989010989007397,0.004884004884004867
198777031470700,4.1957915,back,-0.012779430838483208,28.0,2.0,-0.012779430838483208,0.010989010989007397,0.004884004884004867
198777032040500,4.1963613,back,-0.012779430838483208,28.0,2.0,-0.012779430838483208,0.010989010989007397,0.004884004884004867
198777033039100,4.1973599,back,-0.012779430838483208,28.0,2.0,-0.012779430838483208,0.010989010989007397,0.004884004884004867
198777034145300,4.1984661,back,-0.012779430838483208,28.0,2.0,-0.012779430838483208,0.010989010989007397,0.004884004884004867
198777035304900,4.1996257,back,-0.012779430838483208,28.0,2.0,-0.012779430838483208,0.010989010989007397,0.004884004884004867
198777036461900,4.2007827,back,-0.012779430838483208,28.0,2.0,-0.012779430838483208,0.010989010989007397,0.004884004884004867
198777037046600,4.2013674,back,-0.012779430838483208,28.0,2.0,-0.012779430838483208,0.010989010989007397,0.004884004884004867
198777038051100,4.2023719,back,-0.012779430838483208,28.0,2.0,-0.012779430838483208,0.010989010989007397,0.004884004884004867
198777039184600,4.2035054,back,-0.012779430838483208,28.0,2.0,-0.012779430838483208,0.010989010989007397,0.004884004884004867
198777040284800,4.2046056,back,-0.012779430838483208,28.0,2.0,-0.012779430838483208,0.010989010989007397,0.004884004884004867
198777040867300,4.2051881,back,-0.012779430838483208,28.0,2.0,-0.012779430838483208,0.010989010989007397,0.004884004884004867
198777041897100,4.2062179,back,-0.012779430838483208,28.0,2.0,-0.012779430838483208,0.010989010989007397,0.004884004884004867
198777043026800,4.2073476,back,-0.012779430838483208,28.0,2.0,-0.012779430838483208,0.010989010989007397,0.004884004884004867
198777044166500,4.2084873,back,-0.012779430838483208,28.0,2.0,-0.012779430838483208,0.010989010989007397,0.004884004884004867
198777045309000,4.2096298,back,-0.012779430838483208,28.0,2.0,-0.012779430838483208,0.010989010989007397,0.004884004884004867
198777046578000,4.2108988,back,-0.012779430838483208,28.0,2.0,-0.012779430838483208,0.010989010989007397,0.004884004884004867
198777047166300,4.2114871,back,-0.012779430838483208,28.0,2.0,-0.012779430838483208,0.010989010989007397,0.004884004884004867
198777048168700,4.2124895,back,-0.012779430838483208,28.0,2.0,-0.012779430838483208,0.010989010989007397,0.004884004884004867
198777049241500,4.2135623,back,-0.012779430838483208,28.0,2.0,-0.012779430838483208,0.010989010989007397,0.004884004884004867
198777049870400,4.2141912,back,-0.012779430838483208,28.0,2.0,-0.012779430838483208,0.010989010989007397,0.004884004884004867
198777050908300,4.2152291,back,-0.012779430838483208,28.0,2.0,-0.012779430838483208,0.010989010989007397,0.004884004884004867
198777052007200,4.216328,back,-0.012779430838483208,28.0,2.0,-0.012779430838483208,0.010989010989007397,0.004884004884004867
198777053024600,4.2173454,back,-0.012779430838483208,28.0,2.0,-0.012779430838483208,0.010989010989007397,0.004884004884004867
198777054249900,4.2185707,back,-0.012779430838483208,28.0,2.0,-0.012779430838483208,0.010989010989007397,0.004884004884004867
198777055345400,4.2196662,back,-0.012779430838483208,28.0,2.0,-0.012779430838483208,0.010989010989007397,0.004884004884004867
198777055937200,4.220258,back,-0.012779430838483208,28.0,2.0,-0.012779430838483208,0.010989010989007397,0.004884004884004867
198777056973700,4.2212945,back,-0.012779430838483208,28.0,2.0,-0.012779430838483208,0.010989010989007397,0.004884004884004867
198777058043900,4.2223647,back,-0.012779430838483208,28.0,2.0,-0.012779430838483208,0.010989010989007397,0.004884004884004867
198777059202000,4.2235228,back,-0.012779430838483208,28.0,2.0,-0.012779430838483208,0.010989010989007397,0.004884004884004867
198777060287900,4.2246087,back,-0.012779430838483208,28.0,2.0,-0.012779430838483208,0.010989010989007397,0.004884004884004867
198777061482200,4.225803,back,-0.012779430838483208,28.0,2.0,-0.012779430838483208,0.010989010989007397,0.004884004884004867
198777062140300,4.2264611,back,-0.012779430838483208,28.0,2.0,-0.012779430838483208,0.010989010989007397,0.004884004884004867
198777063073400,4.2273942,back,-0.012779430838483208,28.0,2.0,-0.012779430838483208,0.010989010989007397,0.004884004884004867
198777064483100,4.2288039,back,-0.012779430838483208,28.0,2.0,-0.012779430838483208,0.010989010989007397,0.004884004884004867
198777065062400,4.2293832,back,-0.012779430838483208,28.0,2.0,-0.012779430838483208,0.010989010989007397,0.004884004884004867
198777066065500,4.2303863,back,-0.012779430838483208,28.0,2.0,-0.012779430838483208,0.010989010989007397,0.004884004884004867
198777067176500,4.2314973,back,-0.012779430838483208,28.0,2.0,-0.012779430838483208,0.010989010989007397,0.004884004884004867
198777068255000,4.2325758,back,-0.012779430838483208,28.0,2.0,-0.012779430838483208,0.010989010989007397,0.004884004884004867
198777069314500,4.2336353,back,-0.012779430838483208,28.0,2.0,-0.012779430838483208,0.010989010989007397,0.004884004884004867
198777070284700,4.2346055,back,-0.012779430838483208,28.0,2.0,-0.012779430838483208,0.010989010989007397,0.004884004884004867
198777070795700,4.2351165,back,-0.012779430838483208,28.0,2.0,-0.012779430838483208,0.010989010989007397,0.004884004884004867
198777071799200,4.23612,back,-0.012779430838483208,28.0,2.0,-0.012779430838483208,0.010989010989007397,0.004884004884004867
198777072951300,4.2372721,back,-0.012779430838483208,28.0,2.0,-0.012779430838483208,0.010989010989007397,0.004884004884004867
198777074000500,4.2383213,back,-0.012779430838483208,28.0,2.0,-0.012779430838483208,0.010989010989007397,0.004884004884004867
198777075003500,4.2393243,back,-0.012779430838483208,28.0,2.0,-0.012779430838483208,0.010989010989007397,0.004884004884004867
198777076052800,4.2403736,back,-0.012779430838483208,28.0,2.0,-0.012779430838483208,0.010989010989007397,0.004884004884004867
198777077141600,4.2414624,back,-0.012779430838483208,28.0,2.0,-0.012779430838483208,0.010989010989007397,0.004884004884004867
198777078236700,4.2425575,back,-0.012779430838483208,28.0,2.0,-0.012779430838483208,0.010989010989007397,0.004884004884004867
198777079167400,4.2434882,back,-0.012779430838483208,28.0,2.0,-0.012779430838483208,0.010989010989007397,0.004884004884004867
198777080169800,4.2444906,back,-0.012779430838483208,28.0,2.0,-0.012779430838483208,0.010989010989007397,0.004884004884004867
198777081348700,4.2456695,back,-0.012779430838483208,28.0,2.0,-0.012779430838483208,0.010989010989007397,0.004884004884004867
198777082492700,4.2468135,back,-0.012779430838483208,28.0,2.0,-0.012779430838483208,0.010989010989007397,0.004884004884004867
198777083244500,4.2475653,back,-0.012779430838483208,28.0,2.0,-0.012779430838483208,0.010989010989007397,0.004884004884004867
198777084203500,4.2485243,back,-0.012779430838483208,28.0,2.0,-0.012779430838483208,0.010989010989007397,0.004884004884004867
198777085329600,4.2496504,back,-0.012779430838483208,28.0,2.0,-0.012779430838483208,0.010989010989007397,0.004884004884004867
198777085921000,4.2502418,back,-0.012779430838483208,28.0,2.0,-0.012779430838483208,0.010989010989007397,0.004884004884004867
198777086924400,4.2512452,back,-0.012779430838483208,28.0,2.0,-0.012779430838483208,0.010989010989007397,0.004884004884004867
198777088044300,4.2523651,back,-0.012779430838483208,28.0,2.0,-0.012779430838483208,0.010989010989007397,0.004884004884004867
198777089178700,4.2534995,back,-0.012779430838483208,28.0,2.0,-0.012779430838483208,0.010989010989007397,0.004884004884004867
198777090214300,4.2545351,back,-0.012779430838483208,28.0,2.0,-0.012779430838483208,0.010989010989007397,0.004884004884004867
198777091299000,4.2556198,back,-0.012779430838483208,28.0,2.0,-0.012779430838483208,0.010989010989007397,0.004884004884004867
198777091923500,4.2562443,back,-0.012779430838483208,28.0,2.0,-0.012779430838483208,0.010989010989007397,0.004884004884004867
198777093061600,4.2573824,back,-0.012779430838483208,28.0,2.0,-0.012779430838483208,0.010989010989007397,0.004884004884004867
198777094258000,4.2585788,back,-0.012779430838483208,28.0,2.0,-0.012779430838483208,0.010989010989007397,0.004884004884004867
198777095165200,4.259486,back,-0.012779430838483208,28.0,2.0,-0.012779430838483208,0.010989010989007397,0.004884004884004867
198777096191800,4.2605126,back,-0.012779430838483208,28.0,2.0,-0.012779430838483208,0.010989010989007397,0.004884004884004867
198777097314700,4.2616355,back,-0.012779430838483208,28.0,2.0,-0.012779430838483208,0.010989010989007397,0.004884004884004867
198777097922600,4.2622434,back,-0.012779430838483208,28.0,2.0,-0.012779430838483208,0.010989010989007397,0.004884004884004867
198777098924900,4.2632457,back,-0.012779430838483208,28.0,2.0,-0.012779430838483208,0.010989010989007397,0.004884004884004867
198777099986600,4.2643074,back,-0.012779430838483208,28.0,2.0,-0.012779430838483208,0.010989010989007397,0.004884004884004867
198777101060700,4.2653815,back,-0.012779430838483208,28.0,2.0,-0.012779430838483208,0.010989010989007397,0.004884004884004867
198777102115600,4.2664364,back,-0.012779430838483208,28.0,2.0,-0.012779430838483208,0.010989010989007397,0.004884004884004867
198777103132000,4.2674528,back,-0.012779430838483208,28.0,2.0,-0.012779430838483208,0.010989010989007397,0.004884004884004867
198777104176600,4.2684974,back,-0.012779430838483208,28.0,2.0,-0.012779430838483208,0.010989010989007397,0.004884004884004867
198777105209300,4.2695301,back,-0.012779430838483208,28.0,2.0,-0.012779430838483208,0.010989010989007397,0.004884004884004867
198777106265400,4.2705862,back,-0.012779430838483208,28.0,2.0,-0.012779430838483208,0.010989010989007397,0.004884004884004867
198777107266600,4.2715874,back,-0.012779430838483208,28.0,2.0,-0.012779430838483208,0.010989010989007397,0.004884004884004867
198777107832600,4.2721534,back,-0.012779430838483208,28.0,2.0,-0.012779430838483208,0.010989010989007397,0.004884004884004867
198777108874300,4.2731951,back,-0.012779430838483208,28.0,2.0,-0.012779430838483208,0.010989010989007397,0.004884004884004867
198777109976700,4.2742975,back,-0.012779430838483208,28.0,2.0,-0.012779430838483208,0.010989010989007397,0.004884004884004867
198777111387800,4.2757086,back,-0.012779430838483208,28.0,2.0,-0.012779430838483208,0.010989010989007397,0.004884004884004867
198777112000800,4.2763216,back,-0.012779430838483208,28.0,2.0,-0.012779430838483208,0.010989010989007397,0.004884004884004867
198777113045600,4.2773664,back,-0.012779430838483208,28.0,2.0,-0.012779430838483208,0.010989010989007397,0.004884004884004867
198777114171500,4.2784923,back,-0.012779430838483208,28.0,2.0,-0.012779430838483208,0.010989010989007397,0.004884004884004867
198777115303100,4.2796239,back,-0.012779430838483208,28.0,2.0,-0.012779430838483208,0.010989010989007397,0.004884004884004867
198777116470000,4.2807908,back,-0.012779430838483208,28.0,2.0,-0.012779430838483208,0.010989010989007397,0.004884004884004867
198777117065600,4.2813864,back,-0.012779430838483208,28.0,2.0,-0.012779430838483208,0.010989010989007397,0.004884004884004867
198777118105200,4.282426,back,-0.012779430838483208,28.0,2.0,-0.012779430838483208,0.010989010989007397,0.004884004884004867
198777119171100,4.2834919,back,-0.012779430838483208,28.0,2.0,-0.012779430838483208,0.010989010989007397,0.004884004884004867
198777120253200,4.284574,back,-0.012779430838483208,28.0,2.0,-0.012779430838483208,0.010989010989007397,0.004884004884004867
198777121365400,4.2856862,back,-0.012779430838483208,28.0,2.0,-0.012779430838483208,0.010989010989007397,0.004884004884004867
198777121937300,4.2862581,back,-0.012779430838483208,28.0,2.0,-0.012779430838483208,0.010989010989007397,0.004884004884004867
198777122940100,4.2872609,back,-0.012779430838483208,28.0,2.0,-0.012779430838483208,0.010989010989007397,0.004884004884004867
198777124036700,4.2883575,back,-0.012779430838483208,28.0,2.0,-0.012779430838483208,0.010989010989007397,0.004884004884004867
198777125317100,4.2896379,back,-0.012779430838483208,28.0,2.0,-0.012779430838483208,0.010989010989007397,0.004884004884004867
198777126180600,4.2905014,back,-0.012779430838483208,28.0,2.0,-0.013160906385900617,-0.010989010989007397,0.004884004884004867
198777127184900,4.2915057,back,-0.012779430838483208,28.0,2.0,-0.013160906385900617,-0.010989010989007397,0.004884004884004867
198777128357400,4.2926782,back,-0.012779430838483208,28.0,2.0,-0.013160906385900617,-0.010989010989007397,0.004884004884004867
198777128959600,4.2932804,back,-0.012779430838483208,28.0,2.0,-0.013160906385900617,-0.010989010989007397,0.004884004884004867
198777129961600,4.2942824,back,-0.012779430838483208,28.0,2.0,-0.013160906385900617,-0.010989010989007397,0.004884004884004867
198777131007500,4.2953283,back,-0.012779430838483208,28.0,2.0,-0.013160906385900617,-0.010989010989007397,0.004884004884004867
198777132057600,4.2963784,back,-0.012779430838483208,28.0,2.0,-0.013160906385900617,-0.010989010989007397,0.004884004884004867
198777133141900,4.2974627,back,-0.012779430838483208,28.0,2.0,-0.013160906385900617,-0.010989010989007397,0.004884004884004867
198777134202400,4.2985232,back,-0.012779430838483208,28.0,2.0,-0.013160906385900617,-0.010989010989007397,0.004884004884004867
198777135353500,4.2996743,back,-0.012779430838483208,28.0,2.0,-0.013160906385900617,-0.010989010989007397,0.004884004884004867
198777135915200,4.300236,back,-0.012779430838483208,28.0,2.0,-0.013160906385900617,-0.010989010989007397,0.004884004884004867
198777136923700,4.3012445,back,-0.012779430838483208,28.0,2.0,-0.013160906385900617,-0.010989010989007397,0.004884004884004867
198777138003600,4.3023244,back,-0.012779430838483208,28.0,2.0,-0.013160906385900617,-0.010989010989007397,0.004884004884004867
198777139120500,4.3034413,back,-0.012779430838483208,28.0,2.0,-0.013160906385900617,-0.010989010989007397,0.004884004884004867
198777140261200,4.304582,back,-0.012779430838483208,28.0,2.0,-0.013160906385900617,-0.010989010989007397,0.004884004884004867
198777141226800,4.3055476,back,-0.012779430838483208,28.0,2.0,-0.013160906385900617,-0.010989010989007397,0.004884004884004867
198777142219800,4.3065406,back,-0.012779430838483208,28.0,2.0,-0.013160906385900617,-0.010989010989007397,0.004884004884004867
198777142847100,4.3071679,back,-0.012779430838483208,28.0,2.0,-0.013160906385900617,-0.010989010989007397,0.004884004884004867
198777143922200,4.308243,back,-0.012779430838483208,28.0,2.0,-0.013160906385900617,-0.010989010989007397,0.004884004884004867
198777144976900,4.3092977,back,-0.012779430838483208,28.0,2.0,-0.013160906385900617,-0.010989010989007397,0.004884004884004867
198777146049000,4.3103698,back,-0.012779430838483208,28.0,2.0,-0.013160906385900617,-0.010989010989007397,0.004884004884004867
198777147081700,4.3114025,back,-0.012779430838483208,28.0,2.0,-0.013160906385900617,-0.010989010989007397,0.004884004884004867
198777148117400,4.3124382,back,-0.012779430838483208,28.0,2.0,-0.013160906385900617,-0.010989010989007397,0.004884004884004867
198777149172400,4.3134932,back,-0.012779430838483208,28.0,2.0,-0.013160906385900617,-0.010989010989007397,0.004884004884004867
198777150212200,4.314533,back,-0.012779430838483208,28.0,2.0,-0.013160906385900617,-0.010989010989007397,0.004884004884004867
198777151252700,4.3155735,back,-0.012779430838483208,28.0,2.0,-0.013160906385900617,-0.010989010989007397,0.004884004884004867
198777152389900,4.3167107,back,-0.012779430838483208,28.0,2.0,-0.013160906385900617,-0.010989010989007397,0.004884004884004867
198777153005400,4.3173262,back,-0.012779430838483208,28.0,2.0,-0.013160906385900617,-0.010989010989007397,0.004884004884004867
198777154027100,4.3183479,back,-0.012779430838483208,28.0,2.0,-0.013160906385900617,-0.010989010989007397,0.004884004884004867
198777155082600,4.3194034,back,-0.012779430838483208,28.0,2.0,-0.013160906385900617,-0.010989010989007397,0.004884004884004867
198777156226500,4.3205473,back,-0.012779430838483208,28.0,2.0,-0.013160906385900617,-0.010989010989007397,0.004884004884004867
198777157362700,4.3216835,back,-0.012779430838483208,28.0,2.0,-0.013160906385900617,-0.010989010989007397,0.004884004884004867
198777157943900,4.3222647,back,-0.012779430838483208,28.0,2.0,-0.013160906385900617,-0.010989010989007397,0.004884004884004867
198777159011300,4.3233321,back,-0.012779430838483208,28.0,2.0,-0.013160906385900617,-0.010989010989007397,0.004884004884004867
198777160093500,4.3244143,back,-0.012779430838483208,28.0,2.0,-0.013160906385900617,-0.010989010989007397,0.004884004884004867
198777161183800,4.3255046,back,-0.012779430838483208,28.0,2.0,-0.013160906385900617,-0.010989010989007397,0.004884004884004867
198777162252500,4.3265733,back,-0.012779430838483208,28.0,2.0,-0.013160906385900617,-0.010989010989007397,0.004884004884004867
198777162812400,4.3271332,back,-0.012779430838483208,28.0,2.0,-0.013160906385900617,-0.010989010989007397,0.004884004884004867
198777163832200,4.328153,back,-0.012779430838483208,28.0,2.0,-0.013160906385900617,-0.010989010989007397,0.004884004884004867
198777164934200,4.329255,back,-0.012779430838483208,28.0,2.0,-0.013160906385900617,-0.010989010989007397,0.004884004884004867
198777166043600,4.3303644,back,-0.012779430838483208,28.0,2.0,-0.013160906385900617,-0.010989010989007397,0.004884004884004867
198777167127600,4.3314484,back,-0.012779430838483208,28.0,2.0,-0.013160906385900617,-0.010989010989007397,0.004884004884004867
198777168225000,4.3325458,back,-0.012779430838483208,28.0,2.0,-0.013160906385900617,-0.010989010989007397,0.004884004884004867
198777169340500,4.3336613,back,-0.012779430838483208,28.0,2.0,-0.013160906385900617,-0.010989010989007397,0.004884004884004867
198777170302300,4.3346231,back,-0.012779430838483208,28.0,2.0,-0.013160906385900617,-0.010989010989007397,0.004884004884004867
198777170956000,4.3352768,back,-0.012779430838483208,28.0,2.0,-0.013160906385900617,-0.010989010989007397,0.004884004884004867
198777171902400,4.3362232,back,-0.012779430838483208,28.0,2.0,-0.013160906385900617,-0.010989010989007397,0.004884004884004867
198777172979900,4.3373007,back,-0.012779430838483208,28.0,2.0,-0.013160906385900617,-0.010989010989007397,0.004884004884004867
198777174092900,4.3384137,back,-0.012779430838483208,28.0,2.0,-0.013160906385900617,-0.010989010989007397,0.004884004884004867
198777175194000,4.3395148,back,-0.012779430838483208,28.0,2.0,-0.013160906385900617,-0.010989010989007397,0.004884004884004867
198777176221400,4.3405422,back,-0.012779430838483208,28.0,2.0,-0.013160906385900617,-0.010989010989007397,0.004884004884004867
198777177305700,4.3416265,back,-0.012779430838483208,28.0,2.0,-0.013160906385900617,-0.010989010989007397,0.004884004884004867
198777177900700,4.3422215,back,-0.012779430838483208,28.0,2.0,-0.013160906385900617,-0.010989010989007397,0.004884004884004867
198777178969700,4.3432905,back,-0.012779430838483208,28.0,2.0,-0.013160906385900617,-0.010989010989007397,0.004884004884004867
198777179960000,4.3442808,back,-0.012779430838483208,28.0,2.0,-0.013160906385900617,-0.010989010989007397,0.004884004884004867
198777181035700,4.3453565,back,-0.012779430838483208,28.0,2.0,-0.013160906385900617,-0.010989010989007397,0.004884004884004867
198777182104600,4.3464254,back,-0.012779430838483208,28.0,2.0,-0.013160906385900617,-0.010989010989007397,0.004884004884004867
198777183109000,4.3474298,back,-0.012779430838483208,28.0,2.0,-0.013160906385900617,-0.010989010989007397,0.004884004884004867
198777184107600,4.3484284,back,-0.012779430838483208,28.0,2.0,-0.013160906385900617,-0.010989010989007397,0.004884004884004867
198777185179500,4.3495003,back,-0.012779430838483208,28.0,2.0,-0.013160906385900617,-0.010989010989007397,0.004884004884004867
198777186464900,4.3507857,back,-0.012779430838483208,28.0,2.0,-0.013160906385900617,-0.010989010989007397,0.004884004884004867
198777187333200,4.351654,back,-0.012779430838483208,28.0,2.0,-0.013160906385900617,-0.010989010989007397,0.004884004884004867
198777187935200,4.352256,back,-0.012779430838483208,28.0,2.0,-0.013160906385900617,-0.010989010989007397,0.004884004884004867
198777188977700,4.3532985,back,-0.012779430838483208,28.0,2.0,-0.013160906385900617,-0.010989010989007397,0.004884004884004867
198777190148000,4.3544688,back,-0.012779430838483208,28.0,2.0,-0.013160906385900617,-0.010989010989007397,0.004884004884004867
198777191271600,4.3555924,back,-0.012779430838483208,28.0,2.0,-0.013160906385900617,-0.010989010989007397,0.004884004884004867
198777192268400,4.3565892,back,-0.012779430838483208,28.0,2.0,-0.013160906385900617,-0.010989010989007397,0.004884004884004867
198777192834300,4.3571551,back,-0.012779430838483208,28.0,2.0,-0.013160906385900617,-0.010989010989007397,0.004884004884004867
198777193840400,4.3581612,back,-0.012779430838483208,28.0,2.0,-0.013160906385900617,-0.010989010989007397,0.004884004884004867
198777194902200,4.359223,back,-0.012779430838483208,28.0,2.0,-0.013160906385900617,-0.010989010989007397,0.004884004884004867
198777196013600,4.3603344,back,-0.012779430838483208,28.0,2.0,-0.013160906385900617,-0.010989010989007397,0.004884004884004867
198777197096300,4.3614171,back,-0.012779430838483208,28.0,2.0,-0.013160906385900617,-0.010989010989007397,0.004884004884004867
198777198141100,4.3624619,back,-0.012779430838483208,28.0,2.0,-0.013160906385900617,-0.010989010989007397,0.004884004884004867
198777199166500,4.3634873,back,-0.012779430838483208,28.0,2.0,-0.013160906385900617,-0.010989010989007397,0.004884004884004867
198777200304300,4.3646251,back,-0.012779430838483208,28.0,2.0,-0.013160906385900617,-0.010989010989007397,0.004884004884004867
198777200904000,4.3652248,back,-0.012779430838483208,28.0,2.0,-0.013160906385900617,-0.010989010989007397,0.004884004884004867
198777201986100,4.3663069,back,-0.012779430838483208,28.0,2.0,-0.013160906385900617,-0.010989010989007397,0.004884004884004867
198777203224200,4.367545,back,-0.012779430838483208,28.0,2.0,-0.013160906385900617,-0.010989010989007397,0.004884004884004867
198777204382200,4.368703,back,-0.012779430838483208,28.0,2.0,-0.013160906385900617,-0.010989010989007397,0.004884004884004867
198777205025100,4.3693459,back,-0.012779430838483208,28.0,2.0,-0.013160906385900617,-0.010989010989007397,0.004884004884004867
198777206030300,4.3703511,back,-0.012779430838483208,28.0,2.0,-0.013160906385900617,-0.010989010989007397,0.004884004884004867
198777207084600,4.3714054,back,-0.012779430838483208,28.0,2.0,-0.013160906385900617,-0.010989010989007397,0.004884004884004867
198777208162500,4.3724833,back,-0.012779430838483208,28.0,2.0,-0.013160906385900617,-0.010989010989007397,0.004884004884004867
198777209230200,4.373551,back,-0.012779430838483208,28.0,2.0,-0.013160906385900617,-0.010989010989007397,0.004884004884004867
198777209785800,4.3741066,back,-0.012779430838483208,28.0,2.0,-0.013160906385900617,-0.010989010989007397,0.004884004884004867
198777210788100,4.3751089,back,-0.012779430838483208,28.0,2.0,-0.013160906385900617,-0.010989010989007397,0.004884004884004867
198777212405800,4.3767266,back,-0.012779430838483208,28.0,2.0,-0.013160906385900617,-0.010989010989007397,0.004884004884004867
198777212997500,4.3773183,back,-0.012779430838483208,28.0,2.0,-0.013160906385900617,-0.010989010989007397,0.004884004884004867
198777214001300,4.3783221,back,-0.012779430838483208,28.0,2.0,-0.013160906385900617,-0.010989010989007397,0.004884004884004867
198777215076900,4.3793977,back,-0.012779430838483208,28.0,2.0,-0.013160906385900617,-0.010989010989007397,0.004884004884004867
198777216126000,4.3804468,back,-0.012779430838483208,28.0,2.0,-0.013160906385900617,-0.010989010989007397,0.004884004884004867
198777217292200,4.381613,back,-0.012779430838483208,28.0,2.0,-0.013160906385900617,-0.010989010989007397,0.004884004884004867
198777218200300,4.3825211,back,-0.012779430838483208,28.0,2.0,-0.013160906385900617,-0.010989010989007397,0.004884004884004867
198777219201800,4.3835226,back,-0.012779430838483208,28.0,2.0,-0.013160906385900617,-0.010989010989007397,0.004884004884004867
198777220314300,4.3846351,back,-0.012779430838483208,28.0,2.0,-0.013160906385900617,-0.010989010989007397,0.004884004884004867
198777220935700,4.3852565,back,-0.012779430838483208,28.0,2.0,-0.013160906385900617,-0.010989010989007397,0.004884004884004867
198777221938700,4.3862595,back,-0.012779430838483208,28.0,2.0,-0.013160906385900617,-0.010989010989007397,0.004884004884004867
198777223039700,4.3873605,back,-0.012779430838483208,28.0,2.0,-0.013160906385900617,-0.010989010989007397,0.004884004884004867
198777224121200,4.388442,back,-0.012779430838483208,28.0,2.0,-0.013160906385900617,-0.010989010989007397,0.004884004884004867
198777225246600,4.3895674,back,-0.012779430838483208,28.0,2.0,-0.013160906385900617,-0.010989010989007397,0.004884004884004867
198777226342900,4.3906637,back,-0.012779430838483208,28.0,2.0,-0.013160906385900617,-0.010989010989007397,0.004884004884004867
198777226915000,4.3912358,back,-0.012779430838483208,28.0,2.0,-0.013160906385900617,-0.010989010989007397,0.004884004884004867
198777227917800,4.3922386,back,-0.012779430838483208,28.0,2.0,-0.013160906385900617,-0.010989010989007397,0.004884004884004867
198777229018300,4.3933391,back,-0.012779430838483208,28.0,2.0,-0.013160906385900617,-0.010989010989007397,0.004884004884004867
198777230185300,4.3945061,back,-0.012779430838483208,28.0,2.0,-0.013160906385900617,-0.010989010989007397,0.004884004884004867
198777231282000,4.3956028,back,-0.012779430838483208,28.0,2.0,-0.013160906385900617,-0.010989010989007397,0.004884004884004867
198777231877000,4.3961978,back,-0.012779430838483208,28.0,2.0,-0.013160906385900617,-0.010989010989007397,0.004884004884004867
198777232945600,4.3972664,back,-0.012779430838483208,28.0,2.0,-0.013160906385900617,-0.010989010989007397,0.004884004884004867
198777233882700,4.3982035,back,-0.012779430838483208,28.0,2.0,-0.012779430838483208,-0.010989010989007397,0.0146520146520146
198777234889700,4.3992105,back,-0.012779430838483208,28.0,2.0,-0.012779430838483208,-0.010989010989007397,0.0146520146520146
198777235908900,4.4002297,back,-0.012779430838483208,28.0,2.0,-0.012779430838483208,-0.010989010989007397,0.0146520146520146
198777236958800,4.4012796,back,-0.012779430838483208,28.0,2.0,-0.012779430838483208,-0.010989010989007397,0.0146520146520146
198777238011800,4.4023326,back,-0.012779430838483208,28.0,2.0,-0.012779430838483208,-0.010989010989007397,0.0146520146520146
198777239063100,4.4033839,back,-0.012779430838483208,28.0,2.0,-0.012779430838483208,-0.010989010989007397,0.0146520146520146
198777240117300,4.4044381,back,-0.012779430838483208,28.0,2.0,-0.012779430838483208,-0.010989010989007397,0.0146520146520146
198777241217100,4.4055379,back,-0.012779430838483208,28.0,2.0,-0.012779430838483208,-0.010989010989007397,0.0146520146520146
198777242291100,4.4066119,back,-0.012779430838483208,28.0,2.0,-0.012779430838483208,-0.010989010989007397,0.0146520146520146
198777242887300,4.4072081,back,-0.012779430838483208,28.0,2.0,-0.012779430838483208,-0.010989010989007397,0.0146520146520146
198777243988600,4.4083094,back,-0.012779430838483208,28.0,2.0,-0.012779430838483208,-0.010989010989007397,0.0146520146520146
198777244976400,4.4092972,back,-0.012779430838483208,28.0,2.0,-0.012779430838483208,-0.010989010989007397,0.0146520146520146
198777246033600,4.4103544,back,-0.012779430838483208,28.0,2.0,-0.012779430838483208,-0.010989010989007397,0.0146520146520146
198777247094400,4.4114152,back,-0.012779430838483208,28.0,2.0,-0.012779430838483208,-0.010989010989007397,0.0146520146520146
198777248190500,4.4125113,back,-0.012779430838483208,28.0,2.0,-0.012779430838483208,-0.010989010989007397,0.0146520146520146
198777249344500,4.4136653,back,-0.012779430838483208,28.0,2.0,-0.012779430838483208,-0.010989010989007397,0.0146520146520146
198777249915000,4.4142358,back,-0.012779430838483208,28.0,2.0,-0.012779430838483208,-0.010989010989007397,0.0146520146520146
198777250945500,4.4152663,back,-0.012779430838483208,28.0,2.0,-0.012779430838483208,-0.010989010989007397,0.0146520146520146
198777252045500,4.4163663,back,-0.012779430838483208,28.0,2.0,-0.012779430838483208,-0.010989010989007397,0.0146520146520146
198777253120800,4.4174416,back,-0.012779430838483208,28.0,2.0,-0.012779430838483208,-0.010989010989007397,0.0146520146520146
198777254193000,4.4185138,back,-0.012779430838483208,28.0,2.0,-0.012779430838483208,-0.010989010989007397,0.0146520146520146
198777255344200,4.419665,back,-0.012779430838483208,28.0,2.0,-0.012779430838483208,-0.010989010989007397,0.0146520146520146
198777255950400,4.4202712,back,-0.012779430838483208,28.0,2.0,-0.012779430838483208,-0.010989010989007397,0.0146520146520146
198777256955700,4.4212765,back,-0.012779430838483208,28.0,2.0,-0.012779430838483208,-0.010989010989007397,0.0146520146520146
198777257969900,4.4222907,back,-0.012779430838483208,28.0,2.0,-0.012779430838483208,-0.010989010989007397,0.0146520146520146
198777259060500,4.4233813,back,-0.012779430838483208,28.0,2.0,-0.012779430838483208,-0.010989010989007397,0.0146520146520146
198777260234700,4.4245555,back,-0.012779430838483208,28.0,2.0,-0.012779430838483208,-0.010989010989007397,0.0146520146520146
198777261370800,4.4256916,back,-0.012779430838483208,28.0,2.0,-0.012779430838483208,-0.010989010989007397,0.0146520146520146
198777261964800,4.4262856,back,-0.012779430838483208,28.0,2.0,-0.012779430838483208,-0.010989010989007397,0.0146520146520146
198777263018800,4.4273396,back,-0.012779430838483208,28.0,2.0,-0.012779430838483208,-0.010989010989007397,0.0146520146520146
198777264152500,4.4284733,back,-0.012779430838483208,28.0,2.0,-0.012779430838483208,-0.010989010989007397,0.0146520146520146
198777265365700,4.4296865,back,-0.012779430838483208,28.0,2.0,-0.012779430838483208,-0.010989010989007397,0.0146520146520146
198777265941100,4.4302619,back,-0.012779430838483208,28.0,2.0,-0.012779430838483208,-0.010989010989007397,0.0146520146520146
198777266943200,4.431264,back,-0.012779430838483208,28.0,2.0,-0.012779430838483208,-0.010989010989007397,0.0146520146520146
198777268022200,4.432343,back,-0.012779430838483208,28.0,2.0,-0.012779430838483208,-0.010989010989007397,0.0146520146520146
198777269123800,4.4334446,back,-0.012779430838483208,28.0,2.0,-0.012779430838483208,-0.010989010989007397,0.0146520146520146
198777270199100,4.4345199,back,-0.012779430838483208,28.0,2.0,-0.012779430838483208,-0.010989010989007397,0.0146520146520146
198777271283500,4.4356043,back,-0.012779430838483208,28.0,2.0,-0.012779430838483208,-0.010989010989007397,0.0146520146520146
198777271877800,4.4361986,back,-0.012779430838483208,28.0,2.0,-0.012779430838483208,-0.010989010989007397,0.0146520146520146
198777272899600,4.4372204,back,-0.012779430838483208,28.0,2.0,-0.012779430838483208,-0.010989010989007397,0.0146520146520146
198777273974600,4.4382954,back,-0.012779430838483208,28.0,2.0,-0.012779430838483208,-0.010989010989007397,0.0146520146520146
198777275049300,4.4393701,back,-0.012779430838483208,28.0,2.0,-0.012779430838483208,-0.010989010989007397,0.0146520146520146
198777276118500,4.4404393,back,-0.012779430838483208,28.0,2.0,-0.012779430838483208,-0.010989010989007397,0.0146520146520146
198777277138300,4.4414591,back,-0.012779430838483208,28.0,2.0,-0.012779430838483208,-0.010989010989007397,0.0146520146520146
198777278164800,4.4424856,back,-0.012779430838483208,28.0,2.0,-0.012779430838483208,-0.010989010989007397,0.0146520146520146
198777279350800,4.4436716,back,-0.012779430838483208,28.0,2.0,-0.012779430838483208,-0.010989010989007397,0.0146520146520146
198777280584800,4.4449056,back,-0.012779430838483208,28.0,2.0,-0.012779430838483208,-0.010989010989007397,0.0146520146520146
198777281237100,4.4455579,back,-0.012779430838483208,28.0,2.0,-0.012779430838483208,-0.010989010989007397,0.0146520146520146
198777282201200,4.446522,back,-0.012779430838483208,28.0,2.0,-0.012779430838483208,-0.010989010989007397,0.0146520146520146
198777283288100,4.4476089,back,-0.012779430838483208,28.0,2.0,-0.012779430838483208,-0.010989010989007397,0.0146520146520146
198777284422200,4.448743,back,-0.012779430838483208,28.0,2.0,-0.012779430838483208,-0.010989010989007397,0.0146520146520146
198777285019500,4.4493403,back,-0.012779430838483208,28.0,2.0,-0.012779430838483208,-0.010989010989007397,0.0146520146520146
198777286041000,4.4503618,back,-0.012779430838483208,28.0,2.0,-0.012779430838483208,-0.010989010989007397,0.0146520146520146
198777287148600,4.4514694,back,-0.012779430838483208,28.0,2.0,-0.012779430838483208,-0.010989010989007397,0.0146520146520146
198777288260400,4.4525812,back,-0.012779430838483208,28.0,2.0,-0.012779430838483208,-0.010989010989007397,0.0146520146520146
198777288762800,4.4530836,back,-0.012779430838483208,28.0,2.0,-0.012779430838483208,-0.010989010989007397,0.0146520146520146
198777289905100,4.4542259,back,-0.012779430838483208,28.0,2.0,-0.012779430838483208,-0.010989010989007397,0.0146520146520146
198777290891600,4.4552124,back,-0.012779430838483208,28.0,2.0,-0.012779430838483208,-0.010989010989007397,0.0146520146520146
198777291939500,4.4562603,back,-0.012779430838483208,28.0,2.0,-0.012779430838483208,-0.010989010989007397,0.0146520146520146
198777293020200,4.457341,back,-0.012779430838483208,28.0,2.0,-0.012779430838483208,-0.010989010989007397,0.0146520146520146
198777294065500,4.4583863,back,-0.012779430838483208,28.0,2.0,-0.012779430838483208,-0.010989010989007397,0.0146520146520146
198777295197500,4.4595183,back,-0.012779430838483208,28.0,2.0,-0.012779430838483208,-0.010989010989007397,0.0146520146520146
198777296286900,4.4606077,back,-0.012779430838483208,28.0,2.0,-0.012779430838483208,-0.010989010989007397,0.0146520146520146
198777297296600,4.4616174,back,-0.012779430838483208,28.0,2.0,-0.012779430838483208,-0.010989010989007397,0.0146520146520146
198777297798300,4.4621191,back,-0.012779430838483208,28.0,2.0,-0.012779430838483208,-0.010989010989007397,0.0146520146520146
198777298802800,4.4631236,back,-0.012779430838483208,28.0,2.0,-0.012779430838483208,-0.010989010989007397,0.0146520146520146
198777299940600,4.4642614,back,-0.012779430838483208,28.0,2.0,-0.012779430838483208,-0.010989010989007397,0.0146520146520146
198777301058700,4.4653795,back,-0.012779430838483208,28.0,2.0,-0.012779430838483208,-0.010989010989007397,0.0146520146520146
198777302161000,4.4664818,back,-0.012779430838483208,28.0,2.0,-0.012779430838483208,-0.010989010989007397,0.0146520146520146
198777303331800,4.4676526,back,-0.012779430838483208,28.0,2.0,-0.012779430838483208,-0.010989010989007397,0.0146520146520146
198777303824700,4.4681455,back,-0.012779430838483208,28.0,2.0,-0.012779430838483208,-0.010989010989007397,0.0146520146520146
198777304824900,4.4691457,back,-0.012779430838483208,28.0,2.0,-0.012779430838483208,-0.010989010989007397,0.0146520146520146
198777305833400,4.4701542,back,-0.012779430838483208,28.0,2.0,-0.012779430838483208,-0.010989010989007397,0.0146520146520146
198777306833800,4.4711546,back,-0.012779430838483208,28.0,2.0,-0.012779430838483208,-0.010989010989007397,0.0146520146520146
198777307893100,4.4722139,back,-0.012779430838483208,28.0,2.0,-0.012779430838483208,-0.010989010989007397,0.0146520146520146
198777309031500,4.4733523,back,-0.012779430838483208,28.0,2.0,-0.012779430838483208,-0.010989010989007397,0.0146520146520146
198777310131100,4.4744519,back,-0.012779430838483208,28.0,2.0,-0.012779430838483208,-0.010989010989007397,0.0146520146520146
198777311384800,4.4757056,back,-0.012779430838483208,28.0,2.0,-0.012779430838483208,-0.010989010989007397,0.0146520146520146
198777312203100,4.4765239,back,-0.012779430838483208,28.0,2.0,-0.012779430838483208,-0.010989010989007397,0.0146520146520146
198777313209000,4.4775298,back,-0.012779430838483208,28.0,2.0,-0.012779430838483208,-0.010989010989007397,0.0146520146520146
198777313813200,4.478134,back,-0.012779430838483208,28.0,2.0,-0.012779430838483208,-0.010989010989007397,0.0146520146520146
198777314897100,4.4792179,back,-0.012779430838483208,28.0,2.0,-0.012779430838483208,-0.010989010989007397,0.0146520146520146
198777315952400,4.4802732,back,-0.012779430838483208,28.0,2.0,-0.012779430838483208,-0.010989010989007397,0.0146520146520146
198777316985200,4.481306,back,-0.012779430838483208,28.0,2.0,-0.012779430838483208,-0.010989010989007397,0.0146520146520146
198777318034300,4.4823551,back,-0.012779430838483208,28.0,2.0,-0.012779430838483208,-0.010989010989007397,0.0146520146520146
198777319091700,4.4834125,back,-0.012779430838483208,28.0,2.0,-0.012779430838483208,-0.010989010989007397,0.0146520146520146
198777320165100,4.4844859,back,-0.012779430838483208,28.0,2.0,-0.012779430838483208,-0.010989010989007397,0.0146520146520146
198777321220500,4.4855413,back,-0.012779430838483208,28.0,2.0,-0.012779430838483208,-0.010989010989007397,0.0146520146520146
198777322353500,4.4866743,back,-0.012779430838483208,28.0,2.0,-0.012779430838483208,-0.010989010989007397,0.0146520146520146
198777322954200,4.487275,back,-0.012779430838483208,28.0,2.0,-0.012779430838483208,-0.010989010989007397,0.0146520146520146
198777324038200,4.488359,back,-0.012779430838483208,28.0,2.0,-0.012779430838483208,-0.010989010989007397,0.0146520146520146
198777325088900,4.4894097,back,-0.012779430838483208,28.0,2.0,-0.012779430838483208,-0.010989010989007397,0.0146520146520146
198777326194400,4.4905152,back,-0.012779430838483208,28.0,2.0,-0.012779430838483208,-0.010989010989007397,0.0146520146520146
198777327333100,4.4916539,back,-0.012779430838483208,28.0,2.0,-0.012779430838483208,-0.010989010989007397,0.0146520146520146
198777328522100,4.4928429,back,-0.012779430838483208,28.0,2.0,-0.012779430838483208,-0.010989010989007397,0.0146520146520146
198777329121100,4.4934419,back,-0.012779430838483208,28.0,2.0,-0.012779430838483208,-0.010989010989007397,0.0146520146520146
198777330142400,4.4944632,back,-0.012779430838483208,28.0,2.0,-0.012779430838483208,-0.010989010989007397,0.0146520146520146
198777331259100,4.4955799,back,-0.012779430838483208,28.0,2.0,-0.012779430838483208,-0.010989010989007397,0.0146520146520146
198777332376700,4.4966975,back,-0.012779430838483208,28.0,2.0,-0.012779430838483208,-0.010989010989007397,0.0146520146520146
198777332937500,4.4972583,back,-0.012779430838483208,28.0,2.0,-0.012779430838483208,-0.010989010989007397,0.0146520146520146
198777333939700,4.4982605,back,-0.012779430838483208,28.0,2.0,-0.012779430838483208,-0.010989010989007397,0.0146520146520146
198777335003900,4.4993247,back,-0.012779430838483208,28.0,2.0,-0.012779430838483208,-0.010989010989007397,0.0146520146520146
198777336089600,4.5004104,back,-0.012779430838483208,28.0,2.0,-0.012779430838483208,-0.010989010989007397,0.0146520146520146
198777337134800,4.5014556,back,-0.012779430838483208,28.0,2.0,-0.012779430838483208,-0.010989010989007397,0.0146520146520146
198777338262300,4.5025831,back,-0.012779430838483208,28.0,2.0,-0.012779430838483208,-0.010989010989007397,0.0146520146520146
198777339338300,4.5036591,back,-0.012779430838483208,28.0,2.0,-0.012779430838483208,-0.010989010989007397,0.0146520146520146
198777339945800,4.5042666,back,-0.012779430838483208,28.0,2.0,-0.012779430838483208,-0.010989010989007397,0.0146520146520146
198777340948900,4.5052697,back,-0.012779430838483208,28.0,2.0,-0.012779430838483208,-0.010989010989007397,0.0146520146520146
198777342012900,4.5063337,back,-0.012779430838483208,28.0,2.0,-0.012779430838483208,-0.010989010989007397,0.0146520146520146
198777343204600,4.5075254,back,-0.012779430838483208,28.0,2.0,-0.012779430838483208,-0.010989010989007397,0.0146520146520146
198777344134400,4.5084552,back,-0.012779430838483208,28.0,2.0,-0.012779430838483208,-0.010989010989007397,0.004884004884004867
198777345148700,4.5094695,back,-0.012779430838483208,28.0,2.0,-0.012779430838483208,-0.010989010989007397,0.004884004884004867
198777346185300,4.5105061,back,-0.012779430838483208,28.0,2.0,-0.012779430838483208,-0.010989010989007397,0.004884004884004867
198777347270200,4.511591,back,-0.012779430838483208,28.0,2.0,-0.012779430838483208,-0.010989010989007397,0.004884004884004867
198777348423800,4.5127446,back,-0.012779430838483208,28.0,2.0,-0.012779430838483208,-0.010989010989007397,0.004884004884004867
198777349030200,4.513351,back,-0.012779430838483208,28.0,2.0,-0.012779430838483208,-0.010989010989007397,0.004884004884004867
198777350041900,4.5143627,back,-0.012779430838483208,28.0,2.0,-0.012779430838483208,-0.010989010989007397,0.004884004884004867
198777351293800,4.5156146,back,-0.012779430838483208,28.0,2.0,-0.012779430838483208,-0.010989010989007397,0.004884004884004867
198777352187100,4.5165079,back,-0.012779430838483208,28.0,2.0,-0.012779430838483208,-0.010989010989007397,0.004884004884004867
198777353303300,4.5176241,back,-0.012779430838483208,28.0,2.0,-0.012779430838483208,-0.010989010989007397,0.004884004884004867
198777354458200,4.518779,back,-0.012779430838483208,28.0,2.0,-0.012779430838483208,-0.010989010989007397,0.004884004884004867
198777355037300,4.5193581,back,-0.012779430838483208,28.0,2.0,-0.012779430838483208,-0.010989010989007397,0.004884004884004867
198777356043100,4.5203639,back,-0.012779430838483208,28.0,2.0,-0.012779430838483208,-0.010989010989007397,0.004884004884004867
198777357168200,4.521489,back,-0.012779430838483208,28.0,2.0,-0.012779430838483208,-0.010989010989007397,0.004884004884004867
198777358413400,4.5227342,back,-0.012779430838483208,28.0,2.0,-0.012779430838483208,-0.010989010989007397,0.004884004884004867
198777359453500,4.5237743,back,-0.012779430838483208,28.0,2.0,-0.012779430838483208,-0.010989010989007397,0.004884004884004867
198777360045900,4.5243667,back,-0.012779430838483208,28.0,2.0,-0.012779430838483208,-0.010989010989007397,0.004884004884004867
198777361054600,4.5253754,back,-0.012779430838483208,28.0,2.0,-0.012779430838483208,-0.010989010989007397,0.004884004884004867
198777362156000,4.5264768,back,-0.012779430838483208,28.0,2.0,-0.012779430838483208,-0.010989010989007397,0.004884004884004867
198777363278700,4.5275995,back,-0.012779430838483208,28.0,2.0,-0.012779430838483208,-0.010989010989007397,0.004884004884004867
198777364399000,4.5287198,back,-0.012779430838483208,28.0,2.0,-0.012779430838483208,-0.010989010989007397,0.004884004884004867
198777365039000,4.5293598,back,-0.012779430838483208,28.0,2.0,-0.012779430838483208,-0.010989010989007397,0.004884004884004867
198777366038600,4.5303594,back,-0.012779430838483208,28.0,2.0,-0.012779430838483208,-0.010989010989007397,0.004884004884004867
198777367124400,4.5314452,back,-0.012779430838483208,28.0,2.0,-0.012779430838483208,-0.010989010989007397,0.004884004884004867
198777368226000,4.5325468,back,-0.012779430838483208,28.0,2.0,-0.012779430838483208,-0.010989010989007397,0.004884004884004867
198777369290700,4.5336115,back,-0.012779430838483208,28.0,2.0,-0.012779430838483208,-0.010989010989007397,0.004884004884004867
198777370314400,4.5346352,back,-0.012779430838483208,28.0,2.0,-0.012779430838483208,-0.010989010989007397,0.004884004884004867
198777370913300,4.5352341,back,-0.012779430838483208,28.0,2.0,-0.012779430838483208,-0.010989010989007397,0.004884004884004867
198777371936500,4.5362573,back,-0.012779430838483208,28.0,2.0,-0.012779430838483208,-0.010989010989007397,0.004884004884004867
198777373048400,4.5373692,back,-0.012779430838483208,28.0,2.0,-0.012779430838483208,-0.010989010989007397,0.004884004884004867
198777374243200,4.538564,back,-0.012779430838483208,28.0,2.0,-0.012779430838483208,-0.010989010989007397,0.004884004884004867
198777374833400,4.5391542,back,-0.012779430838483208,28.0,2.0,-0.012779430838483208,-0.010989010989007397,0.004884004884004867
198777375833000,4.5401538,back,-0.012779430838483208,28.0,2.0,-0.012779430838483208,-0.010989010989007397,0.004884004884004867
198777376924400,4.5412452,back,-0.012779430838483208,28.0,2.0,-0.012779430838483208,-0.010989010989007397,0.004884004884004867
198777378057400,4.5423782,back,-0.012779430838483208,28.0,2.0,-0.012779430838483208,-0.010989010989007397,0.004884004884004867
198777379181000,4.5435018,back,-0.012779430838483208,28.0,2.0,-0.012779430838483208,-0.010989010989007397,0.004884004884004867
198777380280100,4.5446009,back,-0.012779430838483208,28.0,2.0,-0.012779430838483208,-0.010989010989007397,0.004884004884004867
198777381391900,4.5457127,back,-0.012779430838483208,28.0,2.0,-0.012779430838483208,-0.010989010989007397,0.004884004884004867
198777381992800,4.5463136,back,-0.012779430838483208,28.0,2.0,-0.012779430838483208,-0.010989010989007397,0.004884004884004867
198777382995000,4.5473158,back,-0.012779430838483208,28.0,2.0,-0.012779430838483208,-0.010989010989007397,0.004884004884004867
198777384113600,4.5484344,back,-0.012779430838483208,28.0,2.0,-0.012779430838483208,-0.010989010989007397,0.004884004884004867
198777385204200,4.549525,back,-0.012779430838483208,28.0,2.0,-0.012779430838483208,-0.010989010989007397,0.004884004884004867
198777386289200,4.55061,back,-0.012779430838483208,28.0,2.0,-0.012779430838483208,-0.010989010989007397,0.004884004884004867
198777387404700,4.5517255,back,-0.012779430838483208,28.0,2.0,-0.012779430838483208,-0.010989010989007397,0.004884004884004867
198777388005600,4.5523264,back,-0.012779430838483208,28.0,2.0,-0.012779430838483208,-0.010989010989007397,0.004884004884004867
198777389027200,4.553348,back,-0.012779430838483208,28.0,2.0,-0.012779430838483208,-0.010989010989007397,0.004884004884004867
198777390294700,4.5546155,back,-0.012779430838483208,28.0,2.0,-0.012779430838483208,-0.010989010989007397,0.004884004884004867
198777391282800,4.5556036,back,-0.012779430838483208,28.0,2.0,-0.012779430838483208,-0.010989010989007397,0.004884004884004867
198777392290500,4.5566113,back,-0.012779430838483208,28.0,2.0,-0.012779430838483208,-0.010989010989007397,0.004884004884004867
198777393422200,4.557743,back,-0.012779430838483208,28.0,2.0,-0.012779430838483208,-0.010989010989007397,0.004884004884004867
198777394023500,4.5583443,back,-0.012779430838483208,28.0,2.0,-0.012779430838483208,-0.010989010989007397,0.004884004884004867
198777395025800,4.5593466,back,-0.012779430838483208,28.0,2.0,-0.012779430838483208,-0.010989010989007397,0.004884004884004867
198777396103600,4.5604244,back,-0.012779430838483208,28.0,2.0,-0.012779430838483208,-0.010989010989007397,0.004884004884004867
198777397151900,4.5614727,back,-0.012779430838483208,28.0,2.0,-0.012779430838483208,-0.010989010989007397,0.004884004884004867
198777398334400,4.5626552,back,-0.012779430838483208,28.0,2.0,-0.012779430838483208,-0.010989010989007397,0.004884004884004867
198777399382000,4.5637028,back,-0.012779430838483208,28.0,2.0,-0.012779430838483208,-0.010989010989007397,0.004884004884004867
198777399937600,4.5642584,back,-0.012779430838483208,28.0,2.0,-0.012779430838483208,-0.010989010989007397,0.004884004884004867
198777400959400,4.5652802,back,-0.012779430838483208,28.0,2.0,-0.012779430838483208,-0.010989010989007397,0.004884004884004867
198777402019800,4.5663406,back,-0.012779430838483208,28.0,2.0,-0.012779430838483208,-0.010989010989007397,0.004884004884004867
198777403093000,4.5674138,back,-0.012779430838483208,28.0,2.0,-0.012779430838483208,-0.010989010989007397,0.004884004884004867
198777404223800,4.5685446,back,-0.012779430838483208,28.0,2.0,-0.012779430838483208,-0.010989010989007397,0.004884004884004867
198777405443000,4.5697638,back,-0.012779430838483208,28.0,2.0,-0.012779430838483208,-0.010989010989007397,0.004884004884004867
198777405927800,4.5702486,back,-0.012779430838483208,28.0,2.0,-0.012779430838483208,-0.010989010989007397,0.004884004884004867
198777406928400,4.5712492,back,-0.012779430838483208,28.0,2.0,-0.012779430838483208,-0.010989010989007397,0.004884004884004867
198777407997800,4.5723186,back,-0.012779430838483208,28.0,2.0,-0.012779430838483208,-0.010989010989007397,0.004884004884004867
198777409095100,4.5734159,back,-0.012779430838483208,28.0,2.0,-0.012779430838483208,-0.010989010989007397,0.004884004884004867
198777410181100,4.5745019,back,-0.012779430838483208,28.0,2.0,-0.012779430838483208,-0.010989010989007397,0.004884004884004867
198777411274400,4.5755952,back,-0.012779430838483208,28.0,2.0,-0.012779430838483208,-0.010989010989007397,0.004884004884004867
198777412447700,4.5767685,back,-0.012779430838483208,28.0,2.0,-0.012779430838483208,-0.010989010989007397,0.004884004884004867
198777413043400,4.5773642,back,-0.012779430838483208,28.0,2.0,-0.012779430838483208,-0.010989010989007397,0.004884004884004867
198777414123300,4.5784441,back,-0.012779430838483208,28.0,2.0,-0.012779430838483208,-0.010989010989007397,0.004884004884004867
198777415185400,4.5795062,back,-0.012779430838483208,28.0,2.0,-0.012779430838483208,-0.010989010989007397,0.004884004884004867
198777416255900,4.5805767,back,-0.012779430838483208,28.0,2.0,-0.012779430838483208,-0.010989010989007397,0.004884004884004867
198777417390700,4.5817115,back,-0.012779430838483208,28.0,2.0,-0.012779430838483208,-0.010989010989007397,0.004884004884004867
198777418003800,4.5823246,back,-0.012779430838483208,28.0,2.0,-0.012779430838483208,-0.010989010989007397,0.004884004884004867
198777419025500,4.5833463,back,-0.012779430838483208,28.0,2.0,-0.012779430838483208,-0.010989010989007397,0.004884004884004867
198777420199400,4.5845202,back,-0.012779430838483208,28.0,2.0,-0.012779430838483208,-0.010989010989007397,0.004884004884004867
198777421329300,4.5856501,back,-0.012779430838483208,28.0,2.0,-0.012779430838483208,-0.010989010989007397,0.004884004884004867
198777421932000,4.5862528,back,-0.012779430838483208,28.0,2.0,-0.012779430838483208,-0.010989010989007397,0.004884004884004867
198777422953200,4.587274,back,-0.012779430838483208,28.0,2.0,-0.012779430838483208,-0.010989010989007397,0.004884004884004867
198777424072800,4.5883936,back,-0.012779430838483208,28.0,2.0,-0.012779430838483208,-0.010989010989007397,0.004884004884004867
198777425177500,4.5894983,back,-0.012779430838483208,28.0,2.0,-0.012779430838483208,-0.010989010989007397,0.004884004884004867
198777426271800,4.5905926,back,-0.012779430838483208,28.0,2.0,-0.012779430838483208,-0.010989010989007397,0.004884004884004867
198777427417200,4.591738,back,-0.012779430838483208,28.0,2.0,-0.012779430838483208,-0.010989010989007397,0.004884004884004867
198777428017800,4.5923386,back,-0.012779430838483208,28.0,2.0,-0.012779430838483208,-0.010989010989007397,0.004884004884004867
198777429099900,4.5934207,back,-0.012779430838483208,28.0,2.0,-0.012779430838483208,-0.010989010989007397,0.004884004884004867
198777430180800,4.5945016,back,-0.012779430838483208,28.0,2.0,-0.012779430838483208,-0.010989010989007397,0.004884004884004867
198777431284500,4.5956053,back,-0.012779430838483208,28.0,2.0,-0.012779430838483208,-0.010989010989007397,0.004884004884004867
198777432400200,4.596721,back,-0.012779430838483208,28.0,2.0,-0.012779430838483208,-0.010989010989007397,0.004884004884004867
198777432960400,4.5972812,back,-0.012779430838483208,28.0,2.0,-0.012779430838483208,-0.010989010989007397,0.004884004884004867
198777433983100,4.5983039,back,-0.012779430838483208,28.0,2.0,-0.012779430838483208,-0.010989010989007397,0.004884004884004867
198777435087900,4.5994087,back,-0.012779430838483208,28.0,2.0,-0.012779430838483208,-0.010989010989007397,0.004884004884004867
198777436286900,4.6006077,back,-0.012779430838483208,28.0,2.0,-0.012779430838483208,-0.010989010989007397,0.004884004884004867
198777437194300,4.6015151,back,-0.012779430838483208,28.0,2.0,-0.012779430838483208,-0.010989010989007397,0.004884004884004867
198777438191900,4.6025127,back,-0.012779430838483208,28.0,2.0,-0.012779430838483208,-0.010989010989007397,0.004884004884004867
198777439305100,4.6036259,back,-0.012779430838483208,28.0,2.0,-0.012779430838483208,-0.010989010989007397,0.004884004884004867
198777439895500,4.6042163,back,-0.012779430838483208,28.0,2.0,-0.012779430838483208,-0.010989010989007397,0.004884004884004867
198777440897000,4.6052178,back,-0.012779430838483208,28.0,2.0,-0.012779430838483208,-0.010989010989007397,0.004884004884004867
198777442004500,4.6063253,back,-0.012779430838483208,28.0,2.0,-0.012779430838483208,-0.010989010989007397,0.004884004884004867
198777443093900,4.6074147,back,-0.012779430838483208,28.0,2.0,-0.012779430838483208,-0.010989010989007397,0.004884004884004867
198777444177000,4.6084978,back,-0.012779430838483208,28.0,2.0,-0.012779430838483208,-0.010989010989007397,0.004884004884004867
198777445647100,4.6099679,back,-0.012779430838483208,28.0,2.0,-0.012779430838483208,-0.010989010989007397,0.004884004884004867
198777446264800,4.6105856,back,-0.012779430838483208,28.0,2.0,-0.012779430838483208,-0.010989010989007397,0.004884004884004867
198777446840400,4.6111612,back,-0.012779430838483208,28.0,2.0,-0.012779430838483208,-0.010989010989007397,0.004884004884004867
198777447840900,4.6121617,back,-0.012779430838483208,28.0,2.0,-0.012779430838483208,-0.010989010989007397,0.004884004884004867
198777448925000,4.6132458,back,-0.012779430838483208,28.0,2.0,-0.012779430838483208,-0.010989010989007397,0.004884004884004867
198777450053900,4.6143747,back,-0.012779430838483208,28.0,2.0,-0.012779430838483208,-0.010989010989007397,0.004884004884004867
198777451206200,4.615527,back,-0.012779430838483208,28.0,2.0,-0.012779430838483208,-0.010989010989007397,0.004884004884004867
198777452423600,4.6167444,back,-0.012779430838483208,28.0,2.0,-0.012779430838483208,-0.010989010989007397,0.004884004884004867
198777453308000,4.6176288,back,-0.012779430838483208,28.0,2.0,-0.013160906385900617,-0.010989010989007397,0.004884004884004867
198777453910100,4.6182309,back,-0.012779430838483208,28.0,2.0,-0.013160906385900617,-0.010989010989007397,0.004884004884004867
198777454932500,4.6192533,back,-0.012779430838483208,28.0,2.0,-0.013160906385900617,-0.010989010989007397,0.004884004884004867
198777456028400,4.6203492,back,-0.012779430838483208,28.0,2.0,-0.013160906385900617,-0.010989010989007397,0.004884004884004867
198777457116400,4.6214372,back,-0.012779430838483208,28.0,2.0,-0.013160906385900617,-0.010989010989007397,0.004884004884004867
198777458221500,4.6225423,back,-0.012779430838483208,28.0,2.0,-0.013160906385900617,-0.010989010989007397,0.004884004884004867
198777459349200,4.62367,back,-0.012779430838483208,28.0,2.0,-0.013160906385900617,-0.010989010989007397,0.004884004884004867
198777459978900,4.6242997,back,-0.012779430838483208,28.0,2.0,-0.013160906385900617,-0.010989010989007397,0.004884004884004867
198777460999900,4.6253207,back,-0.012779430838483208,28.0,2.0,-0.013160906385900617,-0.010989010989007397,0.004884004884004867
198777462067700,4.6263885,back,-0.012779430838483208,28.0,2.0,-0.013160906385900617,-0.010989010989007397,0.004884004884004867
198777463134900,4.6274557,back,-0.012779430838483208,28.0,2.0,-0.013160906385900617,-0.010989010989007397,0.004884004884004867
198777464214500,4.6285353,back,-0.012779430838483208,28.0,2.0,-0.013160906385900617,-0.010989010989007397,0.004884004884004867
198777465320300,4.6296411,back,-0.012779430838483208,28.0,2.0,-0.013160906385900617,-0.010989010989007397,0.004884004884004867
198777465945300,4.6302661,back,-0.012779430838483208,28.0,2.0,-0.013160906385900617,-0.010989010989007397,0.004884004884004867
198777466949300,4.6312701,back,-0.012779430838483208,28.0,2.0,-0.013160906385900617,-0.010989010989007397,0.004884004884004867
198777468201500,4.6325223,back,-0.012779430838483208,28.0,2.0,-0.013160906385900617,-0.010989010989007397,0.004884004884004867
198777469252400,4.6335732,back,-0.012779430838483208,28.0,2.0,-0.013160906385900617,-0.010989010989007397,0.004884004884004867
198777470367500,4.6346883,back,-0.012779430838483208,28.0,2.0,-0.013160906385900617,-0.010989010989007397,0.004884004884004867
198777470973800,4.6352946,back,-0.012779430838483208,28.0,2.0,-0.013160906385900617,-0.010989010989007397,0.004884004884004867
198777471975100,4.6362959,back,-0.012779430838483208,28.0,2.0,-0.013160906385900617,-0.010989010989007397,0.004884004884004867
198777473048000,4.6373688,back,-0.012779430838483208,28.0,2.0,-0.013160906385900617,-0.010989010989007397,0.004884004884004867
198777474051700,4.6383725,back,-0.012779430838483208,28.0,2.0,-0.013160906385900617,-0.010989010989007397,0.004884004884004867
198777475053900,4.6393747,back,-0.012779430838483208,28.0,2.0,-0.013160906385900617,-0.010989010989007397,0.004884004884004867
198777476241300,4.6405621,back,-0.012779430838483208,28.0,2.0,-0.013160906385900617,-0.010989010989007397,0.004884004884004867
198777477278200,4.641599,back,-0.012779430838483208,28.0,2.0,-0.013160906385900617,-0.010989010989007397,0.004884004884004867
198777478382700,4.6427035,back,-0.012779430838483208,28.0,2.0,-0.013160906385900617,-0.010989010989007397,0.004884004884004867
198777478971800,4.6432926,back,-0.012779430838483208,28.0,2.0,-0.013160906385900617,-0.010989010989007397,0.004884004884004867
198777479974600,4.6442954,back,-0.012779430838483208,28.0,2.0,-0.013160906385900617,-0.010989010989007397,0.004884004884004867
198777481060300,4.6453811,back,-0.012779430838483208,28.0,2.0,-0.013160906385900617,-0.010989010989007397,0.004884004884004867
198777482127400,4.6464482,back,-0.012779430838483208,28.0,2.0,-0.013160906385900617,-0.010989010989007397,0.004884004884004867
198777483348600,4.6476694,back,-0.012779430838483208,28.0,2.0,-0.013160906385900617,-0.010989010989007397,0.004884004884004867
198777484688000,4.6490088,back,-0.012779430838483208,28.0,2.0,-0.013160906385900617,-0.010989010989007397,0.004884004884004867
198777484799500,4.6491203,back,-0.012779430838483208,28.0,2.0,-0.013160906385900617,-0.010989010989007397,0.004884004884004867
198777486439700,4.6507605,back,-0.012779430838483208,28.0,2.0,-0.013160906385900617,-0.010989010989007397,0.004884004884004867
198777487028000,4.6513488,back,-0.012779430838483208,28.0,2.0,-0.013160906385900617,-0.010989010989007397,0.004884004884004867
198777488029200,4.65235,back,-0.012779430838483208,28.0,2.0,-0.013160906385900617,-0.010989010989007397,0.004884004884004867
198777489144000,4.6534648,back,-0.012779430838483208,28.0,2.0,-0.013160906385900617,-0.010989010989007397,0.004884004884004867
198777490229400,4.6545502,back,-0.012779430838483208,28.0,2.0,-0.013160906385900617,-0.010989010989007397,0.004884004884004867
198777491297100,4.6556179,back,-0.012779430838483208,28.0,2.0,-0.013160906385900617,-0.010989010989007397,0.004884004884004867
198777491912800,4.6562336,back,-0.012779430838483208,28.0,2.0,-0.013160906385900617,-0.010989010989007397,0.004884004884004867
198777492914800,4.6572356,back,-0.012779430838483208,28.0,2.0,-0.013160906385900617,-0.010989010989007397,0.004884004884004867
198777493998200,4.658319,back,-0.012779430838483208,28.0,2.0,-0.013160906385900617,-0.010989010989007397,0.004884004884004867
198777495084800,4.6594056,back,-0.012779430838483208,28.0,2.0,-0.013160906385900617,-0.010989010989007397,0.004884004884004867
198777496225700,4.6605465,back,-0.012779430838483208,28.0,2.0,-0.013160906385900617,-0.010989010989007397,0.004884004884004867
198777497286700,4.6616075,back,-0.012779430838483208,28.0,2.0,-0.013160906385900617,-0.010989010989007397,0.004884004884004867
198777498474000,4.6627948,back,-0.012779430838483208,28.0,2.0,-0.013160906385900617,-0.010989010989007397,0.004884004884004867
198777499078900,4.6633997,back,-0.012779430838483208,28.0,2.0,-0.013160906385900617,-0.010989010989007397,0.004884004884004867
198777500088000,4.6644088,back,-0.012779430838483208,28.0,2.0,-0.013160906385900617,-0.010989010989007397,0.004884004884004867
198777501200300,4.6655211,back,-0.012779430838483208,28.0,2.0,-0.013160906385900617,-0.010989010989007397,0.004884004884004867
198777502294600,4.6666154,back,-0.012779430838483208,28.0,2.0,-0.013160906385900617,-0.010989010989007397,0.004884004884004867
198777502884500,4.6672053,back,-0.012779430838483208,28.0,2.0,-0.013160906385900617,-0.010989010989007397,0.004884004884004867
198777503957800,4.6682786,back,-0.012779430838483208,28.0,2.0,-0.013160906385900617,-0.010989010989007397,0.004884004884004867
198777505018500,4.6693393,back,-0.012779430838483208,28.0,2.0,-0.013160906385900617,-0.010989010989007397,0.004884004884004867
198777506120500,4.6704413,back,-0.012779430838483208,28.0,2.0,-0.013160906385900617,-0.010989010989007397,0.004884004884004867
198777507130400,4.6714512,back,-0.012779430838483208,28.0,2.0,-0.013160906385900617,-0.010989010989007397,0.004884004884004867
198777508223700,4.6725445,back,-0.012779430838483208,28.0,2.0,-0.013160906385900617,-0.010989010989007397,0.004884004884004867
198777509391500,4.6737123,back,-0.012779430838483208,28.0,2.0,-0.013160906385900617,-0.010989010989007397,0.004884004884004867
198777510002600,4.6743234,back,-0.012779430838483208,28.0,2.0,-0.013160906385900617,-0.010989010989007397,0.004884004884004867
198777511004500,4.6753253,back,-0.012779430838483208,28.0,2.0,-0.013160906385900617,-0.010989010989007397,0.004884004884004867
198777512081300,4.6764021,back,-0.012779430838483208,28.0,2.0,-0.013160906385900617,-0.010989010989007397,0.004884004884004867
198777513152100,4.6774729,back,-0.012779430838483208,28.0,2.0,-0.013160906385900617,-0.010989010989007397,0.004884004884004867
198777514355700,4.6786765,back,-0.012779430838483208,28.0,2.0,-0.013160906385900617,-0.010989010989007397,0.004884004884004867
198777515487300,4.6798081,back,-0.012779430838483208,28.0,2.0,-0.013160906385900617,-0.010989010989007397,0.004884004884004867
198777516081900,4.6804027,back,-0.012779430838483208,28.0,2.0,-0.013160906385900617,-0.010989010989007397,0.004884004884004867
198777517074600,4.6813954,back,-0.012779430838483208,28.0,2.0,-0.013160906385900617,-0.010989010989007397,0.004884004884004867
198777518150300,4.6824711,back,-0.012779430838483208,28.0,2.0,-0.013160906385900617,-0.010989010989007397,0.004884004884004867
198777519303900,4.6836247,back,-0.012779430838483208,28.0,2.0,-0.013160906385900617,-0.010989010989007397,0.004884004884004867
198777520441200,4.684762,back,-0.012779430838483208,28.0,2.0,-0.013160906385900617,-0.010989010989007397,0.004884004884004867
198777521033800,4.6853546,back,-0.012779430838483208,28.0,2.0,-0.013160906385900617,-0.010989010989007397,0.004884004884004867
198777522033300,4.6863541,back,-0.012779430838483208,28.0,2.0,-0.013160906385900617,-0.010989010989007397,0.004884004884004867
198777523152400,4.6874732,back,-0.012779430838483208,28.0,2.0,-0.013160906385900617,-0.010989010989007397,0.004884004884004867
198777524207200,4.688528,back,-0.012779430838483208,28.0,2.0,-0.013160906385900617,-0.010989010989007397,0.004884004884004867
198777525262000,4.6895828,back,-0.012779430838483208,28.0,2.0,-0.013160906385900617,-0.010989010989007397,0.004884004884004867
198777526407600,4.6907284,back,-0.012779430838483208,28.0,2.0,-0.013160906385900617,-0.010989010989007397,0.004884004884004867
198777527076700,4.6913975,back,-0.012779430838483208,28.0,2.0,-0.013160906385900617,-0.010989010989007397,0.004884004884004867
198777528084100,4.6924049,back,-0.012779430838483208,28.0,2.0,-0.013160906385900617,-0.010989010989007397,0.004884004884004867
198777529197900,4.6935187,back,-0.012779430838483208,28.0,2.0,-0.013160906385900617,-0.010989010989007397,0.004884004884004867
198777530200200,4.694521,back,-0.012779430838483208,28.0,2.0,-0.013160906385900617,-0.010989010989007397,0.004884004884004867
198777531277800,4.6955986,back,-0.012779430838483208,28.0,2.0,-0.013160906385900617,-0.010989010989007397,0.004884004884004867
198777532411300,4.6967321,back,-0.012779430838483208,28.0,2.0,-0.013160906385900617,-0.010989010989007397,0.004884004884004867
198777533021100,4.6973419,back,-0.012779430838483208,28.0,2.0,-0.013160906385900617,-0.010989010989007397,0.004884004884004867
198777534023900,4.6983447,back,-0.012779430838483208,28.0,2.0,-0.013160906385900617,-0.010989010989007397,0.004884004884004867
198777535111300,4.6994321,back,-0.012779430838483208,28.0,2.0,-0.013160906385900617,-0.010989010989007397,0.004884004884004867
198777536254200,4.700575,back,-0.012779430838483208,28.0,2.0,-0.013160906385900617,-0.010989010989007397,0.004884004884004867
198777537362100,4.7016829,back,-0.012779430838483208,28.0,2.0,-0.013160906385900617,-0.010989010989007397,0.004884004884004867
198777537987300,4.7023081,back,-0.012779430838483208,28.0,2.0,-0.013160906385900617,-0.010989010989007397,0.004884004884004867
198777539009400,4.7033302,back,-0.012779430838483208,28.0,2.0,-0.013160906385900617,-0.010989010989007397,0.004884004884004867
198777540115200,4.704436,back,-0.012779430838483208,28.0,2.0,-0.013160906385900617,-0.010989010989007397,0.004884004884004867
198777541231200,4.705552,back,-0.012779430838483208,28.0,2.0,-0.013160906385900617,-0.010989010989007397,0.004884004884004867
198777542276200,4.706597,back,-0.012779430838483208,28.0,2.0,-0.013160906385900617,-0.010989010989007397,0.004884004884004867
198777543416300,4.7077371,back,-0.012779430838483208,28.0,2.0,-0.013160906385900617,-0.010989010989007397,0.004884004884004867
198777544022400,4.7083432,back,-0.012779430838483208,28.0,2.0,-0.013160906385900617,-0.010989010989007397,0.004884004884004867
198777545138300,4.7094591,back,-0.012779430838483208,28.0,2.0,-0.013160906385900617,-0.010989010989007397,0.004884004884004867
198777546174200,4.710495,back,-0.012779430838483208,28.0,2.0,-0.013160906385900617,-0.010989010989007397,0.004884004884004867
198777547301400,4.7116222,back,-0.012779430838483208,28.0,2.0,-0.013160906385900617,-0.010989010989007397,0.004884004884004867
198777547929400,4.7122502,back,-0.012779430838483208,28.0,2.0,-0.013160906385900617,-0.010989010989007397,0.004884004884004867
198777549002400,4.7133232,back,-0.012779430838483208,28.0,2.0,-0.013160906385900617,-0.010989010989007397,0.004884004884004867
198777550058100,4.7143789,back,-0.012779430838483208,28.0,2.0,-0.013160906385900617,-0.010989010989007397,0.004884004884004867
198777551105300,4.7154261,back,-0.012779430838483208,28.0,2.0,-0.013160906385900617,-0.010989010989007397,0.004884004884004867
198777552126000,4.7164468,back,-0.012779430838483208,28.0,2.0,-0.013160906385900617,-0.010989010989007397,0.004884004884004867
198777553183900,4.7175047,back,-0.012779430838483208,28.0,2.0,-0.013160906385900617,-0.010989010989007397,0.004884004884004867
198777554259900,4.7185807,back,-0.012779430838483208,28.0,2.0,-0.013160906385900617,-0.010989010989007397,0.004884004884004867
198777555413000,4.7197338,back,-0.012779430838483208,28.0,2.0,-0.013160906385900617,-0.010989010989007397,0.004884004884004867
198777556020000,4.7203408,back,-0.012779430838483208,28.0,2.0,-0.013160906385900617,-0.010989010989007397,0.004884004884004867
198777557023600,4.7213444,back,-0.012779430838483208,28.0,2.0,-0.013160906385900617,-0.010989010989007397,0.004884004884004867
198777558068100,4.7223889,back,-0.012779430838483208,28.0,2.0,-0.013160906385900617,-0.010989010989007397,0.004884004884004867
198777559120700,4.7234415,back,-0.012779430838483208,28.0,2.0,-0.013160906385900617,-0.010989010989007397,0.004884004884004867
198777560357800,4.7246786,back,-0.012779430838483208,28.0,2.0,-0.013160906385900617,-0.010989010989007397,0.004884004884004867
198777561455200,4.725776,back,-0.012779430838483208,28.0,2.0,-0.013160906385900617,-0.010989010989007397,-0.004884004884004867
198777562052300,4.7263731,back,-0.012779430838483208,28.0,2.0,-0.013160906385900617,-0.010989010989007397,-0.004884004884004867
198777563074100,4.7273949,back,-0.012779430838483208,28.0,2.0,-0.013160906385900617,-0.010989010989007397,-0.004884004884004867
198777564182300,4.7285031,back,-0.012779430838483208,28.0,2.0,-0.013160906385900617,-0.010989010989007397,-0.004884004884004867
198777565221500,4.7295423,back,-0.012779430838483208,28.0,2.0,-0.013160906385900617,-0.010989010989007397,-0.004884004884004867
198777566359100,4.7306799,back,-0.012779430838483208,28.0,2.0,-0.013160906385900617,-0.010989010989007397,-0.004884004884004867
198777566953000,4.7312738,back,-0.012779430838483208,28.0,2.0,-0.013160906385900617,-0.010989010989007397,-0.004884004884004867
198777567961300,4.7322821,back,-0.012779430838483208,28.0,2.0,-0.013160906385900617,-0.010989010989007397,-0.004884004884004867
198777568988800,4.7333096,back,-0.012779430838483208,28.0,2.0,-0.013160906385900617,-0.010989010989007397,-0.004884004884004867
198777570062600,4.7343834,back,-0.012779430838483208,28.0,2.0,-0.013160906385900617,-0.010989010989007397,-0.004884004884004867
198777571183800,4.7355046,back,-0.012779430838483208,28.0,2.0,-0.013160906385900617,-0.010989010989007397,-0.004884004884004867
198777572169900,4.7364907,back,-0.012779430838483208,28.0,2.0,-0.013160906385900617,-0.010989010989007397,-0.004884004884004867
198777573172400,4.7374932,back,-0.012779430838483208,28.0,2.0,-0.013160906385900617,-0.010989010989007397,-0.004884004884004867
198777574244700,4.7385655,back,-0.012779430838483208,28.0,2.0,-0.013160906385900617,-0.010989010989007397,-0.004884004884004867
198777575436100,4.7397569,back,-0.012779430838483208,28.0,2.0,-0.013160906385900617,-0.010989010989007397,-0.004884004884004867
198777576031100,4.7403519,back,-0.012779430838483208,28.0,2.0,-0.013160906385900617,-0.010989010989007397,-0.004884004884004867
198777577038100,4.7413589,back,-0.012779430838483208,28.0,2.0,-0.013160906385900617,-0.010989010989007397,-0.004884004884004867
198777578207500,4.7425283,back,-0.012779430838483208,28.0,2.0,-0.013160906385900617,-0.010989010989007397,-0.004884004884004867
198777579305300,4.7436261,back,-0.012779430838483208,28.0,2.0,-0.013160906385900617,-0.010989010989007397,-0.004884004884004867
198777579916100,4.7442369,back,-0.012779430838483208,28.0,2.0,-0.013160906385900617,-0.010989010989007397,-0.004884004884004867
198777580958900,4.7452797,back,-0.012779430838483208,28.0,2.0,-0.013160906385900617,-0.010989010989007397,-0.004884004884004867
198777582027500,4.7463483,back,-0.012779430838483208,28.0,2.0,-0.013160906385900617,-0.010989010989007397,-0.004884004884004867
198777583068200,4.747389,back,-0.012779430838483208,28.0,2.0,-0.013160906385900617,-0.010989010989007397,-0.004884004884004867
198777584181000,4.7485018,back,-0.012779430838483208,28.0,2.0,-0.013160906385900617,-0.010989010989007397,-0.004884004884004867
198777585300500,4.7496213,back,-0.012779430838483208,28.0,2.0,-0.013160906385900617,-0.010989010989007397,-0.004884004884004867
198777585894000,4.7502148,back,-0.012779430838483208,28.0,2.0,-0.013160906385900617,-0.010989010989007397,-0.004884004884004867
198777586901800,4.7512226,back,-0.012779430838483208,28.0,2.0,-0.013160906385900617,-0.010989010989007397,-0.004884004884004867
198777587977500,4.7522983,back,-0.012779430838483208,28.0,2.0,-0.013160906385900617,-0.010989010989007397,-0.004884004884004867
198777589062100,4.7533829,back,-0.012779430838483208,28.0,2.0,-0.013160906385900617,-0.010989010989007397,-0.004884004884004867
198777590124900,4.7544457,back,-0.012779430838483208,28.0,2.0,-0.013160906385900617,-0.010989010989007397,-0.004884004884004867
198777591290700,4.7556115,back,-0.012779430838483208,28.0,2.0,-0.013160906385900617,-0.010989010989007397,-0.004884004884004867
198777592503800,4.7568246,back,-0.012779430838483208,28.0,2.0,-0.013160906385900617,-0.010989010989007397,-0.004884004884004867
198777593107100,4.7574279,back,-0.012779430838483208,28.0,2.0,-0.013160906385900617,-0.010989010989007397,-0.004884004884004867
198777594129100,4.7584499,back,-0.012779430838483208,28.0,2.0,-0.013160906385900617,-0.010989010989007397,-0.004884004884004867
198777595210400,4.7595312,back,-0.012779430838483208,28.0,2.0,-0.013160906385900617,-0.010989010989007397,-0.004884004884004867
198777596291300,4.7606121,back,-0.012779430838483208,28.0,2.0,-0.013160906385900617,-0.010989010989007397,-0.004884004884004867
198777596896200,4.761217,back,-0.012779430838483208,28.0,2.0,-0.013160906385900617,-0.010989010989007397,-0.004884004884004867
198777597901500,4.7622223,back,-0.012779430838483208,28.0,2.0,-0.013160906385900617,-0.010989010989007397,-0.004884004884004867
198777598934100,4.7632549,back,-0.012779430838483208,28.0,2.0,-0.013160906385900617,-0.010989010989007397,-0.004884004884004867
198777600043600,4.7643644,back,-0.012779430838483208,28.0,2.0,-0.013160906385900617,-0.010989010989007397,-0.004884004884004867
198777601189400,4.7655102,back,-0.012779430838483208,28.0,2.0,-0.013160906385900617,-0.010989010989007397,-0.004884004884004867
198777602152600,4.7664734,back,-0.012779430838483208,28.0,2.0,-0.013160906385900617,-0.010989010989007397,-0.004884004884004867
198777603222800,4.7675436,back,-0.012779430838483208,28.0,2.0,-0.013160906385900617,-0.010989010989007397,-0.004884004884004867
198777604296300,4.7686171,back,-0.012779430838483208,28.0,2.0,-0.013160906385900617,-0.010989010989007397,-0.004884004884004867
198777605434000,4.7697548,back,-0.012779430838483208,28.0,2.0,-0.013160906385900617,-0.010989010989007397,-0.004884004884004867
198777606031200,4.770352,back,-0.012779430838483208,28.0,2.0,-0.013160906385900617,-0.010989010989007397,-0.004884004884004867
198777607106700,4.7714275,back,-0.012779430838483208,28.0,2.0,-0.013160906385900617,-0.010989010989007397,-0.004884004884004867
198777608416400,4.7727372,back,-0.012779430838483208,28.0,2.0,-0.013160906385900617,-0.010989010989007397,-0.004884004884004867
198777609049400,4.7733702,back,-0.012779430838483208,28.0,2.0,-0.013160906385900617,-0.010989010989007397,-0.004884004884004867
198777610073100,4.7743939,back,-0.012779430838483208,28.0,2.0,-0.013160906385900617,-0.010989010989007397,-0.004884004884004867
198777611212400,4.7755332,back,-0.012779430838483208,28.0,2.0,-0.013160906385900617,-0.010989010989007397,-0.004884004884004867
198777612368000,4.7766888,back,-0.012779430838483208,28.0,2.0,-0.013160906385900617,-0.010989010989007397,-0.004884004884004867
198777612994000,4.7773148,back,-0.012779430838483208,28.0,2.0,-0.013160906385900617,-0.010989010989007397,-0.004884004884004867
198777614000600,4.7783214,back,-0.012779430838483208,28.0,2.0,-0.013160906385900617,-0.010989010989007397,-0.004884004884004867
198777615069700,4.7793905,back,-0.012779430838483208,28.0,2.0,-0.013160906385900617,-0.010989010989007397,-0.004884004884004867
198777616232100,4.7805529,back,-0.012779430838483208,28.0,2.0,-0.013160906385900617,-0.010989010989007397,-0.004884004884004867
198777617463200,4.781784,back,-0.012779430838483208,28.0,2.0,-0.013160906385900617,-0.010989010989007397,-0.004884004884004867
198777618068700,4.7823895,back,-0.012779430838483208,28.0,2.0,-0.013160906385900617,-0.010989010989007397,-0.004884004884004867
198777619186500,4.7835073,back,-0.012779430838483208,28.0,2.0,-0.013160906385900617,-0.010989010989007397,-0.004884004884004867
198777620208900,4.7845297,back,-0.012779430838483208,28.0,2.0,-0.013160906385900617,-0.010989010989007397,-0.004884004884004867
198777621303400,4.7856242,back,-0.012779430838483208,28.0,2.0,-0.013160906385900617,-0.010989010989007397,-0.004884004884004867
198777621911600,4.7862324,back,-0.012779430838483208,28.0,2.0,-0.013160906385900617,-0.010989010989007397,-0.004884004884004867
198777622988900,4.7873097,back,-0.012779430838483208,28.0,2.0,-0.013160906385900617,-0.010989010989007397,-0.004884004884004867
198777623920200,4.788241,back,-0.012779430838483208,28.0,2.0,-0.013160906385900617,-0.010989010989007397,-0.004884004884004867
198777624950500,4.7892713,back,-0.012779430838483208,28.0,2.0,-0.013160906385900617,-0.010989010989007397,-0.004884004884004867
198777626048800,4.7903696,back,-0.012779430838483208,28.0,2.0,-0.013160906385900617,-0.010989010989007397,-0.004884004884004867
198777627211400,4.7915322,back,-0.012779430838483208,28.0,2.0,-0.013160906385900617,-0.010989010989007397,-0.004884004884004867
198777628306400,4.7926272,back,-0.012779430838483208,28.0,2.0,-0.013160906385900617,-0.010989010989007397,-0.004884004884004867
198777628898400,4.7932192,back,-0.012779430838483208,28.0,2.0,-0.013160906385900617,-0.010989010989007397,-0.004884004884004867
198777629902200,4.794223,back,-0.012779430838483208,28.0,2.0,-0.013160906385900617,-0.010989010989007397,-0.004884004884004867
198777630936200,4.795257,back,-0.012779430838483208,28.0,2.0,-0.013160906385900617,-0.010989010989007397,-0.004884004884004867
198777632023900,4.7963447,back,-0.012779430838483208,28.0,2.0,-0.013160906385900617,-0.010989010989007397,-0.004884004884004867
198777633158700,4.7974795,back,-0.012779430838483208,28.0,2.0,-0.013160906385900617,-0.010989010989007397,-0.004884004884004867
198777634354600,4.7986754,back,-0.012779430838483208,28.0,2.0,-0.013160906385900617,-0.010989010989007397,-0.004884004884004867
198777635558200,4.799879,back,-0.012779430838483208,28.0,2.0,-0.013160906385900617,-0.010989010989007397,-0.004884004884004867
198777636191400,4.8005122,back,-0.012779430838483208,28.0,2.0,-0.013160906385900617,-0.010989010989007397,-0.004884004884004867
198777637184500,4.8015053,back,-0.012779430838483208,28.0,2.0,-0.013160906385900617,-0.010989010989007397,-0.004884004884004867
198777638314600,4.8026354,back,-0.012779430838483208,28.0,2.0,-0.013160906385900617,-0.010989010989007397,-0.004884004884004867
198777638771000,4.8030918,back,-0.012779430838483208,28.0,2.0,-0.013160906385900617,-0.010989010989007397,-0.004884004884004867
198777640391100,4.8047119,back,-0.012779430838483208,28.0,2.0,-0.013160906385900617,-0.010989010989007397,-0.004884004884004867
198777640960600,4.8052814,back,-0.012779430838483208,28.0,2.0,-0.013160906385900617,-0.010989010989007397,-0.004884004884004867
198777641966200,4.806287,back,-0.012779430838483208,28.0,2.0,-0.013160906385900617,-0.010989010989007397,-0.004884004884004867
198777643023300,4.8073441,back,-0.012779430838483208,28.0,2.0,-0.013160906385900617,-0.010989010989007397,-0.004884004884004867
198777644088000,4.8084088,back,-0.012779430838483208,28.0,2.0,-0.013160906385900617,-0.010989010989007397,-0.004884004884004867
198777645159800,4.8094806,back,-0.012779430838483208,28.0,2.0,-0.013160906385900617,-0.010989010989007397,-0.004884004884004867
198777646257200,4.810578,back,-0.012779430838483208,28.0,2.0,-0.013160906385900617,-0.010989010989007397,-0.004884004884004867
198777647352700,4.8116735,back,-0.012779430838483208,28.0,2.0,-0.013160906385900617,-0.010989010989007397,-0.004884004884004867
198777647960600,4.8122814,back,-0.012779430838483208,28.0,2.0,-0.013160906385900617,-0.010989010989007397,-0.004884004884004867
198777648964700,4.8132855,back,-0.012779430838483208,28.0,2.0,-0.013160906385900617,-0.010989010989007397,-0.004884004884004867
198777650039400,4.8143602,back,-0.012779430838483208,28.0,2.0,-0.013160906385900617,-0.010989010989007397,-0.004884004884004867
198777651086500,4.8154073,back,-0.012779430838483208,28.0,2.0,-0.013160906385900617,-0.010989010989007397,-0.004884004884004867
198777652121300,4.8164421,back,-0.012779430838483208,28.0,2.0,-0.013160906385900617,-0.010989010989007397,-0.004884004884004867
198777653175500,4.8174963,back,-0.012779430838483208,28.0,2.0,-0.013160906385900617,-0.010989010989007397,-0.004884004884004867
198777654357900,4.8186787,back,-0.012779430838483208,28.0,2.0,-0.013160906385900617,-0.010989010989007397,-0.004884004884004867
198777654786500,4.8191073,back,-0.012779430838483208,28.0,2.0,-0.013160906385900617,-0.010989010989007397,-0.004884004884004867
198777656445600,4.8207664,back,-0.012779430838483208,28.0,2.0,-0.013160906385900617,-0.010989010989007397,-0.004884004884004867
198777657066300,4.8213871,back,-0.012779430838483208,28.0,2.0,-0.013160906385900617,-0.010989010989007397,-0.004884004884004867
198777658068800,4.8223896,back,-0.012779430838483208,28.0,2.0,-0.013160906385900617,-0.010989010989007397,-0.004884004884004867
198777659183000,4.8235038,back,-0.012779430838483208,28.0,2.0,-0.013160906385900617,-0.010989010989007397,-0.004884004884004867
198777660299800,4.8246206,back,-0.012779430838483208,28.0,2.0,-0.013160906385900617,-0.010989010989007397,-0.004884004884004867
198777661400400,4.8257212,back,-0.012779430838483208,28.0,2.0,-0.013160906385900617,-0.010989010989007397,-0.004884004884004867
198777662011500,4.8263323,back,-0.012779430838483208,28.0,2.0,-0.013160906385900617,-0.010989010989007397,-0.004884004884004867
198777663012100,4.8273329,back,-0.012779430838483208,28.0,2.0,-0.013160906385900617,-0.010989010989007397,-0.004884004884004867
198777664084300,4.8284051,back,-0.012779430838483208,28.0,2.0,-0.013160906385900617,-0.010989010989007397,-0.004884004884004867
198777665194800,4.8295156,back,-0.012779430838483208,28.0,2.0,-0.013160906385900617,-0.010989010989007397,-0.004884004884004867
198777666297300,4.8306181,back,-0.012779430838483208,28.0,2.0,-0.013160906385900617,-0.010989010989007397,-0.004884004884004867
198777666911800,4.8312326,back,-0.012779430838483208,28.0,2.0,-0.013160906385900617,-0.010989010989007397,-0.004884004884004867
198777667912900,4.8322337,back,-0.012779430838483208,28.0,2.0,-0.013160906385900617,-0.010989010989007397,-0.004884004884004867
198777669049300,4.8333701,back,-0.012779430838483208,28.0,2.0,-0.013160906385900617,-0.010989010989007397,-0.004884004884004867
198777670247700,4.8345685,back,-0.012779430838483208,28.0,2.0,-0.013160906385900617,-0.010989010989007397,-0.004884004884004867
198777671365600,4.8356864,back,-0.012779430838483208,28.0,2.0,-0.012779430838483208,0.010989010989007397,0.004884004884004867
198777671952400,4.8362732,back,-0.012779430838483208,28.0,2.0,-0.012779430838483208,0.010989010989007397,0.004884004884004867
198777672974000,4.8372948,back,-0.012779430838483208,28.0,2.0,-0.012779430838483208,0.010989010989007397,0.004884004884004867
198777674152200,4.838473,back,-0.012779430838483208,28.0,2.0,-0.012779430838483208,0.010989010989007397,0.004884004884004867
198777675145700,4.8394665,back,-0.012779430838483208,28.0,2.0,-0.012779430838483208,0.010989010989007397,0.004884004884004867
198777676144900,4.8404657,back,-0.012779430838483208,28.0,2.0,-0.012779430838483208,0.010989010989007397,0.004884004884004867
198777677149900,4.8414707,back,-0.012779430838483208,28.0,2.0,-0.012779430838483208,0.010989010989007397,0.004884004884004867
198777678192100,4.8425129,back,-0.012779430838483208,28.0,2.0,-0.012779430838483208,0.010989010989007397,0.004884004884004867
198777679297500,4.8436183,back,-0.012779430838483208,28.0,2.0,-0.012779430838483208,0.010989010989007397,0.004884004884004867
198777680405200,4.844726,back,-0.012779430838483208,28.0,2.0,-0.012779430838483208,0.010989010989007397,0.004884004884004867
198777680960300,4.8452811,back,-0.012779430838483208,28.0,2.0,-0.012779430838483208,0.010989010989007397,0.004884004884004867
198777681965100,4.8462859,back,-0.012779430838483208,28.0,2.0,-0.012779430838483208,0.010989010989007397,0.004884004884004867
198777683098300,4.8474191,back,-0.012779430838483208,28.0,2.0,-0.012779430838483208,0.010989010989007397,0.004884004884004867
198777684172300,4.8484931,back,-0.012779430838483208,28.0,2.0,-0.012779430838483208,0.010989010989007397,0.004884004884004867
198777685249500,4.8495703,back,-0.012779430838483208,28.0,2.0,-0.012779430838483208,0.010989010989007397,0.004884004884004867
198777686461200,4.850782,back,-0.012779430838483208,28.0,2.0,-0.012779430838483208,0.010989010989007397,0.004884004884004867
198777687086000,4.8514068,back,-0.012779430838483208,28.0,2.0,-0.012779430838483208,0.010989010989007397,0.004884004884004867
198777688086800,4.8524076,back,-0.012779430838483208,28.0,2.0,-0.012779430838483208,0.010989010989007397,0.004884004884004867
198777689203400,4.8535242,back,-0.012779430838483208,28.0,2.0,-0.012779430838483208,0.010989010989007397,0.004884004884004867
198777690368700,4.8546895,back,-0.012779430838483208,28.0,2.0,-0.012779430838483208,0.010989010989007397,0.004884004884004867
198777690954500,4.8552753,back,-0.012779430838483208,28.0,2.0,-0.012779430838483208,0.010989010989007397,0.004884004884004867
198777691967100,4.8562879,back,-0.012779430838483208,28.0,2.0,-0.012779430838483208,0.010989010989007397,0.004884004884004867
198777692973400,4.8572942,back,-0.012779430838483208,28.0,2.0,-0.012779430838483208,0.010989010989007397,0.004884004884004867
198777694020700,4.8583415,back,-0.012779430838483208,28.0,2.0,-0.012779430838483208,0.010989010989007397,0.004884004884004867
198777695234700,4.8595555,back,-0.012779430838483208,28.0,2.0,-0.012779430838483208,0.010989010989007397,0.004884004884004867
198777696239200,4.86056,back,-0.012779430838483208,28.0,2.0,-0.012779430838483208,0.010989010989007397,0.004884004884004867
198777697440800,4.8617616,back,-0.012779430838483208,28.0,2.0,-0.012779430838483208,0.010989010989007397,0.004884004884004867
198777698029300,4.8623501,back,-0.012779430838483208,28.0,2.0,-0.012779430838483208,0.010989010989007397,0.004884004884004867
198777699068400,4.8633892,back,-0.012779430838483208,28.0,2.0,-0.012779430838483208,0.010989010989007397,0.004884004884004867
198777700160400,4.8644812,back,-0.012779430838483208,28.0,2.0,-0.012779430838483208,0.010989010989007397,0.004884004884004867
198777701165100,4.8654859,back,-0.012779430838483208,28.0,2.0,-0.012779430838483208,0.010989010989007397,0.004884004884004867
198777702291900,4.8666127,back,-0.012779430838483208,28.0,2.0,-0.012779430838483208,0.010989010989007397,0.004884004884004867
198777703230700,4.8675515,back,-0.012779430838483208,28.0,2.0,-0.012779430838483208,0.010989010989007397,0.004884004884004867
198777704261800,4.8685826,back,-0.012779430838483208,28.0,2.0,-0.012779430838483208,0.010989010989007397,0.004884004884004867
198777705265500,4.8695863,back,-0.012779430838483208,28.0,2.0,-0.012779430838483208,0.010989010989007397,0.004884004884004867
198777706253400,4.8705742,back,-0.012779430838483208,28.0,2.0,-0.012779430838483208,0.010989010989007397,0.004884004884004867
198777707356000,4.8716768,back,-0.012779430838483208,28.0,2.0,-0.012779430838483208,0.010989010989007397,0.004884004884004867
198777707948900,4.8722697,back,-0.012779430838483208,28.0,2.0,-0.012779430838483208,0.010989010989007397,0.004884004884004867
198777708976600,4.8732974,back,-0.012779430838483208,28.0,2.0,-0.012779430838483208,0.010989010989007397,0.004884004884004867
198777709960400,4.8742812,back,-0.012779430838483208,28.0,2.0,-0.012779430838483208,0.010989010989007397,0.004884004884004867
198777710963800,4.8752846,back,-0.012779430838483208,28.0,2.0,-0.012779430838483208,0.010989010989007397,0.004884004884004867
198777712059600,4.8763804,back,-0.012779430838483208,28.0,2.0,-0.012779430838483208,0.010989010989007397,0.004884004884004867
198777713160500,4.8774813,back,-0.012779430838483208,28.0,2.0,-0.012779430838483208,0.010989010989007397,0.004884004884004867
198777714346000,4.8786668,back,-0.012779430838483208,28.0,2.0,-0.012779430838483208,0.010989010989007397,0.004884004884004867
198777714944500,4.8792653,back,-0.012779430838483208,28.0,2.0,-0.012779430838483208,0.010989010989007397,0.004884004884004867
198777715946800,4.8802676,back,-0.012779430838483208,28.0,2.0,-0.012779430838483208,0.010989010989007397,0.004884004884004867
198777717065100,4.8813859,back,-0.012779430838483208,28.0,2.0,-0.012779430838483208,0.010989010989007397,0.004884004884004867
198777718233500,4.8825543,back,-0.012779430838483208,28.0,2.0,-0.012779430838483208,0.010989010989007397,0.004884004884004867
198777719448000,4.8837688,back,-0.012779430838483208,28.0,2.0,-0.012779430838483208,0.010989010989007397,0.004884004884004867
198777720129100,4.8844499,back,-0.012779430838483208,28.0,2.0,-0.012779430838483208,0.010989010989007397,0.004884004884004867
198777721135500,4.8854563,back,-0.012779430838483208,28.0,2.0,-0.012779430838483208,0.010989010989007397,0.004884004884004867
198777722239600,4.8865604,back,-0.012779430838483208,28.0,2.0,-0.012779430838483208,0.010989010989007397,0.004884004884004867
198777723239900,4.8875607,back,-0.012779430838483208,28.0,2.0,-0.012779430838483208,0.010989010989007397,0.004884004884004867
198777724351900,4.8886727,back,-0.012779430838483208,28.0,2.0,-0.012779430838483208,0.010989010989007397,0.004884004884004867
198777725339000,4.8896598,back,-0.012779430838483208,28.0,2.0,-0.012779430838483208,0.010989010989007397,0.004884004884004867
198777725927600,4.8902484,back,-0.012779430838483208,28.0,2.0,-0.012779430838483208,0.010989010989007397,0.004884004884004867
198777726931300,4.8912521,back,-0.012779430838483208,28.0,2.0,-0.012779430838483208,0.010989010989007397,0.004884004884004867
198777728023700,4.8923445,back,-0.012779430838483208,28.0,2.0,-0.012779430838483208,0.010989010989007397,0.004884004884004867
198777729143200,4.893464,back,-0.012779430838483208,28.0,2.0,-0.012779430838483208,0.010989010989007397,0.004884004884004867
198777730186800,4.8945076,back,-0.012779430838483208,28.0,2.0,-0.012779430838483208,0.010989010989007397,0.004884004884004867
198777731359300,4.8956801,back,-0.012779430838483208,28.0,2.0,-0.012779430838483208,0.010989010989007397,0.004884004884004867
198777732424300,4.8967451,back,-0.012779430838483208,28.0,2.0,-0.012779430838483208,0.010989010989007397,0.004884004884004867
198777733117500,4.8974383,back,-0.012779430838483208,28.0,2.0,-0.012779430838483208,0.010989010989007397,0.004884004884004867
198777734399100,4.8987199,back,-0.012779430838483208,28.0,2.0,-0.012779430838483208,0.010989010989007397,0.004884004884004867
198777735588300,4.8999091,back,-0.012779430838483208,28.0,2.0,-0.012779430838483208,0.010989010989007397,0.004884004884004867
198777736058900,4.9003797,back,-0.012779430838483208,28.0,2.0,-0.012779430838483208,0.010989010989007397,0.004884004884004867
198777737948100,4.9022689,back,-0.012779430838483208,28.0,2.0,-0.012779430838483208,0.010989010989007397,0.004884004884004867
198777738040100,4.9023609,back,-0.012779430838483208,28.0,2.0,-0.012779430838483208,0.010989010989007397,0.004884004884004867
198777739175800,4.9034966,back,-0.012779430838483208,28.0,2.0,-0.012779430838483208,0.010989010989007397,0.004884004884004867
198777740248500,4.9045693,back,-0.012779430838483208,28.0,2.0,-0.012779430838483208,0.010989010989007397,0.004884004884004867
198777740811000,4.9051318,back,-0.012779430838483208,28.0,2.0,-0.012779430838483208,0.010989010989007397,0.004884004884004867
198777741957500,4.9062783,back,-0.012779430838483208,28.0,2.0,-0.012779430838483208,0.010989010989007397,0.004884004884004867
198777743188600,4.9075094,back,-0.012779430838483208,28.0,2.0,-0.012779430838483208,0.010989010989007397,0.004884004884004867
198777744353900,4.9086747,back,-0.012779430838483208,28.0,2.0,-0.012779430838483208,0.010989010989007397,0.004884004884004867
198777744841800,4.9091626,back,-0.012779430838483208,28.0,2.0,-0.012779430838483208,0.010989010989007397,0.004884004884004867
198777745847700,4.9101685,back,-0.012779430838483208,28.0,2.0,-0.012779430838483208,0.010989010989007397,0.004884004884004867
198777746897500,4.9112183,back,-0.012779430838483208,28.0,2.0,-0.012779430838483208,0.010989010989007397,0.004884004884004867
198777747987600,4.9123084,back,-0.012779430838483208,28.0,2.0,-0.012779430838483208,0.010989010989007397,0.004884004884004867
198777749151200,4.913472,back,-0.012779430838483208,28.0,2.0,-0.012779430838483208,0.010989010989007397,0.004884004884004867
198777750057900,4.9143787,back,-0.012779430838483208,28.0,2.0,-0.012779430838483208,0.010989010989007397,0.004884004884004867
198777751059000,4.9153798,back,-0.012779430838483208,28.0,2.0,-0.012779430838483208,0.010989010989007397,0.004884004884004867
198777752092800,4.9164136,back,-0.012779430838483208,28.0,2.0,-0.012779430838483208,0.010989010989007397,0.004884004884004867
198777753155000,4.9174758,back,-0.012779430838483208,28.0,2.0,-0.012779430838483208,0.010989010989007397,0.004884004884004867
198777754200500,4.9185213,back,-0.012779430838483208,28.0,2.0,-0.012779430838483208,0.010989010989007397,0.004884004884004867
198777754795200,4.919116,back,-0.012779430838483208,28.0,2.0,-0.012779430838483208,0.010989010989007397,0.004884004884004867
198777755918400,4.9202392,back,-0.012779430838483208,28.0,2.0,-0.012779430838483208,0.010989010989007397,0.004884004884004867
198777756891800,4.9212126,back,-0.012779430838483208,28.0,2.0,-0.012779430838483208,0.010989010989007397,0.004884004884004867
198777757940100,4.9222609,back,-0.012779430838483208,28.0,2.0,-0.012779430838483208,0.010989010989007397,0.004884004884004867
198777758979600,4.9233004,back,-0.012779430838483208,28.0,2.0,-0.012779430838483208,0.010989010989007397,0.004884004884004867
198777760055500,4.9243763,back,-0.012779430838483208,28.0,2.0,-0.012779430838483208,0.010989010989007397,0.004884004884004867
198777761151000,4.9254718,back,-0.012779430838483208,28.0,2.0,-0.012779430838483208,0.010989010989007397,0.004884004884004867
198777762376700,4.9266975,back,-0.012779430838483208,28.0,2.0,-0.012779430838483208,0.010989010989007397,0.004884004884004867
198777762969900,4.9272907,back,-0.012779430838483208,28.0,2.0,-0.012779430838483208,0.010989010989007397,0.004884004884004867
198777763972400,4.9282932,back,-0.012779430838483208,28.0,2.0,-0.012779430838483208,0.010989010989007397,0.004884004884004867
198777765231800,4.9295526,back,-0.012779430838483208,28.0,2.0,-0.012779430838483208,0.010989010989007397,0.004884004884004867
198777766097800,4.9304186,back,-0.012779430838483208,28.0,2.0,-0.012779430838483208,0.010989010989007397,0.004884004884004867
198777767103100,4.9314239,back,-0.012779430838483208,28.0,2.0,-0.012779430838483208,0.010989010989007397,0.004884004884004867
198777768223200,4.932544,back,-0.012779430838483208,28.0,2.0,-0.012779430838483208,0.010989010989007397,0.004884004884004867
198777769368900,4.9336897,back,-0.012779430838483208,28.0,2.0,-0.012779430838483208,0.010989010989007397,0.004884004884004867
198777769984800,4.9343056,back,-0.012779430838483208,28.0,2.0,-0.012779430838483208,0.010989010989007397,0.004884004884004867
198777770987200,4.935308,back,-0.012779430838483208,28.0,2.0,-0.012779430838483208,0.010989010989007397,0.004884004884004867
198777772062900,4.9363837,back,-0.012779430838483208,28.0,2.0,-0.012779430838483208,0.010989010989007397,0.004884004884004867
198777773085200,4.937406,back,-0.012779430838483208,28.0,2.0,-0.012779430838483208,0.010989010989007397,0.004884004884004867
198777774074400,4.9383952,back,-0.012779430838483208,28.0,2.0,-0.012779430838483208,0.010989010989007397,0.004884004884004867
198777775307500,4.9396283,back,-0.012779430838483208,28.0,2.0,-0.012779430838483208,0.010989010989007397,0.004884004884004867
198777775915100,4.9402359,back,-0.012779430838483208,28.0,2.0,-0.012779430838483208,0.010989010989007397,0.004884004884004867
198777776920100,4.9412409,back,-0.012779430838483208,28.0,2.0,-0.012779430838483208,0.010989010989007397,0.004884004884004867
198777777996300,4.9423171,back,-0.012779430838483208,28.0,2.0,-0.012779430838483208,0.010989010989007397,0.004884004884004867
198777779114100,4.9434349,back,-0.012779430838483208,28.0,2.0,-0.012779430838483208,0.010989010989007397,0.004884004884004867
198777780216000,4.9445368,back,-0.012779430838483208,28.0,2.0,-0.012779430838483208,0.010989010989007397,0.004884004884004867
198777781406100,4.9457269,back,-0.012779430838483208,28.0,2.0,-0.012779430838483208,0.010989010989007397,0.004884004884004867
198777782363100,4.9466839,back,-0.012779430838483208,28.0,2.0,-0.012779430838483208,-0.010989010989007397,0.0146520146520146
198777782951700,4.9472725,back,-0.012779430838483208,28.0,2.0,-0.012779430838483208,-0.010989010989007397,0.0146520146520146
198777783956000,4.9482768,back,-0.012779430838483208,28.0,2.0,-0.012779430838483208,-0.010989010989007397,0.0146520146520146
198777785043000,4.9493638,back,-0.012779430838483208,28.0,2.0,-0.012779430838483208,-0.010989010989007397,0.0146520146520146
198777786091500,4.9504123,back,-0.012779430838483208,28.0,2.0,-0.012779430838483208,-0.010989010989007397,0.0146520146520146
198777787178400,4.9514992,back,-0.012779430838483208,28.0,2.0,-0.012779430838483208,-0.010989010989007397,0.0146520146520146
198777788334400,4.9526552,back,-0.012779430838483208,28.0,2.0,-0.012779430838483208,-0.010989010989007397,0.0146520146520146
198777789479900,4.9538007,back,-0.012779430838483208,28.0,2.0,-0.012779430838483208,-0.010989010989007397,0.0146520146520146
198777790053300,4.9543741,back,-0.012779430838483208,28.0,2.0,-0.012779430838483208,-0.010989010989007397,0.0146520146520146
198777791042300,4.9553631,back,-0.012779430838483208,28.0,2.0,-0.012779430838483208,-0.010989010989007397,0.0146520146520146
198777792211400,4.9565322,back,-0.012779430838483208,28.0,2.0,-0.012779430838483208,-0.010989010989007397,0.0146520146520146
198777793210500,4.9575313,back,-0.012779430838483208,28.0,2.0,-0.012779430838483208,-0.010989010989007397,0.0146520146520146
198777794217600,4.9585384,back,-0.012779430838483208,28.0,2.0,-0.012779430838483208,-0.010989010989007397,0.0146520146520146
198777795221000,4.9595418,back,-0.012779430838483208,28.0,2.0,-0.012779430838483208,-0.010989010989007397,0.0146520146520146
198777796296000,4.9606168,back,-0.012779430838483208,28.0,2.0,-0.012779430838483208,-0.010989010989007397,0.0146520146520146
198777797398200,4.961719,back,-0.012779430838483208,28.0,2.0,-0.012779430838483208,-0.010989010989007397,0.0146520146520146
198777798539800,4.9628606,back,-0.012779430838483208,28.0,2.0,-0.012779430838483208,-0.010989010989007397,0.0146520146520146
198777799146400,4.9634672,back,-0.012779430838483208,28.0,2.0,-0.012779430838483208,-0.010989010989007397,0.0146520146520146
198777800179300,4.9645001,back,-0.012779430838483208,28.0,2.0,-0.012779430838483208,-0.010989010989007397,0.0146520146520146
198777801309700,4.9656305,back,-0.012779430838483208,28.0,2.0,-0.012779430838483208,-0.010989010989007397,0.0146520146520146
198777802478400,4.9667992,back,-0.012779430838483208,28.0,2.0,-0.012779430838483208,-0.010989010989007397,0.0146520146520146
198777803162000,4.9674828,back,-0.012779430838483208,28.0,2.0,-0.012779430838483208,-0.010989010989007397,0.0146520146520146
198777804170200,4.968491,back,-0.012779430838483208,28.0,2.0,-0.012779430838483208,-0.010989010989007397,0.0146520146520146
198777805337700,4.9696585,back,-0.012779430838483208,28.0,2.0,-0.012779430838483208,-0.010989010989007397,0.0146520146520146
198777805810400,4.9701312,back,-0.012779430838483208,28.0,2.0,-0.012779430838483208,-0.010989010989007397,0.0146520146520146
198777806819200,4.97114,back,-0.012779430838483208,28.0,2.0,-0.012779430838483208,-0.010989010989007397,0.0146520146520146
198777807943900,4.9722647,back,-0.012779430838483208,28.0,2.0,-0.012779430838483208,-0.010989010989007397,0.0146520146520146
198777809104900,4.9734257,back,-0.012779430838483208,28.0,2.0,-0.012779430838483208,-0.010989010989007397,0.0146520146520146
198777810215300,4.9745361,back,-0.012779430838483208,28.0,2.0,-0.012779430838483208,-0.010989010989007397,0.0146520146520146
198777811299300,4.9756201,back,-0.012779430838483208,28.0,2.0,-0.012779430838483208,-0.010989010989007397,0.0146520146520146
198777811907700,4.9762285,back,-0.012779430838483208,28.0,2.0,-0.012779430838483208,-0.010989010989007397,0.0146520146520146
198777813009100,4.9773299,back,-0.012779430838483208,28.0,2.0,-0.012779430838483208,-0.010989010989007397,0.0146520146520146
198777813922300,4.9782431,back,-0.012779430838483208,28.0,2.0,-0.012779430838483208,-0.010989010989007397,0.0146520146520146
198777814924100,4.9792449,back,-0.012779430838483208,28.0,2.0,-0.012779430838483208,-0.010989010989007397,0.0146520146520146
198777816048200,4.980369,back,-0.012779430838483208,28.0,2.0,-0.012779430838483208,-0.010989010989007397,0.0146520146520146
198777817115000,4.9814358,back,-0.012779430838483208,28.0,2.0,-0.012779430838483208,-0.010989010989007397,0.0146520146520146
198777818273900,4.9825947,back,-0.012779430838483208,28.0,2.0,-0.012779430838483208,-0.010989010989007397,0.0146520146520146
198777818835600,4.9831564,back,-0.012779430838483208,28.0,2.0,-0.012779430838483208,-0.010989010989007397,0.0146520146520146
198777819838900,4.9841597,back,-0.012779430838483208,28.0,2.0,-0.012779430838483208,-0.010989010989007397,0.0146520146520146
198777820940700,4.9852615,back,-0.012779430838483208,28.0,2.0,-0.012779430838483208,-0.010989010989007397,0.0146520146520146
198777822072000,4.9863928,back,-0.012779430838483208,28.0,2.0,-0.012779430838483208,-0.010989010989007397,0.0146520146520146
198777823124700,4.9874455,back,-0.012779430838483208,28.0,2.0,-0.012779430838483208,-0.010989010989007397,0.0146520146520146
198777824253200,4.988574,back,-0.012779430838483208,28.0,2.0,-0.012779430838483208,-0.010989010989007397,0.0146520146520146
198777825412100,4.9897329,back,-0.012779430838483208,28.0,2.0,-0.012779430838483208,-0.010989010989007397,0.0146520146520146
198777825993700,4.9903145,back,-0.012779430838483208,28.0,2.0,-0.012779430838483208,-0.010989010989007397,0.0146520146520146
198777826995200,4.991316,back,-0.012779430838483208,28.0,2.0,-0.012779430838483208,-0.010989010989007397,0.0146520146520146
198777828241400,4.9925622,back,-0.012779430838483208,28.0,2.0,-0.012779430838483208,-0.010989010989007397,0.0146520146520146
198777829078100,4.9933989,back,-0.012779430838483208,28.0,2.0,-0.012779430838483208,-0.010989010989007397,0.0146520146520146
198777830079800,4.9944006,back,-0.012779430838483208,28.0,2.0,-0.012779430838483208,-0.010989010989007397,0.0146520146520146
198777831184400,4.9955052,back,-0.012779430838483208,28.0,2.0,-0.012779430838483208,-0.010989010989007397,0.0146520146520146
198777832259800,4.9965806,back,-0.012779430838483208,28.0,2.0,-0.012779430838483208,-0.010989010989007397,0.0146520146520146
198777833370200,4.997691,back,-0.012779430838483208,28.0,2.0,-0.012779430838483208,-0.010989010989007397,0.0146520146520146
198777833979600,4.9983004,back,-0.012779430838483208,28.0,2.0,-0.012779430838483208,-0.010989010989007397,0.0146520146520146
198777834981700,4.9993025,back,-0.012779430838483208,28.0,2.0,-0.012779430838483208,-0.010989010989007397,0.0146520146520146
198777836080900,5.0004017,back,-0.012779430838483208,28.0,2.0,-0.012779430838483208,-0.010989010989007397,0.0146520146520146
198777837164700,5.0014855,back,-0.012779430838483208,28.0,2.0,-0.012779430838483208,-0.010989010989007397,0.0146520146520146
198777838264400,5.0025852,back,-0.012779430838483208,28.0,2.0,-0.012779430838483208,-0.010989010989007397,0.0146520146520146
198777839375000,5.0036958,back,-0.012779430838483208,28.0,2.0,-0.012779430838483208,-0.010989010989007397,0.0146520146520146
198777839940200,5.004261,back,-0.012779430838483208,28.0,2.0,-0.012779430838483208,-0.010989010989007397,0.0146520146520146
198777840940000,5.0052608,back,-0.012779430838483208,28.0,2.0,-0.012779430838483208,-0.010989010989007397,0.0146520146520146
198777842011900,5.0063327,back,-0.012779430838483208,28.0,2.0,-0.012779430838483208,-0.010989010989007397,0.0146520146520146
198777843086000,5.0074068,back,-0.012779430838483208,28.0,2.0,-0.012779430838483208,-0.010989010989007397,0.0146520146520146
198777844275800,5.0085966,back,-0.012779430838483208,28.0,2.0,-0.012779430838483208,-0.010989010989007397,0.0146520146520146
198777845386100,5.0097069,back,-0.012779430838483208,28.0,2.0,-0.012779430838483208,-0.010989010989007397,0.0146520146520146
198777845971500,5.0102923,back,-0.012779430838483208,28.0,2.0,-0.012779430838483208,-0.010989010989007397,0.0146520146520146
198777846976500,5.0112973,back,-0.012779430838483208,28.0,2.0,-0.012779430838483208,-0.010989010989007397,0.0146520146520146
198777848048100,5.0123689,back,-0.012779430838483208,28.0,2.0,-0.012779430838483208,-0.010989010989007397,0.0146520146520146
198777849121100,5.0134419,back,-0.012779430838483208,28.0,2.0,-0.012779430838483208,-0.010989010989007397,0.0146520146520146
198777850190100,5.0145109,back,-0.012779430838483208,28.0,2.0,-0.012779430838483208,-0.010989010989007397,0.0146520146520146
198777851304500,5.0156253,back,-0.012779430838483208,28.0,2.0,-0.012779430838483208,-0.010989010989007397,0.0146520146520146
198777851807700,5.0161285,back,-0.012779430838483208,28.0,2.0,-0.012779430838483208,-0.010989010989007397,0.0146520146520146
198777852811100,5.0171319,back,-0.012779430838483208,28.0,2.0,-0.012779430838483208,-0.010989010989007397,0.0146520146520146
198777853886000,5.0182068,back,-0.012779430838483208,28.0,2.0,-0.012779430838483208,-0.010989010989007397,0.0146520146520146
198777854956700,5.0192775,back,-0.012779430838483208,28.0,2.0,-0.012779430838483208,-0.010989010989007397,0.0146520146520146
198777856005000,5.0203258,back,-0.012779430838483208,28.0,2.0,-0.012779430838483208,-0.010989010989007397,0.0146520146520146
198777857222600,5.0215434,back,-0.012779430838483208,28.0,2.0,-0.012779430838483208,-0.010989010989007397,0.0146520146520146
198777858347000,5.0226678,back,-0.012779430838483208,28.0,2.0,-0.012779430838483208,-0.010989010989007397,0.0146520146520146
198777858982800,5.0233036,back,-0.012779430838483208,28.0,2.0,-0.012779430838483208,-0.010989010989007397,0.0146520146520146
198777860051400,5.0243722,back,-0.012779430838483208,28.0,2.0,-0.012779430838483208,-0.010989010989007397,0.0146520146520146
198777861137800,5.0254586,back,-0.012779430838483208,28.0,2.0,-0.012779430838483208,-0.010989010989007397,0.0146520146520146
198777862209400,5.0265302,back,-0.012779430838483208,28.0,2.0,-0.012779430838483208,-0.010989010989007397,0.0146520146520146
198777863367500,5.0276883,back,-0.012779430838483208,28.0,2.0,-0.012779430838483208,-0.010989010989007397,0.0146520146520146
198777864317000,5.0286378,back,-0.012779430838483208,28.0,2.0,-0.012779430838483208,-0.010989010989007397,0.0146520146520146
198777864899000,5.0292198,back,-0.012779430838483208,28.0,2.0,-0.012779430838483208,-0.010989010989007397,0.0146520146520146
198777865929000,5.0302498,back,-0.012779430838483208,28.0,2.0,-0.012779430838483208,-0.010989010989007397,0.0146520146520146
198777867013000,5.0313338,back,-0.012779430838483208,28.0,2.0,-0.012779430838483208,-0.010989010989007397,0.0146520146520146
198777868125100,5.0324459,back,-0.012779430838483208,28.0,2.0,-0.012779430838483208,-0.010989010989007397,0.0146520146520146
198777869216300,5.0335371,back,-0.012779430838483208,28.0,2.0,-0.012779430838483208,-0.010989010989007397,0.0146520146520146
198777870353100,5.0346739,back,-0.012779430838483208,28.0,2.0,-0.012779430838483208,-0.010989010989007397,0.0146520146520146
198777870947700,5.0352685,back,-0.012779430838483208,28.0,2.0,-0.012779430838483208,-0.010989010989007397,0.0146520146520146
198777871954300,5.0362751,back,-0.012779430838483208,28.0,2.0,-0.012779430838483208,-0.010989010989007397,0.0146520146520146
198777873120500,5.0374413,back,-0.012779430838483208,28.0,2.0,-0.012779430838483208,-0.010989010989007397,0.0146520146520146
198777874101300,5.0384221,back,-0.012779430838483208,28.0,2.0,-0.012779430838483208,-0.010989010989007397,0.0146520146520146
198777875271500,5.0395923,back,-0.012779430838483208,28.0,2.0,-0.012779430838483208,-0.010989010989007397,0.0146520146520146
198777876399100,5.0407199,back,-0.012779430838483208,28.0,2.0,-0.012779430838483208,-0.010989010989007397,0.0146520146520146
198777876998900,5.0413197,back,-0.012779430838483208,28.0,2.0,-0.012779430838483208,-0.010989010989007397,0.0146520146520146
198777878041300,5.0423621,back,-0.012779430838483208,28.0,2.0,-0.012779430838483208,-0.010989010989007397,0.0146520146520146
198777879168100,5.0434889,back,-0.012779430838483208,28.0,2.0,-0.012779430838483208,-0.010989010989007397,0.0146520146520146
198777880246100,5.0445669,back,-0.012779430838483208,28.0,2.0,-0.012779430838483208,-0.010989010989007397,0.0146520146520146
198777881331700,5.0456525,back,-0.012779430838483208,28.0,2.0,-0.012779430838483208,-0.010989010989007397,0.0146520146520146
198777881918800,5.0462396,back,-0.012779430838483208,28.0,2.0,-0.012779430838483208,-0.010989010989007397,0.0146520146520146
198777882921600,5.0472424,back,-0.012779430838483208,28.0,2.0,-0.012779430838483208,-0.010989010989007397,0.0146520146520146
198777884020800,5.0483416,back,-0.012779430838483208,28.0,2.0,-0.012779430838483208,-0.010989010989007397,0.0146520146520146
198777885190100,5.0495109,back,-0.012779430838483208,28.0,2.0,-0.012779430838483208,-0.010989010989007397,0.0146520146520146
198777886263200,5.050584,back,-0.012779430838483208,28.0,2.0,-0.012779430838483208,-0.010989010989007397,0.0146520146520146
198777886763800,5.0510846,back,-0.012779430838483208,28.0,2.0,-0.012779430838483208,-0.010989010989007397,0.0146520146520146
198777888400300,5.0527211,back,-0.012779430838483208,28.0,2.0,-0.012779430838483208,-0.010989010989007397,0.0146520146520146
198777889061100,5.0533819,back,-0.012779430838483208,28.0,2.0,-0.012779430838483208,-0.010989010989007397,0.0146520146520146
198777890064100,5.0543849,back,-0.012779430838483208,28.0,2.0,-0.012779430838483208,-0.010989010989007397,0.0146520146520146
198777891245200,5.055566,back,-0.012779430838483208,28.0,2.0,-0.012779430838483208,-0.010989010989007397,0.0146520146520146
198777892430100,5.0567509,back,-0.012779430838483208,28.0,2.0,-0.013160906385900617,-0.010989010989007397,0.004884004884004867
198777893032400,5.0573532,back,-0.012779430838483208,28.0,2.0,-0.013160906385900617,-0.010989010989007397,0.004884004884004867
198777894044900,5.0583657,back,-0.012779430838483208,28.0,2.0,-0.013160906385900617,-0.010989010989007397,0.004884004884004867
198777895048400,5.0593692,back,-0.012779430838483208,28.0,2.0,-0.013160906385900617,-0.010989010989007397,0.004884004884004867
198777896080600,5.0604014,back,-0.012779430838483208,28.0,2.0,-0.013160906385900617,-0.010989010989007397,0.004884004884004867
198777897279500,5.0616003,back,-0.012779430838483208,28.0,2.0,-0.013160906385900617,-0.010989010989007397,0.004884004884004867
198777897876300,5.0621971,back,-0.012779430838483208,28.0,2.0,-0.013160906385900617,-0.010989010989007397,0.004884004884004867
198777898907000,5.0632278,back,-0.012779430838483208,28.0,2.0,-0.013160906385900617,-0.010989010989007397,0.004884004884004867
198777900044400,5.0643652,back,-0.012779430838483208,28.0,2.0,-0.013160906385900617,-0.010989010989007397,0.004884004884004867
198777901142200,5.065463,back,-0.012779430838483208,28.0,2.0,-0.013160906385900617,-0.010989010989007397,0.004884004884004867
198777902251700,5.0665725,back,-0.012779430838483208,28.0,2.0,-0.013160906385900617,-0.010989010989007397,0.004884004884004867
198777903350900,5.0676717,back,-0.012779430838483208,28.0,2.0,-0.013160906385900617,-0.010989010989007397,0.004884004884004867
198777903922000,5.0682428,back,-0.012779430838483208,28.0,2.0,-0.013160906385900617,-0.010989010989007397,0.004884004884004867
198777904952000,5.0692728,back,-0.012779430838483208,28.0,2.0,-0.013160906385900617,-0.010989010989007397,0.004884004884004867
198777906256300,5.0705771,back,-0.012779430838483208,28.0,2.0,-0.013160906385900617,-0.010989010989007397,0.004884004884004867
198777907354000,5.0716748,back,-0.012779430838483208,28.0,2.0,-0.013160906385900617,-0.010989010989007397,0.004884004884004867
198777908026900,5.0723477,back,-0.012779430838483208,28.0,2.0,-0.013160906385900617,-0.010989010989007397,0.004884004884004867
198777909083900,5.0734047,back,-0.012779430838483208,28.0,2.0,-0.013160906385900617,-0.010989010989007397,0.004884004884004867
198777910271700,5.0745925,back,-0.012779430838483208,28.0,2.0,-0.013160906385900617,-0.010989010989007397,0.004884004884004867
198777911441300,5.0757621,back,-0.012779430838483208,28.0,2.0,-0.013160906385900617,-0.010989010989007397,0.004884004884004867
198777912020200,5.076341,back,-0.012779430838483208,28.0,2.0,-0.013160906385900617,-0.010989010989007397,0.004884004884004867
198777913049800,5.0773706,back,-0.012779430838483208,28.0,2.0,-0.013160906385900617,-0.010989010989007397,0.004884004884004867
198777914194500,5.0785153,back,-0.012779430838483208,28.0,2.0,-0.013160906385900617,-0.010989010989007397,0.004884004884004867
198777915269000,5.0795898,back,-0.012779430838483208,28.0,2.0,-0.013160906385900617,-0.010989010989007397,0.004884004884004867
198777916385100,5.0807059,back,-0.012779430838483208,28.0,2.0,-0.013160906385900617,-0.010989010989007397,0.004884004884004867
198777916974300,5.0812951,back,-0.012779430838483208,28.0,2.0,-0.013160906385900617,-0.010989010989007397,0.004884004884004867
198777917978200,5.082299,back,-0.012779430838483208,28.0,2.0,-0.013160906385900617,-0.010989010989007397,0.004884004884004867
198777919024400,5.0833452,back,-0.012779430838483208,28.0,2.0,-0.013160906385900617,-0.010989010989007397,0.004884004884004867
198777920181300,5.0845021,back,-0.012779430838483208,28.0,2.0,-0.013160906385900617,-0.010989010989007397,0.004884004884004867
198777921387000,5.0857078,back,-0.012779430838483208,28.0,2.0,-0.013160906385900617,-0.010989010989007397,0.004884004884004867
198777921978000,5.0862988,back,-0.012779430838483208,28.0,2.0,-0.013160906385900617,-0.010989010989007397,0.004884004884004867
198777922979500,5.0873003,back,-0.012779430838483208,28.0,2.0,-0.013160906385900617,-0.010989010989007397,0.004884004884004867
198777924108300,5.0884291,back,-0.012779430838483208,28.0,2.0,-0.013160906385900617,-0.010989010989007397,0.004884004884004867
198777925217900,5.0895387,back,-0.012779430838483208,28.0,2.0,-0.013160906385900617,-0.010989010989007397,0.004884004884004867
198777926305300,5.0906261,back,-0.012779430838483208,28.0,2.0,-0.013160906385900617,-0.010989010989007397,0.004884004884004867
198777926924200,5.091245,back,-0.012779430838483208,28.0,2.0,-0.013160906385900617,-0.010989010989007397,0.004884004884004867
198777927924700,5.0922455,back,-0.012779430838483208,28.0,2.0,-0.013160906385900617,-0.010989010989007397,0.004884004884004867
198777929025100,5.0933459,back,-0.012779430838483208,28.0,2.0,-0.013160906385900617,-0.010989010989007397,0.004884004884004867
198777930177800,5.0944986,back,-0.012779430838483208,28.0,2.0,-0.013160906385900617,-0.010989010989007397,0.004884004884004867
198777931293500,5.0956143,back,-0.012779430838483208,28.0,2.0,-0.013160906385900617,-0.010989010989007397,0.004884004884004867
198777932304300,5.0966251,back,-0.012779430838483208,28.0,2.0,-0.013160906385900617,-0.010989010989007397,0.004884004884004867
198777933310400,5.0976312,back,-0.012779430838483208,28.0,2.0,-0.013160906385900617,-0.010989010989007397,0.004884004884004867
198777933941700,5.0982625,back,-0.012779430838483208,28.0,2.0,-0.013160906385900617,-0.010989010989007397,0.004884004884004867
198777934944800,5.0992656,back,-0.012779430838483208,28.0,2.0,-0.013160906385900617,-0.010989010989007397,0.004884004884004867
198777936119100,5.1004399,back,-0.012779430838483208,28.0,2.0,-0.013160906385900617,-0.010989010989007397,0.004884004884004867
198777937356300,5.1016771,back,-0.012779430838483208,28.0,2.0,-0.013160906385900617,-0.010989010989007397,0.004884004884004867
198777938492300,5.1028131,back,-0.012779430838483208,28.0,2.0,-0.013160906385900617,-0.010989010989007397,0.004884004884004867
198777939113500,5.1034343,back,-0.012779430838483208,28.0,2.0,-0.013160906385900617,-0.010989010989007397,0.004884004884004867
198777940114400,5.1044352,back,-0.012779430838483208,28.0,2.0,-0.013160906385900617,-0.010989010989007397,0.004884004884004867
198777941309800,5.1056306,back,-0.012779430838483208,28.0,2.0,-0.013160906385900617,-0.010989010989007397,0.004884004884004867
198777942462200,5.106783,back,-0.012779430838483208,28.0,2.0,-0.013160906385900617,-0.010989010989007397,0.004884004884004867
198777943131400,5.1074522,back,-0.012779430838483208,28.0,2.0,-0.013160906385900617,-0.010989010989007397,0.004884004884004867
198777944162000,5.1084828,back,-0.012779430838483208,28.0,2.0,-0.013160906385900617,-0.010989010989007397,0.004884004884004867
198777945306200,5.109627,back,-0.012779430838483208,28.0,2.0,-0.013160906385900617,-0.010989010989007397,0.004884004884004867
198777945925700,5.1102465,back,-0.012779430838483208,28.0,2.0,-0.013160906385900617,-0.010989010989007397,0.004884004884004867
198777946932700,5.1112535,back,-0.012779430838483208,28.0,2.0,-0.013160906385900617,-0.010989010989007397,0.004884004884004867
198777947993100,5.1123139,back,-0.012779430838483208,28.0,2.0,-0.013160906385900617,-0.010989010989007397,0.004884004884004867
198777949083300,5.1134041,back,-0.012779430838483208,28.0,2.0,-0.013160906385900617,-0.010989010989007397,0.004884004884004867
198777950176200,5.114497,back,-0.012779430838483208,28.0,2.0,-0.013160906385900617,-0.010989010989007397,0.004884004884004867
198777951285700,5.1156065,back,-0.012779430838483208,28.0,2.0,-0.013160906385900617,-0.010989010989007397,0.004884004884004867
198777952503700,5.1168245,back,-0.012779430838483208,28.0,2.0,-0.013160906385900617,-0.010989010989007397,0.004884004884004867
198777953119900,5.1174407,back,-0.012779430838483208,28.0,2.0,-0.013160906385900617,-0.010989010989007397,0.004884004884004867
198777954132500,5.1184533,back,-0.012779430838483208,28.0,2.0,-0.013160906385900617,-0.010989010989007397,0.004884004884004867
198777955293300,5.1196141,back,-0.012779430838483208,28.0,2.0,-0.013160906385900617,-0.010989010989007397,0.004884004884004867
198777956464700,5.1207855,back,-0.012779430838483208,28.0,2.0,-0.013160906385900617,-0.010989010989007397,0.004884004884004867
198777957047000,5.1213678,back,-0.012779430838483208,28.0,2.0,-0.013160906385900617,-0.010989010989007397,0.004884004884004867
198777958072900,5.1223937,back,-0.012779430838483208,28.0,2.0,-0.013160906385900617,-0.010989010989007397,0.004884004884004867
198777959192700,5.1235135,back,-0.012779430838483208,28.0,2.0,-0.013160906385900617,-0.010989010989007397,0.004884004884004867
198777960268400,5.1245892,back,-0.012779430838483208,28.0,2.0,-0.013160906385900617,-0.010989010989007397,0.004884004884004867
198777961278600,5.1255994,back,-0.012779430838483208,28.0,2.0,-0.013160906385900617,-0.010989010989007397,0.004884004884004867
198777962406900,5.1267277,back,-0.012779430838483208,28.0,2.0,-0.013160906385900617,-0.010989010989007397,0.004884004884004867
198777963046700,5.1273675,back,-0.012779430838483208,28.0,2.0,-0.013160906385900617,-0.010989010989007397,0.004884004884004867
198777964077200,5.128398,back,-0.012779430838483208,28.0,2.0,-0.013160906385900617,-0.010989010989007397,0.004884004884004867
198777965200900,5.1295217,back,-0.012779430838483208,28.0,2.0,-0.013160906385900617,-0.010989010989007397,0.004884004884004867
198777966299400,5.1306202,back,-0.012779430838483208,28.0,2.0,-0.013160906385900617,-0.010989010989007397,0.004884004884004867
198777966909300,5.1312301,back,-0.012779430838483208,28.0,2.0,-0.013160906385900617,-0.010989010989007397,0.004884004884004867
198777968009000,5.1323298,back,-0.012779430838483208,28.0,2.0,-0.013160906385900617,-0.010989010989007397,0.004884004884004867
198777969108000,5.1334288,back,-0.012779430838483208,28.0,2.0,-0.013160906385900617,-0.010989010989007397,0.004884004884004867
198777970213000,5.1345338,back,-0.012779430838483208,28.0,2.0,-0.013160906385900617,-0.010989010989007397,0.004884004884004867
198777971346500,5.1356673,back,-0.012779430838483208,28.0,2.0,-0.013160906385900617,-0.010989010989007397,0.004884004884004867
198777971954400,5.1362752,back,-0.012779430838483208,28.0,2.0,-0.013160906385900617,-0.010989010989007397,0.004884004884004867
198777972959400,5.1372802,back,-0.012779430838483208,28.0,2.0,-0.013160906385900617,-0.010989010989007397,0.004884004884004867
198777974147900,5.1384687,back,-0.012779430838483208,28.0,2.0,-0.013160906385900617,-0.010989010989007397,0.004884004884004867
198777975180700,5.1395015,back,-0.012779430838483208,28.0,2.0,-0.013160906385900617,-0.010989010989007397,0.004884004884004867
198777976280400,5.1406012,back,-0.012779430838483208,28.0,2.0,-0.013160906385900617,-0.010989010989007397,0.004884004884004867
198777977387800,5.1417086,back,-0.012779430838483208,28.0,2.0,-0.013160906385900617,-0.010989010989007397,0.004884004884004867
198777978018400,5.1423392,back,-0.012779430838483208,28.0,2.0,-0.013160906385900617,-0.010989010989007397,0.004884004884004867
198777979043600,5.1433644,back,-0.012779430838483208,28.0,2.0,-0.013160906385900617,-0.010989010989007397,0.004884004884004867
198777980031300,5.1443521,back,-0.012779430838483208,28.0,2.0,-0.013160906385900617,-0.010989010989007397,0.004884004884004867
198777981031900,5.1453527,back,-0.012779430838483208,28.0,2.0,-0.013160906385900617,-0.010989010989007397,0.004884004884004867
198777982224200,5.146545,back,-0.012779430838483208,28.0,2.0,-0.013160906385900617,-0.010989010989007397,0.004884004884004867
198777983350300,5.1476711,back,-0.012779430838483208,28.0,2.0,-0.013160906385900617,-0.010989010989007397,0.004884004884004867
198777984390200,5.148711,back,-0.012779430838483208,28.0,2.0,-0.013160906385900617,-0.010989010989007397,0.004884004884004867
198777984965600,5.1492864,back,-0.012779430838483208,28.0,2.0,-0.013160906385900617,-0.010989010989007397,0.004884004884004867
198777985993900,5.1503147,back,-0.012779430838483208,28.0,2.0,-0.013160906385900617,-0.010989010989007397,0.004884004884004867
198777987104300,5.1514251,back,-0.012779430838483208,28.0,2.0,-0.013160906385900617,-0.010989010989007397,0.004884004884004867
198777988199700,5.1525205,back,-0.012779430838483208,28.0,2.0,-0.013160906385900617,-0.010989010989007397,0.004884004884004867
198777989256700,5.1535775,back,-0.012779430838483208,28.0,2.0,-0.013160906385900617,-0.010989010989007397,0.004884004884004867
198777990339700,5.1546605,back,-0.012779430838483208,28.0,2.0,-0.013160906385900617,-0.010989010989007397,0.004884004884004867
198777990954600,5.1552754,back,-0.012779430838483208,28.0,2.0,-0.013160906385900617,-0.010989010989007397,0.004884004884004867
198777991960800,5.1562816,back,-0.012779430838483208,28.0,2.0,-0.013160906385900617,-0.010989010989007397,0.004884004884004867
198777993091200,5.157412,back,-0.012779430838483208,28.0,2.0,-0.013160906385900617,-0.010989010989007397,0.004884004884004867
198777994641700,5.1589625,back,-0.012779430838483208,28.0,2.0,-0.013160906385900617,-0.010989010989007397,0.004884004884004867
198777995281000,5.1596018,back,-0.012779430838483208,28.0,2.0,-0.013160906385900617,-0.010989010989007397,0.004884004884004867
198777995870000,5.1601908,back,-0.012779430838483208,28.0,2.0,-0.013160906385900617,-0.010989010989007397,0.004884004884004867
198777996874300,5.1611951,back,-0.012779430838483208,28.0,2.0,-0.013160906385900617,-0.010989010989007397,0.004884004884004867
198777997959000,5.1622798,back,-0.012779430838483208,28.0,2.0,-0.013160906385900617,-0.010989010989007397,0.004884004884004867
198777999082400,5.1634032,back,-0.012779430838483208,28.0,2.0,-0.013160906385900617,-0.010989010989007397,0.004884004884004867
198778000009000,5.1643298,back,-0.012779430838483208,28.0,2.0,-0.012779430838483208,-0.0329670329670364,-0.004884004884004867
198778001053500,5.1653743,back,-0.012779430838483208,28.0,2.0,-0.012779430838483208,-0.0329670329670364,-0.004884004884004867
198778002214600,5.1665354,back,-0.012779430838483208,28.0,2.0,-0.012779430838483208,-0.0329670329670364,-0.004884004884004867
198778003370400,5.1676912,back,-0.012779430838483208,28.0,2.0,-0.012779430838483208,-0.0329670329670364,-0.004884004884004867
198778003979300,5.1683001,back,-0.012779430838483208,28.0,2.0,-0.012779430838483208,-0.0329670329670364,-0.004884004884004867
198778004982400,5.1693032,back,-0.012779430838483208,28.0,2.0,-0.012779430838483208,-0.0329670329670364,-0.004884004884004867
198778006098800,5.1704196,back,-0.012779430838483208,28.0,2.0,-0.012779430838483208,-0.0329670329670364,-0.004884004884004867
198778007232200,5.171553,back,-0.012779430838483208,28.0,2.0,-0.012779430838483208,-0.0329670329670364,-0.004884004884004867
198778008346500,5.1726673,back,-0.012779430838483208,28.0,2.0,-0.012779430838483208,-0.0329670329670364,-0.004884004884004867
198778008987700,5.1733085,back,-0.012779430838483208,28.0,2.0,-0.012779430838483208,-0.0329670329670364,-0.004884004884004867
198778009992000,5.1743128,back,-0.012779430838483208,28.0,2.0,-0.012779430838483208,-0.0329670329670364,-0.004884004884004867
198778011080400,5.1754012,back,-0.012779430838483208,28.0,2.0,-0.012779430838483208,-0.0329670329670364,-0.004884004884004867
198778012238200,5.176559,back,-0.012779430838483208,28.0,2.0,-0.012779430838483208,-0.0329670329670364,-0.004884004884004867
198778013829700,5.1781505,back,-0.012779430838483208,28.0,2.0,-0.012779430838483208,-0.0329670329670364,-0.004884004884004867
198778013964000,5.1782848,back,-0.012779430838483208,28.0,2.0,-0.012779430838483208,-0.0329670329670364,-0.004884004884004867
198778015080300,5.1794011,back,-0.012779430838483208,28.0,2.0,-0.012779430838483208,-0.0329670329670364,-0.004884004884004867
198778016125800,5.1804466,back,-0.012779430838483208,28.0,2.0,-0.012779430838483208,-0.0329670329670364,-0.004884004884004867
198778017212800,5.1815336,back,-0.012779430838483208,28.0,2.0,-0.012779430838483208,-0.0329670329670364,-0.004884004884004867
198778018330900,5.1826517,back,-0.012779430838483208,28.0,2.0,-0.012779430838483208,-0.0329670329670364,-0.004884004884004867
198778019316400,5.1836372,back,-0.012779430838483208,28.0,2.0,-0.012779430838483208,-0.0329670329670364,-0.004884004884004867
198778019915600,5.1842364,back,-0.012779430838483208,28.0,2.0,-0.012779430838483208,-0.0329670329670364,-0.004884004884004867
198778020957800,5.1852786,back,-0.012779430838483208,28.0,2.0,-0.012779430838483208,-0.0329670329670364,-0.004884004884004867
198778022044000,5.1863648,back,-0.012779430838483208,28.0,2.0,-0.012779430838483208,-0.0329670329670364,-0.004884004884004867
198778023173800,5.1874946,back,-0.012779430838483208,28.0,2.0,-0.012779430838483208,-0.0329670329670364,-0.004884004884004867
198778024338200,5.188659,back,-0.012779430838483208,28.0,2.0,-0.012779430838483208,-0.0329670329670364,-0.004884004884004867
198778024945000,5.1892658,back,-0.012779430838483208,28.0,2.0,-0.012779430838483208,-0.0329670329670364,-0.004884004884004867
198778025957500,5.1902783,back,-0.012779430838483208,28.0,2.0,-0.012779430838483208,-0.0329670329670364,-0.004884004884004867
198778027005400,5.1913262,back,-0.012779430838483208,28.0,2.0,-0.012779430838483208,-0.0329670329670364,-0.004884004884004867
198778028146500,5.1924673,back,-0.012779430838483208,28.0,2.0,-0.012779430838483208,-0.0329670329670364,-0.004884004884004867
198778029518600,5.1938394,back,-0.012779430838483208,28.0,2.0,-0.012779430838483208,-0.0329670329670364,-0.004884004884004867
198778030173600,5.1944944,back,-0.012779430838483208,28.0,2.0,-0.012779430838483208,-0.0329670329670364,-0.004884004884004867
198778031197300,5.1955181,back,-0.012779430838483208,28.0,2.0,-0.012779430838483208,-0.0329670329670364,-0.004884004884004867
198778032309000,5.1966298,back,-0.012779430838483208,28.0,2.0,-0.012779430838483208,-0.0329670329670364,-0.004884004884004867
198778032934000,5.1972548,back,-0.012779430838483208,28.0,2.0,-0.012779430838483208,-0.0329670329670364,-0.004884004884004867
198778033936900,5.1982577,back,-0.012779430838483208,28.0,2.0,-0.012779430838483208,-0.0329670329670364,-0.004884004884004867
198778034952300,5.1992731,back,-0.012779430838483208,28.0,2.0,-0.012779430838483208,-0.0329670329670364,-0.004884004884004867
198778035966800,5.2002876,back,-0.012779430838483208,28.0,2.0,-0.012779430838483208,-0.0329670329670364,-0.004884004884004867
198778036982100,5.2013029,back,-0.012779430838483208,28.0,2.0,-0.012779430838483208,-0.0329670329670364,-0.004884004884004867
198778038016400,5.2023372,back,-0.012779430838483208,28.0,2.0,-0.012779430838483208,-0.0329670329670364,-0.004884004884004867
198778039076200,5.203397,back,-0.012779430838483208,28.0,2.0,-0.012779430838483208,-0.0329670329670364,-0.004884004884004867
198778040136100,5.2044569,back,-0.012779430838483208,28.0,2.0,-0.012779430838483208,-0.0329670329670364,-0.004884004884004867
198778041179200,5.2055,back,-0.012779430838483208,28.0,2.0,-0.012779430838483208,-0.0329670329670364,-0.004884004884004867
198778042296900,5.2066177,back,-0.012779430838483208,28.0,2.0,-0.012779430838483208,-0.0329670329670364,-0.004884004884004867
198778042903600,5.2072244,back,-0.012779430838483208,28.0,2.0,-0.012779430838483208,-0.0329670329670364,-0.004884004884004867
198778043909200,5.20823,back,-0.012779430838483208,28.0,2.0,-0.012779430838483208,-0.0329670329670364,-0.004884004884004867
198778045059700,5.2093805,back,-0.012779430838483208,28.0,2.0,-0.012779430838483208,-0.0329670329670364,-0.004884004884004867
198778046147800,5.2104686,back,-0.012779430838483208,28.0,2.0,-0.012779430838483208,-0.0329670329670364,-0.004884004884004867
198778047169200,5.21149,back,-0.012779430838483208,28.0,2.0,-0.012779430838483208,-0.0329670329670364,-0.004884004884004867
198778048288200,5.212609,back,-0.012779430838483208,28.0,2.0,-0.012779430838483208,-0.0329670329670364,-0.004884004884004867
198778049416700,5.2137375,back,-0.012779430838483208,28.0,2.0,-0.012779430838483208,-0.0329670329670364,-0.004884004884004867
198778050001600,5.2143224,back,-0.012779430838483208,28.0,2.0,-0.012779430838483208,-0.0329670329670364,-0.004884004884004867
198778051023000,5.2153438,back,-0.012779430838483208,28.0,2.0,-0.012779430838483208,-0.0329670329670364,-0.004884004884004867
198778052231500,5.2165523,back,-0.012779430838483208,28.0,2.0,-0.012779430838483208,-0.0329670329670364,-0.004884004884004867
198778053209000,5.2175298,back,-0.012779430838483208,28.0,2.0,-0.012779430838483208,-0.0329670329670364,-0.004884004884004867
198778054358200,5.218679,back,-0.012779430838483208,28.0,2.0,-0.012779430838483208,-0.0329670329670364,-0.004884004884004867
198778054990700,5.2193115,back,-0.012779430838483208,28.0,2.0,-0.012779430838483208,-0.0329670329670364,-0.004884004884004867
198778056157000,5.2204778,back,-0.012779430838483208,28.0,2.0,-0.012779430838483208,-0.0329670329670364,-0.004884004884004867
198778057139900,5.2214607,back,-0.012779430838483208,28.0,2.0,-0.012779430838483208,-0.0329670329670364,-0.004884004884004867
198778058147000,5.2224678,back,-0.012779430838483208,28.0,2.0,-0.012779430838483208,-0.0329670329670364,-0.004884004884004867
198778059176100,5.2234969,back,-0.012779430838483208,28.0,2.0,-0.012779430838483208,-0.0329670329670364,-0.004884004884004867
198778060210300,5.2245311,back,-0.012779430838483208,28.0,2.0,-0.012779430838483208,-0.0329670329670364,-0.004884004884004867
198778061159100,5.2254799,back,-0.012779430838483208,28.0,2.0,-0.012779430838483208,-0.0329670329670364,-0.004884004884004867
198778062220500,5.2265413,back,-0.012779430838483208,28.0,2.0,-0.012779430838483208,-0.0329670329670364,-0.004884004884004867
198778063345800,5.2276666,back,-0.012779430838483208,28.0,2.0,-0.012779430838483208,-0.0329670329670364,-0.004884004884004867
198778063956200,5.228277,back,-0.012779430838483208,28.0,2.0,-0.012779430838483208,-0.0329670329670364,-0.004884004884004867
198778065028300,5.2293491,back,-0.012779430838483208,28.0,2.0,-0.012779430838483208,-0.0329670329670364,-0.004884004884004867
198778066169400,5.2304902,back,-0.012779430838483208,28.0,2.0,-0.012779430838483208,-0.0329670329670364,-0.004884004884004867
198778067139000,5.2314598,back,-0.012779430838483208,28.0,2.0,-0.012779430838483208,-0.0329670329670364,-0.004884004884004867
198778068230900,5.2325517,back,-0.012779430838483208,28.0,2.0,-0.012779430838483208,-0.0329670329670364,-0.004884004884004867
198778069359300,5.2336801,back,-0.012779430838483208,28.0,2.0,-0.012779430838483208,-0.0329670329670364,-0.004884004884004867
198778069919700,5.2342405,back,-0.012779430838483208,28.0,2.0,-0.012779430838483208,-0.0329670329670364,-0.004884004884004867
198778070920600,5.2352414,back,-0.012779430838483208,28.0,2.0,-0.012779430838483208,-0.0329670329670364,-0.004884004884004867
198778071995400,5.2363162,back,-0.012779430838483208,28.0,2.0,-0.012779430838483208,-0.0329670329670364,-0.004884004884004867
198778073120800,5.2374416,back,-0.012779430838483208,28.0,2.0,-0.012779430838483208,-0.0329670329670364,-0.004884004884004867
198778074220900,5.2385417,back,-0.012779430838483208,28.0,2.0,-0.012779430838483208,-0.0329670329670364,-0.004884004884004867
198778075438200,5.239759,back,-0.012779430838483208,28.0,2.0,-0.012779430838483208,-0.0329670329670364,-0.004884004884004867
198778076096400,5.2404172,back,-0.012779430838483208,28.0,2.0,-0.012779430838483208,-0.0329670329670364,-0.004884004884004867
198778077103300,5.2414241,back,-0.012779430838483208,28.0,2.0,-0.012779430838483208,-0.0329670329670364,-0.004884004884004867
198778078123700,5.2424445,back,-0.012779430838483208,28.0,2.0,-0.012779430838483208,-0.0329670329670364,-0.004884004884004867
198778079216800,5.2435376,back,-0.012779430838483208,28.0,2.0,-0.012779430838483208,-0.0329670329670364,-0.004884004884004867
198778080320200,5.244641,back,-0.012779430838483208,28.0,2.0,-0.012779430838483208,-0.0329670329670364,-0.004884004884004867
198778080907500,5.2452283,back,-0.012779430838483208,28.0,2.0,-0.012779430838483208,-0.0329670329670364,-0.004884004884004867
198778081909800,5.2462306,back,-0.012779430838483208,28.0,2.0,-0.012779430838483208,-0.0329670329670364,-0.004884004884004867
198778082962200,5.247283,back,-0.012779430838483208,28.0,2.0,-0.012779430838483208,-0.0329670329670364,-0.004884004884004867
198778084098100,5.2484189,back,-0.012779430838483208,28.0,2.0,-0.012779430838483208,-0.0329670329670364,-0.004884004884004867
198778085207000,5.2495278,back,-0.012779430838483208,28.0,2.0,-0.012779430838483208,-0.0329670329670364,-0.004884004884004867
198778086203700,5.2505245,back,-0.012779430838483208,28.0,2.0,-0.012779430838483208,-0.0329670329670364,-0.004884004884004867
198778087291400,5.2516122,back,-0.012779430838483208,28.0,2.0,-0.012779430838483208,-0.0329670329670364,-0.004884004884004867
198778087881500,5.2522023,back,-0.012779430838483208,28.0,2.0,-0.012779430838483208,-0.0329670329670364,-0.004884004884004867
198778089030500,5.2533513,back,-0.012779430838483208,28.0,2.0,-0.012779430838483208,-0.0329670329670364,-0.004884004884004867
198778090110300,5.2544311,back,-0.012779430838483208,28.0,2.0,-0.012779430838483208,-0.0329670329670364,-0.004884004884004867
198778091282500,5.2556033,back,-0.012779430838483208,28.0,2.0,-0.012779430838483208,-0.0329670329670364,-0.004884004884004867
198778092547800,5.2568686,back,-0.012779430838483208,28.0,2.0,-0.012779430838483208,-0.0329670329670364,-0.004884004884004867
198778093154200,5.257475,back,-0.012779430838483208,28.0,2.0,-0.012779430838483208,-0.0329670329670364,-0.004884004884004867
198778094175300,5.2584961,back,-0.012779430838483208,28.0,2.0,-0.012779430838483208,-0.0329670329670364,-0.004884004884004867
198778095310300,5.2596311,back,-0.012779430838483208,28.0,2.0,-0.012779430838483208,-0.0329670329670364,-0.004884004884004867
198778096423600,5.2607444,back,-0.012779430838483208,28.0,2.0,-0.012779430838483208,-0.0329670329670364,-0.004884004884004867
198778097028300,5.2613491,back,-0.012779430838483208,28.0,2.0,-0.012779430838483208,-0.0329670329670364,-0.004884004884004867
198778098030400,5.2623512,back,-0.012779430838483208,28.0,2.0,-0.012779430838483208,-0.0329670329670364,-0.004884004884004867
198778099092000,5.2634128,back,-0.012779430838483208,28.0,2.0,-0.012779430838483208,-0.0329670329670364,-0.004884004884004867
198778100219900,5.2645407,back,-0.012779430838483208,28.0,2.0,-0.012779430838483208,-0.0329670329670364,-0.004884004884004867
198778101310800,5.2656316,back,-0.012779430838483208,28.0,2.0,-0.012779430838483208,-0.0329670329670364,-0.004884004884004867
198778101913400,5.2662342,back,-0.012779430838483208,28.0,2.0,-0.012779430838483208,-0.0329670329670364,-0.004884004884004867
198778102915900,5.2672367,back,-0.012779430838483208,28.0,2.0,-0.012779430838483208,-0.0329670329670364,-0.004884004884004867
198778104039000,5.2683598,back,-0.012779430838483208,28.0,2.0,-0.012779430838483208,-0.0329670329670364,-0.004884004884004867
198778105162100,5.2694829,back,-0.012779430838483208,28.0,2.0,-0.012779430838483208,-0.0329670329670364,-0.004884004884004867
198778106271800,5.2705926,back,-0.012779430838483208,28.0,2.0,-0.013160906385900617,-0.010989010989007397,0.004884004884004867
198778107140000,5.2714608,back,-0.012779430838483208,28.0,2.0,-0.013160906385900617,0.010989010989007397,-0.004884004884004867
198778108144300,5.2724651,back,-0.012779430838483208,28.0,2.0,-0.013160906385900617,0.010989010989007397,-0.004884004884004867
198778109151100,5.2734719,back,-0.012779430838483208,28.0,2.0,-0.013160906385900617,0.010989010989007397,-0.004884004884004867
198778110246700,5.2745675,back,-0.012779430838483208,28.0,2.0,-0.013160906385900617,0.010989010989007397,-0.004884004884004867
198778111387000,5.2757078,back,-0.012779430838483208,28.0,2.0,-0.013160906385900617,0.010989010989007397,-0.004884004884004867
198778111975200,5.276296,back,-0.012779430838483208,28.0,2.0,-0.013160906385900617,0.010989010989007397,-0.004884004884004867
198778112981300,5.2773021,back,-0.012779430838483208,28.0,2.0,-0.013160906385900617,0.010989010989007397,-0.004884004884004867
198778114041600,5.2783624,back,-0.012779430838483208,28.0,2.0,-0.013160906385900617,0.010989010989007397,-0.004884004884004867
198778115173700,5.2794945,back,-0.012779430838483208,28.0,2.0,-0.013160906385900617,0.010989010989007397,-0.004884004884004867
198778116295800,5.2806166,back,-0.012779430838483208,28.0,2.0,-0.013160906385900617,0.010989010989007397,-0.004884004884004867
198778117418000,5.2817388,back,-0.012779430838483208,28.0,2.0,-0.013160906385900617,0.010989010989007397,-0.004884004884004867
198778118022100,5.2823429,back,-0.012779430838483208,28.0,2.0,-0.013160906385900617,0.010989010989007397,-0.004884004884004867
198778119057800,5.2833786,back,-0.012779430838483208,28.0,2.0,-0.013160906385900617,0.010989010989007397,-0.004884004884004867
198778120175300,5.2844961,back,-0.012779430838483208,28.0,2.0,-0.013160906385900617,0.010989010989007397,-0.004884004884004867
198778121252800,5.2855736,back,-0.012779430838483208,28.0,2.0,-0.013160906385900617,0.010989010989007397,-0.004884004884004867
198778122463700,5.2867845,back,-0.012779430838483208,28.0,2.0,-0.013160906385900617,0.010989010989007397,-0.004884004884004867
198778123094300,5.2874151,back,-0.012779430838483208,28.0,2.0,-0.013160906385900617,0.010989010989007397,-0.004884004884004867
198778124125400,5.2884462,back,-0.012779430838483208,28.0,2.0,-0.013160906385900617,0.010989010989007397,-0.004884004884004867
198778125287700,5.2896085,back,-0.012779430838483208,28.0,2.0,-0.013160906385900617,0.010989010989007397,-0.004884004884004867
198778126445000,5.2907658,back,-0.012779430838483208,28.0,2.0,-0.013160906385900617,0.010989010989007397,-0.004884004884004867
198778127020000,5.2913408,back,-0.012779430838483208,28.0,2.0,-0.013160906385900617,0.010989010989007397,-0.004884004884004867
198778128026100,5.2923469,back,-0.012779430838483208,28.0,2.0,-0.013160906385900617,0.010989010989007397,-0.004884004884004867
198778129173900,5.2934947,back,-0.012779430838483208,28.0,2.0,-0.013160906385900617,0.010989010989007397,-0.004884004884004867
198778130269300,5.2945901,back,-0.012779430838483208,28.0,2.0,-0.013160906385900617,0.010989010989007397,-0.004884004884004867
198778131393500,5.2957143,back,-0.012779430838483208,28.0,2.0,-0.013160906385900617,0.010989010989007397,-0.004884004884004867
198778131972700,5.2962935,back,-0.012779430838483208,28.0,2.0,-0.013160906385900617,0.010989010989007397,-0.004884004884004867
198778132974900,5.2972957,back,-0.012779430838483208,28.0,2.0,-0.013160906385900617,0.010989010989007397,-0.004884004884004867
198778134117700,5.2984385,back,-0.012779430838483208,28.0,2.0,-0.013160906385900617,0.010989010989007397,-0.004884004884004867
198778135214900,5.2995357,back,-0.012779430838483208,28.0,2.0,-0.013160906385900617,0.010989010989007397,-0.004884004884004867
198778136342000,5.3006628,back,-0.012779430838483208,28.0,2.0,-0.013160906385900617,0.010989010989007397,-0.004884004884004867
198778136928900,5.3012497,back,-0.012779430838483208,28.0,2.0,-0.013160906385900617,0.010989010989007397,-0.004884004884004867
198778138029300,5.3023501,back,-0.012779430838483208,28.0,2.0,-0.013160906385900617,0.010989010989007397,-0.004884004884004867
198778139152600,5.3034734,back,-0.012779430838483208,28.0,2.0,-0.013160906385900617,0.010989010989007397,-0.004884004884004867
198778140152900,5.3044737,back,-0.012779430838483208,28.0,2.0,-0.013160906385900617,0.010989010989007397,-0.004884004884004867
198778141204500,5.3055253,back,-0.012779430838483208,28.0,2.0,-0.013160906385900617,0.010989010989007397,-0.004884004884004867
198778142305500,5.3066263,back,-0.012779430838483208,28.0,2.0,-0.013160906385900617,0.010989010989007397,-0.004884004884004867
198778142902400,5.3072232,back,-0.012779430838483208,28.0,2.0,-0.013160906385900617,0.010989010989007397,-0.004884004884004867
198778143933400,5.3082542,back,-0.012779430838483208,28.0,2.0,-0.013160906385900617,0.010989010989007397,-0.004884004884004867
198778145062200,5.309383,back,-0.012779430838483208,28.0,2.0,-0.013160906385900617,0.010989010989007397,-0.004884004884004867
198778146168100,5.3104889,back,-0.012779430838483208,28.0,2.0,-0.013160906385900617,0.010989010989007397,-0.004884004884004867
198778147277700,5.3115985,back,-0.012779430838483208,28.0,2.0,-0.013160906385900617,0.010989010989007397,-0.004884004884004867
198778148546900,5.3128677,back,-0.012779430838483208,28.0,2.0,-0.013160906385900617,0.010989010989007397,-0.004884004884004867
198778149159600,5.3134804,back,-0.012779430838483208,28.0,2.0,-0.013160906385900617,0.010989010989007397,-0.004884004884004867
198778150191700,5.3145125,back,-0.012779430838483208,28.0,2.0,-0.013160906385900617,0.010989010989007397,-0.004884004884004867
198778151308400,5.3156292,back,-0.012779430838483208,28.0,2.0,-0.013160906385900617,0.010989010989007397,-0.004884004884004867
198778151906500,5.3162273,back,-0.012779430838483208,28.0,2.0,-0.013160906385900617,0.010989010989007397,-0.004884004884004867
198778153146500,5.3174673,back,-0.012779430838483208,28.0,2.0,-0.013160906385900617,0.010989010989007397,-0.004884004884004867
198778154526600,5.3188474,back,-0.012779430838483208,28.0,2.0,-0.013160906385900617,0.010989010989007397,-0.004884004884004867
198778155130700,5.3194515,back,-0.012779430838483208,28.0,2.0,-0.013160906385900617,0.010989010989007397,-0.004884004884004867
198778156134800,5.3204556,back,-0.012779430838483208,28.0,2.0,-0.013160906385900617,0.010989010989007397,-0.004884004884004867
198778157261800,5.3215826,back,-0.012779430838483208,28.0,2.0,-0.013160906385900617,0.010989010989007397,-0.004884004884004867
198778158264200,5.322585,back,-0.012779430838483208,28.0,2.0,-0.013160906385900617,0.010989010989007397,-0.004884004884004867
198778158838400,5.3231592,back,-0.012779430838483208,28.0,2.0,-0.013160906385900617,0.010989010989007397,-0.004884004884004867
198778159840600,5.3241614,back,-0.012779430838483208,28.0,2.0,-0.013160906385900617,0.010989010989007397,-0.004884004884004867
198778160874100,5.3251949,back,-0.012779430838483208,28.0,2.0,-0.013160906385900617,0.010989010989007397,-0.004884004884004867
198778161926200,5.326247,back,-0.012779430838483208,28.0,2.0,-0.013160906385900617,0.010989010989007397,-0.004884004884004867
198778163014100,5.3273349,back,-0.012779430838483208,28.0,2.0,-0.013160906385900617,0.010989010989007397,-0.004884004884004867
198778164119800,5.3284406,back,-0.012779430838483208,28.0,2.0,-0.013160906385900617,0.010989010989007397,-0.004884004884004867
198778165211500,5.3295323,back,-0.012779430838483208,28.0,2.0,-0.013160906385900617,0.010989010989007397,-0.004884004884004867
198778166272100,5.3305929,back,-0.012779430838483208,28.0,2.0,-0.013160906385900617,0.010989010989007397,-0.004884004884004867
198778167271400,5.3315922,back,-0.012779430838483208,28.0,2.0,-0.013160906385900617,0.010989010989007397,-0.004884004884004867
198778167832500,5.3321533,back,-0.012779430838483208,28.0,2.0,-0.013160906385900617,0.010989010989007397,-0.004884004884004867
198778168942700,5.3332635,back,-0.012779430838483208,28.0,2.0,-0.013160906385900617,0.010989010989007397,-0.004884004884004867
198778170688100,5.3350089,back,-0.012779430838483208,28.0,2.0,-0.013160906385900617,0.010989010989007397,-0.004884004884004867
198778170817000,5.3351378,back,-0.012779430838483208,28.0,2.0,-0.013160906385900617,0.010989010989007397,-0.004884004884004867
198778172450200,5.336771,back,-0.012779430838483208,28.0,2.0,-0.013160906385900617,0.010989010989007397,-0.004884004884004867
198778173091600,5.3374124,back,-0.012779430838483208,28.0,2.0,-0.013160906385900617,0.010989010989007397,-0.004884004884004867
198778174096000,5.3384168,back,-0.012779430838483208,28.0,2.0,-0.013160906385900617,0.010989010989007397,-0.004884004884004867
198778175188400,5.3395092,back,-0.012779430838483208,28.0,2.0,-0.013160906385900617,0.010989010989007397,-0.004884004884004867
198778176282100,5.3406029,back,-0.012779430838483208,28.0,2.0,-0.013160906385900617,0.010989010989007397,-0.004884004884004867
198778176883500,5.3412043,back,-0.012779430838483208,28.0,2.0,-0.013160906385900617,0.010989010989007397,-0.004884004884004867
198778177888000,5.3422088,back,-0.012779430838483208,28.0,2.0,-0.013160906385900617,0.010989010989007397,-0.004884004884004867
198778178905400,5.3432262,back,-0.012779430838483208,28.0,2.0,-0.013160906385900617,0.010989010989007397,-0.004884004884004867
198778179910700,5.3442315,back,-0.012779430838483208,28.0,2.0,-0.013160906385900617,0.010989010989007397,-0.004884004884004867
198778180909900,5.3452307,back,-0.012779430838483208,28.0,2.0,-0.013160906385900617,0.010989010989007397,-0.004884004884004867
198778181988100,5.3463089,back,-0.012779430838483208,28.0,2.0,-0.013160906385900617,0.010989010989007397,-0.004884004884004867
198778183051200,5.347372,back,-0.012779430838483208,28.0,2.0,-0.013160906385900617,0.010989010989007397,-0.004884004884004867
198778184231800,5.3485526,back,-0.012779430838483208,28.0,2.0,-0.013160906385900617,0.010989010989007397,-0.004884004884004867
198778185306600,5.3496274,back,-0.012779430838483208,28.0,2.0,-0.013160906385900617,0.010989010989007397,-0.004884004884004867
198778185921600,5.3502424,back,-0.012779430838483208,28.0,2.0,-0.013160906385900617,0.010989010989007397,-0.004884004884004867
198778186920400,5.3512412,back,-0.012779430838483208,28.0,2.0,-0.013160906385900617,0.010989010989007397,-0.004884004884004867
198778188052900,5.3523737,back,-0.012779430838483208,28.0,2.0,-0.013160906385900617,0.010989010989007397,-0.004884004884004867
198778189143600,5.3534644,back,-0.012779430838483208,28.0,2.0,-0.013160906385900617,0.010989010989007397,-0.004884004884004867
198778190255400,5.3545762,back,-0.012779430838483208,28.0,2.0,-0.013160906385900617,0.010989010989007397,-0.004884004884004867
198778191303500,5.3556243,back,-0.012779430838483208,28.0,2.0,-0.013160906385900617,0.010989010989007397,-0.004884004884004867
198778191908900,5.3562297,back,-0.012779430838483208,28.0,2.0,-0.013160906385900617,0.010989010989007397,-0.004884004884004867
198778192981000,5.3573018,back,-0.012779430838483208,28.0,2.0,-0.013160906385900617,0.010989010989007397,-0.004884004884004867
198778194004300,5.3583251,back,-0.012779430838483208,28.0,2.0,-0.013160906385900617,0.010989010989007397,-0.004884004884004867
198778194986800,5.3593076,back,-0.012779430838483208,28.0,2.0,-0.013160906385900617,0.010989010989007397,-0.004884004884004867
198778195993400,5.3603142,back,-0.012779430838483208,28.0,2.0,-0.013160906385900617,0.010989010989007397,-0.004884004884004867
198778197002000,5.3613228,back,-0.012779430838483208,28.0,2.0,-0.013160906385900617,0.010989010989007397,-0.004884004884004867
198778198059800,5.3623806,back,-0.012779430838483208,28.0,2.0,-0.013160906385900617,0.010989010989007397,-0.004884004884004867
198778199176700,5.3634975,back,-0.012779430838483208,28.0,2.0,-0.013160906385900617,0.010989010989007397,-0.004884004884004867
198778200458200,5.364779,back,-0.012779430838483208,28.0,2.0,-0.013160906385900617,0.010989010989007397,-0.004884004884004867
198778201325500,5.3656463,back,-0.012779430838483208,28.0,2.0,-0.013160906385900617,0.010989010989007397,-0.004884004884004867
198778202271300,5.3665921,back,-0.012779430838483208,28.0,2.0,-0.013160906385900617,0.010989010989007397,-0.004884004884004867
198778203323600,5.3676444,back,-0.012779430838483208,28.0,2.0,-0.013160906385900617,0.010989010989007397,-0.004884004884004867
198778203955900,5.3682767,back,-0.012779430838483208,28.0,2.0,-0.013160906385900617,0.010989010989007397,-0.004884004884004867
198778204958000,5.3692788,back,-0.012779430838483208,28.0,2.0,-0.013160906385900617,0.010989010989007397,-0.004884004884004867
198778205996000,5.3703168,back,-0.012779430838483208,28.0,2.0,-0.013160906385900617,0.010989010989007397,-0.004884004884004867
198778207047200,5.371368,back,-0.012779430838483208,28.0,2.0,-0.013160906385900617,0.010989010989007397,-0.004884004884004867
198778208095600,5.3724164,back,-0.012779430838483208,28.0,2.0,-0.013160906385900617,0.010989010989007397,-0.004884004884004867
198778209158100,5.3734789,back,-0.012779430838483208,28.0,2.0,-0.013160906385900617,0.010989010989007397,-0.004884004884004867
198778210268600,5.3745894,back,-0.012779430838483208,28.0,2.0,-0.013160906385900617,0.010989010989007397,-0.004884004884004867
198778211318700,5.3756395,back,-0.012779430838483208,28.0,2.0,-0.013160906385900617,0.010989010989007397,-0.004884004884004867
198778211923600,5.3762444,back,-0.012779430838483208,28.0,2.0,-0.013160906385900617,0.010989010989007397,-0.004884004884004867
198778212925800,5.3772466,back,-0.012779430838483208,28.0,2.0,-0.013160906385900617,0.010989010989007397,-0.004884004884004867
198778213957400,5.3782782,back,-0.012779430838483208,28.0,2.0,-0.013160906385900617,0.010989010989007397,-0.004884004884004867
198778214994200,5.379315,back,-0.012779430838483208,28.0,2.0,-0.013160906385900617,0.010989010989007397,-0.004884004884004867
198778216305300,5.3806261,back,-0.012779430838483208,28.0,2.0,-0.013160906385900617,0.010989010989007397,-0.004884004884004867
198778217536000,5.3818568,back,-0.012779430838483208,28.0,2.0,-0.012779430838483208,-0.010989010989007397,-0.004884004884004867
198778218156800,5.3824776,back,-0.012779430838483208,28.0,2.0,-0.012779430838483208,-0.010989010989007397,-0.004884004884004867
198778219280300,5.3836011,back,-0.012779430838483208,28.0,2.0,-0.012779430838483208,-0.010989010989007397,-0.004884004884004867
198778219918000,5.3842388,back,-0.012779430838483208,28.0,2.0,-0.012779430838483208,-0.010989010989007397,-0.004884004884004867
198778220919900,5.3852407,back,-0.012779430838483208,28.0,2.0,-0.012779430838483208,-0.010989010989007397,-0.004884004884004867
198778221954600,5.3862754,back,-0.012779430838483208,28.0,2.0,-0.012779430838483208,-0.010989010989007397,-0.004884004884004867
198778222971800,5.3872926,back,-0.012779430838483208,28.0,2.0,-0.012779430838483208,-0.010989010989007397,-0.004884004884004867
198778224027000,5.3883478,back,-0.012779430838483208,28.0,2.0,-0.012779430838483208,-0.010989010989007397,-0.004884004884004867
198778225150900,5.3894717,back,-0.012779430838483208,28.0,2.0,-0.012779430838483208,-0.010989010989007397,-0.004884004884004867
198778226217900,5.3905387,back,-0.012779430838483208,28.0,2.0,-0.012779430838483208,-0.010989010989007397,-0.004884004884004867
198778227349400,5.3916702,back,-0.012779430838483208,28.0,2.0,-0.012779430838483208,-0.010989010989007397,-0.004884004884004867
198778227937900,5.3922587,back,-0.012779430838483208,28.0,2.0,-0.012779430838483208,-0.010989010989007397,-0.004884004884004867
198778228940100,5.3932609,back,-0.012779430838483208,28.0,2.0,-0.012779430838483208,-0.010989010989007397,-0.004884004884004867
198778229970500,5.3942913,back,-0.012779430838483208,28.0,2.0,-0.012779430838483208,-0.010989010989007397,-0.004884004884004867
198778231020900,5.3953417,back,-0.012779430838483208,28.0,2.0,-0.012779430838483208,-0.010989010989007397,-0.004884004884004867
198778232133500,5.3964543,back,-0.012779430838483208,28.0,2.0,-0.012779430838483208,-0.010989010989007397,-0.004884004884004867
198778233354700,5.3976755,back,-0.012779430838483208,28.0,2.0,-0.012779430838483208,-0.010989010989007397,-0.004884004884004867
198778233942500,5.3982633,back,-0.012779430838483208,28.0,2.0,-0.012779430838483208,-0.010989010989007397,-0.004884004884004867
198778234956800,5.3992776,back,-0.012779430838483208,28.0,2.0,-0.012779430838483208,-0.010989010989007397,-0.004884004884004867
198778235963500,5.4002843,back,-0.012779430838483208,28.0,2.0,-0.012779430838483208,-0.010989010989007397,-0.004884004884004867
198778236966600,5.4012874,back,-0.012779430838483208,28.0,2.0,-0.012779430838483208,-0.010989010989007397,-0.004884004884004867
