t_host_mono_ns,channel,can_id,dlc,data_hex
196390835114300,0,17,8,017fde7ff8001a17
196390835190300,0,18,8,0281c87ff8021a18
196390835206300,1,19,8,03804b8007ff1a18
196390835214800,1,20,8,047e567ff7ff1a18
196390835221800,0,21,8,057f037ff7ff1a17
196390835229100,0,22,8,06819c7ff7ff1917
196390835235900,1,23,8,077fe77ff8001a14
196390835242500,1,24,8,087ffe7ff8001917
196391054341700,0,17,8,017fdd7ff8001a17
196391054425500,0,18,8,0281c88008001a18
196391054435200,1,19,8,03804b7fe8001a18
196391054450000,1,20,8,047e567ff8001a18
196391054461500,0,21,8,057f037ff8001a17
196391054477100,0,22,8,06819d7ff7ff1917
196391054484900,1,23,8,077fe67fe8001a14
196391054515400,1,24,8,087ffe7ff8001917
196391054523300,0,17,8,017fde7ff8001a17
196391054529500,0,18,8,0281c87ff8001a18
196391054535400,1,19,8,03804b7fe8001a18
196391054541500,1,20,8,047e567ff8001a18
196391054548200,0,21,8,057f037fe8001a17
196391054554000,0,22,8,06819d7ff8001917
196391054559800,1,23,8,077fe77ff8001a14
196391054565600,1,24,8,087ffe8008001917
196391054571300,0,17,8,017fdd7ff8001a17
196391054577200,0,18,8,0281c87ff8011a18
196391054583100,1,19,8,03804b7ff7ff1a18
196391054589900,1,20,8,047e568007ff1a18
196391054596000,0,21,8,057f037ff8001a17
196391054601600,0,22,8,06819d7ff8001917
196391054607300,1,23,8,077fe67fe8011a14
196391054623800,1,24,8,087ffe7ff7ff1917
196391054631200,0,17,8,017fdd7ff8001a17
196391054637100,0,18,8,0281c87ff8021a18
196391054643000,1,19,8,03804b7ff7ff1a18
196391163350200,1,20,8,047e567ff7ff1a18
196391163383000,0,21,8,057f038008001a17
196391163406100,0,22,8,06819d7ff8001917
196391163414100,1,23,8,077fe67fe8001a14
196391163420300,1,24,8,087ffe8007ff1917
196391163430600,0,17,8,017fdd8008001a17
196391163440100,0,18,8,0281c87ff8001a18
196391163449000,1,19,8,03804b7ff7ff1a18
196391163455800,1,20,8,047e567ff7ff1a18
196391163461500,0,21,8,057f037ff8001a17
196391163467600,0,22,8,06819d7ff7ff1917
196391163473800,1,23,8,077fe77ff8001a14
196391163479900,1,24,8,087ffe7ff7ff1917
196391163485900,0,17,8,017fdd7ff8001a17
196391163492500,0,18,8,0281c87fe8011a18
196391163498600,1,19,8,03804b8008001a18
196391163505900,1,20,8,047e567ff7ff1a18
196391163511900,0,21,8,057f037ff8001a17
196391163517800,0,22,8,06819d7ff7ff1917
196391163526000,1,23,8,077fe77ff8001a14
196391163535000,1,24,8,087ffe7ff8001917
196391163541500,0,17,8,017fde7ff8001a17
196391163547900,0,18,8,0281c87fe8001a18
196391163555800,1,19,8,03804b8007ff1a18
196391163561800,1,20,8,047e567ff7ff1a18
196391163567400,0,21,8,057f037ff8001a17
196391163573100,0,22,8,06819d8007ff1917
196391163579000,1,23,8,077fe67fe8011a14
196391163584900,1,24,8,087ffe7ff7ff1917
196391163590800,0,17,8,017fdd7fe8001a17
196391163597400,0,18,8,0281c87ff8001a18
196391163603100,1,19,8,03804b7fe7ff1a18
196391163608800,1,20,8,047e567ff8001a18
196391163614500,0,21,8,057f037ff7ff1a17
196391163620300,0,22,8,06819d7ff7ff1917
196391163626300,1,23,8,077fe77ff8001a14
196391163632300,1,24,8,087ffe7ff8001917
196391163638200,0,17,8,017fde7ff8001a17
196391163644900,0,18,8,0281c88008001a18
196391163650900,1,19,8,03804b7ff7ff1a18
196391163656800,1,20,8,047e567ff8001a18
196391163663000,0,21,8,057f038007ff1a17
196391163670000,0,22,8,06819d7fe8001917
196391163675700,1,23,8,077fe78008001a14
196391163681400,1,24,8,087ffe7ff7ff1917
196391163687100,0,17,8,017fde8008001a17
196391163692900,0,18,8,0281c87ff8001a18
196391163698500,1,19,8,03804b7ff7ff1a18
196391163704300,1,20,8,047e568008001a18
196391163710200,0,21,8,057f037fe8001a17
196391163715800,0,22,8,06819c7fe7ff1917
196391163721600,1,23,8,077fe67ff7ff1a14
196391163727500,1,24,8,087ffe7ff7ff1917
196391163733600,0,17,8,017fde7ff8001a17
196391163739300,0,18,8,0281c87ff8011a18
196391163745000,1,19,8,03804b7ff7ff1a18
196391163750800,1,20,8,047e567ff8001a18
196391163756700,0,21,8,057f038008001a17
196391163762900,0,22,8,06819d7ff7ff1917
196391163768500,1,23,8,077fe78008001a14
196391163774100,1,24,8,087ffe7ff7ff1917
196391163779900,0,17,8,017fdd7ff8001a17
196391163785700,0,18,8,0281c87ff8001a18
196391163791400,1,19,8,03804b7ff7ff1a18
196391163797100,1,20,8,047e567ff8001a18
196391163803000,0,21,8,057f037ff8001a17
196391163808800,0,22,8,06819c7ff8001917
196391163815500,1,23,8,077fe67fe8011a14
196391163821200,1,24,8,087ffe8007ff1917
196391163827200,0,17,8,017fdd7ff8001a17
196391163832900,0,18,8,0281c87ff8011a18
196391163838600,1,19,8,03804b8007ff1a18
196391163844700,1,20,8,047e568008001a18
196391163850800,0,21,8,057f037ff8001a17
196391163857300,0,22,8,06819d7ff8001917
196391163863200,1,23,8,077fe77ff8001a14
196391163868800,1,24,8,087ffe7ff8001917
196391163874300,0,17,8,017fdd7ff8011a17
196391163880000,0,18,8,0281c87ff8001a18
196391163885600,1,19,8,03804b8007ff1a18
196391163891400,1,20,8,047e568008001a18
196391163897000,0,21,8,057f037ff8001a17
196391163902500,0,22,8,06819d7ff7ff1917
196391163908200,1,23,8,077fe77ff8001a14
196391163913800,1,24,8,087ffe7ff8001917
196391163919500,0,17,8,017fdd7ff8001a17
196391163926100,0,18,8,0281c87ff8001a18
196391163931800,1,19,8,03804b7ff7ff1a18
196391163938400,1,20,8,047e567ff7ff1a18
196391163944500,0,21,8,057f037ff8001a17
196391163950600,0,22,8,06819d7fe7ff1917
196391163956400,1,23,8,077fe77ff8001a14
196391163962400,1,24,8,087ffe7fe7ff1917
196391163968400,0,17,8,017fdd7ff7ff1a17
196391163974900,0,18,8,0281c88008011a18
196391163980600,1,19,8,03804b7ff7ff1a18
196391163986300,1,20,8,047e567ff8001a18
196391163992200,0,21,8,057f037ff8001a17
196391163997800,0,22,8,06819c7ff8001917
196391164003600,1,23,8,077fe67fe8001a14
196391164009300,1,24,8,087ffe8007ff1917
196391164015700,0,17,8,017fdd7ff8001a17
196391164021700,0,18,8,0281c87fe8011a18
196391164027300,1,19,8,03804b7ff7ff1a18
196391164033000,1,20,8,047e567ff8001a18
196391164038800,0,21,8,057f037ff8001a17
196391164044400,0,22,8,06819c7ff8001917
196391164050000,1,23,8,077fe77ff8001a14
196391164055900,1,24,8,087ffe7fe8001917
196391273397700,0,17,8,017fdd7ff8001a17
196391273424900,0,18,8,0281c87ff8001a18
196391273432900,1,19,8,03804b7ff7ff1a18
196391273439300,1,20,8,047e567ff7ff1a18
196391273445300,0,21,8,057f037fe8001a17
196391273452600,0,22,8,06819d7ff8001917
196391273459000,1,23,8,077fe77ff8001a14
196391273464900,1,24,8,087ffe8008001917
196391273471100,0,17,8,017fde7ff8001a17
196391273477000,0,18,8,0281c87ff8011a18
196391273482700,1,19,8,03804a7ff8001a18
196391273488500,1,20,8,047e567ff7ff1a18
196391273494400,0,21,8,057f038008001a17
196391273500400,0,22,8,06819d7fe8001917
196391273506200,1,23,8,077fe78008001a14
196391273512200,1,24,8,087ffe7ff8001917
196391273518400,0,17,8,017fde7ff8001a17
196391273524300,0,18,8,0281c87ff8001a18
196391273529900,1,19,8,03804b8007ff1a18
196391273535700,1,20,8,047e567ff7ff1a18
196391273541400,0,21,8,057f037fe7ff1a17
196391273547200,0,22,8,06819d7ff8001917
196391273553300,1,23,8,077fe77ff8011a14
196391273559200,1,24,8,087ffe7fe8001917
196391273565200,0,17,8,017fde7ff8001a17
196391273571100,0,18,8,0281c87ff8001a18
196391273577100,1,19,8,03804b7ff8001a18
196391273582800,1,20,8,047e567ff7ff1a18
196391273588400,0,21,8,057f038007ff1a17
196391273594400,0,22,8,06819d7ff7ff1917
196391273600100,1,23,8,077fe77fe8001a14
196391273605700,1,24,8,087ffe7ff8001917
196391273611200,0,17,8,017fdd7ff8001a17
196391273617100,0,18,8,0281c88008001a18
196391273623000,1,19,8,03804b7ff8001a18
196391273629200,1,20,8,047e568007ff1a18
196391273634800,0,21,8,057f037fe8001a17
196391273640900,0,22,8,06819d8007ff1917
196391273646800,1,23,8,077fe77ff8001a14
196391273652600,1,24,8,087ffe8008001917
196391273658200,0,17,8,017fde7ff8001a17
196391273663900,0,18,8,0281c88008011a18
196391273669700,1,19,8,03804b8007ff1a18
196391273675300,1,20,8,047e568007ff1a18
196391273682400,0,21,8,057f038008001a17
196391273688000,0,22,8,06819d7ff8001917
196391273693700,1,23,8,077fe77ff8001a14
196391273699500,1,24,8,087ffe7ff8001917
196391273705500,0,17,8,017fdd7ff8001a17
196391273711200,0,18,8,0281c87ff8001a18
196391273717000,1,19,8,03804b7fe7ff1a18
196391273723000,1,20,8,047e567ff7ff1a18
196391273728700,0,21,8,057f037ff8001a17
196391273734400,0,22,8,06819c7ff7ff1917
196391273740400,1,23,8,077fe67fe8001a14
196391273746800,1,24,8,087ffe7fe7ff1917
196391273752400,0,17,8,017fde8008011a17
196391273758700,0,18,8,0281c87ff8001a18
196391273764400,1,19,8,03804b8007ff1a18
196391273770100,1,20,8,047e567ff7ff1a18
196391273775700,0,21,8,057f037ff7ff1a17
196391273781400,0,22,8,06819d8008001917
196391273787100,1,23,8,077fe78008001a14
196391273792800,1,24,8,087ffe7ff8001917
196391273798400,0,17,8,017fde7ff8001a17
196391273804300,0,18,8,0281c88018001a18
196391273809900,1,19,8,03804b7fe7ff1a18
196391273815600,1,20,8,047e567ff7ff1a18
196391273821400,0,21,8,057f037ff8001a17
196391273827000,0,22,8,06819d7ff7ff1917
196391273832800,1,23,8,077fe78008001a14
196391273838400,1,24,8,087ffe7ff7ff1917
196391273844400,0,17,8,017fde7ff8001a17
196391273856000,0,18,8,0281c87ff8001a18
196391273864800,1,19,8,03804b7ff8001a18
196391273883200,1,20,8,047e567ff7ff1a18
196391273890600,0,21,8,057f037ff8001a17
196391273896400,0,22,8,06819c7fe7ff1917
196391273902200,1,23,8,077fe67fe8001a14
196391273908400,1,24,8,087ffe8007ff1917
196391273914000,0,17,8,017fde7ff8001a17
196391273919700,0,18,8,0281c87ff8011a18
196391273925300,1,19,8,03804b8007ff1a18
196391273931000,1,20,8,047e568007ff1a18
196391273936800,0,21,8,057f038007ff1a17
196391273942600,0,22,8,06819d7ff7ff1917
196391273948300,1,23,8,077fe77ff8001a14
196391273954100,1,24,8,087ffe7ff8001917
196391273959700,0,17,8,017fde8008001a17
196391273966600,0,18,8,0281c87fe8001a18
196391273972200,1,19,8,03804b7ff7ff1a18
196391273977900,1,20,8,047e567ff8001a18
196391273983600,0,21,8,057f037fe7ff1a17
196391273989500,0,22,8,06819d7ff8001917
196391273995100,1,23,8,077fe77ff8001a14
196391274000900,1,24,8,087ffe7fe7ff1917
196391274006900,0,17,8,017fde7ff8001a17
196391274012700,0,18,8,0281c87ff8001a18
196391274018300,1,19,8,03804b7ff8001a18
196391274023900,1,20,8,047e567ff7ff1a18
196391274029400,0,21,8,057f037ff8001a17
196391274035200,0,22,8,06819d8008001917
196391274040900,1,23,8,077fe78008001a14
196391274047200,1,24,8,087ffe7ff7ff1917
196391274055800,0,17,8,017fdd7ff8001a17
196391274061800,0,18,8,0281c87ff8001a18
196391274067400,1,19,8,03804b7ff7ff1a18
196391274073100,1,20,8,047e567ff8001a18
196391274078600,0,21,8,057f038007ff1a17
196391274084700,0,22,8,06819d7ff7ff1917
196391382712800,1,23,8,077fe67fe8001a14
196391382743600,1,24,8,087ffe7ff7ff1917
196391382751900,0,17,8,017fde7ff8001a17
196391382759000,0,18,8,0281c88008001a18
196391382764900,1,19,8,03804b7ff7ff1a18
196391382770900,1,20,8,047e567fe7ff1a18
196391382777100,0,21,8,057f037fe7ff1a17
196391382783100,0,22,8,06819c7ff8001917
196391382789100,1,23,8,077fe67ff8001a14
196391382796300,1,24,8,087ffe7ff8001917
196391382802500,0,17,8,017fdd7ff8001a17
196391382808700,0,18,8,0281c87ff8001a18
196391382814500,1,19,8,03804b8007ff1a18
196391382820400,1,20,8,047e567ff8001a18
196391382826200,0,21,8,057f037ff7ff1a17
196391382833000,0,22,8,06819c7fe7ff1917
196391382838700,1,23,8,077fe67fe8001a14
196391382844400,1,24,8,087ffe8007ff1917
196391382850700,0,17,8,017fdd7ff8001a17
196391382856600,0,18,8,0281c87fe8001a18
196391382862300,1,19,8,03804b7ff7ff1a18
196391382867900,1,20,8,047e567ff7ff1a18
196391382873700,0,21,8,057f037ff7ff1a17
196391382879400,0,22,8,06819d7fe8001917
196391382885200,1,23,8,077fe77ff8001a14
196391382890900,1,24,8,087ffe7ff7fe1917
196391382896600,0,17,8,017fde7ff8001a17
196391382903100,0,18,8,0281c87ff8011a18
196391382908900,1,19,8,03804b7ff7ff1a18
196391382915300,1,20,8,047e567ff8001a18
196391382921400,0,21,8,057f037fe7ff1a17
196391382927100,0,22,8,06819d7fe8001917
196391382933100,1,23,8,077fe78008001a14
196391382938900,1,24,8,087ffe7ff7ff1917
196391382944700,0,17,8,017fde7ff8011a17
196391382950500,0,18,8,0281c87ff8001a18
196391382956200,1,19,8,03804b7ff8001a18
196391382962100,1,20,8,047e567ff8001a18
196391382967800,0,21,8,057f038007ff1a17
196391382973600,0,22,8,06819c7ff8001917
196391382979300,1,23,8,077fe67fe8001a14
196391382985100,1,24,8,087ffe7ff7ff1917
196391382990800,0,17,8,017fde7ff8001a17
196391382997100,0,18,8,0281c87ff8001a18
196391383003200,1,19,8,03804b7ff7ff1a18
196391383008900,1,20,8,047e567ff8001a18
196391383014500,0,21,8,057f037ff8001a17
196391383020100,0,22,8,06819d7ff8001917
196391383025900,1,23,8,077fe78008001a14
196391383031600,1,24,8,087ffe7ff7ff1917
196391383037400,0,17,8,017fde8008001a17
196391383043100,0,18,8,0281c87fe8011a18
196391383048700,1,19,8,03804b7ff7fe1a18
196391383054600,1,20,8,047e567ff7ff1a18
196391383060600,0,21,8,057f037ff8001a17
196391383066900,0,22,8,06819d7ff7ff1917
196391383072600,1,23,8,077fe67ff8001a14
196391383078200,1,24,8,087ffe7ff7ff1917
196391383083800,0,17,8,017fdd7ff8001a17
196391383089600,0,18,8,0281c88008001a18
196391383095300,1,19,8,03804b7ff7ff1a18
196391383101200,1,20,8,047e568007ff1a18
196391383106700,0,21,8,057f038008001a17
196391383112600,0,22,8,06819d8007ff1917
196391383118500,1,23,8,077fe67ff8011a14
196391383124200,1,24,8,087ffe8008001917
196391383130200,0,17,8,017fde7ff7ff1a17
196391383136200,0,18,8,0281c87fe8001a18
196391383141900,1,19,8,03804b7ff7ff1a18
196391383147600,1,20,8,047e567ff8001a18
196391383153200,0,21,8,057f037ff8001a17
196391383158900,0,22,8,06819c7ff8001917
196391383164900,1,23,8,077fe77ff8001a14
196391383179700,1,24,8,087ffe7fd7ff1917
196391383188500,0,17,8,017fdd7ff8001a17
196391383197000,0,18,8,0281c87fe8001a18
196391383205500,1,19,8,03804b7ff7ff1a18
196391383213900,1,20,8,047e567fe8001a18
196391383223500,0,21,8,057f037fe8001a17
196391383243100,0,22,8,06819c7fe7ff1917
196391383250400,1,23,8,077fe67ff8001a14
196391383256400,1,24,8,087ffe7ff7ff1917
196391383262500,0,17,8,017fdd7ff8001a17
196391383268300,0,18,8,0281c88008001a18
196391383274000,1,19,8,03804b7ff8001a18
196391383279800,1,20,8,047e567fe8001a18
196391383285400,0,21,8,057f038008001a17
196391383291100,0,22,8,06819d8007ff1917
196391383296800,1,23,8,077fe78008001a14
196391383302900,1,24,8,087ffe7ff8001917
196391383308700,0,17,8,017fde8008001a17
196391383314400,0,18,8,0281c87fe8011a18
196391383320200,1,19,8,03804b7ff7ff1a18
196391383326100,1,20,8,047e567fe8001a18
196391383332100,0,21,8,057f037fe8001a17
196391383337900,0,22,8,06819d7ff7ff1917
196391383343500,1,23,8,077fe78018001a14
196391383349400,1,24,8,087ffe7fe8001917
196391383355100,0,17,8,017fde8008011a17
196391383361300,0,18,8,0281c87ff8001a18
196391383366900,1,19,8,03804b7ff7ff1a18
196391383372500,1,20,8,047e567ff8001a18
196391383378100,0,21,8,057f037ff8001a17
196391383383800,0,22,8,06819d7ff7ff1917
196391383389800,1,23,8,077fe77ff8001a14
196391383395400,1,24,8,087ffe7fe7ff1917
196391383401200,0,17,8,017fdd7ff8001a17
196391383407000,0,18,8,0281c87ff8011a18
196391383412700,1,19,8,03804b7ff8001a18
196391493500100,1,20,8,047e567ff8001a18
196391493533200,0,21,8,057f037ff8001a17
196391493546800,0,22,8,06819c7ff8001917
196391493571200,1,23,8,077fe77ff8001a14
196391493595300,1,24,8,087ffe8007fe1917
196391493606900,0,17,8,017fdd7ff8011a17
196391493616500,0,18,8,0281c87ff8011a18
196391493624000,1,19,8,03804b7ff7ff1a18
196391493630500,1,20,8,047e567ff7ff1a18
196391493636800,0,21,8,057f037ff8001a17
196391493642700,0,22,8,06819c7ff7ff1917
196391493648800,1,23,8,077fe78008001a14
196391493654500,1,24,8,087ffe7ff7ff1917
196391493660500,0,17,8,017fdd7fe8001a17
196391493666800,0,18,8,0281c88008011a18
196391493672800,1,19,8,03804b7ff7ff1a18
196391493678600,1,20,8,047e567fd7ff1a18
196391493684500,0,21,8,057f037fe8001a17
196391493690400,0,22,8,06819c7ff7ff1917
196391493698200,1,23,8,077fe77ff8001a14
196391493706800,1,24,8,087ffe7fe8001917
196391493713800,0,17,8,017fde7ff8001a17
196391493719600,0,18,8,0281c87ff8011a18
196391493725400,1,19,8,03804b7ff8001a18
196391493731300,1,20,8,047e567ff8001a18
196391493737100,0,21,8,057f037ff8001a17
196391493742900,0,22,8,06819c7fe7ff1917
196391493748700,1,23,8,077fe77ff8001a14
196391493754700,1,24,8,087ffe7ff8001917
196391493760500,0,17,8,017fde7ff8001a17
196391493766400,0,18,8,0281c87ff8011a18
196391493776500,1,19,8,03804b7fe7ff1a18
196391493782100,1,20,8,047e568008001a18
196391493788100,0,21,8,057f037fe7ff1a17
196391493794500,0,22,8,06819d7ff8001917
196391493800300,1,23,8,077fe77ff8001a14
196391493805800,1,24,8,087ffe7ff8001917
196391493811600,0,17,8,017fdd7ff8001a17
196391493818600,0,18,8,0281c87ff8001a18
196391493824200,1,19,8,03804b7fe7ff1a18
196391493829900,1,20,8,047e567ff7ff1a18
196391493835700,0,21,8,057f037ff7ff1a17
196391493841300,0,22,8,06819c7fe8001917
196391493847300,1,23,8,077fe77ff8001a14
196391493853200,1,24,8,087ffe7fe8001917
196391493859200,0,17,8,017fdd7ff8001a17
196391493865200,0,18,8,0281c88008001a18
196391493870900,1,19,8,03804b7ff7ff1a18
196391493876800,1,20,8,047e567ff7ff1a18
196391493882500,0,21,8,057f037fe7ff1a17
196391493888100,0,22,8,06819d7ff8001917
196391493893700,1,23,8,077fe77ff8011a14
196391493899400,1,24,8,087ffe7ff8001917
196391493905300,0,17,8,017fdd7fe8011a17
196391493911000,0,18,8,0281c87ff8001a18
196391493916600,1,19,8,03804b7ff7ff1a18
196391493922300,1,20,8,047e567fe7ff1a18
196391493928000,0,21,8,057f038007ff1a17
196391493933700,0,22,8,06819d8008001917
196391493939400,1,23,8,077fe78008001a14
196391493945100,1,24,8,087ffe7ff7ff1917
196391493951400,0,17,8,017fde7ff8001a17
196391493957300,0,18,8,0281c87fe8011a18
196391493962900,1,19,8,03804a7ff8001a18
196391493968900,1,20,8,047e567ff7ff1a18
196391493974700,0,21,8,057f037ff8001a17
196391493981000,0,22,8,06819c7fe8001917
196391493986800,1,23,8,077fe77ff8001a14
196391493992600,1,24,8,087ffe7fe8001917
196391493998200,0,17,8,017fde7ff8011a17
196391494004000,0,18,8,0281c87fe8001a18
196391494010000,1,19,8,03804b8008001a18
196391494016000,1,20,8,047e567ff7ff1a18
196391494022700,0,21,8,057f037ff7ff1a17
196391494028500,0,22,8,06819d7ff7ff1917
196391494034400,1,23,8,077fe78008001a14
196391494040000,1,24,8,087ffe8007ff1917
196391494045700,0,17,8,017fdd7ff8001a17
196391494051300,0,18,8,0281c87ff8001a18
196391494057000,1,19,8,03804b7ff7ff1a18
196391494062800,1,20,8,047e567ff7ff1a18
196391494068500,0,21,8,057f038007ff1a17
196391494074500,0,22,8,06819d7ff8001917
196391494080200,1,23,8,077fe67ff8001a14
196391494085900,1,24,8,087ffe7ff7ff1917
196391494091600,0,17,8,017fde7ff8001a17
196391494097800,0,18,8,0281c87ff8011a18
196391494103500,1,19,8,03804b7fe7ff1a18
196391494109300,1,20,8,047e567ff8001a18
196391494115000,0,21,8,057f037fe8001a17
196391494121100,0,22,8,06819d7fe7ff1917
196391494126900,1,23,8,077fe78008001a14
196391494132700,1,24,8,087ffe8007ff1917
196391494138400,0,17,8,017fde8008001a17
196391494146400,0,18,8,0281c88008001a18
196391494152100,1,19,8,03804b7ff7ff1a18
196391494157800,1,20,8,047e567ff7ff1a18
196391494163500,0,21,8,057f038007ff1a17
196391494169500,0,22,8,06819d7ff7ff1917
196391494175100,1,23,8,077fe77fe8001a14
196391494180900,1,24,8,087ffe7fe8001917
196391494186500,0,17,8,017fdd7ff8001a17
196391494192300,0,18,8,0281c87ff8011a18
196391494197900,1,19,8,03804b8007ff1a18
196391494203600,1,20,8,047e567fe8001a18
196391494209500,0,21,8,057f038007ff1a17
196391494215600,0,22,8,06819d7ff7ff1917
196391494221200,1,23,8,077fe77ff8001a14
196391494227000,1,24,8,087ffe7fe7ff1917
196391494232700,0,17,8,017fde8008001a17
196391494238200,0,18,8,0281c87ff8011a18
196391604759500,1,19,8,03804b8007ff1a18
196391604818300,1,20,8,047e567ff8001a18
196391604842000,0,21,8,057f037ff7ff1a17
196391604852300,0,22,8,06819d7ff8001917
196391604861500,1,23,8,077fe77ff8001a14
196391604870500,1,24,8,087ffe8008001917
196391604879600,0,17,8,017fde7ff8001a17
196391604888400,0,18,8,0281c87ff8001a18
196391604895300,1,19,8,03804b8007ff1a18
196391604901200,1,20,8,047e567ff8001a18
196391604906900,0,21,8,057f038008001a17
196391604912900,0,22,8,06819d7ff8001917
196391604918900,1,23,8,077fe77ff8001a14
196391604924700,1,24,8,087ffe7fe7ff1917
196391604932700,0,17,8,017fdd7fe8001a17
196391604963000,0,18,8,0281c87ff8011a18
196391604973100,1,19,8,03804b7fe7ff1a18
196391604981700,1,20,8,047e567ff7ff1a18
196391604988300,0,21,8,057f037ff8001a17
196391604994200,0,22,8,06819d7fe8001917
196391605000300,1,23,8,077fe78008001a14
196391605006400,1,24,8,087ffe7fe7ff1917
196391605012900,0,17,8,017fdd7ff8001a17
196391605018900,0,18,8,0281c87ff8011a18
196391605024700,1,19,8,03804b7ff7ff1a18
196391605030500,1,20,8,047e567ff7ff1a18
196391605036500,0,21,8,057f038008001a17
196391605042300,0,22,8,06819d7fe8001917
196391605049200,1,23,8,077fe67fe8001a14
196391605057100,1,24,8,087ffe7ff7ff1917
196391605063200,0,17,8,017fde7ff8001a17
196391605069200,0,18,8,0281c88008001a18
196391605075300,1,19,8,03804b7fe7ff1a18
196391605081000,1,20,8,047e567ff7ff1a18
196391605086800,0,21,8,057f037ff8001a17
196391605092600,0,22,8,06819d8007ff1917
196391605098300,1,23,8,077fe77ff8001a14
196391605104000,1,24,8,087ffe7ff7ff1917
196391605110100,0,17,8,017fdd7fe8011a17
196391605116900,0,18,8,0281c87ff8001a18
196391605125100,1,19,8,03804b8007ff1a18
196391605134700,1,20,8,047e567ff7ff1a18
196391605141300,0,21,8,057f037ff8001a17
196391605147000,0,22,8,06819d8008001917
196391605152900,1,23,8,077fe78008001a14
196391605158800,1,24,8,087ffe7ff7ff1917
196391605164700,0,17,8,017fde7ff8001a17
196391605171800,0,18,8,0281c87ff8001a18
196391605177700,1,19,8,03804b7ff8001a18
196391605183400,1,20,8,047e567ff7ff1a18
196391605189000,0,21,8,057f037ff8001a17
196391605194700,0,22,8,06819d8007ff1917
196391605200400,1,23,8,077fe67fe8001a14
196391605209200,1,24,8,087ffe7ff7ff1917
196391605215200,0,17,8,017fde7ff8001a17
196391605223500,0,18,8,0281c87ff8001a18
196391605231400,1,19,8,03804b7fe7ff1a18
196391605237200,1,20,8,047e567ff7fe1a18
196391605242900,0,21,8,057f037ff8001a17
196391605248700,0,22,8,06819d7ff8001917
196391605254600,1,23,8,077fe77ff8001a14
196391605260300,1,24,8,087ffe7ff7ff1917
196391605266100,0,17,8,017fde7ff8001a17
196391605271900,0,18,8,0281c88008001a18
196391605279100,1,19,8,03804b7ff7ff1a18
196391605284700,1,20,8,047e567ff7ff1a18
196391605290300,0,21,8,057f037fe8001a17
196391605297600,0,22,8,06819d8007ff1917
196391605303300,1,23,8,077fe77ff7ff1a14
196391605309100,1,24,8,087ffe7fe7ff1917
196391605315000,0,17,8,017fdd7ff8001a17
196391605321000,0,18,8,0281c87ff7ff1a18
196391605327400,1,19,8,03804b7ff7ff1a18
196391605333000,1,20,8,047e567ff7ff1a18
196391605338800,0,21,8,057f037ff8001a17
196391605344500,0,22,8,06819d7fe8001917
196391605350400,1,23,8,077fe77ff8001a14
196391605355900,1,24,8,087ffe7fe8001917
196391605361700,0,17,8,017fdd7ff8011a17
196391605367400,0,18,8,0281c87ff8011a18
196391605373300,1,19,8,03804b7ff7ff1a18
196391605379100,1,20,8,047e567ff7ff1a18
196391605384800,0,21,8,057f037ff8001a17
196391605390500,0,22,8,06819c7fe8001917
196391605396200,1,23,8,077fe67ff8011a14
196391605402100,1,24,8,087ffe7ff7fe1917
196391605407800,0,17,8,017fde7ff8001a17
196391605413600,0,18,8,0281c87ff8001a18
196391605419100,1,19,8,03804b7ff7ff1a18
196391605424700,1,20,8,047e567ff8001a18
196391605430600,0,21,8,057f038008001a17
196391605436200,0,22,8,06819d8008001917
196391605441900,1,23,8,077fe67ff8001a14
196391605447600,1,24,8,087ffe7ff7fe1917
196391605453700,0,17,8,017fde7ff8011a17
196391605459300,0,18,8,0281c87ff8001a18
196391605465000,1,19,8,03804b7ff7ff1a18
196391605480400,1,20,8,047e567ff7ff1a18
196391605498600,0,21,8,057f037fe7ff1a17
196391605514100,0,22,8,06819d7ff8001917
196391605523400,1,23,8,077fe67fe8011a14
196391605532000,1,24,8,087ffe7ff7ff1917
196391605540500,0,17,8,017fdd7ff8001a17
196391605547200,0,18,8,0281c87ff8001a18
196391605553200,1,19,8,03804b7fe7ff1a18
196391605559000,1,20,8,047e567ff7ff1a18
196391605564600,0,21,8,057f037ff8001a17
196391605570500,0,22,8,06819d8007ff1917
196391605577700,1,23,8,077fe67ff8001a14
196391605585700,1,24,8,087ffe7fe7ff1917
196391605602400,0,17,8,017fde7ff8001a17
196391714596000,0,18,8,0281c87ff8001a18
196391714628900,1,19,8,03804b8007ff1a18
196391714664200,1,20,8,047e567ff7ff1a18
196391714677300,0,21,8,057f037ff8001a17
196391714687400,0,22,8,06819d7ff8001917
196391714694800,1,23,8,077fe77ff8011a14
196391714701000,1,24,8,087ffe7fe7ff1917
196391714707700,0,17,8,017fdd7ff8001a17
196391714717000,0,18,8,0281c87ff8001a18
196391714722800,1,19,8,03804b8007ff1a18
196391714728900,1,20,8,047e567ff7ff1a18
196391714735100,0,21,8,057f037fe8001a17
196391714741000,0,22,8,06819c7fe8001917
196391714757400,1,23,8,077fe77ff8001a14
196391714770900,1,24,8,087ffe7fe8001917
196391714778400,0,17,8,017fde7ff8001a17
196391714784500,0,18,8,0281c88008001a18
196391714790300,1,19,8,03804b7ff7ff1a18
196391714805700,1,20,8,047e568007ff1a18
196391714811900,0,21,8,057f037fe7ff1a17
196391714818400,0,22,8,06819d7ff8001917
196391714824400,1,23,8,077fe77ff8001a14
196391714830700,1,24,8,087ffe7ff7ff1917
196391714836600,0,17,8,017fde7ff8001a17
196391714842500,0,18,8,0281c87ff8001a18
196391714851200,1,19,8,03804b7fe7ff1a18
196391714860300,1,20,8,047e567ff8001a18
196391714867000,0,21,8,057f038008001a17
196391714872800,0,22,8,06819c7ff8001917
196391714878600,1,23,8,077fe67fe8001a14
196391714892100,1,24,8,087ffe8008001917
196391714899000,0,17,8,017fde8008001a17
196391714904900,0,18,8,0281c87ff7ff1a18
196391714910700,1,19,8,03804b7fe8001a18
196391714916500,1,20,8,047e567ff8001a18
196391714922200,0,21,8,057f037ff7ff1a17
196391714927800,0,22,8,06819d7ff7ff1917
196391714933600,1,23,8,077fe77ff8001a14
196391714940500,1,24,8,087ffe8007ff1917
196391714948900,0,17,8,017fde7fe8001a17
196391714958300,0,18,8,0281c87fe8001a18
196391714965000,1,19,8,03804b7ff8001a18
196391714970700,1,20,8,047e567fe7ff1a18
196391714976300,0,21,8,057f037ff8001a17
196391714982100,0,22,8,06819d8007ff1917
196391714988000,1,23,8,077fe77ff8001a14
196391714993600,1,24,8,087ffe8007ff1917
196391714999700,0,17,8,017fde7ff8001a17
196391715005400,0,18,8,0281c87ff8001a18
196391715011100,1,19,8,03804b7ff7ff1a18
196391715020200,1,20,8,047e567ff7ff1a18
196391715027300,0,21,8,057f037ff8001a17
196391715033100,0,22,8,06819d7ff8001917
196391715038900,1,23,8,077fe67fe8001a14
196391715044600,1,24,8,087ffe7fe8001917
196391715050400,0,17,8,017fde8008001a17
196391715056300,0,18,8,0281c87ff8001a18
196391715062400,1,19,8,03804b8007ff1a18
196391715068200,1,20,8,047e568008001a18
196391715073900,0,21,8,057f037ff7ff1a17
196391715079500,0,22,8,06819c7fe8001917
196391715085900,1,23,8,077fe78008001a14
196391715091600,1,24,8,087ffe7ff7fe1a17
196391715097300,0,17,8,017fdd7ff8011a17
196391715102900,0,18,8,0281c87ff7ff1a18
196391715108600,1,19,8,03804b7ff7ff1a18
196391715114300,1,20,8,047e567ff7ff1a18
196391715120000,0,21,8,057f037ff8001a17
196391715125600,0,22,8,06819d7ff7ff1917
196391715131300,1,23,8,077fe77ff8001a14
196391715137100,1,24,8,087ffe7ff7ff1917
196391715142700,0,17,8,017fdd7ff8001a17
196391715148700,0,18,8,0281c88008001a18
196391715154200,1,19,8,03804b7ff8001a18
196391715159900,1,20,8,047e567ff7ff1a18
196391715165700,0,21,8,057f037fe8001a17
196391715171500,0,22,8,06819d7ff8001917
196391715177100,1,23,8,077fe77ff8001a14
196391715182800,1,24,8,087ffe7fe8001917
196391715188400,0,17,8,017fde8008001a17
196391715194000,0,18,8,0281c87ff8011a18
196391715199600,1,19,8,03804b7fe8001a18
196391715205300,1,20,8,047e568008001a18
196391715210900,0,21,8,057f037ff8001a17
196391715216800,0,22,8,06819d7ff8001917
196391715222400,1,23,8,077fe67ff8011a14
196391715228100,1,24,8,087ffe7ff7ff1917
196391715233900,0,17,8,017fde7ff8001a17
196391715240900,0,18,8,0281c87ff8011a18
196391715246500,1,19,8,03804b7ff7ff1a18
196391715252300,1,20,8,047e567ff8001a18
196391715258100,0,21,8,057f037ff8001a17
196391715263700,0,22,8,06819d8007ff1917
196391715269300,1,23,8,077fe67fe8001a14
196391715275100,1,24,8,087ffe7fe7ff1917
196391715281200,0,17,8,017fde8008001a17
196391715286900,0,18,8,0281c87ff8011a18
196391715292600,1,19,8,03804b7ff7ff1a18
196391715298100,1,20,8,047e568007ff1a18
196391715304000,0,21,8,057f037fe8001a17
196391715309900,0,22,8,06819d7fe7ff1917
196391715315700,1,23,8,077fe78008011a14
196391715321400,1,24,8,087ffe7ff7ff1917
196391715327100,0,17,8,017fdd7ff8001a17
196391715332700,0,18,8,0281c88008001a18
196391715338500,1,19,8,03804b8007ff1a18
196391715344500,1,20,8,047e567fe7ff1a18
196391715350100,0,21,8,057f037ff8001a17
196391715355900,0,22,8,06819d7ff7ff1917
196391715362700,1,23,8,077fe77ff8001a14
196391823653100,1,24,8,087ffe7ff7ff1917
196391823692900,0,17,8,017fde7ff8001a17
196391823701700,0,18,8,0281c87ff8011a18
196391823708100,1,19,8,03804b8007ff1a18
196391823713800,1,20,8,047e567ff7ff1a18
196391823719400,0,21,8,057f037fe8001a17
196391823725700,0,22,8,06819c7ff7ff1917
196391823731700,1,23,8,077fe77ff8001a14
196391823737600,1,24,8,087ffe7ff7fe1917
196391823743800,0,17,8,017fde7ff8001a17
196391823750300,0,18,8,0281c87ff8011a18
196391823756400,1,19,8,03804b7ff8001a18
196391823762800,1,20,8,047e567fe8001a18
196391823768300,0,21,8,057f038007ff1a17
196391823776900,0,22,8,06819c7fe7ff1917
196391823787400,1,23,8,077fe67fd8001a14
196391823796200,1,24,8,087ffe7ff7ff1917
196391823802900,0,17,8,017fdd7fe8011a17
196391823811400,0,18,8,0281c87ff8011a18
196391823820800,1,19,8,03804b7ff8001a18
196391823834400,1,20,8,047e567ff7ff1a18
196391823874700,0,21,8,057f037ff8001a17
196391823887200,0,22,8,06819d7ff8001917
196391823894900,1,23,8,077fe77ff8001a14
196391823900900,1,24,8,087ffe7ff7ff1917
196391823906800,0,17,8,017fdd7ff8001a17
196391823913200,0,18,8,0281c87ff8011a18
196391823919100,1,19,8,03804b7ff7ff1a18
196391823935200,1,20,8,047e567ff7ff1a18
196391823944400,0,21,8,057f038008001a17
196391823952900,0,22,8,06819d8007ff1917
196391823961700,1,23,8,077fe78007ff1a14
196391823970900,1,24,8,087ffe7ff7ff1917
196391823977500,0,17,8,017fdd7ff8001a17
196391823983200,0,18,8,0281c88008011a18
196391823988800,1,19,8,03804b8007ff1a18
196391823994800,1,20,8,047e567ff7ff1a18
196391824000500,0,21,8,057f037ff8001a17
196391824006200,0,22,8,06819d7ff7ff1917
196391824011900,1,23,8,077fe67fe8011a14
196391824018800,1,24,8,087ffe8007ff1917
196391824024800,0,17,8,017fde7ff8011a17
196391824030900,0,18,8,0281c87ff8011a18
196391824036800,1,19,8,03804b7ff7ff1a18
196391824042500,1,20,8,047e568007ff1a18
196391824048300,0,21,8,057f037fe8001a17
196391824054000,0,22,8,06819c7ff8001917
196391824060000,1,23,8,077fe67fe8001a14
196391824065600,1,24,8,087ffe7fe8001917
196391824076700,0,17,8,017fdd7ff8001a17
196391824082400,0,18,8,0281c87ff8011a18
196391824088000,1,19,8,03804b7ff7ff1a18
196391824093700,1,20,8,047e567fe7ff1a18
196391824099300,0,21,8,057f037ff8001a17
196391824105300,0,22,8,06819d7ff8001917
196391824111000,1,23,8,077fe78008011a14
196391824116600,1,24,8,087ffe7ff8001917
196391824122400,0,17,8,017fdd7ff8001a17
196391824128200,0,18,8,0281c87ff8001a18
196391824133900,1,19,8,03804b7ff7ff1a18
196391824139500,1,20,8,047e567fe8001a18
196391824145400,0,21,8,057f037ff8001a17
196391824151200,0,22,8,06819d7ff7ff1917
196391824157200,1,23,8,077fe78008001a14
196391824162800,1,24,8,087ffe8008001917
196391824168600,0,17,8,017fdd7ff8011a17
196391824175700,0,18,8,0281c87ff8011a18
196391824181400,1,19,8,03804b7fe8001a18
196391824186900,1,20,8,047e567ff8001a18
196391824192700,0,21,8,057f037ff7ff1a17
196391824198900,0,22,8,06819c7ff7ff1917
196391824204800,1,23,8,077fe77ff8001a14
196391824210500,1,24,8,087ffe8008001917
196391824217500,0,17,8,017fdd7ff8001a17
196391824223500,0,18,8,0281c88008011a18
196391824229300,1,19,8,03804b7ff7ff1a18
196391824235100,1,20,8,047e567ff7ff1a18
196391824241000,0,21,8,057f038008001a17
196391824246800,0,22,8,06819d7ff7ff1917
196391824253300,1,23,8,077fe77ff8001a14
196391824260800,1,24,8,087ffe7ff7ff1917
196391824266600,0,17,8,017fdd7ff8001a17
196391824272200,0,18,8,0281c87ff8011a18
196391824278100,1,19,8,03804b7ff7ff1a18
196391824283900,1,20,8,047e567fe7ff1a18
196391824289500,0,21,8,057f037fe8001a17
196391824295200,0,22,8,06819c7fe7ff1917
196391824300800,1,23,8,077fe67ff8011a14
196391824306400,1,24,8,087ffe7ff8001917
196391824312100,0,17,8,017fde7ff8001a17
196391824317900,0,18,8,0281c87ff8011a18
196391824323800,1,19,8,03804b8007fe1a18
196391824329200,1,20,8,047e568007ff1a18
196391824336400,0,21,8,057f037ff8001a17
196391824342000,0,22,8,06819d8008001917
196391824347800,1,23,8,077fe67fd8001a14
196391824353500,1,24,8,087ffe7ff7ff1917
196391824359100,0,17,8,017fdd7ff8001a17
196391824364800,0,18,8,0281c87fe8011a18
196391824370700,1,19,8,03804b7fe7fe1a18
196391824376200,1,20,8,047e567ff7ff1a18
196391824381900,0,21,8,057f037ff7ff1a17
196391824387700,0,22,8,06819d7ff8001917
196391824393400,1,23,8,077fe77ff8001a14
196391824399200,1,24,8,087ffe7fe8001917
196391824405100,0,17,8,017fdd7ff8001a17
196391824411200,0,18,8,0281c87ff8011a18
196391824417200,1,19,8,03804b7ff7ff1a18
196391824422800,1,20,8,047e567ff7ff1a18
196391931646400,0,21,8,057f037ff8001a17
196391931692000,0,22,8,06819d7ff7ff1917
196391931721600,1,23,8,077fe67ff8001a14
196391931730900,1,24,8,087ffe8007ff1917
196391931737600,0,17,8,017fde7ff8001a17
196391931744000,0,18,8,0281c87ff8011a18
196391931750200,1,19,8,03804b7ff7fe1a18
196391931756100,1,20,8,047e567ff7ff1a18
196391931762200,0,21,8,057f037ff8001a17
196391931768200,0,22,8,06819c7ff8001917
196391931776900,1,23,8,077fe77ff8001a14
196391931785900,1,24,8,087ffe7fe8001917
196391931792600,0,17,8,017fde7ff8001a17
196391931799600,0,18,8,0281c87ff8011a18
196391931805500,1,19,8,03804b7fe7ff1a18
196391931811300,1,20,8,047e567ff8001a18
196391931817000,0,21,8,057f037ff7ff1a17
196391931823000,0,22,8,06819c7fe8001917
196391931829100,1,23,8,077fe78008001a14
196391931835100,1,24,8,087ffe7ff7ff1917
196391931841100,0,17,8,017fde7ff8001a17
196391931847200,0,18,8,0281c87ff8001a18
196391931855900,1,19,8,03804b7ff7ff1a18
196391931865100,1,20,8,047e567fe8001a18
196391931871600,0,21,8,057f037ff7ff1a17
196391931877400,0,22,8,06819d8007ff1917
196391931883800,1,23,8,077fe78008011a14
196391931889700,1,24,8,087ffe7ff7ff1917
196391931895800,0,17,8,017fdd7ff8001a17
196391931901800,0,18,8,0281c87ff8001a18
196391931907800,1,19,8,03804b8007ff1a18
196391931913700,1,20,8,047e567ff7ff1a18
196391931919800,0,21,8,057f038007ff1a17
196391931925800,0,22,8,06819d7ff7ff1917
196391931932900,1,23,8,077fe77ff8001a14
196391931938900,1,24,8,087ffe7fe8001917
196391931944900,0,17,8,017fdd7ff8001a17
196391931950900,0,18,8,0281c87fe8011a18
196391931956700,1,19,8,03804b8007ff1a18
196391931962600,1,20,8,047e567ff7ff1a18
196391931968800,0,21,8,057f037ff7ff1a17
196391931974700,0,22,8,06819d7ff7ff1917
196391931980700,1,23,8,077fe77fe8011a14
196391931986500,1,24,8,087ffe7fe7ff1917
196391931992400,0,17,8,017fde7ff8001a17
196391931998300,0,18,8,0281c87ff8011a18
196391932004400,1,19,8,03804b7fe7ff1a18
196391932010200,1,20,8,047e567fe7ff1a18
196391932016100,0,21,8,057f037ff7ff1a17
196391932022100,0,22,8,06819c7ff8001917
196391932028000,1,23,8,077fe67ff8001a14
196391932033800,1,24,8,087ffe8007ff1917
196391932039600,0,17,8,017fdd8008011a17
196391932045600,0,18,8,0281c87ff8011a18
196391932055800,1,19,8,03804b7ff7ff1a18
196391932061700,1,20,8,047e567ff8001a18
196391932067600,0,21,8,057f037ff7ff1a17
196391932074800,0,22,8,06819d8007ff1917
196391932080800,1,23,8,077fe67ff8001a14
196391932086900,1,24,8,087ffe8008001917
196391932093700,0,17,8,017fde8008001a17
196391932100200,0,18,8,0281c87ff8011a18
196391932106200,1,19,8,03804b8007ff1a18
196391932112100,1,20,8,047e568007ff1a18
196391932118000,0,21,8,057f037fe8001a17
196391932123800,0,22,8,06819d8007ff1917
196391932129700,1,23,8,077fe77ff8001a14
196391932135600,1,24,8,087ffe7fe7ff1917
196391932141600,0,17,8,017fde8008001a17
196391932147500,0,18,8,0281c88008011a18
196391932153300,1,19,8,03804b7ff7ff1a18
196391932159000,1,20,8,047e567ff7ff1a18
196391932165200,0,21,8,057f038007ff1a17
196391932171100,0,22,8,06819d7ff7ff1917
196391932176900,1,23,8,077fe77ff8001a14
196391932182700,1,24,8,087ffe7ff7ff1917
196391932188400,0,17,8,017fdd7ff8001a17
196391932194400,0,18,8,0281c87ff8011a18
196391932200300,1,19,8,03804b7fe7fe1a18
196391932207200,1,20,8,047e567fe7ff1a18
196391932213500,0,21,8,057f038008001a17
196391932219600,0,22,8,06819d7ff7ff1917
196391932225600,1,23,8,077fe68008001a14
196391932231700,1,24,8,087ffe7ff7ff1917
196391932238000,0,17,8,017fde7ff8001a17
196391932244100,0,18,8,0281c87ff8011a18
196391932250400,1,19,8,03804b8007ff1a18
196391932256200,1,20,8,047e567ff7ff1a18
196391932262200,0,21,8,057f037ff7ff1a17
196391932268000,0,22,8,06819d7ff7ff1917
196391932273800,1,23,8,077fe78008001a14
196391932279700,1,24,8,087ffe7ff7ff1917
196391932285600,0,17,8,017fdd7ff8001a17
196391932291500,0,18,8,0281c88008011a18
196391932297300,1,19,8,03804b7ff7ff1a18
196391932303300,1,20,8,047e567ff8001a18
196391932308900,0,21,8,057f037fe8001a17
196391932315300,0,22,8,06819d7fe7ff1917
196391932321000,1,23,8,077fe77ff8001a14
196391932326600,1,24,8,087ffe8007ff1917
196391932332400,0,17,8,017fde7ff8001a17
196391932338200,0,18,8,0281c88008021a18
196391932344000,1,19,8,03804b7fe7fe1a18
196391932349900,1,20,8,047e567ff7ff1a18
196391932355700,0,21,8,057f037ff8001a17
196391932361500,0,22,8,06819d8007ff1917
196391932367400,1,23,8,077fe78008011a14
196391932373100,1,24,8,087ffe7ff7ff1917
196392039389500,0,17,8,017fde7ff8001a17
196392039430100,0,18,8,0281c87fe8001a18
196392039445600,1,19,8,03804b7ff8001a18
196392039453500,1,20,8,047e567ff7ff1a18
196392039475900,0,21,8,057f037ff8001a17
196392039485700,0,22,8,06819c7fe7ff1917
196392039497100,1,23,8,077fe67ff8001a14
196392039503600,1,24,8,087ffe7fe7ff1917
196392039509700,0,17,8,017fdd7ff8001a17
196392039515500,0,18,8,0281c88008001a18
196392039521600,1,19,8,03804b7ff7ff1a18
196392039527700,1,20,8,047e567ff8001a18
196392039534000,0,21,8,057f037ff8001a17
196392039547600,0,22,8,06819d8007ff1917
196392039557200,1,23,8,077fe78008011a14
196392039566100,1,24,8,087ffe7ff7ff1917
196392039572900,0,17,8,017fdd7ff8001a17
196392039579100,0,18,8,0281c87ff7ff1a18
196392039585100,1,19,8,03804b8007ff1a18
196392039591000,1,20,8,047e567ff7ff1a18
196392039597100,0,21,8,057f037ff8001a17
196392039602900,0,22,8,06819c7ff8001917
196392039608700,1,23,8,077fe77ff8001a14
196392039614600,1,24,8,087ffe7ff8001917
196392039620400,0,17,8,017fde7ff7ff1a17
196392039626400,0,18,8,0281c87ff8001a18
196392039632300,1,19,8,03804b8007ff1a18
196392039638100,1,20,8,047e567ff7ff1a18
196392039644000,0,21,8,057f038008001a17
196392039649800,0,22,8,06819c7ff8001917
196392039655400,1,23,8,077fe67ff8011a14
196392039661100,1,24,8,087ffe7ff8001917
196392039666900,0,17,8,017fde7ff8001a17
196392039672700,0,18,8,0281c87fe8011a18
196392039678600,1,19,8,03804b7ff7ff1a18
196392039684600,1,20,8,047e567ff8001a18
196392039690400,0,21,8,057f037ff8001a17
196392039696300,0,22,8,06819c7fe7ff1917
196392039702200,1,23,8,077fe67ff8011a14
196392039708000,1,24,8,087ffe7ff8001917
196392039714000,0,17,8,017fdd7ff8011a17
196392039720000,0,18,8,0281c87ff8001a18
196392039725800,1,19,8,03804b7ff7ff1a18
196392039731600,1,20,8,047e567ff7ff1a18
196392039742900,0,21,8,057f037fe8001a17
196392039750100,0,22,8,06819c7ff8001917
196392039756000,1,23,8,077fe67ff8001a14
196392039761800,1,24,8,087ffe7ff7ff1917
196392039769500,0,17,8,017fde7ff8001a17
196392039775600,0,18,8,0281c87ff8011a18
196392039781400,1,19,8,03804b7ff8001a18
196392039787100,1,20,8,047e567ff8001a18
196392039792800,0,21,8,057f037ff8001a17
196392039799400,0,22,8,06819d7ff7ff1917
196392039805400,1,23,8,077fe67ff8001a14
196392039811200,1,24,8,087ffe7ff7ff1917
196392039817000,0,17,8,017fde7ff8011a17
196392039822900,0,18,8,0281c87ff8001a18
196392039833800,1,19,8,03804b8007ff1a18
196392039839700,1,20,8,047e567fe8001a18
196392039845800,0,21,8,057f038008001a17
196392039854700,0,22,8,06819c7fe8001917
196392039860600,1,23,8,077fe68008001a14
196392039866400,1,24,8,087ffe8008001917
196392039872400,0,17,8,017fdd7fe8001a17
196392039878500,0,18,8,0281c87fe8001a18
196392039884400,1,19,8,03804b8007ff1a18
196392039890300,1,20,8,047e567ff7ff1a18
196392039896100,0,21,8,057f037ff8001a17
196392039901800,0,22,8,06819d7ff8001917
196392039907800,1,23,8,077fe67fe8001a14
196392039918000,1,24,8,087ffe7ff7ff1917
196392039923900,0,17,8,017fdd8008001a17
196392039929600,0,18,8,0281c88008001a18
196392039935500,1,19,8,03804b7ff7ff1a18
196392039941200,1,20,8,047e568007ff1a18
196392039947400,0,21,8,057f037ff8001a17
196392039953200,0,22,8,06819d7ff7ff1917
196392039959000,1,23,8,077fe77ff8011a14
196392039965800,1,24,8,087ffe7ff7ff1917
196392039971700,0,17,8,017fde8008001a17
196392039977700,0,18,8,0281c87ff8011a18
196392039983400,1,19,8,03804b7ff7ff1a18
196392039989200,1,20,8,047e567ff8001a18
196392039995000,0,21,8,057f037fe8001a17
196392040001200,0,22,8,06819d7ff8001917
196392040007000,1,23,8,077fe67fe8011a14
196392040014800,1,24,8,087ffe7fe8001917
196392040020600,0,17,8,017fdd8008001a17
196392040026200,0,18,8,0281c87ff8011a18
196392040032100,1,19,8,03804b7fe7ff1a18
196392040037900,1,20,8,047e567ff8001a18
196392040043600,0,21,8,057f038008001a17
196392040049400,0,22,8,06819d7ff7ff1917
196392040055100,1,23,8,077fe77ff7ff1a14
196392040060900,1,24,8,087ffe7ff7ff1917
196392040067000,0,17,8,017fde7ff8001a17
196392040073100,0,18,8,0281c87ff8001a18
196392040078900,1,19,8,03804b7ff7ff1a18
196392040085600,1,20,8,047e567fe7ff1a18
196392040091400,0,21,8,057f037ff8001a17
196392040097900,0,22,8,06819d8008001917
196392040105500,1,23,8,077fe77ff8001a14
196392040111400,1,24,8,087ffe7ff7ff1917
196392040117200,0,17,8,017fde7ff8001a17
196392040122900,0,18,8,0281c87ff8001a18
196392040128600,1,19,8,03804b8007ff1a18
196392040134500,1,20,8,047e567ff7ff1a18
196392149489000,0,21,8,057f037ff8001a17
196392149520100,0,22,8,06819c7ff8001917
196392149528000,1,23,8,077fe78008001a14
196392149534900,1,24,8,087ffe7ff7ff1917
196392149543300,0,17,8,017fdd7ff7ff1a17
196392149550700,0,18,8,0281c87ff8001a18
196392149556800,1,19,8,03804b7ff7fe1a18
196392149562900,1,20,8,047e568008001a18
196392149570200,0,21,8,057f037ff7ff1a17
196392149576000,0,22,8,06819d7ff7ff1917
196392149582000,1,23,8,077fe77ff8011a14
196392149588200,1,24,8,087ffe7ff8001917
196392149594300,0,17,8,017fde7ff7ff1a17
196392149600000,0,18,8,0281c87fe8011a18
196392149605700,1,19,8,03804b7fe7ff1a18
196392149621300,1,20,8,047e567fe7ff1a18
196392149649100,0,21,8,057f038008001a17
196392149664800,0,22,8,06819d8008001917
196392149673500,1,23,8,077fe77ff7ff1a14
196392149679600,1,24,8,087ffe8008001917
196392149685600,0,17,8,017fdd7fe8001a17
196392149691700,0,18,8,0281c88008001a18
196392149697600,1,19,8,03804b7ff7ff1a18
196392149703600,1,20,8,047e567fe7ff1a18
196392149710300,0,21,8,057f037ff7ff1a17
196392149716100,0,22,8,06819d7ff7ff1917
196392149722600,1,23,8,077fe78008001a14
196392149728600,1,24,8,087ffe7ff7ff1917
196392149734600,0,17,8,017fdd7fe8001a17
196392149740400,0,18,8,0281c87ff8001a18
196392149746500,1,19,8,03804b8008001a18
196392149752300,1,20,8,047e567ff8001a18
196392149758300,0,21,8,057f037ff7ff1a17
196392149764000,0,22,8,06819d7ff7ff1917
196392149769900,1,23,8,077fe77ff8001a14
196392149775600,1,24,8,087ffe7ff7ff1917
196392149781300,0,17,8,017fdd7fe8011a17
196392149787100,0,18,8,0281c88008011a18
196392149792900,1,19,8,03804b8007ff1a18
196392149798600,1,20,8,047e567ff8001a18
196392149804400,0,21,8,057f037ff7ff1a17
196392149810200,0,22,8,06819d8008001917
196392149815900,1,23,8,077fe77ff8001a14
196392149821700,1,24,8,087ffe7ff8001917
196392149827500,0,17,8,017fde7ff8011a17
196392149833500,0,18,8,0281c87ff8001a18
196392149839500,1,19,8,03804b7ff7ff1a18
196392149845400,1,20,8,047e567ff7ff1a18
196392149851200,0,21,8,057f037ff8001a17
196392149861100,0,22,8,06819d7fe7ff1917
196392149870200,1,23,8,077fe77ff8011a14
196392149879400,1,24,8,087ffe8008001917
196392149890000,0,17,8,017fdd7fe8001a17
196392149901300,0,18,8,0281c87ff8011a18
196392149907900,1,19,8,03804b7ff7ff1a18
196392149916000,1,20,8,047e567ff7ff1a18
196392149933900,0,21,8,057f037ff7ff1a17
196392149943200,0,22,8,06819d7ff7ff1917
196392149949900,1,23,8,077fe77ff8011a14
196392149955700,1,24,8,087ffe8008011917
196392149961600,0,17,8,017fdd7ff8011a17
196392149967700,0,18,8,0281c88008001a18
196392149973600,1,19,8,03804b7ff8001a18
196392149979400,1,20,8,047e567fe8001a18
196392149985200,0,21,8,057f037ff8001a17
196392149991100,0,22,8,06819d7ff7ff1917
196392149996900,1,23,8,077fe77fe8001a14
196392150003000,1,24,8,087ffe7ff7ff1917
196392150008900,0,17,8,017fdd7ff8011a17
196392150014900,0,18,8,0281c87ff8011a18
196392150020700,1,19,8,03804b7ff7ff1a18
196392150026400,1,20,8,047e568007ff1a18
196392150032500,0,21,8,057f037ff7ff1a17
196392150039500,0,22,8,06819c7ff7ff1917
196392150045500,1,23,8,077fe77ff8001a14
196392150051600,1,24,8,087ffe7ff8001917
196392150057500,0,17,8,017fdd7fe8001a17
196392150063500,0,18,8,0281c87ff8001a18
196392150069500,1,19,8,03804b7ff7ff1a18
196392150079800,1,20,8,047e568008001a18
196392150085500,0,21,8,057f037ff7ff1a17
196392150092500,0,22,8,06819c7ff7ff1917
196392150098300,1,23,8,077fe77ff8001a14
196392150104000,1,24,8,087ffe7ff7ff1917
196392150109700,0,17,8,017fdd7ff8001a17
196392150116300,0,18,8,0281c87ff8001a18
196392150122200,1,19,8,03804b8007ff1a18
196392150128000,1,20,8,047e567ff8001a18
196392150134000,0,21,8,057f037ff8001a17
196392150139700,0,22,8,06819d7ff8001917
196392150146000,1,23,8,077fe68008011a14
196392150151500,1,24,8,087ffe7fe7ff1917
196392150157300,0,17,8,017fde7ff8001a17
196392150163100,0,18,8,0281c88008011a18
196392150168800,1,19,8,03804b8007ff1a18
196392150174700,1,20,8,047e567ff7ff1a18
196392150180400,0,21,8,057f038007ff1a17
196392150186100,0,22,8,06819d7ff7ff1917
196392150191800,1,23,8,077fe67ff8001a14
196392150197500,1,24,8,087ffe7ff8001917
196392150203200,0,17,8,017fdd7ff8001a17
196392150209100,0,18,8,0281c87ff8001a18
196392150214800,1,19,8,03804b7ff8001a18
196392150220400,1,20,8,047e568007ff1a18
196392150226200,0,21,8,057f037ff7ff1a17
196392150231900,0,22,8,06819c7fe7ff1917
196392150237500,1,23,8,077fe77fe8001a14
196392150243900,1,24,8,087ffe7fe7ff1917
196392150249500,0,17,8,017fdd7fe8001a17
196392150255200,0,18,8,0281c87fe8001a18
196392258874300,1,19,8,03804b7ff7ff1a18
196392258903400,1,20,8,047e567fe7ff1a18
196392258911500,0,21,8,057f038007ff1a17
196392258933300,0,22,8,06819d7ff8001917
196392258952700,1,23,8,077fe77ff8001a14
196392258960500,1,24,8,087ffe7ff8001917
196392258979400,0,17,8,017fde8008001a17
196392258987000,0,18,8,0281c87ff8011a18
196392258993100,1,19,8,03804b7ff7ff1a18
196392258998900,1,20,8,047e567ff7ff1a18
196392259004800,0,21,8,057f038008001a17
196392259011100,0,22,8,06819d7ff7ff1917
196392259016800,1,23,8,077fe67fe8001a14
196392259022800,1,24,8,087ffe7ff8001917
196392259028500,0,17,8,017fde7ff8001a17
196392259034300,0,18,8,0281c87ff8011a18
196392259040000,1,19,8,03804b7fe7ff1a18
196392259045800,1,20,8,047e567ff7ff1a18
196392259051700,0,21,8,057f038008001a17
196392259073100,0,22,8,06819d7fe7ff1917
196392259080200,1,23,8,077fe67ff8001a14
196392259086000,1,24,8,087ffe7ff8001917
196392259091900,0,17,8,017fdd7fe8001a17
196392259097800,0,18,8,0281c88008001a18
196392259103800,1,19,8,03804b8007ff1a18
196392259109400,1,20,8,047e567ff7ff1a18
196392259116400,0,21,8,057f037ff8001a17
196392259122300,0,22,8,06819c7ff8001917
196392259128200,1,23,8,077fe77ff8001a14
196392259134000,1,24,8,087ffe7fe8001917
196392259139900,0,17,8,017fde8008001a17
196392259145800,0,18,8,0281c87ff8011a18
196392259151500,1,19,8,03804b7fe7ff1a18
196392259157200,1,20,8,047e567ff7ff1a18
196392259163100,0,21,8,057f037ff8001a17
196392259168800,0,22,8,06819d7fe7ff1917
196392259174500,1,23,8,077fe77ff8001a14
196392259180200,1,24,8,087ffe7ff7ff1917
196392259186000,0,17,8,017fde7ff8001a17
196392259191900,0,18,8,0281c87ff8001a18
196392259197700,1,19,8,03804b7ff7ff1a18
196392259203600,1,20,8,047e567ff7ff1a18
196392259209400,0,21,8,057f038007ff1a17
196392259215000,0,22,8,06819d8007ff1917
196392259220800,1,23,8,077fe78018001a14
196392259226600,1,24,8,087ffe7ff7ff1917
196392259232500,0,17,8,017fdd7ff8001a17
196392259238200,0,18,8,0281c87ff8001a18
196392259244000,1,19,8,03804b8007fe1a18
196392259249900,1,20,8,047e567ff7ff1a18
196392259255600,0,21,8,057f037ff7ff1a17
196392259261900,0,22,8,06819c7fe7ff1917
196392259267700,1,23,8,077fe78008001a14
196392259273900,1,24,8,087ffe8007ff1917
196392259279600,0,17,8,017fde7ff8001a17
196392259285600,0,18,8,0281c87ff8011a18
196392259291300,1,19,8,03804b7ff7ff1a18
196392259297500,1,20,8,047e567ff7ff1a18
196392259303200,0,21,8,057f037ff7ff1a17
196392259309100,0,22,8,06819d8007ff1917
196392259314900,1,23,8,077fe77ff8001a14
196392259320800,1,24,8,087ffe8007ff1917
196392259327200,0,17,8,017fdd7fe8001a17
196392259332800,0,18,8,0281c87ff8011a18
196392259338500,1,19,8,03804b7ff7ff1a18
196392259344300,1,20,8,047e567ff7ff1a18
196392259350500,0,21,8,057f038008001a17
196392259356200,0,22,8,06819d7fe8001917
196392259362000,1,23,8,077fe77ff8001a14
196392259367600,1,24,8,087ffe7ff7ff1917
196392259374200,0,17,8,017fde7ff8001a17
196392259380500,0,18,8,0281c87ff8001a18
196392259386100,1,19,8,03804b7fe7ff1a18
196392259392100,1,20,8,047e568007ff1a18
196392259397700,0,21,8,057f037fe7ff1a17
196392259403600,0,22,8,06819d7ff8001917
196392259409400,1,23,8,077fe67fe8001a14
196392259415500,1,24,8,087ffe7ff8001917
196392259421400,0,17,8,017fdd7ff8001a17
196392259427200,0,18,8,0281c87ff8001a18
196392259433000,1,19,8,03804b7fe8001a18
196392259438700,1,20,8,047e567ff7ff1a18
196392259444600,0,21,8,057f037fe7ff1a17
196392259450500,0,22,8,06819d7ff8001917
196392259456100,1,23,8,077fe67ff8001a14
196392259471100,1,24,8,087ffe7fe8001917
196392259488300,0,17,8,017fdd7fe8001a17
196392259503100,0,18,8,0281c87fe8001a18
196392259511900,1,19,8,03804b7ff7ff1a18
196392259521100,1,20,8,047e567ff7ff1a18
196392259527800,0,21,8,057f037ff8001a17
196392259540900,0,22,8,06819d7ff7ff1917
196392259549600,1,23,8,077fe77ff8001a14
196392259563800,1,24,8,087ffe7ff7ff1917
196392259571000,0,17,8,017fdd7ff8001a17
196392259576700,0,18,8,0281c87ff8001a18
196392259591700,1,19,8,03804b7ff7ff1a18
196392259598900,1,20,8,047e567ff8001a18
196392259604800,0,21,8,057f038008001a17
196392259610600,0,22,8,06819d7ff7ff1917
196392259616700,1,23,8,077fe77ff8001a14
196392259622200,1,24,8,087ffe7ff7ff1917
196392259628200,0,17,8,017fde7ff8001a17
196392259634000,0,18,8,0281c87ff8001a18
196392259644000,1,19,8,03804b7ff7fe1a18
196392259649500,1,20,8,047e567ff8001a18
196392259655200,0,21,8,057f037fd8001a17
196392259660800,0,22,8,06819d7ff7ff1917
196392259666600,1,23,8,077fe67fe8011a14
196392368551700,1,24,8,087ffe7fe7ff1917
196392368580600,0,17,8,017fdd8008011a17
196392368588200,0,18,8,0281c88008001a18
196392368595300,1,19,8,03804b7ff7ff1a18
196392368606500,1,20,8,047e567fe7ff1a18
196392368615700,0,21,8,057f037ff8001a17
196392368625800,0,22,8,06819d7ff7ff1917
196392368635100,1,23,8,077fe77ff8001a14
196392368644400,1,24,8,087ffe7ff7ff1917
196392368653900,0,17,8,017fde7ff8001a17
196392368662700,0,18,8,0281c87ff8001a18
196392368677600,1,19,8,03804b7fe7ff1a18
196392368687600,1,20,8,047e567ff7ff1a18
196392368696400,0,21,8,057f037ff7ff1a17
196392368703100,0,22,8,06819c7fe7ff1917
196392368711400,1,23,8,077fe67fe8001a14
196392368718200,1,24,8,087ffe8007ff1917
196392368724600,0,17,8,017fde7ff8001a17
196392368730400,0,18,8,0281c87ff8001a18
196392368736300,1,19,8,03804b7ff8001a18
196392368742000,1,20,8,047e567ff8001a18
196392368747800,0,21,8,057f037ff8001a17
196392368753600,0,22,8,06819d8007ff1917
196392368759700,1,23,8,077fe77ff8001a14
196392368767300,1,24,8,087ffe7ff7ff1917
196392368774400,0,17,8,017fdd7ff8011a17
196392368782400,0,18,8,0281c87fe8001a18
196392368791500,1,19,8,03804b7ff7ff1a18
196392368798300,1,20,8,047e567ff8001a18
196392368804100,0,21,8,057f037ff8001a17
196392368809900,0,22,8,06819d7fe7ff1917
196392368815900,1,23,8,077fe78008001a14
196392368821500,1,24,8,087ffe7fe8001917
196392368827300,0,17,8,017fde7ff8001a17
196392368832900,0,18,8,0281c87ff8011a18
196392368839300,1,19,8,03804b7ff7ff1a18
196392368845000,1,20,8,047e567ff7ff1a18
196392368851300,0,21,8,057f037ff7ff1a17
196392368857300,0,22,8,06819d8007ff1917
196392368863200,1,23,8,077fe77ff8001a14
196392368868800,1,24,8,087ffe7ff8001917
196392368875000,0,17,8,017fde7ff8001a17
196392368880800,0,18,8,0281c87ff8001a18
196392368890600,1,19,8,03804b7ff7ff1a18
196392368897900,1,20,8,047e567ff8001a18
196392368905000,0,21,8,057f038008001a17
196392368910800,0,22,8,06819d7fe7ff1917
196392368916700,1,23,8,077fe67fe8001a14
196392368922500,1,24,8,087ffe7fe7fe1917
196392368928500,0,17,8,017fdd7ff8001a17
196392368934500,0,18,8,0281c87ff8001a18
196392368940400,1,19,8,03804b7ff7ff1a18
196392368946200,1,20,8,047e567ff7ff1a18
196392368952000,0,21,8,057f037ff8001a17
196392368957800,0,22,8,06819d8007ff1917
196392368964400,1,23,8,077fe77ff8001a14
196392368970100,1,24,8,087ffe7fe8001917
196392368976000,0,17,8,017fde7ff8001a17
196392368981700,0,18,8,0281c87ff8001a18
196392368987500,1,19,8,03804b7ff7ff1a18
196392368993100,1,20,8,047e567ff8001a18
196392368999300,0,21,8,057f037fe8001a17
196392369005100,0,22,8,06819d7fe7ff1917
196392369011000,1,23,8,077fe77ff8001a14
196392369016700,1,24,8,087ffe7ff7ff1917
196392369022500,0,17,8,017fde8008001a17
196392369028200,0,18,8,0281c87fe7ff1a18
196392369034200,1,19,8,03804b7ff8001a18
196392369039900,1,20,8,047e567ff8001a18
196392369045900,0,21,8,057f037ff8001a17
196392369051900,0,22,8,06819d8007ff1917
196392369057700,1,23,8,077fe77ff8011a14
196392369063200,1,24,8,087ffe7ff7ff1917
196392369069200,0,17,8,017fde7ff8001a17
196392369074800,0,18,8,0281c88008001a18
196392369080800,1,19,8,03804a7fe7ff1a18
196392369086600,1,20,8,047e567ff7ff1a18
196392369092400,0,21,8,057f037ff8001a17
196392369097900,0,22,8,06819d7ff8001917
196392369104000,1,23,8,077fe77ff8001a14
196392369109500,1,24,8,087ffe7ff7ff1917
196392369115500,0,17,8,017fdd7ff8001a17
196392369121000,0,18,8,0281c87ff8001a18
196392369126800,1,19,8,03804b7fe7ff1a18
196392369132800,1,20,8,047e567ff7ff1a18
196392369138500,0,21,8,057f037fe8001a17
196392369144200,0,22,8,06819c7ff7ff1917
196392369149900,1,23,8,077fe78008001a14
196392369155600,1,24,8,087ffe8007fe1917
196392369161500,0,17,8,017fdd8008001a17
196392369167100,0,18,8,0281c88008011a18
196392369172900,1,19,8,03804b7ff8001a18
196392369178500,1,20,8,047e567ff7ff1a18
196392369184300,0,21,8,057f037ff8001a17
196392369189700,0,22,8,06819d7ff7ff1917
196392369195800,1,23,8,077fe77fe8001a14
196392369201400,1,24,8,087ffe7ff7ff1917
196392369207500,0,17,8,017fdd7ff8001a17
196392369213400,0,18,8,0281c87fe8011a18
196392369219900,1,19,8,03804b7ff7ff1a18
196392369225800,1,20,8,047e567ff7ff1a18
196392369231800,0,21,8,057f037ff7ff1a17
196392369237700,0,22,8,06819d7ff7ff1917
196392369243300,1,23,8,077fe78008001a14
196392369249400,1,24,8,087ffe7ff7ff1917
196392369255200,0,17,8,017fdd7ff8001a17
196392369261900,0,18,8,0281c87ff8001a18
196392369267900,1,19,8,03804b7ff7ff1a18
196392369273600,1,20,8,047e567ff7ff1a18
196392369280600,0,21,8,057f037ff7ff1a17
196392478292300,0,22,8,06819c7fe7ff1917
196392478338900,1,23,8,077fe78008001a14
196392478350400,1,24,8,087ffe8008001917
196392478360100,0,17,8,017fdd7ff7ff1a17
196392478369600,0,18,8,0281c87ff8011a18
196392478376300,1,19,8,03804b7ff8001a18
196392478383000,1,20,8,047e567ff7ff1a18
196392478391400,0,21,8,057f037ff7ff1a17
196392478415100,0,22,8,06819d8008001917
196392478422700,1,23,8,077fe77ff8001a14
196392478429200,1,24,8,087ffe7ff7ff1917
196392478435300,0,17,8,017fdd7ff8001a17
196392478442800,0,18,8,0281c87ff8001a18
196392478451100,1,19,8,03804b8007ff1a18
196392478460400,1,20,8,047e567ff7ff1a18
196392478466800,0,21,8,057f038007ff1a17
196392478473100,0,22,8,06819d7ff7ff1917
196392478479300,1,23,8,077fe77ff8001a14
196392478485600,1,24,8,087ffe8007ff1917
196392478491400,0,17,8,017fdd7ff8001a17
196392478497600,0,18,8,0281c88008001a18
196392478505800,1,19,8,03804b7ff7ff1a18
196392478511900,1,20,8,047e567ff7ff1a18
196392478518200,0,21,8,057f037ff8001a17
196392478524700,0,22,8,06819c7ff7ff1917
196392478530700,1,23,8,077fe67ff8001a14
196392478536800,1,24,8,087ffe7fe7ff1917
196392478543000,0,17,8,017fdd7ff8001a17
196392478551500,0,18,8,0281c87ff8011a18
196392478558700,1,19,8,03804b7ff7ff1a18
196392478564600,1,20,8,047e567ff7ff1a18
196392478570300,0,21,8,057f037ff8001a17
196392478576300,0,22,8,06819d7ff8001917
196392478582100,1,23,8,077fe78008001a14
196392478587900,1,24,8,087ffe7ff8001917
196392478593500,0,17,8,017fde7ff8011a17
196392478599400,0,18,8,0281c87ff8001a18
196392478605200,1,19,8,03804b7ff7ff1a18
196392478610900,1,20,8,047e567ff7ff1a18
196392478617600,0,21,8,057f037ff8001a17
196392478623400,0,22,8,06819d8007ff1917
196392478629300,1,23,8,077fe67fe8001a14
196392478634900,1,24,8,087ffe7fe8001917
196392478640900,0,17,8,017fde7ff8001a17
196392478646800,0,18,8,0281c87ff8011a18
196392478652900,1,19,8,03804b7ff7ff1a18
196392478658500,1,20,8,047e567ff7ff1a18
196392478664500,0,21,8,057f037ff7ff1a17
196392478670700,0,22,8,06819d7ff7ff1917
196392478676500,1,23,8,077fe77ff8001a14
196392478682100,1,24,8,087ffe7fe8001917
196392478688000,0,17,8,017fdd7ff8001a17
196392478694100,0,18,8,0281c87ff8011a18
196392478699900,1,19,8,03804b7ff7ff1a18
196392478705700,1,20,8,047e567ff8001a18
196392478711400,0,21,8,057f037ff8001a17
196392478718600,0,22,8,06819d7ff7ff1917
196392478724600,1,23,8,077fe77ff8011a14
196392478730400,1,24,8,087ffe7ff8001917
196392478736200,0,17,8,017fdd8008001a17
196392478741800,0,18,8,0281c87fe8001a18
196392478747700,1,19,8,03804b7fe7ff1a18
196392478754600,1,20,8,047e567ff7ff1a18
196392478760600,0,21,8,057f037ff7ff1a17
196392478766400,0,22,8,06819d8007ff1917
196392478772300,1,23,8,077fe67ff8001a14
196392478778000,1,24,8,087ffe7fe7ff1917
196392478783900,0,17,8,017fdd7ff7ff1a17
196392478789800,0,18,8,0281c87ff7ff1a18
196392478795400,1,19,8,03804b7ff8001a18
196392478801900,1,20,8,047e567ff8001a18
196392478807600,0,21,8,057f038008001a17
196392478813500,0,22,8,06819d7fe7ff1917
196392478819200,1,23,8,077fe77ff8001a14
196392478825100,1,24,8,087ffe7ff7fe1917
196392478830700,0,17,8,017fdd7ff8001a17
196392478836600,0,18,8,0281c87ff8001a18
196392478842400,1,19,8,03804b7fe7ff1a18
196392478848300,1,20,8,047e567fe8001a18
196392478854700,0,21,8,057f037fe8001a17
196392478860500,0,22,8,06819d7fe7ff1917
196392478866200,1,23,8,077fe67ff8001a14
196392478872000,1,24,8,087ffe7ff7ff1917
196392478877700,0,17,8,017fde7ff8001a17
196392478883600,0,18,8,0281c87ff8001a18
196392478889200,1,19,8,03804b7fe8001a18
196392478912100,1,20,8,047e568007ff1a18
196392478917700,0,21,8,057f037ff8001a17
196392478923600,0,22,8,06819d7ff8001917
196392478929400,1,23,8,077fe77ff8001a14
196392478936100,1,24,8,087ffe7ff8001917
196392478942300,0,17,8,017fde8008001a17
196392478948000,0,18,8,0281c88008001a18
196392478953800,1,19,8,03804b8008001a18
196392478959500,1,20,8,047e567ff7ff1a18
196392478965300,0,21,8,057f037fe8001a17
196392478970800,0,22,8,06819c7ff7ff1917
196392478977000,1,23,8,077fe77ff8001a14
196392478982500,1,24,8,087ffe7ff7ff1917
196392478988400,0,17,8,017fdd7fe8001a17
196392478994100,0,18,8,0281c87ff8011a18
196392479000000,1,19,8,03804b7ff8001a18
196392479005900,1,20,8,047e567ff8001a18
196392479012000,0,21,8,057f037ff8001a17
196392479017500,0,22,8,06819d7ff8001917
196392479023400,1,23,8,077fe78008001a14
196392479028800,1,24,8,087ffe7ff8001917
196392479034700,0,17,8,017fdd7ff8001a17
196392479040300,0,18,8,0281c87ff8011a18
196392479046200,1,19,8,03804b7ff7ff1a18
196392586481500,1,20,8,047e567ff7ff1a18
196392586510700,0,21,8,057f037ff8001a17
196392586523000,0,22,8,06819c7ff7ff1917
196392586529300,1,23,8,077fe67ff7ff1a14
196392586535700,1,24,8,087ffe7ff7ff1917
196392586542000,0,17,8,017fdd7ff8001a17
196392586559400,0,18,8,0281c88008011a18
196392586575500,1,19,8,03804b8007ff1a18
196392586587100,1,20,8,047e568007ff1a18
196392586594500,0,21,8,057f037ff8001a17
196392586600900,0,22,8,06819d7ff8001917
196392586607300,1,23,8,077fe77ff8001a14
196392586613400,1,24,8,087ffe7ff7ff1917
196392586619400,0,17,8,017fdd7ff8001a17
196392586625900,0,18,8,0281c87ff8001a18
196392586641300,1,19,8,03804b7ff7ff1a18
196392586649900,1,20,8,047e567ff7ff1a18
196392586657000,0,21,8,057f037ff8001a17
196392586663200,0,22,8,06819d7fe7ff1917
196392586669100,1,23,8,077fe77ff8001a14
196392586674800,1,24,8,087ffe7fe7ff1917
196392586680700,0,17,8,017fdd7ff8001a17
196392586686800,0,18,8,0281c87ff8011a18
196392586692500,1,19,8,03804b7fe8001a18
196392586698300,1,20,8,047e567ff8001a18
196392586704000,0,21,8,057f037fe8001a17
196392586710000,0,22,8,06819d8007ff1917
196392586715800,1,23,8,077fe67ff8001a14
196392586722000,1,24,8,087ffe7ff8001917
196392586728100,0,17,8,017fde7ff8001a17
196392586734300,0,18,8,0281c87fe8001a18
196392586740100,1,19,8,03804b7fe7ff1a18
196392586745900,1,20,8,047e567ff8001a18
196392586751900,0,21,8,057f038008001a17
196392586757900,0,22,8,06819d7ff7ff1917
196392586763700,1,23,8,077fe77ff8001a14
196392586769400,1,24,8,087ffe7fe7ff1917
196392586775200,0,17,8,017fdd7ff8001a17
196392586780800,0,18,8,0281c87ff8011a18
196392586786500,1,19,8,03804b7ff8001a18
196392586792900,1,20,8,047e568007ff1a18
196392586798600,0,21,8,057f037ff8001a17
196392586804300,0,22,8,06819d7fe7ff1917
196392586810400,1,23,8,077fe77ff8001a14
196392586816100,1,24,8,087ffe7ff7ff1917
196392586825300,0,17,8,017fde7ff8001a17
196392586831100,0,18,8,0281c87ff8011a18
196392586836800,1,19,8,03804b7ff7ff1a18
196392586842600,1,20,8,047e567ff7ff1a18
196392586848400,0,21,8,057f037ff8001a17
196392586854100,0,22,8,06819c7fe8001917
196392586859900,1,23,8,077fe78008001a14
196392586865500,1,24,8,087ffe7ff7ff1917
196392586871200,0,17,8,017fdd7ff8001a17
196392586877100,0,18,8,0281c87ff8001a18
196392586882900,1,19,8,03804b7fe8001a18
196392586888800,1,20,8,047e567ff7ff1a18
196392586894400,0,21,8,057f037ff7ff1a17
196392586900200,0,22,8,06819d8007ff1917
196392586910900,1,23,8,077fe67ff8001a14
196392586919900,1,24,8,087ffe7fe7ff1917
196392586926600,0,17,8,017fde7ff8011a17
196392586934700,0,18,8,0281c87ff8001a18
196392586954500,1,19,8,03804b7ff7ff1a18
196392586961900,1,20,8,047e567ff7ff1a18
196392586968100,0,21,8,057f037ff8001a17
196392586973900,0,22,8,06819d8008001917
196392586979700,1,23,8,077fe78008011a14
196392586985700,1,24,8,087ffe7ff7ff1917
196392586991800,0,17,8,017fde7ff8001a17
196392586997600,0,18,8,0281c87ff8011a18
196392587003600,1,19,8,03804b8007ff1a18
196392587009300,1,20,8,047e567ff7ff1a18
196392587015600,0,21,8,057f037ff8001a17
196392587021200,0,22,8,06819d7ff7ff1917
196392587027000,1,23,8,077fe78008001a14
196392587033400,1,24,8,087ffe7ff7ff1917
196392587039200,0,17,8,017fdd7ff8001a17
196392587045100,0,18,8,0281c87ff8011a18
196392587051100,1,19,8,03804b7ff7ff1a18
196392587059100,1,20,8,047e567ff8001a18
196392587064700,0,21,8,057f037fe8001a17
196392587070500,0,22,8,06819d7fe7ff1917
196392587076200,1,23,8,077fe67ff8001a14
196392587081900,1,24,8,087ffe7fe7ff1917
196392587087700,0,17,8,017fdd7ff8001a17
196392587093400,0,18,8,0281c87ff8001a18
196392587099000,1,19,8,03804b7fe7ff1a18
196392587104900,1,20,8,047e567ff8001a18
196392587110600,0,21,8,057f038008001a17
196392587116500,0,22,8,06819d7ff7ff1917
196392587122300,1,23,8,077fe77ff8001a14
196392587128100,1,24,8,087ffe7fe8001917
196392587133800,0,17,8,017fdd8008001a17
196392587139600,0,18,8,0281c87ff8001a18
196392587145500,1,19,8,03804b7ff7ff1a18
196392587151400,1,20,8,047e568008001a18
196392587157100,0,21,8,057f037ff7ff1a17
196392587163000,0,22,8,06819c7ff7ff1917
196392587169000,1,23,8,077fe67fe8001a14
196392587174900,1,24,8,087ffe7fe7ff1917
196392587180800,0,17,8,017fde7fe8011a17
196392587186500,0,18,8,0281c87ff8001a18
196392587192100,1,19,8,03804b7ff8001a18
196392587197800,1,20,8,047e568008001a18
196392587203500,0,21,8,057f038008001a17
196392587209300,0,22,8,06819d8008001917
196392587215000,1,23,8,077fe78008001a14
196392696362400,1,24,8,087ffe7ff7ff1917
196392696397200,0,17,8,017fdd7ff8001a17
196392696406800,0,18,8,0281c87ff8011a18
196392696414500,1,19,8,03804b7ff8001a18
196392696421000,1,20,8,047e567ff8001a18
196392696427000,0,21,8,057f037ff7ff1a17
196392696432800,0,22,8,06819d8007ff1917
196392696438900,1,23,8,077fe77fe8001a14
196392696445100,1,24,8,087ffe8008001917
196392696451500,0,17,8,017fdd7ff8001a17
196392696457700,0,18,8,0281c88008001a18
196392696464800,1,19,8,03804b7fe7ff1a18
196392696470800,1,20,8,047e567ff8001a18
196392696476800,0,21,8,057f037ff8001a17
196392696483200,0,22,8,06819d7ff7ff1917
196392696489200,1,23,8,077fe78008001a14
196392696494800,1,24,8,087ffe8007ff1917
196392696501200,0,17,8,017fde7ff8001a17
196392696515400,0,18,8,0281c87ff8001a18
196392696521300,1,19,8,03804b7ff7ff1a18
196392696527300,1,20,8,047e568008001a18
196392696533100,0,21,8,057f037ff8001a17
196392696539000,0,22,8,06819c7ff8001917
196392696544900,1,23,8,077fe77fe8001a14
196392696550500,1,24,8,087ffe7ff7ff1917
196392696556400,0,17,8,017fde7ff8001a17
196392696562500,0,18,8,0281c87ff8011a18
196392696568300,1,19,8,03804b7ff7ff1a18
196392696574100,1,20,8,047e567ff7ff1a18
196392696579900,0,21,8,057f037ff7ff1a17
196392696585600,0,22,8,06819d7ff7ff1917
196392696591400,1,23,8,077fe77fe8001a14
196392696597400,1,24,8,087ffe7ff7ff1917
196392696603200,0,17,8,017fde7ff8001a17
196392696608900,0,18,8,0281c87fe8001a18
196392696614900,1,19,8,03804a7fe8001a18
196392696621800,1,20,8,047e567ff7ff1a18
196392696627900,0,21,8,057f037fe8001a17
196392696633700,0,22,8,06819d7ff8001917
196392696639600,1,23,8,077fe77ff7ff1a14
196392696645500,1,24,8,087ffe7ff7ff1917
196392696651300,0,17,8,017fdd7ff8001a17
196392696657500,0,18,8,0281c87ff8001a18
196392696663400,1,19,8,03804b7ff8001a18
196392696669100,1,20,8,047e567ff8001a18
196392696674800,0,21,8,057f037ff7ff1a17
196392696680600,0,22,8,06819d8008001917
196392696686600,1,23,8,077fe77fe8001a14
196392696692400,1,24,8,087ffe7ff7ff1917
196392696698100,0,17,8,017fde8008001a17
196392696704100,0,18,8,0281c87ff8011a18
196392696709900,1,19,8,03804b8007ff1a18
196392696715700,1,20,8,047e567ff7ff1a18
196392696721400,0,21,8,057f037fe7ff1a17
196392696727400,0,22,8,06819d7ff7ff1917
196392696733300,1,23,8,077fe77ff7ff1a14
196392696739000,1,24,8,087ffe7ff7ff1917
196392696744700,0,17,8,017fdd7ff8001a17
196392696750400,0,18,8,0281c88008001a18
196392696756100,1,19,8,03804b7ff7ff1a18
196392696761700,1,20,8,047e567fe7ff1a18
196392696767500,0,21,8,057f037ff8001a17
196392696774100,0,22,8,06819d7ff8001917
196392696779800,1,23,8,077fe67fe8001a14
196392696785700,1,24,8,087ffe7fe8001917
196392696791600,0,17,8,017fde7ff8001a17
196392696797600,0,18,8,0281c87ff8001a18
196392696803900,1,19,8,03804b7ff7ff1a18
196392696810000,1,20,8,047e568007ff1a18
196392696815800,0,21,8,057f037fe7ff1a17
196392696821800,0,22,8,06819c7ff7ff1917
196392696827500,1,23,8,077fe77ff8001a14
196392696833200,1,24,8,087ffe7fe7ff1917
196392696839000,0,17,8,017fdd7ff8001a17
196392696844700,0,18,8,0281c87ff8001a18
196392696850400,1,19,8,03804b7ff8001a18
196392696856300,1,20,8,047e567ff7ff1a18
196392696862000,0,21,8,057f038007ff1a17
196392696868100,0,22,8,06819d8008001917
196392696873800,1,23,8,077fe77ff8001a14
196392696879800,1,24,8,087ffe7ff8001917
196392696888100,0,17,8,017fde7ff8001a17
196392696894300,0,18,8,0281c87ff8011a18
196392696900500,1,19,8,03804b7ff7ff1a18
196392696913200,1,20,8,047e568008001a18
196392696919400,0,21,8,057f037ff7ff1a17
196392696925600,0,22,8,06819d7ff8001917
196392696931800,1,23,8,077fe77fd8001a14
196392696937500,1,24,8,087ffe7fe8001917
196392696943600,0,17,8,017fdd7ff8001a17
196392696949200,0,18,8,0281c87fe8011a18
196392696955100,1,19,8,03804b7fe7ff1a18
196392696961100,1,20,8,047e567ff7ff1a18
196392696966900,0,21,8,057f038007ff1a17
196392696972700,0,22,8,06819c7ff7ff1917
196392696978500,1,23,8,077fe67fe8001a14
196392696984500,1,24,8,087ffe7ff7ff1917
196392696990300,0,17,8,017fde8008001a17
196392696996000,0,18,8,0281c87ff8011a18
196392697002600,1,19,8,03804b7ff7ff1a18
196392697008900,1,20,8,047e567ff8001a18
196392697020000,0,21,8,057f038007ff1a17
196392697028700,0,22,8,06819d7ff7ff1917
196392697037400,1,23,8,077fe77ff8001a14
196392697044100,1,24,8,087ffe7ff7ff1917
196392697049900,0,17,8,017fdd7ff8001a17
196392697055600,0,18,8,0281c87fe8011a18
196392697061300,1,19,8,03804b7ff7ff1a18
196392697067100,1,20,8,047e568007ff1a18
196392697073000,0,21,8,057f037ff8001a17
196392806829100,0,22,8,06819c7ff7ff1917
196392806873700,1,23,8,077fe67ff8001a14
196392806916200,1,24,8,087ffe7ff8001917
196392806939100,0,17,8,017fde7ff8011a17
196392806950500,0,18,8,0281c87ff8011a18
196392806960100,1,19,8,03804b7ff8001a18
196392806967100,1,20,8,047e567ff7ff1a18
196392806973000,0,21,8,057f038007ff1a17
196392806978900,0,22,8,06819c7ff7ff1917
196392806984800,1,23,8,077fe77ff8001a14
196392806990800,1,24,8,087ffe7ff8001917
196392806996500,0,17,8,017fdd7ff8001a17
196392807002600,0,18,8,0281c87ff8001a18
196392807017200,1,19,8,03804b7ff8001a18
196392807026900,1,20,8,047e567ff7ff1a18
196392807033600,0,21,8,057f037fe8001a17
196392807039900,0,22,8,06819d7ff8001917
196392807045800,1,23,8,077fe77ff8001a14
196392807051900,1,24,8,087ffe7ff8001917
196392807058000,0,17,8,017fde7ff8011a17
196392807064800,0,18,8,0281c87fe8001a18
196392807070600,1,19,8,03804b8008001a18
196392807076500,1,20,8,047e567ff7ff1a18
196392807082800,0,21,8,057f037ff7ff1a17
196392807088600,0,22,8,06819d7fe8001917
196392807094400,1,23,8,077fe77fe8001a14
196392807100300,1,24,8,087ffe7ff7ff1917
196392807105900,0,17,8,017fdd7ff8011a17
196392807111800,0,18,8,0281c88008011a18
196392807117500,1,19,8,03804b7fe7ff1a18
196392807123600,1,20,8,047e567ff7ff1a18
196392807129200,0,21,8,057f037ff7ff1a17
196392807135200,0,22,8,06819c7ff7ff1917
196392807141000,1,23,8,077fe77ff8001a14
196392807146700,1,24,8,087ffe7ff7ff1917
196392807152500,0,17,8,017fdd7ff7ff1a17
196392807163300,0,18,8,0281c87ff8011a18
196392807168900,1,19,8,03804b8008001a18
196392807174800,1,20,8,047e567ff7ff1a18
196392807180800,0,21,8,057f037ff7ff1a17
196392807186600,0,22,8,06819c7fe8001917
196392807192300,1,23,8,077fe78008001a14
196392807198100,1,24,8,087ffe7fe7ff1917
196392807203900,0,17,8,017fdd7ff8001a17
196392807209600,0,18,8,0281c88008001a18
196392807215600,1,19,8,03804b8008001a18
196392807223000,1,20,8,047e567ff7ff1a18
196392807228900,0,21,8,057f037fe7ff1a17
196392807234800,0,22,8,06819d7ff7ff1917
196392807240900,1,23,8,077fe78008001a14
196392807246800,1,24,8,087ffe7ff8001917
196392807252700,0,17,8,017fdd7ff8001a17
196392807258800,0,18,8,0281c87fe8001a18
196392807265600,1,19,8,03804b8007ff1a18
196392807271600,1,20,8,047e567ff7ff1a18
196392807277300,0,21,8,057f037ff8001a17
196392807283200,0,22,8,06819d7ff8001917
196392807288900,1,23,8,077fe77ff8001a14
196392807294600,1,24,8,087ffe7ff8001917
196392807303400,0,17,8,017fdd7ff8001a17
196392807309100,0,18,8,0281c87ff8001a18
196392807314700,1,19,8,03804b7ff8001a18
196392807320500,1,20,8,047e568007ff1a18
196392807326600,0,21,8,057f037ff8001a17
196392807332500,0,22,8,06819d7ff8001917
196392807346900,1,23,8,077fe77fe8001a14
196392807355700,1,24,8,087ffe7ff7ff1917
196392807361500,0,17,8,017fdd7ff8001a17
196392807367700,0,18,8,0281c88008001a18
196392807373300,1,19,8,03804b7ff7ff1a18
196392807379100,1,20,8,047e568008001a18
196392807384800,0,21,8,057f037ff8001a17
196392807390600,0,22,8,06819d7ff7ff1917
196392807396400,1,23,8,077fe77ff8001a14
196392807402100,1,24,8,087ffe7ff8001917
196392807407600,0,17,8,017fde7ff8011a17
196392807447500,0,18,8,0281c87fe8011a18
196392807490600,1,19,8,03804b8007ff1a18
196392807501000,1,20,8,047e568008001a18
196392807508400,0,21,8,057f037fe8001a17
196392807515200,0,22,8,06819c7ff8001917
196392807523500,1,23,8,077fe78008001a14
196392807539700,1,24,8,087ffe8007ff1917
196392807547000,0,17,8,017fdd7ff8001a17
196392807594000,0,18,8,0281c87ff8011a18
196392807600300,1,19,8,03804b7ff7ff1a18
196392807606600,1,20,8,047e567ff7ff1a18
196392807612800,0,21,8,057f037ff7ff1a17
196392807619100,0,22,8,06819d7ff8001917
196392807625300,1,23,8,077fe77ff8001a14
196392807631300,1,24,8,087ffe7fe7ff1917
196392807636900,0,17,8,017fde7ff8001a17
196392807642900,0,18,8,0281c87ff8011a18
196392807648800,1,19,8,03804b7ff7ff1a18
196392807654600,1,20,8,047e567ff7ff1a18
196392807663300,0,21,8,057f037fe7ff1a17
196392807672300,0,22,8,06819c7ff8001917
196392807680200,1,23,8,077fe67ff8001a14
196392807686000,1,24,8,087ffe7ff7ff1917
196392807691800,0,17,8,017fdd7fe8001a17
196392807697700,0,18,8,0281c87fe8011a18
196392807703800,1,19,8,03804b7ff7ff1a18
196392807709400,1,20,8,047e567ff7ff1a18
196392807715200,0,21,8,057f037ff7ff1a17
196392807720900,0,22,8,06819d7ff8001917
196392807726800,1,23,8,077fe67fe8011a14
196392807732300,1,24,8,087ffe8007fe1917
196392807738100,0,17,8,017fdd7ff8011a17
196392807743700,0,18,8,0281c87ff8011a18
196392807749600,1,19,8,03804b7fe8001a18
196392807755200,1,20,8,047e567ff7ff1a18
196392915915200,0,21,8,057f037ff7ff1a17
196392915949200,0,22,8,06819d7ff8001917
196392915963600,1,23,8,077fe77ff8001a14
196392915970500,1,24,8,087ffe8007ff1917
196392915977100,0,17,8,017fde7ff8001a17
196392915988700,0,18,8,0281c87ff8001a18
196392916008100,1,19,8,03804b7ff8001a18
196392916016100,1,20,8,047e567ff8001a18
196392916022700,0,21,8,057f037ff8001a17
196392916030700,0,22,8,06819c7ff7ff1917
196392916038500,1,23,8,077fe67fe7ff1a14
196392916044700,1,24,8,087ffe7ff8001917
196392916050800,0,17,8,017fde7ff8001a17
196392916056900,0,18,8,0281c87ff8011a18
196392916063200,1,19,8,03804b7ff7ff1a18
196392916069100,1,20,8,047e567ff7ff1a18
196392916075200,0,21,8,057f037ff8001a17
196392916081300,0,22,8,06819d7ff7ff1917
196392916087500,1,23,8,077fe67ff8011a14
196392916093200,1,24,8,087ffe7ff8001917
196392916101500,0,17,8,017fde8008001a17
196392916108500,0,18,8,0281c87ff8001a18
196392916114300,1,19,8,03804b7ff8001a18
196392916121000,1,20,8,047e567ff7ff1a18
196392916127000,0,21,8,057f037fe8001a17
196392916133200,0,22,8,06819d7ff8001917
196392916139300,1,23,8,077fe77ff8001a14
196392916145800,1,24,8,087ffe8008001917
196392916152000,0,17,8,017fde8008001a17
196392916158500,0,18,8,0281c87fe8001a18
196392916169000,1,19,8,03804b7ff7ff1a18
196392916175700,1,20,8,047e577ff8001a18
196392916182000,0,21,8,057f037fe8001a17
196392916188000,0,22,8,06819c7ff8001917
196392916194600,1,23,8,077fe67fe8001a14
196392916200700,1,24,8,087ffe7ff7ff1917
196392916206800,0,17,8,017fde7ff8001a17
196392916212800,0,18,8,0281c88008001a18
196392916219100,1,19,8,03804a7fe7ff1a18
196392916225100,1,20,8,047e567ff7ff1a18
196392916231400,0,21,8,057f037ff8001a17
196392916237400,0,22,8,06819d8007ff1917
196392916243700,1,23,8,077fe78008001a14
196392916249800,1,24,8,087ffe7fe8001917
196392916256200,0,17,8,017fde7ff8011a17
196392916262700,0,18,8,0281c87ff8001a18
196392916268800,1,19,8,03804b7ff8001a18
196392916278100,1,20,8,047e567ff8001a18
196392916284100,0,21,8,057f037ff7ff1a17
196392916290000,0,22,8,06819d8007ff1917
196392916296100,1,23,8,077fe77ff7ff1a14
196392916301800,1,24,8,087ffe7ff7ff1917
196392916307600,0,17,8,017fdd7ff8001a17
196392916313800,0,18,8,0281c88008011a18
196392916319800,1,19,8,03804b8007ff1a18
196392916325500,1,20,8,047e567ff8001a18
196392916331300,0,21,8,057f037ff8001a17
196392916337300,0,22,8,06819c7ff7ff1917
196392916343200,1,23,8,077fe77ff8001a14
196392916349000,1,24,8,087ffe7ff7ff1917
196392916354900,0,17,8,017fdd7ff7ff1a17
196392916360700,0,18,8,0281c88008001a18
196392916366800,1,19,8,03804b8008001a18
196392916372400,1,20,8,047e567ff7ff1a18
196392916378300,0,21,8,057f038007ff1a17
196392916384100,0,22,8,06819d7ff8001917
196392916394400,1,23,8,077fe67ff8001a14
196392916400400,1,24,8,087ffe7ff7ff1917
196392916406400,0,17,8,017fde7ff8001a17
196392916412500,0,18,8,0281c87fe8001a18
196392916419900,1,19,8,03804b7fe8001a18
196392916426200,1,20,8,047e568007ff1a18
196392916432100,0,21,8,057f037fe8001a17
196392916438100,0,22,8,06819c7fe8001917
196392916444000,1,23,8,077fe67ff8001a14
196392916450300,1,24,8,087ffe7ff8001917
196392916455900,0,17,8,017fdd7ff8001a17
196392916461700,0,18,8,0281c87fe8011a18
196392916467300,1,19,8,03804b7ff7ff1a18
196392916473200,1,20,8,047e567ff7ff1a18
196392916478800,0,21,8,057f037ff7ff1a17
196392916484800,0,22,8,06819d8008001917
196392916491500,1,23,8,077fe77ff8001a14
196392916497700,1,24,8,087ffe7ff7ff1917
196392916503800,0,17,8,017fdd7ff8001a17
196392916509700,0,18,8,0281c87ff8001a18
196392916515900,1,19,8,03804b7ff7ff1a18
196392916521500,1,20,8,047e567ff7ff1a18
196392916527500,0,21,8,057f038007ff1a17
196392916533300,0,22,8,06819d7fe7ff1917
196392916539700,1,23,8,077fe78008001a14
196392916545300,1,24,8,087ffe7ff8001917
196392916551500,0,17,8,017fdd7ff8001a17
196392916566700,0,18,8,0281c87ff8011a18
196392916584300,1,19,8,03804b7ff7fe1a18
196392916596900,1,20,8,047e568007ff1a18
196392916606400,0,21,8,057f037ff7ff1a17
196392916614900,0,22,8,06819c7fe7ff1917
196392916623400,1,23,8,077fe78008001a14
196392916630200,1,24,8,087ffe7ff8001917
196392916636500,0,17,8,017fde8008001a17
196392916642500,0,18,8,0281c87fe8001a18
196392916650600,1,19,8,03804b8007ff1a18
196392916659400,1,20,8,047e567ff8001a18
196392916677300,0,21,8,057f037ff8001a17
196392916684200,0,22,8,06819d7ff8001917
196392916690300,1,23,8,077fe67ff7ff1a14
196392916696100,1,24,8,087fff8008001917
196393023674900,0,17,8,017fdd7fe8001a17
196393023733000,0,18,8,0281c87ff8001a18
196393023743300,1,19,8,03804b8008001a18
196393023750200,1,20,8,047e567ff7ff1a18
196393023756600,0,21,8,057f037ff7ff1a17
196393023762900,0,22,8,06819d7ff8001917
196393023768900,1,23,8,077fe68008001a14
196393023775300,1,24,8,087ffe7ff7ff1917
196393023781200,0,17,8,017fdd7fe8001a17
196393023788100,0,18,8,0281c88008001a18
196393023795400,1,19,8,03804b7ff7ff1a18
196393023801300,1,20,8,047e567ff7ff1a18
196393023810100,0,21,8,057f037ff7ff1a17
196393023826300,0,22,8,06819d7ff7ff1917
196393023833500,1,23,8,077fe77ff8001a14
196393023839500,1,24,8,087ffe7fe7ff1917
196393023848300,0,17,8,017fdd7ff8001a17
196393023854800,0,18,8,0281c88008011a18
196393023860600,1,19,8,03804b7fe7ff1a18
196393023866500,1,20,8,047e567ff7ff1a18
196393023872300,0,21,8,057f037ff7ff1a17
196393023877900,0,22,8,06819d7fe7ff1917
196393023884100,1,23,8,077fe67fe8001a14
196393023889900,1,24,8,087ffe7ff7ff1917
196393023895600,0,17,8,017fdd7ff8011a17
196393023902700,0,18,8,0281c88008001a18
196393023908400,1,19,8,03804b7ff8001a18
196393023914400,1,20,8,047e567ff7ff1a18
196393023922200,0,21,8,057f038007ff1a17
196393023929200,0,22,8,06819d7fe8001917
196393023935100,1,23,8,077fe67ff8001a14
196393023941000,1,24,8,087ffe7ff8001917
196393023946500,0,17,8,017fde7ff8001a17
196393023952300,0,18,8,0281c87ff8011a18
196393023958100,1,19,8,03804b7ff7ff1a18
196393023963800,1,20,8,047e567ff8001a18
196393023969700,0,21,8,057f037fe8001a17
196393023975400,0,22,8,06819d7ff7ff1917
196393023981300,1,23,8,077fe78008001a14
196393023987000,1,24,8,087ffe7ff7ff1917
196393023993000,0,17,8,017fdd7ff8001a17
196393023999000,0,18,8,0281c87ff8011a18
196393024005000,1,19,8,03804b7fe7ff1a18
196393024010900,1,20,8,047e567fe7ff1a18
196393024016800,0,21,8,057f038007ff1a17
196393024022900,0,22,8,06819d7ff8001917
196393024028800,1,23,8,077fe67fe8001a14
196393024034500,1,24,8,087ffe7ff8001917
196393024040600,0,17,8,017fde7ff7ff1a17
196393024046300,0,18,8,0281c88008001a18
196393024052000,1,19,8,03804b7ff7ff1a18
196393024057800,1,20,8,047e567ff8001a18
196393024063400,0,21,8,057f037ff7ff1a17
196393024069200,0,22,8,06819d8007ff1917
196393024075200,1,23,8,077fe77ff8001a14
196393024080800,1,24,8,087ffe7ff7ff1917
196393024086600,0,17,8,017fdd7ff8001a17
196393024092500,0,18,8,0281c87ff8001a18
196393024098200,1,19,8,03804b7ff7ff1a18
196393024103900,1,20,8,047e567ff7ff1a18
196393024109800,0,21,8,057f037ff7ff1a17
196393024116500,0,22,8,06819c7ff7ff1917
196393024122300,1,23,8,077fe78007ff1a14
196393024128200,1,24,8,087ffe7ff7ff1917
196393024133900,0,17,8,017fde7ff8001a17
196393024139700,0,18,8,0281c87ff8011a18
196393024154900,1,19,8,03804b7fe7ff1a18
196393024161400,1,20,8,047e567fe7ff1a18
196393024167200,0,21,8,057f037ff7ff1a17
196393024173200,0,22,8,06819d7ff7ff1917
196393024180400,1,23,8,077fe77ff8001a14
196393024186600,1,24,8,087ffe7ff8001917
196393024192300,0,17,8,017fdd7ff8001a17
196393024198400,0,18,8,0281c87fe8001a18
196393024204300,1,19,8,03804b7ff7ff1a18
196393024210100,1,20,8,047e567fe8001a18
196393024215500,0,21,8,057f037ff7ff1a17
196393024221300,0,22,8,06819d7ff7ff1917
196393024226900,1,23,8,077fe67fe8001a14
196393024232700,1,24,8,087ffe7ff8001917
196393024238400,0,17,8,017fde7ff8001a17
196393024244200,0,18,8,0281c88008001a18
196393024249800,1,19,8,03804b7ff7ff1a18
196393024255700,1,20,8,047e567ff7ff1a18
196393024261200,0,21,8,057f037ff8001a17
196393024267000,0,22,8,06819d7ff8001917
196393024272600,1,23,8,077fe67fe8001a14
196393024278300,1,24,8,087ffe8008001a17
196393024284100,0,17,8,017fde7ff7ff1a17
196393024290900,0,18,8,0281c87ff8001a18
196393024296700,1,19,8,03804b7ff7ff1a18
196393024302400,1,20,8,047e567ff7ff1a18
196393024308200,0,21,8,057f037ff8001a17
196393024313800,0,22,8,06819d7ff7ff1917
196393024319600,1,23,8,077fe77ff8001a14
196393024325300,1,24,8,087ffe7ff7ff1917
196393024331100,0,17,8,017fde8007ff1a17
196393024336700,0,18,8,0281c87ff8001a18
196393024342400,1,19,8,03804b7ff8001a18
196393024348000,1,20,8,047e568008001a18
196393024353800,0,21,8,057f037ff8001a17
196393024359500,0,22,8,06819d7ff8001917
196393024365300,1,23,8,077fe67ff8001a14
196393024370900,1,24,8,087ffe7ff7ff1917
196393024377000,0,17,8,017fdd7ff8001a17
196393024382700,0,18,8,0281c87ff8001a18
196393024388500,1,19,8,03804b7ff7ff1a18
196393024394000,1,20,8,047e567ff8001a18
196393133432300,0,21,8,057f038007ff1a17
196393133551600,0,22,8,06819c7ff8001917
196393133561200,1,23,8,077fe77ff8001a14
196393133568000,1,24,8,087ffe7ff7ff1917
196393133573900,0,17,8,017fdd7fe7ff1a17
196393133580600,0,18,8,0281c87ff8001a18
196393133589300,1,19,8,03804b7ff7ff1a18
196393133608400,1,20,8,047e568007ff1a18
196393133615600,0,21,8,057f037fe8001a17
196393133621400,0,22,8,06819d7ff8001917
196393133627300,1,23,8,077fe77fe8001a14
196393133633500,1,24,8,087ffe7ff7ff1917
196393133641900,0,17,8,017fdd7ff7ff1a17
196393133652500,0,18,8,0281c87ff8001a18
196393133658500,1,19,8,03804b7ff7ff1a18
196393133664500,1,20,8,047e567ff8001a18
196393133671200,0,21,8,057f037ff7ff1a17
196393133677500,0,22,8,06819c7ff8001917
196393133683200,1,23,8,077fe67fe8001a14
196393133689100,1,24,8,087ffe7ff7ff1917
196393133695000,0,17,8,017fdd7ff8001a17
196393133701100,0,18,8,0281c87ff8011a18
196393133707400,1,19,8,03804b7ff7ff1a18
196393133713600,1,20,8,047e567ff7ff1a18
196393133719900,0,21,8,057f037ff7ff1a17
196393133728800,0,22,8,06819d7ff8001917
196393133736200,1,23,8,077fe77ff8011a14
196393133743300,1,24,8,087ffe7ff7ff1917
196393133749200,0,17,8,017fde7ff7ff1a17
196393133755100,0,18,8,0281c87ff8001a18
196393133760900,1,19,8,03804b7ff7ff1a18
196393133766700,1,20,8,047e568007ff1a18
196393133773300,0,21,8,057f037fe8001a17
196393133780700,0,22,8,06819d7ff8001917
196393133786800,1,23,8,077fe78008001a14
196393133792600,1,24,8,087ffe7ff8001917
196393133798300,0,17,8,017fde7ff8001a17
196393133804000,0,18,8,0281c88008011a18
196393133809700,1,19,8,03804b7fe8001a18
196393133815500,1,20,8,047e567ff7ff1a18
196393133821300,0,21,8,057f038007ff1a17
196393133827300,0,22,8,06819d7ff7ff1917
196393133833200,1,23,8,077fe77ff8001a14
196393133838900,1,24,8,087ffe8008001917
196393133844700,0,17,8,017fde7ff8001a17
196393133852700,0,18,8,0281c88008001a18
196393133859000,1,19,8,03804a7fe8001a18
196393133864900,1,20,8,047e567fe7ff1a18
196393133870600,0,21,8,057f037ff7ff1a17
196393133876500,0,22,8,06819d7ff8001917
196393133882000,1,23,8,077fe77ff8001a14
196393133887800,1,24,8,087ffe7ff7ff1917
196393133893400,0,17,8,017fde8008011a17
196393133899600,0,18,8,0281c87ff8011a18
196393133905700,1,19,8,03804b7ff8001a18
196393133911300,1,20,8,047e567fe8001a18
196393133920000,0,21,8,057f037ff7ff1a17
196393133927000,0,22,8,06819d7ff7ff1917
196393133932800,1,23,8,077fe77ff8001a14
196393133938500,1,24,8,087ffe7ff7ff1917
196393133944300,0,17,8,017fde7ff8001a17
196393133950600,0,18,8,0281c87ff8001a18
196393133956500,1,19,8,03804b8008001a18
196393133962200,1,20,8,047e567fe7ff1a18
196393133968100,0,21,8,057f038007ff1a17
196393133973800,0,22,8,06819c8008001917
196393133979400,1,23,8,077fe78008011a14
196393133985200,1,24,8,087ffe7ff8001917
196393133991000,0,17,8,017fdd7ff8001a17
196393133996800,0,18,8,0281c87ff8001a18
196393134002500,1,19,8,03804b7fe7ff1a18
196393134008300,1,20,8,047e567ff7ff1a18
196393134014200,0,21,8,057f037ff8001a17
196393134019700,0,22,8,06819d7fe7ff1917
196393134025600,1,23,8,077fe77ff8001a14
196393134031200,1,24,8,087ffe7fe7ff1917
196393134037400,0,17,8,017fdd7ff8001a17
196393134043400,0,18,8,0281c87ff8001a18
196393134049100,1,19,8,03804b7fe7ff1a18
196393134054600,1,20,8,047e567fe8001a18
196393134060200,0,21,8,057f037fe8001a17
196393134065800,0,22,8,06819d7ff7ff1917
196393134071700,1,23,8,077fe67ff8001a14
196393134077400,1,24,8,087ffe7fe7ff1917
196393134083200,0,17,8,017fde7ff8001a17
196393134088700,0,18,8,0281c88008011a18
196393134094500,1,19,8,03804b7ff7ff1a18
196393134100200,1,20,8,047e567ff7ff1a18
196393134106200,0,21,8,057f037ff8001a17
196393134114200,0,22,8,06819d7ff7ff1917
196393134119900,1,23,8,077fe77ff8001a14
196393134126600,1,24,8,087ffe7ff7ff1917
196393134132300,0,17,8,017fdd7ff8001a17
196393134138500,0,18,8,0281c87ff8001a18
196393134144500,1,19,8,03804b7ff7ff1a18
196393134150400,1,20,8,047e567ff7ff1a18
196393134156000,0,21,8,057f038008001a17
196393134161700,0,22,8,06819c7ff8001917
196393134167400,1,23,8,077fe77ff8001a14
196393134173200,1,24,8,087ffe7ff7ff1917
196393134179200,0,17,8,017fdd7ff8001a17
196393134184900,0,18,8,0281c87ff8011a18
196393134190400,1,19,8,03804b8008001a18
196393134196300,1,20,8,047e567fe7ff1a18
196393134202100,0,21,8,057f038008001a17
196393134207700,0,22,8,06819d7ff7ff1917
196393134214100,1,23,8,077fe67fe8001a14
196393134219800,1,24,8,087ffe7ff7ff1917
196393134225700,0,17,8,017fde7ff8001a17
196393134232800,0,18,8,0281c87ff8001a18
196393241870700,1,19,8,03804b7ff7ff1a18
196393241921900,1,20,8,047e567ff7ff1a18
196393241934500,0,21,8,057f037ff7ff1a17
196393241942900,0,22,8,06819c7ff7ff1917
196393241949700,1,23,8,077fe67ff8001a14
196393241955700,1,24,8,087ffe8007ff1917
196393241962900,0,17,8,017fde7ff8001a17
196393241972000,0,18,8,0281c87ff8001a18
196393241981400,1,19,8,03804b8007ff1a18
196393242000000,1,20,8,047e568017ff1a18
196393242008000,0,21,8,057f037fe8001a17
196393242014000,0,22,8,06819d7ff7ff1917
196393242020600,1,23,8,077fe67ff8001a14
196393242026400,1,24,8,087ffe7ff7ff1917
196393242032500,0,17,8,017fde8008001a17
196393242038900,0,18,8,0281c88008011a18
196393242045000,1,19,8,03804b7ff7ff1a18
196393242050900,1,20,8,047e567fe7ff1a18
196393242057200,0,21,8,057f037ff8001a17
196393242062900,0,22,8,06819d7fe7ff1917
196393242069200,1,23,8,077fe77fe8001a14
196393242075100,1,24,8,087ffe7ff7fe1917
196393242083200,0,17,8,017fdd7ff8001a17
196393242092700,0,18,8,0281c88008011a18
196393242099600,1,19,8,03804b7ff7ff1a18
196393242105700,1,20,8,047e567fe7ff1a18
196393242111600,0,21,8,057f037ff8001a17
196393242117200,0,22,8,06819d7ff7ff1917
196393242123100,1,23,8,077fe67ff8001a14
196393242128600,1,24,8,087ffe8007ff1917
196393242134400,0,17,8,017fdd7ff7ff1a17
196393242140300,0,18,8,0281c87fe8001a18
196393242146200,1,19,8,03804b7ff8001a18
196393242151900,1,20,8,047e567ff7ff1a18
196393242158000,0,21,8,057f037ff8001a17
196393242163600,0,22,8,06819c7fe7ff1917
196393242169800,1,23,8,077fe67fd7ff1a14
196393242175600,1,24,8,087ffe7ff7ff1917
196393242181700,0,17,8,017fdd7fe7ff1a17
196393242187300,0,18,8,0281c87fe8001a18
196393242193300,1,19,8,03804b7fe7ff1a18
196393242199600,1,20,8,047e567ff8001a18
196393242206600,0,21,8,057f037ff8001a17
196393242212600,0,22,8,06819c7ff7ff1917
196393242218400,1,23,8,077fe77ff8001a14
196393242224000,1,24,8,087ffe7ff7ff1917
196393242230000,0,17,8,017fde7ff8001a17
196393242236100,0,18,8,0281c87fe8001a18
196393242241900,1,19,8,03804b7ff7ff1a18
196393242247800,1,20,8,047e567fe7ff1a18
196393242253600,0,21,8,057f037ff8001a17
196393242259400,0,22,8,06819d7fe7ff1917
196393242264900,1,23,8,077fe67fe7ff1a14
196393242270900,1,24,8,087ffe7ff7ff1917
196393242276500,0,17,8,017fde7ff8001a17
196393242282500,0,18,8,0281c87fe8011a18
196393242288100,1,19,8,03804b7fe7ff1a18
196393242294000,1,20,8,047e567ff8001a18
196393242299800,0,21,8,057f037ff7ff1a17
196393242305600,0,22,8,06819c7ff8001917
196393242311400,1,23,8,077fe67ff8001a14
196393242317200,1,24,8,087ffe8007ff1917
196393242324500,0,17,8,017fde7ff8001a17
196393242330500,0,18,8,0281c87ff8001a18
196393242336300,1,19,8,03804b8007ff1a18
196393242341900,1,20,8,047e567ff8001a18
196393242347700,0,21,8,057f037ff7ff1a17
196393242353500,0,22,8,06819d7ff7ff1917
196393242359400,1,23,8,077fe78008001a14
196393242364900,1,24,8,087ffe7ff7ff1917
196393242371100,0,17,8,017fdd7ff8001a17
196393242376900,0,18,8,0281c87ff8001a18
196393242382700,1,19,8,03804b7ff8001a18
196393242388900,1,20,8,047e568007ff1a18
196393242394900,0,21,8,057f037fe7ff1a17
196393242400800,0,22,8,06819d7ff7ff1917
196393242406400,1,23,8,077fe77ff8001a14
196393242412100,1,24,8,087ffe7ff8001917
196393242417900,0,17,8,017fdd7ff7ff1a17
196393242424000,0,18,8,0281c88008001a18
196393242429700,1,19,8,03804b7ff7ff1a18
196393242435300,1,20,8,047e568008001a18
196393242441200,0,21,8,057f037ff7ff1a17
196393242446800,0,22,8,06819d7ff7ff1917
196393242452400,1,23,8,077fe77ff8001a14
196393242458100,1,24,8,087ffe7ff7ff1917
196393242464100,0,17,8,017fdd7ff8001a17
196393242469900,0,18,8,0281c87ff8011a18
196393242475700,1,19,8,03804b7ff7ff1a18
196393242481400,1,20,8,047e567ff8001a18
196393242487200,0,21,8,057f037fe8001a17
196393242492900,0,22,8,06819d7ff7ff1917
196393242515800,1,23,8,077fe77ff8001a14
196393242534400,1,24,8,087ffe7ff7ff1917
196393242543400,0,17,8,017fdd7ff8001a17
196393242552300,0,18,8,0281c88008001a18
196393242559000,1,19,8,03804b7ff7ff1a18
196393242564800,1,20,8,047e567fe8001a18
196393242570700,0,21,8,057f038007ff1a17
196393242576400,0,22,8,06819c7fe8001917
196393242582900,1,23,8,077fe77fe8011a14
196393242588700,1,24,8,087ffe7ff7ff1917
196393242597000,0,17,8,017fde7ff8001a17
196393242605700,0,18,8,0281c87ff8001a18
196393242624400,1,19,8,03804b7fe7ff1a18
196393242631700,1,20,8,047e567ff8001a18
196393242637500,0,21,8,057f037fe7fe1a17
196393242643600,0,22,8,06819d7ff8001917
196393351690700,1,23,8,077fe77ff8001a14
196393351721100,1,24,8,087ffe7ff8001917
196393351742800,0,17,8,017fdd7fe8001a17
196393351752800,0,18,8,0281c87ff8011a18
196393351762800,1,19,8,03804b7ff7ff1a18
196393351771700,1,20,8,047e567ff7ff1a18
196393351778600,0,21,8,057f038008001a17
196393351784800,0,22,8,06819c7ff7ff1917
196393351791300,1,23,8,077fe78008001a14
196393351797600,1,24,8,087ffe7ff8001917
196393351803600,0,17,8,017fde7ff8001a17
196393351809400,0,18,8,0281c87fe8001a18
196393351815400,1,19,8,03804b7ff7fe1a18
196393351821400,1,20,8,047e567ff7ff1a18
196393351827800,0,21,8,057f037ff8001a17
196393351835700,0,22,8,06819c7ff8001917
196393351845100,1,23,8,077fe77ff8001a14
196393351854300,1,24,8,087ffe7ff7ff1917
196393351865700,0,17,8,017fde8008001a17
196393351872400,0,18,8,0281c87ff8001a18
196393351878300,1,19,8,03804b7ff7ff1a18
196393351884300,1,20,8,047e568007ff1a18
196393351890500,0,21,8,057f037ff7ff1a17
196393351896500,0,22,8,06819d7ff7ff1917
196393351902300,1,23,8,077fe77ff8001a14
196393351908100,1,24,8,087ffe7fe7ff1917
196393351913900,0,17,8,017fdd7fe8001a17
196393351919700,0,18,8,0281c87ff8001a18
196393351926700,1,19,8,03804b7ff7ff1a18
196393351932500,1,20,8,047e567ff7ff1a18
196393351938700,0,21,8,057f037ff7ff1a17
196393351944700,0,22,8,06819d7ff8001917
196393351952900,1,23,8,077fe67fe8001a14
196393351959000,1,24,8,087ffe7ff7ff1917
196393351966200,0,17,8,017fdd7fe8001a17
196393351972100,0,18,8,0281c87ff8001a18
196393351978400,1,19,8,03804b8007ff1a18
196393351985100,1,20,8,047e567ff8001a18
196393351991100,0,21,8,057f037ff7ff1a17
196393351997100,0,22,8,06819d7ff8001917
196393352003000,1,23,8,077fe78008011a14
196393352031600,1,24,8,087ffe7ff7ff1917
196393352044200,0,17,8,017fdd7fe8001a17
196393352051000,0,18,8,0281c87ff8001a18
196393352057600,1,19,8,03804b7fe7ff1a18
196393352064000,1,20,8,047e567ff7ff1a18
196393352070100,0,21,8,057f038007ff1a17
196393352078600,0,22,8,06819d7fe8001917
196393352084800,1,23,8,077fe67ff8011a14
196393352092200,1,24,8,087ffe7ff7ff1917
196393352099000,0,17,8,017fdd7ff8001a17
196393352106100,0,18,8,0281c87fe8001a18
196393352112100,1,19,8,03804b7ff7ff1a18
196393352118000,1,20,8,047e567fd7fe1a18
196393352123900,0,21,8,057f038007ff1a17
196393352129900,0,22,8,06819d8007ff1917
196393352136000,1,23,8,077fe67fe8001a14
196393352141800,1,24,8,087ffe7ff7ff1917
196393352147800,0,17,8,017fde7ff8011a17
196393352153700,0,18,8,0281c88008011a18
196393352159600,1,19,8,03804b7ff7ff1a18
196393352165600,1,20,8,047e567fe7ff1a18
196393352171600,0,21,8,057f037ff7ff1a17
196393352177400,0,22,8,06819c7ff7ff1917
196393352183400,1,23,8,077fe67ff8011a14
196393352189300,1,24,8,087ffe7ff7ff1917
196393352195300,0,17,8,017fde7ff8001a17
196393352201100,0,18,8,0281c87ff8011a18
196393352207300,1,19,8,03804b7ff7ff1a18
196393352213500,1,20,8,047e567ff7ff1a18
196393352219500,0,21,8,057f037ff8001a17
196393352225200,0,22,8,06819d7ff7ff1917
196393352231200,1,23,8,077fe77ff8011a14
196393352237200,1,24,8,087ffe7ff7ff1917
196393352243400,0,17,8,017fde8008001a17
196393352249500,0,18,8,0281c87ff8011a18
196393352255500,1,19,8,03804b7ff7ff1a18
196393352261500,1,20,8,047e567ff7ff1a18
196393352268800,0,21,8,057f037ff7ff1a17
196393352276500,0,22,8,06819d8008001917
196393352282600,1,23,8,077fe77ff8011a14
196393352288500,1,24,8,087ffe7ff8001917
196393352295500,0,17,8,017fdd7ff8011a17
196393352303900,0,18,8,0281c87ff8001a18
196393352309800,1,19,8,03804b8008001a18
196393352315700,1,20,8,047e567ff7ff1a18
196393352323700,0,21,8,057f038007ff1a17
196393352329700,0,22,8,06819c7fe8001917
196393352335500,1,23,8,077fe67fe8001a14
196393352342800,1,24,8,087ffe8008001917
196393352348700,0,17,8,017fdd7ff8011a17
196393352355900,0,18,8,0281c87ff8001a18
196393352362200,1,19,8,03804a7fe8001a18
196393352368300,1,20,8,047e567ff7ff1a18
196393352374100,0,21,8,057f037fe7ff1a17
196393352381600,0,22,8,06819d7ff8001917
196393352387800,1,23,8,077fe77ff8001a14
196393352393700,1,24,8,087ffe7fe8001917
196393352401600,0,17,8,017fdd7ff8001a17
196393352407500,0,18,8,0281c87ff8001a18
196393352413200,1,19,8,03804b7ff8001a18
196393352419100,1,20,8,047e568007ff1a18
196393352425100,0,21,8,057f037ff8001a17
196393352431100,0,22,8,06819d7ff8001917
196393352448800,1,23,8,077fe78008001a14
196393352488400,1,24,8,087ffe7ff7ff1917
196393352499100,0,17,8,017fdd7ff8001a17
196393352506400,0,18,8,0281c87ff8001a18
196393352514700,1,19,8,03804b8007ff1a18
196393352520800,1,20,8,047e567ff7ff1a18
196393461155000,0,21,8,057f037ff7ff1a17
196393461183000,0,22,8,06819d7ff8001917
196393461190700,1,23,8,077fe67ff8001a14
196393461208900,1,24,8,087ffe7ff8001917
196393461228300,0,17,8,017fde7ff8001a17
196393461244000,0,18,8,0281c87ff8011a18
196393461255400,1,19,8,03804b8007ff1a18
196393461264500,1,20,8,047e568007ff1a18
196393461271700,0,21,8,057f037ff8001a17
196393461277600,0,22,8,06819d7ff8001917
196393461283500,1,23,8,077fe67ff8011a14
196393461292000,1,24,8,087ffe8008001917
196393461301400,0,17,8,017fdd7fe8001a17
196393461308600,0,18,8,0281c87ff8001a18
196393461314600,1,19,8,03804b8007fe1a18
196393461320500,1,20,8,047e567ff7ff1a18
196393461326400,0,21,8,057f037ff8001a17
196393461332300,0,22,8,06819c7ff8001917
196393461338200,1,23,8,077fe67ff8001a14
196393461346300,1,24,8,087ffe7ff7ff1917
196393461367400,0,17,8,017fde7ff8001a17
196393461375400,0,18,8,0281c87ff8011a18
196393461381300,1,19,8,03804b7fe7ff1a18
196393461387300,1,20,8,047e567ff8001a18
196393461395700,0,21,8,057f037fe8001a17
196393461404700,0,22,8,06819d7ff8001917
196393461411500,1,23,8,077fe67ff8001a14
196393461417600,1,24,8,087ffe7fe8001917
196393461423900,0,17,8,017fdd7fe8001a17
196393461430000,0,18,8,0281c87fe8011a18
196393461435900,1,19,8,03804b7fe8001a18
196393461441900,1,20,8,047e567ff7ff1a18
196393461450200,0,21,8,057f038008001a17
196393461459200,0,22,8,06819c7ff8001917
196393461468500,1,23,8,077fe67fe8001a14
196393461477800,1,24,8,087ffe7ff8001917
196393461488100,0,17,8,017fde8008001a17
196393461495300,0,18,8,0281c87ff8011a18
196393461501300,1,19,8,03804b7ff7ff1a18
196393461507300,1,20,8,047e567ff7ff1a18
196393461513300,0,21,8,057f037ff8001a17
196393461519200,0,22,8,06819c8007ff1917
196393461525100,1,23,8,077fe77ff8001a14
196393461531300,1,24,8,087ffe7ff8001917
196393461537200,0,17,8,017fde7ff8001a17
196393461545500,0,18,8,0281c87fe8001a18
196393461554700,1,19,8,03804b7fe7ff1a18
196393461561300,1,20,8,047e567ff7ff1a18
196393461567300,0,21,8,057f037ff7ff1a17
196393461573200,0,22,8,06819d8008001917
196393461579300,1,23,8,077fe77ff8001a14
196393461585200,1,24,8,087ffe8007ff1917
196393461591000,0,17,8,017fdd7ff8001a17
196393461596900,0,18,8,0281c87fe8001a18
196393461602800,1,19,8,03804b8007ff1a18
196393461608900,1,20,8,047e578007ff1a18
196393461614900,0,21,8,057f037fe7ff1a17
196393461620700,0,22,8,06819c7ff8001917
196393461626700,1,23,8,077fe77ff8011a14
196393461632800,1,24,8,087ffe7ff8001917
196393461638600,0,17,8,017fdd7ff8001a17
196393461644300,0,18,8,0281c87ff8001a18
196393461651000,1,19,8,03804b7fe7ff1a18
196393461657200,1,20,8,047e567ff7ff1a18
196393461663100,0,21,8,057f037ff7ff1a17
196393461668900,0,22,8,06819d7fe8001917
196393461674700,1,23,8,077fe67ff8001a14
196393461680400,1,24,8,087ffe7ff7ff1917
196393461686700,0,17,8,017fde7ff8001a17
196393461692600,0,18,8,0281c87ff8011a18
196393461698400,1,19,8,03804b7fe7ff1a18
196393461704200,1,20,8,047e567ff7ff1a18
196393461710100,0,21,8,057f037ff8001a17
196393461716900,0,22,8,06819d7ff7ff1917
196393461723300,1,23,8,077fe78008001a14
196393461729700,1,24,8,087ffe7ff8001917
196393461736100,0,17,8,017fdd7ff7ff1a17
196393461742300,0,18,8,0281c87ff8011a18
196393461748400,1,19,8,03804b7ff7ff1a18
196393461754200,1,20,8,047e567ff7ff1a18
196393461760200,0,21,8,057f037fe8001a17
196393461766200,0,22,8,06819d7ff7ff1917
196393461772100,1,23,8,077fe78007ff1a14
196393461777900,1,24,8,087ffe7ff7ff1917
196393461784000,0,17,8,017fdd7ff8001a17
196393461790000,0,18,8,0281c88008021a18
196393461796100,1,19,8,03804b7ff7ff1a18
196393461802100,1,20,8,047e568007ff1a18
196393461808100,0,21,8,057f038007ff1a17
196393461814000,0,22,8,06819d7ff7ff1917
196393461819900,1,23,8,077fe67fe8011a14
196393461825800,1,24,8,087ffe7ff8001917
196393461832100,0,17,8,017fdd7ff8001a17
196393461838200,0,18,8,0281c88008001a18
196393461861200,1,19,8,03804b7fe7ff1a18
196393461867100,1,20,8,047e567ff7ff1a18
196393461872900,0,21,8,057f037fe8001a17
196393461878800,0,22,8,06819d8007ff1917
196393461884500,1,23,8,077fe77ff8001a14
196393461891300,1,24,8,087ffe7ff7ff1917
196393461897100,0,17,8,017fdd7ff8001a17
196393461902900,0,18,8,0281c87ff8001a18
196393461908800,1,19,8,03804b7ff7fe1a18
196393461914600,1,20,8,047e567ff7ff1a18
196393461920600,0,21,8,057f038008001a17
196393461926500,0,22,8,06819d7ff7ff1917
196393461932500,1,23,8,077fe77ff8001a14
196393461938400,1,24,8,087ffe7ff7ff1917
196393461944300,0,17,8,017fde7ff7ff1a17
196393461950400,0,18,8,0281c87ff8001a18
196393570146000,1,19,8,03804b7ff7ff1a18
196393570174600,1,20,8,047e568008001a18
196393570182900,0,21,8,057f037ff8001a17
196393570190000,0,22,8,06819d8008001917
196393570196500,1,23,8,077fe67ff8011a14
196393570202900,1,24,8,087ffe7ff8001917
196393570209000,0,17,8,017fde7ff8001a17
196393570216600,0,18,8,0281c88008001a18
196393570227800,1,19,8,03804a7fe7ff1a18
196393570237200,1,20,8,047e567ff7ff1a18
196393570246200,0,21,8,057f037ff8001a17
196393570252900,0,22,8,06819d7ff8001917
196393570258700,1,23,8,077fe67fe8001a14
196393570264700,1,24,8,087ffe7ff7ff1917
196393570270800,0,17,8,017fde8008001a17
196393570277100,0,18,8,0281c87ff8001a18
196393570283200,1,19,8,03804b8007ff1a18
196393570306700,1,20,8,047e567ff7ff1a18
196393570337500,0,21,8,057f037ff8001a17
196393570351600,0,22,8,06819d8008001917
196393570358900,1,23,8,077fe67ff8001a14
196393570368800,1,24,8,087ffe7ff7ff1917
196393570376000,0,17,8,017fdd7ff8001a17
196393570383000,0,18,8,0281c87fe8011a18
196393570389300,1,19,8,03804b7fe7ff1a18
196393570395200,1,20,8,047e568007ff1a18
196393570401300,0,21,8,057f037ff7ff1a17
196393570407300,0,22,8,06819d7ff8001917
196393570413600,1,23,8,077fe77ff8001a14
196393570420100,1,24,8,087ffe7ff7ff1917
196393570426000,0,17,8,017fdd7fe8001a17
196393570431800,0,18,8,0281c87fe8011a18
196393570442100,1,19,8,03804b7ff7ff1a18
196393570448000,1,20,8,047e567ff7ff1a18
196393570454300,0,21,8,057f037ff7ff1a17
196393570460400,0,22,8,06819d8007ff1917
196393570466500,1,23,8,077fe67ff8011a14
196393570472500,1,24,8,087ffe8008001917
196393570478600,0,17,8,017fdd7fe8001a17
196393570484700,0,18,8,0281c87ff8011a18
196393570490700,1,19,8,03804b8007ff1a18
196393570496600,1,20,8,047e567ff8001a18
196393570502400,0,21,8,057f037ff8001a17
196393570508300,0,22,8,06819d7ff7ff1917
196393570514200,1,23,8,077fe78008001a14
196393570520000,1,24,8,087ffe7ff8001917
196393570526000,0,17,8,017fde7ff8001a17
196393570532000,0,18,8,0281c87ff8011a18
196393570539300,1,19,8,03804b7ff8001a18
196393570545300,1,20,8,047e568007ff1a18
196393570551100,0,21,8,057f037ff8001a17
196393570557000,0,22,8,06819d8008001917
196393570562800,1,23,8,077fe78007ff1a14
196393570569600,1,24,8,087ffe7ff7ff1917
196393570575700,0,17,8,017fde7ff7ff1a17
196393570582400,0,18,8,0281c87fe8011a18
196393570588200,1,19,8,03804b7ff7ff1a18
196393570594200,1,20,8,047e567ff7ff1a18
196393570599900,0,21,8,057f038007ff1a17
196393570606000,0,22,8,06819d7fe7ff1917
196393570621900,1,23,8,077fe78008001a14
196393570657200,1,24,8,087ffe7ff7ff1917
196393570677600,0,17,8,017fde7ff8001a17
196393570686900,0,18,8,0281c87ff8001a18
196393570695400,1,19,8,03804b8008001a18
196393570704100,1,20,8,047e568007ff1a18
196393570710800,0,21,8,057f037ff8001a17
196393570716700,0,22,8,06819c8007ff1917
196393570722800,1,23,8,077fe77ff8001a14
196393570728800,1,24,8,087ffe7ff8001917
196393570736800,0,17,8,017fde7ff8001a17
196393570745500,0,18,8,0281c87fe8001a18
196393570752300,1,19,8,03804b7ff8001a18
196393570760500,1,20,8,047e567ff7ff1a18
196393570779600,0,21,8,057f037ff8001a17
196393570786800,0,22,8,06819d8007ff1917
196393570792800,1,23,8,077fe67fe8001a14
196393570798800,1,24,8,087ffe7ff8001917
196393570807800,0,17,8,017fdd7ff8001a17
196393570814700,0,18,8,0281c87ff8011a18
196393570821100,1,19,8,03804b7ff7ff1a18
196393570827000,1,20,8,047e567ff7ff1a18
196393570832900,0,21,8,057f037ff8001a17
196393570838700,0,22,8,06819d7ff7ff1917
196393570844600,1,23,8,077fe77ff8011a14
196393570850500,1,24,8,087ffe7ff8001917
196393570856600,0,17,8,017fde7ff8001a17
196393570862600,0,18,8,0281c87ff8011a18
196393570868400,1,19,8,03804b7fe7ff1a18
196393570874200,1,20,8,047e567ff7ff1a18
196393570880100,0,21,8,057f038007ff1a17
196393570886200,0,22,8,06819c7ff8001917
196393570892100,1,23,8,077fe67fe8011a14
196393570898500,1,24,8,087ffe8008001917
196393570904400,0,17,8,017fdd7ff8001a17
196393570910500,0,18,8,0281c87fe8001a18
196393570916300,1,19,8,03804b7ff7ff1a18
196393570922200,1,20,8,047e567ff7ff1a18
196393570929000,0,21,8,057f037ff7ff1a17
196393570937100,0,22,8,06819d7ff8001917
196393570946100,1,23,8,077fe67ff8001a14
196393570952900,1,24,8,087ffe7fe7ff1917
196393570959000,0,17,8,017fdd7ff7ff1a17
196393570964900,0,18,8,0281c88008001a18
196393570970800,1,19,8,03804b7ff7ff1a18
196393570976600,1,20,8,047e567ff8001a18
196393570982500,0,21,8,057f037ff7ff1a17
196393570988500,0,22,8,06819c7fe7ff1917
196393570995200,1,23,8,077fe78008001a14
196393678721800,1,24,8,087ffe8007ff1917
196393678749200,0,17,8,017fdd7ff8011a17
196393678756700,0,18,8,0281c87fe8011a18
196393678762800,1,19,8,03804b7ff7ff1a18
196393678768900,1,20,8,047e567ff7ff1a18
196393678775100,0,21,8,057f037ff7ff1a17
196393678780900,0,22,8,06819d7ff8001917
196393678787100,1,23,8,077fe77ff8011a14
196393678794600,1,24,8,087ffe7ff8001917
196393678800400,0,17,8,017fdd7ff8001a17
196393678810100,0,18,8,0281c87ff8001a18
196393678816000,1,19,8,03804b7ff7fe1a18
196393678821800,1,20,8,047e567ff7ff1a18
196393678827600,0,21,8,057f037ff8001a17
196393678833500,0,22,8,06819d7ff7ff1917
196393678840000,1,23,8,077fe77fe8001a14
196393678846200,1,24,8,087ffe7fe8001917
196393678852200,0,17,8,017fdd7fe8011a17
196393678858200,0,18,8,0281c87ff8011a18
196393678864100,1,19,8,03804b7ff7ff1a18
196393678870800,1,20,8,047e567ff7ff1a18
196393678876900,0,21,8,057f038007ff1a17
196393678882800,0,22,8,06819d7ff7ff1917
196393678888700,1,23,8,077fe77fe8001a14
196393678894600,1,24,8,087ffe7ff7ff1917
196393678900400,0,17,8,017fde7ff8001a17
196393678906400,0,18,8,0281c87ff8001a18
196393678912200,1,19,8,03804a7fe8011a18
196393678917900,1,20,8,047e567ff7ff1a18
196393678923600,0,21,8,057f037fe7ff1a17
196393678929800,0,22,8,06819d7ff7ff1917
196393678935900,1,23,8,077fe78008001a14
196393678941700,1,24,8,087ffe7fe7ff1917
196393678947500,0,17,8,017fde8008001a17
196393678953200,0,18,8,0281c87fe8001a18
196393678960200,1,19,8,03804b7ff7ff1a18
196393678965900,1,20,8,047e568007ff1a18
196393678971700,0,21,8,057f037ff7ff1a17
196393678977500,0,22,8,06819d7ff8001917
196393678983400,1,23,8,077fe77ff8001a14
196393678989200,1,24,8,087ffe7ff7ff1917
196393678994900,0,17,8,017fdd7ff8001a17
196393679000700,0,18,8,0281c88008001a18
196393679006500,1,19,8,03804b7ff7fe1a18
196393679012200,1,20,8,047e567ff8001a18
196393679018000,0,21,8,057f037ff7ff1a17
196393679024000,0,22,8,06819d7ff8001917
196393679029800,1,23,8,077fe77ff8001a14
196393679035700,1,24,8,087ffe7ff8001917
196393679041500,0,17,8,017fde7ff8011a17
196393679047300,0,18,8,0281c87ff8011a18
196393679053000,1,19,8,03804b8007fe1a18
196393679058700,1,20,8,047e567ff7ff1a18
196393679064500,0,21,8,057f038007ff1a17
196393679070200,0,22,8,06819d7ff8001917
196393679076000,1,23,8,077fe77ff8001a14
196393679081900,1,24,8,087ffe8007ff1917
196393679087700,0,17,8,017fde7ff8001a17
196393679093700,0,18,8,0281c87ff8001a18
196393679099600,1,19,8,03804b7ff7ff1a18
196393679105300,1,20,8,047e567ff8001a18
196393679111000,0,21,8,057f038007ff1a17
196393679116700,0,22,8,06819d7ff7ff1917
196393679122600,1,23,8,077fe78008001a14
196393679128700,1,24,8,087ffe8008001917
196393679134400,0,17,8,017fde7ff8001a17
196393679140200,0,18,8,0281c87ff8011a18
196393679146000,1,19,8,03804b7ff7ff1a18
196393679151900,1,20,8,047e567ff7ff1a18
196393679157600,0,21,8,057f037fe7ff1a17
196393679163400,0,22,8,06819d7ff7ff1917
196393679169300,1,23,8,077fe77ff8011a14
196393679176300,1,24,8,087ffe7ff7ff1917
196393679182400,0,17,8,017fdd7ff8001a17
196393679188400,0,18,8,0281c88008011a18
196393679194300,1,19,8,03804b7ff7ff1a18
196393679200200,1,20,8,047e567ff8001a18
196393679206100,0,21,8,057f037ff7ff1a17
196393679211900,0,22,8,06819c7ff8001917
196393679217800,1,23,8,077fe77ff8001a14
196393679223600,1,24,8,087ffe7ff8001917
196393679229400,0,17,8,017fdd7fe8001a17
196393679235200,0,18,8,0281c87fe8001a18
196393679240900,1,19,8,03804b8007ff1a18
196393679246900,1,20,8,047e567ff7ff1a18
196393679252700,0,21,8,057f037ff7ff1a17
196393679259200,0,22,8,06819c7fe7ff1917
196393679264800,1,23,8,077fe77ff8001a14
196393679270600,1,24,8,087ffe7ff8001917
196393679276500,0,17,8,017fde7ff8001a17
196393679282300,0,18,8,0281c87ff8011a18
196393679288300,1,19,8,03804b7fe7ff1a18
196393679293900,1,20,8,047e567ff8001a18
196393679299600,0,21,8,057f037ff7ff1a17
196393679305300,0,22,8,06819d8007ff1917
196393679311000,1,23,8,077fe78008001a14
196393679316900,1,24,8,087ffe7ff7ff1917
196393679322600,0,17,8,017fdd7ff7ff1a17
196393679328400,0,18,8,0281c87ff8011a18
196393679334200,1,19,8,03804b7ff7ff1a18
196393679340000,1,20,8,047e567fe7ff1a18
196393679345900,0,21,8,057f037ff8001a17
196393679351900,0,22,8,06819c7ff8001917
196393679357800,1,23,8,077fe78008001a14
196393679363500,1,24,8,087ffe8008001917
196393679370000,0,17,8,017fde7ff7ff1a17
196393679375900,0,18,8,0281c87ff8011a18
196393787590000,1,19,8,03804b8007ff1a18
196393787629100,1,20,8,047e567ff7ff1a18
196393787650100,0,21,8,057f038007ff1a17
196393787658500,0,22,8,06819d7ff8001917
196393787665100,1,23,8,077fe77ff8011a14
196393787682300,1,24,8,087ffe7ff8001917
196393787690000,0,17,8,017fde7ff8001a17
196393787698800,0,18,8,0281c87fe8011a18
196393787712300,1,19,8,03804b7ff8001a18
196393787719500,1,20,8,047e567ff7ff1a18
196393787725600,0,21,8,057f037ff7ff1a17
196393787731600,0,22,8,06819d7ff8001917
196393787737500,1,23,8,077fe77fe8001a14
196393787743400,1,24,8,087ffe7ff7ff1917
196393787749700,0,17,8,017fdd7ff8001a17
196393787756500,0,18,8,0281c87ff8011a18
196393787762600,1,19,8,03804b8007ff1a18
196393787781100,1,20,8,047e568007ff1a18
196393787790500,0,21,8,057f037ff7ff1a17
196393787797400,0,22,8,06819c7ff8001917
196393787803400,1,23,8,077fe77ff8001a14
196393787809300,1,24,8,087ffe7ff7ff1917
196393787816800,0,17,8,017fdd7fe8001a17
196393787822700,0,18,8,0281c87ff8011a18
196393787828500,1,19,8,03804b8007ff1a18
196393787834300,1,20,8,047e567ff7ff1a18
196393787840100,0,21,8,057f037ff7ff1a17
196393787846300,0,22,8,06819d7ff7ff1917
196393787853100,1,23,8,077fe67ff8001a14
196393787859400,1,24,8,087ffe7ff7ff1917
196393787865600,0,17,8,017fde7fe8001a17
196393787871600,0,18,8,0281c87ff8011a18
196393787877600,1,19,8,03804b7ff7fe1a18
196393787883300,1,20,8,047e567ff7ff1a18
196393787889300,0,21,8,057f027fe7ff1a17
196393787895500,0,22,8,06819d7ff7ff1917
196393787901400,1,23,8,077fe67ff8001a14
196393787907200,1,24,8,087ffe7ff7ff1917
196393787913500,0,17,8,017fdd7ff7ff1a17
196393787919100,0,18,8,0281c88008001a18
196393787924900,1,19,8,03804b7ff7ff1a18
196393787930700,1,20,8,047e567ff7ff1a18
196393787936500,0,21,8,057f037ff7ff1a17
196393787942300,0,22,8,06819c7fe7ff1917
196393787948200,1,23,8,077fe77ff8001a14
196393787954100,1,24,8,087ffe7ff7ff1917
196393787960300,0,17,8,017fde7ff8001a17
196393787966200,0,18,8,0281c87ff8011a18
196393787972100,1,19,8,03804b7ff7ff1a18
196393787977900,1,20,8,047e567ff8001a18
196393787983900,0,21,8,057f037ff8001a17
196393787989700,0,22,8,06819c7ff8001917
196393787995600,1,23,8,077fe77ff8001a14
196393788001500,1,24,8,087ffe7ff7ff1917
196393788007700,0,17,8,017fde7ff8001a17
196393788013500,0,18,8,0281c87fe8011a18
196393788019300,1,19,8,03804b7ff7ff1a18
196393788026300,1,20,8,047e567ff7ff1a18
196393788032900,0,21,8,057f037ff7ff1a17
196393788039300,0,22,8,06819d8007ff1917
196393788045200,1,23,8,077fe67ff8001a14
196393788051400,1,24,8,087ffe7ff8001917
196393788057300,0,17,8,017fdd7ff8001a17
196393788063200,0,18,8,0281c88008001a18
196393788069100,1,19,8,03804b7ff7fe1a18
196393788074800,1,20,8,047e568007ff1a18
196393788080700,0,21,8,057f037ff8001a17
196393788086400,0,22,8,06819d7ff7ff1917
196393788091900,1,23,8,077fe77ff8011a14
196393788097600,1,24,8,087ffe8007ff1917
196393788103300,0,17,8,017fdd7ff8001a17
196393788109100,0,18,8,0281c87ff8011a18
196393788114600,1,19,8,03804b7ff7ff1a18
196393788125700,1,20,8,047e567ff7ff1a18
196393788131400,0,21,8,057f037ff7ff1a17
196393788137400,0,22,8,06819d7fe7ff1917
196393788143200,1,23,8,077fe77ff8001a14
196393788148900,1,24,8,087ffe7ff8001917
196393788154800,0,17,8,017fde7ff8001a17
196393788160800,0,18,8,0281c87fe8001a18
196393788166600,1,19,8,03804b7ff7fe1a18
196393788172500,1,20,8,047e567ff7ff1a18
196393788178400,0,21,8,057f037ff7ff1a17
196393788184300,0,22,8,06819d7ff7ff1917
196393788190100,1,23,8,077fe77ff8001a14
196393788197500,1,24,8,087ffe7fe7ff1917
196393788203500,0,17,8,017fde7ff8001a17
196393788209400,0,18,8,0281c87ff8001a18
196393788215200,1,19,8,03804b7ff7ff1a18
196393788221300,1,20,8,047e567ff7fe1a18
196393788227300,0,21,8,057f038008001a17
196393788233200,0,22,8,06819d8007ff1917
196393788240000,1,23,8,077fe67fe8001a14
196393788245900,1,24,8,087ffe7ff7ff1917
196393788251800,0,17,8,017fdd7ff8001a17
196393788257700,0,18,8,0281c87ff8001a18
196393788263600,1,19,8,03804b7ff7ff1a18
196393788269600,1,20,8,047e567fe7ff1a18
196393788275500,0,21,8,057f037ff7ff1a17
196393788281500,0,22,8,06819d7ff7ff1917
196393788287300,1,23,8,077fe77ff8011a14
196393788293300,1,24,8,087ffe7fe8001917
196393788299200,0,17,8,017fdd7ff8001a17
196393788305000,0,18,8,0281c87fe8001a18
196393788310900,1,19,8,03804b7fe7fd1a18
196393788316700,1,20,8,047e567ff8001a18
196393788322400,0,21,8,057f037fe7ff1a17
196393788328200,0,22,8,06819d7ff8001917
196393788334000,1,23,8,077fe77ff8001a14
196393788339900,1,24,8,087ffe7ff8001917
196393896330000,0,17,8,017fde7ff8001a17
196393896364800,0,18,8,0281c87ff8001a18
196393896385400,1,19,8,03804b7ff7ff1a18
196393896393600,1,20,8,047e567fd7ff1a18
196393896400000,0,21,8,057f037ff7ff1a17
196393896406200,0,22,8,06819d7ff7ff1917
196393896412300,1,23,8,077fe77ff8001a14
196393896418600,1,24,8,087ffe7ff8001917
196393896424900,0,17,8,017fdd7ff8001a17
196393896431000,0,18,8,0281c87ff8001a18
196393896437400,1,19,8,03804b7fe7ff1a18
196393896443300,1,20,8,047e567ff7ff1a18
196393896449500,0,21,8,057f037ff8001a17
196393896455400,0,22,8,06819c7ff8001917
196393896461300,1,23,8,077fe67ff7ff1a14
196393896467200,1,24,8,087ffe7ff8001917
196393896473200,0,17,8,017fde7ff8001a17
196393896494700,0,18,8,0281c88008011a18
196393896502000,1,19,8,03804b7ff7fe1a18
196393896508600,1,20,8,047e567ff7ff1a18
196393896514600,0,21,8,057f037ff7ff1a17
196393896520600,0,22,8,06819d7ff7ff1917
196393896526500,1,23,8,077fe77ff8001a14
196393896546500,1,24,8,087ffe7fe7ff1917
196393896566600,0,17,8,017fdd7ff8001a17
196393896574200,0,18,8,0281c87fe8001a18
196393896580300,1,19,8,03804b8007ff1a18
196393896586400,1,20,8,047e567ff7ff1a18
196393896592600,0,21,8,057f037fe8001a17
196393896601900,0,22,8,06819d7ff7ff1917
196393896611300,1,23,8,077fe77ff8001a14
196393896620800,1,24,8,087ffe7fe7ff1917
196393896627700,0,17,8,017fde7ff8001a17
196393896634300,0,18,8,0281c87ff8001a18
196393896640300,1,19,8,03804b8007ff1a18
196393896646300,1,20,8,047e568008001a18
196393896652200,0,21,8,057f037ff8001a17
196393896664100,0,22,8,06819d7ff7ff1917
196393896670500,1,23,8,077fe78008001a14
196393896676600,1,24,8,087ffe7ff7ff1917
196393896682600,0,17,8,017fdd7ff7ff1a17
196393896688700,0,18,8,0281c87ff8011a18
196393896694700,1,19,8,03804b7ff7ff1a18
196393896700500,1,20,8,047e567ff7ff1a18
196393896706500,0,21,8,057f037ff8001a17
196393896712500,0,22,8,06819d7fe7ff1917
196393896719700,1,23,8,077fe67ff8011a14
196393896725600,1,24,8,087ffe8008001917
196393896731800,0,17,8,017fde7ff8001a17
196393896738000,0,18,8,0281c87fe8001a18
196393896743900,1,19,8,03804b7ff7ff1a18
196393896749800,1,20,8,047e567ff7ff1a18
196393896755500,0,21,8,057f037ff7ff1a17
196393896761300,0,22,8,06819d7ff8001917
196393896767100,1,23,8,077fe77ff8011a14
196393896772800,1,24,8,087ffe7ff7ff1917
196393896778800,0,17,8,017fdd7ff8001a17
196393896784600,0,18,8,0281c87ff8011a18
196393896791300,1,19,8,03804b7ff7ff1a18
196393896797000,1,20,8,047e567ff7ff1a18
196393896802900,0,21,8,057f037ff7ff1a17
196393896808800,0,22,8,06819c8007ff1917
196393896814400,1,23,8,077fe77ff8001a14
196393896820100,1,24,8,087ffe7fe8001917
196393896825900,0,17,8,017fde7ff8001a17
196393896832200,0,18,8,0281c87ff8011a18
196393896838300,1,19,8,03804b7ff7ff1a18
196393896844200,1,20,8,047e567ff7ff1a18
196393896850100,0,21,8,057f037ff7ff1a17
196393896856200,0,22,8,06819d7ff7ff1917
196393896862000,1,23,8,077fe77ff8001a14
196393896867900,1,24,8,087ffe7fe8001917
196393896873700,0,17,8,017fde7ff8001a17
196393896879500,0,18,8,0281c88008001a18
196393896885200,1,19,8,03804b7ff7ff1a18
196393896890900,1,20,8,047e567ff7ff1a18
196393896896600,0,21,8,057f037ff7ff1a17
196393896902400,0,22,8,06819d7ff7ff1917
196393896908300,1,23,8,077fe67fe8011a14
196393896914400,1,24,8,087ffe7ff7ff1917
196393896920200,0,17,8,017fdd7ff7ff1a17
196393896926300,0,18,8,0281c87ff8001a18
196393896932100,1,19,8,03804b8008001a18
196393896937800,1,20,8,047e567fe8001a18
196393896943500,0,21,8,057f037fe8001a17
196393896950000,0,22,8,06819d7ff8001917
196393896955700,1,23,8,077fe78008011a14
196393896961700,1,24,8,087ffe7ff7ff1917
196393896967400,0,17,8,017fdd7ff8011a17
196393896973300,0,18,8,0281c87ff8011a18
196393896979300,1,19,8,03804b8007ff1a18
196393896985000,1,20,8,047e567fe7ff1a18
196393896990800,0,21,8,057f037ff7ff1a17
196393896996600,0,22,8,06819d7ff8001917
196393897003100,1,23,8,077fe67fe8001a14
196393897008700,1,24,8,087ffe7fe8001917
196393897014400,0,17,8,017fde8008001a17
196393897020400,0,18,8,0281c87ff8011a18
196393897026200,1,19,8,03804b7fe7ff1a18
196393897032000,1,20,8,047e567fe7ff1a18
196393897037900,0,21,8,057f038007ff1a17
196393897043700,0,22,8,06819c7ff8001917
196393897049500,1,23,8,077fe77ff8011a14
196393897055500,1,24,8,087ffe7ff8001917
196393897061500,0,17,8,017fdd7ff8001a17
196393897067200,0,18,8,0281c87ff8011a18
196393897072900,1,19,8,03804b7ff7ff1a18
196393897078700,1,20,8,047e567fe7ff1a18
196393897084600,0,21,8,057f037ff7ff1a17
196394005211000,0,22,8,06819c7fe7ff1917
196394005249600,1,23,8,077fe78008011a14
196394005258600,1,24,8,087ffe7ff7ff1917
196394005265600,0,17,8,017fdd7fe8001a17
196394005273300,0,18,8,0281c87ff8001a18
196394005279600,1,19,8,03804b7ff7ff1a18
196394005292200,1,20,8,047e568007ff1a18
196394005304900,0,21,8,057f037fe7ff1a17
196394005322200,0,22,8,06819d7fe8001917
196394005330100,1,23,8,077fe77fe8011a14
196394005336900,1,24,8,087ffe8008001917
196394005345400,0,17,8,017fdd7ff7ff1a17
196394005352300,0,18,8,0281c87ff8011a18
196394005358700,1,19,8,03804b7ff7ff1a18
196394005364800,1,20,8,047e567ff8001a18
196394005371100,0,21,8,057f038008001a17
196394005376900,0,22,8,06819d7ff7ff1917
196394005383100,1,23,8,077fe77ff8001a14
196394005389100,1,24,8,087ffe7fe8001917
196394005395300,0,17,8,017fdd7ff8001a17
196394005401700,0,18,8,0281c87ff8001a18
196394005407900,1,19,8,03804b7fe7ff1a18
196394005414100,1,20,8,047e567ff8001a18
196394005422600,0,21,8,057f037ff7ff1a17
196394005431800,0,22,8,06819d8008001917
196394005438600,1,23,8,077fe77ff8001a14
196394005444700,1,24,8,087ffe7ff8001917
196394005453100,0,17,8,017fdd7ff8011a17
196394005462000,0,18,8,0281c87ff8011a18
196394005469100,1,19,8,03804b7ff7ff1a18
196394005475200,1,20,8,047e567ff7ff1a18
196394005481300,0,21,8,057f038007ff1a17
196394005493400,0,22,8,06819d8007ff1917
196394005499600,1,23,8,077fe77ff8011a14
196394005505600,1,24,8,087ffe7ff7ff1917
196394005516000,0,17,8,017fde7ff8001a17
196394005522300,0,18,8,0281c87fe8001a18
196394005528300,1,19,8,03804b7fe7ff1a18
196394005534100,1,20,8,047e567ff7ff1a18
196394005539900,0,21,8,057f037ff8001a17
196394005545700,0,22,8,06819d8007ff1917
196394005551500,1,23,8,077fe77fe8011a14
196394005557400,1,24,8,087ffe7ff7ff1917
196394005563300,0,17,8,017fde7ff7ff1a17
196394005570400,0,18,8,0281c87fe8011a18
196394005576300,1,19,8,03804b7ff7ff1a18
196394005582100,1,20,8,047e567ff7ff1a18
196394005587900,0,21,8,057f038008001a17
196394005593700,0,22,8,06819d7ff7ff1917
196394005599500,1,23,8,077fe67ff8001a14
196394005605400,1,24,8,087ffe7ff8001917
196394005611800,0,17,8,017fdd7ff8001a17
196394005618200,0,18,8,0281c87ff8001a18
196394005624200,1,19,8,03804b8007ff1a18
196394005629900,1,20,8,047e567ff7ff1a18
196394005635800,0,21,8,057f037ff8001a17
196394005641700,0,22,8,06819c7fe7ff1917
196394005647800,1,23,8,077fe67fe8001a14
196394005653600,1,24,8,087ffe7fe7ff1917
196394005659300,0,17,8,017fde8008001a17
196394005665200,0,18,8,0281c87fe8011a18
196394005671200,1,19,8,03804b8007ff1a18
196394005677100,1,20,8,047e567ff7ff1a18
196394005682900,0,21,8,057f037ff8001a17
196394005689700,0,22,8,06819d8008001917
196394005695400,1,23,8,077fe68008011a14
196394005701500,1,24,8,087ffe8007fe1917
196394005707500,0,17,8,017fde7ff7ff1a17
196394005713600,0,18,8,0281c87ff8011a18
196394005719500,1,19,8,03804b7ff8001a18
196394005725500,1,20,8,047e567fe7ff1a18
196394005731400,0,21,8,057f037ff8001a17
196394005737200,0,22,8,06819c7ff8001917
196394005743100,1,23,8,077fe67ff8011a14
196394005748800,1,24,8,087ffe7ff7ff1917
196394005754700,0,17,8,017fde7ff8001a17
196394005760600,0,18,8,0281c87ff8011a18
196394005766600,1,19,8,03804b7fe7ff1a18
196394005772300,1,20,8,047e567ff7ff1a18
196394005778400,0,21,8,057f038007ff1a17
196394005784300,0,22,8,06819d7ff7ff1917
196394005790300,1,23,8,077fe77ff8001a14
196394005796200,1,24,8,087ffe7ff7ff1917
196394005802000,0,17,8,017fde7ff8011a17
196394005808100,0,18,8,0281c87fe8001a18
196394005813800,1,19,8,03804b7ff8001a18
196394005819500,1,20,8,047e568008001a18
196394005825400,0,21,8,057f037ff7ff1a17
196394005831300,0,22,8,06819c7ff7ff1917
196394005837100,1,23,8,077fe68008011a14
196394005843000,1,24,8,087ffe7ff7ff1917
196394005848900,0,17,8,017fde7ff8011a17
196394005854700,0,18,8,0281c87ff8001a18
196394005860500,1,19,8,03804b7ff7fe1a18
196394005866300,1,20,8,047e567ff7ff1a18
196394005873200,0,21,8,057f037ff7ff1a17
196394005879000,0,22,8,06819d7ff7ff1917
196394005884700,1,23,8,077fe67fe8011a14
196394005890600,1,24,8,087ffe7ff7ff1917
196394005896700,0,17,8,017fdd7ff8011a17
196394005902500,0,18,8,0281c87ff8011a18
196394005908300,1,19,8,03804b7fe7ff1a18
196394005914100,1,20,8,047e567ff7ff1a18
196394005920000,0,21,8,057f037ff7ff1a17
196394005926100,0,22,8,06819d8008001917
196394005932400,1,23,8,077fe77ff8001a14
196394005938200,1,24,8,087ffe7ff7ff1917
196394005944300,0,17,8,017fde7ff8001a17
196394005950700,0,18,8,0281c87ff8011a18
